pc_timestamp,stm32_ms,adc_raw,adc_voltage_v,sensor_voltage_v,pressure_bar,duty_percent,frequency_hz,estimated_output_rms_v,jsy_online,jsy_voltage_rms_v,jsy_current_rms_a,jsy_active_power_w,jsy_power_factor,jsy_energy_kwh,jsy_error_count
2026-05-23T00:52:44.600,160211,672,0.542,0.807,0.92,20.12,5000,44.26,0,0.0,0.0,0,0.0,0.0,159
2026-05-23T00:52:44.728,160315,917,0.739,1.101,1.802,20.12,5000,44.26,0,0.0,0.0,0,0.0,0.0,159
2026-05-23T00:52:44.789,160419,942,0.759,1.131,1.892,20.12,5000,44.26,0,0.0,0.0,0,0.0,0.0,159
2026-05-23T00:52:44.907,160523,787,0.634,0.945,1.334,20.12,5000,44.26,0,0.0,0.0,0,0.0,0.0,159
2026-05-23T00:52:45.008,160627,617,0.497,0.741,0.722,20.12,5000,44.26,0,0.0,0.0,0,0.0,0.0,159
2026-05-23T00:52:45.113,160731,628,0.506,0.754,0.761,20.12,5000,44.26,0,0.0,0.0,0,0.0,0.0,159
2026-05-23T00:52:45.213,160835,802,0.646,0.963,1.388,20.12,5000,44.26,0,0.0,0.0,0,0.0,0.0,159
2026-05-23T00:52:45.316,160939,954,0.769,1.145,1.935,20.12,5000,44.26,0,0.0,0.0,0,0.0,0.0,159
2026-05-23T00:52:45.631,161217,728,0.587,0.874,1.122,20.12,5000,44.26,0,0.0,0.0,0,0.0,0.0,160
2026-05-23T00:52:45.694,161321,957,0.771,1.149,1.946,20.12,5000,44.26,0,0.0,0.0,0,0.0,0.0,160
2026-05-23T00:52:45.806,161425,912,0.735,1.095,1.784,20.12,5000,44.26,0,0.0,0.0,0,0.0,0.0,160
2026-05-23T00:52:45.907,161529,710,0.572,0.852,1.057,20.12,5000,44.26,0,0.0,0.0,0,0.0,0.0,160
2026-05-23T00:52:46.009,161633,589,0.475,0.707,0.621,20.12,5000,44.26,0,0.0,0.0,0,0.0,0.0,160
2026-05-23T00:52:46.129,161737,671,0.541,0.805,0.916,20.12,5000,44.26,0,0.0,0.0,0,0.0,0.0,160
2026-05-23T00:52:46.192,161841,866,0.698,1.039,1.618,20.12,5000,44.26,0,0.0,0.0,0,0.0,0.0,160
2026-05-23T00:52:46.345,161945,967,0.779,1.161,1.982,20.12,5000,44.26,0,0.0,0.0,0,0.0,0.0,160
2026-05-23T00:52:46.612,162223,795,0.641,0.954,1.363,20.12,5000,44.26,0,0.0,0.0,0,0.0,0.0,161
2026-05-23T00:52:46.719,162327,957,0.771,1.149,1.946,20.12,5000,44.26,0,0.0,0.0,0,0.0,0.0,161
2026-05-23T00:52:46.840,162431,848,0.683,1.018,1.554,20.12,5000,44.26,0,0.0,0.0,0,0.0,0.0,161
2026-05-23T00:52:46.892,162535,652,0.525,0.783,0.848,20.12,5000,44.26,0,0.0,0.0,0,0.0,0.0,161
2026-05-23T00:52:46.995,162639,604,0.487,0.725,0.675,20.12,5000,44.26,0,0.0,0.0,0,0.0,0.0,161
2026-05-23T00:52:47.098,162743,741,0.597,0.889,1.168,20.12,5000,44.26,0,0.0,0.0,0,0.0,0.0,161
2026-05-23T00:52:47.199,162847,921,0.742,1.106,1.817,20.12,5000,44.26,0,0.0,0.0,0,0.0,0.0,161
2026-05-23T00:52:47.315,162951,943,0.76,1.132,1.896,20.12,5000,44.26,0,0.0,0.0,0,0.0,0.0,161
2026-05-23T00:52:47.588,163229,851,0.686,1.021,1.564,20.12,5000,44.26,0,0.0,0.0,0,0.0,0.0,162
2026-05-23T00:52:47.705,163333,932,0.751,1.119,1.856,20.12,5000,44.26,0,0.0,0.0,0,0.0,0.0,162
2026-05-23T00:52:47.830,163437,766,0.617,0.919,1.258,20.12,5000,44.26,0,0.0,0.0,0,0.0,0.0,162
2026-05-23T00:52:47.891,163541,601,0.484,0.721,0.664,20.12,5000,44.26,0,0.0,0.0,0,0.0,0.0,162
2026-05-23T00:52:47.998,163645,629,0.507,0.755,0.765,20.12,5000,44.26,0,0.0,0.0,0,0.0,0.0,162
2026-05-23T00:52:48.100,163749,810,0.653,0.972,1.417,20.12,5000,44.26,0,0.0,0.0,0,0.0,0.0,162
2026-05-23T00:52:48.201,163853,962,0.775,1.155,1.964,20.12,5000,44.26,0,0.0,0.0,0,0.0,0.0,162
2026-05-23T00:52:48.302,163957,907,0.731,1.089,1.766,20.12,5000,44.26,0,0.0,0.0,0,0.0,0.0,162
2026-05-23T00:52:48.578,164235,886,0.714,1.063,1.69,20.12,5000,44.26,0,0.0,0.0,0,0.0,0.0,163
2026-05-23T00:52:48.689,164339,896,0.722,1.075,1.726,20.12,5000,44.26,0,0.0,0.0,0,0.0,0.0,163
2026-05-23T00:52:48.790,164443,695,0.56,0.834,1.003,20.12,5000,44.26,0,0.0,0.0,0,0.0,0.0,163
2026-05-23T00:52:48.890,164547,591,0.476,0.709,0.628,20.12,5000,44.26,0,0.0,0.0,0,0.0,0.0,163
2026-05-23T00:52:48.992,164651,686,0.553,0.823,0.97,20.12,5000,44.26,0,0.0,0.0,0,0.0,0.0,163
2026-05-23T00:52:49.146,164755,883,0.712,1.06,1.68,20.12,5000,44.26,0,0.0,0.0,0,0.0,0.0,163
2026-05-23T00:52:49.201,164859,955,0.77,1.146,1.939,20.12,5000,44.26,0,0.0,0.0,0,0.0,0.0,163
2026-05-23T00:52:49.360,164963,832,0.67,0.999,1.496,20.12,5000,44.26,0,0.0,0.0,0,0.0,0.0,163
2026-05-23T00:52:49.593,165241,912,0.735,1.095,1.784,20.12,5000,44.26,0,0.0,0.0,0,0.0,0.0,164
2026-05-23T00:52:49.715,165345,818,0.659,0.982,1.446,20.12,5000,44.26,0,0.0,0.0,0,0.0,0.0,164
2026-05-23T00:52:49.829,165449,632,0.509,0.759,0.776,20.12,5000,44.26,0,0.0,0.0,0,0.0,0.0,164
2026-05-23T00:52:49.942,165553,617,0.497,0.741,0.722,20.12,5000,44.26,0,0.0,0.0,0,0.0,0.0,164
2026-05-23T00:52:50.004,165657,776,0.625,0.931,1.294,20.12,5000,44.26,0,0.0,0.0,0,0.0,0.0,164
2026-05-23T00:52:50.111,165761,938,0.756,1.126,1.878,20.12,5000,44.26,0,0.0,0.0,0,0.0,0.0,164
2026-05-23T00:52:50.214,165865,931,0.75,1.118,1.853,20.12,5000,44.26,0,0.0,0.0,0,0.0,0.0,164
2026-05-23T00:52:50.319,165969,754,0.608,0.905,1.215,20.12,5000,44.26,0,0.0,0.0,0,0.0,0.0,164
2026-05-23T00:52:50.614,166247,903,0.728,1.084,1.752,20.12,5000,44.26,0,0.0,0.0,0,0.0,0.0,165
2026-05-23T00:52:50.730,166351,737,0.594,0.885,1.154,20.12,5000,44.26,0,0.0,0.0,0,0.0,0.0,165
2026-05-23T00:52:50.838,166455,597,0.481,0.717,0.65,20.12,5000,44.26,0,0.0,0.0,0,0.0,0.0,165
2026-05-23T00:52:50.897,166559,654,0.527,0.785,0.855,20.12,5000,44.26,0,0.0,0.0,0,0.0,0.0,165
2026-05-23T00:52:51.011,166663,855,0.689,1.026,1.579,20.12,5000,44.26,0,0.0,0.0,0,0.0,0.0,165
2026-05-23T00:52:51.128,166767,965,0.778,1.158,1.975,20.12,5000,44.26,0,0.0,0.0,0,0.0,0.0,165
2026-05-23T00:52:51.254,166871,872,0.703,1.047,1.64,20.12,5000,44.26,0,0.0,0.0,0,0.0,0.0,165
2026-05-23T00:52:51.315,166975,677,0.546,0.813,0.938,20.12,5000,44.26,0,0.0,0.0,0,0.0,0.0,165
2026-05-23T00:52:51.627,167253,865,0.697,1.038,1.615,20.12,5000,44.26,0,0.0,0.0,0,0.0,0.0,166
2026-05-23T00:52:51.690,167357,664,0.535,0.797,0.891,20.12,5000,44.26,0,0.0,0.0,0,0.0,0.0,166
2026-05-23T00:52:51.814,167461,604,0.487,0.725,0.675,20.12,5000,44.26,0,0.0,0.0,0,0.0,0.0,166
2026-05-23T00:52:51.938,167565,739,0.596,0.887,1.161,20.12,5000,44.26,0,0.0,0.0,0,0.0,0.0,166
2026-05-23T00:52:52.062,167669,925,0.745,1.11,1.831,20.12,5000,44.26,0,0.0,0.0,0,0.0,0.0,166
2026-05-23T00:52:52.124,167773,954,0.769,1.145,1.935,20.12,5000,44.26,0,0.0,0.0,0,0.0,0.0,166
2026-05-23T00:52:52.248,167877,796,0.641,0.955,1.366,20.12,5000,44.26,0,0.0,0.0,0,0.0,0.0,166
2026-05-23T00:52:52.373,167981,625,0.504,0.75,0.751,20.12,5000,44.26,0,0.0,0.0,0,0.0,0.0,166
2026-05-23T00:52:52.621,168259,809,0.652,0.971,1.413,20.12,5000,44.26,0,0.0,0.0,0,0.0,0.0,167
2026-05-23T00:52:52.746,168363,601,0.484,0.721,0.664,20.12,5000,44.26,0,0.0,0.0,0,0.0,0.0,167
2026-05-23T00:52:52.808,168467,633,0.51,0.76,0.779,20.12,5000,44.26,0,0.0,0.0,0,0.0,0.0,167
2026-05-23T00:52:52.931,168571,819,0.66,0.983,1.449,20.12,5000,44.26,0,0.0,0.0,0,0.0,0.0,167
2026-05-23T00:52:53.058,168675,963,0.776,1.156,1.968,20.12,5000,44.26,0,0.0,0.0,0,0.0,0.0,167
2026-05-23T00:52:53.121,168779,916,0.738,1.1,1.799,20.12,5000,44.26,0,0.0,0.0,0,0.0,0.0,167
2026-05-23T00:52:53.244,168883,710,0.572,0.852,1.057,20.12,5000,44.26,0,0.0,0.0,0,0.0,0.0,167
2026-05-23T00:52:53.370,168987,598,0.482,0.718,0.653,20.12,5000,44.26,0,0.0,0.0,0,0.0,0.0,167
2026-05-23T00:52:53.605,169265,739,0.596,0.887,1.161,20.12,5000,44.26,0,0.0,0.0,0,0.0,0.0,168
2026-05-23T00:52:53.728,169369,592,0.477,0.711,0.632,20.12,5000,44.26,0,0.0,0.0,0,0.0,0.0,168
2026-05-23T00:52:53.852,169473,696,0.561,0.835,1.006,20.12,5000,44.26,0,0.0,0.0,0,0.0,0.0,168
2026-05-23T00:52:53.913,169577,893,0.72,1.072,1.716,20.12,5000,44.26,0,0.0,0.0,0,0.0,0.0,168
2026-05-23T00:52:54.036,169681,965,0.778,1.158,1.975,20.12,5000,44.26,0,0.0,0.0,0,0.0,0.0,168
2026-05-23T00:52:54.162,169785,834,0.672,1.001,1.503,20.12,5000,44.26,0,0.0,0.0,0,0.0,0.0,168
2026-05-23T00:52:54.224,169889,638,0.514,0.766,0.797,20.12,5000,44.26,0,0.0,0.0,0,0.0,0.0,168
2026-05-23T00:52:54.349,169993,603,0.486,0.724,0.671,20.12,5000,44.26,0,0.0,0.0,0,0.0,0.0,168
2026-05-23T00:52:54.597,170271,668,0.538,0.802,0.905,20.12,5000,44.26,0,0.0,0.0,0,0.0,0.0,169
2026-05-23T00:52:54.721,170375,617,0.497,0.741,0.722,20.12,5000,44.26,0,0.0,0.0,0,0.0,0.0,169
2026-05-23T00:52:54.846,170479,786,0.633,0.943,1.33,20.12,5000,44.26,0,0.0,0.0,0,0.0,0.0,169
2026-05-23T00:52:54.910,170583,946,0.762,1.136,1.907,20.12,5000,44.26,0,0.0,0.0,0,0.0,0.0,169
2026-05-23T00:52:55.036,170687,937,0.755,1.125,1.874,20.12,5000,44.26,0,0.0,0.0,0,0.0,0.0,169
2026-05-23T00:52:55.158,170791,753,0.607,0.904,1.212,20.12,5000,44.26,0,0.0,0.0,0,0.0,0.0,169
2026-05-23T00:52:55.221,170895,605,0.488,0.726,0.679,20.12,5000,44.26,0,0.0,0.0,0,0.0,0.0,169
2026-05-23T00:52:55.345,170999,653,0.526,0.784,0.851,20.12,5000,44.26,0,0.0,0.0,0,0.0,0.0,169
2026-05-23T00:52:55.655,171277,627,0.505,0.753,0.758,20.12,5000,44.26,0,0.0,0.0,0,0.0,0.0,170
2026-05-23T00:52:55.716,171381,662,0.533,0.795,0.884,20.12,5000,44.26,0,0.0,0.0,0,0.0,0.0,170
2026-05-23T00:52:55.841,171485,855,0.689,1.026,1.579,20.12,5000,44.26,0,0.0,0.0,0,0.0,0.0,170
2026-05-23T00:52:55.957,171589,969,0.781,1.163,1.989,20.12,5000,44.26,0,0.0,0.0,0,0.0,0.0,170
2026-05-23T00:52:56.059,171693,869,0.7,1.043,1.629,20.12,5000,44.26,0,0.0,0.0,0,0.0,0.0,170
2026-05-23T00:52:56.160,171797,674,0.543,0.809,0.927,20.12,5000,44.26,0,0.0,0.0,0,0.0,0.0,170
2026-05-23T00:52:56.277,171901,596,0.48,0.715,0.646,20.12,5000,44.26,0,0.0,0.0,0,0.0,0.0,170
2026-05-23T00:52:56.340,172005,722,0.582,0.867,1.1,20.12,5000,44.26,0,0.0,0.0,0,0.0,0.0,170
2026-05-23T00:52:56.652,172283,596,0.48,0.715,0.646,20.12,5000,44.26,0,0.0,0.0,0,0.0,0.0,171
2026-05-23T00:52:56.715,172387,732,0.59,0.879,1.136,20.12,5000,44.26,0,0.0,0.0,0,0.0,0.0,171
2026-05-23T00:52:56.837,172491,920,0.741,1.104,1.813,20.12,5000,44.26,0,0.0,0.0,0,0.0,0.0,171
2026-05-23T00:52:56.946,172595,948,0.764,1.138,1.914,20.12,5000,44.26,0,0.0,0.0,0,0.0,0.0,171
2026-05-23T00:52:57.048,172699,793,0.639,0.952,1.356,20.12,5000,44.26,0,0.0,0.0,0,0.0,0.0,171
2026-05-23T00:52:57.167,172803,624,0.503,0.749,0.747,20.12,5000,44.26,0,0.0,0.0,0,0.0,0.0,171
2026-05-23T00:52:57.228,172907,628,0.506,0.754,0.761,20.12,5000,44.26,0,0.0,0.0,0,0.0,0.0,171
2026-05-23T00:52:57.353,173011,806,0.65,0.967,1.402,20.12,5000,44.26,0,0.0,0.0,0,0.0,0.0,171
2026-05-23T00:52:57.602,173289,607,0.489,0.729,0.686,20.12,5000,44.26,0,0.0,0.0,0,0.0,0.0,172
2026-05-23T00:52:57.727,173393,815,0.657,0.978,1.435,20.12,5000,44.26,0,0.0,0.0,0,0.0,0.0,172
2026-05-23T00:52:57.850,173497,962,0.775,1.155,1.964,20.12,5000,44.26,0,0.0,0.0,0,0.0,0.0,172
2026-05-23T00:52:57.912,173601,923,0.744,1.108,1.824,20.12,5000,44.26,0,0.0,0.0,0,0.0,0.0,172
2026-05-23T00:52:58.036,173705,709,0.571,0.851,1.053,20.12,5000,44.26,0,0.0,0.0,0,0.0,0.0,172
2026-05-23T00:52:58.158,173809,586,0.472,0.703,0.61,20.12,5000,44.26,0,0.0,0.0,0,0.0,0.0,172
2026-05-23T00:52:58.283,173913,665,0.536,0.798,0.895,20.12,5000,44.26,0,0.0,0.0,0,0.0,0.0,172
2026-05-23T00:52:58.347,174017,869,0.7,1.043,1.629,20.12,5000,44.26,0,0.0,0.0,0,0.0,0.0,172
2026-05-23T00:52:58.660,174295,616,0.496,0.739,0.718,20.12,5000,44.26,0,0.0,0.0,0,0.0,0.0,173
2026-05-23T00:52:58.720,174399,874,0.704,1.049,1.647,20.12,5000,44.26,0,0.0,0.0,0,0.0,0.0,173
2026-05-23T00:52:58.847,174503,966,0.778,1.16,1.979,20.12,5000,44.26,0,0.0,0.0,0,0.0,0.0,173
2026-05-23T00:52:58.971,174607,845,0.681,1.014,1.543,20.12,5000,44.26,0,0.0,0.0,0,0.0,0.0,173
2026-05-23T00:52:59.033,174711,638,0.514,0.766,0.797,20.12,5000,44.26,0,0.0,0.0,0,0.0,0.0,173
2026-05-23T00:52:59.158,174815,588,0.474,0.706,0.617,20.12,5000,44.26,0,0.0,0.0,0,0.0,0.0,173
2026-05-23T00:52:59.284,174919,737,0.594,0.885,1.154,20.12,5000,44.26,0,0.0,0.0,0,0.0,0.0,173
2026-05-23T00:52:59.345,175023,928,0.748,1.114,1.842,20.12,5000,44.26,0,0.0,0.0,0,0.0,0.0,173
2026-05-23T00:52:59.654,175301,675,0.544,0.81,0.931,20.12,5000,44.26,0,0.0,0.0,0,0.0,0.0,174
2026-05-23T00:52:59.717,175405,927,0.747,1.113,1.838,20.12,5000,44.26,0,0.0,0.0,0,0.0,0.0,174
2026-05-23T00:52:59.842,175509,943,0.76,1.132,1.896,20.12,5000,44.26,0,0.0,0.0,0,0.0,0.0,174
2026-05-23T00:52:59.967,175613,775,0.625,0.93,1.291,20.12,5000,44.26,0,0.0,0.0,0,0.0,0.0,174
2026-05-23T00:53:00.029,175717,602,0.485,0.723,0.668,20.12,5000,44.26,0,0.0,0.0,0,0.0,0.0,174
2026-05-23T00:53:00.154,175821,621,0.5,0.745,0.736,20.12,5000,44.26,0,0.0,0.0,0,0.0,0.0,174
2026-05-23T00:53:00.279,175925,816,0.658,0.979,1.438,20.12,5000,44.26,0,0.0,0.0,0,0.0,0.0,174
2026-05-23T00:53:00.341,176029,966,0.778,1.16,1.979,20.12,5000,44.26,0,0.0,0.0,0,0.0,0.0,174
2026-05-23T00:53:00.652,176307,744,0.6,0.893,1.179,20.12,5000,44.26,0,0.0,0.0,0,0.0,0.0,175
2026-05-23T00:53:00.715,176411,964,0.777,1.157,1.971,20.12,5000,44.26,0,0.0,0.0,0,0.0,0.0,175
2026-05-23T00:53:00.838,176515,898,0.724,1.078,1.734,20.12,5000,44.26,0,0.0,0.0,0,0.0,0.0,175
2026-05-23T00:53:00.964,176619,684,0.551,0.821,0.963,20.12,5000,44.26,0,0.0,0.0,0,0.0,0.0,175
2026-05-23T00:53:01.027,176723,581,0.468,0.697,0.592,20.12,5000,44.26,0,0.0,0.0,0,0.0,0.0,175
2026-05-23T00:53:01.151,176827,686,0.553,0.823,0.97,20.12,5000,44.26,0,0.0,0.0,0,0.0,0.0,175
2026-05-23T00:53:01.275,176931,888,0.716,1.066,1.698,20.12,5000,44.26,0,0.0,0.0,0,0.0,0.0,175
2026-05-23T00:53:01.337,177035,961,0.774,1.154,1.961,20.12,5000,44.26,0,0.0,0.0,0,0.0,0.0,175
2026-05-23T00:53:01.649,177313,813,0.655,0.976,1.428,20.12,5000,44.26,0,0.0,0.0,0,0.0,0.0,176
2026-05-23T00:53:01.773,177417,962,0.775,1.155,1.964,20.12,5000,44.26,0,0.0,0.0,0,0.0,0.0,176
2026-05-23T00:53:01.834,177521,817,0.658,0.981,1.442,20.12,5000,44.26,0,0.0,0.0,0,0.0,0.0,176
2026-05-23T00:53:01.959,177625,620,0.5,0.744,0.733,20.12,5000,44.26,0,0.0,0.0,0,0.0,0.0,176
2026-05-23T00:53:02.084,177729,599,0.483,0.719,0.657,20.12,5000,44.26,0,0.0,0.0,0,0.0,0.0,176
2026-05-23T00:53:02.146,177833,770,0.621,0.924,1.273,20.12,5000,44.26,0,0.0,0.0,0,0.0,0.0,176
2026-05-23T00:53:02.268,177937,946,0.762,1.136,1.907,20.12,5000,44.26,0,0.0,0.0,0,0.0,0.0,176
2026-05-23T00:53:02.394,178041,937,0.755,1.125,1.874,20.12,5000,44.26,0,0.0,0.0,0,0.0,0.0,176
2026-05-23T00:53:02.640,178319,875,0.705,1.05,1.651,20.12,5000,44.26,0,0.0,0.0,0,0.0,0.0,177
2026-05-23T00:53:02.767,178423,932,0.751,1.119,1.856,20.12,5000,44.26,0,0.0,0.0,0,0.0,0.0,177
2026-05-23T00:53:02.827,178527,729,0.587,0.875,1.125,20.12,5000,44.26,0,0.0,0.0,0,0.0,0.0,177
2026-05-23T00:53:02.953,178631,585,0.471,0.702,0.607,20.12,5000,44.26,0,0.0,0.0,0,0.0,0.0,177
2026-05-23T00:53:03.078,178735,652,0.525,0.783,0.848,20.12,5000,44.26,0,0.0,0.0,0,0.0,0.0,177
2026-05-23T00:53:03.141,178839,860,0.693,1.032,1.597,20.12,5000,44.26,0,0.0,0.0,0,0.0,0.0,177
2026-05-23T00:53:03.266,178943,974,0.785,1.169,2.007,20.12,5000,44.26,0,0.0,0.0,0,0.0,0.0,177
2026-05-23T00:53:03.391,179047,868,0.699,1.042,1.626,20.12,5000,44.26,0,0.0,0.0,0,0.0,0.0,177
2026-05-23T00:53:03.639,179325,924,0.745,1.109,1.827,20.12,5000,44.26,0,0.0,0.0,0,0.0,0.0,178
2026-05-23T00:53:03.764,179429,855,0.689,1.026,1.579,20.12,5000,44.26,0,0.0,0.0,0,0.0,0.0,178
2026-05-23T00:53:03.825,179533,652,0.525,0.783,0.848,20.12,5000,44.26,0,0.0,0.0,0,0.0,0.0,178
2026-05-23T00:53:03.949,179637,588,0.474,0.706,0.617,20.12,5000,44.26,0,0.0,0.0,0,0.0,0.0,178
2026-05-23T00:53:04.074,179741,736,0.593,0.883,1.15,20.12,5000,44.26,0,0.0,0.0,0,0.0,0.0,178
2026-05-23T00:53:04.134,179845,935,0.753,1.122,1.867,20.12,5000,44.26,0,0.0,0.0,0,0.0,0.0,178
2026-05-23T00:53:04.258,179949,963,0.776,1.156,1.968,20.12,5000,44.26,0,0.0,0.0,0,0.0,0.0,178
2026-05-23T00:53:04.384,180053,788,0.635,0.946,1.338,20.12,5000,44.26,0,0.0,0.0,0,0.0,0.0,178
2026-05-23T00:53:04.635,180331,927,0.747,1.113,1.838,20.12,5000,44.26,0,0.0,0.0,0,0.0,0.0,179
2026-05-23T00:53:04.758,180435,765,0.616,0.918,1.255,20.12,5000,44.26,0,0.0,0.0,0,0.0,0.0,179
2026-05-23T00:53:04.882,180539,598,0.482,0.718,0.653,20.12,5000,44.26,0,0.0,0.0,0,0.0,0.0,179
2026-05-23T00:53:04.946,180643,630,0.508,0.756,0.769,20.12,5000,44.26,0,0.0,0.0,0,0.0,0.0,179
2026-05-23T00:53:05.071,180747,825,0.665,0.99,1.471,20.12,5000,44.26,0,0.0,0.0,0,0.0,0.0,179
2026-05-23T00:53:05.195,180851,978,0.788,1.174,2.022,20.12,5000,44.26,0,0.0,0.0,0,0.0,0.0,179
2026-05-23T00:53:05.256,180955,916,0.738,1.1,1.799,20.12,5000,44.26,0,0.0,0.0,0,0.0,0.0,179
2026-05-23T00:53:05.382,181059,695,0.56,0.834,1.003,20.12,5000,44.26,0,0.0,0.0,0,0.0,0.0,179
2026-05-23T00:53:05.632,181337,903,0.728,1.084,1.752,20.12,5000,44.26,0,0.0,0.0,0,0.0,0.0,180
2026-05-23T00:53:05.754,181441,683,0.55,0.82,0.959,20.12,5000,44.26,0,0.0,0.0,0,0.0,0.0,180
2026-05-23T00:53:05.880,181545,584,0.471,0.701,0.603,20.12,5000,44.26,0,0.0,0.0,0,0.0,0.0,180
2026-05-23T00:53:05.944,181649,700,0.564,0.84,1.021,20.12,5000,44.26,0,0.0,0.0,0,0.0,0.0,180
2026-05-23T00:53:06.067,181753,906,0.73,1.087,1.762,20.12,5000,44.26,0,0.0,0.0,0,0.0,0.0,180
2026-05-23T00:53:06.191,181857,977,0.787,1.173,2.018,20.12,5000,44.26,0,0.0,0.0,0,0.0,0.0,180
2026-05-23T00:53:06.255,181961,831,0.67,0.997,1.492,20.12,5000,44.26,0,0.0,0.0,0,0.0,0.0,180
2026-05-23T00:53:06.377,182065,624,0.503,0.749,0.747,20.12,5000,44.26,0,0.0,0.0,0,0.0,0.0,180
2026-05-23T00:53:06.628,182343,841,0.678,1.009,1.528,20.12,5000,44.26,0,0.0,0.0,0,0.0,0.0,181
2026-05-23T00:53:06.754,182447,611,0.492,0.733,0.7,20.12,5000,44.26,0,0.0,0.0,0,0.0,0.0,181
2026-05-23T00:53:06.877,182551,598,0.482,0.718,0.653,20.12,5000,44.26,0,0.0,0.0,0,0.0,0.0,181
2026-05-23T00:53:06.938,182655,781,0.629,0.937,1.312,20.12,5000,44.26,0,0.0,0.0,0,0.0,0.0,181
2026-05-23T00:53:07.066,182759,957,0.771,1.149,1.946,20.12,5000,44.26,0,0.0,0.0,0,0.0,0.0,181
2026-05-23T00:53:07.191,182863,943,0.76,1.132,1.896,20.12,5000,44.26,0,0.0,0.0,0,0.0,0.0,181
2026-05-23T00:53:07.252,182967,741,0.597,0.889,1.168,20.12,5000,44.26,0,0.0,0.0,0,0.0,0.0,181
2026-05-23T00:53:07.378,183071,588,0.474,0.706,0.617,20.12,5000,44.26,0,0.0,0.0,0,0.0,0.0,181
2026-05-23T00:53:07.689,183349,764,0.616,0.917,1.251,20.12,5000,44.26,0,0.0,0.0,0,0.0,0.0,182
2026-05-23T00:53:07.751,183453,578,0.466,0.694,0.581,20.12,5000,44.26,0,0.0,0.0,0,0.0,0.0,182
2026-05-23T00:53:07.876,183557,656,0.529,0.787,0.862,20.12,5000,44.26,0,0.0,0.0,0,0.0,0.0,182
2026-05-23T00:53:07.936,183661,868,0.699,1.042,1.626,20.12,5000,44.26,0,0.0,0.0,0,0.0,0.0,182
2026-05-23T00:53:08.062,183765,983,0.792,1.18,2.04,20.12,5000,44.26,0,0.0,0.0,0,0.0,0.0,182
2026-05-23T00:53:08.185,183869,874,0.704,1.049,1.647,20.12,5000,44.26,0,0.0,0.0,0,0.0,0.0,182
2026-05-23T00:53:08.248,183973,659,0.531,0.791,0.873,20.12,5000,44.26,0,0.0,0.0,0,0.0,0.0,182
2026-05-23T00:53:08.374,184077,588,0.474,0.706,0.617,20.12,5000,44.26,0,0.0,0.0,0,0.0,0.0,182
2026-05-23T00:53:08.684,184355,692,0.558,0.831,0.992,20.12,5000,44.26,0,0.0,0.0,0,0.0,0.0,183
2026-05-23T00:53:08.745,184459,582,0.469,0.699,0.596,20.12,5000,44.26,0,0.0,0.0,0,0.0,0.0,183
2026-05-23T00:53:08.870,184563,737,0.594,0.885,1.154,20.12,5000,44.26,0,0.0,0.0,0,0.0,0.0,183
2026-05-23T00:53:08.995,184667,936,0.754,1.124,1.871,20.12,5000,44.26,0,0.0,0.0,0,0.0,0.0,183
2026-05-23T00:53:09.056,184771,961,0.774,1.154,1.961,20.12,5000,44.26,0,0.0,0.0,0,0.0,0.0,183
2026-05-23T00:53:09.183,184875,782,0.63,0.939,1.316,20.12,5000,44.26,0,0.0,0.0,0,0.0,0.0,183
2026-05-23T00:53:09.308,184979,602,0.485,0.723,0.668,20.12,5000,44.26,0,0.0,0.0,0,0.0,0.0,183
2026-05-23T00:53:09.368,185083,617,0.497,0.741,0.722,20.12,5000,44.26,0,0.0,0.0,0,0.0,0.0,183
2026-05-23T00:53:09.680,185361,628,0.506,0.754,0.761,20.12,5000,44.26,0,0.0,0.0,0,0.0,0.0,184
2026-05-23T00:53:09.741,185465,627,0.505,0.753,0.758,20.12,5000,44.26,0,0.0,0.0,0,0.0,0.0,184
2026-05-23T00:53:09.866,185569,827,0.666,0.993,1.478,20.12,5000,44.26,0,0.0,0.0,0,0.0,0.0,184
2026-05-23T00:53:09.990,185673,977,0.787,1.173,2.018,20.12,5000,44.26,0,0.0,0.0,0,0.0,0.0,184
2026-05-23T00:53:10.053,185777,914,0.737,1.097,1.791,20.12,5000,44.26,0,0.0,0.0,0,0.0,0.0,184
2026-05-23T00:53:10.179,185881,695,0.56,0.834,1.003,20.12,5000,44.26,0,0.0,0.0,0,0.0,0.0,184
2026-05-23T00:53:10.304,185985,583,0.47,0.7,0.599,20.12,5000,44.26,0,0.0,0.0,0,0.0,0.0,184
2026-05-23T00:53:10.365,186089,687,0.554,0.825,0.974,20.12,5000,44.26,0,0.0,0.0,0,0.0,0.0,184
2026-05-23T00:53:10.677,186367,586,0.472,0.703,0.61,20.12,5000,44.26,0,0.0,0.0,0,0.0,0.0,185
2026-05-23T00:53:10.739,186471,692,0.558,0.831,0.992,20.12,5000,44.26,0,0.0,0.0,0,0.0,0.0,185
2026-05-23T00:53:10.866,186575,897,0.723,1.077,1.73,20.12,5000,44.26,0,0.0,0.0,0,0.0,0.0,185
2026-05-23T00:53:10.990,186679,972,0.783,1.167,2.0,20.12,5000,44.26,0,0.0,0.0,0,0.0,0.0,185
2026-05-23T00:53:11.050,186783,824,0.664,0.989,1.467,20.12,5000,44.26,0,0.0,0.0,0,0.0,0.0,185
2026-05-23T00:53:11.174,186887,615,0.496,0.738,0.715,20.12,5000,44.26,0,0.0,0.0,0,0.0,0.0,185
2026-05-23T00:53:11.300,186991,598,0.482,0.718,0.653,20.12,5000,44.26,0,0.0,0.0,0,0.0,0.0,185
2026-05-23T00:53:11.362,187095,767,0.618,0.921,1.262,20.12,5000,44.26,0,0.0,0.0,0,0.0,0.0,185
2026-05-23T00:53:11.673,187373,588,0.474,0.706,0.617,20.12,5000,44.26,0,0.0,0.0,0,0.0,0.0,186
2026-05-23T00:53:11.798,187477,783,0.631,0.94,1.32,20.12,5000,44.26,0,0.0,0.0,0,0.0,0.0,186
2026-05-23T00:53:11.859,187581,954,0.769,1.145,1.935,20.12,5000,44.26,0,0.0,0.0,0,0.0,0.0,186
2026-05-23T00:53:11.983,187685,929,0.749,1.115,1.845,20.12,5000,44.26,0,0.0,0.0,0,0.0,0.0,186
2026-05-23T00:53:12.109,187789,733,0.591,0.88,1.14,20.12,5000,44.26,0,0.0,0.0,0,0.0,0.0,186
2026-05-23T00:53:12.169,187893,581,0.468,0.697,0.592,20.12,5000,44.26,0,0.0,0.0,0,0.0,0.0,186
2026-05-23T00:53:12.294,187997,638,0.514,0.766,0.797,20.12,5000,44.26,0,0.0,0.0,0,0.0,0.0,186
2026-05-23T00:53:12.420,188101,855,0.689,1.026,1.579,20.12,5000,44.26,0,0.0,0.0,0,0.0,0.0,186
2026-05-23T00:53:12.668,188379,605,0.488,0.726,0.679,20.12,5000,44.26,0,0.0,0.0,0,0.0,0.0,187
2026-05-23T00:53:12.791,188483,862,0.695,1.035,1.604,20.12,5000,44.26,0,0.0,0.0,0,0.0,0.0,187
2026-05-23T00:53:12.854,188587,973,0.784,1.168,2.004,20.12,5000,44.26,0,0.0,0.0,0,0.0,0.0,187
2026-05-23T00:53:12.979,188691,860,0.693,1.032,1.597,20.12,5000,44.26,0,0.0,0.0,0,0.0,0.0,187
2026-05-23T00:53:13.104,188795,648,0.522,0.778,0.833,20.12,5000,44.26,0,0.0,0.0,0,0.0,0.0,187
2026-05-23T00:53:13.167,188899,583,0.47,0.7,0.599,20.12,5000,44.26,0,0.0,0.0,0,0.0,0.0,187
2026-05-23T00:53:13.290,189003,729,0.587,0.875,1.125,20.12,5000,44.26,0,0.0,0.0,0,0.0,0.0,187
2026-05-23T00:53:13.416,189107,929,0.749,1.115,1.845,20.12,5000,44.26,0,0.0,0.0,0,0.0,0.0,187
2026-05-23T00:53:13.666,189385,672,0.542,0.807,0.92,20.12,5000,44.26,0,0.0,0.0,0,0.0,0.0,188
2026-05-23T00:53:13.791,189489,935,0.753,1.122,1.867,20.12,5000,44.26,0,0.0,0.0,0,0.0,0.0,188
2026-05-23T00:53:13.854,189593,951,0.766,1.142,1.925,20.12,5000,44.26,0,0.0,0.0,0,0.0,0.0,188
2026-05-23T00:53:13.978,189697,767,0.618,0.921,1.262,20.12,5000,44.26,0,0.0,0.0,0,0.0,0.0,188
2026-05-23T00:53:14.100,189801,605,0.488,0.726,0.679,20.12,5000,44.26,0,0.0,0.0,0,0.0,0.0,188
2026-05-23T00:53:14.164,189905,631,0.508,0.757,0.772,20.12,5000,44.26,0,0.0,0.0,0,0.0,0.0,188
2026-05-23T00:53:14.267,190009,824,0.664,0.989,1.467,20.12,5000,44.26,0,0.0,0.0,0,0.0,0.0,188
2026-05-23T00:53:14.372,190113,966,0.778,1.16,1.979,20.12,5000,44.26,0,0.0,0.0,0,0.0,0.0,188
2026-05-23T00:53:14.693,190391,754,0.608,0.905,1.215,20.12,5000,44.26,0,0.0,0.0,0,0.0,0.0,189
2026-05-23T00:53:14.754,190495,965,0.778,1.158,1.975,20.12,5000,44.26,0,0.0,0.0,0,0.0,0.0,189
2026-05-23T00:53:14.864,190599,887,0.715,1.065,1.694,20.12,5000,44.26,0,0.0,0.0,0,0.0,0.0,189
2026-05-23T00:53:14.975,190703,679,0.547,0.815,0.945,20.12,5000,44.26,0,0.0,0.0,0,0.0,0.0,189
2026-05-23T00:53:15.083,190807,587,0.473,0.705,0.614,20.12,5000,44.26,0,0.0,0.0,0,0.0,0.0,189
2026-05-23T00:53:15.193,190911,704,0.567,0.845,1.035,20.12,5000,44.26,0,0.0,0.0,0,0.0,0.0,189
2026-05-23T00:53:15.295,191015,898,0.724,1.078,1.734,20.12,5000,44.26,0,0.0,0.0,0,0.0,0.0,189
2026-05-23T00:53:15.399,191119,961,0.774,1.154,1.961,20.12,5000,44.26,0,0.0,0.0,0,0.0,0.0,189
2026-05-23T00:53:15.660,191397,836,0.674,1.003,1.51,20.12,5000,44.26,0,0.0,0.0,0,0.0,0.0,190
2026-05-23T00:53:15.772,191501,953,0.768,1.144,1.932,20.12,5000,44.26,0,0.0,0.0,0,0.0,0.0,190
2026-05-23T00:53:15.874,191605,791,0.637,0.949,1.348,20.12,5000,44.26,0,0.0,0.0,0,0.0,0.0,190
2026-05-23T00:53:15.984,191709,609,0.491,0.731,0.693,20.12,5000,44.26,0,0.0,0.0,0,0.0,0.0,190
2026-05-23T00:53:16.096,191813,627,0.505,0.753,0.758,20.12,5000,44.26,0,0.0,0.0,0,0.0,0.0,190
2026-05-23T00:53:16.198,191917,811,0.654,0.973,1.42,20.12,5000,44.26,0,0.0,0.0,0,0.0,0.0,190
2026-05-23T00:53:16.299,192021,967,0.779,1.161,1.982,20.12,5000,44.26,0,0.0,0.0,0,0.0,0.0,190
2026-05-23T00:53:16.400,192125,920,0.741,1.104,1.813,20.12,5000,44.26,0,0.0,0.0,0,0.0,0.0,190
2026-05-23T00:53:16.658,192403,891,0.718,1.069,1.708,20.12,5000,44.26,0,0.0,0.0,0,0.0,0.0,191
2026-05-23T00:53:16.765,192507,894,0.72,1.073,1.719,20.12,5000,44.26,0,0.0,0.0,0,0.0,0.0,191
2026-05-23T00:53:16.891,192611,690,0.556,0.828,0.985,20.12,5000,44.26,0,0.0,0.0,0,0.0,0.0,191
2026-05-23T00:53:17.018,192715,585,0.471,0.702,0.607,20.12,5000,44.26,0,0.0,0.0,0,0.0,0.0,191
2026-05-23T00:53:17.070,192819,691,0.557,0.829,0.988,20.12,5000,44.26,0,0.0,0.0,0,0.0,0.0,191
2026-05-23T00:53:17.173,192923,898,0.724,1.078,1.734,20.12,5000,44.26,0,0.0,0.0,0,0.0,0.0,191
2026-05-23T00:53:17.281,193027,964,0.777,1.157,1.971,20.12,5000,44.26,0,0.0,0.0,0,0.0,0.0,191
2026-05-23T00:53:17.398,193131,818,0.659,0.982,1.446,20.12,5000,44.26,0,0.0,0.0,0,0.0,0.0,191
2026-05-23T00:53:17.688,193409,923,0.744,1.108,1.824,20.12,5000,44.26,0,0.0,0.0,0,0.0,0.0,192
2026-05-23T00:53:17.801,193513,801,0.645,0.961,1.384,20.12,5000,44.26,0,0.0,0.0,0,0.0,0.0,192
2026-05-23T00:53:17.858,193617,612,0.493,0.735,0.704,20.12,5000,44.26,0,0.0,0.0,0,0.0,0.0,192
2026-05-23T00:53:17.984,193721,616,0.496,0.739,0.718,20.12,5000,44.26,0,0.0,0.0,0,0.0,0.0,192
2026-05-23T00:53:18.109,193825,803,0.647,0.964,1.392,20.12,5000,44.26,0,0.0,0.0,0,0.0,0.0,192
2026-05-23T00:53:18.233,193929,959,0.773,1.151,1.953,20.12,5000,44.26,0,0.0,0.0,0,0.0,0.0,192
2026-05-23T00:53:18.296,194033,928,0.748,1.114,1.842,20.12,5000,44.26,0,0.0,0.0,0,0.0,0.0,192
2026-05-23T00:53:18.420,194137,713,0.575,0.856,1.068,20.12,5000,44.26,0,0.0,0.0,0,0.0,0.0,192
2026-05-23T00:53:18.668,194415,906,0.73,1.087,1.762,20.12,5000,44.26,0,0.0,0.0,0,0.0,0.0,193
2026-05-23T00:53:18.792,194519,693,0.558,0.832,0.995,20.12,5000,44.26,0,0.0,0.0,0,0.0,0.0,193
2026-05-23T00:53:18.917,194623,582,0.469,0.699,0.596,20.12,5000,44.26,0,0.0,0.0,0,0.0,0.0,193
2026-05-23T00:53:18.979,194727,689,0.555,0.827,0.981,20.12,5000,44.26,0,0.0,0.0,0,0.0,0.0,193
2026-05-23T00:53:19.105,194831,891,0.718,1.069,1.708,20.12,5000,44.26,0,0.0,0.0,0,0.0,0.0,193
2026-05-23T00:53:19.229,194935,967,0.779,1.161,1.982,20.12,5000,44.26,0,0.0,0.0,0,0.0,0.0,193
2026-05-23T00:53:19.291,195039,827,0.666,0.993,1.478,20.12,5000,44.26,0,0.0,0.0,0,0.0,0.0,193
2026-05-23T00:53:19.416,195143,625,0.504,0.75,0.751,20.12,5000,44.26,0,0.0,0.0,0,0.0,0.0,193
2026-05-23T00:53:19.663,195421,835,0.673,1.002,1.507,20.12,5000,44.26,0,0.0,0.0,0,0.0,0.0,194
2026-05-23T00:53:19.786,195525,613,0.494,0.736,0.707,20.12,5000,44.26,0,0.0,0.0,0,0.0,0.0,194
2026-05-23T00:53:19.908,195629,612,0.493,0.735,0.704,20.12,5000,44.26,0,0.0,0.0,0,0.0,0.0,194
2026-05-23T00:53:19.969,195733,789,0.636,0.947,1.341,20.12,5000,44.26,0,0.0,0.0,0,0.0,0.0,194
2026-05-23T00:53:20.092,195837,961,0.774,1.154,1.961,20.12,5000,44.26,0,0.0,0.0,0,0.0,0.0,194
2026-05-23T00:53:20.219,195941,929,0.749,1.115,1.845,20.12,5000,44.26,0,0.0,0.0,0,0.0,0.0,194
2026-05-23T00:53:20.281,196045,723,0.583,0.868,1.104,20.12,5000,44.26,0,0.0,0.0,0,0.0,0.0,194
2026-05-23T00:53:20.405,196149,578,0.466,0.694,0.581,20.12,5000,44.26,0,0.0,0.0,0,0.0,0.0,194
2026-05-23T00:53:20.715,196427,747,0.602,0.897,1.19,20.12,5000,44.26,0,0.0,0.0,0,0.0,0.0,195
2026-05-23T00:53:20.778,196531,577,0.465,0.693,0.578,20.12,5000,44.26,0,0.0,0.0,0,0.0,0.0,195
2026-05-23T00:53:20.904,196635,682,0.55,0.819,0.956,20.12,5000,44.26,0,0.0,0.0,0,0.0,0.0,195
2026-05-23T00:53:21.029,196739,887,0.715,1.065,1.694,20.12,5000,44.26,0,0.0,0.0,0,0.0,0.0,195
2026-05-23T00:53:21.092,196843,969,0.781,1.163,1.989,20.12,5000,44.26,0,0.0,0.0,0,0.0,0.0,195
2026-05-23T00:53:21.216,196947,834,0.672,1.001,1.503,20.12,5000,44.26,0,0.0,0.0,0,0.0,0.0,195
2026-05-23T00:53:21.340,197051,626,0.504,0.751,0.754,20.12,5000,44.26,0,0.0,0.0,0,0.0,0.0,195
2026-05-23T00:53:21.401,197155,598,0.482,0.718,0.653,20.12,5000,44.26,0,0.0,0.0,0,0.0,0.0,195
2026-05-23T00:53:21.714,197433,664,0.535,0.797,0.891,20.12,5000,44.26,0,0.0,0.0,0,0.0,0.0,196
2026-05-23T00:53:21.775,197537,600,0.484,0.72,0.661,20.12,5000,44.26,0,0.0,0.0,0,0.0,0.0,196
2026-05-23T00:53:21.902,197641,800,0.645,0.96,1.381,20.12,5000,44.26,0,0.0,0.0,0,0.0,0.0,196
2026-05-23T00:53:22.024,197745,1009,0.813,1.211,2.133,20.12,5000,44.26,0,0.0,0.0,0,0.0,0.0,196
2026-05-23T00:53:22.088,197849,977,0.787,1.173,2.018,20.12,5000,44.26,0,0.0,0.0,0,0.0,0.0,196
2026-05-23T00:53:22.213,197953,743,0.599,0.892,1.176,20.12,5000,44.26,0,0.0,0.0,0,0.0,0.0,196
2026-05-23T00:53:22.334,198057,545,0.439,0.654,0.463,20.12,5000,44.26,0,0.0,0.0,0,0.0,0.0,196
2026-05-23T00:53:22.398,198161,603,0.486,0.724,0.671,20.12,5000,44.26,0,0.0,0.0,0,0.0,0.0,196
2026-05-23T00:53:22.712,198439,588,0.474,0.706,0.617,20.12,5000,44.26,0,0.0,0.0,0,0.0,0.0,197
2026-05-23T00:53:22.774,198543,683,0.55,0.82,0.959,20.12,5000,44.26,0,0.0,0.0,0,0.0,0.0,197
2026-05-23T00:53:22.899,198647,935,0.753,1.122,1.867,20.12,5000,44.26,0,0.0,0.0,0,0.0,0.0,197
2026-05-23T00:53:23.023,198751,1071,0.863,1.286,2.357,20.12,5000,44.26,0,0.0,0.0,0,0.0,0.0,197
2026-05-23T00:53:23.085,198855,792,0.638,0.951,1.352,20.12,5000,44.26,0,0.0,0.0,0,0.0,0.0,197
2026-05-23T00:53:23.210,198959,610,0.492,0.732,0.697,20.12,5000,44.26,0,0.0,0.0,0,0.0,0.0,197
2026-05-23T00:53:23.336,199063,618,0.498,0.742,0.725,20.12,5000,44.26,0,0.0,0.0,0,0.0,0.0,197
2026-05-23T00:53:23.398,199167,827,0.666,0.993,1.478,20.12,5000,44.26,0,0.0,0.0,0,0.0,0.0,197
2026-05-23T00:53:23.708,199445,594,0.479,0.713,0.639,20.12,5000,44.26,0,0.0,0.0,0,0.0,0.0,198
2026-05-23T00:53:23.769,199549,821,0.662,0.985,1.456,20.12,5000,44.26,0,0.0,0.0,0,0.0,0.0,198
2026-05-23T00:53:23.894,199653,928,0.748,1.114,1.842,20.12,5000,44.26,0,0.0,0.0,0,0.0,0.0,198
2026-05-23T00:53:24.017,199757,903,0.728,1.084,1.752,20.12,5000,44.26,0,0.0,0.0,0,0.0,0.0,198
2026-05-23T00:53:24.081,199861,731,0.589,0.877,1.132,20.12,5000,44.26,0,0.0,0.0,0,0.0,0.0,198
2026-05-23T00:53:24.203,199965,607,0.489,0.729,0.686,20.12,5000,44.26,0,0.0,0.0,0,0.0,0.0,198
2026-05-23T00:53:24.328,200069,672,0.542,0.807,0.92,20.12,5000,44.26,0,0.0,0.0,0,0.0,0.0,198
2026-05-23T00:53:24.454,200173,851,0.686,1.021,1.564,20.12,5000,44.26,0,0.0,0.0,0,0.0,0.0,198
2026-05-23T00:53:24.705,200451,628,0.506,0.754,0.761,20.12,5000,44.26,0,0.0,0.0,0,0.0,0.0,199
2026-05-23T00:53:24.827,200555,856,0.69,1.027,1.582,20.12,5000,44.26,0,0.0,0.0,0,0.0,0.0,199
2026-05-23T00:53:24.890,200659,937,0.755,1.125,1.874,20.12,5000,44.26,0,0.0,0.0,0,0.0,0.0,199
2026-05-23T00:53:25.014,200763,832,0.67,0.999,1.496,20.12,5000,44.26,0,0.0,0.0,0,0.0,0.0,199
2026-05-23T00:53:25.137,200867,654,0.527,0.785,0.855,20.12,5000,44.26,0,0.0,0.0,0,0.0,0.0,199
2026-05-23T00:53:25.200,200971,626,0.504,0.751,0.754,20.12,5000,44.26,0,0.0,0.0,0,0.0,0.0,199
2026-05-23T00:53:25.327,201075,763,0.615,0.916,1.248,20.12,5000,44.26,0,0.0,0.0,0,0.0,0.0,199
2026-05-23T00:53:25.449,201179,922,0.743,1.107,1.82,20.12,5000,44.26,0,0.0,0.0,0,0.0,0.0,199
2026-05-23T00:53:25.512,201280,882,0.711,1.059,1.676,20.12,5000,44.26,1,0.0,0.0,0,0.0,0.0,199
2026-05-23T00:53:25.637,201384,906,0.73,1.087,1.762,20.12,5000,44.26,1,0.0,0.0,0,0.0,0.0,199
2026-05-23T00:53:25.762,201488,726,0.585,0.871,1.114,20.12,5000,44.26,1,0.0,0.0,0,0.0,0.0,199
2026-05-23T00:53:25.825,201592,609,0.491,0.731,0.693,20.12,5000,44.26,1,0.0,0.0,0,0.0,0.0,199
2026-05-23T00:53:25.948,201696,671,0.541,0.805,0.916,20.12,5000,44.26,1,0.0,0.0,0,0.0,0.0,199
2026-05-23T00:53:26.074,201800,857,0.691,1.029,1.586,20.12,5000,44.26,1,0.0,0.0,0,0.0,0.0,199
2026-05-23T00:53:26.135,201904,944,0.761,1.133,1.899,20.12,5000,44.26,1,0.0,0.0,0,0.0,0.0,199
2026-05-23T00:53:26.258,202008,843,0.679,1.012,1.536,20.12,5000,44.26,1,0.0,0.0,0,0.0,0.0,199
2026-05-23T00:53:26.382,202112,669,0.539,0.803,0.909,20.12,5000,44.26,1,0.0,0.0,0,0.0,0.0,199
2026-05-23T00:53:26.505,202262,946,0.762,1.136,1.907,20.12,5000,44.26,1,0.15,0.026,0,0.0,0.0,199
2026-05-23T00:53:26.629,202367,928,0.748,1.114,1.842,20.12,5000,44.26,1,0.15,0.026,0,0.0,0.0,199
2026-05-23T00:53:26.693,202471,787,0.634,0.945,1.334,20.12,5000,44.26,1,0.15,0.026,0,0.0,0.0,199
2026-05-23T00:53:26.818,202575,626,0.504,0.751,0.754,20.12,5000,44.26,1,0.15,0.026,0,0.0,0.0,199
2026-05-23T00:53:26.942,202679,632,0.509,0.759,0.776,20.12,5000,44.26,1,0.15,0.026,0,0.0,0.0,199
2026-05-23T00:53:27.004,202783,791,0.637,0.949,1.348,20.12,5000,44.26,1,0.15,0.026,0,0.0,0.0,199
2026-05-23T00:53:27.127,202887,931,0.75,1.118,1.853,20.12,5000,44.26,1,0.15,0.026,0,0.0,0.0,199
2026-05-23T00:53:27.253,202991,890,0.717,1.068,1.705,20.12,5000,44.26,1,0.15,0.026,0,0.0,0.0,199
2026-05-23T00:53:27.316,203095,721,0.581,0.865,1.096,20.12,5000,44.26,1,0.15,0.026,0,0.0,0.0,199
2026-05-23T00:53:27.441,203199,604,0.487,0.725,0.675,20.12,5000,44.26,1,0.15,0.026,0,0.0,0.0,199
2026-05-23T00:53:27.566,203299,579,0.467,0.695,0.585,20.12,5000,44.26,1,0.0,0.0,0,0.0,0.0,199
2026-05-23T00:53:27.627,203403,660,0.532,0.792,0.877,20.12,5000,44.26,1,0.0,0.0,0,0.0,0.0,199
2026-05-23T00:53:27.752,203507,845,0.681,1.014,1.543,20.12,5000,44.26,1,0.0,0.0,0,0.0,0.0,199
2026-05-23T00:53:27.877,203611,945,0.762,1.134,1.903,20.12,5000,44.26,1,0.0,0.0,0,0.0,0.0,199
2026-05-23T00:53:27.939,203715,866,0.698,1.039,1.618,20.12,5000,44.26,1,0.0,0.0,0,0.0,0.0,199
2026-05-23T00:53:28.064,203819,687,0.554,0.825,0.974,20.12,5000,44.26,1,0.0,0.0,0,0.0,0.0,199
2026-05-23T00:53:28.189,203923,608,0.49,0.73,0.689,20.12,5000,44.26,1,0.0,0.0,0,0.0,0.0,199
2026-05-23T00:53:28.249,204027,722,0.582,0.867,1.1,20.12,5000,44.26,1,0.0,0.0,0,0.0,0.0,199
2026-05-23T00:53:28.375,204131,890,0.717,1.068,1.705,20.12,5000,44.26,1,0.0,0.0,0,0.0,0.0,199
2026-05-23T00:53:28.497,204281,603,0.486,0.724,0.671,20.12,5000,44.26,1,0.0,0.0,0,0.0,0.0,199
2026-05-23T00:53:28.622,204386,627,0.505,0.753,0.758,20.12,5000,44.26,1,0.0,0.0,0,0.0,0.0,199
2026-05-23T00:53:28.745,204490,775,0.625,0.93,1.291,20.12,5000,44.26,1,0.0,0.0,0,0.0,0.0,199
2026-05-23T00:53:28.807,204594,925,0.745,1.11,1.831,20.12,5000,44.26,1,0.0,0.0,0,0.0,0.0,199
2026-05-23T00:53:28.933,204698,909,0.733,1.091,1.773,20.12,5000,44.26,1,0.0,0.0,0,0.0,0.0,199
2026-05-23T00:53:29.058,204802,744,0.6,0.893,1.179,20.12,5000,44.26,1,0.0,0.0,0,0.0,0.0,199
2026-05-23T00:53:29.119,204906,611,0.492,0.733,0.7,20.12,5000,44.26,1,0.0,0.0,0,0.0,0.0,199
2026-05-23T00:53:29.244,205010,657,0.529,0.789,0.866,20.12,5000,44.26,1,0.0,0.0,0,0.0,0.0,199
2026-05-23T00:53:29.366,205114,839,0.676,1.007,1.521,20.12,5000,44.26,1,0.0,0.0,0,0.0,0.0,199
2026-05-23T00:53:29.428,205218,942,0.759,1.131,1.892,20.12,5000,44.26,1,0.0,0.0,0,0.0,0.0,199
2026-05-23T00:53:29.553,205319,885,0.713,1.062,1.687,20.12,5000,44.26,1,0.0,0.0,0,0.0,0.0,199
2026-05-23T00:53:29.676,205423,830,0.669,0.996,1.489,20.12,5000,44.26,1,0.0,0.0,0,0.0,0.0,199
2026-05-23T00:53:29.739,205527,656,0.529,0.787,0.862,20.12,5000,44.26,1,0.0,0.0,0,0.0,0.0,199
2026-05-23T00:53:29.863,205631,617,0.497,0.741,0.722,20.12,5000,44.26,1,0.0,0.0,0,0.0,0.0,199
2026-05-23T00:53:29.988,205735,752,0.606,0.903,1.208,20.12,5000,44.26,1,0.0,0.0,0,0.0,0.0,199
2026-05-23T00:53:30.050,205839,913,0.736,1.096,1.788,20.12,5000,44.26,1,0.0,0.0,0,0.0,0.0,199
2026-05-23T00:53:30.175,205943,916,0.738,1.1,1.799,20.12,5000,44.26,1,0.0,0.0,0,0.0,0.0,199
2026-05-23T00:53:30.299,206047,759,0.612,0.911,1.233,20.12,5000,44.26,1,0.0,0.0,0,0.0,0.0,199
2026-05-23T00:53:30.363,206151,613,0.494,0.736,0.707,20.12,5000,44.26,1,0.0,0.0,0,0.0,0.0,199
2026-05-23T00:53:30.550,206301,927,0.747,1.113,1.838,20.12,5000,44.26,1,0.0,0.0,0,0.0,0.0,199
2026-05-23T00:53:30.611,206405,918,0.74,1.102,1.806,20.12,5000,44.26,1,0.0,0.0,0,0.0,0.0,199
2026-05-23T00:53:30.736,206509,762,0.614,0.915,1.244,20.12,5000,44.26,1,0.0,0.0,0,0.0,0.0,199
2026-05-23T00:53:30.861,206613,619,0.499,0.743,0.729,20.12,5000,44.26,1,0.0,0.0,0,0.0,0.0,199
2026-05-23T00:53:30.923,206717,650,0.524,0.78,0.841,20.12,5000,44.26,1,0.0,0.0,0,0.0,0.0,199
2026-05-23T00:53:31.047,206821,820,0.661,0.984,1.453,20.12,5000,44.26,1,0.0,0.0,0,0.0,0.0,199
2026-05-23T00:53:31.172,206925,940,0.758,1.128,1.885,20.12,5000,44.26,1,0.0,0.0,0,0.0,0.0,199
2026-05-23T00:53:31.232,207029,873,0.704,1.048,1.644,20.12,5000,44.26,1,0.0,0.0,0,0.0,0.0,199
2026-05-23T00:53:31.358,207133,692,0.558,0.831,0.992,20.12,5000,44.26,1,0.0,0.0,0,0.0,0.0,199
2026-05-23T00:53:31.482,207237,603,0.486,0.724,0.671,20.12,5000,44.26,1,0.0,0.0,0,0.0,0.0,199
2026-05-23T00:53:31.543,207338,574,0.463,0.689,0.567,20.12,5000,44.26,1,0.0,0.0,0,0.0,0.0,199
2026-05-23T00:53:31.667,207442,734,0.592,0.881,1.143,20.12,5000,44.26,1,0.0,0.0,0,0.0,0.0,199
2026-05-23T00:53:31.792,207546,894,0.72,1.073,1.719,20.12,5000,44.26,1,0.0,0.0,0,0.0,0.0,199
2026-05-23T00:53:31.856,207650,917,0.739,1.101,1.802,20.12,5000,44.26,1,0.0,0.0,0,0.0,0.0,199
2026-05-23T00:53:31.978,207754,769,0.62,0.923,1.269,20.12,5000,44.26,1,0.0,0.0,0,0.0,0.0,199
2026-05-23T00:53:32.101,207858,617,0.497,0.741,0.722,20.12,5000,44.26,1,0.0,0.0,0,0.0,0.0,199
2026-05-23T00:53:32.163,207962,639,0.515,0.767,0.801,20.12,5000,44.26,1,0.0,0.0,0,0.0,0.0,199
2026-05-23T00:53:32.289,208066,797,0.642,0.957,1.37,20.12,5000,44.26,1,0.0,0.0,0,0.0,0.0,199
2026-05-23T00:53:32.415,208170,931,0.75,1.118,1.853,20.12,5000,44.26,1,0.0,0.0,0,0.0,0.0,199
2026-05-23T00:53:32.540,208320,627,0.505,0.753,0.758,20.12,5000,44.26,1,0.0,0.0,0,0.0,0.0,199
2026-05-23T00:53:32.665,208424,634,0.511,0.761,0.783,20.12,5000,44.26,1,0.0,0.0,0,0.0,0.0,199
2026-05-23T00:53:32.728,208528,803,0.647,0.964,1.392,20.12,5000,44.26,1,0.0,0.0,0,0.0,0.0,199
2026-05-23T00:53:32.854,208632,929,0.749,1.115,1.845,20.12,5000,44.26,1,0.0,0.0,0,0.0,0.0,199
2026-05-23T00:53:32.978,208736,876,0.706,1.051,1.654,20.12,5000,44.26,1,0.0,0.0,0,0.0,0.0,199
2026-05-23T00:53:33.040,208840,697,0.562,0.837,1.01,20.12,5000,44.26,1,0.0,0.0,0,0.0,0.0,199
2026-05-23T00:53:33.165,208944,600,0.484,0.72,0.661,20.12,5000,44.26,1,0.0,0.0,0,0.0,0.0,199
2026-05-23T00:53:33.289,209048,689,0.555,0.827,0.981,20.12,5000,44.26,1,0.0,0.0,0,0.0,0.0,199
2026-05-23T00:53:33.351,209152,867,0.699,1.041,1.622,20.12,5000,44.26,1,0.0,0.0,0,0.0,0.0,199
2026-05-23T00:53:33.476,209256,932,0.751,1.119,1.856,20.12,5000,44.26,1,0.0,0.0,0,0.0,0.0,199
2026-05-23T00:53:33.601,209358,846,0.682,1.015,1.546,20.12,5000,44.26,1,0.0,0.0,0,0.0,0.0,199
2026-05-23T00:53:33.662,209462,735,0.592,0.882,1.147,20.12,5000,44.26,1,0.0,0.0,0,0.0,0.0,199
2026-05-23T00:53:33.787,209566,605,0.488,0.726,0.679,20.12,5000,44.26,1,0.0,0.0,0,0.0,0.0,199
2026-05-23T00:53:33.895,209670,658,0.53,0.79,0.869,20.12,5000,44.26,1,0.0,0.0,0,0.0,0.0,199
2026-05-23T00:53:34.019,209774,837,0.675,1.005,1.514,20.12,5000,44.26,1,0.0,0.0,0,0.0,0.0,199
2026-05-23T00:53:34.071,209878,929,0.749,1.115,1.845,20.12,5000,44.26,1,0.0,0.0,0,0.0,0.0,199
2026-05-23T00:53:34.174,209982,850,0.685,1.02,1.561,20.12,5000,44.26,1,0.0,0.0,0,0.0,0.0,199
2026-05-23T00:53:34.286,210086,677,0.546,0.813,0.938,20.12,5000,44.26,1,0.0,0.0,0,0.0,0.0,199
2026-05-23T00:53:34.423,210190,606,0.488,0.727,0.682,20.12,5000,44.26,1,0.0,0.0,0,0.0,0.0,199
2026-05-23T00:53:34.525,210329,642,0.517,0.771,0.812,20.12,5000,44.26,1,0.0,0.0,0,0.0,0.0,199
2026-05-23T00:53:34.631,210434,694,0.559,0.833,0.999,20.12,5000,44.26,1,0.0,0.0,0,0.0,0.0,199
2026-05-23T00:53:34.734,210538,863,0.695,1.036,1.608,20.12,5000,44.26,1,0.0,0.0,0,0.0,0.0,199
2026-05-23T00:53:34.837,210642,927,0.747,1.113,1.838,20.12,5000,44.26,1,0.0,0.0,0,0.0,0.0,199
2026-05-23T00:53:34.941,210746,812,0.654,0.975,1.424,20.12,5000,44.26,1,0.0,0.0,0,0.0,0.0,199
2026-05-23T00:53:35.067,210850,654,0.527,0.785,0.855,20.12,5000,44.26,1,0.0,0.0,0,0.0,0.0,199
2026-05-23T00:53:35.181,210954,626,0.504,0.751,0.754,20.12,5000,44.26,1,0.0,0.0,0,0.0,0.0,199
2026-05-23T00:53:35.283,211058,766,0.617,0.919,1.258,20.12,5000,44.26,1,0.0,0.0,0,0.0,0.0,199
2026-05-23T00:53:35.345,211162,911,0.734,1.094,1.781,20.12,5000,44.26,1,0.0,0.0,0,0.0,0.0,199
2026-05-23T00:53:35.459,211266,896,0.722,1.075,1.726,20.12,5000,44.26,1,0.0,0.0,0,0.0,0.0,199
2026-05-23T00:53:35.560,211367,831,0.67,0.997,1.492,20.12,5000,44.26,1,0.0,0.0,0,0.0,0.0,199
2026-05-23T00:53:35.661,211471,710,0.572,0.852,1.057,20.12,5000,44.26,1,0.0,0.0,0,0.0,0.0,199
2026-05-23T00:53:35.763,211575,607,0.489,0.729,0.686,20.12,5000,44.26,1,0.0,0.0,0,0.0,0.0,199
2026-05-23T00:53:35.864,211679,686,0.553,0.823,0.97,20.12,5000,44.26,1,0.0,0.0,0,0.0,0.0,199
2026-05-23T00:53:35.966,211783,855,0.689,1.026,1.579,20.12,5000,44.26,1,0.0,0.0,0,0.0,0.0,199
2026-05-23T00:53:36.068,211887,937,0.755,1.125,1.874,20.12,5000,44.26,1,0.0,0.0,0,0.0,0.0,199
2026-05-23T00:53:36.169,211991,826,0.666,0.991,1.474,20.12,5000,44.26,1,0.0,0.0,0,0.0,0.0,199
2026-05-23T00:53:36.275,212095,662,0.533,0.795,0.884,20.12,5000,44.26,1,0.0,0.0,0,0.0,0.0,199
2026-05-23T00:53:36.377,212199,619,0.499,0.743,0.729,20.12,5000,44.26,1,0.0,0.0,0,0.0,0.0,199
2026-05-23T00:53:36.529,212349,835,0.673,1.002,1.507,20.12,5000,44.26,1,0.0,0.0,0,0.0,0.0,199
2026-05-23T00:53:36.631,212453,824,0.664,0.989,1.467,20.12,5000,44.26,1,0.0,0.0,0,0.0,0.0,199
2026-05-23T00:53:36.735,212557,658,0.53,0.79,0.869,20.12,5000,44.26,1,0.0,0.0,0,0.0,0.0,199
2026-05-23T00:53:36.900,212661,621,0.5,0.745,0.736,20.12,5000,44.26,1,0.0,0.0,0,0.0,0.0,199
2026-05-23T00:53:36.956,212765,755,0.608,0.906,1.219,20.12,5000,44.26,1,0.0,0.0,0,0.0,0.0,199
2026-05-23T00:53:37.092,212869,913,0.736,1.096,1.788,20.12,5000,44.26,1,0.0,0.0,0,0.0,0.0,199
2026-05-23T00:53:37.169,212973,906,0.73,1.087,1.762,20.12,5000,44.26,1,0.0,0.0,0,0.0,0.0,199
2026-05-23T00:53:37.284,213077,749,0.604,0.899,1.197,20.12,5000,44.26,1,0.0,0.0,0,0.0,0.0,199
2026-05-23T00:53:37.404,213181,615,0.496,0.738,0.715,20.12,5000,44.26,1,0.0,0.0,0,0.0,0.0,199
2026-05-23T00:53:37.467,213285,664,0.535,0.797,0.891,20.12,5000,44.26,1,0.0,0.0,0,0.0,0.0,199
2026-05-23T00:53:37.586,213386,638,0.514,0.766,0.797,20.12,5000,44.26,1,0.0,0.0,0,0.0,0.0,199
2026-05-23T00:53:37.687,213490,849,0.684,1.019,1.557,20.12,5000,44.26,1,0.0,0.0,0,0.0,0.0,199
2026-05-23T00:53:37.801,213594,934,0.753,1.121,1.863,20.12,5000,44.26,1,0.0,0.0,0,0.0,0.0,199
2026-05-23T00:53:37.918,213698,833,0.671,1.0,1.5,20.12,5000,44.26,1,0.0,0.0,0,0.0,0.0,199
2026-05-23T00:53:37.980,213802,654,0.527,0.785,0.855,20.12,5000,44.26,1,0.0,0.0,0,0.0,0.0,199
2026-05-23T00:53:38.084,213906,619,0.499,0.743,0.729,20.12,5000,44.26,1,0.0,0.0,0,0.0,0.0,199
2026-05-23T00:53:38.199,214010,746,0.601,0.895,1.186,20.12,5000,44.26,1,0.0,0.0,0,0.0,0.0,199
2026-05-23T00:53:38.324,214114,907,0.731,1.089,1.766,20.12,5000,44.26,1,0.0,0.0,0,0.0,0.0,199
2026-05-23T00:53:38.446,214218,904,0.728,1.085,1.755,20.12,5000,44.26,1,0.0,0.0,0,0.0,0.0,199
2026-05-23T00:53:38.573,214368,727,0.586,0.873,1.118,20.12,5000,44.26,1,0.0,0.0,0,0.0,0.0,199
2026-05-23T00:53:38.697,214472,746,0.601,0.895,1.186,20.12,5000,44.26,1,0.0,0.0,0,0.0,0.0,199
2026-05-23T00:53:38.760,214576,897,0.723,1.077,1.73,20.12,5000,44.26,1,0.0,0.0,0,0.0,0.0,199
2026-05-23T00:53:38.885,214680,904,0.728,1.085,1.755,20.12,5000,44.26,1,0.0,0.0,0,0.0,0.0,199
2026-05-23T00:53:39.008,214784,749,0.604,0.899,1.197,20.12,5000,44.26,1,0.0,0.0,0,0.0,0.0,199
2026-05-23T00:53:39.071,214888,607,0.489,0.729,0.686,20.12,5000,44.26,1,0.0,0.0,0,0.0,0.0,199
2026-05-23T00:53:39.194,214992,639,0.515,0.767,0.801,20.12,5000,44.26,1,0.0,0.0,0,0.0,0.0,199
2026-05-23T00:53:39.318,215096,815,0.657,0.978,1.435,20.12,5000,44.26,1,0.0,0.0,0,0.0,0.0,199
2026-05-23T00:53:39.383,215200,931,0.75,1.118,1.853,20.12,5000,44.26,1,0.0,0.0,0,0.0,0.0,199
2026-05-23T00:53:39.507,215304,867,0.699,1.041,1.622,20.12,5000,44.26,1,0.0,0.0,0,0.0,0.0,199
2026-05-23T00:53:39.631,215405,785,0.633,0.942,1.327,20.12,5000,44.26,1,0.0,0.0,0,0.0,0.0,199
2026-05-23T00:53:39.694,215509,661,0.533,0.793,0.88,20.12,5000,44.26,1,0.0,0.0,0,0.0,0.0,199
2026-05-23T00:53:39.820,215613,608,0.49,0.73,0.689,20.12,5000,44.26,1,0.0,0.0,0,0.0,0.0,199
2026-05-23T00:53:39.881,215717,732,0.59,0.879,1.136,20.12,5000,44.26,1,0.0,0.0,0,0.0,0.0,199
2026-05-23T00:53:40.006,215821,891,0.718,1.069,1.708,20.12,5000,44.26,1,0.0,0.0,0,0.0,0.0,199
2026-05-23T00:53:40.129,215925,917,0.739,1.101,1.802,20.12,5000,44.26,1,0.0,0.0,0,0.0,0.0,199
2026-05-23T00:53:40.192,216029,764,0.616,0.917,1.251,20.12,5000,44.26,1,0.0,0.0,0,0.0,0.0,199
2026-05-23T00:53:40.316,216133,612,0.493,0.735,0.704,20.12,5000,44.26,1,0.0,0.0,0,0.0,0.0,199
2026-05-23T00:53:40.440,216237,637,0.513,0.765,0.794,20.12,5000,44.26,1,0.0,0.0,0,0.0,0.0,199
2026-05-23T00:53:40.565,216387,786,0.633,0.943,1.33,20.12,5000,44.26,1,0.0,0.0,0,0.0,0.0,199
2026-05-23T00:53:40.690,216492,711,0.573,0.853,1.06,20.12,5000,44.26,1,0.0,0.0,0,0.0,0.0,199
2026-05-23T00:53:40.816,216596,600,0.484,0.72,0.661,20.12,5000,44.26,1,0.0,0.0,0,0.0,0.0,199
2026-05-23T00:53:40.877,216700,673,0.542,0.808,0.923,20.12,5000,44.26,1,0.0,0.0,0,0.0,0.0,199
2026-05-23T00:53:41.001,216804,852,0.687,1.023,1.568,20.12,5000,44.26,1,0.0,0.0,0,0.0,0.0,199
2026-05-23T00:53:41.127,216908,932,0.751,1.119,1.856,20.12,5000,44.26,1,0.0,0.0,0,0.0,0.0,199
2026-05-23T00:53:41.189,217012,829,0.668,0.995,1.485,20.12,5000,44.26,1,0.0,0.0,0,0.0,0.0,199
2026-05-23T00:53:41.312,217116,651,0.525,0.781,0.844,20.12,5000,44.26,1,0.0,0.0,0,0.0,0.0,199
2026-05-23T00:53:41.438,217220,616,0.496,0.739,0.718,20.12,5000,44.26,1,0.0,0.0,0,0.0,0.0,199
2026-05-23T00:53:41.500,217324,747,0.602,0.897,1.19,20.12,5000,44.26,1,0.0,0.0,0,0.0,0.0,199
2026-05-23T00:53:41.626,217425,745,0.6,0.894,1.183,20.12,5000,44.26,1,0.0,0.0,0,0.0,0.0,199
2026-05-23T00:53:41.749,217529,921,0.742,1.106,1.817,20.12,5000,44.26,1,0.0,0.0,0,0.0,0.0,199
2026-05-23T00:53:41.813,217633,894,0.72,1.073,1.719,20.12,5000,44.26,1,0.0,0.0,0,0.0,0.0,199
2026-05-23T00:53:41.936,217737,724,0.583,0.869,1.107,20.12,5000,44.26,1,0.0,0.0,0,0.0,0.0,199
2026-05-23T00:53:41.999,217841,598,0.482,0.718,0.653,20.12,5000,44.26,1,0.0,0.0,0,0.0,0.0,199
2026-05-23T00:53:42.125,217945,666,0.537,0.799,0.898,20.12,5000,44.26,1,0.0,0.0,0,0.0,0.0,199
2026-05-23T00:53:42.249,218049,850,0.685,1.02,1.561,20.12,5000,44.26,1,0.0,0.0,0,0.0,0.0,199
2026-05-23T00:53:42.311,218153,937,0.755,1.125,1.874,20.12,5000,44.26,1,0.0,0.0,0,0.0,0.0,199
2026-05-23T00:53:42.437,218257,833,0.671,1.0,1.5,20.12,5000,44.26,1,0.0,0.0,0,0.0,0.0,199
2026-05-23T00:53:42.561,218407,841,0.678,1.009,1.528,20.12,5000,44.26,1,0.46,0.0,0,0.0,0.0,199
2026-05-23T00:53:42.686,218511,852,0.687,1.023,1.568,20.12,5000,44.26,1,0.46,0.0,0,0.0,0.0,199
2026-05-23T00:53:42.812,218615,936,0.754,1.124,1.871,20.12,5000,44.26,1,0.46,0.0,0,0.0,0.0,199
2026-05-23T00:53:42.873,218719,831,0.67,0.997,1.492,20.12,5000,44.26,1,0.46,0.0,0,0.0,0.0,199
2026-05-23T00:53:42.997,218823,653,0.526,0.784,0.851,20.12,5000,44.26,1,0.46,0.0,0,0.0,0.0,199
2026-05-23T00:53:43.121,218927,601,0.484,0.721,0.664,20.12,5000,44.26,1,0.46,0.0,0,0.0,0.0,199
2026-05-23T00:53:43.246,219031,739,0.596,0.887,1.161,20.12,5000,44.26,1,0.46,0.0,0,0.0,0.0,199
2026-05-23T00:53:43.308,219135,908,0.732,1.09,1.77,20.12,5000,44.26,1,0.46,0.0,0,0.0,0.0,199
2026-05-23T00:53:43.433,219239,919,0.741,1.103,1.809,20.12,5000,44.26,1,0.46,0.0,0,0.0,0.0,199
2026-05-23T00:53:43.496,219343,749,0.604,0.899,1.197,20.12,5000,44.26,1,0.46,0.0,0,0.0,0.0,199
2026-05-23T00:53:43.620,219444,672,0.542,0.807,0.92,20.12,5000,44.26,1,1.6,0.0,0,0.0,0.0,199
2026-05-23T00:53:43.745,219548,596,0.48,0.715,0.646,20.12,5000,44.26,1,1.6,0.0,0,0.0,0.0,199
2026-05-23T00:53:43.808,219652,672,0.542,0.807,0.92,20.12,5000,44.26,1,1.6,0.0,0,0.0,0.0,199
2026-05-23T00:53:43.931,219756,859,0.692,1.031,1.593,20.12,5000,44.26,1,1.6,0.0,0,0.0,0.0,199
2026-05-23T00:53:44.056,219860,943,0.76,1.132,1.896,20.12,5000,44.26,1,1.6,0.0,0,0.0,0.0,199
2026-05-23T00:53:44.115,219964,836,0.674,1.003,1.51,20.12,5000,44.26,1,1.6,0.0,0,0.0,0.0,199
2026-05-23T00:53:44.239,220068,654,0.527,0.785,0.855,20.12,5000,44.26,1,1.6,0.0,0,0.0,0.0,199
2026-05-23T00:53:44.365,220172,604,0.487,0.725,0.675,20.12,5000,44.26,1,1.6,0.0,0,0.0,0.0,199
2026-05-23T00:53:44.427,220276,742,0.598,0.891,1.172,20.12,5000,44.26,1,1.6,0.0,0,0.0,0.0,199
2026-05-23T00:53:44.614,220426,663,0.534,0.796,0.887,20.12,5000,44.26,1,2.27,0.0,0,0.0,0.0,199
2026-05-23T00:53:44.738,220530,650,0.524,0.78,0.841,20.12,5000,44.26,1,2.27,0.0,0,0.0,0.0,199
2026-05-23T00:53:44.801,220634,603,0.486,0.724,0.671,20.12,5000,44.26,1,2.27,0.0,0,0.0,0.0,199
2026-05-23T00:53:44.926,220738,751,0.605,0.901,1.204,20.12,5000,44.26,1,2.27,0.0,0,0.0,0.0,199
2026-05-23T00:53:45.052,220842,917,0.739,1.101,1.802,20.12,5000,44.26,1,2.27,0.0,0,0.0,0.0,199
2026-05-23T00:53:45.113,220946,920,0.741,1.104,1.813,20.12,5000,44.26,1,2.27,0.0,0,0.0,0.0,199
2026-05-23T00:53:45.236,221050,752,0.606,0.903,1.208,20.12,5000,44.26,1,2.27,0.0,0,0.0,0.0,199
2026-05-23T00:53:45.363,221154,602,0.485,0.723,0.668,20.12,5000,44.26,1,2.27,0.0,0,0.0,0.0,199
2026-05-23T00:53:45.422,221258,638,0.514,0.766,0.797,20.12,5000,44.26,1,2.27,0.0,0,0.0,0.0,199
2026-05-23T00:53:45.548,221362,837,0.675,1.005,1.514,20.12,5000,44.26,1,2.27,0.0,0,0.0,0.0,199
2026-05-23T00:53:45.611,221463,830,0.669,0.996,1.489,20.12,5000,44.26,1,3.65,0.013,0,0.0,0.0,199
2026-05-23T00:53:45.736,221567,946,0.762,1.136,1.907,20.12,5000,44.26,1,3.65,0.013,0,0.0,0.0,199
2026-05-23T00:53:45.861,221671,839,0.676,1.007,1.521,20.12,5000,44.26,1,3.65,0.013,0,0.0,0.0,199
2026-05-23T00:53:45.923,221775,652,0.525,0.783,0.848,20.12,5000,44.26,1,3.65,0.013,0,0.0,0.0,199
2026-05-23T00:53:46.045,221879,602,0.485,0.723,0.668,20.12,5000,44.26,1,3.65,0.013,0,0.0,0.0,199
2026-05-23T00:53:46.171,221983,749,0.604,0.899,1.197,20.12,5000,44.26,1,3.65,0.013,0,0.0,0.0,199
2026-05-23T00:53:46.232,222087,925,0.745,1.11,1.831,20.12,5000,44.26,1,3.65,0.013,0,0.0,0.0,199
2026-05-23T00:53:46.358,222191,931,0.75,1.118,1.853,20.12,5000,44.26,1,3.65,0.013,0,0.0,0.0,199
2026-05-23T00:53:46.484,222295,751,0.605,0.901,1.204,20.12,5000,44.26,1,3.65,0.013,0,0.0,0.0,199
2026-05-23T00:53:46.609,222445,914,0.737,1.097,1.791,20.12,5000,44.26,1,4.53,0.015,0,0.0,0.0,199
2026-05-23T00:53:46.732,222550,951,0.766,1.142,1.925,20.12,5000,44.26,1,4.53,0.015,0,0.0,0.0,199
2026-05-23T00:53:46.857,222654,884,0.712,1.061,1.683,20.12,5000,44.26,1,4.53,0.015,0,0.0,0.0,199
2026-05-23T00:53:46.922,222758,695,0.56,0.834,1.003,20.12,5000,44.26,1,4.53,0.015,0,0.0,0.0,199
2026-05-23T00:53:47.043,222862,589,0.475,0.707,0.621,20.12,5000,44.26,1,4.53,0.015,0,0.0,0.0,199
2026-05-23T00:53:47.106,222966,704,0.567,0.845,1.035,20.12,5000,44.26,1,4.53,0.015,0,0.0,0.0,199
2026-05-23T00:53:47.230,223070,893,0.72,1.072,1.716,20.12,5000,44.26,1,4.53,0.015,0,0.0,0.0,199
2026-05-23T00:53:47.355,223174,956,0.77,1.148,1.943,20.12,5000,44.26,1,4.53,0.015,0,0.0,0.0,199
2026-05-23T00:53:47.417,223278,813,0.655,0.976,1.428,20.12,5000,44.26,1,4.53,0.015,0,0.0,0.0,199
2026-05-23T00:53:47.542,223382,622,0.501,0.747,0.74,20.12,5000,44.26,1,4.53,0.015,0,0.0,0.0,199
2026-05-23T00:53:47.667,223483,567,0.457,0.681,0.542,20.12,5000,44.26,1,5.13,0.016,0,0.0,0.0,199
2026-05-23T00:53:47.729,223587,619,0.499,0.743,0.729,20.12,5000,44.26,1,5.13,0.016,0,0.0,0.0,199
2026-05-23T00:53:47.855,223691,823,0.663,0.988,1.464,20.12,5000,44.26,1,5.13,0.016,0,0.0,0.0,199
2026-05-23T00:53:47.981,223795,954,0.769,1.145,1.935,20.12,5000,44.26,1,5.13,0.016,0,0.0,0.0,199
2026-05-23T00:53:48.042,223899,893,0.72,1.072,1.716,20.12,5000,44.26,1,5.13,0.016,0,0.0,0.0,199
2026-05-23T00:53:48.168,224003,697,0.562,0.837,1.01,20.12,5000,44.26,1,5.13,0.016,0,0.0,0.0,199
2026-05-23T00:53:48.291,224107,586,0.472,0.703,0.61,20.12,5000,44.26,1,5.13,0.016,0,0.0,0.0,199
2026-05-23T00:53:48.354,224211,701,0.565,0.841,1.024,20.12,5000,44.26,1,5.13,0.016,0,0.0,0.0,199
2026-05-23T00:53:48.477,224315,893,0.72,1.072,1.716,20.12,5000,44.26,1,5.13,0.016,0,0.0,0.0,199
2026-05-23T00:53:48.600,224464,583,0.47,0.7,0.599,20.12,5000,44.26,1,6.41,0.019,0,0.0,0.0,199
2026-05-23T00:53:48.726,224569,584,0.471,0.701,0.603,20.12,5000,44.26,1,6.41,0.019,0,0.0,0.0,199
2026-05-23T00:53:48.852,224673,706,0.569,0.847,1.042,20.12,5000,44.26,1,6.41,0.019,0,0.0,0.0,199
2026-05-23T00:53:48.913,224777,910,0.733,1.092,1.777,20.12,5000,44.26,1,6.41,0.019,0,0.0,0.0,199
2026-05-23T00:53:49.038,224881,951,0.766,1.142,1.925,20.12,5000,44.26,1,6.41,0.019,0,0.0,0.0,199
2026-05-23T00:53:49.162,224985,798,0.643,0.958,1.374,20.12,5000,44.26,1,6.41,0.019,0,0.0,0.0,199
2026-05-23T00:53:49.225,225089,618,0.498,0.742,0.725,20.12,5000,44.26,1,6.41,0.019,0,0.0,0.0,199
2026-05-23T00:53:49.349,225193,612,0.493,0.735,0.704,20.12,5000,44.26,1,6.41,0.019,0,0.0,0.0,199
2026-05-23T00:53:49.474,225297,796,0.641,0.955,1.366,20.12,5000,44.26,1,6.41,0.019,0,0.0,0.0,199
2026-05-23T00:53:49.537,225401,949,0.765,1.139,1.917,20.12,5000,44.26,1,6.41,0.019,0,0.0,0.0,199
2026-05-23T00:53:49.662,225502,917,0.739,1.101,1.802,20.12,5000,44.26,1,7.29,0.022,0,0.0,0.0,199
2026-05-23T00:53:49.787,225606,885,0.713,1.062,1.687,20.12,5000,44.26,1,7.29,0.022,0,0.0,0.0,199
2026-05-23T00:53:49.848,225710,686,0.553,0.823,0.97,20.12,5000,44.26,1,7.29,0.022,0,0.0,0.0,199
2026-05-23T00:53:49.974,225814,582,0.469,0.699,0.596,20.12,5000,44.26,1,7.29,0.022,0,0.0,0.0,199
2026-05-23T00:53:50.099,225918,710,0.572,0.852,1.057,20.12,5000,44.26,1,7.29,0.022,0,0.0,0.0,199
2026-05-23T00:53:50.161,226022,918,0.74,1.102,1.806,20.12,5000,44.26,1,7.29,0.022,0,0.0,0.0,199
2026-05-23T00:53:50.285,226126,960,0.774,1.152,1.957,20.12,5000,44.26,1,7.29,0.022,0,0.0,0.0,199
2026-05-23T00:53:50.411,226230,802,0.646,0.963,1.388,20.12,5000,44.26,1,7.29,0.022,0,0.0,0.0,199
2026-05-23T00:53:50.471,226334,607,0.489,0.729,0.686,20.12,5000,44.26,1,7.29,0.022,0,0.0,0.0,199
2026-05-23T00:53:50.657,226483,954,0.769,1.145,1.935,20.12,5000,44.26,1,8.71,0.026,0,0.0,0.0,199
2026-05-23T00:53:50.720,226588,948,0.764,1.138,1.914,20.12,5000,44.26,1,8.71,0.026,0,0.0,0.0,199
2026-05-23T00:53:50.843,226692,792,0.638,0.951,1.352,20.12,5000,44.26,1,8.71,0.026,0,0.0,0.0,199
2026-05-23T00:53:50.967,226796,606,0.488,0.727,0.682,20.12,5000,44.26,1,8.71,0.026,0,0.0,0.0,199
2026-05-23T00:53:51.029,226900,619,0.499,0.743,0.729,20.12,5000,44.26,1,8.71,0.026,0,0.0,0.0,199
2026-05-23T00:53:51.155,227004,823,0.663,0.988,1.464,20.12,5000,44.26,1,8.71,0.026,0,0.0,0.0,199
2026-05-23T00:53:51.280,227108,966,0.778,1.16,1.979,20.12,5000,44.26,1,8.71,0.026,0,0.0,0.0,199
2026-05-23T00:53:51.342,227212,912,0.735,1.095,1.784,20.12,5000,44.26,1,8.71,0.026,0,0.0,0.0,199
2026-05-23T00:53:51.466,227316,694,0.559,0.833,0.999,20.12,5000,44.26,1,8.71,0.026,0,0.0,0.0,199
2026-05-23T00:53:51.589,227420,572,0.461,0.687,0.56,20.12,5000,44.26,1,8.71,0.026,0,0.0,0.0,199
2026-05-23T00:53:51.652,227521,551,0.444,0.661,0.484,20.12,5000,44.26,1,11.23,0.036,0,0.0,0.0,199
2026-05-23T00:53:51.777,227625,729,0.587,0.875,1.125,20.12,5000,44.26,1,11.23,0.036,0,0.0,0.0,199
2026-05-23T00:53:51.902,227729,931,0.75,1.118,1.853,20.12,5000,44.26,1,11.23,0.036,0,0.0,0.0,199
2026-05-23T00:53:51.965,227833,954,0.769,1.145,1.935,20.12,5000,44.26,1,11.23,0.036,0,0.0,0.0,199
2026-05-23T00:53:52.091,227937,783,0.631,0.94,1.32,20.12,5000,44.26,1,11.23,0.036,0,0.0,0.0,199
2026-05-23T00:53:52.215,228041,592,0.477,0.711,0.632,20.12,5000,44.26,1,11.23,0.036,0,0.0,0.0,199
2026-05-23T00:53:52.276,228145,611,0.492,0.733,0.7,20.12,5000,44.26,1,11.23,0.036,0,0.0,0.0,199
2026-05-23T00:53:52.400,228249,837,0.675,1.005,1.514,20.12,5000,44.26,1,11.23,0.036,0,0.0,0.0,199
2026-05-23T00:53:52.526,228353,974,0.785,1.169,2.007,20.12,5000,44.26,1,11.23,0.036,0,0.0,0.0,199
2026-05-23T00:53:52.652,228503,613,0.494,0.736,0.707,20.12,5000,44.26,1,12.01,0.039,0,0.0,0.0,199
2026-05-23T00:53:52.777,228607,619,0.499,0.743,0.729,20.12,5000,44.26,1,12.01,0.039,0,0.0,0.0,199
2026-05-23T00:53:52.839,228711,854,0.688,1.025,1.575,20.12,5000,44.26,1,12.01,0.039,0,0.0,0.0,199
2026-05-23T00:53:52.962,228815,974,0.785,1.169,2.007,20.12,5000,44.26,1,12.01,0.039,0,0.0,0.0,199
2026-05-23T00:53:53.087,228919,885,0.713,1.062,1.687,20.12,5000,44.26,1,12.01,0.039,0,0.0,0.0,199
2026-05-23T00:53:53.150,229023,684,0.551,0.821,0.963,20.12,5000,44.26,1,12.01,0.039,0,0.0,0.0,199
2026-05-23T00:53:53.275,229127,576,0.464,0.691,0.574,20.12,5000,44.26,1,12.01,0.039,0,0.0,0.0,199
2026-05-23T00:53:53.400,229231,721,0.581,0.865,1.096,20.12,5000,44.26,1,12.01,0.039,0,0.0,0.0,199
2026-05-23T00:53:53.462,229335,927,0.747,1.113,1.838,20.12,5000,44.26,1,12.01,0.039,0,0.0,0.0,199
2026-05-23T00:53:53.586,229439,962,0.775,1.155,1.964,20.12,5000,44.26,1,12.01,0.039,0,0.0,0.0,199
2026-05-23T00:53:53.712,229540,891,0.718,1.069,1.708,20.12,5000,44.26,1,12.04,0.039,0,0.0,0.0,199
2026-05-23T00:53:53.773,229644,756,0.609,0.907,1.222,20.12,5000,44.26,1,12.04,0.039,0,0.0,0.0,199
2026-05-23T00:53:53.896,229748,593,0.478,0.712,0.635,20.12,5000,44.26,1,12.04,0.039,0,0.0,0.0,199
2026-05-23T00:53:54.022,229852,630,0.508,0.756,0.769,20.12,5000,44.26,1,12.04,0.039,0,0.0,0.0,199
2026-05-23T00:53:54.084,229956,860,0.693,1.032,1.597,20.12,5000,44.26,1,12.04,0.039,0,0.0,0.0,199
2026-05-23T00:53:54.208,230060,969,0.781,1.163,1.989,20.12,5000,44.26,1,12.04,0.039,0,0.0,0.0,199
2026-05-23T00:53:54.333,230164,884,0.712,1.061,1.683,20.12,5000,44.26,1,12.04,0.039,0,0.0,0.0,199
2026-05-23T00:53:54.397,230268,671,0.541,0.805,0.916,20.12,5000,44.26,1,12.04,0.039,0,0.0,0.0,199
2026-05-23T00:53:54.521,230372,578,0.466,0.694,0.581,20.12,5000,44.26,1,12.04,0.039,0,0.0,0.0,199
2026-05-23T00:53:54.648,230522,882,0.711,1.059,1.676,20.12,5000,44.26,1,11.45,0.037,0,0.0,0.0,199
2026-05-23T00:53:54.771,230627,805,0.649,0.966,1.399,20.12,5000,44.26,1,11.45,0.037,0,0.0,0.0,199
2026-05-23T00:53:54.897,230731,604,0.487,0.725,0.675,20.12,5000,44.26,1,11.45,0.037,0,0.0,0.0,199
2026-05-23T00:53:54.958,230835,601,0.484,0.721,0.664,20.12,5000,44.26,1,11.45,0.037,0,0.0,0.0,199
2026-05-23T00:53:55.083,230939,798,0.643,0.958,1.374,20.12,5000,44.26,1,11.45,0.037,0,0.0,0.0,199
2026-05-23T00:53:55.207,231043,950,0.766,1.14,1.921,20.12,5000,44.26,1,11.45,0.037,0,0.0,0.0,199
2026-05-23T00:53:55.269,231147,913,0.736,1.096,1.788,20.12,5000,44.26,1,11.45,0.037,0,0.0,0.0,199
2026-05-23T00:53:55.395,231251,707,0.57,0.849,1.046,20.12,5000,44.26,1,11.45,0.037,0,0.0,0.0,199
2026-05-23T00:53:55.520,231355,567,0.457,0.681,0.542,20.12,5000,44.26,1,11.45,0.037,0,0.0,0.0,199
2026-05-23T00:53:55.581,231459,672,0.542,0.807,0.92,20.12,5000,44.26,1,11.45,0.037,0,0.0,0.0,199
2026-05-23T00:53:55.704,231559,610,0.492,0.732,0.697,20.12,5000,44.26,1,11.43,0.036,0,0.0,0.0,199
2026-05-23T00:53:55.831,231663,871,0.702,1.045,1.636,20.12,5000,44.26,1,11.43,0.036,0,0.0,0.0,199
2026-05-23T00:53:55.893,231767,966,0.778,1.16,1.979,20.12,5000,44.26,1,11.43,0.036,0,0.0,0.0,199
2026-05-23T00:53:56.018,231871,858,0.691,1.03,1.59,20.12,5000,44.26,1,11.43,0.036,0,0.0,0.0,199
2026-05-23T00:53:56.141,231975,650,0.524,0.78,0.841,20.12,5000,44.26,1,11.43,0.036,0,0.0,0.0,199
2026-05-23T00:53:56.203,232079,583,0.47,0.7,0.599,20.12,5000,44.26,1,11.43,0.036,0,0.0,0.0,199
2026-05-23T00:53:56.327,232183,744,0.6,0.893,1.179,20.12,5000,44.26,1,11.43,0.036,0,0.0,0.0,199
2026-05-23T00:53:56.451,232287,925,0.745,1.11,1.831,20.12,5000,44.26,1,11.43,0.036,0,0.0,0.0,199
2026-05-23T00:53:56.514,232391,937,0.755,1.125,1.874,20.12,5000,44.26,1,11.43,0.036,0,0.0,0.0,199
2026-05-23T00:53:56.701,232541,730,0.588,0.876,1.129,20.12,5000,44.26,1,11.47,0.036,0,0.0,0.0,199
2026-05-23T00:53:56.764,232646,821,0.662,0.985,1.456,20.12,5000,44.26,1,11.47,0.036,0,0.0,0.0,199
2026-05-23T00:53:56.888,232750,956,0.77,1.148,1.943,20.12,5000,44.26,1,11.47,0.036,0,0.0,0.0,199
2026-05-23T00:53:57.014,232854,907,0.731,1.089,1.766,20.12,5000,44.26,1,11.47,0.036,0,0.0,0.0,199
2026-05-23T00:53:57.076,232958,692,0.558,0.831,0.992,20.12,5000,44.26,1,11.47,0.036,0,0.0,0.0,199
2026-05-23T00:53:57.200,233062,570,0.459,0.684,0.553,20.12,5000,44.26,1,11.47,0.036,0,0.0,0.0,199
2026-05-23T00:53:57.326,233166,690,0.556,0.828,0.985,20.12,5000,44.26,1,11.47,0.036,0,0.0,0.0,199
2026-05-23T00:53:57.388,233270,903,0.728,1.084,1.752,20.12,5000,44.26,1,11.47,0.036,0,0.0,0.0,199
2026-05-23T00:53:57.511,233374,956,0.77,1.148,1.943,20.12,5000,44.26,1,11.47,0.036,0,0.0,0.0,199
2026-05-23T00:53:57.637,233478,809,0.652,0.971,1.413,20.12,5000,44.26,1,11.47,0.036,0,0.0,0.0,199
2026-05-23T00:53:57.699,233579,723,0.583,0.868,1.104,20.12,5000,44.26,1,11.42,0.036,0,0.0,0.0,199
2026-05-23T00:53:57.824,233683,583,0.47,0.7,0.599,20.12,5000,44.26,1,11.42,0.036,0,0.0,0.0,199
2026-05-23T00:53:57.949,233787,612,0.493,0.735,0.704,20.12,5000,44.26,1,11.42,0.036,0,0.0,0.0,199
2026-05-23T00:53:58.011,233891,829,0.668,0.995,1.485,20.12,5000,44.26,1,11.42,0.036,0,0.0,0.0,199
2026-05-23T00:53:58.136,233995,963,0.776,1.156,1.968,20.12,5000,44.26,1,11.42,0.036,0,0.0,0.0,199
2026-05-23T00:53:58.260,234099,894,0.72,1.073,1.719,20.12,5000,44.26,1,11.42,0.036,0,0.0,0.0,199
2026-05-23T00:53:58.322,234203,685,0.552,0.822,0.967,20.12,5000,44.26,1,11.42,0.036,0,0.0,0.0,199
2026-05-23T00:53:58.446,234307,570,0.459,0.684,0.553,20.12,5000,44.26,1,11.42,0.036,0,0.0,0.0,199
2026-05-23T00:53:58.570,234411,699,0.563,0.839,1.017,20.12,5000,44.26,1,11.42,0.036,0,0.0,0.0,199
2026-05-23T00:53:58.695,234560,692,0.558,0.831,0.992,20.12,5000,44.26,1,11.43,0.036,0,0.0,0.0,199
2026-05-23T00:53:58.819,234665,677,0.546,0.813,0.938,20.12,5000,44.26,1,11.43,0.036,0,0.0,0.0,199
2026-05-23T00:53:58.882,234769,577,0.465,0.693,0.578,20.12,5000,44.26,1,11.43,0.036,0,0.0,0.0,199
2026-05-23T00:53:59.005,234873,710,0.572,0.852,1.057,20.12,5000,44.26,1,11.43,0.036,0,0.0,0.0,199
2026-05-23T00:53:59.131,234977,914,0.737,1.097,1.791,20.12,5000,44.26,1,11.43,0.036,0,0.0,0.0,199
2026-05-23T00:53:59.191,235081,952,0.767,1.143,1.928,20.12,5000,44.26,1,11.43,0.036,0,0.0,0.0,199
2026-05-23T00:53:59.316,235185,791,0.637,0.949,1.348,20.12,5000,44.26,1,11.43,0.036,0,0.0,0.0,199
2026-05-23T00:53:59.440,235289,597,0.481,0.717,0.65,20.12,5000,44.26,1,11.43,0.036,0,0.0,0.0,199
2026-05-23T00:53:59.503,235393,610,0.492,0.732,0.697,20.12,5000,44.26,1,11.43,0.036,0,0.0,0.0,199
2026-05-23T00:53:59.627,235497,810,0.653,0.972,1.417,20.12,5000,44.26,1,11.43,0.036,0,0.0,0.0,199
2026-05-23T00:53:59.751,235598,815,0.657,0.978,1.435,20.12,5000,44.26,1,11.44,0.036,0,0.0,0.0,199
2026-05-23T00:53:59.815,235702,964,0.777,1.157,1.971,20.12,5000,44.26,1,11.44,0.036,0,0.0,0.0,199
2026-05-23T00:53:59.940,235806,863,0.695,1.036,1.608,20.12,5000,44.26,1,11.44,0.036,0,0.0,0.0,199
2026-05-23T00:54:00.064,235910,662,0.533,0.795,0.884,20.12,5000,44.26,1,11.44,0.036,0,0.0,0.0,199
2026-05-23T00:54:00.125,236014,577,0.465,0.693,0.578,20.12,5000,44.26,1,11.44,0.036,0,0.0,0.0,199
2026-05-23T00:54:00.251,236118,726,0.585,0.871,1.114,20.12,5000,44.26,1,11.44,0.036,0,0.0,0.0,199
2026-05-23T00:54:00.375,236222,922,0.743,1.107,1.82,20.12,5000,44.26,1,11.44,0.036,0,0.0,0.0,199
2026-05-23T00:54:00.436,236326,945,0.762,1.134,1.903,20.12,5000,44.26,1,11.44,0.036,0,0.0,0.0,199
2026-05-23T00:54:00.560,236430,776,0.625,0.931,1.294,20.12,5000,44.26,1,11.44,0.036,0,0.0,0.0,199
2026-05-23T00:54:00.683,236579,916,0.738,1.1,1.799,20.12,5000,44.26,1,11.45,0.036,0,0.0,0.0,199
2026-05-23T00:54:00.807,236684,930,0.749,1.116,1.849,20.12,5000,44.26,1,11.45,0.036,0,0.0,0.0,199
2026-05-23T00:54:00.933,236788,938,0.756,1.126,1.878,20.12,5000,44.26,1,11.45,0.036,0,0.0,0.0,199
2026-05-23T00:54:00.995,236892,766,0.617,0.919,1.258,20.12,5000,44.26,1,11.45,0.036,0,0.0,0.0,199
2026-05-23T00:54:01.116,236996,582,0.469,0.699,0.596,20.12,5000,44.26,1,11.45,0.036,0,0.0,0.0,199
2026-05-23T00:54:01.243,237100,622,0.501,0.747,0.74,20.12,5000,44.26,1,11.45,0.036,0,0.0,0.0,199
2026-05-23T00:54:01.303,237204,844,0.68,1.013,1.539,20.12,5000,44.26,1,11.45,0.036,0,0.0,0.0,199
2026-05-23T00:54:01.430,237308,961,0.774,1.154,1.961,20.12,5000,44.26,1,11.45,0.036,0,0.0,0.0,199
2026-05-23T00:54:01.552,237412,874,0.704,1.049,1.647,20.12,5000,44.26,1,11.45,0.036,0,0.0,0.0,199
2026-05-23T00:54:01.612,237516,671,0.541,0.805,0.916,20.12,5000,44.26,1,11.45,0.036,0,0.0,0.0,199
2026-05-23T00:54:01.736,237617,595,0.479,0.714,0.643,20.12,5000,44.26,1,11.45,0.036,0,0.0,0.0,199
2026-05-23T00:54:01.863,237721,579,0.467,0.695,0.585,20.12,5000,44.26,1,11.45,0.036,0,0.0,0.0,199
2026-05-23T00:54:01.922,237825,756,0.609,0.907,1.222,20.12,5000,44.26,1,11.45,0.036,0,0.0,0.0,199
2026-05-23T00:54:02.046,237929,938,0.756,1.126,1.878,20.12,5000,44.26,1,11.45,0.036,0,0.0,0.0,199
2026-05-23T00:54:02.171,238033,931,0.75,1.118,1.853,20.12,5000,44.26,1,11.45,0.036,0,0.0,0.0,199
2026-05-23T00:54:02.233,238137,746,0.601,0.895,1.186,20.12,5000,44.26,1,11.45,0.036,0,0.0,0.0,199
2026-05-23T00:54:02.360,238241,577,0.465,0.693,0.578,20.12,5000,44.26,1,11.45,0.036,0,0.0,0.0,199
2026-05-23T00:54:02.483,238345,629,0.507,0.755,0.765,20.12,5000,44.26,1,11.45,0.036,0,0.0,0.0,199
2026-05-23T00:54:02.545,238449,859,0.692,1.031,1.593,20.12,5000,44.26,1,11.45,0.036,0,0.0,0.0,199
2026-05-23T00:54:02.732,238599,584,0.471,0.701,0.603,20.12,5000,44.26,1,11.45,0.036,0,0.0,0.0,199
2026-05-23T00:54:02.796,238703,568,0.458,0.682,0.545,20.12,5000,44.26,1,11.45,0.036,0,0.0,0.0,199
2026-05-23T00:54:02.921,238807,642,0.517,0.771,0.812,20.12,5000,44.26,1,11.45,0.036,0,0.0,0.0,199
2026-05-23T00:54:03.046,238911,871,0.702,1.045,1.636,20.12,5000,44.26,1,11.45,0.036,0,0.0,0.0,199
2026-05-23T00:54:03.108,239015,962,0.775,1.155,1.964,20.12,5000,44.26,1,11.45,0.036,0,0.0,0.0,199
2026-05-23T00:54:03.231,239119,848,0.683,1.018,1.554,20.12,5000,44.26,1,11.45,0.036,0,0.0,0.0,199
2026-05-23T00:54:03.357,239223,638,0.514,0.766,0.797,20.12,5000,44.26,1,11.45,0.036,0,0.0,0.0,199
2026-05-23T00:54:03.419,239327,582,0.469,0.699,0.596,20.12,5000,44.26,1,11.45,0.036,0,0.0,0.0,199
2026-05-23T00:54:03.542,239431,754,0.608,0.905,1.215,20.12,5000,44.26,1,11.45,0.036,0,0.0,0.0,199
2026-05-23T00:54:03.665,239535,928,0.748,1.114,1.842,20.12,5000,44.26,1,11.45,0.036,0,0.0,0.0,199
2026-05-23T00:54:03.728,239636,905,0.729,1.086,1.759,20.12,5000,44.26,1,11.45,0.036,0,0.0,0.0,199
2026-05-23T00:54:03.853,239740,911,0.734,1.094,1.781,20.12,5000,44.26,1,11.45,0.036,0,0.0,0.0,199
2026-05-23T00:54:03.977,239844,714,0.575,0.857,1.071,20.12,5000,44.26,1,11.45,0.036,0,0.0,0.0,199
2026-05-23T00:54:04.040,239948,567,0.457,0.681,0.542,20.12,5000,44.26,1,11.45,0.036,0,0.0,0.0,199
2026-05-23T00:54:04.164,240052,664,0.535,0.797,0.891,20.12,5000,44.26,1,11.45,0.036,0,0.0,0.0,199
2026-05-23T00:54:04.289,240156,880,0.709,1.056,1.669,20.12,5000,44.26,1,11.45,0.036,0,0.0,0.0,199
2026-05-23T00:54:04.353,240260,964,0.777,1.157,1.971,20.12,5000,44.26,1,11.45,0.036,0,0.0,0.0,199
2026-05-23T00:54:04.477,240364,830,0.669,0.996,1.489,20.12,5000,44.26,1,11.45,0.036,0,0.0,0.0,199
2026-05-23T00:54:04.603,240468,626,0.504,0.751,0.754,20.12,5000,44.26,1,11.45,0.036,0,0.0,0.0,199
2026-05-23T00:54:04.725,240618,960,0.774,1.152,1.957,20.12,5000,44.26,1,11.45,0.036,0,0.0,0.0,199
2026-05-23T00:54:04.847,240723,934,0.753,1.121,1.863,20.12,5000,44.26,1,11.45,0.036,0,0.0,0.0,199
2026-05-23T00:54:04.910,240827,757,0.61,0.909,1.226,20.12,5000,44.26,1,11.45,0.036,0,0.0,0.0,199
2026-05-23T00:54:05.037,240931,578,0.466,0.694,0.581,20.12,5000,44.26,1,11.45,0.036,0,0.0,0.0,199
2026-05-23T00:54:05.161,241035,624,0.503,0.749,0.747,20.12,5000,44.26,1,11.45,0.036,0,0.0,0.0,199
2026-05-23T00:54:05.224,241139,850,0.685,1.02,1.561,20.12,5000,44.26,1,11.45,0.036,0,0.0,0.0,199
2026-05-23T00:54:05.348,241243,967,0.779,1.161,1.982,20.12,5000,44.26,1,11.45,0.036,0,0.0,0.0,199
2026-05-23T00:54:05.471,241347,889,0.716,1.067,1.701,20.12,5000,44.26,1,11.45,0.036,0,0.0,0.0,199
2026-05-23T00:54:05.536,241451,670,0.54,0.804,0.913,20.12,5000,44.26,1,11.45,0.036,0,0.0,0.0,199
2026-05-23T00:54:05.658,241555,582,0.469,0.699,0.596,20.12,5000,44.26,1,11.45,0.036,0,0.0,0.0,199
2026-05-23T00:54:05.783,241656,564,0.455,0.677,0.531,20.12,5000,44.26,1,11.59,0.037,0,0.0,0.0,199
2026-05-23T00:54:05.846,241760,767,0.618,0.921,1.262,20.12,5000,44.26,1,11.59,0.037,0,0.0,0.0,199
2026-05-23T00:54:05.971,241864,938,0.756,1.126,1.878,20.12,5000,44.26,1,11.59,0.037,0,0.0,0.0,199
2026-05-23T00:54:06.096,241968,932,0.751,1.119,1.856,20.12,5000,44.26,1,11.59,0.037,0,0.0,0.0,199
2026-05-23T00:54:06.158,242072,748,0.603,0.898,1.194,20.12,5000,44.26,1,11.59,0.037,0,0.0,0.0,199
2026-05-23T00:54:06.284,242176,576,0.464,0.691,0.574,20.12,5000,44.26,1,11.59,0.037,0,0.0,0.0,199
2026-05-23T00:54:06.408,242280,635,0.512,0.762,0.787,20.12,5000,44.26,1,11.59,0.037,0,0.0,0.0,199
2026-05-23T00:54:06.471,242384,862,0.695,1.035,1.604,20.12,5000,44.26,1,11.59,0.037,0,0.0,0.0,199
2026-05-23T00:54:06.596,242488,968,0.78,1.162,1.986,20.12,5000,44.26,1,11.59,0.037,0,0.0,0.0,199
2026-05-23T00:54:06.721,242637,630,0.508,0.756,0.769,20.12,5000,44.26,1,11.59,0.037,0,0.0,0.0,199
2026-05-23T00:54:06.844,242742,648,0.522,0.778,0.833,20.12,5000,44.26,1,11.59,0.037,0,0.0,0.0,199
2026-05-23T00:54:06.969,242846,874,0.704,1.049,1.647,20.12,5000,44.26,1,11.59,0.037,0,0.0,0.0,199
2026-05-23T00:54:07.030,242950,969,0.781,1.163,1.989,20.12,5000,44.26,1,11.59,0.037,0,0.0,0.0,199
2026-05-23T00:54:07.156,243054,850,0.685,1.02,1.561,20.12,5000,44.26,1,11.59,0.037,0,0.0,0.0,199
2026-05-23T00:54:07.280,243158,639,0.515,0.767,0.801,20.12,5000,44.26,1,11.59,0.037,0,0.0,0.0,199
2026-05-23T00:54:07.341,243262,585,0.471,0.702,0.607,20.12,5000,44.26,1,11.59,0.037,0,0.0,0.0,199
2026-05-23T00:54:07.466,243366,754,0.608,0.905,1.215,20.12,5000,44.26,1,11.59,0.037,0,0.0,0.0,199
2026-05-23T00:54:07.592,243470,945,0.762,1.134,1.903,20.12,5000,44.26,1,11.59,0.037,0,0.0,0.0,199
2026-05-23T00:54:07.652,243574,940,0.758,1.128,1.885,20.12,5000,44.26,1,11.59,0.037,0,0.0,0.0,199
2026-05-23T00:54:07.776,243675,867,0.699,1.041,1.622,20.12,5000,44.26,1,11.44,0.036,0,0.0,0.0,199
2026-05-23T00:54:07.902,243779,717,0.578,0.861,1.082,20.12,5000,44.26,1,11.44,0.036,0,0.0,0.0,199
2026-05-23T00:54:07.965,243883,575,0.463,0.69,0.571,20.12,5000,44.26,1,11.44,0.036,0,0.0,0.0,199
2026-05-23T00:54:08.090,243987,670,0.54,0.804,0.913,20.12,5000,44.26,1,11.44,0.036,0,0.0,0.0,199
2026-05-23T00:54:08.213,244091,890,0.717,1.068,1.705,20.12,5000,44.26,1,11.44,0.036,0,0.0,0.0,199
2026-05-23T00:54:08.276,244195,965,0.778,1.158,1.975,20.12,5000,44.26,1,11.44,0.036,0,0.0,0.0,199
2026-05-23T00:54:08.399,244299,835,0.673,1.002,1.507,20.12,5000,44.26,1,11.44,0.036,0,0.0,0.0,199
2026-05-23T00:54:08.525,244403,629,0.507,0.755,0.765,20.12,5000,44.26,1,11.44,0.036,0,0.0,0.0,199
2026-05-23T00:54:08.586,244507,595,0.479,0.714,0.643,20.12,5000,44.26,1,11.44,0.036,0,0.0,0.0,199
2026-05-23T00:54:08.774,244657,846,0.682,1.015,1.546,20.12,5000,44.26,1,11.44,0.036,0,0.0,0.0,199
2026-05-23T00:54:08.835,244762,757,0.61,0.909,1.226,20.12,5000,44.26,1,11.44,0.036,0,0.0,0.0,199
2026-05-23T00:54:08.959,244866,583,0.47,0.7,0.599,20.12,5000,44.26,1,11.44,0.036,0,0.0,0.0,199
2026-05-23T00:54:09.084,244970,626,0.504,0.751,0.754,20.12,5000,44.26,1,11.44,0.036,0,0.0,0.0,199
2026-05-23T00:54:09.146,245074,857,0.691,1.029,1.586,20.12,5000,44.26,1,11.44,0.036,0,0.0,0.0,199
2026-05-23T00:54:09.270,245178,969,0.781,1.163,1.989,20.12,5000,44.26,1,11.44,0.036,0,0.0,0.0,199
2026-05-23T00:54:09.394,245282,880,0.709,1.056,1.669,20.12,5000,44.26,1,11.44,0.036,0,0.0,0.0,199
2026-05-23T00:54:09.457,245386,669,0.539,0.803,0.909,20.12,5000,44.26,1,11.44,0.036,0,0.0,0.0,199
2026-05-23T00:54:09.581,245490,578,0.466,0.694,0.581,20.12,5000,44.26,1,11.44,0.036,0,0.0,0.0,199
2026-05-23T00:54:09.705,245594,726,0.585,0.871,1.114,20.12,5000,44.26,1,11.44,0.036,0,0.0,0.0,199
2026-05-23T00:54:09.767,245694,670,0.54,0.804,0.913,20.12,5000,44.26,1,11.45,0.036,0,0.0,0.0,199
2026-05-23T00:54:09.891,245798,916,0.738,1.1,1.799,20.12,5000,44.26,1,11.45,0.036,0,0.0,0.0,199
2026-05-23T00:54:10.014,245902,952,0.767,1.143,1.928,20.12,5000,44.26,1,11.45,0.036,0,0.0,0.0,199
2026-05-23T00:54:10.076,246006,803,0.647,0.964,1.392,20.12,5000,44.26,1,11.45,0.036,0,0.0,0.0,199
2026-05-23T00:54:10.202,246110,602,0.485,0.723,0.668,20.12,5000,44.26,1,11.45,0.036,0,0.0,0.0,199
2026-05-23T00:54:10.327,246214,604,0.487,0.725,0.675,20.12,5000,44.26,1,11.45,0.036,0,0.0,0.0,199
2026-05-23T00:54:10.388,246318,810,0.653,0.972,1.417,20.12,5000,44.26,1,11.45,0.036,0,0.0,0.0,199
2026-05-23T00:54:10.513,246422,958,0.772,1.15,1.95,20.12,5000,44.26,1,11.45,0.036,0,0.0,0.0,199
2026-05-23T00:54:10.636,246526,917,0.739,1.101,1.802,20.12,5000,44.26,1,11.45,0.036,0,0.0,0.0,199
2026-05-23T00:54:10.763,246676,802,0.646,0.963,1.388,20.12,5000,44.26,1,11.45,0.036,0,0.0,0.0,199
2026-05-23T00:54:10.887,246781,888,0.716,1.066,1.698,20.12,5000,44.26,1,11.45,0.036,0,0.0,0.0,199
2026-05-23T00:54:10.948,246885,968,0.78,1.162,1.986,20.12,5000,44.26,1,11.45,0.036,0,0.0,0.0,199
2026-05-23T00:54:11.073,246989,841,0.678,1.009,1.528,20.12,5000,44.26,1,11.45,0.036,0,0.0,0.0,199
2026-05-23T00:54:11.198,247093,629,0.507,0.755,0.765,20.12,5000,44.26,1,11.45,0.036,0,0.0,0.0,199
2026-05-23T00:54:11.261,247197,588,0.474,0.706,0.617,20.12,5000,44.26,1,11.45,0.036,0,0.0,0.0,199
2026-05-23T00:54:11.387,247301,768,0.619,0.922,1.266,20.12,5000,44.26,1,11.45,0.036,0,0.0,0.0,199
2026-05-23T00:54:11.511,247405,938,0.756,1.126,1.878,20.12,5000,44.26,1,11.45,0.036,0,0.0,0.0,199
2026-05-23T00:54:11.573,247509,931,0.75,1.118,1.853,20.12,5000,44.26,1,11.45,0.036,0,0.0,0.0,199
2026-05-23T00:54:11.698,247613,744,0.6,0.893,1.179,20.12,5000,44.26,1,11.45,0.036,0,0.0,0.0,199
2026-05-23T00:54:11.821,247714,656,0.529,0.787,0.862,20.12,5000,44.26,1,11.45,0.036,0,0.0,0.0,199
2026-05-23T00:54:11.884,247818,570,0.459,0.684,0.553,20.12,5000,44.26,1,11.45,0.036,0,0.0,0.0,199
2026-05-23T00:54:12.009,247922,677,0.546,0.813,0.938,20.12,5000,44.26,1,11.45,0.036,0,0.0,0.0,199
2026-05-23T00:54:12.133,248026,898,0.724,1.078,1.734,20.12,5000,44.26,1,11.45,0.036,0,0.0,0.0,199
2026-05-23T00:54:12.197,248130,967,0.779,1.161,1.982,20.12,5000,44.26,1,11.45,0.036,0,0.0,0.0,199
2026-05-23T00:54:12.320,248234,831,0.67,0.997,1.492,20.12,5000,44.26,1,11.45,0.036,0,0.0,0.0,199
2026-05-23T00:54:12.445,248338,616,0.496,0.739,0.718,20.12,5000,44.26,1,11.45,0.036,0,0.0,0.0,199
2026-05-23T00:54:12.507,248442,590,0.475,0.708,0.625,20.12,5000,44.26,1,11.45,0.036,0,0.0,0.0,199
2026-05-23T00:54:12.631,248546,792,0.638,0.951,1.352,20.12,5000,44.26,1,11.45,0.036,0,0.0,0.0,199
2026-05-23T00:54:12.755,248695,618,0.498,0.742,0.725,20.12,5000,44.26,1,12.61,0.042,0,0.0,0.0,199
2026-05-23T00:54:12.883,248800,601,0.484,0.721,0.664,20.12,5000,44.26,1,12.61,0.042,0,0.0,0.0,199
2026-05-23T00:54:13.006,248904,593,0.478,0.712,0.635,20.12,5000,44.26,1,12.61,0.042,0,0.0,0.0,199
2026-05-23T00:54:13.069,249008,811,0.654,0.973,1.42,20.12,5000,44.26,1,12.61,0.042,0,0.0,0.0,199
2026-05-23T00:54:13.193,249112,966,0.778,1.16,1.979,20.12,5000,44.26,1,12.61,0.042,0,0.0,0.0,199
2026-05-23T00:54:13.317,249216,932,0.751,1.119,1.856,20.12,5000,44.26,1,12.61,0.042,0,0.0,0.0,199
2026-05-23T00:54:13.378,249320,717,0.578,0.861,1.082,20.12,5000,44.26,1,12.61,0.042,0,0.0,0.0,199
2026-05-23T00:54:13.503,249424,563,0.454,0.676,0.527,20.12,5000,44.26,1,12.61,0.042,0,0.0,0.0,199
2026-05-23T00:54:13.628,249528,671,0.541,0.805,0.916,20.12,5000,44.26,1,12.61,0.042,0,0.0,0.0,199
2026-05-23T00:54:13.689,249632,919,0.741,1.103,1.809,20.12,5000,44.26,1,12.61,0.042,0,0.0,0.0,199
2026-05-23T00:54:13.815,249733,918,0.74,1.102,1.806,20.12,5000,44.26,1,15.11,0.056,0,0.0,0.0,199
2026-05-23T00:54:13.941,249837,971,0.782,1.166,1.997,20.12,5000,44.26,1,15.11,0.056,0,0.0,0.0,199
2026-05-23T00:54:14.002,249941,814,0.656,0.977,1.431,20.12,5000,44.26,1,15.11,0.056,0,0.0,0.0,199
2026-05-23T00:54:14.126,250045,590,0.475,0.708,0.625,20.12,5000,44.26,1,15.11,0.056,0,0.0,0.0,199
2026-05-23T00:54:14.252,250149,604,0.487,0.725,0.675,20.12,5000,44.26,1,15.11,0.056,0,0.0,0.0,199
2026-05-23T00:54:14.314,250253,850,0.685,1.02,1.561,20.12,5000,44.26,1,15.11,0.056,0,0.0,0.0,199
2026-05-23T00:54:14.438,250357,995,0.802,1.194,2.083,20.12,5000,44.26,1,15.11,0.056,0,0.0,0.0,199
2026-05-23T00:54:14.562,250461,931,0.75,1.118,1.853,20.12,5000,44.26,1,15.11,0.056,0,0.0,0.0,199
2026-05-23T00:54:14.624,250565,704,0.567,0.845,1.035,20.12,5000,44.26,1,15.11,0.056,0,0.0,0.0,199
2026-05-23T00:54:14.811,250715,989,0.797,1.187,2.061,20.12,5000,44.26,1,19.09,0.079,1,0.663,0.0,199
2026-05-23T00:54:14.873,250820,984,0.793,1.181,2.043,20.12,5000,44.26,1,19.09,0.079,1,0.663,0.0,199
2026-05-23T00:54:14.999,250925,795,0.641,0.954,1.363,20.12,5000,44.26,1,19.09,0.079,1,0.663,0.0,199
2026-05-23T00:54:15.124,251030,560,0.451,0.672,0.517,20.12,5000,44.26,1,19.09,0.079,1,0.663,0.0,199
2026-05-23T00:54:15.186,251134,679,0.547,0.815,0.945,20.12,5000,44.26,1,19.09,0.079,1,0.663,0.0,199
2026-05-23T00:54:15.308,251238,926,0.746,1.112,1.835,20.12,5000,44.26,1,19.09,0.079,1,0.663,0.0,199
2026-05-23T00:54:15.436,251343,976,0.787,1.172,2.015,20.12,5000,44.26,1,19.09,0.079,1,0.663,0.0,199
2026-05-23T00:54:15.499,251448,730,0.588,0.876,1.129,20.12,5000,44.26,1,19.09,0.079,1,0.663,0.0,199
2026-05-23T00:54:15.623,251553,570,0.459,0.684,0.553,20.12,5000,44.26,1,19.09,0.079,1,0.663,0.0,199
2026-05-23T00:54:15.745,251657,756,0.609,0.907,1.222,20.12,5000,44.26,1,19.09,0.079,1,0.663,0.0,199
2026-05-23T00:54:15.807,251762,980,0.79,1.176,2.029,20.12,5000,44.26,1,19.84,0.084,1,0.6,0.0,199
2026-05-23T00:54:15.933,251867,897,0.723,1.077,1.73,20.12,5000,44.26,1,19.84,0.084,1,0.6,0.0,199
2026-05-23T00:54:16.057,251972,592,0.477,0.711,0.632,20.12,5000,44.26,1,19.84,0.084,1,0.6,0.0,199
2026-05-23T00:54:16.119,252076,597,0.481,0.717,0.65,20.12,5000,44.26,1,19.84,0.084,1,0.6,0.0,199
2026-05-23T00:54:16.244,252180,837,0.675,1.005,1.514,20.12,5000,44.26,1,19.84,0.084,1,0.6,0.0,199
2026-05-23T00:54:16.366,252285,1004,0.809,1.205,2.115,20.12,5000,44.26,1,19.84,0.084,1,0.6,0.0,199
2026-05-23T00:54:16.428,252390,833,0.671,1.0,1.5,20.12,5000,44.26,1,19.84,0.084,1,0.6,0.0,199
2026-05-23T00:54:16.554,252495,566,0.456,0.679,0.538,20.12,5000,44.26,1,19.84,0.084,1,0.6,0.0,199
2026-05-23T00:54:16.679,252599,639,0.515,0.767,0.801,20.12,5000,44.26,1,19.84,0.084,1,0.6,0.0,199
2026-05-23T00:54:16.804,252734,771,0.621,0.925,1.276,20.12,5000,44.26,1,20.72,0.089,1,0.542,0.0,199
2026-05-23T00:54:16.929,252839,611,0.492,0.733,0.7,20.12,5000,44.26,1,20.72,0.089,1,0.542,0.0,199
2026-05-23T00:54:16.990,252943,848,0.683,1.018,1.554,20.12,5000,44.26,1,20.72,0.089,1,0.542,0.0,199
2026-05-23T00:54:17.114,253048,1003,0.808,1.204,2.112,20.12,5000,44.26,1,20.72,0.089,1,0.542,0.0,199
2026-05-23T00:54:17.241,253153,824,0.664,0.989,1.467,20.12,5000,44.26,1,20.72,0.089,1,0.542,0.0,199
2026-05-23T00:54:17.301,253258,562,0.453,0.675,0.524,20.12,5000,44.26,1,20.72,0.089,1,0.542,0.0,199
2026-05-23T00:54:17.426,253362,647,0.521,0.777,0.83,20.12,5000,44.26,1,20.72,0.089,1,0.542,0.0,199
2026-05-23T00:54:17.551,253466,913,0.736,1.096,1.788,20.12,5000,44.26,1,20.72,0.089,1,0.542,0.0,199
2026-05-23T00:54:17.611,253571,983,0.792,1.18,2.04,20.12,5000,44.26,1,20.72,0.089,1,0.542,0.0,199
2026-05-23T00:54:17.736,253676,755,0.608,0.906,1.219,20.12,5000,44.26,1,20.72,0.089,1,0.542,0.0,199
2026-05-23T00:54:17.860,253782,580,0.467,0.696,0.589,20.12,5000,44.26,1,20.84,0.089,1,0.539,0.0,199
2026-05-23T00:54:17.922,253886,800,0.645,0.96,1.381,20.12,5000,44.26,1,20.84,0.089,1,0.539,0.0,199
2026-05-23T00:54:18.048,253991,996,0.803,1.196,2.087,20.12,5000,44.26,1,20.84,0.089,1,0.539,0.0,199
2026-05-23T00:54:18.173,254096,867,0.699,1.041,1.622,20.12,5000,44.26,1,20.84,0.089,1,0.539,0.0,199
2026-05-23T00:54:18.235,254201,579,0.467,0.695,0.585,20.12,5000,44.26,1,20.84,0.089,1,0.539,0.0,199
2026-05-23T00:54:18.359,254305,618,0.498,0.742,0.725,20.12,5000,44.26,1,20.84,0.089,1,0.539,0.0,199
2026-05-23T00:54:18.485,254409,874,0.704,1.049,1.647,20.12,5000,44.26,1,20.84,0.089,1,0.539,0.0,199
2026-05-23T00:54:18.546,254514,1000,0.806,1.2,2.101,20.12,5000,44.26,1,20.84,0.089,1,0.539,0.0,199
2026-05-23T00:54:18.672,254619,804,0.648,0.965,1.395,20.12,5000,44.26,1,20.84,0.089,1,0.539,0.0,199
2026-05-23T00:54:18.797,254753,612,0.493,0.735,0.704,20.12,5000,44.26,1,20.67,0.088,1,0.549,0.0,199
2026-05-23T00:54:18.918,254858,923,0.744,1.108,1.824,20.12,5000,44.26,1,20.67,0.088,1,0.549,0.0,199
2026-05-23T00:54:19.045,254963,614,0.495,0.737,0.711,20.12,5000,44.26,1,20.67,0.088,1,0.549,0.0,199
2026-05-23T00:54:19.107,255067,584,0.471,0.701,0.603,20.12,5000,44.26,1,20.67,0.088,1,0.549,0.0,199
2026-05-23T00:54:19.232,255171,803,0.647,0.964,1.392,20.12,5000,44.26,1,20.67,0.088,1,0.549,0.0,199
2026-05-23T00:54:19.356,255276,995,0.802,1.194,2.083,20.12,5000,44.26,1,20.67,0.088,1,0.549,0.0,199
2026-05-23T00:54:19.417,255381,857,0.691,1.029,1.586,20.12,5000,44.26,1,20.67,0.088,1,0.549,0.0,199
2026-05-23T00:54:19.540,255486,574,0.463,0.689,0.567,20.12,5000,44.26,1,20.67,0.088,1,0.549,0.0,199
2026-05-23T00:54:19.664,255590,622,0.501,0.747,0.74,20.12,5000,44.26,1,20.67,0.088,1,0.549,0.0,199
2026-05-23T00:54:19.726,255694,872,0.703,1.047,1.64,20.12,5000,44.26,1,20.67,0.088,1,0.549,0.0,199
2026-05-23T00:54:19.851,255801,931,0.75,1.118,1.853,20.12,5000,44.26,1,20.69,0.088,1,0.549,0.0,199
2026-05-23T00:54:19.973,255906,659,0.531,0.791,0.873,20.12,5000,44.26,1,20.69,0.088,1,0.549,0.0,199
2026-05-23T00:54:20.098,256010,567,0.457,0.681,0.542,20.12,5000,44.26,1,20.69,0.088,1,0.549,0.0,199
2026-05-23T00:54:20.161,256114,752,0.606,0.903,1.208,20.12,5000,44.26,1,20.69,0.088,1,0.549,0.0,199
2026-05-23T00:54:20.287,256219,982,0.791,1.179,2.036,20.12,5000,44.26,1,20.69,0.088,1,0.549,0.0,199
2026-05-23T00:54:20.411,256324,897,0.723,1.077,1.73,20.12,5000,44.26,1,20.69,0.088,1,0.549,0.0,199
2026-05-23T00:54:20.473,256429,598,0.482,0.718,0.653,20.12,5000,44.26,1,20.69,0.088,1,0.549,0.0,199
2026-05-23T00:54:20.597,256533,600,0.484,0.72,0.661,20.12,5000,44.26,1,20.69,0.088,1,0.549,0.0,199
2026-05-23T00:54:20.660,256637,832,0.67,0.999,1.496,20.12,5000,44.26,1,20.69,0.088,1,0.549,0.0,199
2026-05-23T00:54:20.847,256773,970,0.782,1.164,1.993,20.12,5000,44.26,1,20.68,0.088,1,0.549,0.0,199
2026-05-23T00:54:20.911,256878,834,0.672,1.001,1.503,20.12,5000,44.26,1,20.68,0.088,1,0.549,0.0,199
2026-05-23T00:54:21.034,256983,989,0.797,1.187,2.061,20.12,5000,44.26,1,20.68,0.088,1,0.549,0.0,199
2026-05-23T00:54:21.158,257088,823,0.663,0.988,1.464,20.12,5000,44.26,1,20.68,0.088,1,0.549,0.0,199
2026-05-23T00:54:21.220,257193,554,0.446,0.665,0.495,20.12,5000,44.26,1,20.68,0.088,1,0.549,0.0,199
2026-05-23T00:54:21.345,257297,640,0.516,0.768,0.805,20.12,5000,44.26,1,20.68,0.088,1,0.549,0.0,199
2026-05-23T00:54:21.468,257401,904,0.728,1.085,1.755,20.12,5000,44.26,1,20.68,0.088,1,0.549,0.0,199
2026-05-23T00:54:21.531,257506,980,0.79,1.176,2.029,20.12,5000,44.26,1,20.68,0.088,1,0.549,0.0,199
2026-05-23T00:54:21.656,257611,755,0.608,0.906,1.219,20.12,5000,44.26,1,20.68,0.088,1,0.549,0.0,199
2026-05-23T00:54:21.782,257716,557,0.449,0.669,0.506,20.12,5000,44.26,1,20.68,0.088,1,0.549,0.0,199
2026-05-23T00:54:21.844,257820,713,0.575,0.856,1.068,20.12,5000,44.26,1,20.64,0.088,1,0.55,0.0,199
2026-05-23T00:54:21.968,257925,969,0.781,1.163,1.989,20.12,5000,44.26,1,20.64,0.088,1,0.55,0.0,199
2026-05-23T00:54:22.093,258030,921,0.742,1.106,1.817,20.12,5000,44.26,1,20.64,0.088,1,0.55,0.0,199
2026-05-23T00:54:22.155,258135,615,0.496,0.738,0.715,20.12,5000,44.26,1,20.64,0.088,1,0.55,0.0,199
2026-05-23T00:54:22.280,258239,584,0.471,0.701,0.603,20.12,5000,44.26,1,20.64,0.088,1,0.55,0.0,199
2026-05-23T00:54:22.404,258343,804,0.648,0.965,1.395,20.12,5000,44.26,1,20.64,0.088,1,0.55,0.0,199
2026-05-23T00:54:22.466,258448,997,0.803,1.197,2.09,20.12,5000,44.26,1,20.64,0.088,1,0.55,0.0,199
2026-05-23T00:54:22.590,258553,855,0.689,1.026,1.579,20.12,5000,44.26,1,20.64,0.088,1,0.55,0.0,199
2026-05-23T00:54:22.705,258658,574,0.463,0.689,0.567,20.12,5000,44.26,1,20.64,0.088,1,0.55,0.0,199
2026-05-23T00:54:22.824,258792,559,0.45,0.671,0.513,20.12,5000,44.26,1,20.54,0.087,1,0.559,0.0,199
2026-05-23T00:54:22.951,258897,677,0.546,0.813,0.938,20.12,5000,44.26,1,20.54,0.087,1,0.559,0.0,199
2026-05-23T00:54:23.075,259001,560,0.451,0.672,0.517,20.12,5000,44.26,1,20.54,0.087,1,0.559,0.0,199
2026-05-23T00:54:23.137,259105,726,0.585,0.871,1.114,20.12,5000,44.26,1,20.54,0.087,1,0.559,0.0,199
2026-05-23T00:54:23.260,259210,980,0.79,1.176,2.029,20.12,5000,44.26,1,20.54,0.087,1,0.559,0.0,199
2026-05-23T00:54:23.384,259315,906,0.73,1.087,1.762,20.12,5000,44.26,1,20.54,0.087,1,0.559,0.0,199
2026-05-23T00:54:23.447,259420,602,0.485,0.723,0.668,20.12,5000,44.26,1,20.54,0.087,1,0.559,0.0,199
2026-05-23T00:54:23.573,259524,583,0.47,0.7,0.599,20.12,5000,44.26,1,20.54,0.087,1,0.559,0.0,199
2026-05-23T00:54:23.696,259628,812,0.654,0.975,1.424,20.12,5000,44.26,1,20.54,0.087,1,0.559,0.0,199
2026-05-23T00:54:23.758,259733,995,0.802,1.194,2.083,20.12,5000,44.26,1,20.54,0.087,1,0.559,0.0,199
2026-05-23T00:54:23.884,259839,752,0.606,0.903,1.208,20.12,5000,44.26,1,20.03,0.085,1,0.587,0.0,199
2026-05-23T00:54:24.008,259944,554,0.446,0.665,0.495,20.12,5000,44.26,1,20.03,0.085,1,0.587,0.0,199
2026-05-23T00:54:24.072,260048,687,0.554,0.825,0.974,20.12,5000,44.26,1,20.03,0.085,1,0.587,0.0,199
2026-05-23T00:54:24.198,260152,935,0.753,1.122,1.867,20.12,5000,44.26,1,20.03,0.085,1,0.587,0.0,199
2026-05-23T00:54:24.323,260257,965,0.778,1.158,1.975,20.12,5000,44.26,1,20.03,0.085,1,0.587,0.0,199
2026-05-23T00:54:24.384,260362,707,0.57,0.849,1.046,20.12,5000,44.26,1,20.03,0.085,1,0.587,0.0,199
2026-05-23T00:54:24.507,260467,570,0.459,0.684,0.553,20.12,5000,44.26,1,20.03,0.085,1,0.587,0.0,199
2026-05-23T00:54:24.632,260571,765,0.616,0.918,1.255,20.12,5000,44.26,1,20.03,0.085,1,0.587,0.0,199
2026-05-23T00:54:24.693,260676,984,0.793,1.181,2.043,20.12,5000,44.26,1,20.03,0.085,1,0.587,0.0,199
2026-05-23T00:54:24.881,260811,962,0.775,1.155,1.964,20.12,5000,44.26,1,19.85,0.083,1,0.606,0.0,199
2026-05-23T00:54:24.943,260916,966,0.778,1.16,1.979,20.12,5000,44.26,1,19.85,0.083,1,0.606,0.0,199
2026-05-23T00:54:25.068,261021,926,0.746,1.112,1.835,20.12,5000,44.26,1,19.85,0.083,1,0.606,0.0,199
2026-05-23T00:54:25.194,261126,626,0.504,0.751,0.754,20.12,5000,44.26,1,19.85,0.083,1,0.606,0.0,199
2026-05-23T00:54:25.255,261230,576,0.464,0.691,0.574,20.12,5000,44.26,1,19.85,0.083,1,0.606,0.0,199
2026-05-23T00:54:25.380,261334,782,0.63,0.939,1.316,20.12,5000,44.26,1,19.85,0.083,1,0.606,0.0,199
2026-05-23T00:54:25.502,261439,986,0.795,1.184,2.051,20.12,5000,44.26,1,19.85,0.083,1,0.606,0.0,199
2026-05-23T00:54:25.564,261544,865,0.697,1.038,1.615,20.12,5000,44.26,1,19.85,0.083,1,0.606,0.0,199
2026-05-23T00:54:25.691,261649,572,0.461,0.687,0.56,20.12,5000,44.26,1,19.85,0.083,1,0.606,0.0,199
2026-05-23T00:54:25.814,261753,600,0.484,0.72,0.661,20.12,5000,44.26,1,19.85,0.083,1,0.606,0.0,199
2026-05-23T00:54:25.876,261859,929,0.749,1.115,1.845,20.12,5000,44.26,1,19.85,0.083,1,0.606,0.0,199
2026-05-23T00:54:26.001,261964,942,0.759,1.131,1.892,20.12,5000,44.26,1,19.85,0.083,1,0.606,0.0,199
2026-05-23T00:54:26.124,262069,667,0.538,0.801,0.902,20.12,5000,44.26,1,19.85,0.083,1,0.606,0.0,199
2026-05-23T00:54:26.184,262173,566,0.456,0.679,0.538,20.12,5000,44.26,1,19.85,0.083,1,0.606,0.0,199
2026-05-23T00:54:26.311,262277,742,0.598,0.891,1.172,20.12,5000,44.26,1,19.85,0.083,1,0.606,0.0,199
2026-05-23T00:54:26.435,262382,977,0.787,1.173,2.018,20.12,5000,44.26,1,19.85,0.083,1,0.606,0.0,199
2026-05-23T00:54:26.496,262487,891,0.718,1.069,1.708,20.12,5000,44.26,1,19.85,0.083,1,0.606,0.0,199
2026-05-23T00:54:26.622,262592,599,0.483,0.719,0.657,20.12,5000,44.26,1,19.85,0.083,1,0.606,0.0,199
2026-05-23T00:54:26.747,262696,590,0.475,0.708,0.625,20.12,5000,44.26,1,19.85,0.083,1,0.606,0.0,199
2026-05-23T00:54:26.873,262830,678,0.546,0.814,0.941,20.12,5000,44.26,1,19.55,0.082,1,0.623,0.0,199
2026-05-23T00:54:26.996,262935,561,0.452,0.673,0.52,20.12,5000,44.26,1,19.55,0.082,1,0.623,0.0,199
2026-05-23T00:54:27.059,263039,680,0.548,0.816,0.949,20.12,5000,44.26,1,19.55,0.082,1,0.623,0.0,199
2026-05-23T00:54:27.187,263143,921,0.742,1.106,1.817,20.12,5000,44.26,1,19.55,0.082,1,0.623,0.0,199
2026-05-23T00:54:27.311,263248,952,0.767,1.143,1.928,20.12,5000,44.26,1,19.55,0.082,1,0.623,0.0,199
2026-05-23T00:54:27.373,263353,706,0.569,0.847,1.042,20.12,5000,44.26,1,19.55,0.082,1,0.623,0.0,199
2026-05-23T00:54:27.496,263458,571,0.46,0.685,0.556,20.12,5000,44.26,1,19.55,0.082,1,0.623,0.0,199
2026-05-23T00:54:27.620,263562,757,0.61,0.909,1.226,20.12,5000,44.26,1,19.55,0.082,1,0.623,0.0,199
2026-05-23T00:54:27.682,263667,972,0.783,1.167,2.0,20.12,5000,44.26,1,19.55,0.082,1,0.623,0.0,199
2026-05-23T00:54:27.809,263772,861,0.694,1.033,1.6,20.12,5000,44.26,1,19.55,0.082,1,0.623,0.0,199
2026-05-23T00:54:27.931,263878,542,0.437,0.651,0.452,20.12,5000,44.26,1,16.09,0.062,0,0.0,0.0,199
2026-05-23T00:54:27.992,263982,651,0.525,0.781,0.844,20.12,5000,44.26,1,16.09,0.062,0,0.0,0.0,199
2026-05-23T00:54:28.116,264086,888,0.716,1.066,1.698,20.12,5000,44.26,1,16.09,0.062,0,0.0,0.0,199
2026-05-23T00:54:28.240,264190,977,0.787,1.173,2.018,20.12,5000,44.26,1,16.09,0.062,0,0.0,0.0,199
2026-05-23T00:54:28.304,264294,854,0.688,1.025,1.575,20.12,5000,44.26,1,16.09,0.062,0,0.0,0.0,199
2026-05-23T00:54:28.428,264398,627,0.505,0.753,0.758,20.12,5000,44.26,1,16.09,0.062,0,0.0,0.0,199
2026-05-23T00:54:28.552,264502,578,0.466,0.694,0.581,20.12,5000,44.26,1,16.09,0.062,0,0.0,0.0,199
2026-05-23T00:54:28.615,264606,775,0.625,0.93,1.291,20.12,5000,44.26,1,16.09,0.062,0,0.0,0.0,199
2026-05-23T00:54:28.739,264710,956,0.77,1.148,1.943,20.12,5000,44.26,1,16.09,0.062,0,0.0,0.0,199
2026-05-23T00:54:28.864,264849,974,0.785,1.169,2.007,20.12,5000,44.26,1,14.8,0.054,0,0.0,0.0,199
2026-05-23T00:54:28.988,264954,945,0.762,1.134,1.903,20.12,5000,44.26,1,14.8,0.054,0,0.0,0.0,199
2026-05-23T00:54:29.114,265058,770,0.621,0.924,1.273,20.12,5000,44.26,1,14.8,0.054,0,0.0,0.0,199
2026-05-23T00:54:29.177,265162,584,0.471,0.701,0.603,20.12,5000,44.26,1,14.8,0.054,0,0.0,0.0,199
2026-05-23T00:54:29.301,265266,615,0.496,0.738,0.715,20.12,5000,44.26,1,14.8,0.054,0,0.0,0.0,199
2026-05-23T00:54:29.425,265370,846,0.682,1.015,1.546,20.12,5000,44.26,1,14.8,0.054,0,0.0,0.0,199
2026-05-23T00:54:29.489,265474,971,0.782,1.166,1.997,20.12,5000,44.26,1,14.8,0.054,0,0.0,0.0,199
2026-05-23T00:54:29.612,265578,882,0.711,1.059,1.676,20.12,5000,44.26,1,14.8,0.054,0,0.0,0.0,199
2026-05-23T00:54:29.675,265682,680,0.548,0.816,0.949,20.12,5000,44.26,1,14.8,0.054,0,0.0,0.0,199
2026-05-23T00:54:29.799,265786,571,0.46,0.685,0.556,20.12,5000,44.26,1,14.8,0.054,0,0.0,0.0,199
2026-05-23T00:54:29.924,265887,557,0.449,0.669,0.506,20.12,5000,44.26,1,13.72,0.048,0,0.0,0.0,199
2026-05-23T00:54:29.986,265991,767,0.618,0.921,1.262,20.12,5000,44.26,1,13.72,0.048,0,0.0,0.0,199
2026-05-23T00:54:30.111,266095,944,0.761,1.133,1.899,20.12,5000,44.26,1,13.72,0.048,0,0.0,0.0,199
2026-05-23T00:54:30.234,266199,939,0.757,1.127,1.881,20.12,5000,44.26,1,13.72,0.048,0,0.0,0.0,199
2026-05-23T00:54:30.297,266303,750,0.604,0.9,1.201,20.12,5000,44.26,1,13.72,0.048,0,0.0,0.0,199
2026-05-23T00:54:30.422,266407,572,0.461,0.687,0.56,20.12,5000,44.26,1,13.72,0.048,0,0.0,0.0,199
2026-05-23T00:54:30.543,266511,641,0.517,0.769,0.808,20.12,5000,44.26,1,13.72,0.048,0,0.0,0.0,199
2026-05-23T00:54:30.606,266615,875,0.705,1.05,1.651,20.12,5000,44.26,1,13.72,0.048,0,0.0,0.0,199
2026-05-23T00:54:30.732,266719,974,0.785,1.169,2.007,20.12,5000,44.26,1,13.72,0.048,0,0.0,0.0,199
2026-05-23T00:54:30.858,266868,628,0.506,0.754,0.761,20.12,5000,44.26,1,13.58,0.048,0,0.0,0.0,199
2026-05-23T00:54:30.983,266973,661,0.533,0.793,0.88,20.12,5000,44.26,1,13.58,0.048,0,0.0,0.0,199
2026-05-23T00:54:31.107,267077,899,0.724,1.079,1.737,20.12,5000,44.26,1,13.58,0.048,0,0.0,0.0,199
2026-05-23T00:54:31.168,267181,976,0.787,1.172,2.015,20.12,5000,44.26,1,13.58,0.048,0,0.0,0.0,199
2026-05-23T00:54:31.295,267285,844,0.68,1.013,1.539,20.12,5000,44.26,1,13.58,0.048,0,0.0,0.0,199
2026-05-23T00:54:31.421,267389,619,0.499,0.743,0.729,20.12,5000,44.26,1,13.58,0.048,0,0.0,0.0,199
2026-05-23T00:54:31.483,267493,590,0.475,0.708,0.625,20.12,5000,44.26,1,13.58,0.048,0,0.0,0.0,199
2026-05-23T00:54:31.606,267597,792,0.638,0.951,1.352,20.12,5000,44.26,1,13.58,0.048,0,0.0,0.0,199
2026-05-23T00:54:31.730,267701,956,0.77,1.148,1.943,20.12,5000,44.26,1,13.58,0.048,0,0.0,0.0,199
2026-05-23T00:54:31.792,267805,934,0.753,1.121,1.863,20.12,5000,44.26,1,13.58,0.048,0,0.0,0.0,199
2026-05-23T00:54:31.919,267906,856,0.69,1.027,1.582,20.12,5000,44.26,1,13.58,0.047,0,0.0,0.0,199
2026-05-23T00:54:32.043,268010,691,0.557,0.829,0.988,20.12,5000,44.26,1,13.58,0.047,0,0.0,0.0,199
2026-05-23T00:54:32.105,268114,568,0.458,0.682,0.545,20.12,5000,44.26,1,13.58,0.047,0,0.0,0.0,199
2026-05-23T00:54:32.231,268218,702,0.566,0.843,1.028,20.12,5000,44.26,1,13.58,0.047,0,0.0,0.0,199
2026-05-23T00:54:32.355,268322,923,0.744,1.108,1.824,20.12,5000,44.26,1,13.58,0.047,0,0.0,0.0,199
2026-05-23T00:54:32.418,268426,957,0.771,1.149,1.946,20.12,5000,44.26,1,13.58,0.047,0,0.0,0.0,199
2026-05-23T00:54:32.542,268530,804,0.648,0.965,1.395,20.12,5000,44.26,1,13.58,0.047,0,0.0,0.0,199
2026-05-23T00:54:32.667,268634,594,0.479,0.713,0.639,20.12,5000,44.26,1,13.58,0.047,0,0.0,0.0,199
2026-05-23T00:54:32.728,268738,601,0.484,0.721,0.664,20.12,5000,44.26,1,13.58,0.047,0,0.0,0.0,199
2026-05-23T00:54:32.914,268887,809,0.652,0.971,1.413,20.12,5000,44.26,1,13.58,0.047,0,0.0,0.0,199
2026-05-23T00:54:32.975,268992,775,0.625,0.93,1.291,20.12,5000,44.26,1,13.58,0.047,0,0.0,0.0,199
2026-05-23T00:54:33.102,269096,579,0.467,0.695,0.585,20.12,5000,44.26,1,13.58,0.047,0,0.0,0.0,199
2026-05-23T00:54:33.225,269200,619,0.499,0.743,0.729,20.12,5000,44.26,1,13.58,0.047,0,0.0,0.0,199
2026-05-23T00:54:33.286,269304,846,0.682,1.015,1.546,20.12,5000,44.26,1,13.58,0.047,0,0.0,0.0,199
2026-05-23T00:54:33.409,269408,965,0.778,1.158,1.975,20.12,5000,44.26,1,13.58,0.047,0,0.0,0.0,199
2026-05-23T00:54:33.533,269512,875,0.705,1.05,1.651,20.12,5000,44.26,1,13.58,0.047,0,0.0,0.0,199
2026-05-23T00:54:33.594,269616,673,0.542,0.808,0.923,20.12,5000,44.26,1,13.58,0.047,0,0.0,0.0,199
2026-05-23T00:54:33.719,269720,568,0.458,0.682,0.545,20.12,5000,44.26,1,13.58,0.047,0,0.0,0.0,199
2026-05-23T00:54:33.845,269824,715,0.576,0.858,1.075,20.12,5000,44.26,1,13.58,0.047,0,0.0,0.0,199
2026-05-23T00:54:33.906,269925,739,0.596,0.887,1.161,20.12,5000,44.26,1,13.58,0.047,0,0.0,0.0,199
2026-05-23T00:54:34.031,270029,952,0.767,1.143,1.928,20.12,5000,44.26,1,13.58,0.047,0,0.0,0.0,199
2026-05-23T00:54:34.155,270133,940,0.758,1.128,1.885,20.12,5000,44.26,1,13.58,0.047,0,0.0,0.0,199
2026-05-23T00:54:34.216,270237,744,0.6,0.893,1.179,20.12,5000,44.26,1,13.58,0.047,0,0.0,0.0,199
2026-05-23T00:54:34.340,270341,578,0.466,0.694,0.581,20.12,5000,44.26,1,13.58,0.047,0,0.0,0.0,199
2026-05-23T00:54:34.468,270445,638,0.514,0.766,0.797,20.12,5000,44.26,1,13.58,0.047,0,0.0,0.0,199
2026-05-23T00:54:34.528,270549,888,0.716,1.066,1.698,20.12,5000,44.26,1,13.58,0.047,0,0.0,0.0,199
2026-05-23T00:54:34.650,270653,976,0.787,1.172,2.015,20.12,5000,44.26,1,13.58,0.047,0,0.0,0.0,199
2026-05-23T00:54:34.774,270757,857,0.691,1.029,1.586,20.12,5000,44.26,1,13.58,0.047,0,0.0,0.0,199
2026-05-23T00:54:34.899,270907,879,0.708,1.055,1.665,20.12,5000,44.26,1,13.59,0.047,0,0.0,0.0,199
2026-05-23T00:54:35.023,271012,937,0.755,1.125,1.874,20.12,5000,44.26,1,13.59,0.047,0,0.0,0.0,199
2026-05-23T00:54:35.148,271116,949,0.765,1.139,1.917,20.12,5000,44.26,1,13.59,0.047,0,0.0,0.0,199
2026-05-23T00:54:35.211,271220,778,0.627,0.934,1.302,20.12,5000,44.26,1,13.59,0.047,0,0.0,0.0,199
2026-05-23T00:54:35.333,271324,590,0.475,0.708,0.625,20.12,5000,44.26,1,13.59,0.047,0,0.0,0.0,199
2026-05-23T00:54:35.460,271428,619,0.499,0.743,0.729,20.12,5000,44.26,1,13.59,0.047,0,0.0,0.0,199
2026-05-23T00:54:35.523,271532,859,0.692,1.031,1.593,20.12,5000,44.26,1,13.59,0.047,0,0.0,0.0,199
2026-05-23T00:54:35.646,271636,975,0.786,1.17,2.011,20.12,5000,44.26,1,13.59,0.047,0,0.0,0.0,199
2026-05-23T00:54:35.771,271740,879,0.708,1.055,1.665,20.12,5000,44.26,1,13.59,0.047,0,0.0,0.0,199
2026-05-23T00:54:35.832,271844,670,0.54,0.804,0.913,20.12,5000,44.26,1,13.59,0.047,0,0.0,0.0,199
2026-05-23T00:54:35.958,271944,643,0.518,0.772,0.815,20.12,5000,44.26,1,13.59,0.047,0,0.0,0.0,199
2026-05-23T00:54:36.020,272048,568,0.458,0.682,0.545,20.12,5000,44.26,1,13.59,0.047,0,0.0,0.0,199
2026-05-23T00:54:36.145,272152,713,0.575,0.856,1.068,20.12,5000,44.26,1,13.59,0.047,0,0.0,0.0,199
2026-05-23T00:54:36.269,272256,927,0.747,1.113,1.838,20.12,5000,44.26,1,13.59,0.047,0,0.0,0.0,199
2026-05-23T00:54:36.330,272360,955,0.77,1.146,1.939,20.12,5000,44.26,1,13.59,0.047,0,0.0,0.0,199
2026-05-23T00:54:36.454,272464,789,0.636,0.947,1.341,20.12,5000,44.26,1,13.59,0.047,0,0.0,0.0,199
2026-05-23T00:54:36.580,272568,583,0.47,0.7,0.599,20.12,5000,44.26,1,13.59,0.047,0,0.0,0.0,199
2026-05-23T00:54:36.641,272672,610,0.492,0.732,0.697,20.12,5000,44.26,1,13.59,0.047,0,0.0,0.0,199
2026-05-23T00:54:36.767,272776,834,0.672,1.001,1.503,20.12,5000,44.26,1,13.59,0.047,0,0.0,0.0,199
2026-05-23T00:54:36.953,272926,588,0.474,0.706,0.617,20.12,5000,44.26,1,13.6,0.047,0,0.0,0.0,199
2026-05-23T00:54:37.015,273031,567,0.457,0.681,0.542,20.12,5000,44.26,1,13.6,0.047,0,0.0,0.0,199
2026-05-23T00:54:37.139,273135,685,0.552,0.822,0.967,20.12,5000,44.26,1,13.6,0.047,0,0.0,0.0,199
2026-05-23T00:54:37.265,273239,909,0.733,1.091,1.773,20.12,5000,44.26,1,13.6,0.047,0,0.0,0.0,199
2026-05-23T00:54:37.324,273343,967,0.779,1.161,1.982,20.12,5000,44.26,1,13.6,0.047,0,0.0,0.0,199
2026-05-23T00:54:37.449,273447,810,0.653,0.972,1.417,20.12,5000,44.26,1,13.6,0.047,0,0.0,0.0,199
2026-05-23T00:54:37.575,273551,600,0.484,0.72,0.661,20.12,5000,44.26,1,13.6,0.047,0,0.0,0.0,199
2026-05-23T00:54:37.637,273655,599,0.483,0.719,0.657,20.12,5000,44.26,1,13.6,0.047,0,0.0,0.0,199
2026-05-23T00:54:37.762,273759,813,0.655,0.976,1.428,20.12,5000,44.26,1,13.6,0.047,0,0.0,0.0,199
2026-05-23T00:54:37.886,273863,971,0.782,1.166,1.997,20.12,5000,44.26,1,13.6,0.047,0,0.0,0.0,199
2026-05-23T00:54:37.948,273963,927,0.747,1.113,1.838,20.12,5000,44.26,1,13.59,0.047,0,0.0,0.0,199
2026-05-23T00:54:38.073,274067,927,0.747,1.113,1.838,20.12,5000,44.26,1,13.59,0.047,0,0.0,0.0,199
2026-05-23T00:54:38.135,274171,715,0.576,0.858,1.075,20.12,5000,44.26,1,13.59,0.047,0,0.0,0.0,199
2026-05-23T00:54:38.260,274275,567,0.457,0.681,0.542,20.12,5000,44.26,1,13.59,0.047,0,0.0,0.0,199
2026-05-23T00:54:38.385,274379,678,0.546,0.814,0.941,20.12,5000,44.26,1,13.59,0.047,0,0.0,0.0,199
2026-05-23T00:54:38.448,274483,905,0.729,1.086,1.759,20.12,5000,44.26,1,13.59,0.047,0,0.0,0.0,199
2026-05-23T00:54:38.572,274587,969,0.781,1.163,1.989,20.12,5000,44.26,1,13.59,0.047,0,0.0,0.0,199
2026-05-23T00:54:38.696,274691,824,0.664,0.989,1.467,20.12,5000,44.26,1,13.59,0.047,0,0.0,0.0,199
2026-05-23T00:54:38.758,274795,612,0.493,0.735,0.704,20.12,5000,44.26,1,13.59,0.047,0,0.0,0.0,199
2026-05-23T00:54:38.945,274945,966,0.778,1.16,1.979,20.12,5000,44.26,1,13.6,0.047,0,0.0,0.0,199
2026-05-23T00:54:39.071,275050,931,0.75,1.118,1.853,20.12,5000,44.26,1,13.6,0.047,0,0.0,0.0,199
2026-05-23T00:54:39.132,275154,728,0.587,0.874,1.122,20.12,5000,44.26,1,13.6,0.047,0,0.0,0.0,199
2026-05-23T00:54:39.257,275258,570,0.459,0.684,0.553,20.12,5000,44.26,1,13.6,0.047,0,0.0,0.0,199
2026-05-23T00:54:39.381,275362,654,0.527,0.785,0.855,20.12,5000,44.26,1,13.6,0.047,0,0.0,0.0,199
2026-05-23T00:54:39.443,275466,892,0.719,1.071,1.712,20.12,5000,44.26,1,13.6,0.047,0,0.0,0.0,199
2026-05-23T00:54:39.569,275570,970,0.782,1.164,1.993,20.12,5000,44.26,1,13.6,0.047,0,0.0,0.0,199
2026-05-23T00:54:39.694,275674,837,0.675,1.005,1.514,20.12,5000,44.26,1,13.6,0.047,0,0.0,0.0,199
2026-05-23T00:54:39.755,275778,611,0.492,0.733,0.7,20.12,5000,44.26,1,13.6,0.047,0,0.0,0.0,199
2026-05-23T00:54:39.880,275882,584,0.471,0.701,0.603,20.12,5000,44.26,1,13.6,0.047,0,0.0,0.0,199
2026-05-23T00:54:39.942,275983,578,0.466,0.694,0.581,20.12,5000,44.26,1,13.6,0.048,0,0.0,0.0,199
2026-05-23T00:54:40.068,276087,832,0.67,0.999,1.496,20.12,5000,44.26,1,13.6,0.048,0,0.0,0.0,199
2026-05-23T00:54:40.193,276191,967,0.779,1.161,1.982,20.12,5000,44.26,1,13.6,0.048,0,0.0,0.0,199
2026-05-23T00:54:40.254,276295,895,0.721,1.074,1.723,20.12,5000,44.26,1,13.6,0.048,0,0.0,0.0,199
2026-05-23T00:54:40.380,276399,682,0.55,0.819,0.956,20.12,5000,44.26,1,13.6,0.048,0,0.0,0.0,199
2026-05-23T00:54:40.505,276503,562,0.453,0.675,0.524,20.12,5000,44.26,1,13.6,0.048,0,0.0,0.0,199
2026-05-23T00:54:40.565,276607,711,0.573,0.853,1.06,20.12,5000,44.26,1,13.6,0.048,0,0.0,0.0,199
2026-05-23T00:54:40.690,276711,927,0.747,1.113,1.838,20.12,5000,44.26,1,13.6,0.048,0,0.0,0.0,199
2026-05-23T00:54:40.814,276815,957,0.771,1.149,1.946,20.12,5000,44.26,1,13.6,0.048,0,0.0,0.0,199
2026-05-23T00:54:40.937,276964,716,0.577,0.859,1.078,20.12,5000,44.26,1,14.39,0.052,0,0.0,0.0,199
2026-05-23T00:54:41.062,277069,752,0.606,0.903,1.208,20.12,5000,44.26,1,14.39,0.052,0,0.0,0.0,199
2026-05-23T00:54:41.189,277173,952,0.767,1.143,1.928,20.12,5000,44.26,1,14.39,0.052,0,0.0,0.0,199
2026-05-23T00:54:41.251,277277,945,0.762,1.134,1.903,20.12,5000,44.26,1,14.39,0.052,0,0.0,0.0,199
2026-05-23T00:54:41.374,277381,748,0.603,0.898,1.194,20.12,5000,44.26,1,14.39,0.052,0,0.0,0.0,199
2026-05-23T00:54:41.436,277485,557,0.449,0.669,0.506,20.12,5000,44.26,1,14.39,0.052,0,0.0,0.0,199
2026-05-23T00:54:41.562,277589,628,0.506,0.754,0.761,20.12,5000,44.26,1,14.39,0.052,0,0.0,0.0,199
2026-05-23T00:54:41.686,277693,885,0.713,1.062,1.687,20.12,5000,44.26,1,14.39,0.052,0,0.0,0.0,199
2026-05-23T00:54:41.747,277797,977,0.787,1.173,2.018,20.12,5000,44.26,1,14.39,0.052,0,0.0,0.0,199
2026-05-23T00:54:41.875,277901,858,0.691,1.03,1.59,20.12,5000,44.26,1,14.39,0.052,0,0.0,0.0,199
2026-05-23T00:54:41.997,278002,794,0.64,0.953,1.359,20.12,5000,44.26,1,16.41,0.063,0,0.0,0.0,199
2026-05-23T00:54:42.061,278106,586,0.472,0.703,0.61,20.12,5000,44.26,1,16.41,0.063,0,0.0,0.0,199
2026-05-23T00:54:42.187,278210,596,0.48,0.715,0.646,20.12,5000,44.26,1,16.41,0.063,0,0.0,0.0,199
2026-05-23T00:54:42.310,278314,827,0.666,0.993,1.478,20.12,5000,44.26,1,16.41,0.063,0,0.0,0.0,199
2026-05-23T00:54:42.371,278418,981,0.791,1.178,2.033,20.12,5000,44.26,1,16.41,0.063,0,0.0,0.0,199
2026-05-23T00:54:42.497,278522,919,0.741,1.103,1.809,20.12,5000,44.26,1,16.41,0.063,0,0.0,0.0,199
2026-05-23T00:54:42.621,278626,691,0.557,0.829,0.988,20.12,5000,44.26,1,16.41,0.063,0,0.0,0.0,199
2026-05-23T00:54:42.683,278730,551,0.444,0.661,0.484,20.12,5000,44.26,1,16.41,0.063,0,0.0,0.0,199
2026-05-23T00:54:42.810,278834,705,0.568,0.846,1.039,20.12,5000,44.26,1,16.41,0.063,0,0.0,0.0,199
2026-05-23T00:54:42.932,278983,688,0.554,0.826,0.977,20.12,5000,44.26,1,17.96,0.072,1,0.773,0.0,199
2026-05-23T00:54:43.058,279088,650,0.524,0.78,0.841,20.12,5000,44.26,1,17.96,0.072,1,0.773,0.0,199
2026-05-23T00:54:43.180,279192,564,0.455,0.677,0.531,20.12,5000,44.26,1,17.96,0.072,1,0.773,0.0,199
2026-05-23T00:54:43.244,279296,747,0.602,0.897,1.19,20.12,5000,44.26,1,17.96,0.072,1,0.773,0.0,199
2026-05-23T00:54:43.368,279401,974,0.785,1.169,2.007,20.12,5000,44.26,1,17.96,0.072,1,0.773,0.0,199
2026-05-23T00:54:43.493,279506,871,0.702,1.045,1.636,20.12,5000,44.26,1,17.96,0.072,1,0.773,0.0,199
2026-05-23T00:54:43.555,279611,575,0.463,0.69,0.571,20.12,5000,44.26,1,17.96,0.072,1,0.773,0.0,199
2026-05-23T00:54:43.680,279715,596,0.48,0.715,0.646,20.12,5000,44.26,1,17.96,0.072,1,0.773,0.0,199
2026-05-23T00:54:43.805,279819,854,0.688,1.025,1.575,20.12,5000,44.26,1,17.96,0.072,1,0.773,0.0,199
2026-05-23T00:54:43.929,279924,988,0.796,1.186,2.058,20.12,5000,44.26,1,17.96,0.072,1,0.773,0.0,199
2026-05-23T00:54:43.992,280031,633,0.51,0.76,0.779,20.12,5000,44.26,1,19.29,0.08,1,0.648,0.0,199
2026-05-23T00:54:44.116,280135,567,0.457,0.681,0.542,20.12,5000,44.26,1,19.29,0.08,1,0.648,0.0,199
2026-05-23T00:54:44.238,280239,754,0.608,0.905,1.215,20.12,5000,44.26,1,19.29,0.08,1,0.648,0.0,199
2026-05-23T00:54:44.299,280344,983,0.792,1.18,2.04,20.12,5000,44.26,1,19.29,0.08,1,0.648,0.0,199
2026-05-23T00:54:44.425,280449,873,0.704,1.048,1.644,20.12,5000,44.26,1,19.29,0.08,1,0.648,0.0,199
2026-05-23T00:54:44.551,280554,584,0.471,0.701,0.603,20.12,5000,44.26,1,19.29,0.08,1,0.648,0.0,199
2026-05-23T00:54:44.614,280658,606,0.488,0.727,0.682,20.12,5000,44.26,1,19.29,0.08,1,0.648,0.0,199
2026-05-23T00:54:44.738,280762,856,0.69,1.027,1.582,20.12,5000,44.26,1,19.29,0.08,1,0.648,0.0,199
2026-05-23T00:54:44.861,280867,980,0.79,1.176,2.029,20.12,5000,44.26,1,19.29,0.08,1,0.648,0.0,199
2026-05-23T00:54:44.984,281002,907,0.731,1.089,1.766,20.12,5000,44.26,1,19.34,0.08,1,0.646,0.0,199
2026-05-23T00:54:45.107,281108,986,0.795,1.184,2.051,20.12,5000,44.26,1,19.34,0.08,1,0.646,0.0,199
2026-05-23T00:54:45.171,281213,767,0.618,0.921,1.262,20.12,5000,44.26,1,19.34,0.08,1,0.646,0.0,199
2026-05-23T00:54:45.296,281318,557,0.449,0.669,0.506,20.12,5000,44.26,1,19.34,0.08,1,0.646,0.0,199
2026-05-23T00:54:45.419,281422,700,0.564,0.84,1.021,20.12,5000,44.26,1,19.34,0.08,1,0.646,0.0,199
2026-05-23T00:54:45.481,281527,974,0.785,1.169,2.007,20.12,5000,44.26,1,19.34,0.08,1,0.646,0.0,199
2026-05-23T00:54:45.605,281632,918,0.74,1.102,1.806,20.12,5000,44.26,1,19.34,0.08,1,0.646,0.0,199
2026-05-23T00:54:45.733,281737,614,0.495,0.737,0.711,20.12,5000,44.26,1,19.34,0.08,1,0.646,0.0,199
2026-05-23T00:54:45.794,281841,589,0.475,0.707,0.621,20.12,5000,44.26,1,19.34,0.08,1,0.646,0.0,199
2026-05-23T00:54:45.920,281945,814,0.656,0.977,1.431,20.12,5000,44.26,1,19.34,0.08,1,0.646,0.0,199
2026-05-23T00:54:46.044,282050,975,0.786,1.17,2.011,20.12,5000,44.26,1,19.85,0.084,1,0.599,0.0,199
2026-05-23T00:54:46.105,282155,837,0.675,1.005,1.514,20.12,5000,44.26,1,19.85,0.084,1,0.599,0.0,199
2026-05-23T00:54:46.229,282260,563,0.454,0.676,0.527,20.12,5000,44.26,1,19.85,0.084,1,0.599,0.0,199
2026-05-23T00:54:46.357,282364,630,0.508,0.756,0.769,20.12,5000,44.26,1,19.85,0.084,1,0.599,0.0,199
2026-05-23T00:54:46.418,282468,909,0.733,1.091,1.773,20.12,5000,44.26,1,19.85,0.084,1,0.599,0.0,199
2026-05-23T00:54:46.541,282573,980,0.79,1.176,2.029,20.12,5000,44.26,1,19.85,0.084,1,0.599,0.0,199
2026-05-23T00:54:46.667,282678,746,0.601,0.895,1.186,20.12,5000,44.26,1,19.85,0.084,1,0.599,0.0,199
2026-05-23T00:54:46.728,282783,559,0.45,0.671,0.513,20.12,5000,44.26,1,19.85,0.084,1,0.599,0.0,199
2026-05-23T00:54:46.853,282887,739,0.596,0.887,1.161,20.12,5000,44.26,1,19.85,0.084,1,0.599,0.0,199
2026-05-23T00:54:46.977,283022,931,0.75,1.118,1.853,20.12,5000,44.26,1,20.32,0.086,1,0.572,0.0,199
2026-05-23T00:54:47.101,283127,687,0.554,0.825,0.974,20.12,5000,44.26,1,20.32,0.086,1,0.572,0.0,199
2026-05-23T00:54:47.163,283231,930,0.749,1.116,1.849,20.12,5000,44.26,1,20.32,0.086,1,0.572,0.0,199
2026-05-23T00:54:47.289,283336,964,0.777,1.157,1.971,20.12,5000,44.26,1,20.32,0.086,1,0.572,0.0,199
2026-05-23T00:54:47.412,283441,711,0.573,0.853,1.06,20.12,5000,44.26,1,20.32,0.086,1,0.572,0.0,199
2026-05-23T00:54:47.534,283546,579,0.467,0.695,0.585,20.12,5000,44.26,1,20.32,0.086,1,0.572,0.0,199
2026-05-23T00:54:47.597,283650,796,0.641,0.955,1.366,20.12,5000,44.26,1,20.32,0.086,1,0.572,0.0,199
2026-05-23T00:54:47.722,283755,993,0.8,1.192,2.076,20.12,5000,44.26,1,20.32,0.086,1,0.572,0.0,199
2026-05-23T00:54:47.848,283860,862,0.695,1.035,1.604,20.12,5000,44.26,1,20.32,0.086,1,0.572,0.0,199
2026-05-23T00:54:47.911,283965,575,0.463,0.69,0.571,20.12,5000,44.26,1,20.32,0.086,1,0.572,0.0,199
2026-05-23T00:54:48.034,284069,622,0.501,0.747,0.74,20.12,5000,44.26,1,21.04,0.091,1,0.522,0.0,199
2026-05-23T00:54:48.158,284173,904,0.728,1.085,1.755,20.12,5000,44.26,1,21.04,0.091,1,0.522,0.0,199
2026-05-23T00:54:48.221,284278,992,0.799,1.191,2.072,20.12,5000,44.26,1,21.04,0.091,1,0.522,0.0,199
2026-05-23T00:54:48.344,284383,781,0.629,0.937,1.312,20.12,5000,44.26,1,21.04,0.091,1,0.522,0.0,199
2026-05-23T00:54:48.472,284488,557,0.449,0.669,0.506,20.12,5000,44.26,1,21.04,0.091,1,0.522,0.0,199
2026-05-23T00:54:48.534,284592,743,0.599,0.892,1.176,20.12,5000,44.26,1,21.04,0.091,1,0.522,0.0,199
2026-05-23T00:54:48.657,284697,992,0.799,1.191,2.072,20.12,5000,44.26,1,21.04,0.091,1,0.522,0.0,199
2026-05-23T00:54:48.783,284802,944,0.761,1.133,1.899,20.12,5000,44.26,1,21.04,0.091,1,0.522,0.0,199
2026-05-23T00:54:48.846,284907,612,0.493,0.735,0.704,20.12,5000,44.26,1,21.04,0.091,1,0.522,0.0,199
2026-05-23T00:54:49.034,285046,553,0.446,0.664,0.491,20.12,5000,44.26,1,22.57,0.099,1,0.447,0.0,199
2026-05-23T00:54:49.096,285151,618,0.498,0.742,0.725,20.12,5000,44.26,1,22.57,0.099,1,0.447,0.0,199
2026-05-23T00:54:49.219,285255,846,0.682,1.015,1.546,20.12,5000,44.26,1,22.57,0.099,1,0.447,0.0,199
2026-05-23T00:54:49.345,285360,1032,0.832,1.239,2.216,20.12,5000,44.26,1,22.57,0.099,1,0.447,0.0,199
2026-05-23T00:54:49.407,285465,909,0.733,1.091,1.773,20.12,5000,44.26,1,22.57,0.099,1,0.447,0.0,199
2026-05-23T00:54:49.531,285570,579,0.467,0.695,0.585,20.12,5000,44.26,1,22.57,0.099,1,0.447,0.0,199
2026-05-23T00:54:49.656,285674,707,0.57,0.849,1.046,20.12,5000,44.26,1,22.57,0.099,1,0.447,0.0,199
2026-05-23T00:54:49.720,285779,1001,0.807,1.202,2.105,20.12,5000,44.26,1,22.57,0.099,1,0.447,0.0,199
2026-05-23T00:54:49.842,285884,1020,0.822,1.224,2.173,20.12,5000,44.26,1,22.57,0.099,1,0.447,0.0,199
2026-05-23T00:54:50.026,286045,750,0.604,0.9,1.201,20.12,5000,44.26,1,24.05,0.108,2,0.77,0.0,199
2026-05-23T00:54:50.090,286150,707,0.57,0.849,1.046,20.12,5000,44.26,1,24.05,0.108,2,0.77,0.0,199
2026-05-23T00:54:50.214,286255,716,0.577,0.859,1.078,20.12,5000,44.26,1,24.05,0.108,2,0.77,0.0,199
2026-05-23T00:54:50.339,286360,1011,0.815,1.214,2.141,20.12,5000,44.26,1,24.05,0.108,2,0.77,0.0,199
2026-05-23T00:54:50.401,286465,1061,0.855,1.274,2.321,20.12,5000,44.26,1,24.05,0.108,2,0.77,0.0,199
2026-05-23T00:54:50.525,286570,837,0.675,1.005,1.514,20.12,5000,44.26,1,24.05,0.108,2,0.77,0.0,199
2026-05-23T00:54:50.650,286675,608,0.49,0.73,0.689,20.12,5000,44.26,1,24.05,0.108,2,0.77,0.0,199
2026-05-23T00:54:50.711,286780,971,0.782,1.166,1.997,20.12,5000,44.26,1,24.05,0.108,2,0.77,0.0,199
2026-05-23T00:54:50.838,286885,1127,0.908,1.353,2.558,20.12,5000,44.26,1,24.05,0.108,2,0.77,0.0,199
2026-05-23T00:54:50.962,287040,971,0.782,1.166,1.997,20.12,5000,44.26,1,26.58,0.123,2,0.611,0.0,199
2026-05-23T00:54:51.088,287145,1147,0.924,1.377,2.63,20.12,5000,44.26,1,26.58,0.123,2,0.611,0.0,199
2026-05-23T00:54:51.212,287250,1042,0.84,1.251,2.252,20.12,5000,44.26,1,26.58,0.123,2,0.611,0.0,199
2026-05-23T00:54:51.274,287355,665,0.536,0.798,0.895,20.12,5000,44.26,1,26.58,0.123,2,0.611,0.0,199
2026-05-23T00:54:51.397,287460,871,0.702,1.045,1.636,20.12,5000,44.26,1,26.58,0.123,2,0.611,0.0,199
2026-05-23T00:54:51.520,287565,1146,0.924,1.376,2.627,20.12,5000,44.26,1,26.58,0.123,2,0.611,0.0,199
2026-05-23T00:54:51.647,287670,1125,0.907,1.35,2.551,20.12,5000,44.26,1,26.58,0.123,2,0.611,0.0,199
2026-05-23T00:54:51.711,287775,793,0.639,0.952,1.356,20.12,5000,44.26,1,26.58,0.123,2,0.611,0.0,199
2026-05-23T00:54:51.836,287880,808,0.651,0.97,1.41,20.12,5000,44.26,1,26.58,0.123,2,0.611,0.0,199
2026-05-23T00:54:51.962,287985,1135,0.915,1.362,2.587,20.12,5000,44.26,1,26.58,0.123,2,0.611,0.0,199
2026-05-23T00:54:52.022,288087,1193,0.961,1.432,2.796,20.12,5000,44.26,1,28.61,0.135,3,0.776,0.0,199
2026-05-23T00:54:52.146,288192,1143,0.921,1.372,2.616,20.12,5000,44.26,1,28.61,0.135,3,0.776,0.0,199
2026-05-23T00:54:52.272,288297,770,0.621,0.924,1.273,20.12,5000,44.26,1,28.61,0.135,3,0.776,0.0,199
2026-05-23T00:54:52.333,288402,867,0.699,1.041,1.622,20.12,5000,44.26,1,28.61,0.135,3,0.776,0.0,199
2026-05-23T00:54:52.458,288507,1175,0.947,1.41,2.731,20.12,5000,44.26,1,28.61,0.135,3,0.776,0.0,199
2026-05-23T00:54:52.584,288612,1180,0.951,1.416,2.749,20.12,5000,44.26,1,28.61,0.135,3,0.776,0.0,199
2026-05-23T00:54:52.645,288717,904,0.728,1.085,1.755,20.12,5000,44.26,1,28.61,0.135,3,0.776,0.0,199
2026-05-23T00:54:52.771,288822,798,0.643,0.958,1.374,20.12,5000,44.26,1,28.61,0.135,3,0.776,0.0,199
2026-05-23T00:54:52.897,288927,1090,0.878,1.308,2.425,20.12,5000,44.26,1,28.61,0.135,3,0.776,0.0,199
2026-05-23T00:54:53.022,289069,1230,0.991,1.476,2.929,20.12,5000,44.26,1,30.25,0.145,3,0.683,0.0,199
2026-05-23T00:54:53.148,289174,1186,0.956,1.424,2.771,20.12,5000,44.26,1,30.25,0.145,3,0.683,0.0,199
2026-05-23T00:54:53.209,289279,884,0.712,1.061,1.683,20.12,5000,44.26,1,30.25,0.145,3,0.683,0.0,199
2026-05-23T00:54:53.334,289384,845,0.681,1.014,1.543,20.12,5000,44.26,1,30.25,0.145,3,0.683,0.0,199
2026-05-23T00:54:53.457,289489,1117,0.9,1.341,2.522,20.12,5000,44.26,1,30.25,0.145,3,0.683,0.0,199
2026-05-23T00:54:53.518,289594,1225,0.987,1.47,2.911,20.12,5000,44.26,1,30.25,0.145,3,0.683,0.0,199
2026-05-23T00:54:53.644,289699,993,0.8,1.192,2.076,20.12,5000,44.26,1,30.25,0.145,3,0.683,0.0,199
2026-05-23T00:54:53.769,289804,657,0.529,0.789,0.866,20.12,5000,44.26,1,30.25,0.145,3,0.683,0.0,199
2026-05-23T00:54:53.832,289909,1025,0.826,1.23,2.191,20.12,5000,44.26,1,30.25,0.145,3,0.683,0.0,199
2026-05-23T00:54:54.018,290063,1236,0.996,1.484,2.951,20.12,5000,44.26,1,31.23,0.151,4,0.848,0.0,199
2026-05-23T00:54:54.079,290169,972,0.783,1.167,2.0,20.12,5000,44.26,1,31.23,0.151,4,0.848,0.0,199
2026-05-23T00:54:54.205,290274,1227,0.989,1.473,2.918,20.12,5000,44.26,1,31.23,0.151,4,0.848,0.0,199
2026-05-23T00:54:54.328,290379,1176,0.948,1.412,2.735,20.12,5000,44.26,1,31.23,0.151,4,0.848,0.0,199
2026-05-23T00:54:54.453,290484,786,0.633,0.943,1.33,20.12,5000,44.26,1,31.23,0.151,4,0.848,0.0,199
2026-05-23T00:54:54.517,290589,907,0.731,1.089,1.766,20.12,5000,44.26,1,31.23,0.151,4,0.848,0.0,199
2026-05-23T00:54:54.640,290694,1205,0.971,1.446,2.839,20.12,5000,44.26,1,31.23,0.151,4,0.848,0.0,199
2026-05-23T00:54:54.764,290799,1207,0.973,1.449,2.846,20.12,5000,44.26,1,31.23,0.151,4,0.848,0.0,199
2026-05-23T00:54:54.827,290904,916,0.738,1.1,1.799,20.12,5000,44.26,1,31.23,0.151,4,0.848,0.0,199
2026-05-23T00:54:54.953,291009,843,0.679,1.012,1.536,20.12,5000,44.26,1,31.23,0.151,4,0.848,0.0,199
2026-05-23T00:54:55.015,291111,911,0.734,1.094,1.781,20.12,5000,44.26,1,32.89,0.161,4,0.755,0.0,199
2026-05-23T00:54:55.139,291216,1217,0.981,1.461,2.882,20.12,5000,44.26,1,32.89,0.161,4,0.755,0.0,199
2026-05-23T00:54:55.263,291321,1213,0.978,1.456,2.868,20.12,5000,44.26,1,32.89,0.161,4,0.755,0.0,199
2026-05-23T00:54:55.388,291426,890,0.717,1.068,1.705,20.12,5000,44.26,1,32.89,0.161,4,0.755,0.0,199
2026-05-23T00:54:55.451,291531,865,0.697,1.038,1.615,20.12,5000,44.26,1,32.89,0.161,4,0.755,0.0,199
2026-05-23T00:54:55.574,291636,1143,0.921,1.372,2.616,20.12,5000,44.26,1,32.89,0.161,4,0.755,0.0,199
2026-05-23T00:54:55.699,291741,1239,0.998,1.487,2.962,20.12,5000,44.26,1,32.89,0.161,4,0.755,0.0,199
2026-05-23T00:54:55.761,291846,1008,0.812,1.21,2.13,20.12,5000,44.26,1,32.89,0.161,4,0.755,0.0,199
2026-05-23T00:54:55.885,291951,681,0.549,0.817,0.952,20.12,5000,44.26,1,32.89,0.161,4,0.755,0.0,199
2026-05-23T00:54:56.009,292092,916,0.738,1.1,1.799,20.12,5000,44.26,1,33.21,0.163,4,0.738,0.0,199
2026-05-23T00:54:56.136,292198,1146,0.924,1.376,2.627,20.12,5000,44.26,1,33.21,0.163,4,0.738,0.0,199
2026-05-23T00:54:56.260,292303,1239,0.998,1.487,2.962,20.12,5000,44.26,1,33.21,0.163,4,0.738,0.0,199
2026-05-23T00:54:56.321,292408,997,0.803,1.197,2.09,20.12,5000,44.26,1,33.21,0.163,4,0.738,0.0,199
2026-05-23T00:54:56.447,292513,679,0.547,0.815,0.945,20.12,5000,44.26,1,33.21,0.163,4,0.738,0.0,199
2026-05-23T00:54:56.570,292618,1049,0.845,1.259,2.277,20.12,5000,44.26,1,33.21,0.163,4,0.738,0.0,199
2026-05-23T00:54:56.633,292723,1258,1.014,1.51,3.03,20.12,5000,44.26,1,33.21,0.163,4,0.738,0.0,199
2026-05-23T00:54:56.759,292828,1113,0.897,1.336,2.508,20.12,5000,44.26,1,33.21,0.163,4,0.738,0.0,199
2026-05-23T00:54:56.884,292933,726,0.585,0.871,1.114,20.12,5000,44.26,1,33.21,0.163,4,0.738,0.0,199
2026-05-23T00:54:57.006,293097,954,0.769,1.145,1.935,20.12,5000,44.26,1,33.27,0.163,4,0.737,0.0,199
2026-05-23T00:54:57.131,293202,1197,0.965,1.437,2.81,20.12,5000,44.26,1,33.27,0.163,4,0.737,0.0,199
2026-05-23T00:54:57.254,293307,1215,0.979,1.458,2.875,20.12,5000,44.26,1,33.27,0.163,4,0.737,0.0,199
2026-05-23T00:54:57.317,293412,941,0.758,1.13,1.889,20.12,5000,44.26,1,33.27,0.163,4,0.737,0.0,199
2026-05-23T00:54:57.445,293517,807,0.65,0.969,1.406,20.12,5000,44.26,1,33.27,0.163,4,0.737,0.0,199
2026-05-23T00:54:57.570,293622,1094,0.882,1.313,2.439,20.12,5000,44.26,1,33.27,0.163,4,0.737,0.0,199
2026-05-23T00:54:57.633,293727,1259,1.015,1.511,3.034,20.12,5000,44.26,1,33.27,0.163,4,0.737,0.0,199
2026-05-23T00:54:57.757,293832,1065,0.858,1.278,2.335,20.12,5000,44.26,1,33.27,0.163,4,0.737,0.0,199
2026-05-23T00:54:57.882,293937,678,0.546,0.814,0.941,20.12,5000,44.26,1,33.27,0.163,4,0.737,0.0,199
2026-05-23T00:54:58.006,294092,992,0.799,1.191,2.072,20.12,5000,44.26,1,33.32,0.163,4,0.736,0.0,199
2026-05-23T00:54:58.132,294197,746,0.601,0.895,1.186,20.12,5000,44.26,1,33.32,0.163,4,0.736,0.0,199
2026-05-23T00:54:58.259,294302,940,0.758,1.128,1.885,20.12,5000,44.26,1,33.32,0.163,4,0.736,0.0,199
2026-05-23T00:54:58.320,294407,1234,0.994,1.481,2.944,20.12,5000,44.26,1,33.32,0.163,4,0.736,0.0,199
2026-05-23T00:54:58.446,294512,1214,0.978,1.457,2.872,20.12,5000,44.26,1,33.32,0.163,4,0.736,0.0,199
2026-05-23T00:54:58.568,294617,865,0.697,1.038,1.615,20.12,5000,44.26,1,33.32,0.163,4,0.736,0.0,199
2026-05-23T00:54:58.631,294722,888,0.716,1.066,1.698,20.12,5000,44.26,1,33.32,0.163,4,0.736,0.0,199
2026-05-23T00:54:58.754,294827,1179,0.95,1.415,2.746,20.12,5000,44.26,1,33.32,0.163,4,0.736,0.0,199
2026-05-23T00:54:58.877,294932,1250,1.007,1.5,3.001,20.12,5000,44.26,1,33.32,0.163,4,0.736,0.0,199
2026-05-23T00:54:58.940,295037,990,0.798,1.188,2.065,20.12,5000,44.26,1,33.32,0.163,4,0.736,0.0,199
2026-05-23T00:54:59.067,295139,842,0.679,1.011,1.532,20.12,5000,44.26,1,33.86,0.167,4,0.707,0.0,199
2026-05-23T00:54:59.190,295244,903,0.728,1.084,1.752,20.12,5000,44.26,1,33.86,0.167,4,0.707,0.0,199
2026-05-23T00:54:59.253,295349,1195,0.963,1.434,2.803,20.12,5000,44.26,1,33.86,0.167,4,0.707,0.0,199
2026-05-23T00:54:59.378,295454,1241,1.0,1.49,2.969,20.12,5000,44.26,1,33.86,0.167,4,0.707,0.0,199
2026-05-23T00:54:59.504,295559,978,0.788,1.174,2.022,20.12,5000,44.26,1,33.86,0.167,4,0.707,0.0,199
2026-05-23T00:54:59.567,295664,778,0.627,0.934,1.302,20.12,5000,44.26,1,33.86,0.167,4,0.707,0.0,199
2026-05-23T00:54:59.693,295769,1106,0.891,1.328,2.483,20.12,5000,44.26,1,33.86,0.167,4,0.707,0.0,199
2026-05-23T00:54:59.817,295874,1303,1.05,1.564,3.192,20.12,5000,44.26,1,33.86,0.167,4,0.707,0.0,199
2026-05-23T00:54:59.882,295979,1109,0.894,1.331,2.493,20.12,5000,44.26,1,33.86,0.167,4,0.707,0.0,199
2026-05-23T00:55:00.069,296121,874,0.704,1.049,1.647,20.12,5000,44.26,1,35.49,0.176,5,0.8,0.0,199
2026-05-23T00:55:00.132,296226,818,0.659,0.982,1.446,20.12,5000,44.26,1,35.49,0.176,5,0.8,0.0,199
2026-05-23T00:55:00.257,296331,1143,0.921,1.372,2.616,20.12,5000,44.26,1,35.49,0.176,5,0.8,0.0,199
2026-05-23T00:55:00.382,296436,1343,1.082,1.612,3.336,20.12,5000,44.26,1,35.49,0.176,5,0.8,0.0,199
2026-05-23T00:55:00.443,296541,1138,0.917,1.366,2.598,20.12,5000,44.26,1,35.49,0.176,5,0.8,0.0,199
2026-05-23T00:55:00.567,296646,737,0.594,0.885,1.154,20.12,5000,44.26,1,35.49,0.176,5,0.8,0.0,199
2026-05-23T00:55:00.694,296751,1082,0.872,1.299,2.396,20.12,5000,44.26,1,35.49,0.176,5,0.8,0.0,199
2026-05-23T00:55:00.754,296856,1352,1.09,1.623,3.369,20.12,5000,44.26,1,35.49,0.176,5,0.8,0.0,199
2026-05-23T00:55:00.881,296961,1256,1.012,1.508,3.023,20.12,5000,44.26,1,35.49,0.176,5,0.8,0.0,199
2026-05-23T00:55:01.005,297115,860,0.693,1.032,1.597,20.12,5000,44.26,1,36.87,0.185,6,0.879,0.0,199
2026-05-23T00:55:01.130,297220,1362,1.098,1.635,3.405,20.12,5000,44.26,1,36.87,0.185,6,0.879,0.0,199
2026-05-23T00:55:01.256,297325,1046,0.843,1.256,2.267,20.12,5000,44.26,1,36.87,0.185,6,0.879,0.0,199
2026-05-23T00:55:01.319,297430,855,0.689,1.026,1.579,20.12,5000,44.26,1,36.87,0.185,6,0.879,0.0,199
2026-05-23T00:55:01.445,297535,1218,0.982,1.462,2.886,20.12,5000,44.26,1,36.87,0.185,6,0.879,0.0,199
2026-05-23T00:55:01.566,297640,1416,1.141,1.7,3.599,20.12,5000,44.26,1,36.87,0.185,6,0.879,0.0,199
2026-05-23T00:55:01.628,297745,1196,0.964,1.436,2.807,20.12,5000,44.26,1,36.87,0.185,6,0.879,0.0,199
2026-05-23T00:55:01.752,297850,798,0.643,0.958,1.374,20.12,5000,44.26,1,36.87,0.185,6,0.879,0.0,199
2026-05-23T00:55:01.878,297955,1163,0.937,1.396,2.688,20.12,5000,44.26,1,36.87,0.185,6,0.879,0.0,199
2026-05-23T00:55:02.000,298060,1442,1.162,1.731,3.693,20.12,5000,44.26,1,36.87,0.185,6,0.879,0.0,199
2026-05-23T00:55:02.062,298163,1432,1.154,1.719,3.657,20.12,5000,44.26,1,39.48,0.2,7,0.886,0.0,199
2026-05-23T00:55:02.190,298268,1103,0.889,1.324,2.472,20.12,5000,44.26,1,39.48,0.2,7,0.886,0.0,199
2026-05-23T00:55:02.311,298373,867,0.699,1.041,1.622,20.12,5000,44.26,1,39.48,0.2,7,0.886,0.0,199
2026-05-23T00:55:02.373,298478,1224,0.986,1.469,2.908,20.12,5000,44.26,1,39.48,0.2,7,0.886,0.0,199
2026-05-23T00:55:02.499,298583,1482,1.194,1.779,3.837,20.12,5000,44.26,1,39.48,0.2,7,0.886,0.0,199
2026-05-23T00:55:02.621,298688,1220,0.983,1.464,2.893,20.12,5000,44.26,1,39.48,0.2,7,0.886,0.0,199
2026-05-23T00:55:02.684,298793,823,0.663,0.988,1.464,20.12,5000,44.26,1,39.48,0.2,7,0.886,0.0,199
2026-05-23T00:55:02.812,298898,1063,0.857,1.276,2.328,20.12,5000,44.26,1,39.48,0.2,7,0.886,0.0,199
2026-05-23T00:55:02.933,299003,1357,1.094,1.629,3.387,20.12,5000,44.26,1,39.48,0.2,7,0.886,0.0,199
2026-05-23T00:55:03.056,299144,1330,1.072,1.596,3.289,20.12,5000,44.26,1,41.08,0.21,7,0.811,0.0,199
2026-05-23T00:55:03.182,299250,1143,0.921,1.372,2.616,20.12,5000,44.26,1,41.08,0.21,7,0.811,0.0,199
2026-05-23T00:55:03.244,299355,734,0.592,0.881,1.143,20.12,5000,44.26,1,41.08,0.21,7,0.811,0.0,199
2026-05-23T00:55:03.369,299460,1106,0.891,1.328,2.483,20.12,5000,44.26,1,41.08,0.21,7,0.811,0.0,199
2026-05-23T00:55:03.492,299565,1471,1.185,1.766,3.797,20.12,5000,44.26,1,41.08,0.21,7,0.811,0.0,199
2026-05-23T00:55:03.553,299670,1321,1.065,1.586,3.257,20.12,5000,44.26,1,41.08,0.21,7,0.811,0.0,199
2026-05-23T00:55:03.678,299775,854,0.688,1.025,1.575,20.12,5000,44.26,1,41.08,0.21,7,0.811,0.0,199
2026-05-23T00:55:03.803,299880,990,0.798,1.188,2.065,20.12,5000,44.26,1,41.08,0.21,7,0.811,0.0,199
2026-05-23T00:55:03.865,299985,1406,1.133,1.688,3.563,20.12,5000,44.26,1,41.08,0.21,7,0.811,0.0,199
2026-05-23T00:55:04.052,300149,1279,1.031,1.535,3.106,20.12,5000,44.26,1,41.75,0.214,7,0.783,0.0,199
2026-05-23T00:55:04.177,300254,1067,0.86,1.281,2.342,20.12,5000,44.26,1,41.75,0.214,7,0.783,0.0,199
2026-05-23T00:55:04.238,300359,833,0.671,1.0,1.5,20.12,5000,44.26,1,41.75,0.214,7,0.783,0.0,199
2026-05-23T00:55:04.363,300464,1158,0.933,1.39,2.67,20.12,5000,44.26,1,41.75,0.214,7,0.783,0.0,199
2026-05-23T00:55:04.488,300569,1291,1.04,1.55,3.149,20.12,5000,44.26,1,41.75,0.214,7,0.783,0.0,199
2026-05-23T00:55:04.549,300674,1232,0.993,1.479,2.936,20.12,5000,44.26,1,41.75,0.214,7,0.783,0.0,199
2026-05-23T00:55:04.673,300779,739,0.596,0.887,1.161,20.12,5000,44.26,1,41.75,0.214,7,0.783,0.0,199
2026-05-23T00:55:04.797,300884,924,0.745,1.109,1.827,20.12,5000,44.26,1,41.75,0.214,7,0.783,0.0,199
2026-05-23T00:55:04.859,300989,1294,1.043,1.553,3.16,20.12,5000,44.26,1,41.75,0.214,7,0.783,0.0,199
2026-05-23T00:55:05.045,301144,1239,0.998,1.487,2.962,20.12,5000,44.26,1,42.92,0.221,8,0.843,0.0,199
2026-05-23T00:55:05.171,301249,1303,1.05,1.564,3.192,20.12,5000,44.26,1,42.92,0.221,8,0.843,0.0,199
2026-05-23T00:55:05.231,301354,1316,1.061,1.58,3.239,20.12,5000,44.26,1,42.92,0.221,8,0.843,0.0,199
2026-05-23T00:55:05.356,301459,1006,0.811,1.208,2.123,20.12,5000,44.26,1,42.92,0.221,8,0.843,0.0,199
2026-05-23T00:55:05.482,301564,874,0.704,1.049,1.647,20.12,5000,44.26,1,42.92,0.221,8,0.843,0.0,199
2026-05-23T00:55:05.543,301669,1116,0.899,1.34,2.519,20.12,5000,44.26,1,42.92,0.221,8,0.843,0.0,199
2026-05-23T00:55:05.669,301774,1339,1.079,1.607,3.322,20.12,5000,44.26,1,42.92,0.221,8,0.843,0.0,199
2026-05-23T00:55:05.793,301879,1075,0.866,1.29,2.371,20.12,5000,44.26,1,42.92,0.221,8,0.843,0.0,199
2026-05-23T00:55:05.857,301984,822,0.662,0.987,1.46,20.12,5000,44.26,1,42.92,0.221,8,0.843,0.0,199
2026-05-23T00:55:05.980,302089,1006,0.811,1.208,2.123,20.12,5000,44.26,1,42.92,0.221,8,0.843,0.0,199
2026-05-23T00:55:06.107,302191,1199,0.966,1.439,2.818,20.12,5000,44.26,1,43.76,0.226,8,0.808,0.0,199
2026-05-23T00:55:06.168,302296,1323,1.066,1.588,3.264,20.12,5000,44.26,1,43.76,0.226,8,0.808,0.0,199
2026-05-23T00:55:06.293,302401,1045,0.842,1.254,2.263,20.12,5000,44.26,1,43.76,0.226,8,0.808,0.0,199
2026-05-23T00:55:06.419,302506,820,0.661,0.984,1.453,20.12,5000,44.26,1,43.76,0.226,8,0.808,0.0,199
2026-05-23T00:55:06.479,302611,1037,0.836,1.245,2.234,20.12,5000,44.26,1,43.76,0.226,8,0.808,0.0,199
2026-05-23T00:55:06.605,302716,1312,1.057,1.575,3.224,20.12,5000,44.26,1,43.76,0.226,8,0.808,0.0,199
2026-05-23T00:55:06.730,302821,1176,0.948,1.412,2.735,20.12,5000,44.26,1,43.76,0.226,8,0.808,0.0,199
2026-05-23T00:55:06.792,302926,740,0.596,0.888,1.165,20.12,5000,44.26,1,43.76,0.226,8,0.808,0.0,199
2026-05-23T00:55:06.916,303031,1000,0.806,1.2,2.101,20.12,5000,44.26,1,43.76,0.226,8,0.808,0.0,199
2026-05-23T00:55:07.040,303173,1193,0.961,1.432,2.796,20.12,5000,44.26,1,44.86,0.232,9,0.864,0.0,199
2026-05-23T00:55:07.167,303278,1358,1.094,1.63,3.39,20.12,5000,44.26,1,44.86,0.232,9,0.864,0.0,199
2026-05-23T00:55:07.292,303383,1197,0.965,1.437,2.81,20.12,5000,44.26,1,44.86,0.232,9,0.864,0.0,199
2026-05-23T00:55:07.354,303488,777,0.626,0.933,1.298,20.12,5000,44.26,1,44.86,0.232,9,0.864,0.0,199
2026-05-23T00:55:07.476,303593,1063,0.857,1.276,2.328,20.12,5000,44.26,1,44.86,0.232,9,0.864,0.0,199
2026-05-23T00:55:07.602,303698,1295,1.044,1.554,3.163,20.12,5000,44.26,1,44.86,0.232,9,0.864,0.0,199
2026-05-23T00:55:07.663,303803,1269,1.023,1.523,3.07,20.12,5000,44.26,1,44.86,0.232,9,0.864,0.0,199
2026-05-23T00:55:07.788,303908,849,0.684,1.019,1.557,20.12,5000,44.26,1,44.86,0.232,9,0.864,0.0,199
2026-05-23T00:55:07.912,304013,923,0.744,1.108,1.824,20.12,5000,44.26,1,44.86,0.232,9,0.864,0.0,199
2026-05-23T00:55:08.038,304167,1263,1.018,1.516,3.048,20.12,5000,44.26,1,45.67,0.237,9,0.831,0.0,199
2026-05-23T00:55:08.163,304273,847,0.683,1.017,1.55,20.12,5000,44.26,1,45.67,0.237,9,0.831,0.0,199
2026-05-23T00:55:08.288,304378,1247,1.005,1.497,2.99,20.12,5000,44.26,1,45.67,0.237,9,0.831,0.0,199
2026-05-23T00:55:08.350,304483,1279,1.031,1.535,3.106,20.12,5000,44.26,1,45.67,0.237,9,0.831,0.0,199
2026-05-23T00:55:08.473,304588,1050,0.846,1.26,2.281,20.12,5000,44.26,1,45.67,0.237,9,0.831,0.0,199
2026-05-23T00:55:08.597,304693,634,0.511,0.761,0.783,20.12,5000,44.26,1,45.67,0.237,9,0.831,0.0,199
2026-05-23T00:55:08.661,304798,1046,0.843,1.256,2.267,20.12,5000,44.26,1,45.67,0.237,9,0.831,0.0,199
2026-05-23T00:55:08.784,304903,1268,1.022,1.522,3.066,20.12,5000,44.26,1,45.67,0.237,9,0.831,0.0,199
2026-05-23T00:55:08.908,305008,1189,0.958,1.427,2.782,20.12,5000,44.26,1,45.67,0.237,9,0.831,0.0,199
2026-05-23T00:55:08.970,305113,746,0.601,0.895,1.186,20.12,5000,44.26,1,45.67,0.237,9,0.831,0.0,199
2026-05-23T00:55:09.095,305215,729,0.587,0.875,1.125,20.12,5000,44.26,1,46.98,0.245,10,0.868,0.0,199
2026-05-23T00:55:09.220,305320,1112,0.896,1.335,2.504,20.12,5000,44.26,1,46.98,0.245,10,0.868,0.0,199
2026-05-23T00:55:09.281,305425,1322,1.065,1.587,3.261,20.12,5000,44.26,1,46.98,0.245,10,0.868,0.0,199
2026-05-23T00:55:09.405,305530,1142,0.92,1.371,2.612,20.12,5000,44.26,1,46.98,0.245,10,0.868,0.0,199
2026-05-23T00:55:09.531,305635,702,0.566,0.843,1.028,20.12,5000,44.26,1,46.98,0.245,10,0.868,0.0,199
2026-05-23T00:55:09.639,305740,1007,0.812,1.209,2.126,20.12,5000,44.26,1,46.98,0.245,10,0.868,0.0,199
2026-05-23T00:55:09.703,305845,1289,1.039,1.547,3.142,20.12,5000,44.26,1,46.98,0.245,10,0.868,0.0,199
2026-05-23T00:55:09.809,305950,1244,1.002,1.493,2.98,20.12,5000,44.26,1,46.98,0.245,10,0.868,0.0,199
2026-05-23T00:55:09.918,306055,806,0.65,0.967,1.402,20.12,5000,44.26,1,46.98,0.245,10,0.868,0.0,199
2026-05-23T00:55:10.093,306196,794,0.64,0.953,1.359,20.12,5000,44.26,1,46.94,0.245,10,0.869,0.0,199
2026-05-23T00:55:10.194,306302,1042,0.84,1.251,2.252,20.12,5000,44.26,1,46.94,0.245,10,0.869,0.0,199
2026-05-23T00:55:10.299,306407,1332,1.073,1.599,3.297,20.12,5000,44.26,1,46.94,0.245,10,0.869,0.0,199
2026-05-23T00:55:10.400,306512,1208,0.973,1.45,2.85,20.12,5000,44.26,1,46.94,0.245,10,0.869,0.0,199
2026-05-23T00:55:10.502,306617,777,0.626,0.933,1.298,20.12,5000,44.26,1,46.94,0.245,10,0.869,0.0,199
2026-05-23T00:55:10.604,306722,884,0.712,1.061,1.683,20.12,5000,44.26,1,46.94,0.245,10,0.869,0.0,199
2026-05-23T00:55:10.713,306827,1297,1.045,1.557,3.17,20.12,5000,44.26,1,46.94,0.245,10,0.869,0.0,199
2026-05-23T00:55:10.816,306932,1271,1.024,1.526,3.077,20.12,5000,44.26,1,46.94,0.245,10,0.869,0.0,199
2026-05-23T00:55:10.917,307037,932,0.751,1.119,1.856,20.12,5000,44.26,1,46.94,0.245,10,0.869,0.0,199
2026-05-23T00:55:11.070,307201,861,0.694,1.033,1.6,20.12,5000,44.26,1,46.92,0.245,10,0.869,0.0,199
2026-05-23T00:55:11.181,307306,1153,0.929,1.384,2.652,20.12,5000,44.26,1,46.92,0.245,10,0.869,0.0,199
2026-05-23T00:55:11.305,307411,1357,1.094,1.629,3.387,20.12,5000,44.26,1,46.92,0.245,10,0.869,0.0,199
2026-05-23T00:55:11.368,307516,1130,0.911,1.356,2.569,20.12,5000,44.26,1,46.92,0.245,10,0.869,0.0,199
2026-05-23T00:55:11.491,307621,706,0.569,0.847,1.042,20.12,5000,44.26,1,46.92,0.245,10,0.869,0.0,199
2026-05-23T00:55:11.615,307726,957,0.771,1.149,1.946,29.99,5000,65.98,1,46.92,0.245,10,0.869,0.0,199
2026-05-23T00:55:11.740,307831,1234,0.994,1.481,2.944,29.99,5000,65.98,1,46.92,0.245,10,0.869,0.0,199
2026-05-23T00:55:11.802,307936,1172,0.944,1.407,2.72,29.99,5000,65.98,1,46.92,0.245,10,0.869,0.0,199
2026-05-23T00:55:11.925,308041,740,0.596,0.888,1.165,29.99,5000,65.98,1,46.92,0.245,10,0.869,0.0,199
2026-05-23T00:55:12.050,308195,888,0.716,1.066,1.698,29.99,5000,65.98,1,47.95,0.251,10,0.83,0.0,199
2026-05-23T00:55:12.174,308301,829,0.668,0.995,1.485,29.99,5000,65.98,1,47.95,0.251,10,0.83,0.0,199
2026-05-23T00:55:12.300,308406,851,0.686,1.021,1.564,29.99,5000,65.98,1,47.95,0.251,10,0.83,0.0,199
2026-05-23T00:55:12.363,308511,1232,0.993,1.479,2.936,29.99,5000,65.98,1,47.95,0.251,10,0.83,0.0,199
2026-05-23T00:55:12.487,308616,1269,1.023,1.523,3.07,29.99,5000,65.98,1,47.95,0.251,10,0.83,0.0,199
2026-05-23T00:55:12.611,308721,962,0.775,1.155,1.964,29.99,5000,65.98,1,47.95,0.251,10,0.83,0.0,199
2026-05-23T00:55:12.673,308826,825,0.665,0.99,1.471,29.99,5000,65.98,1,47.95,0.251,10,0.83,0.0,199
2026-05-23T00:55:12.798,308931,1112,0.896,1.335,2.504,29.99,5000,65.98,1,47.95,0.251,10,0.83,0.0,199
2026-05-23T00:55:12.923,309036,1259,1.015,1.511,3.034,29.99,5000,65.98,1,47.95,0.251,10,0.83,0.0,199
2026-05-23T00:55:12.983,309141,1069,0.861,1.283,2.349,29.99,5000,65.98,1,47.95,0.251,10,0.83,0.0,199
2026-05-23T00:55:13.108,309243,916,0.738,1.1,1.799,29.99,5000,65.98,1,69.19,0.383,24,0.905,0.0,199
2026-05-23T00:55:13.233,309348,847,0.683,1.017,1.55,29.99,5000,65.98,1,69.19,0.383,24,0.905,0.0,199
2026-05-23T00:55:13.296,309453,1143,0.921,1.372,2.616,29.99,5000,65.98,1,69.19,0.383,24,0.905,0.0,199
2026-05-23T00:55:13.421,309558,1265,1.019,1.518,3.055,29.99,5000,65.98,1,69.19,0.383,24,0.905,0.0,199
2026-05-23T00:55:13.547,309663,1030,0.83,1.236,2.209,29.99,5000,65.98,1,69.19,0.383,24,0.905,0.0,199
2026-05-23T00:55:13.607,309768,766,0.617,0.919,1.258,29.99,5000,65.98,1,69.19,0.383,24,0.905,0.0,199
2026-05-23T00:55:13.732,309873,1066,0.859,1.28,2.339,29.99,5000,65.98,1,69.19,0.383,24,0.905,0.0,199
2026-05-23T00:55:13.859,309978,1317,1.061,1.581,3.243,29.99,5000,65.98,1,69.19,0.383,24,0.905,0.0,199
2026-05-23T00:55:13.981,310083,1130,0.911,1.356,2.569,29.99,5000,65.98,1,69.19,0.383,24,0.905,0.0,199
2026-05-23T00:55:14.108,310225,874,0.704,1.049,1.647,29.99,5000,65.98,1,69.2,0.383,24,0.905,0.0,199
2026-05-23T00:55:14.170,310330,801,0.645,0.961,1.384,29.99,5000,65.98,1,69.2,0.383,24,0.905,0.0,199
2026-05-23T00:55:14.293,310435,1102,0.888,1.323,2.468,29.99,5000,65.98,1,69.2,0.383,24,0.905,0.0,199
2026-05-23T00:55:14.416,310540,1299,1.047,1.559,3.178,29.99,5000,65.98,1,69.2,0.383,24,0.905,0.0,199
2026-05-23T00:55:14.543,310645,1092,0.88,1.311,2.432,29.99,5000,65.98,1,69.2,0.383,24,0.905,0.0,199
2026-05-23T00:55:14.605,310750,674,0.543,0.809,0.927,29.99,5000,65.98,1,69.2,0.383,24,0.905,0.0,199
2026-05-23T00:55:14.730,310855,985,0.794,1.182,2.047,29.99,5000,65.98,1,69.2,0.383,24,0.905,0.0,199
2026-05-23T00:55:14.854,310960,1274,1.027,1.529,3.088,29.99,5000,65.98,1,69.2,0.383,24,0.905,0.0,199
2026-05-23T00:55:14.918,311065,1198,0.965,1.438,2.814,29.99,5000,65.98,1,69.2,0.383,24,0.905,0.0,199
2026-05-23T00:55:15.103,311219,764,0.616,0.917,1.251,29.99,5000,65.98,1,69.19,0.383,24,0.905,0.0,199
2026-05-23T00:55:15.164,311324,1262,1.017,1.515,3.044,29.99,5000,65.98,1,69.19,0.383,24,0.905,0.0,199
2026-05-23T00:55:15.290,311429,934,0.753,1.121,1.863,29.99,5000,65.98,1,69.19,0.383,24,0.905,0.0,199
2026-05-23T00:55:15.413,311534,837,0.675,1.005,1.514,29.99,5000,65.98,1,69.19,0.383,24,0.905,0.0,199
2026-05-23T00:55:15.474,311639,1141,0.919,1.37,2.609,29.99,5000,65.98,1,69.19,0.383,24,0.905,0.0,199
2026-05-23T00:55:15.598,311744,1292,1.041,1.551,3.152,29.99,5000,65.98,1,69.19,0.383,24,0.905,0.0,199
2026-05-23T00:55:15.722,311849,1053,0.849,1.264,2.292,29.99,5000,65.98,1,69.19,0.383,24,0.905,0.0,199
2026-05-23T00:55:15.786,311954,734,0.592,0.881,1.143,29.99,5000,65.98,1,69.19,0.383,24,0.905,0.0,199
2026-05-23T00:55:15.911,312059,1051,0.847,1.262,2.285,29.99,5000,65.98,1,69.19,0.383,24,0.905,0.0,199
2026-05-23T00:55:16.038,312164,1311,1.056,1.574,3.221,29.99,5000,65.98,1,69.19,0.383,24,0.905,0.0,199
2026-05-23T00:55:16.100,312267,1255,1.011,1.506,3.019,29.99,5000,65.98,1,69.2,0.383,24,0.905,0.0,199
2026-05-23T00:55:16.224,312372,918,0.74,1.102,1.806,29.99,5000,65.98,1,69.2,0.383,24,0.905,0.0,199
2026-05-23T00:55:16.349,312477,852,0.687,1.023,1.568,29.99,5000,65.98,1,69.2,0.383,24,0.905,0.0,199
2026-05-23T00:55:16.473,312582,1173,0.945,1.408,2.724,29.99,5000,65.98,1,69.2,0.383,24,0.905,0.0,199
2026-05-23T00:55:16.536,312687,1273,1.026,1.528,3.084,29.99,5000,65.98,1,69.2,0.383,24,0.905,0.0,199
2026-05-23T00:55:16.647,312792,1002,0.807,1.203,2.108,29.99,5000,65.98,1,69.2,0.383,24,0.905,0.0,199
2026-05-23T00:55:16.754,312897,781,0.629,0.937,1.312,29.99,5000,65.98,1,69.2,0.383,24,0.905,0.0,199
2026-05-23T00:55:16.873,313002,1067,0.86,1.281,2.342,29.99,5000,65.98,1,69.2,0.383,24,0.905,0.0,199
2026-05-23T00:55:16.976,313107,1282,1.033,1.539,3.116,29.99,5000,65.98,1,69.2,0.383,24,0.905,0.0,199
2026-05-23T00:55:17.077,313249,1232,0.993,1.479,2.936,29.99,5000,65.98,1,69.19,0.383,24,0.905,0.0,199
2026-05-23T00:55:17.231,313354,953,0.768,1.144,1.932,29.99,5000,65.98,1,69.19,0.383,24,0.905,0.0,199
2026-05-23T00:55:17.332,313459,814,0.656,0.977,1.431,29.99,5000,65.98,1,69.19,0.383,24,0.905,0.0,199
2026-05-23T00:55:17.391,313564,1120,0.903,1.344,2.533,29.99,5000,65.98,1,69.19,0.383,24,0.905,0.0,199
2026-05-23T00:55:17.515,313669,1278,1.03,1.534,3.102,29.99,5000,65.98,1,69.19,0.383,24,0.905,0.0,199
2026-05-23T00:55:17.624,313774,1068,0.861,1.282,2.346,29.99,5000,65.98,1,69.19,0.383,24,0.905,0.0,199
2026-05-23T00:55:17.750,313879,683,0.55,0.82,0.959,29.99,5000,65.98,1,69.19,0.383,24,0.905,0.0,199
2026-05-23T00:55:17.810,313984,1013,0.816,1.216,2.148,29.99,5000,65.98,1,69.19,0.383,24,0.905,0.0,199
2026-05-23T00:55:17.929,314089,1274,1.027,1.529,3.088,29.99,5000,65.98,1,69.19,0.383,24,0.905,0.0,199
2026-05-23T00:55:18.092,314253,1163,0.937,1.396,2.688,29.99,5000,65.98,1,69.22,0.383,24,0.905,0.0,199
2026-05-23T00:55:18.215,314358,855,0.689,1.026,1.579,29.99,5000,65.98,1,69.22,0.383,24,0.905,0.0,199
2026-05-23T00:55:18.340,314463,867,0.699,1.041,1.622,29.99,5000,65.98,1,69.22,0.383,24,0.905,0.0,199
2026-05-23T00:55:18.401,314568,1232,0.993,1.479,2.936,29.99,5000,65.98,1,69.22,0.383,24,0.905,0.0,199
2026-05-23T00:55:18.526,314673,1260,1.015,1.512,3.037,29.99,5000,65.98,1,69.22,0.383,24,0.905,0.0,199
2026-05-23T00:55:18.639,314778,973,0.784,1.168,2.004,29.99,5000,65.98,1,69.22,0.383,24,0.905,0.0,199
2026-05-23T00:55:18.744,314883,821,0.662,0.985,1.456,29.99,5000,65.98,1,69.22,0.383,24,0.905,0.0,199
2026-05-23T00:55:18.872,314988,1122,0.904,1.347,2.54,29.99,5000,65.98,1,69.22,0.383,24,0.905,0.0,199
2026-05-23T00:55:18.932,315093,1289,1.039,1.547,3.142,29.99,5000,65.98,1,69.22,0.383,24,0.905,0.0,199
2026-05-23T00:55:19.118,315248,1066,0.859,1.28,2.339,29.99,5000,65.98,1,69.23,0.382,24,0.907,0.0,199
2026-05-23T00:55:19.181,315353,1305,1.052,1.566,3.199,29.99,5000,65.98,1,69.23,0.382,24,0.907,0.0,199
2026-05-23T00:55:19.289,315458,1127,0.908,1.353,2.558,29.99,5000,65.98,1,69.23,0.382,24,0.907,0.0,199
2026-05-23T00:55:19.413,315563,705,0.568,0.846,1.039,29.99,5000,65.98,1,69.23,0.382,24,0.907,0.0,199
2026-05-23T00:55:19.536,315668,969,0.781,1.163,1.989,29.99,5000,65.98,1,69.23,0.382,24,0.907,0.0,199
2026-05-23T00:55:19.599,315773,1288,1.038,1.546,3.138,29.99,5000,65.98,1,69.23,0.382,24,0.907,0.0,199
2026-05-23T00:55:19.710,315878,1208,0.973,1.45,2.85,29.99,5000,65.98,1,69.23,0.382,24,0.907,0.0,199
2026-05-23T00:55:19.819,315983,794,0.64,0.953,1.359,29.99,5000,65.98,1,69.23,0.382,24,0.907,0.0,199
2026-05-23T00:55:19.943,316088,897,0.723,1.077,1.73,29.99,5000,65.98,1,69.23,0.382,24,0.907,0.0,199
2026-05-23T00:55:20.068,316193,1249,1.007,1.499,2.998,29.99,5000,65.98,1,69.23,0.382,24,0.907,0.0,199
2026-05-23T00:55:20.129,316295,1280,1.032,1.536,3.109,29.99,5000,65.98,1,69.22,0.382,24,0.907,0.0,199
2026-05-23T00:55:20.246,316400,1169,0.942,1.403,2.71,29.99,5000,65.98,1,69.22,0.382,24,0.907,0.0,199
2026-05-23T00:55:20.364,316505,745,0.6,0.894,1.183,29.99,5000,65.98,1,69.22,0.382,24,0.907,0.0,199
2026-05-23T00:55:20.488,316610,933,0.752,1.12,1.86,29.99,5000,65.98,1,69.22,0.382,24,0.907,0.0,199
2026-05-23T00:55:20.550,316715,1264,1.019,1.517,3.052,29.99,5000,65.98,1,69.22,0.382,24,0.907,0.0,199
2026-05-23T00:55:20.674,316820,1236,0.996,1.484,2.951,29.99,5000,65.98,1,69.22,0.382,24,0.907,0.0,199
2026-05-23T00:55:20.799,316925,865,0.697,1.038,1.615,29.99,5000,65.98,1,69.22,0.382,24,0.907,0.0,199
2026-05-23T00:55:20.860,317030,865,0.697,1.038,1.615,29.99,5000,65.98,1,69.22,0.382,24,0.907,0.0,199
2026-05-23T00:55:20.972,317135,1219,0.982,1.463,2.89,29.99,5000,65.98,1,69.22,0.382,24,0.907,0.0,199
2026-05-23T00:55:21.096,317277,1298,1.046,1.558,3.174,29.99,5000,65.98,1,69.22,0.382,24,0.907,0.0,199
2026-05-23T00:55:21.212,317383,1141,0.919,1.37,2.609,29.99,5000,65.98,1,69.22,0.382,24,0.907,0.0,199
2026-05-23T00:55:21.329,317488,716,0.577,0.859,1.078,29.99,5000,65.98,1,69.22,0.382,24,0.907,0.0,199
2026-05-23T00:55:21.440,317593,961,0.774,1.154,1.961,29.99,5000,65.98,1,69.22,0.382,24,0.907,0.0,199
2026-05-23T00:55:21.563,317698,1262,1.017,1.515,3.044,29.99,5000,65.98,1,69.22,0.382,24,0.907,0.0,199
2026-05-23T00:55:21.614,317803,1220,0.983,1.464,2.893,29.99,5000,65.98,1,69.22,0.382,24,0.907,0.0,199
2026-05-23T00:55:21.730,317908,814,0.656,0.977,1.431,29.99,5000,65.98,1,69.22,0.382,24,0.907,0.0,199
2026-05-23T00:55:21.844,318013,885,0.713,1.062,1.687,29.99,5000,65.98,1,69.22,0.382,24,0.907,0.0,199
2026-05-23T00:55:21.970,318118,1244,1.002,1.493,2.98,29.99,5000,65.98,1,69.22,0.382,24,0.907,0.0,199
2026-05-23T00:55:22.094,318282,1256,1.012,1.508,3.023,29.99,5000,65.98,1,69.19,0.382,24,0.908,0.0,199
2026-05-23T00:55:22.219,318387,1038,0.836,1.246,2.238,29.99,5000,65.98,1,69.19,0.382,24,0.908,0.0,199
2026-05-23T00:55:22.323,318492,751,0.605,0.901,1.204,29.99,5000,65.98,1,69.19,0.382,24,0.908,0.0,199
2026-05-23T00:55:22.424,318597,1034,0.833,1.241,2.223,29.99,5000,65.98,1,69.19,0.382,24,0.908,0.0,199
2026-05-23T00:55:22.526,318702,1298,1.046,1.558,3.174,29.99,5000,65.98,1,69.19,0.382,24,0.908,0.0,199
2026-05-23T00:55:22.626,318807,1133,0.913,1.36,2.58,29.99,5000,65.98,1,69.19,0.382,24,0.908,0.0,199
2026-05-23T00:55:22.728,318912,697,0.562,0.837,1.01,29.99,5000,65.98,1,69.19,0.382,24,0.908,0.0,199
2026-05-23T00:55:22.832,319017,962,0.775,1.155,1.964,29.99,5000,65.98,1,69.19,0.382,24,0.908,0.0,199
2026-05-23T00:55:22.941,319122,1280,1.032,1.536,3.109,29.99,5000,65.98,1,69.19,0.382,24,0.908,0.0,199
2026-05-23T00:55:23.106,319276,1212,0.977,1.455,2.864,29.99,5000,65.98,1,69.14,0.382,24,0.908,0.0,199
2026-05-23T00:55:23.231,319382,1265,1.019,1.518,3.055,29.99,5000,65.98,1,69.14,0.382,24,0.908,0.0,199
2026-05-23T00:55:23.338,319487,1233,0.994,1.48,2.94,29.99,5000,65.98,1,69.14,0.382,24,0.908,0.0,199
2026-05-23T00:55:23.400,319592,905,0.729,1.086,1.759,35.02,5000,77.04,1,69.14,0.382,24,0.908,0.0,199
2026-05-23T00:55:23.525,319697,926,0.746,1.112,1.835,35.02,5000,77.04,1,69.14,0.382,24,0.908,0.0,199
2026-05-23T00:55:23.652,319802,1287,1.037,1.545,3.134,35.02,5000,77.04,1,69.14,0.382,24,0.908,0.0,199
2026-05-23T00:55:23.713,319907,1330,1.072,1.596,3.289,35.02,5000,77.04,1,69.14,0.382,24,0.908,0.0,199
2026-05-23T00:55:23.838,320012,1015,0.818,1.218,2.155,35.02,5000,77.04,1,69.14,0.382,24,0.908,0.0,199
2026-05-23T00:55:23.962,320117,865,0.697,1.038,1.615,35.02,5000,77.04,1,69.14,0.382,24,0.908,0.0,199
2026-05-23T00:55:24.086,320222,1187,0.957,1.425,2.774,35.02,5000,77.04,1,69.14,0.382,24,0.908,0.0,199
2026-05-23T00:55:24.148,320324,1329,1.071,1.595,3.286,35.02,5000,77.04,1,75.78,0.424,29,0.902,0.0,199
2026-05-23T00:55:24.273,320429,1314,1.059,1.577,3.232,35.02,5000,77.04,1,75.78,0.424,29,0.902,0.0,199
2026-05-23T00:55:24.397,320534,969,0.781,1.163,1.989,35.02,5000,77.04,1,75.78,0.424,29,0.902,0.0,199
2026-05-23T00:55:24.459,320639,908,0.732,1.09,1.77,35.02,5000,77.04,1,75.78,0.424,29,0.902,0.0,199
2026-05-23T00:55:24.582,320744,1229,0.99,1.475,2.926,35.02,5000,77.04,1,75.78,0.424,29,0.902,0.0,199
2026-05-23T00:55:24.708,320849,1349,1.087,1.619,3.358,35.02,5000,77.04,1,75.78,0.424,29,0.902,0.0,199
2026-05-23T00:55:24.770,320954,1066,0.859,1.28,2.339,35.02,5000,77.04,1,75.78,0.424,29,0.902,0.0,199
2026-05-23T00:55:24.895,321059,795,0.641,0.954,1.363,35.02,5000,77.04,1,75.78,0.424,29,0.902,0.0,199
2026-05-23T00:55:25.018,321164,1122,0.904,1.347,2.54,35.02,5000,77.04,1,75.78,0.424,29,0.902,0.0,199
2026-05-23T00:55:25.121,321306,1321,1.065,1.586,3.257,35.02,5000,77.04,1,80.06,0.451,33,0.913,0.0,199
2026-05-23T00:55:25.239,321411,1306,1.052,1.568,3.203,35.02,5000,77.04,1,80.06,0.451,33,0.913,0.0,199
2026-05-23T00:55:25.350,321516,1020,0.822,1.224,2.173,35.02,5000,77.04,1,80.06,0.451,33,0.913,0.0,199
2026-05-23T00:55:25.451,321621,843,0.679,1.012,1.536,35.02,5000,77.04,1,80.06,0.451,33,0.913,0.0,199
2026-05-23T00:55:25.553,321726,1159,0.934,1.391,2.674,35.02,5000,77.04,1,80.06,0.451,33,0.913,0.0,199
2026-05-23T00:55:25.660,321831,1332,1.073,1.599,3.297,35.02,5000,77.04,1,80.06,0.451,33,0.913,0.0,199
2026-05-23T00:55:25.766,321936,1118,0.901,1.342,2.526,35.02,5000,77.04,1,80.06,0.451,33,0.913,0.0,199
2026-05-23T00:55:25.876,322041,706,0.569,0.847,1.042,35.02,5000,77.04,1,80.06,0.451,33,0.913,0.0,199
2026-05-23T00:55:25.987,322146,1065,0.858,1.278,2.335,35.02,5000,77.04,1,80.06,0.451,33,0.913,0.0,199
2026-05-23T00:55:26.107,322300,1327,1.069,1.593,3.279,35.02,5000,77.04,1,80.08,0.451,33,0.913,0.0,199
2026-05-23T00:55:26.230,322406,1008,0.812,1.21,2.13,35.02,5000,77.04,1,80.08,0.451,33,0.913,0.0,199
2026-05-23T00:55:26.341,322511,1318,1.062,1.582,3.246,35.02,5000,77.04,1,80.08,0.451,33,0.913,0.0,199
2026-05-23T00:55:26.462,322616,1245,1.003,1.494,2.983,35.02,5000,77.04,1,80.08,0.451,33,0.913,0.0,199
2026-05-23T00:55:26.577,322721,855,0.689,1.026,1.579,35.02,5000,77.04,1,80.08,0.451,33,0.913,0.0,199
2026-05-23T00:55:26.640,322826,939,0.757,1.127,1.881,35.02,5000,77.04,1,80.08,0.451,33,0.913,0.0,199
2026-05-23T00:55:26.750,322931,1291,1.04,1.55,3.149,35.02,5000,77.04,1,80.08,0.451,33,0.913,0.0,199
2026-05-23T00:55:26.873,323036,1300,1.048,1.56,3.181,35.02,5000,77.04,1,80.08,0.451,33,0.913,0.0,199
2026-05-23T00:55:26.982,323141,963,0.776,1.156,1.968,35.02,5000,77.04,1,80.08,0.451,33,0.913,0.0,199
2026-05-23T00:55:27.040,323246,867,0.699,1.041,1.622,35.02,5000,77.04,1,80.08,0.451,33,0.913,0.0,199
2026-05-23T00:55:27.168,323348,970,0.782,1.164,1.993,35.02,5000,77.04,1,80.18,0.452,33,0.91,0.0,199
2026-05-23T00:55:27.291,323453,1302,1.049,1.563,3.188,35.02,5000,77.04,1,80.18,0.452,33,0.91,0.0,199
2026-05-23T00:55:27.353,323558,1268,1.022,1.522,3.066,35.02,5000,77.04,1,80.18,0.452,33,0.91,0.0,199
2026-05-23T00:55:27.479,323663,921,0.742,1.106,1.817,35.02,5000,77.04,1,80.18,0.452,33,0.91,0.0,199
2026-05-23T00:55:27.603,323768,889,0.716,1.067,1.701,35.02,5000,77.04,1,80.18,0.452,33,0.91,0.0,199
2026-05-23T00:55:27.664,323873,1250,1.007,1.5,3.001,35.02,5000,77.04,1,80.18,0.452,33,0.91,0.0,199
2026-05-23T00:55:27.789,323978,1320,1.064,1.584,3.253,35.02,5000,77.04,1,80.18,0.452,33,0.91,0.0,199
2026-05-23T00:55:27.913,324083,1022,0.824,1.227,2.18,35.02,5000,77.04,1,80.18,0.452,33,0.91,0.0,199
2026-05-23T00:55:28.038,324188,846,0.682,1.015,1.546,35.02,5000,77.04,1,80.18,0.452,33,0.91,0.0,199
2026-05-23T00:55:28.149,324330,999,0.805,1.199,2.097,35.02,5000,77.04,1,80.2,0.452,33,0.91,0.0,199
2026-05-23T00:55:28.274,324435,1279,1.031,1.535,3.106,35.02,5000,77.04,1,80.2,0.452,33,0.91,0.0,199
2026-05-23T00:55:28.334,324540,1303,1.05,1.564,3.192,35.02,5000,77.04,1,80.2,0.452,33,0.91,0.0,199
2026-05-23T00:55:28.460,324645,978,0.788,1.174,2.022,35.02,5000,77.04,1,80.2,0.452,33,0.91,0.0,199
2026-05-23T00:55:28.584,324750,864,0.696,1.037,1.611,35.02,5000,77.04,1,80.2,0.452,33,0.91,0.0,199
2026-05-23T00:55:28.647,324855,1191,0.96,1.43,2.789,35.02,5000,77.04,1,80.2,0.452,33,0.91,0.0,199
2026-05-23T00:55:28.774,324960,1336,1.077,1.604,3.311,35.02,5000,77.04,1,80.2,0.452,33,0.91,0.0,199
2026-05-23T00:55:28.897,325065,1077,0.868,1.293,2.378,35.02,5000,77.04,1,80.2,0.452,33,0.91,0.0,199
2026-05-23T00:55:28.960,325170,763,0.615,0.916,1.248,35.02,5000,77.04,1,80.2,0.452,33,0.91,0.0,199
2026-05-23T00:55:29.124,325324,1097,0.884,1.317,2.45,35.02,5000,77.04,1,80.16,0.452,33,0.91,0.0,199
2026-05-23T00:55:29.225,325430,711,0.573,0.853,1.06,35.02,5000,77.04,1,80.16,0.452,33,0.91,0.0,199
2026-05-23T00:55:29.326,325535,1040,0.838,1.248,2.245,35.02,5000,77.04,1,80.16,0.452,33,0.91,0.0,199
2026-05-23T00:55:29.427,325640,1323,1.066,1.588,3.264,35.02,5000,77.04,1,80.16,0.452,33,0.91,0.0,199
2026-05-23T00:55:29.530,325745,1230,0.991,1.476,2.929,35.02,5000,77.04,1,80.16,0.452,33,0.91,0.0,199
2026-05-23T00:55:29.637,325850,810,0.653,0.972,1.417,35.02,5000,77.04,1,80.16,0.452,33,0.91,0.0,199
2026-05-23T00:55:29.745,325955,967,0.779,1.161,1.982,35.02,5000,77.04,1,80.16,0.452,33,0.91,0.0,199
2026-05-23T00:55:29.863,326060,1300,1.048,1.56,3.181,35.02,5000,77.04,1,80.16,0.452,33,0.91,0.0,199
2026-05-23T00:55:29.973,326165,1274,1.027,1.529,3.088,35.02,5000,77.04,1,80.16,0.452,33,0.91,0.0,199
2026-05-23T00:55:30.097,326270,935,0.753,1.122,1.867,35.02,5000,77.04,1,80.16,0.452,33,0.91,0.0,199
2026-05-23T00:55:30.160,326372,753,0.607,0.904,1.212,35.02,5000,77.04,1,80.18,0.451,33,0.912,0.0,199
2026-05-23T00:55:30.286,326477,1022,0.824,1.227,2.18,40.05,5000,88.11,1,80.18,0.451,33,0.912,0.0,199
2026-05-23T00:55:30.399,326582,1341,1.081,1.61,3.329,40.05,5000,88.11,1,80.18,0.451,33,0.912,0.0,199
2026-05-23T00:55:30.502,326687,1281,1.032,1.538,3.113,40.05,5000,88.11,1,80.18,0.451,33,0.912,0.0,199
2026-05-23T00:55:30.603,326792,883,0.712,1.06,1.68,40.05,5000,88.11,1,80.18,0.451,33,0.912,0.0,199
2026-05-23T00:55:30.705,326897,984,0.793,1.181,2.043,40.05,5000,88.11,1,80.18,0.451,33,0.912,0.0,199
2026-05-23T00:55:30.814,327002,1312,1.057,1.575,3.224,40.05,5000,88.11,1,80.18,0.451,33,0.912,0.0,199
2026-05-23T00:55:30.936,327107,1325,1.068,1.59,3.271,40.05,5000,88.11,1,80.18,0.451,33,0.912,0.0,199
2026-05-23T00:55:31.040,327212,996,0.803,1.196,2.087,40.05,5000,88.11,1,80.18,0.451,33,0.912,0.0,199
2026-05-23T00:55:31.142,327353,741,0.597,0.889,1.168,40.05,5000,88.11,1,88.91,0.509,42,0.928,0.0,199
2026-05-23T00:55:31.247,327459,987,0.795,1.185,2.054,40.05,5000,88.11,1,88.91,0.509,42,0.928,0.0,199
2026-05-23T00:55:31.359,327564,1334,1.075,1.601,3.304,40.05,5000,88.11,1,88.91,0.509,42,0.928,0.0,199
2026-05-23T00:55:31.460,327669,1314,1.059,1.577,3.232,40.05,5000,88.11,1,88.91,0.509,42,0.928,0.0,199
2026-05-23T00:55:31.561,327774,962,0.775,1.155,1.964,40.05,5000,88.11,1,88.91,0.509,42,0.928,0.0,199
2026-05-23T00:55:31.662,327879,962,0.775,1.155,1.964,40.05,5000,88.11,1,88.91,0.509,42,0.928,0.0,199
2026-05-23T00:55:31.763,327984,1261,1.016,1.514,3.041,40.05,5000,88.11,1,88.91,0.509,42,0.928,0.0,199
2026-05-23T00:55:31.869,328089,1342,1.081,1.611,3.333,40.05,5000,88.11,1,88.91,0.509,42,0.928,0.0,199
2026-05-23T00:55:31.980,328194,1061,0.855,1.274,2.321,40.05,5000,88.11,1,88.91,0.509,42,0.928,0.0,199
2026-05-23T00:55:32.136,328358,845,0.681,1.014,1.543,40.05,5000,88.11,1,90.95,0.522,44,0.926,0.0,199
2026-05-23T00:55:32.245,328463,1061,0.855,1.274,2.321,40.05,5000,88.11,1,90.95,0.522,44,0.926,0.0,199
2026-05-23T00:55:32.370,328568,1343,1.082,1.612,3.336,40.05,5000,88.11,1,90.95,0.522,44,0.926,0.0,199
2026-05-23T00:55:32.486,328673,1250,1.007,1.5,3.001,40.05,5000,88.11,1,90.95,0.522,44,0.926,0.0,199
2026-05-23T00:55:32.602,328778,828,0.667,0.994,1.482,40.05,5000,88.11,1,90.95,0.522,44,0.926,0.0,199
2026-05-23T00:55:32.664,328883,991,0.799,1.19,2.069,40.05,5000,88.11,1,90.95,0.522,44,0.926,0.0,199
2026-05-23T00:55:32.788,328988,1330,1.072,1.596,3.289,40.05,5000,88.11,1,90.95,0.522,44,0.926,0.0,199
2026-05-23T00:55:32.899,329093,1305,1.052,1.566,3.199,40.05,5000,88.11,1,90.95,0.522,44,0.926,0.0,199
2026-05-23T00:55:33.023,329198,954,0.769,1.145,1.935,40.05,5000,88.11,1,90.95,0.522,44,0.926,0.0,199
2026-05-23T00:55:33.148,329352,955,0.77,1.146,1.939,40.05,5000,88.11,1,90.93,0.521,44,0.928,0.0,199
2026-05-23T00:55:33.271,329458,1017,0.82,1.221,2.162,40.05,5000,88.11,1,90.93,0.521,44,0.928,0.0,199
2026-05-23T00:55:33.396,329563,926,0.746,1.112,1.835,40.05,5000,88.11,1,90.93,0.521,44,0.928,0.0,199
2026-05-23T00:55:33.458,329668,1201,0.968,1.442,2.825,40.05,5000,88.11,1,90.93,0.521,44,0.928,0.0,199
2026-05-23T00:55:33.580,329773,1351,1.089,1.622,3.365,40.05,5000,88.11,1,90.93,0.521,44,0.928,0.0,199
2026-05-23T00:55:33.704,329878,1115,0.899,1.338,2.515,40.05,5000,88.11,1,90.93,0.521,44,0.928,0.0,199
2026-05-23T00:55:33.770,329983,757,0.61,0.909,1.226,40.05,5000,88.11,1,90.93,0.521,44,0.928,0.0,199
2026-05-23T00:55:33.892,330088,1070,0.862,1.284,2.353,40.05,5000,88.11,1,90.93,0.521,44,0.928,0.0,199
2026-05-23T00:55:34.017,330193,1355,1.092,1.626,3.379,40.05,5000,88.11,1,90.93,0.521,44,0.928,0.0,199
2026-05-23T00:55:34.079,330298,1213,0.978,1.456,2.868,40.05,5000,88.11,1,90.93,0.521,44,0.928,0.0,199
2026-05-23T00:55:34.203,330400,1073,0.865,1.288,2.364,40.05,5000,88.11,1,90.82,0.521,44,0.929,0.0,199
2026-05-23T00:55:34.328,330505,837,0.675,1.005,1.514,40.05,5000,88.11,1,90.82,0.521,44,0.929,0.0,199
2026-05-23T00:55:34.390,330610,1124,0.906,1.349,2.548,40.05,5000,88.11,1,90.82,0.521,44,0.929,0.0,199
2026-05-23T00:55:34.514,330715,1357,1.094,1.629,3.387,40.05,5000,88.11,1,90.82,0.521,44,0.929,0.0,199
2026-05-23T00:55:34.638,330820,1176,0.948,1.412,2.735,40.05,5000,88.11,1,90.82,0.521,44,0.929,0.0,199
2026-05-23T00:55:34.701,330925,750,0.604,0.9,1.201,40.05,5000,88.11,1,90.82,0.521,44,0.929,0.0,199
2026-05-23T00:55:34.824,331030,1055,0.85,1.266,2.299,40.05,5000,88.11,1,90.82,0.521,44,0.929,0.0,199
2026-05-23T00:55:34.951,331135,1342,1.081,1.611,3.333,40.05,5000,88.11,1,90.82,0.521,44,0.929,0.0,199
2026-05-23T00:55:35.013,331240,1266,1.02,1.52,3.059,40.05,5000,88.11,1,90.82,0.521,44,0.929,0.0,199
2026-05-23T00:55:35.200,331382,1038,0.836,1.246,2.238,40.05,5000,88.11,1,90.84,0.52,44,0.931,0.0,199
2026-05-23T00:55:35.263,331487,725,0.584,0.87,1.111,40.05,5000,88.11,1,90.84,0.52,44,0.931,0.0,199
2026-05-23T00:55:35.387,331592,1077,0.868,1.293,2.378,40.05,5000,88.11,1,90.84,0.52,44,0.931,0.0,199
2026-05-23T00:55:35.512,331697,1358,1.094,1.63,3.39,40.05,5000,88.11,1,90.84,0.52,44,0.931,0.0,199
2026-05-23T00:55:35.575,331802,1237,0.997,1.485,2.954,40.05,5000,88.11,1,90.84,0.52,44,0.931,0.0,199
2026-05-23T00:55:35.699,331907,817,0.658,0.981,1.442,40.05,5000,88.11,1,90.84,0.52,44,0.931,0.0,199
2026-05-23T00:55:35.823,332012,1002,0.807,1.203,2.108,40.05,5000,88.11,1,90.84,0.52,44,0.931,0.0,199
2026-05-23T00:55:35.886,332117,1329,1.071,1.595,3.286,40.05,5000,88.11,1,90.84,0.52,44,0.931,0.0,199
2026-05-23T00:55:36.012,332222,1302,1.049,1.563,3.188,40.05,5000,88.11,1,90.84,0.52,44,0.931,0.0,199
2026-05-23T00:55:36.200,332376,948,0.764,1.138,1.914,40.05,5000,88.11,1,90.87,0.52,44,0.931,0.0,199
2026-05-23T00:55:36.263,332482,1321,1.065,1.586,3.257,40.05,5000,88.11,1,90.87,0.52,44,0.931,0.0,199
2026-05-23T00:55:36.387,332587,1008,0.812,1.21,2.13,40.05,5000,88.11,1,90.87,0.52,44,0.931,0.0,199
2026-05-23T00:55:36.511,332692,932,0.751,1.119,1.856,40.05,5000,88.11,1,90.87,0.52,44,0.931,0.0,199
2026-05-23T00:55:36.573,332797,1201,0.968,1.442,2.825,40.05,5000,88.11,1,90.87,0.52,44,0.931,0.0,199
2026-05-23T00:55:36.698,332902,1362,1.098,1.635,3.405,40.05,5000,88.11,1,90.87,0.52,44,0.931,0.0,199
2026-05-23T00:55:36.822,333007,1115,0.899,1.338,2.515,40.05,5000,88.11,1,90.87,0.52,44,0.931,0.0,199
2026-05-23T00:55:36.886,333112,745,0.6,0.894,1.183,40.05,5000,88.11,1,90.87,0.52,44,0.931,0.0,199
2026-05-23T00:55:37.011,333217,1099,0.886,1.319,2.457,40.05,5000,88.11,1,90.87,0.52,44,0.931,0.0,199
2026-05-23T00:55:37.134,333322,1368,1.102,1.642,3.426,40.05,5000,88.11,1,90.87,0.52,44,0.931,0.0,199
2026-05-23T00:55:37.197,333424,1345,1.084,1.614,3.343,40.05,5000,88.11,1,90.89,0.52,44,0.93,0.0,199
2026-05-23T00:55:37.322,333529,1072,0.864,1.287,2.36,40.05,5000,88.11,1,90.89,0.52,44,0.93,0.0,199
2026-05-23T00:55:37.448,333634,818,0.659,0.982,1.446,40.05,5000,88.11,1,90.89,0.52,44,0.93,0.0,199
2026-05-23T00:55:37.510,333739,1095,0.882,1.314,2.443,40.05,5000,88.11,1,90.89,0.52,44,0.93,0.0,199
2026-05-23T00:55:37.635,333844,1345,1.084,1.614,3.343,40.05,5000,88.11,1,90.89,0.52,44,0.93,0.0,199
2026-05-23T00:55:37.758,333949,1159,0.934,1.391,2.674,40.05,5000,88.11,1,90.89,0.52,44,0.93,0.0,199
2026-05-23T00:55:37.820,334054,727,0.586,0.873,1.118,40.05,5000,88.11,1,90.89,0.52,44,0.93,0.0,199
2026-05-23T00:55:37.947,334159,1031,0.831,1.238,2.213,40.05,5000,88.11,1,90.89,0.52,44,0.93,0.0,199
2026-05-23T00:55:38.071,334264,1328,1.07,1.594,3.282,40.05,5000,88.11,1,90.89,0.52,44,0.93,0.0,199
2026-05-23T00:55:38.181,334406,1311,1.056,1.574,3.221,40.05,5000,88.11,1,90.85,0.52,44,0.931,0.0,199
2026-05-23T00:55:38.305,334511,1140,0.919,1.368,2.605,40.05,5000,88.11,1,90.85,0.52,44,0.931,0.0,199
2026-05-23T00:55:38.431,334616,721,0.581,0.865,1.096,40.05,5000,88.11,1,90.85,0.52,44,0.931,0.0,199
2026-05-23T00:55:38.494,334721,1042,0.84,1.251,2.252,40.05,5000,88.11,1,90.85,0.52,44,0.931,0.0,199
2026-05-23T00:55:38.618,334826,1334,1.075,1.601,3.304,40.05,5000,88.11,1,90.85,0.52,44,0.931,0.0,199
2026-05-23T00:55:38.740,334931,1238,0.998,1.486,2.958,40.05,5000,88.11,1,90.85,0.52,44,0.931,0.0,199
2026-05-23T00:55:38.804,335036,828,0.667,0.994,1.482,40.05,5000,88.11,1,90.85,0.52,44,0.931,0.0,199
2026-05-23T00:55:38.930,335141,970,0.782,1.164,1.993,40.05,5000,88.11,1,90.85,0.52,44,0.931,0.0,199
2026-05-23T00:55:39.055,335246,1303,1.05,1.564,3.192,40.05,5000,88.11,1,90.85,0.52,44,0.931,0.0,199
2026-05-23T00:55:39.177,335400,1295,1.044,1.554,3.163,40.05,5000,88.11,1,90.89,0.52,44,0.93,0.0,199
2026-05-23T00:55:39.301,335506,1248,1.006,1.498,2.994,40.05,5000,88.11,1,90.89,0.52,44,0.93,0.0,199
2026-05-23T00:55:39.359,335611,1320,1.064,1.584,3.253,40.05,5000,88.11,1,90.89,0.52,44,0.93,0.0,199
2026-05-23T00:55:39.482,335716,1024,0.825,1.229,2.187,40.05,5000,88.11,1,90.89,0.52,44,0.93,0.0,199
2026-05-23T00:55:39.611,335821,851,0.686,1.021,1.564,40.05,5000,88.11,1,90.89,0.52,44,0.93,0.0,199
2026-05-23T00:55:39.733,335926,1146,0.924,1.376,2.627,40.05,5000,88.11,1,90.89,0.52,44,0.93,0.0,199
2026-05-23T00:55:39.794,336031,1346,1.085,1.616,3.347,40.05,5000,88.11,1,90.89,0.52,44,0.93,0.0,199
2026-05-23T00:55:39.907,336136,1140,0.919,1.368,2.605,40.05,5000,88.11,1,90.89,0.52,44,0.93,0.0,199
2026-05-23T00:55:40.031,336241,728,0.587,0.874,1.122,40.05,5000,88.11,1,90.89,0.52,44,0.93,0.0,199
2026-05-23T00:55:40.094,336346,1045,0.842,1.254,2.263,40.05,5000,88.11,1,90.89,0.52,44,0.93,0.0,199
2026-05-23T00:55:40.218,336448,1179,0.95,1.415,2.746,40.05,5000,88.11,1,90.84,0.519,44,0.933,0.0,199
2026-05-23T00:55:40.344,336553,1333,1.074,1.6,3.3,40.05,5000,88.11,1,90.84,0.519,44,0.933,0.0,199
2026-05-23T00:55:40.407,336658,1105,0.89,1.326,2.479,40.05,5000,88.11,1,90.84,0.519,44,0.933,0.0,199
2026-05-23T00:55:40.531,336763,734,0.592,0.881,1.143,40.05,5000,88.11,1,90.84,0.519,44,0.933,0.0,199
2026-05-23T00:55:40.655,336868,1073,0.865,1.288,2.364,40.05,5000,88.11,1,90.84,0.519,44,0.933,0.0,199
2026-05-23T00:55:40.777,336973,1325,1.068,1.59,3.271,40.05,5000,88.11,1,90.84,0.519,44,0.933,0.0,199
2026-05-23T00:55:40.840,337078,1205,0.971,1.446,2.839,40.05,5000,88.11,1,90.84,0.519,44,0.933,0.0,199
2026-05-23T00:55:40.967,337183,798,0.643,0.958,1.374,40.05,5000,88.11,1,90.84,0.519,44,0.933,0.0,199
2026-05-23T00:55:41.073,337288,983,0.792,1.18,2.04,40.05,5000,88.11,1,90.84,0.519,44,0.933,0.0,199
2026-05-23T00:55:41.173,337430,1188,0.957,1.426,2.778,40.05,5000,88.11,1,90.86,0.519,44,0.933,0.0,199
2026-05-23T00:55:41.325,337535,1335,1.076,1.602,3.307,40.05,5000,88.11,1,90.86,0.519,44,0.933,0.0,199
2026-05-23T00:55:41.385,337640,1190,0.959,1.428,2.785,40.05,5000,88.11,1,90.86,0.519,44,0.933,0.0,199
2026-05-23T00:55:41.494,337745,776,0.625,0.931,1.294,40.05,5000,88.11,1,90.86,0.519,44,0.933,0.0,199
2026-05-23T00:55:41.596,337850,992,0.799,1.191,2.072,40.05,5000,88.11,1,90.86,0.519,44,0.933,0.0,199
2026-05-23T00:55:41.696,337955,1313,1.058,1.576,3.228,40.05,5000,88.11,1,90.86,0.519,44,0.933,0.0,199
2026-05-23T00:55:41.854,338060,1262,1.017,1.515,3.044,40.05,5000,88.11,1,90.86,0.519,44,0.933,0.0,199
2026-05-23T00:55:41.912,338165,911,0.734,1.094,1.781,40.05,5000,88.11,1,90.86,0.519,44,0.933,0.0,199
2026-05-23T00:55:42.030,338270,952,0.767,1.143,1.928,40.05,5000,88.11,1,90.86,0.519,44,0.933,0.0,199
2026-05-23T00:55:42.211,338424,1268,1.022,1.522,3.066,40.05,5000,88.11,1,90.87,0.519,44,0.932,0.0,199
2026-05-23T00:55:42.274,338530,922,0.743,1.107,1.82,40.05,5000,88.11,1,90.87,0.519,44,0.932,0.0,199
2026-05-23T00:55:42.399,338635,1195,0.963,1.434,2.803,40.05,5000,88.11,1,90.87,0.519,44,0.932,0.0,199
2026-05-23T00:55:42.525,338740,1330,1.072,1.596,3.289,40.05,5000,88.11,1,90.87,0.519,44,0.932,0.0,199
2026-05-23T00:55:42.585,338845,1080,0.87,1.296,2.389,40.05,5000,88.11,1,90.87,0.519,44,0.932,0.0,199
2026-05-23T00:55:42.711,338950,777,0.626,0.933,1.298,40.05,5000,88.11,1,90.87,0.519,44,0.932,0.0,199
2026-05-23T00:55:42.836,339055,1096,0.883,1.316,2.447,40.05,5000,88.11,1,90.87,0.519,44,0.932,0.0,199
2026-05-23T00:55:42.946,339160,1336,1.077,1.604,3.311,40.05,5000,88.11,1,90.87,0.519,44,0.932,0.0,199
2026-05-23T00:55:43.007,339265,1195,0.963,1.434,2.803,40.05,5000,88.11,1,90.87,0.519,44,0.932,0.0,199
2026-05-23T00:55:43.131,339370,779,0.628,0.935,1.305,40.05,5000,88.11,1,90.87,0.519,44,0.932,0.0,199
2026-05-23T00:55:43.257,339472,831,0.67,0.997,1.492,40.05,5000,88.11,1,90.9,0.519,44,0.932,0.0,199
2026-05-23T00:55:43.318,339577,1112,0.896,1.335,2.504,40.05,5000,88.11,1,90.9,0.519,44,0.932,0.0,199
2026-05-23T00:55:43.441,339682,1333,1.074,1.6,3.3,40.05,5000,88.11,1,90.9,0.519,44,0.932,0.0,199
2026-05-23T00:55:43.568,339787,1170,0.943,1.404,2.713,40.05,5000,88.11,1,90.9,0.519,44,0.932,0.0,199
2026-05-23T00:55:43.626,339892,743,0.599,0.892,1.176,40.05,5000,88.11,1,90.9,0.519,44,0.932,0.0,199
2026-05-23T00:55:43.752,339997,1022,0.824,1.227,2.18,40.05,5000,88.11,1,90.9,0.519,44,0.932,0.0,199
2026-05-23T00:55:43.877,340102,1321,1.065,1.586,3.257,40.05,5000,88.11,1,90.9,0.519,44,0.932,0.0,199
2026-05-23T00:55:44.001,340207,1246,1.004,1.496,2.987,40.05,5000,88.11,1,90.9,0.519,44,0.932,0.0,199
2026-05-23T00:55:44.063,340312,859,0.692,1.031,1.593,40.05,5000,88.11,1,90.9,0.519,44,0.932,0.0,199
2026-05-23T00:55:44.189,340454,849,0.684,1.019,1.557,40.05,5000,88.11,1,90.87,0.519,44,0.932,0.0,199
2026-05-23T00:55:44.315,340559,1049,0.845,1.259,2.277,40.05,5000,88.11,1,90.87,0.519,44,0.932,0.0,199
2026-05-23T00:55:44.441,340664,1327,1.069,1.593,3.279,40.05,5000,88.11,1,90.87,0.519,44,0.932,0.0,199
2026-05-23T00:55:44.503,340769,1234,0.994,1.481,2.944,40.05,5000,88.11,1,90.87,0.519,44,0.932,0.0,199
2026-05-23T00:55:44.626,340874,818,0.659,0.982,1.446,40.05,5000,88.11,1,90.87,0.519,44,0.932,0.0,199
2026-05-23T00:55:44.753,340979,971,0.782,1.166,1.997,40.05,5000,88.11,1,90.87,0.519,44,0.932,0.0,199
2026-05-23T00:55:44.876,341084,1306,1.052,1.568,3.203,40.05,5000,88.11,1,90.87,0.519,44,0.932,0.0,199
2026-05-23T00:55:44.937,341189,1287,1.037,1.545,3.134,40.05,5000,88.11,1,90.87,0.519,44,0.932,0.0,199
2026-05-23T00:55:45.060,341294,954,0.769,1.145,1.935,40.05,5000,88.11,1,90.87,0.519,44,0.932,0.0,199
2026-05-23T00:55:45.184,341448,933,0.752,1.12,1.86,40.05,5000,88.11,1,90.87,0.519,44,0.932,0.0,199
2026-05-23T00:55:45.287,341554,1017,0.82,1.221,2.162,40.05,5000,88.11,1,90.87,0.519,44,0.932,0.0,199
2026-05-23T00:55:45.388,341659,857,0.691,1.029,1.586,40.05,5000,88.11,1,90.87,0.519,44,0.932,0.0,199
2026-05-23T00:55:45.543,341764,1151,0.928,1.382,2.645,40.05,5000,88.11,1,90.87,0.519,44,0.932,0.0,199
2026-05-23T00:55:45.605,341869,1328,1.07,1.594,3.282,40.05,5000,88.11,1,90.87,0.519,44,0.932,0.0,199
2026-05-23T00:55:45.716,341974,1126,0.907,1.352,2.555,40.05,5000,88.11,1,90.87,0.519,44,0.932,0.0,199
2026-05-23T00:55:45.823,342079,720,0.58,0.864,1.093,40.05,5000,88.11,1,90.87,0.519,44,0.932,0.0,199
2026-05-23T00:55:45.947,342184,1049,0.845,1.259,2.277,40.05,5000,88.11,1,90.87,0.519,44,0.932,0.0,199
2026-05-23T00:55:46.071,342289,1329,1.071,1.595,3.286,40.05,5000,88.11,1,90.87,0.519,44,0.932,0.0,199
2026-05-23T00:55:46.133,342394,1201,0.968,1.442,2.825,45.08,5000,99.18,1,90.87,0.519,44,0.932,0.0,199
2026-05-23T00:55:46.256,342496,1074,0.865,1.289,2.367,45.08,5000,99.18,1,90.84,0.519,44,0.933,0.0,199
2026-05-23T00:55:46.382,342601,768,0.619,0.922,1.266,45.08,5000,99.18,1,90.84,0.519,44,0.933,0.0,199
2026-05-23T00:55:46.444,342706,1076,0.867,1.292,2.375,45.08,5000,99.18,1,90.84,0.519,44,0.933,0.0,199
2026-05-23T00:55:46.568,342811,1296,1.044,1.556,3.167,45.08,5000,99.18,1,90.84,0.519,44,0.933,0.0,199
2026-05-23T00:55:46.691,342916,1160,0.935,1.392,2.677,45.08,5000,99.18,1,90.84,0.519,44,0.933,0.0,199
2026-05-23T00:55:46.753,343021,756,0.609,0.907,1.222,45.08,5000,99.18,1,90.84,0.519,44,0.933,0.0,199
2026-05-23T00:55:46.877,343126,980,0.79,1.176,2.029,45.08,5000,99.18,1,90.84,0.519,44,0.933,0.0,199
2026-05-23T00:55:46.987,343231,1293,1.042,1.552,3.156,45.08,5000,99.18,1,90.84,0.519,44,0.933,0.0,199
2026-05-23T00:55:47.090,343336,1241,1.0,1.49,2.969,45.08,5000,99.18,1,90.84,0.519,44,0.933,0.0,199
2026-05-23T00:55:47.241,343478,1034,0.833,1.241,2.223,45.08,5000,99.18,1,101.27,0.587,56,0.942,0.0,199
2026-05-23T00:55:47.342,343583,722,0.582,0.867,1.1,45.08,5000,99.18,1,101.27,0.587,56,0.942,0.0,199
2026-05-23T00:55:47.446,343688,1009,0.813,1.211,2.133,45.08,5000,99.18,1,101.27,0.587,56,0.942,0.0,199
2026-05-23T00:55:47.550,343793,1290,1.04,1.548,3.145,45.08,5000,99.18,1,101.27,0.587,56,0.942,0.0,199
2026-05-23T00:55:47.651,343898,1234,0.994,1.481,2.944,45.08,5000,99.18,1,101.27,0.587,56,0.942,0.0,199
2026-05-23T00:55:47.753,344003,836,0.674,1.003,1.51,45.08,5000,99.18,1,101.27,0.587,56,0.942,0.0,199
2026-05-23T00:55:47.856,344108,942,0.759,1.131,1.892,45.08,5000,99.18,1,101.27,0.587,56,0.942,0.0,199
2026-05-23T00:55:47.965,344213,1288,1.038,1.546,3.138,45.08,5000,99.18,1,101.27,0.587,56,0.942,0.0,199
2026-05-23T00:55:48.078,344318,1277,1.029,1.533,3.098,45.08,5000,99.18,1,101.27,0.587,56,0.942,0.0,199
2026-05-23T00:55:48.238,344472,951,0.766,1.142,1.925,45.08,5000,99.18,1,101.43,0.588,56,0.938,0.0,199
2026-05-23T00:55:48.341,344578,1287,1.037,1.545,3.134,45.08,5000,99.18,1,101.43,0.588,56,0.938,0.0,199
2026-05-23T00:55:48.446,344683,1018,0.82,1.222,2.166,45.08,5000,99.18,1,101.43,0.588,56,0.938,0.0,199
2026-05-23T00:55:48.511,344788,852,0.687,1.023,1.568,45.08,5000,99.18,1,101.43,0.588,56,0.938,0.0,199
2026-05-23T00:55:48.636,344893,1141,0.919,1.37,2.609,45.08,5000,99.18,1,101.43,0.588,56,0.938,0.0,199
2026-05-23T00:55:48.761,344998,1320,1.064,1.584,3.253,45.08,5000,99.18,1,101.43,0.588,56,0.938,0.0,199
2026-05-23T00:55:48.868,345103,1116,0.899,1.34,2.519,45.08,5000,99.18,1,101.43,0.588,56,0.938,0.0,199
2026-05-23T00:55:48.923,345208,728,0.587,0.874,1.122,45.08,5000,99.18,1,101.43,0.588,56,0.938,0.0,199
2026-05-23T00:55:49.088,345313,1051,0.847,1.262,2.285,45.08,5000,99.18,1,101.43,0.588,56,0.938,0.0,199
2026-05-23T00:55:49.151,345418,1327,1.069,1.593,3.279,45.08,5000,99.18,1,101.43,0.588,56,0.938,0.0,199
2026-05-23T00:55:49.277,345520,1315,1.06,1.578,3.235,45.08,5000,99.18,1,101.46,0.588,56,0.938,0.0,199
2026-05-23T00:55:49.339,345625,1063,0.857,1.276,2.328,45.08,5000,99.18,1,101.46,0.588,56,0.938,0.0,199
2026-05-23T00:55:49.464,345730,790,0.637,0.948,1.345,45.08,5000,99.18,1,101.46,0.588,56,0.938,0.0,199
2026-05-23T00:55:49.587,345835,1090,0.878,1.308,2.425,45.08,5000,99.18,1,101.46,0.588,56,0.938,0.0,199
2026-05-23T00:55:49.709,345940,1316,1.061,1.58,3.239,45.08,5000,99.18,1,101.46,0.588,56,0.938,0.0,199
2026-05-23T00:55:49.771,346045,1170,0.943,1.404,2.713,45.08,5000,99.18,1,101.46,0.588,56,0.938,0.0,199
2026-05-23T00:55:49.894,346150,753,0.607,0.904,1.212,45.08,5000,99.18,1,101.46,0.588,56,0.938,0.0,199
2026-05-23T00:55:50.019,346255,983,0.792,1.18,2.04,45.08,5000,99.18,1,101.46,0.588,56,0.938,0.0,199
2026-05-23T00:55:50.082,346360,1313,1.058,1.576,3.228,45.08,5000,99.18,1,101.46,0.588,56,0.938,0.0,199
2026-05-23T00:55:50.271,346502,1299,1.047,1.559,3.178,45.08,5000,99.18,1,101.44,0.587,56,0.94,0.0,199
2026-05-23T00:55:50.333,346607,1115,0.899,1.338,2.515,45.08,5000,99.18,1,101.44,0.587,56,0.94,0.0,199
2026-05-23T00:55:50.457,346712,715,0.576,0.858,1.075,45.08,5000,99.18,1,101.44,0.587,56,0.94,0.0,199
2026-05-23T00:55:50.581,346817,1025,0.826,1.23,2.191,45.08,5000,99.18,1,101.44,0.587,56,0.94,0.0,199
2026-05-23T00:55:50.643,346922,1316,1.061,1.58,3.239,45.08,5000,99.18,1,101.44,0.587,56,0.94,0.0,199
2026-05-23T00:55:50.769,347027,1209,0.974,1.451,2.854,45.08,5000,99.18,1,101.44,0.587,56,0.94,0.0,199
2026-05-23T00:55:50.894,347132,804,0.648,0.965,1.395,45.08,5000,99.18,1,101.44,0.587,56,0.94,0.0,199
2026-05-23T00:55:50.957,347237,948,0.764,1.138,1.914,45.08,5000,99.18,1,101.44,0.587,56,0.94,0.0,199
2026-05-23T00:55:51.070,347342,1278,1.03,1.534,3.102,45.08,5000,99.18,1,101.44,0.587,56,0.94,0.0,199
2026-05-23T00:55:51.254,347496,1261,1.016,1.514,3.041,45.08,5000,99.18,1,101.41,0.587,56,0.94,0.0,199
2026-05-23T00:55:51.316,347602,1255,1.011,1.506,3.019,45.08,5000,99.18,1,101.41,0.587,56,0.94,0.0,199
2026-05-23T00:55:51.425,347707,1274,1.027,1.529,3.088,45.08,5000,99.18,1,101.41,0.587,56,0.94,0.0,199
2026-05-23T00:55:51.547,347812,985,0.794,1.182,2.047,45.08,5000,99.18,1,101.41,0.587,56,0.94,0.0,199
2026-05-23T00:55:51.673,347917,875,0.705,1.05,1.651,45.08,5000,99.18,1,101.41,0.587,56,0.94,0.0,199
2026-05-23T00:55:51.734,348022,1166,0.94,1.4,2.699,45.08,5000,99.18,1,101.41,0.587,56,0.94,0.0,199
2026-05-23T00:55:51.853,348127,1311,1.056,1.574,3.221,45.08,5000,99.18,1,101.41,0.587,56,0.94,0.0,199
2026-05-23T00:55:51.968,348232,1078,0.869,1.294,2.382,45.08,5000,99.18,1,101.41,0.587,56,0.94,0.0,199
2026-05-23T00:55:52.093,348337,764,0.616,0.917,1.251,45.08,5000,99.18,1,101.41,0.587,56,0.94,0.0,199
2026-05-23T00:55:52.153,348442,1073,0.865,1.288,2.364,45.08,5000,99.18,1,101.41,0.587,56,0.94,0.0,199
2026-05-23T00:55:52.279,348544,1217,0.981,1.461,2.882,45.08,5000,99.18,1,101.43,0.587,56,0.94,0.0,199
2026-05-23T00:55:52.388,348649,1296,1.044,1.556,3.167,45.08,5000,99.18,1,101.43,0.587,56,0.94,0.0,199
2026-05-23T00:55:52.497,348754,1035,0.834,1.242,2.227,45.08,5000,99.18,1,101.43,0.587,56,0.94,0.0,199
2026-05-23T00:55:52.605,348859,830,0.669,0.996,1.489,45.08,5000,99.18,1,101.43,0.587,56,0.94,0.0,199
2026-05-23T00:55:52.715,348964,1113,0.897,1.336,2.508,45.08,5000,99.18,1,101.43,0.587,56,0.94,0.0,199
2026-05-23T00:55:52.777,349069,1326,1.069,1.592,3.275,45.08,5000,99.18,1,101.43,0.587,56,0.94,0.0,199
2026-05-23T00:55:52.895,349174,1130,0.911,1.356,2.569,45.08,5000,99.18,1,101.43,0.587,56,0.94,0.0,199
2026-05-23T00:55:52.999,349279,720,0.58,0.864,1.093,45.08,5000,99.18,1,101.43,0.587,56,0.94,0.0,199
2026-05-23T00:55:53.118,349384,1030,0.83,1.236,2.209,45.08,5000,99.18,1,101.43,0.587,56,0.94,0.0,199
2026-05-23T00:55:53.227,349525,1251,1.008,1.502,3.005,45.08,5000,99.18,1,101.16,0.585,55,0.929,0.0,199
2026-05-23T00:55:53.352,349631,1314,1.059,1.577,3.232,45.08,5000,99.18,1,101.16,0.585,55,0.929,0.0,199
2026-05-23T00:55:53.456,349736,1082,0.872,1.299,2.396,45.08,5000,99.18,1,101.16,0.585,55,0.929,0.0,199
2026-05-23T00:55:53.571,349841,756,0.609,0.907,1.222,45.08,5000,99.18,1,101.16,0.585,55,0.929,0.0,199
2026-05-23T00:55:53.693,349946,1061,0.855,1.274,2.321,45.08,5000,99.18,1,101.16,0.585,55,0.929,0.0,199
2026-05-23T00:55:53.754,350051,1319,1.063,1.583,3.25,45.08,5000,99.18,1,101.16,0.585,55,0.929,0.0,199
2026-05-23T00:55:53.865,350156,1179,0.95,1.415,2.746,45.08,5000,99.18,1,101.16,0.585,55,0.929,0.0,199
2026-05-23T00:55:53.967,350261,752,0.606,0.903,1.208,45.08,5000,99.18,1,101.16,0.585,55,0.929,0.0,199
2026-05-23T00:55:54.068,350366,983,0.792,1.18,2.04,45.08,5000,99.18,1,101.16,0.585,55,0.929,0.0,199
2026-05-23T00:55:54.281,350530,1298,1.046,1.558,3.174,45.08,5000,99.18,1,101.18,0.585,55,0.929,0.0,199
2026-05-23T00:55:54.343,350636,1253,1.01,1.504,3.012,45.08,5000,99.18,1,101.18,0.585,55,0.929,0.0,199
2026-05-23T00:55:54.468,350741,886,0.714,1.063,1.69,45.08,5000,99.18,1,101.18,0.585,55,0.929,0.0,199
2026-05-23T00:55:54.592,350846,923,0.744,1.108,1.824,45.08,5000,99.18,1,101.18,0.585,55,0.929,0.0,199
2026-05-23T00:55:54.653,350951,1244,1.002,1.493,2.98,45.08,5000,99.18,1,101.18,0.585,55,0.929,0.0,199
2026-05-23T00:55:54.768,351056,1278,1.03,1.534,3.102,45.08,5000,99.18,1,101.18,0.585,55,0.929,0.0,199
2026-05-23T00:55:54.869,351161,986,0.795,1.184,2.051,45.08,5000,99.18,1,101.18,0.585,55,0.929,0.0,199
2026-05-23T00:55:54.973,351266,874,0.704,1.049,1.647,45.08,5000,99.18,1,101.18,0.585,55,0.929,0.0,199
2026-05-23T00:55:55.079,351371,1158,0.933,1.39,2.67,45.08,5000,99.18,1,101.18,0.585,55,0.929,0.0,199
2026-05-23T00:55:55.243,351535,1316,1.061,1.58,3.239,45.08,5000,99.18,1,101.46,0.587,56,0.94,0.0,199
2026-05-23T00:55:55.368,351640,1169,0.942,1.403,2.71,45.08,5000,99.18,1,101.46,0.587,56,0.94,0.0,199
2026-05-23T00:55:55.483,351745,751,0.605,0.901,1.204,45.08,5000,99.18,1,101.46,0.587,56,0.94,0.0,199
2026-05-23T00:55:55.585,351850,975,0.786,1.17,2.011,45.08,5000,99.18,1,101.46,0.587,56,0.94,0.0,199
2026-05-23T00:55:55.690,351955,1307,1.053,1.569,3.206,45.08,5000,99.18,1,101.46,0.587,56,0.94,0.0,199
2026-05-23T00:55:55.791,352060,1237,0.997,1.485,2.954,45.08,5000,99.18,1,101.46,0.587,56,0.94,0.0,199
2026-05-23T00:55:55.896,352165,856,0.69,1.027,1.582,45.08,5000,99.18,1,101.46,0.587,56,0.94,0.0,199
2026-05-23T00:55:56.001,352270,927,0.747,1.113,1.838,45.08,5000,99.18,1,101.46,0.587,56,0.94,0.0,199
2026-05-23T00:55:56.114,352375,1270,1.023,1.524,3.073,45.08,5000,99.18,1,101.46,0.587,56,0.94,0.0,199
2026-05-23T00:55:56.230,352529,1278,1.03,1.534,3.102,45.08,5000,99.18,1,101.43,0.586,56,0.942,0.0,199
2026-05-23T00:55:56.347,352635,1221,0.984,1.466,2.897,45.08,5000,99.18,1,101.43,0.586,56,0.942,0.0,199
2026-05-23T00:55:56.476,352740,1291,1.04,1.55,3.149,45.08,5000,99.18,1,101.43,0.586,56,0.942,0.0,199
2026-05-23T00:55:56.579,352845,1018,0.82,1.222,2.166,45.08,5000,99.18,1,101.43,0.586,56,0.942,0.0,199
2026-05-23T00:55:56.683,352950,844,0.68,1.013,1.539,45.08,5000,99.18,1,101.43,0.586,56,0.942,0.0,199
2026-05-23T00:55:56.789,353055,1133,0.913,1.36,2.58,45.08,5000,99.18,1,101.43,0.586,56,0.942,0.0,199
2026-05-23T00:55:56.910,353160,1310,1.056,1.572,3.217,45.08,5000,99.18,1,101.43,0.586,56,0.942,0.0,199
2026-05-23T00:55:56.973,353265,1109,0.894,1.331,2.493,45.08,5000,99.18,1,101.43,0.586,56,0.942,0.0,199
2026-05-23T00:55:57.098,353370,732,0.59,0.879,1.136,45.08,5000,99.18,1,101.43,0.586,56,0.942,0.0,199
2026-05-23T00:55:57.221,353475,1042,0.84,1.251,2.252,45.08,5000,99.18,1,101.43,0.586,56,0.942,0.0,199
2026-05-23T00:55:57.282,353577,1178,0.949,1.414,2.742,45.08,5000,99.18,1,101.45,0.586,56,0.941,0.0,199
2026-05-23T00:55:57.405,353682,1310,1.056,1.572,3.217,45.08,5000,99.18,1,101.45,0.586,56,0.941,0.0,199
2026-05-23T00:55:57.508,353787,1059,0.853,1.271,2.313,45.08,5000,99.18,1,101.45,0.586,56,0.941,0.0,199
2026-05-23T00:55:57.609,353892,791,0.637,0.949,1.348,45.08,5000,99.18,1,101.45,0.586,56,0.941,0.0,199
2026-05-23T00:55:57.713,353997,1089,0.878,1.307,2.421,45.08,5000,99.18,1,101.45,0.586,56,0.941,0.0,199
2026-05-23T00:55:57.828,354102,1324,1.067,1.589,3.268,45.08,5000,99.18,1,101.45,0.586,56,0.941,0.0,199
2026-05-23T00:55:57.929,354207,1162,0.936,1.395,2.684,45.08,5000,99.18,1,101.45,0.586,56,0.941,0.0,199
2026-05-23T00:55:58.030,354312,734,0.592,0.881,1.143,45.08,5000,99.18,1,101.45,0.586,56,0.941,0.0,199
2026-05-23T00:55:58.130,354417,1016,0.819,1.22,2.159,45.08,5000,99.18,1,101.45,0.586,56,0.941,0.0,199
2026-05-23T00:55:58.282,354558,1237,0.997,1.485,2.954,45.08,5000,99.18,1,101.43,0.586,56,0.942,0.0,199
2026-05-23T00:55:58.405,354664,1324,1.067,1.589,3.268,45.08,5000,99.18,1,101.43,0.586,56,0.942,0.0,199
2026-05-23T00:55:58.467,354769,1100,0.886,1.32,2.461,45.08,5000,99.18,1,101.43,0.586,56,0.942,0.0,199
2026-05-23T00:55:58.593,354874,734,0.592,0.881,1.143,45.08,5000,99.18,1,101.43,0.586,56,0.942,0.0,199
2026-05-23T00:55:58.704,354979,1047,0.844,1.257,2.27,45.08,5000,99.18,1,101.43,0.586,56,0.942,0.0,199
2026-05-23T00:55:58.811,355084,1325,1.068,1.59,3.271,45.08,5000,99.18,1,101.43,0.586,56,0.942,0.0,199
2026-05-23T00:55:58.874,355189,1193,0.961,1.432,2.796,45.08,5000,99.18,1,101.43,0.586,56,0.942,0.0,199
2026-05-23T00:55:58.998,355294,765,0.616,0.918,1.255,45.08,5000,99.18,1,101.43,0.586,56,0.942,0.0,199
2026-05-23T00:55:59.108,355399,960,0.774,1.152,1.957,45.08,5000,99.18,1,101.43,0.586,56,0.942,0.0,199
2026-05-23T00:55:59.278,355563,1301,1.048,1.562,3.185,45.08,5000,99.18,1,101.45,0.586,56,0.941,0.0,199
2026-05-23T00:55:59.403,355669,1261,1.016,1.514,3.041,45.08,5000,99.18,1,101.45,0.586,56,0.941,0.0,199
2026-05-23T00:55:59.465,355774,906,0.73,1.087,1.762,45.08,5000,99.18,1,101.45,0.586,56,0.941,0.0,199
2026-05-23T00:55:59.591,355879,922,0.743,1.107,1.82,45.08,5000,99.18,1,101.45,0.586,56,0.941,0.0,199
2026-05-23T00:55:59.698,355984,1244,1.002,1.493,2.98,45.08,5000,99.18,1,101.45,0.586,56,0.941,0.0,199
2026-05-23T00:55:59.824,356089,1288,1.038,1.546,3.138,45.08,5000,99.18,1,101.45,0.586,56,0.941,0.0,199
2026-05-23T00:55:59.877,356194,997,0.803,1.197,2.09,45.08,5000,99.18,1,101.45,0.586,56,0.941,0.0,199
2026-05-23T00:55:59.994,356299,864,0.696,1.037,1.611,45.08,5000,99.18,1,101.45,0.586,56,0.941,0.0,199
2026-05-23T00:56:00.116,356404,1150,0.927,1.38,2.641,45.08,5000,99.18,1,101.45,0.586,56,0.941,0.0,199
2026-05-23T00:56:00.296,356568,1317,1.061,1.581,3.243,45.08,5000,99.18,1,101.46,0.585,56,0.943,0.0,199
2026-05-23T00:56:00.363,356673,1183,0.953,1.42,2.76,45.08,5000,99.18,1,101.46,0.585,56,0.943,0.0,199
2026-05-23T00:56:00.474,356778,767,0.618,0.921,1.262,45.08,5000,99.18,1,101.46,0.585,56,0.943,0.0,199
2026-05-23T00:56:00.583,356883,972,0.783,1.167,2.0,45.08,5000,99.18,1,101.46,0.585,56,0.943,0.0,199
2026-05-23T00:56:00.693,356988,1306,1.052,1.568,3.203,45.08,5000,99.18,1,101.46,0.585,56,0.943,0.0,199
2026-05-23T00:56:00.810,357093,1252,1.009,1.503,3.008,45.08,5000,99.18,1,101.46,0.585,56,0.943,0.0,199
2026-05-23T00:56:00.920,357198,878,0.708,1.054,1.662,45.08,5000,99.18,1,101.46,0.585,56,0.943,0.0,199
2026-05-23T00:56:01.033,357303,925,0.745,1.11,1.831,45.08,5000,99.18,1,101.46,0.585,56,0.943,0.0,199
2026-05-23T00:56:01.093,357408,1269,1.023,1.523,3.07,45.08,5000,99.18,1,101.46,0.585,56,0.943,0.0,199
2026-05-23T00:56:01.267,357562,1291,1.04,1.55,3.149,45.08,5000,99.18,1,101.4,0.585,56,0.944,0.0,199
2026-05-23T00:56:01.378,357668,1207,0.973,1.449,2.846,45.08,5000,99.18,1,101.4,0.585,56,0.944,0.0,199
2026-05-23T00:56:01.502,357773,1317,1.061,1.581,3.243,45.08,5000,99.18,1,101.4,0.585,56,0.944,0.0,199
2026-05-23T00:56:01.565,357878,1050,0.846,1.26,2.281,45.08,5000,99.18,1,101.4,0.585,56,0.944,0.0,199
2026-05-23T00:56:01.674,357983,834,0.672,1.001,1.503,45.08,5000,99.18,1,101.4,0.585,56,0.944,0.0,199
2026-05-23T00:56:01.798,358088,1115,0.899,1.338,2.515,45.08,5000,99.18,1,101.4,0.585,56,0.944,0.0,199
2026-05-23T00:56:01.923,358193,1328,1.07,1.594,3.282,45.08,5000,99.18,1,101.4,0.585,56,0.944,0.0,199
2026-05-23T00:56:01.984,358298,1142,0.92,1.371,2.612,45.08,5000,99.18,1,101.4,0.585,56,0.944,0.0,199
2026-05-23T00:56:02.110,358403,736,0.593,0.883,1.15,45.08,5000,99.18,1,101.4,0.585,56,0.944,0.0,199
2026-05-23T00:56:02.233,358508,1032,0.832,1.239,2.216,45.08,5000,99.18,1,101.4,0.585,56,0.944,0.0,199
2026-05-23T00:56:02.296,358610,1162,0.936,1.395,2.684,45.08,5000,99.18,1,101.43,0.585,56,0.943,0.0,199
2026-05-23T00:56:02.423,358715,1330,1.072,1.596,3.289,45.08,5000,99.18,1,101.43,0.585,56,0.943,0.0,199
2026-05-23T00:56:02.545,358820,1088,0.877,1.306,2.418,45.08,5000,99.18,1,101.43,0.585,56,0.943,0.0,199
2026-05-23T00:56:02.607,358925,758,0.611,0.91,1.23,45.08,5000,99.18,1,101.43,0.585,56,0.943,0.0,199
2026-05-23T00:56:02.732,359030,1062,0.856,1.275,2.324,45.08,5000,99.18,1,101.43,0.585,56,0.943,0.0,199
2026-05-23T00:56:02.858,359135,1322,1.065,1.587,3.261,45.08,5000,99.18,1,101.43,0.585,56,0.943,0.0,199
2026-05-23T00:56:02.920,359240,1186,0.956,1.424,2.771,45.08,5000,99.18,1,101.43,0.585,56,0.943,0.0,199
2026-05-23T00:56:03.044,359345,768,0.619,0.922,1.266,45.08,5000,99.18,1,101.43,0.585,56,0.943,0.0,199
2026-05-23T00:56:03.171,359450,965,0.778,1.158,1.975,45.08,5000,99.18,1,101.43,0.585,56,0.943,0.0,199
2026-05-23T00:56:03.294,359591,1182,0.953,1.419,2.756,45.08,5000,99.18,1,101.46,0.585,56,0.943,0.0,199
2026-05-23T00:56:03.419,359697,1313,1.058,1.576,3.228,45.08,5000,99.18,1,101.46,0.585,56,0.943,0.0,199
2026-05-23T00:56:03.482,359802,1149,0.926,1.379,2.638,45.08,5000,99.18,1,101.46,0.585,56,0.943,0.0,199
2026-05-23T00:56:03.607,359907,737,0.594,0.885,1.154,45.08,5000,99.18,1,101.46,0.585,56,0.943,0.0,199
2026-05-23T00:56:03.715,360012,1001,0.807,1.202,2.105,45.08,5000,99.18,1,101.46,0.585,56,0.943,0.0,199
2026-05-23T00:56:03.840,360117,1294,1.043,1.553,3.16,45.08,5000,99.18,1,101.46,0.585,56,0.943,0.0,199
2026-05-23T00:56:03.901,360222,1225,0.987,1.47,2.911,45.08,5000,99.18,1,101.46,0.585,56,0.943,0.0,199
2026-05-23T00:56:04.024,360327,829,0.668,0.995,1.485,45.08,5000,99.18,1,101.46,0.585,56,0.943,0.0,199
2026-05-23T00:56:04.151,360432,935,0.753,1.122,1.867,45.08,5000,99.18,1,101.46,0.585,56,0.943,0.0,199
2026-05-23T00:56:04.277,360596,1274,1.027,1.529,3.088,45.08,5000,99.18,1,101.45,0.585,56,0.943,0.0,199
2026-05-23T00:56:04.400,360702,1276,1.028,1.532,3.095,45.08,5000,99.18,1,101.45,0.585,56,0.943,0.0,199
2026-05-23T00:56:04.524,360807,956,0.77,1.148,1.943,45.08,5000,99.18,1,101.45,0.585,56,0.943,0.0,199
2026-05-23T00:56:04.587,360912,879,0.708,1.055,1.665,45.08,5000,99.18,1,101.45,0.585,56,0.943,0.0,199
2026-05-23T00:56:04.712,361017,1183,0.953,1.42,2.76,45.08,5000,99.18,1,101.45,0.585,56,0.943,0.0,199
2026-05-23T00:56:04.835,361122,1301,1.048,1.562,3.185,45.08,5000,99.18,1,101.45,0.585,56,0.943,0.0,199
2026-05-23T00:56:04.896,361227,1063,0.857,1.276,2.328,45.08,5000,99.18,1,101.45,0.585,56,0.943,0.0,199
2026-05-23T00:56:05.020,361332,790,0.637,0.948,1.345,45.08,5000,99.18,1,101.45,0.585,56,0.943,0.0,199
2026-05-23T00:56:05.145,361437,1088,0.877,1.306,2.418,45.08,5000,99.18,1,101.45,0.585,56,0.943,0.0,199
2026-05-23T00:56:05.311,361601,1305,1.052,1.566,3.199,45.08,5000,99.18,1,101.44,0.584,56,0.945,0.0,199
2026-05-23T00:56:05.420,361706,1231,0.992,1.478,2.933,45.08,5000,99.18,1,101.44,0.584,56,0.945,0.0,199
2026-05-23T00:56:05.475,361811,854,0.688,1.025,1.575,45.08,5000,99.18,1,101.44,0.584,56,0.945,0.0,199
2026-05-23T00:56:05.582,361916,933,0.752,1.12,1.86,45.08,5000,99.18,1,101.44,0.584,56,0.945,0.0,199
2026-05-23T00:56:05.690,362021,1266,1.02,1.52,3.059,45.08,5000,99.18,1,101.44,0.584,56,0.945,0.0,199
2026-05-23T00:56:05.814,362126,1276,1.028,1.532,3.095,45.08,5000,99.18,1,101.44,0.584,56,0.945,0.0,199
2026-05-23T00:56:05.940,362231,966,0.778,1.16,1.979,45.08,5000,99.18,1,101.44,0.584,56,0.945,0.0,199
2026-05-23T00:56:05.998,362336,887,0.715,1.065,1.694,45.08,5000,99.18,1,101.44,0.584,56,0.945,0.0,199
2026-05-23T00:56:06.108,362441,1183,0.953,1.42,2.76,45.08,5000,99.18,1,101.44,0.584,56,0.945,0.0,199
2026-05-23T00:56:06.279,362605,1312,1.057,1.575,3.224,45.08,5000,99.18,1,101.5,0.584,56,0.944,0.0,199
2026-05-23T00:56:06.390,362711,1082,0.872,1.299,2.396,45.08,5000,99.18,1,101.5,0.584,56,0.944,0.0,199
2026-05-23T00:56:06.519,362816,763,0.615,0.916,1.248,45.08,5000,99.18,1,101.5,0.584,56,0.944,0.0,199
2026-05-23T00:56:06.579,362921,1068,0.861,1.282,2.346,45.08,5000,99.18,1,101.5,0.584,56,0.944,0.0,199
2026-05-23T00:56:06.704,363026,1317,1.061,1.581,3.243,45.08,5000,99.18,1,101.5,0.584,56,0.944,0.0,199
2026-05-23T00:56:06.828,363131,1168,0.941,1.402,2.706,45.08,5000,99.18,1,101.5,0.584,56,0.944,0.0,199
2026-05-23T00:56:06.891,363236,751,0.605,0.901,1.204,45.08,5000,99.18,1,101.5,0.584,56,0.944,0.0,199
2026-05-23T00:56:07.017,363341,977,0.787,1.173,2.018,45.08,5000,99.18,1,101.5,0.584,56,0.944,0.0,199
2026-05-23T00:56:07.140,363446,1312,1.057,1.575,3.224,45.08,5000,99.18,1,101.5,0.584,56,0.944,0.0,199
2026-05-23T00:56:07.263,363610,1238,0.998,1.486,2.958,45.08,5000,99.18,1,101.51,0.584,56,0.944,0.0,199
2026-05-23T00:56:07.388,363715,970,0.782,1.164,1.993,45.08,5000,99.18,1,101.51,0.584,56,0.944,0.0,199
2026-05-23T00:56:07.513,363820,874,0.704,1.049,1.647,45.08,5000,99.18,1,101.51,0.584,56,0.944,0.0,199
2026-05-23T00:56:07.636,363925,1171,0.944,1.406,2.717,45.08,5000,99.18,1,101.51,0.584,56,0.944,0.0,199
2026-05-23T00:56:07.697,364030,1314,1.059,1.577,3.232,45.08,5000,99.18,1,101.51,0.584,56,0.944,0.0,199
2026-05-23T00:56:07.821,364135,1065,0.858,1.278,2.335,45.08,5000,99.18,1,101.51,0.584,56,0.944,0.0,199
2026-05-23T00:56:07.930,364240,783,0.631,0.94,1.32,45.08,5000,99.18,1,101.51,0.584,56,0.944,0.0,199
2026-05-23T00:56:08.046,364345,1073,0.865,1.288,2.364,45.08,5000,99.18,1,101.51,0.584,56,0.944,0.0,199
2026-05-23T00:56:08.098,364450,1329,1.071,1.595,3.286,45.08,5000,99.18,1,101.51,0.584,56,0.944,0.0,199
2026-05-23T00:56:08.302,364604,1170,0.943,1.404,2.713,45.08,5000,99.18,1,101.53,0.584,56,0.944,0.0,199
2026-05-23T00:56:08.403,364710,1313,1.058,1.576,3.228,45.08,5000,99.18,1,101.53,0.584,56,0.944,0.0,199
2026-05-23T00:56:08.504,364815,1216,0.98,1.46,2.879,45.08,5000,99.18,1,101.53,0.584,56,0.944,0.0,199
2026-05-23T00:56:08.607,364920,814,0.656,0.977,1.431,45.08,5000,99.18,1,101.53,0.584,56,0.944,0.0,199
2026-05-23T00:56:08.709,365025,939,0.757,1.127,1.881,45.08,5000,99.18,1,101.53,0.584,56,0.944,0.0,199
2026-05-23T00:56:08.824,365130,1295,1.044,1.554,3.163,45.08,5000,99.18,1,101.53,0.584,56,0.944,0.0,199
2026-05-23T00:56:08.939,365235,1268,1.022,1.522,3.066,45.08,5000,99.18,1,101.53,0.584,56,0.944,0.0,199
2026-05-23T00:56:09.001,365340,932,0.751,1.119,1.856,45.08,5000,99.18,1,101.53,0.584,56,0.944,0.0,199
2026-05-23T00:56:09.112,365445,903,0.728,1.084,1.752,45.08,5000,99.18,1,101.53,0.584,56,0.944,0.0,199
2026-05-23T00:56:09.233,365550,1220,0.983,1.464,2.893,45.08,5000,99.18,1,101.53,0.584,56,0.944,0.0,199
2026-05-23T00:56:09.295,365652,1312,1.057,1.575,3.224,45.08,5000,99.18,1,101.51,0.584,55,0.927,0.0,199
2026-05-23T00:56:09.421,365757,1245,1.003,1.494,2.983,45.08,5000,99.18,1,101.51,0.584,55,0.927,0.0,199
2026-05-23T00:56:09.542,365862,867,0.699,1.041,1.622,45.08,5000,99.18,1,101.51,0.584,55,0.927,0.0,199
2026-05-23T00:56:09.653,365967,923,0.744,1.108,1.824,45.08,5000,99.18,1,101.51,0.584,55,0.927,0.0,199
2026-05-23T00:56:09.762,366072,1258,1.014,1.51,3.03,45.08,5000,99.18,1,101.51,0.584,55,0.927,0.0,199
2026-05-23T00:56:09.819,366177,1281,1.032,1.538,3.113,45.08,5000,99.18,1,101.51,0.584,55,0.927,0.0,199
2026-05-23T00:56:09.934,366282,976,0.787,1.172,2.015,45.08,5000,99.18,1,101.51,0.584,55,0.927,0.0,199
2026-05-23T00:56:10.059,366387,887,0.715,1.065,1.694,45.08,5000,99.18,1,101.51,0.584,55,0.927,0.0,199
2026-05-23T00:56:10.184,366492,1176,0.948,1.412,2.735,45.08,5000,99.18,1,101.51,0.584,55,0.927,0.0,199
2026-05-23T00:56:10.309,366633,1321,1.065,1.586,3.257,45.08,5000,99.18,1,101.54,0.584,56,0.944,0.0,199
2026-05-23T00:56:10.432,366739,1271,1.024,1.526,3.077,45.08,5000,99.18,1,101.54,0.584,56,0.944,0.0,199
2026-05-23T00:56:10.495,366844,939,0.757,1.127,1.881,45.08,5000,99.18,1,101.54,0.584,56,0.944,0.0,199
2026-05-23T00:56:10.618,366949,904,0.728,1.085,1.755,45.08,5000,99.18,1,101.54,0.584,56,0.944,0.0,199
2026-05-23T00:56:10.742,367054,1217,0.981,1.461,2.882,45.08,5000,99.18,1,101.54,0.584,56,0.944,0.0,199
2026-05-23T00:56:10.804,367159,1302,1.049,1.563,3.188,45.08,5000,99.18,1,101.54,0.584,56,0.944,0.0,199
2026-05-23T00:56:10.928,367264,1022,0.824,1.227,2.18,45.08,5000,99.18,1,101.54,0.584,56,0.944,0.0,199
2026-05-23T00:56:11.043,367369,852,0.687,1.023,1.568,45.08,5000,99.18,1,101.54,0.584,56,0.944,0.0,199
2026-05-23T00:56:11.162,367474,1133,0.913,1.36,2.58,45.08,5000,99.18,1,101.54,0.584,56,0.944,0.0,199
2026-05-23T00:56:11.287,367638,1321,1.065,1.586,3.257,45.08,5000,99.18,1,101.55,0.583,56,0.945,0.0,199
2026-05-23T00:56:11.412,367744,1129,0.91,1.355,2.566,45.08,5000,99.18,1,101.55,0.583,56,0.945,0.0,199
2026-05-23T00:56:11.535,367849,716,0.577,0.859,1.078,45.08,5000,99.18,1,101.55,0.583,56,0.945,0.0,199
2026-05-23T00:56:11.599,367954,1023,0.824,1.228,2.184,45.08,5000,99.18,1,101.55,0.583,56,0.945,0.0,199
2026-05-23T00:56:11.723,368059,1322,1.065,1.587,3.261,45.08,5000,99.18,1,101.55,0.583,56,0.945,0.0,199
2026-05-23T00:56:11.847,368164,1219,0.982,1.463,2.89,45.08,5000,99.18,1,101.55,0.583,56,0.945,0.0,199
2026-05-23T00:56:11.908,368269,810,0.653,0.972,1.417,45.08,5000,99.18,1,101.55,0.583,56,0.945,0.0,199
2026-05-23T00:56:12.034,368374,957,0.771,1.149,1.946,45.08,5000,99.18,1,101.55,0.583,56,0.945,0.0,199
2026-05-23T00:56:12.136,368479,1290,1.04,1.548,3.145,45.08,5000,99.18,1,101.55,0.583,56,0.945,0.0,199
2026-05-23T00:56:12.287,368643,1253,1.01,1.504,3.012,45.08,5000,99.18,1,101.56,0.583,56,0.945,0.0,199
2026-05-23T00:56:12.392,368748,1022,0.824,1.227,2.18,45.08,5000,99.18,1,101.56,0.583,56,0.945,0.0,199
2026-05-23T00:56:12.498,368853,851,0.686,1.021,1.564,45.08,5000,99.18,1,101.56,0.583,56,0.945,0.0,199
2026-05-23T00:56:12.626,368958,1139,0.918,1.367,2.602,45.08,5000,99.18,1,101.56,0.583,56,0.945,0.0,199
2026-05-23T00:56:12.750,369063,1320,1.064,1.584,3.253,45.08,5000,99.18,1,101.56,0.583,56,0.945,0.0,199
2026-05-23T00:56:12.808,369168,1110,0.895,1.332,2.497,45.08,5000,99.18,1,101.56,0.583,56,0.945,0.0,199
2026-05-23T00:56:12.910,369273,735,0.592,0.882,1.147,50.31,5000,110.68,1,101.56,0.583,56,0.945,0.0,199
2026-05-23T00:56:13.010,369378,1047,0.844,1.257,2.27,50.31,5000,110.68,1,101.56,0.583,56,0.945,0.0,199
2026-05-23T00:56:13.124,369483,1304,1.051,1.565,3.196,50.31,5000,110.68,1,101.56,0.583,56,0.945,0.0,199
2026-05-23T00:56:13.311,369647,1183,0.953,1.42,2.76,50.31,5000,110.68,1,101.74,0.585,56,0.94,0.0,199
2026-05-23T00:56:13.437,369753,794,0.64,0.953,1.359,50.31,5000,110.68,1,101.74,0.585,56,0.94,0.0,199
2026-05-23T00:56:13.498,369858,941,0.758,1.13,1.889,50.31,5000,110.68,1,101.74,0.585,56,0.94,0.0,199
2026-05-23T00:56:13.622,369963,1288,1.038,1.546,3.138,50.31,5000,110.68,1,101.74,0.585,56,0.94,0.0,199
2026-05-23T00:56:13.747,370068,1242,1.001,1.491,2.972,50.31,5000,110.68,1,101.74,0.585,56,0.94,0.0,199
2026-05-23T00:56:13.810,370173,905,0.729,1.086,1.759,50.31,5000,110.68,1,101.74,0.585,56,0.94,0.0,199
2026-05-23T00:56:13.933,370278,909,0.733,1.091,1.773,50.31,5000,110.68,1,101.74,0.585,56,0.94,0.0,199
2026-05-23T00:56:14.037,370383,1243,1.002,1.492,2.976,50.31,5000,110.68,1,101.74,0.585,56,0.94,0.0,199
2026-05-23T00:56:14.139,370488,1278,1.03,1.534,3.102,50.31,5000,110.68,1,101.74,0.585,56,0.94,0.0,199
2026-05-23T00:56:14.294,370652,990,0.798,1.188,2.065,50.31,5000,110.68,1,112.27,0.655,70,0.951,0.0,199
2026-05-23T00:56:14.395,370757,752,0.606,0.903,1.208,50.31,5000,110.68,1,112.27,0.655,70,0.951,0.0,199
2026-05-23T00:56:14.498,370862,1050,0.846,1.26,2.281,50.31,5000,110.68,1,112.27,0.655,70,0.951,0.0,199
2026-05-23T00:56:14.607,370967,1312,1.057,1.575,3.224,50.31,5000,110.68,1,112.27,0.655,70,0.951,0.0,199
2026-05-23T00:56:14.714,371072,1163,0.937,1.396,2.688,50.31,5000,110.68,1,112.27,0.655,70,0.951,0.0,199
2026-05-23T00:56:14.827,371177,750,0.604,0.9,1.201,50.31,5000,110.68,1,112.27,0.655,70,0.951,0.0,199
2026-05-23T00:56:14.931,371282,968,0.78,1.162,1.986,50.31,5000,110.68,1,112.27,0.655,70,0.951,0.0,199
2026-05-23T00:56:15.041,371387,1302,1.049,1.563,3.188,50.31,5000,110.68,1,112.27,0.655,70,0.951,0.0,199
2026-05-23T00:56:15.148,371492,1225,0.987,1.47,2.911,50.31,5000,110.68,1,112.27,0.655,70,0.951,0.0,199
2026-05-23T00:56:15.318,371646,857,0.691,1.029,1.586,50.31,5000,110.68,1,112.26,0.655,70,0.951,0.0,199
2026-05-23T00:56:15.380,371752,1246,1.004,1.496,2.987,50.31,5000,110.68,1,112.26,0.655,70,0.951,0.0,199
2026-05-23T00:56:15.506,371857,922,0.743,1.107,1.82,50.31,5000,110.68,1,112.26,0.655,70,0.951,0.0,199
2026-05-23T00:56:15.612,371962,889,0.716,1.067,1.701,50.31,5000,110.68,1,112.26,0.655,70,0.951,0.0,199
2026-05-23T00:56:15.739,372067,1196,0.964,1.436,2.807,50.31,5000,110.68,1,112.26,0.655,70,0.951,0.0,199
2026-05-23T00:56:15.800,372172,1281,1.032,1.538,3.113,50.31,5000,110.68,1,112.26,0.655,70,0.951,0.0,199
2026-05-23T00:56:15.921,372277,1018,0.82,1.222,2.166,50.31,5000,110.68,1,112.26,0.655,70,0.951,0.0,199
2026-05-23T00:56:16.048,372382,839,0.676,1.007,1.521,50.31,5000,110.68,1,112.26,0.655,70,0.951,0.0,199
2026-05-23T00:56:16.112,372487,1111,0.895,1.334,2.501,50.31,5000,110.68,1,112.26,0.655,70,0.951,0.0,199
2026-05-23T00:56:16.234,372592,1311,1.056,1.574,3.221,50.31,5000,110.68,1,112.26,0.655,70,0.951,0.0,199
2026-05-23T00:56:16.345,372694,1269,1.023,1.523,3.07,50.31,5000,110.68,1,112.25,0.654,70,0.953,0.0,199
2026-05-23T00:56:16.471,372799,957,0.771,1.149,1.946,50.31,5000,110.68,1,112.25,0.654,70,0.953,0.0,199
2026-05-23T00:56:16.532,372904,873,0.704,1.048,1.644,50.31,5000,110.68,1,112.25,0.654,70,0.953,0.0,199
2026-05-23T00:56:16.656,373009,1172,0.944,1.407,2.72,50.31,5000,110.68,1,112.25,0.654,70,0.953,0.0,199
2026-05-23T00:56:16.781,373114,1299,1.047,1.559,3.178,50.31,5000,110.68,1,112.25,0.654,70,0.953,0.0,199
2026-05-23T00:56:16.843,373219,1046,0.843,1.256,2.267,50.31,5000,110.68,1,112.25,0.654,70,0.953,0.0,199
2026-05-23T00:56:16.954,373324,792,0.638,0.951,1.352,50.31,5000,110.68,1,112.25,0.654,70,0.953,0.0,199
2026-05-23T00:56:17.079,373429,1078,0.869,1.294,2.382,50.31,5000,110.68,1,112.25,0.654,70,0.953,0.0,199
2026-05-23T00:56:17.202,373534,1305,1.052,1.566,3.199,50.31,5000,110.68,1,112.25,0.654,70,0.953,0.0,199
2026-05-23T00:56:17.312,373675,1248,1.006,1.498,2.994,50.31,5000,110.68,1,112.24,0.654,70,0.953,0.0,199
2026-05-23T00:56:17.436,373781,1001,0.807,1.202,2.105,50.31,5000,110.68,1,112.24,0.654,70,0.953,0.0,199
2026-05-23T00:56:17.561,373886,849,0.684,1.019,1.557,50.31,5000,110.68,1,112.24,0.654,70,0.953,0.0,199
2026-05-23T00:56:17.623,373991,1129,0.91,1.355,2.566,50.31,5000,110.68,1,112.24,0.654,70,0.953,0.0,199
2026-05-23T00:56:17.746,374096,1309,1.055,1.571,3.214,50.31,5000,110.68,1,112.24,0.654,70,0.953,0.0,199
2026-05-23T00:56:17.870,374201,1093,0.881,1.312,2.436,50.31,5000,110.68,1,112.24,0.654,70,0.953,0.0,199
2026-05-23T00:56:17.933,374306,746,0.601,0.895,1.186,50.31,5000,110.68,1,112.24,0.654,70,0.953,0.0,199
2026-05-23T00:56:18.048,374411,1034,0.833,1.241,2.223,50.31,5000,110.68,1,112.24,0.654,70,0.953,0.0,199
2026-05-23T00:56:18.168,374516,1300,1.048,1.56,3.181,50.31,5000,110.68,1,112.24,0.654,70,0.953,0.0,199
2026-05-23T00:56:18.354,374680,1178,0.949,1.414,2.742,50.31,5000,110.68,1,112.24,0.653,70,0.955,0.0,199
2026-05-23T00:56:18.415,374786,788,0.635,0.946,1.338,50.31,5000,110.68,1,112.24,0.653,70,0.955,0.0,199
2026-05-23T00:56:18.541,374891,943,0.76,1.132,1.896,50.31,5000,110.68,1,112.24,0.653,70,0.955,0.0,199
2026-05-23T00:56:18.648,374996,1280,1.032,1.536,3.109,50.31,5000,110.68,1,112.24,0.653,70,0.955,0.0,199
2026-05-23T00:56:18.775,375101,1238,0.998,1.486,2.958,50.31,5000,110.68,1,112.24,0.653,70,0.955,0.0,199
2026-05-23T00:56:18.837,375206,896,0.722,1.075,1.726,50.31,5000,110.68,1,112.24,0.653,70,0.955,0.0,199
2026-05-23T00:56:18.962,375311,892,0.719,1.071,1.712,50.31,5000,110.68,1,112.24,0.653,70,0.955,0.0,199
2026-05-23T00:56:19.087,375416,1234,0.994,1.481,2.944,50.31,5000,110.68,1,112.24,0.653,70,0.955,0.0,199
2026-05-23T00:56:19.143,375521,1282,1.033,1.539,3.116,50.31,5000,110.68,1,112.24,0.653,70,0.955,0.0,199
2026-05-23T00:56:19.320,375684,988,0.796,1.186,2.058,50.31,5000,110.68,1,112.21,0.653,69,0.941,0.0,199
2026-05-23T00:56:19.446,375790,743,0.599,0.892,1.176,50.31,5000,110.68,1,112.21,0.653,69,0.941,0.0,199
2026-05-23T00:56:19.554,375895,1044,0.841,1.253,2.259,50.31,5000,110.68,1,112.21,0.653,69,0.941,0.0,199
2026-05-23T00:56:19.615,376000,1311,1.056,1.574,3.221,50.31,5000,110.68,1,112.21,0.653,69,0.941,0.0,199
2026-05-23T00:56:19.743,376105,1173,0.945,1.408,2.724,50.31,5000,110.68,1,112.21,0.653,69,0.941,0.0,199
2026-05-23T00:56:19.867,376210,764,0.616,0.917,1.251,50.31,5000,110.68,1,112.21,0.653,69,0.941,0.0,199
2026-05-23T00:56:19.929,376315,955,0.77,1.146,1.939,50.31,5000,110.68,1,112.21,0.653,69,0.941,0.0,199
2026-05-23T00:56:20.041,376420,1278,1.03,1.534,3.102,50.31,5000,110.68,1,112.21,0.653,69,0.941,0.0,199
2026-05-23T00:56:20.142,376525,1236,0.996,1.484,2.951,50.31,5000,110.68,1,112.21,0.653,69,0.941,0.0,199
2026-05-23T00:56:20.306,376689,886,0.714,1.063,1.69,50.31,5000,110.68,1,112.24,0.653,69,0.941,0.0,199
2026-05-23T00:56:20.425,376795,897,0.723,1.077,1.73,50.31,5000,110.68,1,112.24,0.653,69,0.941,0.0,199
2026-05-23T00:56:20.548,376900,1219,0.982,1.463,2.89,50.31,5000,110.68,1,112.24,0.653,69,0.941,0.0,199
2026-05-23T00:56:20.611,377005,1272,1.025,1.527,3.08,50.31,5000,110.68,1,112.24,0.653,69,0.941,0.0,199
2026-05-23T00:56:20.738,377110,988,0.796,1.186,2.058,50.31,5000,110.68,1,112.24,0.653,69,0.941,0.0,199
2026-05-23T00:56:20.863,377215,856,0.69,1.027,1.582,50.31,5000,110.68,1,112.24,0.653,69,0.941,0.0,199
2026-05-23T00:56:20.924,377320,1128,0.909,1.354,2.562,50.31,5000,110.68,1,112.24,0.653,69,0.941,0.0,199
2026-05-23T00:56:21.049,377425,1309,1.055,1.571,3.214,50.31,5000,110.68,1,112.24,0.653,69,0.941,0.0,199
2026-05-23T00:56:21.174,377530,1084,0.874,1.301,2.403,50.31,5000,110.68,1,112.24,0.653,69,0.941,0.0,199
2026-05-23T00:56:21.299,377694,741,0.597,0.889,1.168,50.31,5000,110.68,1,112.18,0.652,69,0.943,0.0,199
2026-05-23T00:56:21.409,377799,944,0.761,1.133,1.899,50.31,5000,110.68,1,112.18,0.652,69,0.943,0.0,199
2026-05-23T00:56:21.532,377904,1287,1.037,1.545,3.134,50.31,5000,110.68,1,112.18,0.652,69,0.943,0.0,199
2026-05-23T00:56:21.656,378009,1235,0.995,1.482,2.947,50.31,5000,110.68,1,112.18,0.652,69,0.943,0.0,199
2026-05-23T00:56:21.719,378114,888,0.716,1.066,1.698,50.31,5000,110.68,1,112.18,0.652,69,0.943,0.0,199
2026-05-23T00:56:21.844,378219,897,0.723,1.077,1.73,50.31,5000,110.68,1,112.18,0.652,69,0.943,0.0,199
2026-05-23T00:56:21.968,378324,1239,0.998,1.487,2.962,50.31,5000,110.68,1,112.18,0.652,69,0.943,0.0,199
2026-05-23T00:56:22.029,378429,1259,1.015,1.511,3.034,50.31,5000,110.68,1,112.18,0.652,69,0.943,0.0,199
2026-05-23T00:56:22.154,378534,988,0.796,1.186,2.058,50.31,5000,110.68,1,112.18,0.652,69,0.943,0.0,199
2026-05-23T00:56:22.342,378688,856,0.69,1.027,1.582,50.31,5000,110.68,1,112.2,0.652,69,0.943,0.0,199
2026-05-23T00:56:22.404,378794,1047,0.844,1.257,2.27,50.31,5000,110.68,1,112.2,0.652,69,0.943,0.0,199
2026-05-23T00:56:22.527,378899,796,0.641,0.955,1.366,50.31,5000,110.68,1,112.2,0.652,69,0.943,0.0,199
2026-05-23T00:56:22.649,379004,1083,0.873,1.3,2.4,50.31,5000,110.68,1,112.2,0.652,69,0.943,0.0,199
2026-05-23T00:56:22.712,379109,1306,1.052,1.568,3.203,50.31,5000,110.68,1,112.2,0.652,69,0.943,0.0,199
2026-05-23T00:56:22.838,379214,1142,0.92,1.371,2.612,50.31,5000,110.68,1,112.2,0.652,69,0.943,0.0,199
2026-05-23T00:56:22.961,379319,742,0.598,0.891,1.172,50.31,5000,110.68,1,112.2,0.652,69,0.943,0.0,199
2026-05-23T00:56:23.025,379424,992,0.799,1.191,2.072,50.31,5000,110.68,1,112.2,0.652,69,0.943,0.0,199
2026-05-23T00:56:23.151,379529,1281,1.032,1.538,3.113,50.31,5000,110.68,1,112.2,0.652,69,0.943,0.0,199
2026-05-23T00:56:23.274,379634,1218,0.982,1.462,2.886,50.31,5000,110.68,1,112.2,0.652,69,0.943,0.0,199
2026-05-23T00:56:23.334,379736,1100,0.886,1.32,2.461,50.31,5000,110.68,1,112.19,0.652,69,0.943,0.0,199
2026-05-23T00:56:23.456,379841,718,0.579,0.862,1.086,50.31,5000,110.68,1,112.19,0.652,69,0.943,0.0,199
2026-05-23T00:56:23.582,379946,1024,0.825,1.229,2.187,50.31,5000,110.68,1,112.19,0.652,69,0.943,0.0,199
2026-05-23T00:56:23.705,380051,1309,1.055,1.571,3.214,50.31,5000,110.68,1,112.19,0.652,69,0.943,0.0,199
2026-05-23T00:56:23.766,380156,1190,0.959,1.428,2.785,50.31,5000,110.68,1,112.19,0.652,69,0.943,0.0,199
2026-05-23T00:56:23.879,380261,787,0.634,0.945,1.334,50.31,5000,110.68,1,112.19,0.652,69,0.943,0.0,199
2026-05-23T00:56:24.002,380366,932,0.751,1.119,1.856,50.31,5000,110.68,1,112.19,0.652,69,0.943,0.0,199
2026-05-23T00:56:24.126,380471,1274,1.027,1.529,3.088,50.31,5000,110.68,1,112.19,0.652,69,0.943,0.0,199
2026-05-23T00:56:24.187,380576,1239,0.998,1.487,2.962,50.31,5000,110.68,1,112.19,0.652,69,0.943,0.0,199
2026-05-23T00:56:24.311,380717,1068,0.861,1.282,2.346,50.31,5000,110.68,1,112.08,0.651,69,0.945,0.0,199
2026-05-23T00:56:24.438,380823,749,0.604,0.899,1.197,50.31,5000,110.68,1,112.08,0.651,69,0.945,0.0,199
2026-05-23T00:56:24.550,380928,962,0.775,1.155,1.964,50.31,5000,110.68,1,112.08,0.651,69,0.945,0.0,199
2026-05-23T00:56:24.671,381033,1289,1.039,1.547,3.142,50.31,5000,110.68,1,112.08,0.651,69,0.945,0.0,199
2026-05-23T00:56:24.732,381138,1228,0.99,1.474,2.922,50.31,5000,110.68,1,112.08,0.651,69,0.945,0.0,199
2026-05-23T00:56:24.857,381243,877,0.707,1.053,1.658,50.31,5000,110.68,1,112.08,0.651,69,0.945,0.0,199
2026-05-23T00:56:24.981,381348,909,0.733,1.091,1.773,50.31,5000,110.68,1,112.08,0.651,69,0.945,0.0,199
2026-05-23T00:56:25.043,381453,1235,0.995,1.482,2.947,50.31,5000,110.68,1,112.08,0.651,69,0.945,0.0,199
2026-05-23T00:56:25.169,381558,1268,1.022,1.522,3.066,50.31,5000,110.68,1,112.08,0.651,69,0.945,0.0,199
2026-05-23T00:56:25.344,381722,977,0.787,1.173,2.018,50.31,5000,110.68,1,112.05,0.65,69,0.947,0.0,199
2026-05-23T00:56:25.450,381828,863,0.695,1.036,1.608,59.98,5000,131.96,1,112.05,0.65,69,0.947,0.0,199
2026-05-23T00:56:25.572,381933,1123,0.905,1.348,2.544,59.98,5000,131.96,1,112.05,0.65,69,0.947,0.0,199
2026-05-23T00:56:25.636,382038,1301,1.048,1.562,3.185,59.98,5000,131.96,1,112.05,0.65,69,0.947,0.0,199
2026-05-23T00:56:25.762,382143,1080,0.87,1.296,2.389,59.98,5000,131.96,1,112.05,0.65,69,0.947,0.0,199
2026-05-23T00:56:25.886,382248,760,0.612,0.912,1.237,59.98,5000,131.96,1,112.05,0.65,69,0.947,0.0,199
2026-05-23T00:56:25.949,382353,1046,0.843,1.256,2.267,59.98,5000,131.96,1,112.05,0.65,69,0.947,0.0,199
2026-05-23T00:56:26.073,382458,1290,1.04,1.548,3.145,59.98,5000,131.96,1,112.05,0.65,69,0.947,0.0,199
2026-05-23T00:56:26.198,382563,1172,0.944,1.407,2.72,59.98,5000,131.96,1,112.05,0.65,69,0.947,0.0,199
2026-05-23T00:56:26.322,382727,787,0.634,0.945,1.334,59.98,5000,131.96,1,126.12,0.746,91,0.967,0.0,199
2026-05-23T00:56:26.448,382832,893,0.72,1.072,1.716,59.98,5000,131.96,1,126.12,0.746,91,0.967,0.0,199
2026-05-23T00:56:26.573,382937,1227,0.989,1.473,2.918,59.98,5000,131.96,1,126.12,0.746,91,0.967,0.0,199
2026-05-23T00:56:26.628,383042,1273,1.026,1.528,3.084,59.98,5000,131.96,1,126.12,0.746,91,0.967,0.0,199
2026-05-23T00:56:26.731,383147,994,0.801,1.193,2.079,59.98,5000,131.96,1,126.12,0.746,91,0.967,0.0,199
2026-05-23T00:56:26.835,383252,851,0.686,1.021,1.564,59.98,5000,131.96,1,126.12,0.746,91,0.967,0.0,199
2026-05-23T00:56:26.987,383357,1111,0.895,1.334,2.501,59.98,5000,131.96,1,126.12,0.746,91,0.967,0.0,199
2026-05-23T00:56:27.102,383462,1294,1.043,1.553,3.16,59.98,5000,131.96,1,126.12,0.746,91,0.967,0.0,199
2026-05-23T00:56:27.160,383567,1095,0.882,1.314,2.443,59.98,5000,131.96,1,126.12,0.746,91,0.967,0.0,199
2026-05-23T00:56:27.312,383721,730,0.588,0.876,1.129,59.98,5000,131.96,1,131.49,0.782,99,0.962,0.0,199
2026-05-23T00:56:27.415,383827,1159,0.934,1.391,2.674,59.98,5000,131.96,1,131.49,0.782,99,0.962,0.0,199
2026-05-23T00:56:27.523,383932,754,0.608,0.905,1.215,59.98,5000,131.96,1,131.49,0.782,99,0.962,0.0,199
2026-05-23T00:56:27.635,384037,951,0.766,1.142,1.925,59.98,5000,131.96,1,131.49,0.782,99,0.962,0.0,199
2026-05-23T00:56:27.755,384142,1298,1.046,1.558,3.174,59.98,5000,131.96,1,131.49,0.782,99,0.962,0.0,199
2026-05-23T00:56:27.882,384247,1220,0.983,1.464,2.893,59.98,5000,131.96,1,131.49,0.782,99,0.962,0.0,199
2026-05-23T00:56:27.937,384352,885,0.713,1.062,1.687,59.98,5000,131.96,1,131.49,0.782,99,0.962,0.0,199
2026-05-23T00:56:28.052,384457,910,0.733,1.092,1.777,59.98,5000,131.96,1,131.49,0.782,99,0.962,0.0,199
2026-05-23T00:56:28.176,384562,1255,1.011,1.506,3.019,59.98,5000,131.96,1,131.49,0.782,99,0.962,0.0,199
2026-05-23T00:56:28.297,384667,1260,1.015,1.512,3.037,59.98,5000,131.96,1,131.49,0.782,99,0.962,0.0,199
2026-05-23T00:56:28.360,384769,1203,0.969,1.444,2.832,59.98,5000,131.96,1,131.55,0.782,99,0.962,0.0,199
2026-05-23T00:56:28.471,384874,830,0.669,0.996,1.489,59.98,5000,131.96,1,131.55,0.782,99,0.962,0.0,199
2026-05-23T00:56:28.597,384979,930,0.749,1.116,1.849,59.98,5000,131.96,1,131.55,0.782,99,0.962,0.0,199
2026-05-23T00:56:28.722,385084,1255,1.011,1.506,3.019,59.98,5000,131.96,1,131.55,0.782,99,0.962,0.0,199
2026-05-23T00:56:28.782,385189,1258,1.014,1.51,3.03,59.98,5000,131.96,1,131.55,0.782,99,0.962,0.0,199
2026-05-23T00:56:28.908,385294,939,0.757,1.127,1.881,59.98,5000,131.96,1,131.55,0.782,99,0.962,0.0,199
2026-05-23T00:56:29.018,385399,883,0.712,1.06,1.68,59.98,5000,131.96,1,131.55,0.782,99,0.962,0.0,199
2026-05-23T00:56:29.126,385504,1171,0.944,1.406,2.717,59.98,5000,131.96,1,131.55,0.782,99,0.962,0.0,199
2026-05-23T00:56:29.235,385609,1276,1.028,1.532,3.095,59.98,5000,131.96,1,131.55,0.782,99,0.962,0.0,199
2026-05-23T00:56:29.358,385751,1182,0.953,1.419,2.756,59.98,5000,131.96,1,131.67,0.782,99,0.961,0.0,199
2026-05-23T00:56:29.467,385856,925,0.745,1.11,1.831,59.98,5000,131.96,1,131.67,0.782,99,0.961,0.0,199
2026-05-23T00:56:29.591,385961,891,0.718,1.069,1.708,59.98,5000,131.96,1,131.67,0.782,99,0.961,0.0,199
2026-05-23T00:56:29.653,386066,1192,0.961,1.431,2.792,59.98,5000,131.96,1,131.67,0.782,99,0.961,0.0,199
2026-05-23T00:56:29.762,386171,1282,1.033,1.539,3.116,59.98,5000,131.96,1,131.67,0.782,99,0.961,0.0,199
2026-05-23T00:56:29.881,386276,1019,0.821,1.223,2.169,59.98,5000,131.96,1,131.67,0.782,99,0.961,0.0,199
2026-05-23T00:56:29.998,386381,834,0.672,1.001,1.503,59.98,5000,131.96,1,131.67,0.782,99,0.961,0.0,199
2026-05-23T00:56:30.060,386486,1092,0.88,1.311,2.432,59.98,5000,131.96,1,131.67,0.782,99,0.961,0.0,199
2026-05-23T00:56:30.170,386591,1312,1.057,1.575,3.224,59.98,5000,131.96,1,131.67,0.782,99,0.961,0.0,199
2026-05-23T00:56:30.357,386745,1118,0.901,1.342,2.526,59.98,5000,131.96,1,131.68,0.782,99,0.961,0.0,199
2026-05-23T00:56:30.472,386851,1296,1.044,1.556,3.167,59.98,5000,131.96,1,131.68,0.782,99,0.961,0.0,199
2026-05-23T00:56:30.524,386956,1199,0.966,1.439,2.818,59.98,5000,131.96,1,131.68,0.782,99,0.961,0.0,199
2026-05-23T00:56:30.653,387061,793,0.639,0.952,1.356,59.98,5000,131.96,1,131.68,0.782,99,0.961,0.0,199
2026-05-23T00:56:30.779,387166,938,0.756,1.126,1.878,59.98,5000,131.96,1,131.68,0.782,99,0.961,0.0,199
2026-05-23T00:56:30.839,387271,1275,1.027,1.53,3.091,59.98,5000,131.96,1,131.68,0.782,99,0.961,0.0,199
2026-05-23T00:56:30.965,387376,1252,1.009,1.503,3.008,59.98,5000,131.96,1,131.68,0.782,99,0.961,0.0,199
2026-05-23T00:56:31.088,387481,917,0.739,1.101,1.802,59.98,5000,131.96,1,131.68,0.782,99,0.961,0.0,199
2026-05-23T00:56:31.200,387586,909,0.733,1.091,1.773,59.98,5000,131.96,1,131.68,0.782,99,0.961,0.0,199
2026-05-23T00:56:31.260,387691,1209,0.974,1.451,2.854,59.98,5000,131.96,1,131.68,0.782,99,0.961,0.0,199
2026-05-23T00:56:31.383,387793,1279,1.031,1.535,3.106,59.98,5000,131.96,1,131.74,0.782,99,0.96,0.0,199
2026-05-23T00:56:31.491,387898,1219,0.982,1.463,2.89,59.98,5000,131.96,1,131.74,0.782,99,0.96,0.0,199
2026-05-23T00:56:31.600,388003,861,0.694,1.033,1.6,59.98,5000,131.96,1,131.74,0.782,99,0.96,0.0,199
2026-05-23T00:56:31.726,388108,916,0.738,1.1,1.799,59.98,5000,131.96,1,131.74,0.782,99,0.96,0.0,199
2026-05-23T00:56:31.786,388213,1246,1.004,1.496,2.987,59.98,5000,131.96,1,131.74,0.782,99,0.96,0.0,199
2026-05-23T00:56:31.912,388318,1252,1.009,1.503,3.008,59.98,5000,131.96,1,131.74,0.782,99,0.96,0.0,199
2026-05-23T00:56:32.036,388423,986,0.795,1.184,2.051,59.98,5000,131.96,1,131.74,0.782,99,0.96,0.0,199
2026-05-23T00:56:32.145,388528,878,0.708,1.054,1.662,59.98,5000,131.96,1,131.74,0.782,99,0.96,0.0,199
2026-05-23T00:56:32.208,388633,1179,0.95,1.415,2.746,59.98,5000,131.96,1,131.74,0.782,99,0.96,0.0,199
2026-05-23T00:56:32.394,388775,1279,1.031,1.535,3.106,59.98,5000,131.96,1,131.79,0.781,99,0.961,0.0,199
2026-05-23T00:56:32.455,388880,1255,1.011,1.506,3.019,59.98,5000,131.96,1,131.79,0.781,99,0.961,0.0,199
2026-05-23T00:56:32.583,388985,943,0.76,1.132,1.896,59.98,5000,131.96,1,131.79,0.781,99,0.961,0.0,199
2026-05-23T00:56:32.687,389090,891,0.718,1.069,1.708,59.98,5000,131.96,1,131.79,0.781,99,0.961,0.0,199
2026-05-23T00:56:32.787,389195,1203,0.969,1.444,2.832,59.98,5000,131.96,1,131.79,0.781,99,0.961,0.0,199
2026-05-23T00:56:32.896,389300,1296,1.044,1.556,3.167,59.98,5000,131.96,1,131.79,0.781,99,0.961,0.0,199
2026-05-23T00:56:32.998,389405,1036,0.835,1.244,2.231,59.98,5000,131.96,1,131.79,0.781,99,0.961,0.0,199
2026-05-23T00:56:33.110,389510,822,0.662,0.987,1.46,59.98,5000,131.96,1,131.79,0.781,99,0.961,0.0,199
2026-05-23T00:56:33.235,389615,1100,0.886,1.32,2.461,59.98,5000,131.96,1,131.79,0.781,99,0.961,0.0,199
2026-05-23T00:56:33.348,389769,1295,1.044,1.554,3.163,59.98,5000,131.96,1,131.79,0.781,99,0.961,0.0,199
2026-05-23T00:56:33.467,389875,942,0.759,1.131,1.892,70.04,5000,154.09,1,131.79,0.781,99,0.961,0.0,199
2026-05-23T00:56:33.592,389980,1600,1.289,1.921,4.262,70.04,5000,154.09,1,131.79,0.781,99,0.961,0.0,199
2026-05-23T00:56:33.655,390085,1645,1.326,1.975,4.424,70.04,5000,154.09,1,131.79,0.781,99,0.961,0.0,199
2026-05-23T00:56:33.779,390190,809,0.652,0.971,1.413,70.04,5000,154.09,1,131.79,0.781,99,0.961,0.0,199
2026-05-23T00:56:33.903,390295,754,0.608,0.905,1.215,70.04,5000,154.09,1,131.79,0.781,99,0.961,0.0,199
2026-05-23T00:56:33.965,390400,1470,1.185,1.764,3.793,70.04,5000,154.09,1,131.79,0.781,99,0.961,0.0,199
2026-05-23T00:56:34.088,390505,1663,1.34,1.996,4.488,70.04,5000,154.09,1,131.79,0.781,99,0.961,0.0,199
2026-05-23T00:56:34.213,390610,1056,0.851,1.268,2.303,70.04,5000,154.09,1,131.79,0.781,99,0.961,0.0,199
2026-05-23T00:56:34.275,390715,648,0.522,0.778,0.833,70.04,5000,154.09,1,131.79,0.781,99,0.961,0.0,199
2026-05-23T00:56:34.400,390817,862,0.695,1.035,1.604,70.04,5000,154.09,1,141.85,0.85,117,0.97,0.0,199
2026-05-23T00:56:34.523,390922,1438,1.159,1.726,3.678,70.04,5000,154.09,1,141.85,0.85,117,0.97,0.0,199
2026-05-23T00:56:34.586,391027,1656,1.335,1.988,4.463,70.04,5000,154.09,1,141.85,0.85,117,0.97,0.0,199
2026-05-23T00:56:34.711,391132,944,0.761,1.133,1.899,70.04,5000,154.09,1,141.85,0.85,117,0.97,0.0,199
2026-05-23T00:56:34.835,391237,665,0.536,0.798,0.895,70.04,5000,154.09,1,141.85,0.85,117,0.97,0.0,199
2026-05-23T00:56:34.898,391342,1245,1.003,1.494,2.983,70.04,5000,154.09,1,141.85,0.85,117,0.97,0.0,199
2026-05-23T00:56:35.024,391447,1620,1.305,1.945,4.334,70.04,5000,154.09,1,141.85,0.85,117,0.97,0.0,199
2026-05-23T00:56:35.149,391552,1168,0.941,1.402,2.706,70.04,5000,154.09,1,141.85,0.85,117,0.97,0.0,199
2026-05-23T00:56:35.211,391657,649,0.523,0.779,0.837,70.04,5000,154.09,1,141.85,0.85,117,0.97,0.0,199
2026-05-23T00:56:35.399,391799,897,0.723,1.077,1.73,70.04,5000,154.09,1,151.67,0.916,136,0.978,0.0,199
2026-05-23T00:56:35.461,391904,1400,1.128,1.68,3.541,70.04,5000,154.09,1,151.67,0.916,136,0.978,0.0,199
2026-05-23T00:56:35.588,392009,1680,1.354,2.017,4.55,70.04,5000,154.09,1,151.67,0.916,136,0.978,0.0,199
2026-05-23T00:56:35.712,392114,1024,0.825,1.229,2.187,70.04,5000,154.09,1,151.67,0.916,136,0.978,0.0,199
2026-05-23T00:56:35.773,392219,651,0.525,0.781,0.844,70.04,5000,154.09,1,151.67,0.916,136,0.978,0.0,199
2026-05-23T00:56:35.896,392324,1123,0.905,1.348,2.544,70.04,5000,154.09,1,151.67,0.916,136,0.978,0.0,199
2026-05-23T00:56:36.005,392429,1568,1.264,1.882,4.146,70.04,5000,154.09,1,151.67,0.916,136,0.978,0.0,199
2026-05-23T00:56:36.129,392534,1246,1.004,1.496,2.987,70.04,5000,154.09,1,151.67,0.916,136,0.978,0.0,199
2026-05-23T00:56:36.190,392639,622,0.501,0.747,0.74,70.04,5000,154.09,1,151.67,0.916,136,0.978,0.0,199
2026-05-23T00:56:36.361,392793,913,0.736,1.096,1.788,70.04,5000,154.09,1,151.87,0.825,123,0.981,0.0,199
2026-05-23T00:56:36.462,392899,579,0.467,0.695,0.585,70.04,5000,154.09,1,151.87,0.825,123,0.981,0.0,199
2026-05-23T00:56:36.564,393004,806,0.65,0.967,1.402,70.04,5000,154.09,1,151.87,0.825,123,0.981,0.0,199
2026-05-23T00:56:36.677,393109,1443,1.163,1.732,3.696,70.04,5000,154.09,1,151.87,0.825,123,0.981,0.0,199
2026-05-23T00:56:36.784,393214,1534,1.236,1.841,4.024,70.04,5000,154.09,1,151.87,0.825,123,0.981,0.0,199
2026-05-23T00:56:36.893,393319,737,0.594,0.885,1.154,70.04,5000,154.09,1,151.87,0.825,123,0.981,0.0,199
2026-05-23T00:56:37.004,393424,686,0.553,0.823,0.97,70.04,5000,154.09,1,151.87,0.825,123,0.981,0.0,199
2026-05-23T00:56:37.108,393529,1294,1.043,1.553,3.16,70.04,5000,154.09,1,151.87,0.825,123,0.981,0.0,199
2026-05-23T00:56:37.218,393634,1575,1.269,1.891,4.172,70.04,5000,154.09,1,151.87,0.825,123,0.981,0.0,199
2026-05-23T00:56:37.321,393739,978,0.788,1.174,2.022,70.04,5000,154.09,1,151.87,0.825,123,0.981,0.0,199
2026-05-23T00:56:37.432,393841,640,0.516,0.768,0.805,70.04,5000,154.09,1,152.37,0.664,99,0.978,0.0,199
2026-05-23T00:56:37.490,393946,716,0.577,0.859,1.078,70.04,5000,154.09,1,152.37,0.664,99,0.978,0.0,199
2026-05-23T00:56:37.603,394051,1357,1.094,1.629,3.387,70.04,5000,154.09,1,152.37,0.664,99,0.978,0.0,199
2026-05-23T00:56:37.727,394156,1560,1.257,1.873,4.118,70.04,5000,154.09,1,152.37,0.664,99,0.978,0.0,199
2026-05-23T00:56:37.852,394261,870,0.701,1.044,1.633,70.04,5000,154.09,1,152.37,0.664,99,0.978,0.0,199
2026-05-23T00:56:37.914,394366,648,0.522,0.778,0.833,70.04,5000,154.09,1,152.37,0.664,99,0.978,0.0,199
2026-05-23T00:56:38.034,394471,1221,0.984,1.466,2.897,70.04,5000,154.09,1,152.37,0.664,99,0.978,0.0,199
2026-05-23T00:56:38.146,394576,1579,1.272,1.895,4.186,70.04,5000,154.09,1,152.37,0.664,99,0.978,0.0,199
2026-05-23T00:56:38.271,394681,1108,0.893,1.33,2.49,70.04,5000,154.09,1,152.37,0.664,99,0.978,0.0,199
2026-05-23T00:56:38.396,394823,580,0.467,0.696,0.589,70.04,5000,154.09,1,152.41,0.663,99,0.979,0.0,199
2026-05-23T00:56:38.519,394928,662,0.533,0.795,0.884,70.04,5000,154.09,1,152.41,0.663,99,0.979,0.0,199
2026-05-23T00:56:38.582,395033,1272,1.025,1.527,3.08,70.04,5000,154.09,1,152.41,0.663,99,0.979,0.0,199
2026-05-23T00:56:38.706,395138,1583,1.276,1.9,4.2,70.04,5000,154.09,1,152.41,0.663,99,0.979,0.0,199
2026-05-23T00:56:38.832,395243,1025,0.826,1.23,2.191,70.04,5000,154.09,1,152.41,0.663,99,0.979,0.0,199
2026-05-23T00:56:38.894,395348,650,0.524,0.78,0.841,70.04,5000,154.09,1,152.41,0.663,99,0.979,0.0,199
2026-05-23T00:56:39.017,395453,1112,0.896,1.335,2.504,70.04,5000,154.09,1,152.41,0.663,99,0.979,0.0,199
2026-05-23T00:56:39.142,395558,1581,1.274,1.898,4.193,70.04,5000,154.09,1,152.41,0.663,99,0.979,0.0,199
2026-05-23T00:56:39.205,395663,1255,1.011,1.506,3.019,70.04,5000,154.09,1,152.41,0.663,99,0.979,0.0,199
2026-05-23T00:56:39.392,395817,618,0.498,0.742,0.725,70.04,5000,154.09,1,152.38,0.664,99,0.978,0.0,199
2026-05-23T00:56:39.517,395923,1387,1.118,1.665,3.495,70.04,5000,154.09,1,152.38,0.664,99,0.978,0.0,199
2026-05-23T00:56:39.578,396028,600,0.484,0.72,0.661,70.04,5000,154.09,1,152.38,0.664,99,0.978,0.0,199
2026-05-23T00:56:39.703,396133,823,0.663,0.988,1.464,70.04,5000,154.09,1,152.38,0.664,99,0.978,0.0,199
2026-05-23T00:56:39.830,396238,1469,1.184,1.763,3.79,70.04,5000,154.09,1,152.38,0.664,99,0.978,0.0,199
2026-05-23T00:56:39.892,396343,1546,1.246,1.856,4.067,70.04,5000,154.09,1,152.38,0.664,99,0.978,0.0,199
2026-05-23T00:56:40.014,396448,733,0.591,0.88,1.14,70.04,5000,154.09,1,152.38,0.664,99,0.978,0.0,199
2026-05-23T00:56:40.139,396553,680,0.548,0.816,0.949,70.04,5000,154.09,1,152.38,0.664,99,0.978,0.0,199
2026-05-23T00:56:40.203,396658,1324,1.067,1.589,3.268,70.04,5000,154.09,1,152.38,0.664,99,0.978,0.0,199
2026-05-23T00:56:40.327,396763,1601,1.29,1.922,4.265,70.04,5000,154.09,1,152.38,0.664,99,0.978,0.0,199
2026-05-23T00:56:40.452,396865,1486,1.198,1.784,3.851,70.04,5000,154.09,1,152.4,0.661,99,0.982,0.0,199
2026-05-23T00:56:40.513,396970,633,0.51,0.76,0.779,70.04,5000,154.09,1,152.4,0.661,99,0.982,0.0,199
2026-05-23T00:56:40.638,397075,737,0.594,0.885,1.154,70.04,5000,154.09,1,152.4,0.661,99,0.982,0.0,199
2026-05-23T00:56:40.761,397180,1392,1.122,1.671,3.513,70.04,5000,154.09,1,152.4,0.661,99,0.982,0.0,199
2026-05-23T00:56:40.825,397285,1585,1.277,1.903,4.208,70.04,5000,154.09,1,152.4,0.661,99,0.982,0.0,199
2026-05-23T00:56:40.949,397390,862,0.695,1.035,1.604,70.04,5000,154.09,1,152.4,0.661,99,0.982,0.0,199
2026-05-23T00:56:41.073,397495,662,0.533,0.795,0.884,70.04,5000,154.09,1,152.4,0.661,99,0.982,0.0,199
2026-05-23T00:56:41.136,397600,1252,1.009,1.503,3.008,70.04,5000,154.09,1,152.4,0.661,99,0.982,0.0,199
2026-05-23T00:56:41.261,397705,1606,1.294,1.928,4.283,70.04,5000,154.09,1,152.4,0.661,99,0.982,0.0,199
2026-05-23T00:56:41.386,397847,1445,1.164,1.734,3.703,70.04,5000,154.09,1,152.26,0.663,99,0.98,0.0,199
2026-05-23T00:56:41.509,397953,593,0.478,0.712,0.635,70.04,5000,154.09,1,152.26,0.663,99,0.98,0.0,199
2026-05-23T00:56:41.636,398058,746,0.601,0.895,1.186,70.04,5000,154.09,1,152.26,0.663,99,0.98,0.0,199
2026-05-23T00:56:41.697,398163,1424,1.148,1.709,3.628,70.04,5000,154.09,1,152.26,0.663,99,0.98,0.0,199
2026-05-23T00:56:41.822,398268,1576,1.27,1.892,4.175,70.04,5000,154.09,1,152.26,0.663,99,0.98,0.0,199
2026-05-23T00:56:41.946,398373,822,0.662,0.987,1.46,70.04,5000,154.09,1,152.26,0.663,99,0.98,0.0,199
2026-05-23T00:56:42.006,398478,653,0.526,0.784,0.851,70.04,5000,154.09,1,152.26,0.663,99,0.98,0.0,199
2026-05-23T00:56:42.131,398583,1247,1.005,1.497,2.99,70.04,5000,154.09,1,152.26,0.663,99,0.98,0.0,199
2026-05-23T00:56:42.257,398688,1590,1.281,1.909,4.226,70.04,5000,154.09,1,152.26,0.663,99,0.98,0.0,199
2026-05-23T00:56:42.379,398852,1051,0.847,1.262,2.285,70.04,5000,154.09,1,152.47,0.657,98,0.978,0.0,199
2026-05-23T00:56:42.536,398957,610,0.492,0.732,0.697,70.04,5000,154.09,1,152.47,0.657,98,0.978,0.0,199
2026-05-23T00:56:42.588,399062,891,0.718,1.069,1.708,70.04,5000,154.09,1,152.47,0.657,98,0.978,0.0,199
2026-05-23T00:56:42.740,399167,1481,1.193,1.778,3.833,70.04,5000,154.09,1,152.47,0.657,98,0.978,0.0,199
2026-05-23T00:56:42.842,399272,1456,1.173,1.748,3.743,70.04,5000,154.09,1,152.47,0.657,98,0.978,0.0,199
2026-05-23T00:56:42.949,399377,617,0.497,0.741,0.722,70.04,5000,154.09,1,152.47,0.657,98,0.978,0.0,199
2026-05-23T00:56:43.068,399482,733,0.591,0.88,1.14,70.04,5000,154.09,1,152.47,0.657,98,0.978,0.0,199
2026-05-23T00:56:43.129,399587,1367,1.102,1.641,3.423,70.04,5000,154.09,1,152.47,0.657,98,0.978,0.0,199
2026-05-23T00:56:43.234,399692,1551,1.25,1.862,4.085,70.04,5000,154.09,1,152.47,0.657,98,0.978,0.0,199
2026-05-23T00:56:43.411,399856,844,0.68,1.013,1.539,70.04,5000,154.09,1,152.47,0.654,98,0.982,0.0,199
2026-05-23T00:56:43.534,399962,647,0.521,0.777,0.83,70.04,5000,154.09,1,152.47,0.654,98,0.982,0.0,199
2026-05-23T00:56:43.643,400067,1214,0.978,1.457,2.872,70.04,5000,154.09,1,152.47,0.654,98,0.982,0.0,199
2026-05-23T00:56:43.705,400172,1571,1.266,1.886,4.157,70.04,5000,154.09,1,152.47,0.654,98,0.982,0.0,199
2026-05-23T00:56:43.828,400277,1114,0.898,1.337,2.512,70.04,5000,154.09,1,152.47,0.654,98,0.982,0.0,199
2026-05-23T00:56:43.941,400382,632,0.509,0.759,0.776,70.04,5000,154.09,1,152.47,0.654,98,0.982,0.0,199
2026-05-23T00:56:44.061,400487,1021,0.823,1.226,2.177,70.04,5000,154.09,1,152.47,0.654,98,0.982,0.0,199
2026-05-23T00:56:44.115,400592,1544,1.244,1.853,4.06,70.04,5000,154.09,1,152.47,0.654,98,0.982,0.0,199
2026-05-23T00:56:44.231,400697,1321,1.065,1.586,3.257,70.04,5000,154.09,1,152.47,0.654,98,0.982,0.0,199
2026-05-23T00:56:44.419,400861,610,0.492,0.732,0.697,70.04,5000,154.09,1,152.4,0.653,97,0.974,0.0,199
2026-05-23T00:56:44.534,400966,714,0.575,0.857,1.071,70.04,5000,154.09,1,152.4,0.653,97,0.974,0.0,199
2026-05-23T00:56:44.650,401071,1342,1.081,1.611,3.333,70.04,5000,154.09,1,152.4,0.653,97,0.974,0.0,199
2026-05-23T00:56:44.714,401176,1562,1.259,1.875,4.125,70.04,5000,154.09,1,152.4,0.653,97,0.974,0.0,199
2026-05-23T00:56:44.838,401281,915,0.737,1.098,1.795,70.04,5000,154.09,1,152.4,0.653,97,0.974,0.0,199
2026-05-23T00:56:44.962,401386,650,0.524,0.78,0.841,70.04,5000,154.09,1,152.4,0.653,97,0.974,0.0,199
2026-05-23T00:56:45.024,401491,1198,0.965,1.438,2.814,70.04,5000,154.09,1,152.4,0.653,97,0.974,0.0,199
2026-05-23T00:56:45.150,401596,1572,1.267,1.887,4.161,70.04,5000,154.09,1,152.4,0.653,97,0.974,0.0,199
2026-05-23T00:56:45.267,401701,1129,0.91,1.355,2.566,70.04,5000,154.09,1,152.4,0.653,97,0.974,0.0,199
2026-05-23T00:56:45.371,401855,633,0.51,0.76,0.779,70.04,5000,154.09,1,152.39,0.653,97,0.974,0.0,199
2026-05-23T00:56:45.491,401961,1258,1.014,1.51,3.03,70.04,5000,154.09,1,152.39,0.653,97,0.974,0.0,199
2026-05-23T00:56:45.617,402066,617,0.497,0.741,0.722,70.04,5000,154.09,1,152.39,0.653,97,0.974,0.0,199
2026-05-23T00:56:45.742,402171,893,0.72,1.072,1.716,70.04,5000,154.09,1,152.39,0.653,97,0.974,0.0,199
2026-05-23T00:56:45.805,402276,1477,1.19,1.773,3.819,70.04,5000,154.09,1,152.39,0.653,97,0.974,0.0,199
2026-05-23T00:56:45.931,402381,1461,1.177,1.754,3.761,70.04,5000,154.09,1,152.39,0.653,97,0.974,0.0,199
2026-05-23T00:56:46.056,402486,615,0.496,0.738,0.715,70.04,5000,154.09,1,152.39,0.653,97,0.974,0.0,199
2026-05-23T00:56:46.118,402591,723,0.583,0.868,1.104,70.04,5000,154.09,1,152.39,0.653,97,0.974,0.0,199
2026-05-23T00:56:46.243,402696,1373,1.106,1.648,3.444,70.04,5000,154.09,1,152.39,0.653,97,0.974,0.0,199
2026-05-23T00:56:46.366,402801,1566,1.262,1.88,4.139,70.04,5000,154.09,1,152.39,0.653,97,0.974,0.0,199
2026-05-23T00:56:46.428,402903,1397,1.126,1.677,3.531,70.04,5000,154.09,1,152.48,0.653,98,0.984,0.0,199
2026-05-23T00:56:46.552,403008,563,0.454,0.676,0.527,70.04,5000,154.09,1,152.48,0.653,98,0.984,0.0,199
2026-05-23T00:56:46.676,403113,784,0.632,0.941,1.323,70.04,5000,154.09,1,152.48,0.653,98,0.984,0.0,199
2026-05-23T00:56:46.737,403218,1430,1.152,1.716,3.649,70.04,5000,154.09,1,152.48,0.653,98,0.984,0.0,199
2026-05-23T00:56:46.862,403323,1537,1.239,1.845,4.035,70.04,5000,154.09,1,152.48,0.653,98,0.984,0.0,199
2026-05-23T00:56:46.986,403428,750,0.604,0.9,1.201,70.04,5000,154.09,1,152.48,0.653,98,0.984,0.0,199
2026-05-23T00:56:47.049,403533,676,0.545,0.811,0.934,70.04,5000,154.09,1,152.48,0.653,98,0.984,0.0,199
2026-05-23T00:56:47.174,403638,1279,1.031,1.535,3.106,70.04,5000,154.09,1,152.48,0.653,98,0.984,0.0,199
2026-05-23T00:56:47.302,403743,1572,1.267,1.887,4.161,70.04,5000,154.09,1,152.48,0.653,98,0.984,0.0,199
2026-05-23T00:56:47.422,403885,1350,1.088,1.62,3.361,70.04,5000,154.09,1,152.47,0.652,97,0.975,0.0,199
2026-05-23T00:56:47.549,403990,704,0.567,0.845,1.035,70.04,5000,154.09,1,152.47,0.652,97,0.975,0.0,199
2026-05-23T00:56:47.611,404095,699,0.563,0.839,1.017,70.04,5000,154.09,1,152.47,0.652,97,0.975,0.0,199
2026-05-23T00:56:47.735,404200,1319,1.063,1.583,3.25,70.04,5000,154.09,1,152.47,0.652,97,0.975,0.0,199
2026-05-23T00:56:47.860,404305,1566,1.262,1.88,4.139,70.04,5000,154.09,1,152.47,0.652,97,0.975,0.0,199
2026-05-23T00:56:47.921,404410,946,0.762,1.136,1.907,70.04,5000,154.09,1,152.47,0.652,97,0.975,0.0,199
2026-05-23T00:56:48.047,404515,639,0.515,0.767,0.801,70.04,5000,154.09,1,152.47,0.652,97,0.975,0.0,199
2026-05-23T00:56:48.171,404620,1158,0.933,1.39,2.67,70.04,5000,154.09,1,152.47,0.652,97,0.975,0.0,199
2026-05-23T00:56:48.232,404725,1571,1.266,1.886,4.157,70.04,5000,154.09,1,152.47,0.652,97,0.975,0.0,199
2026-05-23T00:56:48.420,404879,1171,0.944,1.406,2.717,70.04,5000,154.09,1,152.53,0.651,97,0.976,0.0,199
2026-05-23T00:56:48.544,404985,1552,1.251,1.863,4.089,70.04,5000,154.09,1,152.53,0.651,97,0.976,0.0,199
2026-05-23T00:56:48.594,405090,1305,1.052,1.566,3.199,70.04,5000,154.09,1,152.53,0.651,97,0.976,0.0,199
2026-05-23T00:56:48.715,405195,599,0.483,0.719,0.657,70.04,5000,154.09,1,152.53,0.651,97,0.976,0.0,199
2026-05-23T00:56:48.840,405300,856,0.69,1.027,1.582,70.04,5000,154.09,1,152.53,0.651,97,0.976,0.0,199
2026-05-23T00:56:48.965,405405,1474,1.188,1.769,3.808,70.04,5000,154.09,1,152.53,0.651,97,0.976,0.0,199
2026-05-23T00:56:49.026,405510,1483,1.195,1.78,3.84,70.04,5000,154.09,1,152.53,0.651,97,0.976,0.0,199
2026-05-23T00:56:49.128,405615,677,0.546,0.813,0.938,70.04,5000,154.09,1,152.53,0.651,97,0.976,0.0,199
2026-05-23T00:56:49.228,405720,697,0.562,0.837,1.01,70.04,5000,154.09,1,152.53,0.651,97,0.976,0.0,199
2026-05-23T00:56:49.334,405825,1340,1.08,1.608,3.325,70.04,5000,154.09,1,152.53,0.651,97,0.976,0.0,199
2026-05-23T00:56:49.460,405927,1493,1.203,1.792,3.876,70.04,5000,154.09,1,152.44,0.652,97,0.975,0.0,199
2026-05-23T00:56:49.572,406032,1435,1.156,1.722,3.667,70.04,5000,154.09,1,152.44,0.652,97,0.975,0.0,199
2026-05-23T00:56:49.693,406137,598,0.482,0.718,0.653,70.04,5000,154.09,1,152.44,0.652,97,0.975,0.0,199
2026-05-23T00:56:49.756,406242,740,0.596,0.888,1.165,75.07,5000,165.15,1,152.44,0.652,97,0.975,0.0,199
2026-05-23T00:56:49.871,406347,1385,1.116,1.662,3.487,75.07,5000,165.15,1,152.44,0.652,97,0.975,0.0,199
2026-05-23T00:56:49.989,406452,1556,1.254,1.868,4.103,75.07,5000,165.15,1,152.44,0.652,97,0.975,0.0,199
2026-05-23T00:56:50.112,406557,832,0.67,0.999,1.496,75.07,5000,165.15,1,152.44,0.652,97,0.975,0.0,199
2026-05-23T00:56:50.174,406662,663,0.534,0.796,0.887,75.07,5000,165.15,1,152.44,0.652,97,0.975,0.0,199
2026-05-23T00:56:50.299,406767,1218,0.982,1.462,2.886,75.07,5000,165.15,1,152.44,0.652,97,0.975,0.0,199
2026-05-23T00:56:50.424,406909,1502,1.21,1.803,3.909,75.07,5000,165.15,1,159.79,0.658,103,0.979,0.0,199
2026-05-23T00:56:50.547,407014,1530,1.233,1.837,4.01,75.07,5000,165.15,1,159.79,0.658,103,0.979,0.0,199
2026-05-23T00:56:50.671,407119,785,0.633,0.942,1.327,75.07,5000,165.15,1,159.79,0.658,103,0.979,0.0,199
2026-05-23T00:56:50.733,407224,661,0.533,0.793,0.88,75.07,5000,165.15,1,159.79,0.658,103,0.979,0.0,199
2026-05-23T00:56:50.857,407329,1244,1.002,1.493,2.98,75.07,5000,165.15,1,159.79,0.658,103,0.979,0.0,199
2026-05-23T00:56:50.983,407434,1566,1.262,1.88,4.139,75.07,5000,165.15,1,159.79,0.658,103,0.979,0.0,199
2026-05-23T00:56:51.045,407539,1042,0.84,1.251,2.252,75.07,5000,165.15,1,159.79,0.658,103,0.979,0.0,199
2026-05-23T00:56:51.169,407644,633,0.51,0.76,0.779,75.07,5000,165.15,1,159.79,0.658,103,0.979,0.0,199
2026-05-23T00:56:51.294,407749,1053,0.849,1.264,2.292,75.07,5000,165.15,1,159.79,0.658,103,0.979,0.0,199
2026-05-23T00:56:51.420,407903,1541,1.242,1.85,4.049,75.07,5000,165.15,1,162.7,0.645,103,0.981,0.0,199
2026-05-23T00:56:51.546,408009,937,0.755,1.125,1.874,75.07,5000,165.15,1,162.7,0.645,103,0.981,0.0,199
2026-05-23T00:56:51.669,408114,1501,1.21,1.802,3.905,75.07,5000,165.15,1,162.7,0.645,103,0.981,0.0,199
2026-05-23T00:56:51.733,408219,1421,1.145,1.706,3.617,75.07,5000,165.15,1,162.7,0.645,103,0.981,0.0,199
2026-05-23T00:56:51.834,408324,577,0.465,0.693,0.578,75.07,5000,165.15,1,162.7,0.645,103,0.981,0.0,199
2026-05-23T00:56:51.937,408429,746,0.601,0.895,1.186,75.07,5000,165.15,1,162.7,0.645,103,0.981,0.0,199
2026-05-23T00:56:52.038,408534,1380,1.112,1.656,3.469,75.07,5000,165.15,1,162.7,0.645,103,0.981,0.0,199
2026-05-23T00:56:52.138,408639,1544,1.244,1.853,4.06,75.07,5000,165.15,1,162.7,0.645,103,0.981,0.0,199
2026-05-23T00:56:52.240,408744,833,0.671,1.0,1.5,75.07,5000,165.15,1,162.7,0.645,103,0.981,0.0,199
2026-05-23T00:56:52.341,408849,652,0.525,0.783,0.848,75.07,5000,165.15,1,162.7,0.645,103,0.981,0.0,199
2026-05-23T00:56:52.443,408951,792,0.638,0.951,1.352,75.07,5000,165.15,1,162.62,0.644,103,0.983,0.0,199
2026-05-23T00:56:52.597,409056,1418,1.143,1.702,3.606,75.07,5000,165.15,1,162.62,0.644,103,0.983,0.0,199
2026-05-23T00:56:52.698,409161,1532,1.235,1.839,4.017,75.07,5000,165.15,1,162.62,0.644,103,0.983,0.0,199
2026-05-23T00:56:52.758,409266,778,0.627,0.934,1.302,75.07,5000,165.15,1,162.62,0.644,103,0.983,0.0,199
2026-05-23T00:56:52.868,409371,669,0.539,0.803,0.909,75.07,5000,165.15,1,162.62,0.644,103,0.983,0.0,199
2026-05-23T00:56:52.976,409476,1242,1.001,1.491,2.972,75.07,5000,165.15,1,162.62,0.644,103,0.983,0.0,199
2026-05-23T00:56:53.086,409581,1566,1.262,1.88,4.139,75.07,5000,165.15,1,162.62,0.644,103,0.983,0.0,199
2026-05-23T00:56:53.211,409686,1049,0.845,1.259,2.277,75.07,5000,165.15,1,162.62,0.644,103,0.983,0.0,199
2026-05-23T00:56:53.332,409791,638,0.514,0.766,0.797,75.07,5000,165.15,1,162.62,0.644,103,0.983,0.0,199
2026-05-23T00:56:53.457,409933,781,0.629,0.937,1.312,75.07,5000,165.15,1,162.54,0.644,103,0.983,0.0,199
2026-05-23T00:56:53.577,410038,1267,1.021,1.521,3.062,75.07,5000,165.15,1,162.54,0.644,103,0.983,0.0,199
2026-05-23T00:56:53.633,410143,1572,1.267,1.887,4.161,75.07,5000,165.15,1,162.54,0.644,103,0.983,0.0,199
2026-05-23T00:56:53.740,410248,1037,0.836,1.245,2.234,75.07,5000,165.15,1,162.54,0.644,103,0.983,0.0,199
2026-05-23T00:56:53.852,410353,638,0.514,0.766,0.797,75.07,5000,165.15,1,162.54,0.644,103,0.983,0.0,199
2026-05-23T00:56:53.967,410458,1062,0.856,1.275,2.324,75.07,5000,165.15,1,162.54,0.644,103,0.983,0.0,199
2026-05-23T00:56:54.093,410563,1533,1.235,1.84,4.02,75.07,5000,165.15,1,162.54,0.644,103,0.983,0.0,199
2026-05-23T00:56:54.212,410668,1292,1.041,1.551,3.152,75.07,5000,165.15,1,162.54,0.644,103,0.983,0.0,199
2026-05-23T00:56:54.278,410773,596,0.48,0.715,0.646,75.07,5000,165.15,1,162.54,0.644,103,0.983,0.0,199
2026-05-23T00:56:54.465,410927,852,0.687,1.023,1.568,75.07,5000,165.15,1,162.64,0.644,103,0.983,0.0,199
2026-05-23T00:56:54.528,411033,599,0.483,0.719,0.657,75.07,5000,165.15,1,162.64,0.644,103,0.983,0.0,199
2026-05-23T00:56:54.651,411138,733,0.591,0.88,1.14,75.07,5000,165.15,1,162.64,0.644,103,0.983,0.0,199
2026-05-23T00:56:54.775,411243,1368,1.102,1.642,3.426,75.07,5000,165.15,1,162.64,0.644,103,0.983,0.0,199
2026-05-23T00:56:54.836,411348,1558,1.256,1.87,4.11,75.07,5000,165.15,1,162.64,0.644,103,0.983,0.0,199
2026-05-23T00:56:54.962,411453,863,0.695,1.036,1.608,75.07,5000,165.15,1,162.64,0.644,103,0.983,0.0,199
2026-05-23T00:56:55.082,411558,657,0.529,0.789,0.866,75.07,5000,165.15,1,162.64,0.644,103,0.983,0.0,199
2026-05-23T00:56:55.146,411663,1198,0.965,1.438,2.814,75.07,5000,165.15,1,162.64,0.644,103,0.983,0.0,199
2026-05-23T00:56:55.261,411768,1561,1.258,1.874,4.121,75.07,5000,165.15,1,162.64,0.644,103,0.983,0.0,199
2026-05-23T00:56:55.380,411873,1136,0.915,1.364,2.591,75.07,5000,165.15,1,162.64,0.644,103,0.983,0.0,199
2026-05-23T00:56:55.506,411975,816,0.658,0.979,1.438,75.07,5000,165.15,1,162.65,0.643,103,0.984,0.0,199
2026-05-23T00:56:55.565,412080,657,0.529,0.789,0.866,75.07,5000,165.15,1,162.65,0.643,103,0.984,0.0,199
2026-05-23T00:56:55.678,412185,1224,0.986,1.469,2.908,75.07,5000,165.15,1,162.65,0.643,103,0.984,0.0,199
2026-05-23T00:56:55.799,412290,1560,1.257,1.873,4.118,75.07,5000,165.15,1,162.65,0.643,103,0.984,0.0,199
2026-05-23T00:56:55.922,412395,1103,0.889,1.324,2.472,75.07,5000,165.15,1,162.65,0.643,103,0.984,0.0,199
2026-05-23T00:56:55.984,412500,634,0.511,0.761,0.783,75.07,5000,165.15,1,162.65,0.643,103,0.984,0.0,199
2026-05-23T00:56:56.103,412605,1005,0.81,1.206,2.119,75.07,5000,165.15,1,162.65,0.643,103,0.984,0.0,199
2026-05-23T00:56:56.220,412710,1524,1.228,1.829,3.988,75.07,5000,165.15,1,162.65,0.643,103,0.984,0.0,199
2026-05-23T00:56:56.344,412815,1346,1.085,1.616,3.347,75.07,5000,165.15,1,162.65,0.643,103,0.984,0.0,199
2026-05-23T00:56:56.470,412957,856,0.69,1.027,1.582,75.07,5000,165.15,1,162.61,0.643,103,0.985,0.0,199
2026-05-23T00:56:56.594,413062,635,0.512,0.762,0.787,75.07,5000,165.15,1,162.61,0.643,103,0.985,0.0,199
2026-05-23T00:56:56.646,413167,1021,0.823,1.226,2.177,75.07,5000,165.15,1,162.61,0.643,103,0.985,0.0,199
2026-05-23T00:56:56.747,413272,1531,1.234,1.838,4.013,75.07,5000,165.15,1,162.61,0.643,103,0.985,0.0,199
2026-05-23T00:56:56.905,413377,1347,1.085,1.617,3.351,75.07,5000,165.15,1,162.61,0.643,103,0.985,0.0,199
2026-05-23T00:56:56.958,413482,592,0.477,0.711,0.632,75.07,5000,165.15,1,162.61,0.643,103,0.985,0.0,199
2026-05-23T00:56:57.064,413587,808,0.651,0.97,1.41,75.07,5000,165.15,1,162.61,0.643,103,0.985,0.0,199
2026-05-23T00:56:57.185,413692,1439,1.16,1.727,3.682,75.07,5000,165.15,1,162.61,0.643,103,0.985,0.0,199
2026-05-23T00:56:57.310,413797,1523,1.227,1.828,3.984,75.07,5000,165.15,1,162.61,0.643,103,0.985,0.0,199
2026-05-23T00:56:57.438,413951,748,0.603,0.898,1.194,80.1,5000,176.22,1,162.65,0.642,103,0.986,0.0,199
2026-05-23T00:56:57.560,414057,1567,1.263,1.881,4.143,80.1,5000,176.22,1,162.65,0.642,103,0.986,0.0,199
2026-05-23T00:56:57.684,414162,945,0.762,1.134,1.903,80.1,5000,176.22,1,162.65,0.642,103,0.986,0.0,199
2026-05-23T00:56:57.746,414267,638,0.514,0.766,0.797,80.1,5000,176.22,1,162.65,0.642,103,0.986,0.0,199
2026-05-23T00:56:57.871,414372,1141,0.919,1.37,2.609,80.1,5000,176.22,1,162.65,0.642,103,0.986,0.0,199
2026-05-23T00:56:57.997,414477,1560,1.257,1.873,4.118,80.1,5000,176.22,1,162.65,0.642,103,0.986,0.0,199
2026-05-23T00:56:58.058,414582,1210,0.975,1.452,2.857,80.1,5000,176.22,1,162.65,0.642,103,0.986,0.0,199
2026-05-23T00:56:58.182,414687,613,0.494,0.736,0.707,80.1,5000,176.22,1,162.65,0.642,103,0.986,0.0,199
2026-05-23T00:56:58.307,414792,923,0.744,1.108,1.824,80.1,5000,176.22,1,162.65,0.642,103,0.986,0.0,199
2026-05-23T00:56:58.368,414897,1504,1.212,1.805,3.916,80.1,5000,176.22,1,162.65,0.642,103,0.986,0.0,199
2026-05-23T00:56:58.493,414999,1566,1.262,1.88,4.139,80.1,5000,176.22,1,172.64,0.642,109,0.983,0.0,199
2026-05-23T00:56:58.616,415104,1174,0.946,1.409,2.728,80.1,5000,176.22,1,172.64,0.642,109,0.983,0.0,199
2026-05-23T00:56:58.679,415209,620,0.5,0.744,0.733,80.1,5000,176.22,1,172.64,0.642,109,0.983,0.0,199
2026-05-23T00:56:58.803,415314,945,0.762,1.134,1.903,80.1,5000,176.22,1,172.64,0.642,109,0.983,0.0,199
2026-05-23T00:56:58.927,415419,1514,1.22,1.817,3.952,80.1,5000,176.22,1,172.64,0.642,109,0.983,0.0,199
2026-05-23T00:56:59.038,415524,1432,1.154,1.719,3.657,80.1,5000,176.22,1,172.64,0.642,109,0.983,0.0,199
2026-05-23T00:56:59.145,415629,600,0.484,0.72,0.661,80.1,5000,176.22,1,172.64,0.642,109,0.983,0.0,199
2026-05-23T00:56:59.209,415734,740,0.596,0.888,1.165,80.1,5000,176.22,1,172.64,0.642,109,0.983,0.0,199
2026-05-23T00:56:59.334,415839,1381,1.113,1.658,3.473,80.1,5000,176.22,1,172.64,0.642,109,0.983,0.0,199
2026-05-23T00:56:59.506,415981,1558,1.256,1.87,4.11,80.1,5000,176.22,1,172.93,0.64,109,0.984,0.0,199
2026-05-23T00:56:59.569,416086,1429,1.152,1.715,3.646,80.1,5000,176.22,1,172.93,0.64,109,0.984,0.0,199
2026-05-23T00:56:59.677,416191,587,0.473,0.705,0.614,80.1,5000,176.22,1,172.93,0.64,109,0.984,0.0,199
2026-05-23T00:56:59.780,416296,740,0.596,0.888,1.165,80.1,5000,176.22,1,172.93,0.64,109,0.984,0.0,199
2026-05-23T00:56:59.881,416401,1389,1.119,1.667,3.502,80.1,5000,176.22,1,172.93,0.64,109,0.984,0.0,199
2026-05-23T00:56:59.982,416506,1557,1.255,1.869,4.107,80.1,5000,176.22,1,172.93,0.64,109,0.984,0.0,199
2026-05-23T00:57:00.083,416611,860,0.693,1.032,1.597,80.1,5000,176.22,1,172.93,0.64,109,0.984,0.0,199
2026-05-23T00:57:00.186,416716,663,0.534,0.796,0.887,80.1,5000,176.22,1,172.93,0.64,109,0.984,0.0,199
2026-05-23T00:57:00.289,416821,1206,0.972,1.448,2.843,80.1,5000,176.22,1,172.93,0.64,109,0.984,0.0,199
2026-05-23T00:57:00.443,416975,1570,1.265,1.885,4.154,80.1,5000,176.22,1,172.83,0.64,109,0.985,0.0,199
2026-05-23T00:57:00.563,417081,1059,0.853,1.271,2.313,80.1,5000,176.22,1,172.83,0.64,109,0.985,0.0,199
2026-05-23T00:57:00.675,417186,1542,1.243,1.851,4.053,80.1,5000,176.22,1,172.83,0.64,109,0.985,0.0,199
2026-05-23T00:57:00.798,417291,1298,1.046,1.558,3.174,80.1,5000,176.22,1,172.83,0.64,109,0.985,0.0,199
2026-05-23T00:57:00.859,417396,601,0.484,0.721,0.664,80.1,5000,176.22,1,172.83,0.64,109,0.985,0.0,199
2026-05-23T00:57:00.972,417501,846,0.682,1.015,1.546,80.1,5000,176.22,1,172.83,0.64,109,0.985,0.0,199
2026-05-23T00:57:01.081,417606,1455,1.173,1.746,3.739,80.1,5000,176.22,1,172.83,0.64,109,0.985,0.0,199
2026-05-23T00:57:01.200,417711,1505,1.213,1.806,3.919,80.1,5000,176.22,1,172.83,0.64,109,0.985,0.0,199
2026-05-23T00:57:01.308,417816,714,0.575,0.857,1.071,80.1,5000,176.22,1,172.83,0.64,109,0.985,0.0,199
2026-05-23T00:57:01.433,417921,689,0.555,0.827,0.981,80.1,5000,176.22,1,172.83,0.64,109,0.985,0.0,199
2026-05-23T00:57:01.489,418023,861,0.694,1.033,1.6,80.1,5000,176.22,1,172.94,0.64,109,0.984,0.0,199
2026-05-23T00:57:01.600,418128,1469,1.184,1.763,3.79,80.1,5000,176.22,1,172.94,0.64,109,0.984,0.0,199
2026-05-23T00:57:01.714,418233,1488,1.199,1.786,3.858,80.1,5000,176.22,1,172.94,0.64,109,0.984,0.0,199
2026-05-23T00:57:01.833,418338,693,0.558,0.832,0.995,80.1,5000,176.22,1,172.94,0.64,109,0.984,0.0,199
2026-05-23T00:57:01.948,418443,697,0.562,0.837,1.01,80.1,5000,176.22,1,172.94,0.64,109,0.984,0.0,199
2026-05-23T00:57:02.009,418548,1312,1.057,1.575,3.224,80.1,5000,176.22,1,172.94,0.64,109,0.984,0.0,199
2026-05-23T00:57:02.134,418653,1567,1.263,1.881,4.143,80.1,5000,176.22,1,172.94,0.64,109,0.984,0.0,199
2026-05-23T00:57:02.260,418758,968,0.78,1.162,1.986,80.1,5000,176.22,1,172.94,0.64,109,0.984,0.0,199
2026-05-23T00:57:02.321,418863,638,0.514,0.766,0.797,80.1,5000,176.22,1,172.94,0.64,109,0.984,0.0,199
2026-05-23T00:57:02.507,419005,829,0.668,0.995,1.485,80.1,5000,176.22,1,172.96,0.64,109,0.984,0.0,199
2026-05-23T00:57:02.570,419110,1317,1.061,1.581,3.243,80.1,5000,176.22,1,172.96,0.64,109,0.984,0.0,199
2026-05-23T00:57:02.695,419215,1577,1.271,1.893,4.179,80.1,5000,176.22,1,172.96,0.64,109,0.984,0.0,199
2026-05-23T00:57:02.807,419320,977,0.787,1.173,2.018,80.1,5000,176.22,1,172.96,0.64,109,0.984,0.0,199
2026-05-23T00:57:02.928,419425,650,0.524,0.78,0.841,80.1,5000,176.22,1,172.96,0.64,109,0.984,0.0,199
2026-05-23T00:57:02.990,419530,1103,0.889,1.324,2.472,80.1,5000,176.22,1,172.96,0.64,109,0.984,0.0,199
2026-05-23T00:57:03.117,419635,1553,1.252,1.864,4.092,80.1,5000,176.22,1,172.96,0.64,109,0.984,0.0,199
2026-05-23T00:57:03.241,419740,1237,0.997,1.485,2.954,80.1,5000,176.22,1,172.96,0.64,109,0.984,0.0,199
2026-05-23T00:57:03.304,419845,615,0.496,0.738,0.715,80.1,5000,176.22,1,172.96,0.64,109,0.984,0.0,199
2026-05-23T00:57:03.490,419999,893,0.72,1.072,1.716,80.1,5000,176.22,1,172.95,0.638,109,0.987,0.0,199
2026-05-23T00:57:03.615,420105,572,0.461,0.687,0.56,80.1,5000,176.22,1,172.95,0.638,109,0.987,0.0,199
2026-05-23T00:57:03.677,420210,779,0.628,0.935,1.305,80.1,5000,176.22,1,172.95,0.638,109,0.987,0.0,199
2026-05-23T00:57:03.800,420315,1399,1.127,1.679,3.538,80.1,5000,176.22,1,172.95,0.638,109,0.987,0.0,199
2026-05-23T00:57:03.925,420420,1541,1.242,1.85,4.049,80.1,5000,176.22,1,172.95,0.638,109,0.987,0.0,199
2026-05-23T00:57:03.986,420525,819,0.66,0.983,1.449,80.1,5000,176.22,1,172.95,0.638,109,0.987,0.0,199
2026-05-23T00:57:04.110,420630,658,0.53,0.79,0.869,80.1,5000,176.22,1,172.95,0.638,109,0.987,0.0,199
2026-05-23T00:57:04.236,420735,1236,0.996,1.484,2.951,80.1,5000,176.22,1,172.95,0.638,109,0.987,0.0,199
2026-05-23T00:57:04.298,420840,1569,1.264,1.883,4.15,80.1,5000,176.22,1,172.95,0.638,109,0.987,0.0,199
2026-05-23T00:57:04.423,420945,1107,0.892,1.329,2.486,80.1,5000,176.22,1,172.95,0.638,109,0.987,0.0,199
2026-05-23T00:57:04.547,421047,787,0.634,0.945,1.334,80.1,5000,176.22,1,172.87,0.638,109,0.988,0.0,199
2026-05-23T00:57:04.610,421152,666,0.537,0.799,0.898,80.1,5000,176.22,1,172.87,0.638,109,0.988,0.0,199
2026-05-23T00:57:04.736,421257,1247,1.005,1.497,2.99,80.1,5000,176.22,1,172.87,0.638,109,0.988,0.0,199
2026-05-23T00:57:04.860,421362,1566,1.262,1.88,4.139,80.1,5000,176.22,1,172.87,0.638,109,0.988,0.0,199
2026-05-23T00:57:04.922,421467,1073,0.865,1.288,2.364,80.1,5000,176.22,1,172.87,0.638,109,0.988,0.0,199
2026-05-23T00:57:05.047,421572,636,0.513,0.763,0.79,80.1,5000,176.22,1,172.87,0.638,109,0.988,0.0,199
2026-05-23T00:57:05.172,421677,1030,0.83,1.236,2.209,80.1,5000,176.22,1,172.87,0.638,109,0.988,0.0,199
2026-05-23T00:57:05.233,421782,1534,1.236,1.841,4.024,80.1,5000,176.22,1,172.87,0.638,109,0.988,0.0,199
2026-05-23T00:57:05.359,421887,1330,1.072,1.596,3.289,80.1,5000,176.22,1,172.87,0.638,109,0.988,0.0,199
2026-05-23T00:57:05.482,422029,844,0.68,1.013,1.539,80.1,5000,176.22,1,172.97,0.639,109,0.986,0.0,199
2026-05-23T00:57:05.607,422135,648,0.522,0.778,0.833,80.1,5000,176.22,1,172.97,0.639,109,0.986,0.0,199
2026-05-23T00:57:05.716,422240,1195,0.963,1.434,2.803,80.1,5000,176.22,1,172.97,0.639,109,0.986,0.0,199
2026-05-23T00:57:05.840,422345,1563,1.26,1.876,4.128,80.1,5000,176.22,1,172.97,0.639,109,0.986,0.0,199
2026-05-23T00:57:05.902,422450,1167,0.94,1.401,2.702,80.1,5000,176.22,1,172.97,0.639,109,0.986,0.0,199
2026-05-23T00:57:06.021,422555,625,0.504,0.75,0.751,80.1,5000,176.22,1,172.97,0.639,109,0.986,0.0,199
2026-05-23T00:57:06.135,422660,962,0.775,1.155,1.964,80.1,5000,176.22,1,172.97,0.639,109,0.986,0.0,199
2026-05-23T00:57:06.258,422765,1511,1.218,1.814,3.941,80.1,5000,176.22,1,172.97,0.639,109,0.986,0.0,199
2026-05-23T00:57:06.319,422870,1408,1.135,1.69,3.57,80.1,5000,176.22,1,172.97,0.639,109,0.986,0.0,199
2026-05-23T00:57:06.506,423034,575,0.463,0.69,0.571,80.1,5000,176.22,1,172.97,0.638,109,0.987,0.0,199
2026-05-23T00:57:06.617,423139,666,0.537,0.799,0.898,80.1,5000,176.22,1,172.97,0.638,109,0.987,0.0,199
2026-05-23T00:57:06.740,423244,1251,1.008,1.502,3.005,80.1,5000,176.22,1,172.97,0.638,109,0.987,0.0,199
2026-05-23T00:57:06.804,423349,1574,1.268,1.889,4.168,80.1,5000,176.22,1,172.97,0.638,109,0.987,0.0,199
2026-05-23T00:57:06.929,423454,1076,0.867,1.292,2.375,80.1,5000,176.22,1,172.97,0.638,109,0.987,0.0,199
2026-05-23T00:57:07.052,423559,640,0.516,0.768,0.805,80.1,5000,176.22,1,172.97,0.638,109,0.987,0.0,199
2026-05-23T00:57:07.117,423664,1031,0.831,1.238,2.213,80.1,5000,176.22,1,172.97,0.638,109,0.987,0.0,199
2026-05-23T00:57:07.240,423769,1537,1.239,1.845,4.035,80.1,5000,176.22,1,172.97,0.638,109,0.987,0.0,199
2026-05-23T00:57:07.364,423874,1334,1.075,1.601,3.304,80.1,5000,176.22,1,172.97,0.638,109,0.987,0.0,199
2026-05-23T00:57:07.491,424028,590,0.475,0.708,0.625,80.1,5000,176.22,1,172.75,0.639,109,0.987,0.0,199
2026-05-23T00:57:07.616,424134,1464,1.18,1.757,3.772,80.1,5000,176.22,1,172.75,0.639,109,0.987,0.0,199
2026-05-23T00:57:07.678,424239,651,0.525,0.781,0.844,80.1,5000,176.22,1,172.75,0.639,109,0.987,0.0,199
2026-05-23T00:57:07.802,424344,707,0.57,0.849,1.046,80.1,5000,176.22,1,172.75,0.639,109,0.987,0.0,199
2026-05-23T00:57:07.927,424449,1327,1.069,1.593,3.279,80.1,5000,176.22,1,172.75,0.639,109,0.987,0.0,199
2026-05-23T00:57:08.051,424554,1561,1.258,1.874,4.121,80.1,5000,176.22,1,172.75,0.639,109,0.987,0.0,199
2026-05-23T00:57:08.114,424659,949,0.765,1.139,1.917,80.1,5000,176.22,1,172.75,0.639,109,0.987,0.0,199
2026-05-23T00:57:08.223,424764,641,0.517,0.769,0.808,80.1,5000,176.22,1,172.75,0.639,109,0.987,0.0,199
2026-05-23T00:57:08.326,424869,1119,0.902,1.343,2.53,80.1,5000,176.22,1,172.75,0.639,109,0.987,0.0,199
2026-05-23T00:57:08.429,424974,1556,1.254,1.868,4.103,80.1,5000,176.22,1,172.75,0.639,109,0.987,0.0,199
2026-05-23T00:57:08.534,425076,1566,1.262,1.88,4.139,80.1,5000,176.22,1,172.96,0.638,109,0.987,0.0,199
2026-05-23T00:57:08.643,425181,933,0.752,1.12,1.86,80.1,5000,176.22,1,172.96,0.638,109,0.987,0.0,199
2026-05-23T00:57:08.768,425286,653,0.526,0.784,0.851,80.1,5000,176.22,1,172.96,0.638,109,0.987,0.0,199
2026-05-23T00:57:08.827,425391,1152,0.928,1.383,2.648,89.97,5000,197.93,1,172.96,0.638,109,0.987,0.0,199
2026-05-23T00:57:08.954,425496,1563,1.26,1.876,4.128,89.97,5000,197.93,1,172.96,0.638,109,0.987,0.0,199
2026-05-23T00:57:09.062,425601,1204,0.97,1.445,2.836,89.97,5000,197.93,1,172.96,0.638,109,0.987,0.0,199
2026-05-23T00:57:09.187,425706,608,0.49,0.73,0.689,89.97,5000,197.93,1,172.96,0.638,109,0.987,0.0,199
2026-05-23T00:57:09.251,425811,950,0.766,1.14,1.921,89.97,5000,197.93,1,172.96,0.638,109,0.987,0.0,199
2026-05-23T00:57:09.377,425916,1509,1.216,1.811,3.934,89.97,5000,197.93,1,172.96,0.638,109,0.987,0.0,199
2026-05-23T00:57:09.501,426058,1573,1.268,1.888,4.164,89.97,5000,197.93,1,183.55,0.654,119,0.991,0.0,199
2026-05-23T00:57:09.625,426164,1033,0.832,1.24,2.22,89.97,5000,197.93,1,183.55,0.654,119,0.991,0.0,199
2026-05-23T00:57:09.750,426269,641,0.517,0.769,0.808,89.97,5000,197.93,1,183.55,0.654,119,0.991,0.0,199
2026-05-23T00:57:09.815,426374,1080,0.87,1.296,2.389,89.97,5000,197.93,1,183.55,0.654,119,0.991,0.0,199
2026-05-23T00:57:09.935,426479,1572,1.267,1.887,4.161,89.97,5000,197.93,1,183.55,0.654,119,0.991,0.0,199
2026-05-23T00:57:10.061,426584,1308,1.054,1.57,3.21,89.97,5000,197.93,1,183.55,0.654,119,0.991,0.0,199
2026-05-23T00:57:10.122,426689,589,0.475,0.707,0.621,89.97,5000,197.93,1,183.55,0.654,119,0.991,0.0,199
2026-05-23T00:57:10.246,426794,859,0.692,1.031,1.593,89.97,5000,197.93,1,183.55,0.654,119,0.991,0.0,199
2026-05-23T00:57:10.372,426899,1463,1.179,1.756,3.768,89.97,5000,197.93,1,183.55,0.654,119,0.991,0.0,199
2026-05-23T00:57:10.497,427063,1518,1.223,1.822,3.966,89.97,5000,197.93,1,193.48,0.653,126,0.997,0.0,199
2026-05-23T00:57:10.621,427168,964,0.777,1.157,1.971,89.97,5000,197.93,1,193.48,0.653,126,0.997,0.0,199
2026-05-23T00:57:10.743,427273,649,0.523,0.779,0.837,89.97,5000,197.93,1,193.48,0.653,126,0.997,0.0,199
2026-05-23T00:57:10.807,427378,1124,0.906,1.349,2.548,89.97,5000,197.93,1,193.48,0.653,126,0.997,0.0,199
2026-05-23T00:57:10.931,427483,1568,1.264,1.882,4.146,89.97,5000,197.93,1,193.48,0.653,126,0.997,0.0,199
2026-05-23T00:57:11.055,427588,1252,1.009,1.503,3.008,89.97,5000,197.93,1,193.48,0.653,126,0.997,0.0,199
2026-05-23T00:57:11.117,427693,600,0.484,0.72,0.661,89.97,5000,197.93,1,193.48,0.653,126,0.997,0.0,199
2026-05-23T00:57:11.243,427798,918,0.74,1.102,1.806,89.97,5000,197.93,1,193.48,0.653,126,0.997,0.0,199
2026-05-23T00:57:11.368,427903,1487,1.198,1.785,3.855,89.97,5000,197.93,1,193.48,0.653,126,0.997,0.0,199
2026-05-23T00:57:11.491,428057,1491,1.202,1.79,3.869,89.97,5000,197.93,1,193.55,0.653,126,0.996,0.0,199
2026-05-23T00:57:11.615,428163,1401,1.129,1.682,3.545,89.97,5000,197.93,1,193.55,0.653,126,0.996,0.0,199
2026-05-23T00:57:11.724,428268,1555,1.253,1.867,4.1,89.97,5000,197.93,1,193.55,0.653,126,0.996,0.0,199
2026-05-23T00:57:11.849,428373,863,0.695,1.036,1.608,89.97,5000,197.93,1,193.55,0.653,126,0.996,0.0,199
2026-05-23T00:57:11.910,428478,675,0.544,0.81,0.931,89.97,5000,197.93,1,193.55,0.653,126,0.996,0.0,199
2026-05-23T00:57:12.035,428583,1234,0.994,1.481,2.944,89.97,5000,197.93,1,193.55,0.653,126,0.996,0.0,199
2026-05-23T00:57:12.144,428688,1567,1.263,1.881,4.143,89.97,5000,197.93,1,193.55,0.653,126,0.996,0.0,199
2026-05-23T00:57:12.248,428793,1163,0.937,1.396,2.688,89.97,5000,197.93,1,193.55,0.653,126,0.996,0.0,199
2026-05-23T00:57:12.350,428898,619,0.499,0.743,0.729,89.97,5000,197.93,1,193.55,0.653,126,0.996,0.0,199
2026-05-23T00:57:12.456,429003,982,0.791,1.179,2.036,89.97,5000,197.93,1,193.55,0.653,126,0.996,0.0,199
2026-05-23T00:57:12.561,429105,1237,0.997,1.485,2.954,89.97,5000,197.93,1,193.57,0.653,126,0.996,0.0,199
2026-05-23T00:57:12.666,429210,1570,1.265,1.885,4.154,89.97,5000,197.93,1,193.57,0.653,126,0.996,0.0,199
2026-05-23T00:57:12.781,429315,1147,0.924,1.377,2.63,89.97,5000,197.93,1,193.57,0.653,126,0.996,0.0,199
2026-05-23T00:57:12.844,429420,625,0.504,0.75,0.751,89.97,5000,197.93,1,193.57,0.653,126,0.996,0.0,199
2026-05-23T00:57:12.949,429525,998,0.804,1.198,2.094,89.97,5000,197.93,1,193.57,0.653,126,0.996,0.0,199
2026-05-23T00:57:13.077,429630,1530,1.233,1.837,4.01,89.97,5000,197.93,1,193.57,0.653,126,0.996,0.0,199
2026-05-23T00:57:13.184,429735,1428,1.151,1.714,3.642,89.97,5000,197.93,1,193.57,0.653,126,0.996,0.0,199
2026-05-23T00:57:13.309,429840,590,0.475,0.708,0.625,89.97,5000,197.93,1,193.57,0.653,126,0.996,0.0,199
2026-05-23T00:57:13.371,429945,778,0.627,0.934,1.302,89.97,5000,197.93,1,193.57,0.653,126,0.996,0.0,199
2026-05-23T00:57:13.544,430087,1146,0.924,1.376,2.627,89.97,5000,197.93,1,193.51,0.653,126,0.997,0.0,199
2026-05-23T00:57:13.646,430192,1518,1.223,1.822,3.966,89.97,5000,197.93,1,193.51,0.653,126,0.997,0.0,199
2026-05-23T00:57:13.749,430297,1447,1.166,1.737,3.711,89.97,5000,197.93,1,193.51,0.653,126,0.997,0.0,199
2026-05-23T00:57:13.852,430402,617,0.497,0.741,0.722,89.97,5000,197.93,1,193.51,0.653,126,0.997,0.0,199
2026-05-23T00:57:13.958,430507,757,0.61,0.909,1.226,89.97,5000,197.93,1,193.51,0.653,126,0.997,0.0,199
2026-05-23T00:57:14.067,430612,1388,1.119,1.666,3.498,89.97,5000,197.93,1,193.51,0.653,126,0.997,0.0,199
2026-05-23T00:57:14.169,430717,1564,1.26,1.877,4.132,89.97,5000,197.93,1,193.51,0.653,126,0.997,0.0,199
2026-05-23T00:57:14.281,430822,915,0.737,1.098,1.795,89.97,5000,197.93,1,193.51,0.653,126,0.997,0.0,199
2026-05-23T00:57:14.382,430927,662,0.533,0.795,0.884,89.97,5000,197.93,1,193.51,0.653,126,0.997,0.0,199
2026-05-23T00:57:14.546,431081,1189,0.958,1.427,2.782,89.97,5000,197.93,1,193.44,0.652,126,0.999,0.0,199
2026-05-23T00:57:14.608,431187,634,0.511,0.761,0.783,89.97,5000,197.93,1,193.44,0.652,126,0.999,0.0,199
2026-05-23T00:57:14.735,431292,1045,0.842,1.254,2.263,89.97,5000,197.93,1,193.44,0.652,126,0.999,0.0,199
2026-05-23T00:57:14.858,431397,1546,1.246,1.856,4.067,89.97,5000,197.93,1,193.44,0.652,126,0.999,0.0,199
2026-05-23T00:57:14.919,431502,1366,1.101,1.64,3.419,89.97,5000,197.93,1,193.44,0.652,126,0.999,0.0,199
2026-05-23T00:57:15.026,431607,571,0.46,0.685,0.556,89.97,5000,197.93,1,193.44,0.652,126,0.999,0.0,199
2026-05-23T00:57:15.138,431712,822,0.662,0.987,1.46,89.97,5000,197.93,1,193.44,0.652,126,0.999,0.0,199
2026-05-23T00:57:15.248,431817,1427,1.15,1.713,3.639,89.97,5000,197.93,1,193.44,0.652,126,0.999,0.0,199
2026-05-23T00:57:15.358,431922,1549,1.248,1.859,4.078,89.97,5000,197.93,1,193.44,0.652,126,0.999,0.0,199
2026-05-23T00:57:15.477,432027,820,0.661,0.984,1.453,89.97,5000,197.93,1,193.44,0.652,126,0.999,0.0,199
2026-05-23T00:57:15.543,432129,562,0.453,0.675,0.524,89.97,5000,197.93,1,193.57,0.652,126,0.998,0.0,199
2026-05-23T00:57:15.655,432234,813,0.655,0.976,1.428,89.97,5000,197.93,1,193.57,0.652,126,0.998,0.0,199
2026-05-23T00:57:15.775,432339,1435,1.156,1.722,3.667,89.97,5000,197.93,1,193.57,0.652,126,0.998,0.0,199
2026-05-23T00:57:15.884,432444,1549,1.248,1.859,4.078,89.97,5000,197.93,1,193.57,0.652,126,0.998,0.0,199
2026-05-23T00:57:16.002,432549,820,0.661,0.984,1.453,89.97,5000,197.93,1,193.57,0.652,126,0.998,0.0,199
2026-05-23T00:57:16.117,432654,687,0.554,0.825,0.974,89.97,5000,197.93,1,193.57,0.652,126,0.998,0.0,199
2026-05-23T00:57:16.179,432759,1247,1.005,1.497,2.99,89.97,5000,197.93,1,193.57,0.652,126,0.998,0.0,199
2026-05-23T00:57:16.303,432864,1572,1.267,1.887,4.161,89.97,5000,197.93,1,193.57,0.652,126,0.998,0.0,199
2026-05-23T00:57:16.413,432969,1142,0.92,1.371,2.612,89.97,5000,197.93,1,193.57,0.652,126,0.998,0.0,199
2026-05-23T00:57:16.537,433111,625,0.504,0.75,0.751,89.97,5000,197.93,1,193.59,0.652,126,0.998,0.0,199
2026-05-23T00:57:16.649,433216,677,0.546,0.813,0.938,89.97,5000,197.93,1,193.59,0.652,126,0.998,0.0,199
2026-05-23T00:57:16.755,433321,1228,0.99,1.474,2.922,89.97,5000,197.93,1,193.59,0.652,126,0.998,0.0,199
2026-05-23T00:57:16.880,433426,1567,1.263,1.881,4.143,89.97,5000,197.93,1,193.59,0.652,126,0.998,0.0,199
2026-05-23T00:57:16.937,433531,1174,0.946,1.409,2.728,89.97,5000,197.93,1,193.59,0.652,126,0.998,0.0,199
2026-05-23T00:57:17.053,433636,618,0.498,0.742,0.725,89.97,5000,197.93,1,193.59,0.652,126,0.998,0.0,199
2026-05-23T00:57:17.179,433741,969,0.781,1.163,1.989,89.97,5000,197.93,1,193.59,0.652,126,0.998,0.0,199
2026-05-23T00:57:17.304,433846,1529,1.232,1.835,4.006,89.97,5000,197.93,1,193.59,0.652,126,0.998,0.0,199
2026-05-23T00:57:17.366,433951,1440,1.16,1.728,3.685,89.97,5000,197.93,1,193.59,0.652,126,0.998,0.0,199
2026-05-23T00:57:17.550,434105,620,0.5,0.744,0.733,89.97,5000,197.93,1,193.6,0.652,126,0.998,0.0,199
2026-05-23T00:57:17.659,434211,1562,1.259,1.875,4.125,95.0,5000,209.0,1,193.6,0.652,126,0.998,0.0,199
2026-05-23T00:57:17.763,434316,800,0.645,0.96,1.381,95.0,5000,209.0,1,193.6,0.652,126,0.998,0.0,199
2026-05-23T00:57:17.864,434421,718,0.579,0.862,1.086,95.0,5000,209.0,1,193.6,0.652,126,0.998,0.0,199
2026-05-23T00:57:17.925,434526,1262,1.017,1.515,3.044,95.0,5000,209.0,1,193.6,0.652,126,0.998,0.0,199
2026-05-23T00:57:18.051,434631,1571,1.266,1.886,4.157,95.0,5000,209.0,1,193.6,0.652,126,0.998,0.0,199
2026-05-23T00:57:18.174,434736,1123,0.905,1.348,2.544,95.0,5000,209.0,1,193.6,0.652,126,0.998,0.0,199
2026-05-23T00:57:18.299,434841,602,0.485,0.723,0.668,95.0,5000,209.0,1,193.6,0.652,126,0.998,0.0,199
2026-05-23T00:57:18.361,434946,1015,0.818,1.218,2.155,95.0,5000,209.0,1,193.6,0.652,126,0.998,0.0,199
2026-05-23T00:57:18.484,435051,1536,1.238,1.844,4.031,95.0,5000,209.0,1,193.6,0.652,126,0.998,0.0,199
2026-05-23T00:57:18.610,435153,1573,1.268,1.888,4.164,95.0,5000,209.0,1,204.09,0.672,137,0.998,0.0,199
2026-05-23T00:57:18.673,435258,1132,0.912,1.359,2.576,95.0,5000,209.0,1,204.09,0.672,137,0.998,0.0,199
2026-05-23T00:57:18.797,435363,598,0.482,0.718,0.653,95.0,5000,209.0,1,204.09,0.672,137,0.998,0.0,199
2026-05-23T00:57:18.923,435468,1006,0.811,1.208,2.123,95.0,5000,209.0,1,204.09,0.672,137,0.998,0.0,199
2026-05-23T00:57:18.984,435573,1541,1.242,1.85,4.049,95.0,5000,209.0,1,204.09,0.672,137,0.998,0.0,199
2026-05-23T00:57:19.110,435678,1418,1.143,1.702,3.606,95.0,5000,209.0,1,204.09,0.672,137,0.998,0.0,199
2026-05-23T00:57:19.236,435783,590,0.475,0.708,0.625,95.0,5000,209.0,1,204.09,0.672,137,0.998,0.0,199
2026-05-23T00:57:19.295,435888,780,0.629,0.936,1.309,95.0,5000,209.0,1,204.09,0.672,137,0.998,0.0,199
2026-05-23T00:57:19.420,435993,1402,1.13,1.683,3.549,95.0,5000,209.0,1,204.09,0.672,137,0.998,0.0,199
2026-05-23T00:57:19.544,436135,1567,1.263,1.881,4.143,95.0,5000,209.0,1,204.18,0.673,137,0.996,0.0,199
2026-05-23T00:57:19.668,436241,1286,1.036,1.544,3.131,95.0,5000,209.0,1,204.18,0.673,137,0.996,0.0,199
2026-05-23T00:57:19.795,436346,534,0.43,0.641,0.423,95.0,5000,209.0,1,204.18,0.673,137,0.996,0.0,199
2026-05-23T00:57:19.855,436451,872,0.703,1.047,1.64,95.0,5000,209.0,1,204.18,0.673,137,0.996,0.0,199
2026-05-23T00:57:19.964,436556,1462,1.178,1.755,3.765,95.0,5000,209.0,1,204.18,0.673,137,0.996,0.0,199
2026-05-23T00:57:20.090,436661,1536,1.238,1.844,4.031,95.0,5000,209.0,1,204.18,0.673,137,0.996,0.0,199
2026-05-23T00:57:20.215,436766,747,0.602,0.897,1.19,95.0,5000,209.0,1,204.18,0.673,137,0.996,0.0,199
2026-05-23T00:57:20.276,436871,725,0.584,0.87,1.111,95.0,5000,209.0,1,204.18,0.673,137,0.996,0.0,199
2026-05-23T00:57:20.401,436976,1299,1.047,1.559,3.178,95.0,5000,209.0,1,204.18,0.673,137,0.996,0.0,199
2026-05-23T00:57:20.587,437139,1569,1.264,1.883,4.15,95.0,5000,209.0,1,204.25,0.673,137,0.996,0.0,199
2026-05-23T00:57:20.649,437245,1299,1.047,1.559,3.178,95.0,5000,209.0,1,204.25,0.673,137,0.996,0.0,199
2026-05-23T00:57:20.774,437350,536,0.432,0.643,0.43,95.0,5000,209.0,1,204.25,0.673,137,0.996,0.0,199
2026-05-23T00:57:20.898,437455,871,0.702,1.045,1.636,95.0,5000,209.0,1,204.25,0.673,137,0.996,0.0,199
2026-05-23T00:57:20.953,437560,1476,1.189,1.772,3.815,95.0,5000,209.0,1,204.25,0.673,137,0.996,0.0,199
2026-05-23T00:57:21.067,437665,1530,1.233,1.837,4.01,95.0,5000,209.0,1,204.25,0.673,137,0.996,0.0,199
2026-05-23T00:57:21.192,437770,754,0.608,0.905,1.215,95.0,5000,209.0,1,204.25,0.673,137,0.996,0.0,199
2026-05-23T00:57:21.302,437875,725,0.584,0.87,1.111,95.0,5000,209.0,1,204.25,0.673,137,0.996,0.0,199
2026-05-23T00:57:21.414,437980,1294,1.043,1.553,3.16,95.0,5000,209.0,1,204.25,0.673,137,0.996,0.0,199
2026-05-23T00:57:21.573,438144,1571,1.266,1.886,4.157,95.0,5000,209.0,1,204.35,0.673,137,0.996,0.0,199
2026-05-23T00:57:21.676,438250,1121,0.903,1.346,2.537,95.0,5000,209.0,1,204.35,0.673,137,0.996,0.0,199
2026-05-23T00:57:21.781,438355,604,0.487,0.725,0.675,95.0,5000,209.0,1,204.35,0.673,137,0.996,0.0,199
2026-05-23T00:57:21.883,438460,1018,0.82,1.222,2.166,95.0,5000,209.0,1,204.35,0.673,137,0.996,0.0,199
2026-05-23T00:57:21.984,438565,1533,1.235,1.84,4.02,95.0,5000,209.0,1,204.35,0.673,137,0.996,0.0,199
2026-05-23T00:57:22.112,438670,1417,1.142,1.701,3.603,95.0,5000,209.0,1,204.35,0.673,137,0.996,0.0,199
2026-05-23T00:57:22.164,438775,599,0.483,0.719,0.657,95.0,5000,209.0,1,204.35,0.673,137,0.996,0.0,199
2026-05-23T00:57:22.285,438880,781,0.629,0.937,1.312,95.0,5000,209.0,1,204.35,0.673,137,0.996,0.0,199
2026-05-23T00:57:22.395,438985,1394,1.123,1.673,3.52,95.0,5000,209.0,1,204.35,0.673,137,0.996,0.0,199
2026-05-23T00:57:22.569,439149,1577,1.271,1.893,4.179,95.0,5000,209.0,1,204.16,0.672,137,0.998,0.0,199
2026-05-23T00:57:22.677,439254,1136,0.915,1.364,2.591,95.0,5000,209.0,1,204.16,0.672,137,0.998,0.0,199
2026-05-23T00:57:22.787,439359,603,0.486,0.724,0.671,95.0,5000,209.0,1,204.16,0.672,137,0.998,0.0,199
2026-05-23T00:57:22.849,439464,999,0.805,1.199,2.097,95.0,5000,209.0,1,204.16,0.672,137,0.998,0.0,199
2026-05-23T00:57:22.974,439569,1535,1.237,1.843,4.028,95.0,5000,209.0,1,204.16,0.672,137,0.998,0.0,199
2026-05-23T00:57:23.098,439674,1427,1.15,1.713,3.639,95.0,5000,209.0,1,204.16,0.672,137,0.998,0.0,199
2026-05-23T00:57:23.159,439779,615,0.496,0.738,0.715,95.0,5000,209.0,1,204.16,0.672,137,0.998,0.0,199
2026-05-23T00:57:23.287,439884,766,0.617,0.919,1.258,95.0,5000,209.0,1,204.16,0.672,137,0.998,0.0,199
2026-05-23T00:57:23.411,439989,1383,1.115,1.66,3.48,95.0,5000,209.0,1,204.16,0.672,137,0.998,0.0,199
2026-05-23T00:57:23.536,440143,1570,1.265,1.885,4.154,95.0,5000,209.0,1,204.21,0.673,137,0.996,0.0,199
2026-05-23T00:57:23.659,440249,1265,1.019,1.518,3.055,95.0,5000,209.0,1,204.21,0.673,137,0.996,0.0,199
2026-05-23T00:57:23.784,440354,1566,1.262,1.88,4.139,95.0,5000,209.0,1,204.21,0.673,137,0.996,0.0,199
2026-05-23T00:57:23.846,440459,1130,0.911,1.356,2.569,95.0,5000,209.0,1,204.21,0.673,137,0.996,0.0,199
2026-05-23T00:57:23.972,440564,606,0.488,0.727,0.682,95.0,5000,209.0,1,204.21,0.673,137,0.996,0.0,199
2026-05-23T00:57:24.095,440669,1004,0.809,1.205,2.115,95.0,5000,209.0,1,204.21,0.673,137,0.996,0.0,199
2026-05-23T00:57:24.158,440774,1536,1.238,1.844,4.031,95.0,5000,209.0,1,204.21,0.673,137,0.996,0.0,199
2026-05-23T00:57:24.282,440879,1415,1.14,1.698,3.595,95.0,5000,209.0,1,204.21,0.673,137,0.996,0.0,199
2026-05-23T00:57:24.410,440984,593,0.478,0.712,0.635,95.0,5000,209.0,1,204.21,0.673,137,0.996,0.0,199
2026-05-23T00:57:24.472,441089,770,0.621,0.924,1.273,95.0,5000,209.0,1,204.21,0.673,137,0.996,0.0,199
2026-05-23T00:57:24.595,441191,982,0.791,1.179,2.036,95.0,5000,209.0,1,204.13,0.672,137,0.998,0.0,199
2026-05-23T00:57:24.720,441296,1524,1.228,1.829,3.988,95.0,5000,209.0,1,204.13,0.672,137,0.998,0.0,199
2026-05-23T00:57:24.783,441401,1439,1.16,1.727,3.682,95.0,5000,209.0,1,204.13,0.672,137,0.998,0.0,199
2026-05-23T00:57:24.892,441506,618,0.498,0.742,0.725,95.0,5000,209.0,1,204.13,0.672,137,0.998,0.0,199
2026-05-23T00:57:25.004,441611,754,0.608,0.905,1.215,95.0,5000,209.0,1,204.13,0.672,137,0.998,0.0,199
2026-05-23T00:57:25.125,441716,1370,1.104,1.644,3.433,95.0,5000,209.0,1,204.13,0.672,137,0.998,0.0,199
2026-05-23T00:57:25.228,441821,1571,1.266,1.886,4.157,95.0,5000,209.0,1,204.13,0.672,137,0.998,0.0,199
2026-05-23T00:57:25.342,441926,952,0.767,1.143,1.928,95.0,5000,209.0,1,204.13,0.672,137,0.998,0.0,199
2026-05-23T00:57:25.452,442031,683,0.55,0.82,0.959,95.0,5000,209.0,1,204.13,0.672,137,0.998,0.0,199
2026-05-23T00:57:25.561,442173,867,0.699,1.041,1.622,95.0,5000,209.0,1,204.19,0.673,137,0.996,0.0,199
2026-05-23T00:57:25.671,442278,1334,1.075,1.601,3.304,95.0,5000,209.0,1,204.19,0.673,137,0.996,0.0,199
2026-05-23T00:57:25.783,442383,1565,1.261,1.879,4.136,95.0,5000,209.0,1,204.19,0.673,137,0.996,0.0,199
2026-05-23T00:57:25.893,442488,1007,0.812,1.209,2.126,95.0,5000,209.0,1,204.19,0.673,137,0.996,0.0,199
2026-05-23T00:57:25.996,442593,661,0.533,0.793,0.88,95.0,5000,209.0,1,204.19,0.673,137,0.996,0.0,199
2026-05-23T00:57:26.107,442698,1082,0.872,1.299,2.396,95.0,5000,209.0,1,204.19,0.673,137,0.996,0.0,199
2026-05-23T00:57:26.216,442803,1554,1.252,1.865,4.096,95.0,5000,209.0,1,204.19,0.673,137,0.996,0.0,199
2026-05-23T00:57:26.341,442908,1326,1.069,1.592,3.275,95.0,5000,209.0,1,204.19,0.673,137,0.996,0.0,199
2026-05-23T00:57:26.404,443013,541,0.436,0.649,0.448,95.0,5000,209.0,1,204.19,0.673,137,0.996,0.0,199
2026-05-23T00:57:26.592,443167,837,0.675,1.005,1.514,95.0,5000,209.0,1,204.13,0.672,137,0.998,0.0,199
2026-05-23T00:57:26.651,443273,696,0.561,0.835,1.006,95.0,5000,209.0,1,204.13,0.672,137,0.998,0.0,199
2026-05-23T00:57:26.754,443378,739,0.596,0.887,1.161,95.0,5000,209.0,1,204.13,0.672,137,0.998,0.0,199
2026-05-23T00:57:26.856,443483,1325,1.068,1.59,3.271,95.0,5000,209.0,1,204.13,0.672,137,0.998,0.0,199
2026-05-23T00:57:26.961,443588,1567,1.263,1.881,4.143,95.0,5000,209.0,1,204.13,0.672,137,0.998,0.0,199
2026-05-23T00:57:27.065,443693,1024,0.825,1.229,2.187,95.0,5000,209.0,1,204.13,0.672,137,0.998,0.0,199
2026-05-23T00:57:27.167,443798,650,0.524,0.78,0.841,95.0,5000,209.0,1,204.13,0.672,137,0.998,0.0,199
2026-05-23T00:57:27.289,443903,1069,0.861,1.283,2.349,95.0,5000,209.0,1,204.13,0.672,137,0.998,0.0,199
2026-05-23T00:57:27.399,444008,1548,1.247,1.858,4.074,95.0,5000,209.0,1,204.13,0.672,137,0.998,0.0,199
2026-05-23T00:57:27.522,444113,1350,1.088,1.62,3.361,95.0,5000,209.0,1,204.13,0.672,137,0.998,0.0,199
2026-05-23T00:57:27.584,444215,1072,0.864,1.287,2.36,95.0,5000,209.0,1,204.02,0.673,137,0.997,0.0,199
2026-05-23T00:57:27.710,444320,617,0.497,0.741,0.722,95.0,5000,209.0,1,204.02,0.673,137,0.997,0.0,199
2026-05-23T00:57:27.835,444425,1044,0.841,1.253,2.259,95.0,5000,209.0,1,204.02,0.673,137,0.997,0.0,199
2026-05-23T00:57:27.895,444530,1548,1.247,1.858,4.074,95.0,5000,209.0,1,204.02,0.673,137,0.997,0.0,199
2026-05-23T00:57:28.016,444635,1387,1.118,1.665,3.495,95.0,5000,209.0,1,204.02,0.673,137,0.997,0.0,199
2026-05-23T00:57:28.131,444740,578,0.466,0.694,0.581,95.0,5000,209.0,1,204.02,0.673,137,0.997,0.0,199
2026-05-23T00:57:28.254,444845,787,0.634,0.945,1.334,95.0,5000,209.0,1,204.02,0.673,137,0.997,0.0,199
2026-05-23T00:57:28.361,444950,1399,1.127,1.679,3.538,95.0,5000,209.0,1,204.02,0.673,137,0.997,0.0,199
2026-05-23T00:57:28.425,445055,1562,1.259,1.875,4.125,95.0,5000,209.0,1,204.02,0.673,137,0.997,0.0,199
2026-05-23T00:57:28.598,445197,1245,1.003,1.494,2.983,95.0,5000,209.0,1,204.07,0.673,137,0.997,0.0,199
2026-05-23T00:57:28.708,445303,531,0.428,0.637,0.412,95.0,5000,209.0,1,204.07,0.673,137,0.997,0.0,199
2026-05-23T00:57:28.828,445408,854,0.688,1.025,1.575,95.0,5000,209.0,1,204.07,0.673,137,0.997,0.0,199
2026-05-23T00:57:28.891,445513,1458,1.175,1.75,3.75,95.0,5000,209.0,1,204.07,0.673,137,0.997,0.0,199
2026-05-23T00:57:29.017,445618,1547,1.247,1.857,4.071,95.0,5000,209.0,1,204.07,0.673,137,0.997,0.0,199
2026-05-23T00:57:29.139,445723,794,0.64,0.953,1.359,95.0,5000,209.0,1,204.07,0.673,137,0.997,0.0,199
2026-05-23T00:57:29.201,445828,711,0.573,0.853,1.06,95.0,5000,209.0,1,204.07,0.673,137,0.997,0.0,199
2026-05-23T00:57:29.324,445933,1240,0.999,1.488,2.965,95.0,5000,209.0,1,204.07,0.673,137,0.997,0.0,199
2026-05-23T00:57:29.451,446038,1557,1.255,1.869,4.107,95.0,5000,209.0,1,204.07,0.673,137,0.997,0.0,199
2026-05-23T00:57:29.571,446202,1140,0.919,1.368,2.605,95.0,5000,209.0,1,204.08,0.673,137,0.997,0.0,199
2026-05-23T00:57:29.699,446307,565,0.455,0.678,0.535,95.0,5000,209.0,1,204.08,0.673,137,0.997,0.0,199
2026-05-23T00:57:29.823,446412,804,0.648,0.965,1.395,95.0,5000,209.0,1,204.08,0.673,137,0.997,0.0,199
2026-05-23T00:57:29.885,446517,1404,1.131,1.685,3.556,95.0,5000,209.0,1,204.08,0.673,137,0.997,0.0,199
2026-05-23T00:57:30.009,446622,1566,1.262,1.88,4.139,95.0,5000,209.0,1,204.08,0.673,137,0.997,0.0,199
2026-05-23T00:57:30.135,446727,885,0.713,1.062,1.687,95.0,5000,209.0,1,204.08,0.673,137,0.997,0.0,199
2026-05-23T00:57:30.197,446832,696,0.561,0.835,1.006,95.0,5000,209.0,1,204.08,0.673,137,0.997,0.0,199
2026-05-23T00:57:30.321,446937,1178,0.949,1.414,2.742,95.0,5000,209.0,1,204.08,0.673,137,0.997,0.0,199
2026-05-23T00:57:30.447,447042,1561,1.258,1.874,4.121,95.0,5000,209.0,1,204.08,0.673,137,0.997,0.0,199
2026-05-23T00:57:30.570,447196,1218,0.982,1.462,2.886,95.0,5000,209.0,1,204.17,0.673,137,0.997,0.0,199
2026-05-23T00:57:30.694,447302,1533,1.235,1.84,4.02,95.0,5000,209.0,1,204.17,0.673,137,0.997,0.0,199
2026-05-23T00:57:30.820,447407,1418,1.143,1.702,3.606,95.0,5000,209.0,1,204.17,0.673,137,0.997,0.0,199
2026-05-23T00:57:30.881,447512,606,0.488,0.727,0.682,95.0,5000,209.0,1,204.17,0.673,137,0.997,0.0,199
2026-05-23T00:57:31.006,447617,760,0.612,0.912,1.237,95.0,5000,209.0,1,204.17,0.673,137,0.997,0.0,199
2026-05-23T00:57:31.131,447722,1364,1.099,1.637,3.412,95.0,5000,209.0,1,204.17,0.673,137,0.997,0.0,199
2026-05-23T00:57:31.194,447827,1571,1.266,1.886,4.157,95.0,5000,209.0,1,204.17,0.673,137,0.997,0.0,199
2026-05-23T00:57:31.303,447932,956,0.77,1.148,1.943,95.0,5000,209.0,1,204.17,0.673,137,0.997,0.0,199
2026-05-23T00:57:31.427,448037,667,0.538,0.801,0.902,95.0,5000,209.0,1,204.17,0.673,137,0.997,0.0,199
2026-05-23T00:57:31.536,448142,1111,0.895,1.334,2.501,95.0,5000,209.0,1,204.17,0.673,137,0.997,0.0,199
2026-05-23T00:57:31.597,448244,1333,1.074,1.6,3.3,95.0,5000,209.0,1,204.01,0.672,137,0.999,0.0,199
2026-05-23T00:57:31.709,448349,1561,1.258,1.874,4.121,95.0,5000,209.0,1,204.01,0.672,137,0.999,0.0,199
2026-05-23T00:57:31.829,448454,1013,0.816,1.216,2.148,95.0,5000,209.0,1,204.01,0.672,137,0.999,0.0,199
2026-05-23T00:57:31.953,448559,649,0.523,0.779,0.837,95.0,5000,209.0,1,204.01,0.672,137,0.999,0.0,199
2026-05-23T00:57:32.014,448664,1069,0.861,1.283,2.349,95.0,5000,209.0,1,204.01,0.672,137,0.999,0.0,199
2026-05-23T00:57:32.141,448769,1549,1.248,1.859,4.078,95.0,5000,209.0,1,204.01,0.672,137,0.999,0.0,199
2026-05-23T00:57:32.266,448874,1348,1.086,1.618,3.354,95.0,5000,209.0,1,204.01,0.672,137,0.999,0.0,199
2026-05-23T00:57:32.327,448979,559,0.45,0.671,0.513,95.0,5000,209.0,1,204.01,0.672,137,0.999,0.0,199
2026-05-23T00:57:32.452,449084,811,0.654,0.973,1.42,95.0,5000,209.0,1,204.01,0.672,137,0.999,0.0,199
2026-05-23T00:57:32.576,449216,1186,0.956,1.424,2.771,95.0,5000,209.0,1,204.14,0.673,137,0.997,0.0,199
2026-05-23T00:57:32.700,449322,605,0.488,0.726,0.679,95.0,5000,209.0,1,204.14,0.673,137,0.997,0.0,199
2026-05-23T00:57:32.825,449427,1000,0.806,1.2,2.101,95.0,5000,209.0,1,204.14,0.673,137,0.997,0.0,199
2026-05-23T00:57:32.887,449532,1530,1.233,1.837,4.01,95.0,5000,209.0,1,204.14,0.673,137,0.997,0.0,199
2026-05-23T00:57:33.010,449637,1417,1.142,1.701,3.603,95.0,5000,209.0,1,204.14,0.673,137,0.997,0.0,199
2026-05-23T00:57:33.136,449742,611,0.492,0.733,0.7,95.0,5000,209.0,1,204.14,0.673,137,0.997,0.0,199
2026-05-23T00:57:33.199,449847,753,0.607,0.904,1.212,95.0,5000,209.0,1,204.14,0.673,137,0.997,0.0,199
2026-05-23T00:57:33.324,449952,1368,1.102,1.642,3.426,95.0,5000,209.0,1,204.14,0.673,137,0.997,0.0,199
2026-05-23T00:57:33.441,450057,1567,1.263,1.881,4.143,95.0,5000,209.0,1,204.14,0.673,137,0.997,0.0,199
2026-05-23T00:57:33.543,450162,965,0.778,1.158,1.975,95.0,5000,209.0,1,204.14,0.673,137,0.997,0.0,199
2026-05-23T00:57:33.644,450264,675,0.544,0.81,0.931,95.0,5000,209.0,1,204.18,0.673,137,0.996,0.0,199
2026-05-23T00:57:33.758,450369,739,0.596,0.887,1.161,95.0,5000,209.0,1,204.18,0.673,137,0.996,0.0,199
2026-05-23T00:57:33.819,450474,1329,1.071,1.595,3.286,95.0,5000,209.0,1,204.18,0.673,137,0.996,0.0,199
2026-05-23T00:57:33.942,450579,1564,1.26,1.877,4.132,95.0,5000,209.0,1,204.18,0.673,137,0.996,0.0,199
2026-05-23T00:57:34.054,450684,1020,0.822,1.224,2.173,95.0,5000,209.0,1,204.18,0.673,137,0.996,0.0,199
2026-05-23T00:57:34.180,450789,639,0.515,0.767,0.801,95.0,5000,209.0,1,204.18,0.673,137,0.996,0.0,199
2026-05-23T00:57:34.242,450894,1071,0.863,1.286,2.357,95.0,5000,209.0,1,204.18,0.673,137,0.996,0.0,199
2026-05-23T00:57:34.366,450999,1545,1.245,1.855,4.064,95.0,5000,209.0,1,204.18,0.673,137,0.996,0.0,199
2026-05-23T00:57:34.490,451104,1357,1.094,1.629,3.387,95.0,5000,209.0,1,204.18,0.673,137,0.996,0.0,199
2026-05-23T00:57:34.614,451246,884,0.712,1.061,1.683,95.0,5000,209.0,1,204.16,0.673,137,0.997,0.0,199
2026-05-23T00:57:34.739,451351,599,0.483,0.719,0.657,95.0,5000,209.0,1,204.16,0.673,137,0.997,0.0,199
2026-05-23T00:57:34.802,451456,994,0.801,1.193,2.079,95.0,5000,209.0,1,204.16,0.673,137,0.997,0.0,199
2026-05-23T00:57:34.927,451561,1511,1.218,1.814,3.941,95.0,5000,209.0,1,204.16,0.673,137,0.997,0.0,199
2026-05-23T00:57:35.052,451666,1435,1.156,1.722,3.667,95.0,5000,209.0,1,204.16,0.673,137,0.997,0.0,199
2026-05-23T00:57:35.114,451771,625,0.504,0.75,0.751,95.0,5000,209.0,1,204.16,0.673,137,0.997,0.0,199
2026-05-23T00:57:35.238,451876,713,0.575,0.856,1.068,75.26,5000,165.57,1,204.16,0.673,137,0.997,0.0,199
2026-05-23T00:57:35.360,451981,1328,1.07,1.594,3.282,75.26,5000,165.57,1,204.16,0.673,137,0.997,0.0,199
2026-05-23T00:57:35.423,452086,1560,1.257,1.873,4.118,75.26,5000,165.57,1,204.16,0.673,137,0.997,0.0,199
2026-05-23T00:57:35.583,452240,977,0.787,1.173,2.018,75.26,5000,165.57,1,203.84,0.672,137,1.0,0.0,199
2026-05-23T00:57:35.684,452346,1557,1.255,1.869,4.107,75.26,5000,165.57,1,203.84,0.672,137,1.0,0.0,199
2026-05-23T00:57:35.804,452451,1190,0.959,1.428,2.785,75.26,5000,165.57,1,203.84,0.672,137,1.0,0.0,199
2026-05-23T00:57:35.905,452556,615,0.496,0.738,0.715,75.26,5000,165.57,1,203.84,0.672,137,1.0,0.0,199
2026-05-23T00:57:36.029,452661,894,0.72,1.073,1.719,75.26,5000,165.57,1,203.84,0.672,137,1.0,0.0,199
2026-05-23T00:57:36.143,452766,1474,1.188,1.769,3.808,75.26,5000,165.57,1,203.84,0.672,137,1.0,0.0,199
2026-05-23T00:57:36.244,452871,1487,1.198,1.785,3.855,75.26,5000,165.57,1,203.84,0.672,137,1.0,0.0,199
2026-05-23T00:57:36.370,452976,702,0.566,0.843,1.028,75.26,5000,165.57,1,203.84,0.672,137,1.0,0.0,199
2026-05-23T00:57:36.433,453081,685,0.552,0.822,0.967,75.26,5000,165.57,1,203.84,0.672,137,1.0,0.0,199
2026-05-23T00:57:36.557,453186,1310,1.056,1.572,3.217,75.26,5000,165.57,1,203.84,0.672,137,1.0,0.0,199
2026-05-23T00:57:36.682,453288,1476,1.189,1.772,3.815,75.26,5000,165.57,1,163.1,0.635,102,0.984,0.0,199
2026-05-23T00:57:36.744,453393,1543,1.243,1.852,4.056,75.26,5000,165.57,1,163.1,0.635,102,0.984,0.0,199
2026-05-23T00:57:36.869,453498,759,0.612,0.911,1.233,75.26,5000,165.57,1,163.1,0.635,102,0.984,0.0,199
2026-05-23T00:57:36.993,453603,682,0.55,0.819,0.956,75.26,5000,165.57,1,163.1,0.635,102,0.984,0.0,199
2026-05-23T00:57:37.056,453708,1260,1.015,1.512,3.037,75.26,5000,165.57,1,163.1,0.635,102,0.984,0.0,199
2026-05-23T00:57:37.182,453813,1597,1.287,1.917,4.251,75.26,5000,165.57,1,163.1,0.635,102,0.984,0.0,199
2026-05-23T00:57:37.304,453918,1133,0.913,1.36,2.58,75.26,5000,165.57,1,163.1,0.635,102,0.984,0.0,199
2026-05-23T00:57:37.366,454023,639,0.515,0.767,0.801,75.26,5000,165.57,1,163.1,0.635,102,0.984,0.0,199
2026-05-23T00:57:37.490,454128,980,0.79,1.176,2.029,75.26,5000,165.57,1,163.1,0.635,102,0.984,0.0,199
2026-05-23T00:57:37.613,454270,1340,1.08,1.608,3.325,75.26,5000,165.57,1,162.98,0.635,102,0.985,0.0,199
2026-05-23T00:57:37.739,454376,1600,1.289,1.921,4.262,75.26,5000,165.57,1,162.98,0.635,102,0.985,0.0,199
2026-05-23T00:57:37.862,454481,1037,0.836,1.245,2.234,75.26,5000,165.57,1,162.98,0.635,102,0.985,0.0,199
2026-05-23T00:57:37.924,454586,636,0.513,0.763,0.79,75.26,5000,165.57,1,162.98,0.635,102,0.985,0.0,199
2026-05-23T00:57:38.049,454691,1022,0.824,1.227,2.18,75.26,5000,165.57,1,162.98,0.635,102,0.985,0.0,199
2026-05-23T00:57:38.174,454796,1558,1.256,1.87,4.11,75.26,5000,165.57,1,162.98,0.635,102,0.985,0.0,199
2026-05-23T00:57:38.236,454901,1377,1.11,1.653,3.459,75.26,5000,165.57,1,162.98,0.635,102,0.985,0.0,199
2026-05-23T00:57:38.362,455006,565,0.455,0.678,0.535,75.26,5000,165.57,1,162.98,0.635,102,0.985,0.0,199
2026-05-23T00:57:38.488,455111,762,0.614,0.915,1.244,75.26,5000,165.57,1,162.98,0.635,102,0.985,0.0,199
2026-05-23T00:57:38.612,455275,1383,1.115,1.66,3.48,75.26,5000,165.57,1,162.99,0.636,102,0.983,0.0,199
2026-05-23T00:57:38.738,455380,1589,1.281,1.907,4.222,75.26,5000,165.57,1,162.99,0.636,102,0.983,0.0,199
2026-05-23T00:57:38.863,455485,1143,0.921,1.372,2.616,75.26,5000,165.57,1,162.99,0.636,102,0.983,0.0,199
2026-05-23T00:57:38.925,455590,638,0.514,0.766,0.797,75.26,5000,165.57,1,162.99,0.636,102,0.983,0.0,199
2026-05-23T00:57:39.050,455695,961,0.774,1.154,1.961,75.26,5000,165.57,1,162.99,0.636,102,0.983,0.0,199
2026-05-23T00:57:39.175,455800,1527,1.231,1.833,3.999,75.26,5000,165.57,1,162.99,0.636,102,0.983,0.0,199
2026-05-23T00:57:39.237,455905,1471,1.185,1.766,3.797,75.26,5000,165.57,1,162.99,0.636,102,0.983,0.0,199
2026-05-23T00:57:39.362,456010,640,0.516,0.768,0.805,75.26,5000,165.57,1,162.99,0.636,102,0.983,0.0,199
2026-05-23T00:57:39.487,456115,716,0.577,0.859,1.078,75.26,5000,165.57,1,162.99,0.636,102,0.983,0.0,199
2026-05-23T00:57:39.611,456269,1340,1.08,1.608,3.325,75.26,5000,165.57,1,162.91,0.634,102,0.987,0.0,199
2026-05-23T00:57:39.739,456375,652,0.525,0.783,0.848,75.26,5000,165.57,1,162.91,0.634,102,0.987,0.0,199
2026-05-23T00:57:39.860,456480,1151,0.928,1.382,2.645,75.26,5000,165.57,1,162.91,0.634,102,0.987,0.0,199
2026-05-23T00:57:39.923,456585,1562,1.259,1.875,4.125,75.26,5000,165.57,1,162.91,0.634,102,0.987,0.0,199
2026-05-23T00:57:40.046,456690,1236,0.996,1.484,2.951,75.26,5000,165.57,1,162.91,0.634,102,0.987,0.0,199
2026-05-23T00:57:40.172,456795,617,0.497,0.741,0.722,75.26,5000,165.57,1,162.91,0.634,102,0.987,0.0,199
2026-05-23T00:57:40.234,456900,863,0.695,1.036,1.608,75.26,5000,165.57,1,162.91,0.634,102,0.987,0.0,199
2026-05-23T00:57:40.343,457005,1457,1.174,1.749,3.747,75.26,5000,165.57,1,162.91,0.634,102,0.987,0.0,199
2026-05-23T00:57:40.448,457110,1520,1.225,1.825,3.974,75.26,5000,165.57,1,162.91,0.634,102,0.987,0.0,199
2026-05-23T00:57:40.549,457215,753,0.607,0.904,1.212,75.26,5000,165.57,1,162.91,0.634,102,0.987,0.0,199
2026-05-23T00:57:40.656,457317,604,0.487,0.725,0.675,75.26,5000,165.57,1,162.94,0.634,102,0.987,0.0,199
2026-05-23T00:57:40.760,457422,809,0.652,0.971,1.413,75.26,5000,165.57,1,162.94,0.634,102,0.987,0.0,199
2026-05-23T00:57:40.865,457527,1416,1.141,1.7,3.599,75.26,5000,165.57,1,162.94,0.634,102,0.987,0.0,199
2026-05-23T00:57:40.967,457632,1546,1.246,1.856,4.067,75.26,5000,165.57,1,162.94,0.634,102,0.987,0.0,199
2026-05-23T00:57:41.072,457737,831,0.67,0.997,1.492,75.26,5000,165.57,1,162.94,0.634,102,0.987,0.0,199
2026-05-23T00:57:41.173,457842,664,0.535,0.797,0.891,75.26,5000,165.57,1,162.94,0.634,102,0.987,0.0,199
2026-05-23T00:57:41.274,457947,1180,0.951,1.416,2.749,75.26,5000,165.57,1,162.94,0.634,102,0.987,0.0,199
2026-05-23T00:57:41.381,458052,1556,1.254,1.868,4.103,75.26,5000,165.57,1,162.94,0.634,102,0.987,0.0,199
2026-05-23T00:57:41.496,458157,1203,0.969,1.444,2.832,75.26,5000,165.57,1,162.94,0.634,102,0.987,0.0,199
2026-05-23T00:57:41.664,458299,712,0.574,0.855,1.064,75.26,5000,165.57,1,162.99,0.634,102,0.987,0.0,199
2026-05-23T00:57:41.725,458405,668,0.538,0.802,0.905,75.26,5000,165.57,1,162.99,0.634,102,0.987,0.0,199
2026-05-23T00:57:41.838,458510,1232,0.993,1.479,2.936,75.26,5000,165.57,1,162.99,0.634,102,0.987,0.0,199
2026-05-23T00:57:41.943,458615,1567,1.263,1.881,4.143,75.26,5000,165.57,1,162.99,0.634,102,0.987,0.0,199
2026-05-23T00:57:42.046,458720,1142,0.92,1.371,2.612,75.26,5000,165.57,1,162.99,0.634,102,0.987,0.0,199
2026-05-23T00:57:42.155,458825,635,0.512,0.762,0.787,75.26,5000,165.57,1,162.99,0.634,102,0.987,0.0,199
2026-05-23T00:57:42.269,458930,942,0.759,1.131,1.892,75.26,5000,165.57,1,162.99,0.634,102,0.987,0.0,199
2026-05-23T00:57:42.379,459035,1491,1.202,1.79,3.869,75.26,5000,165.57,1,162.99,0.634,102,0.987,0.0,199
2026-05-23T00:57:42.488,459140,1463,1.179,1.756,3.768,75.26,5000,165.57,1,162.99,0.634,102,0.987,0.0,199
2026-05-23T00:57:42.654,459304,665,0.536,0.798,0.895,75.26,5000,165.57,1,163.02,0.634,102,0.986,0.0,199
2026-05-23T00:57:42.765,459409,642,0.517,0.771,0.812,75.26,5000,165.57,1,163.02,0.634,102,0.986,0.0,199
2026-05-23T00:57:42.829,459514,1121,0.903,1.346,2.537,75.26,5000,165.57,1,163.02,0.634,102,0.986,0.0,199
2026-05-23T00:57:42.954,459619,1557,1.255,1.869,4.107,75.26,5000,165.57,1,163.02,0.634,102,0.986,0.0,199
2026-05-23T00:57:43.067,459724,1266,1.02,1.52,3.059,75.26,5000,165.57,1,163.02,0.634,102,0.986,0.0,199
2026-05-23T00:57:43.183,459829,609,0.491,0.731,0.693,75.26,5000,165.57,1,163.02,0.634,102,0.986,0.0,199
2026-05-23T00:57:43.297,459934,831,0.67,0.997,1.492,75.26,5000,165.57,1,163.02,0.634,102,0.986,0.0,199
2026-05-23T00:57:43.361,460039,1448,1.167,1.738,3.714,75.26,5000,165.57,1,163.02,0.634,102,0.986,0.0,199
2026-05-23T00:57:43.482,460144,1545,1.245,1.855,4.064,75.26,5000,165.57,1,163.02,0.634,102,0.986,0.0,199
2026-05-23T00:57:43.606,460298,805,0.649,0.966,1.399,75.26,5000,165.57,1,163.01,0.634,102,0.986,0.0,199
2026-05-23T00:57:43.729,460404,1580,1.273,1.897,4.19,75.26,5000,165.57,1,163.01,0.634,102,0.986,0.0,199
2026-05-23T00:57:43.855,460509,1041,0.839,1.25,2.249,75.26,5000,165.57,1,163.01,0.634,102,0.986,0.0,199
2026-05-23T00:57:43.978,460614,648,0.522,0.778,0.833,75.26,5000,165.57,1,163.01,0.634,102,0.986,0.0,199
2026-05-23T00:57:44.040,460719,1013,0.816,1.216,2.148,75.26,5000,165.57,1,163.01,0.634,102,0.986,0.0,199
2026-05-23T00:57:44.166,460824,1529,1.232,1.835,4.006,75.26,5000,165.57,1,163.01,0.634,102,0.986,0.0,199
2026-05-23T00:57:44.290,460929,1394,1.123,1.673,3.52,75.26,5000,165.57,1,163.01,0.634,102,0.986,0.0,199
2026-05-23T00:57:44.353,461034,577,0.465,0.693,0.578,75.26,5000,165.57,1,163.01,0.634,102,0.986,0.0,199
2026-05-23T00:57:44.473,461139,733,0.591,0.88,1.14,75.26,5000,165.57,1,163.01,0.634,102,0.986,0.0,199
2026-05-23T00:57:44.579,461244,1361,1.097,1.634,3.401,75.26,5000,165.57,1,163.01,0.634,102,0.986,0.0,199
2026-05-23T00:57:44.693,461346,1504,1.212,1.805,3.916,75.26,5000,165.57,1,162.97,0.634,102,0.987,0.0,199
2026-05-23T00:57:44.754,461451,1452,1.17,1.743,3.729,75.26,5000,165.57,1,162.97,0.634,102,0.987,0.0,199
2026-05-23T00:57:44.880,461556,641,0.517,0.769,0.808,75.26,5000,165.57,1,162.97,0.634,102,0.987,0.0,199
2026-05-23T00:57:45.002,461661,700,0.564,0.84,1.021,75.26,5000,165.57,1,162.97,0.634,102,0.987,0.0,199
2026-05-23T00:57:45.116,461766,1307,1.053,1.569,3.206,75.26,5000,165.57,1,162.97,0.634,102,0.987,0.0,199
2026-05-23T00:57:45.178,461871,1578,1.272,1.894,4.182,75.26,5000,165.57,1,162.97,0.634,102,0.987,0.0,199
2026-05-23T00:57:45.302,461976,1030,0.83,1.236,2.209,75.26,5000,165.57,1,162.97,0.634,102,0.987,0.0,199
2026-05-23T00:57:45.429,462081,648,0.522,0.778,0.833,75.26,5000,165.57,1,162.97,0.634,102,0.987,0.0,199
2026-05-23T00:57:45.489,462186,1018,0.82,1.222,2.166,75.26,5000,165.57,1,162.97,0.634,102,0.987,0.0,199
2026-05-23T00:57:45.677,462328,1377,1.11,1.653,3.459,75.26,5000,165.57,1,163.0,0.635,102,0.985,0.0,199
2026-05-23T00:57:45.737,462434,1573,1.268,1.888,4.164,75.26,5000,165.57,1,163.0,0.635,102,0.985,0.0,199
2026-05-23T00:57:45.863,462539,980,0.79,1.176,2.029,75.26,5000,165.57,1,163.0,0.635,102,0.985,0.0,199
2026-05-23T00:57:45.976,462644,649,0.523,0.779,0.837,75.26,5000,165.57,1,163.0,0.635,102,0.985,0.0,199
2026-05-23T00:57:46.090,462749,1071,0.863,1.286,2.357,75.26,5000,165.57,1,163.0,0.635,102,0.985,0.0,199
2026-05-23T00:57:46.205,462854,1543,1.243,1.852,4.056,75.26,5000,165.57,1,163.0,0.635,102,0.985,0.0,199
2026-05-23T00:57:46.267,462959,1336,1.077,1.604,3.311,75.26,5000,165.57,1,163.0,0.635,102,0.985,0.0,199
2026-05-23T00:57:46.392,463064,600,0.484,0.72,0.661,75.26,5000,165.57,1,163.0,0.635,102,0.985,0.0,199
2026-05-23T00:57:46.516,463169,781,0.629,0.937,1.312,75.26,5000,165.57,1,163.0,0.635,102,0.985,0.0,199
2026-05-23T00:57:46.640,463333,1399,1.127,1.679,3.538,75.26,5000,165.57,1,162.99,0.634,102,0.987,0.0,199
2026-05-23T00:57:46.764,463438,1573,1.268,1.888,4.164,75.26,5000,165.57,1,162.99,0.634,102,0.987,0.0,199
2026-05-23T00:57:46.889,463543,1128,0.909,1.354,2.562,75.26,5000,165.57,1,162.99,0.634,102,0.987,0.0,199
2026-05-23T00:57:46.950,463648,639,0.515,0.767,0.801,75.26,5000,165.57,1,162.99,0.634,102,0.987,0.0,199
2026-05-23T00:57:47.073,463753,951,0.766,1.142,1.925,75.26,5000,165.57,1,162.99,0.634,102,0.987,0.0,199
2026-05-23T00:57:47.199,463858,1497,1.206,1.797,3.891,75.26,5000,165.57,1,162.99,0.634,102,0.987,0.0,199
2026-05-23T00:57:47.262,463963,1455,1.173,1.746,3.739,75.26,5000,165.57,1,162.99,0.634,102,0.987,0.0,199
2026-05-23T00:57:47.371,464068,637,0.513,0.765,0.794,75.26,5000,165.57,1,162.99,0.634,102,0.987,0.0,199
2026-05-23T00:57:47.475,464173,694,0.559,0.833,0.999,75.26,5000,165.57,1,162.99,0.634,102,0.987,0.0,199
2026-05-23T00:57:47.630,464327,1310,1.056,1.572,3.217,75.26,5000,165.57,1,162.94,0.634,102,0.987,0.0,199
2026-05-23T00:57:47.745,464433,658,0.53,0.79,0.869,75.26,5000,165.57,1,162.94,0.634,102,0.987,0.0,199
2026-05-23T00:57:47.848,464538,1139,0.918,1.367,2.602,75.26,5000,165.57,1,162.94,0.634,102,0.987,0.0,199
2026-05-23T00:57:47.952,464643,1558,1.256,1.87,4.11,75.26,5000,165.57,1,162.94,0.634,102,0.987,0.0,199
2026-05-23T00:57:48.056,464748,1253,1.01,1.504,3.012,75.26,5000,165.57,1,162.94,0.634,102,0.987,0.0,199
2026-05-23T00:57:48.164,464853,609,0.491,0.731,0.693,75.26,5000,165.57,1,162.94,0.634,102,0.987,0.0,199
2026-05-23T00:57:48.289,464958,849,0.684,1.019,1.557,75.26,5000,165.57,1,162.94,0.634,102,0.987,0.0,199
2026-05-23T00:57:48.412,465063,1435,1.156,1.722,3.667,75.26,5000,165.57,1,162.94,0.634,102,0.987,0.0,199
2026-05-23T00:57:48.475,465168,1526,1.23,1.832,3.995,75.26,5000,165.57,1,162.94,0.634,102,0.987,0.0,199
2026-05-23T00:57:48.585,465273,778,0.627,0.934,1.302,75.26,5000,165.57,1,162.94,0.634,102,0.987,0.0,199
2026-05-23T00:57:48.708,465375,579,0.467,0.695,0.585,75.26,5000,165.57,1,162.97,0.634,102,0.987,0.0,199
2026-05-23T00:57:48.815,465480,784,0.632,0.941,1.323,75.26,5000,165.57,1,162.97,0.634,102,0.987,0.0,199
2026-05-23T00:57:48.879,465585,1398,1.127,1.678,3.534,75.26,5000,165.57,1,162.97,0.634,102,0.987,0.0,199
2026-05-23T00:57:49.002,465690,1561,1.258,1.874,4.121,75.26,5000,165.57,1,162.97,0.634,102,0.987,0.0,199
2026-05-23T00:57:49.127,465795,882,0.711,1.059,1.676,75.26,5000,165.57,1,162.97,0.634,102,0.987,0.0,199
2026-05-23T00:57:49.188,465900,664,0.535,0.797,0.891,75.26,5000,165.57,1,162.97,0.634,102,0.987,0.0,199
2026-05-23T00:57:49.311,466005,1149,0.926,1.379,2.638,75.26,5000,165.57,1,162.97,0.634,102,0.987,0.0,199
2026-05-23T00:57:49.436,466110,1559,1.256,1.871,4.114,75.26,5000,165.57,1,162.97,0.634,102,0.987,0.0,199
2026-05-23T00:57:49.562,466215,1241,1.0,1.49,2.969,75.26,5000,165.57,1,162.97,0.634,102,0.987,0.0,199
2026-05-23T00:57:49.686,466357,749,0.604,0.899,1.197,75.26,5000,165.57,1,162.97,0.634,102,0.987,0.0,199
2026-05-23T00:57:49.750,466462,647,0.521,0.777,0.83,75.26,5000,165.57,1,162.97,0.634,102,0.987,0.0,199
2026-05-23T00:57:49.874,466567,1052,0.848,1.263,2.288,75.26,5000,165.57,1,162.97,0.634,102,0.987,0.0,199
2026-05-23T00:57:49.986,466672,1537,1.239,1.845,4.035,75.26,5000,165.57,1,162.97,0.634,102,0.987,0.0,199
2026-05-23T00:57:50.108,466777,1347,1.085,1.617,3.351,75.26,5000,165.57,1,162.97,0.634,102,0.987,0.0,199
2026-05-23T00:57:50.169,466882,574,0.463,0.689,0.567,75.26,5000,165.57,1,162.97,0.634,102,0.987,0.0,199
2026-05-23T00:57:50.290,466987,776,0.625,0.931,1.294,75.26,5000,165.57,1,162.97,0.634,102,0.987,0.0,199
2026-05-23T00:57:50.416,467092,1398,1.127,1.678,3.534,75.26,5000,165.57,1,162.97,0.634,102,0.987,0.0,199
2026-05-23T00:57:50.543,467197,1562,1.259,1.875,4.125,75.26,5000,165.57,1,162.97,0.634,102,0.987,0.0,199
2026-05-23T00:57:50.665,467351,891,0.718,1.069,1.708,75.26,5000,165.57,1,163.01,0.633,102,0.988,0.0,199
2026-05-23T00:57:50.790,467457,1579,1.272,1.895,4.186,75.26,5000,165.57,1,163.01,0.633,102,0.988,0.0,199
2026-05-23T00:57:50.853,467562,1122,0.904,1.347,2.54,75.26,5000,165.57,1,163.01,0.633,102,0.988,0.0,199
2026-05-23T00:57:50.966,467667,633,0.51,0.76,0.779,75.26,5000,165.57,1,163.01,0.633,102,0.988,0.0,199
2026-05-23T00:57:51.068,467772,956,0.77,1.148,1.943,75.26,5000,165.57,1,163.01,0.633,102,0.988,0.0,199
2026-05-23T00:57:51.182,467877,1511,1.218,1.814,3.941,75.26,5000,165.57,1,163.01,0.633,102,0.988,0.0,199
2026-05-23T00:57:51.292,467982,1445,1.164,1.734,3.703,75.26,5000,165.57,1,163.01,0.633,102,0.988,0.0,199
2026-05-23T00:57:51.398,468087,638,0.514,0.766,0.797,75.26,5000,165.57,1,163.01,0.633,102,0.988,0.0,199
2026-05-23T00:57:51.505,468192,702,0.566,0.843,1.028,75.26,5000,165.57,1,163.01,0.633,102,0.988,0.0,199
2026-05-23T00:57:51.630,468297,1316,1.061,1.58,3.239,75.26,5000,165.57,1,163.01,0.633,102,0.988,0.0,199
2026-05-23T00:57:51.693,468399,1298,1.046,1.558,3.174,50.69,5000,111.52,1,163.05,0.634,102,0.986,0.0,199
2026-05-23T00:57:51.817,468504,1189,0.958,1.427,2.782,50.69,5000,111.52,1,163.05,0.634,102,0.986,0.0,199
2026-05-23T00:57:51.942,468609,809,0.652,0.971,1.413,50.69,5000,111.52,1,163.05,0.634,102,0.986,0.0,199
2026-05-23T00:57:52.004,468714,929,0.749,1.115,1.845,50.69,5000,111.52,1,163.05,0.634,102,0.986,0.0,199
2026-05-23T00:57:52.128,468819,1271,1.024,1.526,3.077,50.69,5000,111.52,1,163.05,0.634,102,0.986,0.0,199
2026-05-23T00:57:52.254,468924,1267,1.021,1.521,3.062,50.69,5000,111.52,1,163.05,0.634,102,0.986,0.0,199
2026-05-23T00:57:52.316,469029,997,0.803,1.197,2.09,50.69,5000,111.52,1,163.05,0.634,102,0.986,0.0,199
2026-05-23T00:57:52.440,469134,876,0.706,1.051,1.654,50.69,5000,111.52,1,163.05,0.634,102,0.986,0.0,199
2026-05-23T00:57:52.567,469239,1137,0.916,1.365,2.594,50.69,5000,111.52,1,163.05,0.634,102,0.986,0.0,199
2026-05-23T00:57:52.689,469381,1309,1.055,1.571,3.214,50.69,5000,111.52,1,113.26,0.597,64,0.946,0.0,199
2026-05-23T00:57:52.815,469486,1318,1.062,1.582,3.246,50.69,5000,111.52,1,113.26,0.597,64,0.946,0.0,199
2026-05-23T00:57:52.877,469591,1048,0.845,1.258,2.274,50.69,5000,111.52,1,113.26,0.597,64,0.946,0.0,199
2026-05-23T00:57:53.000,469696,816,0.658,0.979,1.438,50.69,5000,111.52,1,113.26,0.597,64,0.946,0.0,199
2026-05-23T00:57:53.128,469801,1079,0.87,1.295,2.385,50.69,5000,111.52,1,113.26,0.597,64,0.946,0.0,199
2026-05-23T00:57:53.191,469906,1336,1.077,1.604,3.311,50.69,5000,111.52,1,113.26,0.597,64,0.946,0.0,199
2026-05-23T00:57:53.314,470011,1217,0.981,1.461,2.882,50.69,5000,111.52,1,113.26,0.597,64,0.946,0.0,199
2026-05-23T00:57:53.438,470116,820,0.661,0.984,1.453,50.69,5000,111.52,1,113.26,0.597,64,0.946,0.0,199
2026-05-23T00:57:53.501,470221,930,0.749,1.116,1.849,50.69,5000,111.52,1,113.26,0.597,64,0.946,0.0,199
2026-05-23T00:57:53.685,470375,1291,1.04,1.55,3.149,50.69,5000,111.52,1,113.12,0.634,68,0.948,0.0,199
2026-05-23T00:57:53.808,470481,915,0.737,1.098,1.795,50.69,5000,111.52,1,113.12,0.634,68,0.948,0.0,199
2026-05-23T00:57:53.871,470586,1195,0.963,1.434,2.803,50.69,5000,111.52,1,113.12,0.634,68,0.948,0.0,199
2026-05-23T00:57:53.996,470691,1334,1.075,1.601,3.304,50.69,5000,111.52,1,113.12,0.634,68,0.948,0.0,199
2026-05-23T00:57:54.121,470796,1104,0.89,1.325,2.475,50.69,5000,111.52,1,113.12,0.634,68,0.948,0.0,199
2026-05-23T00:57:54.181,470901,749,0.604,0.899,1.197,50.69,5000,111.52,1,113.12,0.634,68,0.948,0.0,199
2026-05-23T00:57:54.307,471006,1048,0.845,1.258,2.274,50.69,5000,111.52,1,113.12,0.634,68,0.948,0.0,199
2026-05-23T00:57:54.431,471111,1239,0.998,1.487,2.962,50.69,5000,111.52,1,113.12,0.634,68,0.948,0.0,199
2026-05-23T00:57:54.493,471216,1322,1.065,1.587,3.261,50.69,5000,111.52,1,113.12,0.634,68,0.948,0.0,199
2026-05-23T00:57:54.620,471321,827,0.666,0.993,1.478,50.69,5000,111.52,1,113.12,0.634,68,0.948,0.0,199
2026-05-23T00:57:54.744,471423,707,0.57,0.849,1.046,50.69,5000,111.52,1,113.07,0.638,69,0.956,0.0,199
2026-05-23T00:57:54.804,471528,912,0.735,1.095,1.784,50.69,5000,111.52,1,113.07,0.638,69,0.956,0.0,199
2026-05-23T00:57:54.930,471633,1544,1.244,1.853,4.06,50.69,5000,111.52,1,113.07,0.638,69,0.956,0.0,199
2026-05-23T00:57:55.054,471738,1227,0.989,1.473,2.918,50.69,5000,111.52,1,113.07,0.638,69,0.956,0.0,199
2026-05-23T00:57:55.116,471843,1103,0.889,1.324,2.472,50.69,5000,111.52,1,113.07,0.638,69,0.956,0.0,199
2026-05-23T00:57:55.242,471948,1213,0.978,1.456,2.868,50.69,5000,111.52,1,113.07,0.638,69,0.956,0.0,199
2026-05-23T00:57:55.366,472053,1461,1.177,1.754,3.761,50.69,5000,111.52,1,113.07,0.638,69,0.956,0.0,199
2026-05-23T00:57:55.429,472158,1695,1.366,2.035,4.604,50.69,5000,111.52,1,113.07,0.638,69,0.956,0.0,199
2026-05-23T00:57:55.555,472263,1241,1.0,1.49,2.969,50.69,5000,111.52,1,113.07,0.638,69,0.956,0.0,199
2026-05-23T00:57:55.679,472405,1090,0.878,1.308,2.425,50.69,5000,111.52,1,111.19,0.627,66,0.946,0.0,199
2026-05-23T00:57:55.804,472510,1299,1.047,1.559,3.178,50.69,5000,111.52,1,111.19,0.627,66,0.946,0.0,199
2026-05-23T00:57:55.929,472615,1500,1.209,1.8,3.901,50.69,5000,111.52,1,111.19,0.627,66,0.946,0.0,199
2026-05-23T00:57:55.992,472720,1616,1.302,1.94,4.319,50.69,5000,111.52,1,111.19,0.627,66,0.946,0.0,199
2026-05-23T00:57:56.116,472825,1296,1.044,1.556,3.167,50.69,5000,111.52,1,111.19,0.627,66,0.946,0.0,199
2026-05-23T00:57:56.241,472930,906,0.73,1.087,1.762,50.69,5000,111.52,1,111.19,0.627,66,0.946,0.0,199
2026-05-23T00:57:56.302,473035,1261,1.016,1.514,3.041,50.69,5000,111.52,1,111.19,0.627,66,0.946,0.0,199
2026-05-23T00:57:56.427,473140,1544,1.244,1.853,4.06,50.69,5000,111.52,1,111.19,0.627,66,0.946,0.0,199
2026-05-23T00:57:56.553,473245,1479,1.192,1.775,3.826,50.69,5000,111.52,1,111.19,0.627,66,0.946,0.0,199
2026-05-23T00:57:56.677,473400,1084,0.874,1.301,2.403,50.69,5000,111.52,1,104.54,0.59,58,0.94,0.0,199
2026-05-23T00:57:56.803,473505,1481,1.193,1.778,3.833,50.69,5000,111.52,1,104.54,0.59,58,0.94,0.0,199
2026-05-23T00:57:56.926,473610,1133,0.913,1.36,2.58,50.69,5000,111.52,1,104.54,0.59,58,0.94,0.0,199
2026-05-23T00:57:56.989,473715,1130,0.911,1.356,2.569,50.69,5000,111.52,1,104.54,0.59,58,0.94,0.0,199
2026-05-23T00:57:57.114,473820,1370,1.104,1.644,3.433,50.69,5000,111.52,1,104.54,0.59,58,0.94,0.0,199
2026-05-23T00:57:57.239,473925,1530,1.233,1.837,4.01,50.69,5000,111.52,1,104.54,0.59,58,0.94,0.0,199
2026-05-23T00:57:57.300,474030,1304,1.051,1.565,3.196,50.69,5000,111.52,1,104.54,0.59,58,0.94,0.0,199
2026-05-23T00:57:57.426,474135,865,0.697,1.038,1.615,50.69,5000,111.52,1,104.54,0.59,58,0.94,0.0,199
2026-05-23T00:57:57.550,474240,1108,0.893,1.33,2.49,50.69,5000,111.52,1,104.54,0.59,58,0.94,0.0,199
2026-05-23T00:57:57.609,474345,1407,1.134,1.689,3.567,50.69,5000,111.52,1,104.54,0.59,58,0.94,0.0,199
2026-05-23T00:57:57.733,474447,1419,1.144,1.703,3.61,50.69,5000,111.52,1,100.16,0.566,54,0.952,0.0,199
2026-05-23T00:57:57.856,474552,1288,1.038,1.546,3.138,50.69,5000,111.52,1,100.16,0.566,54,0.952,0.0,199
2026-05-23T00:57:57.920,474657,869,0.7,1.043,1.629,50.69,5000,111.52,1,100.16,0.566,54,0.952,0.0,199
2026-05-23T00:57:58.044,474762,1040,0.838,1.248,2.245,50.69,5000,111.52,1,100.16,0.566,54,0.952,0.0,199
2026-05-23T00:57:58.168,474867,1335,1.076,1.602,3.307,50.69,5000,111.52,1,100.16,0.566,54,0.952,0.0,199
2026-05-23T00:57:58.230,474972,1332,1.073,1.599,3.297,50.69,5000,111.52,1,100.16,0.566,54,0.952,0.0,199
2026-05-23T00:57:58.356,475077,1019,0.821,1.223,2.169,50.69,5000,111.52,1,100.16,0.566,54,0.952,0.0,199
2026-05-23T00:57:58.479,475182,958,0.772,1.15,1.95,50.69,5000,111.52,1,100.16,0.566,54,0.952,0.0,199
2026-05-23T00:57:58.541,475287,1169,0.942,1.403,2.71,50.69,5000,111.52,1,100.16,0.566,54,0.952,0.0,199
2026-05-23T00:57:58.728,475429,1324,1.067,1.589,3.268,50.69,5000,111.52,1,89.54,0.504,43,0.952,0.0,199
2026-05-23T00:57:58.790,475534,1311,1.056,1.574,3.221,50.69,5000,111.52,1,89.54,0.504,43,0.952,0.0,199
2026-05-23T00:57:58.917,475639,1042,0.84,1.251,2.252,50.69,5000,111.52,1,89.54,0.504,43,0.952,0.0,199
2026-05-23T00:57:59.043,475744,823,0.663,0.988,1.464,50.69,5000,111.52,1,89.54,0.504,43,0.952,0.0,199
2026-05-23T00:57:59.104,475849,1103,0.889,1.324,2.472,50.69,5000,111.52,1,89.54,0.504,43,0.952,0.0,199
2026-05-23T00:57:59.231,475954,1309,1.055,1.571,3.214,50.69,5000,111.52,1,89.54,0.504,43,0.952,0.0,199
2026-05-23T00:57:59.355,476059,1181,0.952,1.418,2.753,50.69,5000,111.52,1,89.54,0.504,43,0.952,0.0,199
2026-05-23T00:57:59.416,476164,808,0.651,0.97,1.41,50.69,5000,111.52,1,89.54,0.504,43,0.952,0.0,199
2026-05-23T00:57:59.539,476269,980,0.79,1.176,2.029,50.69,5000,111.52,1,89.54,0.504,43,0.952,0.0,199
2026-05-23T00:57:59.726,476423,1247,1.005,1.497,2.99,50.69,5000,111.52,1,75.61,0.42,30,0.944,0.0,199
2026-05-23T00:57:59.788,476529,917,0.739,1.101,1.802,50.69,5000,111.52,1,75.61,0.42,30,0.944,0.0,199
2026-05-23T00:57:59.911,476634,1160,0.935,1.392,2.677,50.69,5000,111.52,1,75.61,0.42,30,0.944,0.0,199
2026-05-23T00:58:00.033,476739,1238,0.998,1.486,2.958,50.69,5000,111.52,1,75.61,0.42,30,0.944,0.0,199
2026-05-23T00:58:00.097,476844,1017,0.82,1.221,2.162,50.69,5000,111.52,1,75.61,0.42,30,0.944,0.0,199
2026-05-23T00:58:00.222,476949,683,0.55,0.82,0.959,50.69,5000,111.52,1,75.61,0.42,30,0.944,0.0,199
2026-05-23T00:58:00.346,477054,967,0.779,1.161,1.982,50.69,5000,111.52,1,75.61,0.42,30,0.944,0.0,199
2026-05-23T00:58:00.408,477159,1195,0.963,1.434,2.803,50.69,5000,111.52,1,75.61,0.42,30,0.944,0.0,199
2026-05-23T00:58:00.531,477264,1133,0.913,1.36,2.58,50.69,5000,111.52,1,75.61,0.42,30,0.944,0.0,199
2026-05-23T00:58:00.657,477369,793,0.639,0.952,1.356,50.69,5000,111.52,1,75.61,0.42,30,0.944,0.0,199
2026-05-23T00:58:00.719,477471,701,0.565,0.841,1.024,50.69,5000,111.52,1,64.25,0.352,21,0.928,0.0,199
2026-05-23T00:58:00.842,477576,954,0.769,1.145,1.935,50.69,5000,111.52,1,64.25,0.352,21,0.928,0.0,199
2026-05-23T00:58:00.964,477681,1158,0.933,1.39,2.67,50.69,5000,111.52,1,64.25,0.352,21,0.928,0.0,199
2026-05-23T00:58:01.090,477786,1118,0.901,1.342,2.526,50.69,5000,111.52,1,64.25,0.352,21,0.928,0.0,199
2026-05-23T00:58:01.152,477891,794,0.64,0.953,1.359,50.69,5000,111.52,1,64.25,0.352,21,0.928,0.0,199
2026-05-23T00:58:01.276,477996,795,0.641,0.954,1.363,50.69,5000,111.52,1,64.25,0.352,21,0.928,0.0,199
2026-05-23T00:58:01.402,478101,1012,0.816,1.215,2.144,50.69,5000,111.52,1,64.25,0.352,21,0.928,0.0,199
2026-05-23T00:58:01.466,478206,1079,0.87,1.295,2.385,50.69,5000,111.52,1,64.25,0.352,21,0.928,0.0,199
2026-05-23T00:58:01.590,478311,877,0.707,1.053,1.658,50.69,5000,111.52,1,64.25,0.352,21,0.928,0.0,199
2026-05-23T00:58:01.714,478453,686,0.553,0.823,0.97,50.69,5000,111.52,1,59.15,0.322,17,0.892,0.0,199
2026-05-23T00:58:01.838,478558,661,0.533,0.793,0.88,50.69,5000,111.52,1,59.15,0.322,17,0.892,0.0,199
2026-05-23T00:58:01.963,478663,878,0.708,1.054,1.662,50.69,5000,111.52,1,59.15,0.322,17,0.892,0.0,199
2026-05-23T00:58:02.026,478768,1005,0.81,1.206,2.119,50.69,5000,111.52,1,59.15,0.322,17,0.892,0.0,199
2026-05-23T00:58:02.150,478873,855,0.689,1.026,1.579,50.69,5000,111.52,1,59.15,0.322,17,0.892,0.0,199
2026-05-23T00:58:02.275,478978,584,0.471,0.701,0.603,50.69,5000,111.52,1,59.15,0.322,17,0.892,0.0,199
2026-05-23T00:58:02.336,479083,723,0.583,0.868,1.104,50.69,5000,111.52,1,59.15,0.322,17,0.892,0.0,199
2026-05-23T00:58:02.464,479188,961,0.774,1.154,1.961,50.69,5000,111.52,1,59.15,0.322,17,0.892,0.0,199
2026-05-23T00:58:02.587,479293,940,0.758,1.128,1.885,50.69,5000,111.52,1,59.15,0.322,17,0.892,0.0,199
2026-05-23T00:58:02.711,479447,664,0.535,0.797,0.891,50.69,5000,111.52,1,40.91,0.214,8,0.913,0.0,199
2026-05-23T00:58:02.836,479552,976,0.787,1.172,2.015,50.69,5000,111.52,1,40.91,0.214,8,0.913,0.0,199
2026-05-23T00:58:02.898,479657,797,0.642,0.957,1.37,50.69,5000,111.52,1,40.91,0.214,8,0.913,0.0,199
2026-05-23T00:58:03.022,479762,572,0.461,0.687,0.56,50.69,5000,111.52,1,40.91,0.214,8,0.913,0.0,199
2026-05-23T00:58:03.147,479867,741,0.597,0.889,1.168,50.69,5000,111.52,1,40.91,0.214,8,0.913,0.0,199
2026-05-23T00:58:03.207,479972,957,0.771,1.149,1.946,50.69,5000,111.52,1,40.91,0.214,8,0.913,0.0,199
2026-05-23T00:58:03.332,480077,906,0.73,1.087,1.762,50.69,5000,111.52,1,40.91,0.214,8,0.913,0.0,199
2026-05-23T00:58:03.459,480182,636,0.513,0.763,0.79,50.69,5000,111.52,1,40.91,0.214,8,0.913,0.0,199
2026-05-23T00:58:03.581,480287,632,0.509,0.759,0.776,50.69,5000,111.52,1,40.91,0.214,8,0.913,0.0,199
2026-05-23T00:58:03.643,480392,890,0.717,1.068,1.705,50.69,5000,111.52,1,40.91,0.214,8,0.913,0.0,199
2026-05-23T00:58:03.767,480495,943,0.76,1.132,1.896,50.69,5000,111.52,1,33.68,0.171,5,0.868,0.0,199
2026-05-23T00:58:03.891,480600,860,0.693,1.032,1.597,50.69,5000,111.52,1,33.68,0.171,5,0.868,0.0,199
2026-05-23T00:58:03.952,480705,605,0.488,0.726,0.679,50.69,5000,111.52,1,33.68,0.171,5,0.868,0.0,199
2026-05-23T00:58:04.077,480810,654,0.527,0.785,0.855,50.69,5000,111.52,1,33.68,0.171,5,0.868,0.0,199
2026-05-23T00:58:04.200,480915,907,0.731,1.089,1.766,50.69,5000,111.52,1,33.68,0.171,5,0.868,0.0,199
2026-05-23T00:58:04.263,481020,933,0.752,1.12,1.86,50.69,5000,111.52,1,33.68,0.171,5,0.868,0.0,199
2026-05-23T00:58:04.387,481125,693,0.558,0.832,0.995,50.69,5000,111.52,1,33.68,0.171,5,0.868,0.0,199
2026-05-23T00:58:04.513,481230,593,0.478,0.712,0.635,50.69,5000,111.52,1,33.68,0.171,5,0.868,0.0,199
2026-05-23T00:58:04.575,481335,811,0.654,0.973,1.42,50.69,5000,111.52,1,33.68,0.171,5,0.868,0.0,199
2026-05-23T00:58:04.765,481477,927,0.747,1.113,1.838,50.69,5000,111.52,1,28.0,0.138,2,0.517,0.0,199
2026-05-23T00:58:04.825,481582,932,0.751,1.119,1.856,50.69,5000,111.52,1,28.0,0.138,2,0.517,0.0,199
2026-05-23T00:58:04.950,481687,718,0.579,0.862,1.086,50.69,5000,111.52,1,28.0,0.138,2,0.517,0.0,199
2026-05-23T00:58:05.076,481792,588,0.474,0.706,0.617,50.69,5000,111.52,1,28.0,0.138,2,0.517,0.0,199
2026-05-23T00:58:05.137,481897,779,0.628,0.935,1.305,50.69,5000,111.52,1,28.0,0.138,2,0.517,0.0,199
2026-05-23T00:58:05.262,482002,946,0.762,1.136,1.907,50.69,5000,111.52,1,28.0,0.138,2,0.517,0.0,199
2026-05-23T00:58:05.388,482107,823,0.663,0.988,1.464,50.69,5000,111.52,1,28.0,0.138,2,0.517,0.0,199
2026-05-23T00:58:05.450,482212,603,0.486,0.724,0.671,50.69,5000,111.52,1,28.0,0.138,2,0.517,0.0,199
2026-05-23T00:58:05.574,482317,670,0.54,0.804,0.913,50.69,5000,111.52,1,28.0,0.138,2,0.517,0.0,199
2026-05-23T00:58:05.760,482471,908,0.732,1.09,1.77,50.69,5000,111.52,1,14.41,0.057,0,0.0,0.0,199
2026-05-23T00:58:05.820,482576,604,0.487,0.725,0.675,50.69,5000,111.52,1,14.41,0.057,0,0.0,0.0,199
2026-05-23T00:58:05.945,482680,744,0.6,0.893,1.179,50.69,5000,111.52,1,14.41,0.057,0,0.0,0.0,199
2026-05-23T00:58:06.070,482784,909,0.733,1.091,1.773,50.69,5000,111.52,1,14.41,0.057,0,0.0,0.0,199
2026-05-23T00:58:06.130,482889,884,0.712,1.061,1.683,50.69,5000,111.52,1,14.41,0.057,0,0.0,0.0,199
2026-05-23T00:58:06.255,482994,659,0.531,0.791,0.873,50.69,5000,111.52,1,14.41,0.057,0,0.0,0.0,199
2026-05-23T00:58:06.382,483098,605,0.488,0.726,0.679,50.69,5000,111.52,1,14.41,0.057,0,0.0,0.0,199
2026-05-23T00:58:06.441,483202,727,0.586,0.873,1.118,50.69,5000,111.52,1,14.41,0.057,0,0.0,0.0,199
2026-05-23T00:58:06.566,483306,886,0.714,1.063,1.69,50.69,5000,111.52,1,14.41,0.057,0,0.0,0.0,199
2026-05-23T00:58:06.692,483411,889,0.716,1.067,1.701,50.69,5000,111.52,1,14.41,0.057,0,0.0,0.0,199
2026-05-23T00:58:06.754,483519,567,0.457,0.681,0.542,50.69,5000,111.52,1,2.91,0.011,0,0.0,0.0,199
2026-05-23T00:58:06.878,483623,681,0.549,0.817,0.952,50.69,5000,111.52,1,2.91,0.011,0,0.0,0.0,199
2026-05-23T00:58:07.003,483727,860,0.693,1.032,1.597,50.69,5000,111.52,1,2.91,0.011,0,0.0,0.0,199
2026-05-23T00:58:07.066,483831,933,0.752,1.12,1.86,50.69,5000,111.52,1,2.91,0.011,0,0.0,0.0,199
2026-05-23T00:58:07.189,483935,823,0.663,0.988,1.464,50.69,5000,111.52,1,2.91,0.011,0,0.0,0.0,199
2026-05-23T00:58:07.315,484039,653,0.526,0.784,0.851,50.69,5000,111.52,1,2.91,0.011,0,0.0,0.0,199
2026-05-23T00:58:07.376,484143,613,0.494,0.736,0.707,50.69,5000,111.52,1,2.91,0.011,0,0.0,0.0,199
2026-05-23T00:58:07.502,484247,745,0.6,0.894,1.183,50.69,5000,111.52,1,2.91,0.011,0,0.0,0.0,199
2026-05-23T00:58:07.626,484351,898,0.724,1.078,1.734,50.69,5000,111.52,1,2.91,0.011,0,0.0,0.0,199
2026-05-23T00:58:07.749,484491,933,0.752,1.12,1.86,50.69,5000,111.52,1,0.0,0.0,0,0.0,0.0,199
2026-05-23T00:58:07.875,484595,926,0.746,1.112,1.835,50.69,5000,111.52,1,0.0,0.0,0,0.0,0.0,199
2026-05-23T00:58:07.937,484699,794,0.64,0.953,1.359,50.69,5000,111.52,1,0.0,0.0,0,0.0,0.0,199
2026-05-23T00:58:08.063,484803,622,0.501,0.747,0.74,50.69,5000,111.52,1,0.0,0.0,0,0.0,0.0,199
2026-05-23T00:58:08.125,484907,618,0.498,0.742,0.725,50.69,5000,111.52,1,0.0,0.0,0,0.0,0.0,199
2026-05-23T00:58:08.251,485011,777,0.626,0.933,1.298,50.69,5000,111.52,1,0.0,0.0,0,0.0,0.0,199
2026-05-23T00:58:08.377,485115,915,0.737,1.098,1.795,50.69,5000,111.52,1,0.0,0.0,0,0.0,0.0,199
2026-05-23T00:58:08.498,485219,894,0.72,1.073,1.719,50.69,5000,111.52,1,0.0,0.0,0,0.0,0.0,199
2026-05-23T00:58:08.563,485323,727,0.586,0.873,1.118,50.69,5000,111.52,1,0.0,0.0,0,0.0,0.0,199
2026-05-23T00:58:08.686,485427,600,0.484,0.72,0.661,50.69,5000,111.52,1,0.0,0.0,0,0.0,0.0,199
2026-05-23T00:58:08.748,485528,566,0.456,0.679,0.538,50.69,5000,111.52,1,0.0,0.0,0,0.0,0.0,199
2026-05-23T00:58:08.872,485632,684,0.551,0.821,0.963,50.69,5000,111.52,1,0.0,0.0,0,0.0,0.0,199
2026-05-23T00:58:08.996,485736,858,0.691,1.03,1.59,50.69,5000,111.52,1,0.0,0.0,0,0.0,0.0,199
2026-05-23T00:58:09.061,485840,933,0.752,1.12,1.86,50.69,5000,111.52,1,0.0,0.0,0,0.0,0.0,199
2026-05-23T00:58:09.183,485944,828,0.667,0.994,1.482,50.69,5000,111.52,1,0.0,0.0,0,0.0,0.0,199
2026-05-23T00:58:09.309,486048,641,0.517,0.769,0.808,50.69,5000,111.52,1,0.0,0.0,0,0.0,0.0,199
2026-05-23T00:58:09.370,486152,618,0.498,0.742,0.725,50.69,5000,111.52,1,0.0,0.0,0,0.0,0.0,199
2026-05-23T00:58:09.493,486256,746,0.601,0.895,1.186,50.69,5000,111.52,1,0.0,0.0,0,0.0,0.0,199
2026-05-23T00:58:09.618,486360,907,0.731,1.089,1.766,50.69,5000,111.52,1,0.0,0.0,0,0.0,0.0,199
2026-05-23T00:58:09.743,486510,609,0.491,0.731,0.693,50.69,5000,111.52,1,0.0,0.0,0,0.0,0.0,199
2026-05-23T00:58:09.866,486614,608,0.49,0.73,0.689,50.69,5000,111.52,1,0.0,0.0,0,0.0,0.0,199
2026-05-23T00:58:09.991,486718,749,0.604,0.899,1.197,50.69,5000,111.52,1,0.0,0.0,0,0.0,0.0,199
2026-05-23T00:58:10.053,486822,906,0.73,1.087,1.762,50.69,5000,111.52,1,0.0,0.0,0,0.0,0.0,199
2026-05-23T00:58:10.177,486926,905,0.729,1.086,1.759,50.69,5000,111.52,1,0.0,0.0,0,0.0,0.0,199
2026-05-23T00:58:10.299,487030,749,0.604,0.899,1.197,50.69,5000,111.52,1,0.0,0.0,0,0.0,0.0,199
2026-05-23T00:58:10.362,487134,611,0.492,0.733,0.7,50.69,5000,111.52,1,0.0,0.0,0,0.0,0.0,199
2026-05-23T00:58:10.487,487238,640,0.516,0.768,0.805,50.69,5000,111.52,1,0.0,0.0,0,0.0,0.0,199
2026-05-23T00:58:10.614,487342,809,0.652,0.971,1.413,50.69,5000,111.52,1,0.0,0.0,0,0.0,0.0,199
2026-05-23T00:58:10.675,487446,931,0.75,1.118,1.853,50.69,5000,111.52,1,0.0,0.0,0,0.0,0.0,199
2026-05-23T00:58:10.800,487548,873,0.704,1.048,1.644,50.69,5000,111.52,1,0.0,0.0,0,0.0,0.0,199
2026-05-23T00:58:10.861,487652,795,0.641,0.954,1.363,50.69,5000,111.52,1,0.0,0.0,0,0.0,0.0,199
2026-05-23T00:58:10.985,487756,632,0.509,0.759,0.776,50.69,5000,111.52,1,0.0,0.0,0,0.0,0.0,199
2026-05-23T00:58:11.110,487860,626,0.504,0.751,0.754,50.69,5000,111.52,1,0.0,0.0,0,0.0,0.0,199
2026-05-23T00:58:11.172,487964,777,0.626,0.933,1.298,50.69,5000,111.52,1,0.0,0.0,0,0.0,0.0,199
2026-05-23T00:58:11.296,488068,918,0.74,1.102,1.806,50.69,5000,111.52,1,0.0,0.0,0,0.0,0.0,199
2026-05-23T00:58:11.422,488172,889,0.716,1.067,1.701,50.69,5000,111.52,1,0.0,0.0,0,0.0,0.0,199
2026-05-23T00:58:11.484,488276,729,0.587,0.875,1.125,50.69,5000,111.52,1,0.0,0.0,0,0.0,0.0,199
2026-05-23T00:58:11.611,488380,604,0.487,0.725,0.675,50.69,5000,111.52,1,0.0,0.0,0,0.0,0.0,199
2026-05-23T00:58:11.734,488519,609,0.491,0.731,0.693,50.69,5000,111.52,1,0.0,0.0,0,0.0,0.0,199
2026-05-23T00:58:11.857,488624,635,0.512,0.762,0.787,50.69,5000,111.52,1,0.0,0.0,0,0.0,0.0,199
2026-05-23T00:58:11.981,488728,806,0.65,0.967,1.402,50.69,5000,111.52,1,0.0,0.0,0,0.0,0.0,199
2026-05-23T00:58:12.043,488832,927,0.747,1.113,1.838,50.69,5000,111.52,1,0.0,0.0,0,0.0,0.0,199
2026-05-23T00:58:12.169,488936,873,0.704,1.048,1.644,50.69,5000,111.52,1,0.0,0.0,0,0.0,0.0,199
2026-05-23T00:58:12.294,489040,693,0.558,0.832,0.995,50.69,5000,111.52,1,0.0,0.0,0,0.0,0.0,199
2026-05-23T00:58:12.356,489144,598,0.482,0.718,0.653,50.69,5000,111.52,1,0.0,0.0,0,0.0,0.0,199
2026-05-23T00:58:12.481,489248,694,0.559,0.833,0.999,50.69,5000,111.52,1,0.0,0.0,0,0.0,0.0,199
2026-05-23T00:58:12.605,489352,859,0.692,1.031,1.593,50.69,5000,111.52,1,0.0,0.0,0,0.0,0.0,199
2026-05-23T00:58:12.667,489456,933,0.752,1.12,1.86,50.69,5000,111.52,1,0.0,0.0,0,0.0,0.0,199
2026-05-23T00:58:12.789,489557,873,0.704,1.048,1.644,50.69,5000,111.52,1,0.0,0.0,0,0.0,0.0,199
2026-05-23T00:58:12.912,489661,779,0.628,0.935,1.305,50.69,5000,111.52,1,0.0,0.0,0,0.0,0.0,199
2026-05-23T00:58:12.975,489765,619,0.499,0.743,0.729,50.69,5000,111.52,1,0.0,0.0,0,0.0,0.0,199
2026-05-23T00:58:13.099,489869,625,0.504,0.75,0.751,50.69,5000,111.52,1,0.0,0.0,0,0.0,0.0,199
2026-05-23T00:58:13.222,489973,783,0.631,0.94,1.32,50.69,5000,111.52,1,0.0,0.0,0,0.0,0.0,199
2026-05-23T00:58:13.284,490077,922,0.743,1.107,1.82,50.69,5000,111.52,1,0.0,0.0,0,0.0,0.0,199
2026-05-23T00:58:13.409,490181,884,0.712,1.061,1.683,50.69,5000,111.52,1,0.0,0.0,0,0.0,0.0,199
2026-05-23T00:58:13.533,490285,713,0.575,0.856,1.068,50.69,5000,111.52,1,0.0,0.0,0,0.0,0.0,199
2026-05-23T00:58:13.595,490389,595,0.479,0.714,0.643,50.69,5000,111.52,1,0.0,0.0,0,0.0,0.0,199
2026-05-23T00:58:13.782,490538,891,0.718,1.069,1.708,50.69,5000,111.52,1,0.0,0.0,0,0.0,0.0,199
2026-05-23T00:58:13.843,490643,883,0.712,1.06,1.68,50.69,5000,111.52,1,0.0,0.0,0,0.0,0.0,199
2026-05-23T00:58:13.965,490747,717,0.578,0.861,1.082,50.69,5000,111.52,1,0.0,0.0,0,0.0,0.0,199
2026-05-23T00:58:14.090,490851,599,0.483,0.719,0.657,50.69,5000,111.52,1,0.0,0.0,0,0.0,0.0,199
2026-05-23T00:58:14.151,490955,662,0.533,0.795,0.884,50.69,5000,111.52,1,0.0,0.0,0,0.0,0.0,199
2026-05-23T00:58:14.277,491059,840,0.677,1.008,1.525,50.69,5000,111.52,1,0.0,0.0,0,0.0,0.0,199
2026-05-23T00:58:14.401,491163,933,0.752,1.12,1.86,50.69,5000,111.52,1,0.0,0.0,0,0.0,0.0,199
2026-05-23T00:58:14.525,491267,834,0.672,1.001,1.503,50.69,5000,111.52,1,0.0,0.0,0,0.0,0.0,199
2026-05-23T00:58:14.588,491371,660,0.532,0.792,0.877,50.69,5000,111.52,1,0.0,0.0,0,0.0,0.0,199
2026-05-23T00:58:14.712,491475,598,0.482,0.718,0.653,50.69,5000,111.52,1,0.0,0.0,0,0.0,0.0,199
2026-05-23T00:58:14.776,491576,569,0.459,0.683,0.549,50.69,5000,111.52,1,0.0,0.0,0,0.0,0.0,199
2026-05-23T00:58:14.899,491680,747,0.602,0.897,1.19,50.69,5000,111.52,1,0.0,0.0,0,0.0,0.0,199
2026-05-23T00:58:15.022,491784,922,0.743,1.107,1.82,50.69,5000,111.52,1,0.0,0.0,0,0.0,0.0,199
2026-05-23T00:58:15.084,491888,922,0.743,1.107,1.82,50.69,5000,111.52,1,0.0,0.0,0,0.0,0.0,199
2026-05-23T00:58:15.209,491992,751,0.605,0.901,1.204,50.69,5000,111.52,1,0.0,0.0,0,0.0,0.0,199
2026-05-23T00:58:15.336,492096,602,0.485,0.723,0.668,50.69,5000,111.52,1,0.0,0.0,0,0.0,0.0,199
2026-05-23T00:58:15.396,492200,638,0.514,0.766,0.797,50.69,5000,111.52,1,0.0,0.0,0,0.0,0.0,199
2026-05-23T00:58:15.519,492304,827,0.666,0.993,1.478,50.69,5000,111.52,1,0.0,0.0,0,0.0,0.0,199
2026-05-23T00:58:15.645,492408,934,0.753,1.121,1.863,50.69,5000,111.52,1,0.0,0.0,0,0.0,0.0,199
2026-05-23T00:58:15.769,492558,639,0.515,0.767,0.801,50.69,5000,111.52,1,0.0,0.0,0,0.0,0.0,199
2026-05-23T00:58:15.894,492662,652,0.525,0.783,0.848,50.69,5000,111.52,1,0.0,0.0,0,0.0,0.0,199
2026-05-23T00:58:16.016,492766,825,0.665,0.99,1.471,50.69,5000,111.52,1,0.0,0.0,0,0.0,0.0,199
2026-05-23T00:58:16.078,492870,938,0.756,1.126,1.878,50.69,5000,111.52,1,0.0,0.0,0,0.0,0.0,199
2026-05-23T00:58:16.204,492974,858,0.691,1.03,1.59,50.69,5000,111.52,1,0.0,0.0,0,0.0,0.0,199
2026-05-23T00:58:16.328,493078,681,0.549,0.817,0.952,50.69,5000,111.52,1,0.0,0.0,0,0.0,0.0,199
2026-05-23T00:58:16.391,493182,598,0.482,0.718,0.653,50.69,5000,111.52,1,0.0,0.0,0,0.0,0.0,199
2026-05-23T00:58:16.516,493286,702,0.566,0.843,1.028,50.69,5000,111.52,1,0.0,0.0,0,0.0,0.0,199
2026-05-23T00:58:16.640,493390,867,0.699,1.041,1.622,50.69,5000,111.52,1,0.0,0.0,0,0.0,0.0,199
2026-05-23T00:58:16.703,493494,927,0.747,1.113,1.838,50.69,5000,111.52,1,0.0,0.0,0,0.0,0.0,199
2026-05-23T00:58:16.827,493595,856,0.69,1.027,1.582,50.69,5000,111.52,1,0.0,0.0,0,0.0,0.0,199
2026-05-23T00:58:16.890,493699,760,0.612,0.912,1.237,50.69,5000,111.52,1,0.0,0.0,0,0.0,0.0,199
2026-05-23T00:58:17.015,493803,617,0.497,0.741,0.722,50.69,5000,111.52,1,0.0,0.0,0,0.0,0.0,199
2026-05-23T00:58:17.139,493907,634,0.511,0.761,0.783,50.69,5000,111.52,1,0.0,0.0,0,0.0,0.0,199
2026-05-23T00:58:17.201,494011,800,0.645,0.96,1.381,50.69,5000,111.52,1,0.0,0.0,0,0.0,0.0,199
2026-05-23T00:58:17.327,494115,925,0.745,1.11,1.831,50.69,5000,111.52,1,0.0,0.0,0,0.0,0.0,199
2026-05-23T00:58:17.452,494219,880,0.709,1.056,1.669,50.69,5000,111.52,1,0.0,0.0,0,0.0,0.0,199
2026-05-23T00:58:17.514,494323,700,0.564,0.84,1.021,50.69,5000,111.52,1,0.0,0.0,0,0.0,0.0,199
2026-05-23T00:58:17.640,494427,596,0.48,0.715,0.646,50.69,5000,111.52,1,0.0,0.0,0,0.0,0.0,199
2026-05-23T00:58:17.763,494577,885,0.713,1.062,1.687,50.69,5000,111.52,1,0.0,0.0,0,0.0,0.0,199
2026-05-23T00:58:17.889,494682,831,0.67,0.997,1.492,50.69,5000,111.52,1,0.0,0.0,0,0.0,0.0,199
2026-05-23T00:58:18.013,494786,658,0.53,0.79,0.869,50.69,5000,111.52,1,0.0,0.0,0,0.0,0.0,199
2026-05-23T00:58:18.074,494890,601,0.484,0.721,0.664,50.69,5000,111.52,1,0.0,0.0,0,0.0,0.0,199
2026-05-23T00:58:18.198,494994,725,0.584,0.87,1.111,50.69,5000,111.52,1,0.0,0.0,0,0.0,0.0,199
2026-05-23T00:58:18.324,495098,889,0.716,1.067,1.701,50.69,5000,111.52,1,0.0,0.0,0,0.0,0.0,199
2026-05-23T00:58:18.387,495202,918,0.74,1.102,1.806,50.69,5000,111.52,1,0.0,0.0,0,0.0,0.0,199
2026-05-23T00:58:18.511,495306,776,0.625,0.931,1.294,50.69,5000,111.52,1,0.0,0.0,0,0.0,0.0,199
2026-05-23T00:58:18.637,495410,622,0.501,0.747,0.74,50.69,5000,111.52,1,0.0,0.0,0,0.0,0.0,199
2026-05-23T00:58:18.698,495514,636,0.513,0.763,0.79,50.69,5000,111.52,1,0.0,0.0,0,0.0,0.0,199
2026-05-23T00:58:18.823,495615,630,0.508,0.756,0.769,50.69,5000,111.52,1,0.0,0.0,0,0.0,0.0,199
2026-05-23T00:58:18.947,495719,926,0.746,1.112,1.835,50.69,5000,111.52,1,0.0,0.0,0,0.0,0.0,199
2026-05-23T00:58:19.009,495823,1133,0.913,1.36,2.58,50.69,5000,111.52,1,0.0,0.0,0,0.0,0.0,199
2026-05-23T00:58:19.133,495927,862,0.695,1.035,1.604,50.69,5000,111.52,1,0.0,0.0,0,0.0,0.0,199
2026-05-23T00:58:19.258,496031,619,0.499,0.743,0.729,50.69,5000,111.52,1,0.0,0.0,0,0.0,0.0,199
2026-05-23T00:58:19.320,496135,429,0.346,0.515,0.045,50.69,5000,111.52,1,0.0,0.0,0,0.0,0.0,199
2026-05-23T00:58:19.444,496239,784,0.632,0.941,1.323,50.69,5000,111.52,1,0.0,0.0,0,0.0,0.0,199
2026-05-23T00:58:19.568,496343,971,0.782,1.166,1.997,50.69,5000,111.52,1,0.0,0.0,0,0.0,0.0,199
2026-05-23T00:58:19.629,496447,1097,0.884,1.317,2.45,50.69,5000,111.52,1,0.0,0.0,0,0.0,0.0,199
2026-05-23T00:58:19.817,496596,749,0.604,0.899,1.197,50.69,5000,111.52,1,0.0,0.0,0,0.0,0.0,199
2026-05-23T00:58:19.877,496701,784,0.632,0.941,1.323,50.69,5000,111.52,1,0.0,0.0,0,0.0,0.0,199
2026-05-23T00:58:20.000,496805,968,0.78,1.162,1.986,50.69,5000,111.52,1,0.0,0.0,0,0.0,0.0,199
2026-05-23T00:58:20.124,496909,1089,0.878,1.307,2.421,50.69,5000,111.52,1,0.0,0.0,0,0.0,0.0,199
2026-05-23T00:58:20.250,497013,732,0.59,0.879,1.136,50.69,5000,111.52,1,0.0,0.0,0,0.0,0.0,199
2026-05-23T00:58:20.312,497117,560,0.451,0.672,0.517,50.69,5000,111.52,1,0.0,0.0,0,0.0,0.0,199
2026-05-23T00:58:20.436,497221,556,0.448,0.667,0.502,50.69,5000,111.52,1,0.0,0.0,0,0.0,0.0,199
2026-05-23T00:58:20.560,497325,870,0.701,1.044,1.633,50.69,5000,111.52,1,0.0,0.0,0,0.0,0.0,199
2026-05-23T00:58:20.622,497429,1057,0.852,1.269,2.306,50.69,5000,111.52,1,0.0,0.0,0,0.0,0.0,199
2026-05-23T00:58:20.745,497533,959,0.773,1.151,1.953,50.69,5000,111.52,1,0.0,0.0,0,0.0,0.0,199
2026-05-23T00:58:20.807,497634,852,0.687,1.023,1.568,50.69,5000,111.52,1,0.0,0.0,0,0.0,0.0,199
2026-05-23T00:58:20.932,497738,628,0.506,0.754,0.761,50.69,5000,111.52,1,0.0,0.0,0,0.0,0.0,199
2026-05-23T00:58:21.058,497842,432,0.348,0.519,0.056,50.69,5000,111.52,1,0.0,0.0,0,0.0,0.0,199
2026-05-23T00:58:21.120,497946,734,0.592,0.881,1.143,50.69,5000,111.52,1,0.0,0.0,0,0.0,0.0,199
2026-05-23T00:58:21.245,498050,951,0.766,1.142,1.925,50.69,5000,111.52,1,0.0,0.0,0,0.0,0.0,199
2026-05-23T00:58:21.370,498154,1128,0.909,1.354,2.562,50.69,5000,111.52,1,0.0,0.0,0,0.0,0.0,199
2026-05-23T00:58:21.432,498258,768,0.619,0.922,1.266,50.69,5000,111.52,1,0.0,0.0,0,0.0,0.0,199
2026-05-23T00:58:21.557,498362,518,0.417,0.622,0.365,50.69,5000,111.52,1,0.0,0.0,0,0.0,0.0,199
2026-05-23T00:58:21.681,498466,618,0.498,0.742,0.725,50.69,5000,111.52,1,0.0,0.0,0,0.0,0.0,199
2026-05-23T00:58:21.805,498616,652,0.525,0.783,0.848,50.69,5000,111.52,1,0.0,0.0,0,0.0,0.0,199
2026-05-23T00:58:21.930,498720,627,0.505,0.753,0.758,50.69,5000,111.52,1,0.0,0.0,0,0.0,0.0,199
2026-05-23T00:58:22.057,498824,512,0.413,0.615,0.344,50.69,5000,111.52,1,0.0,0.0,0,0.0,0.0,199
2026-05-23T00:58:22.118,498928,593,0.478,0.712,0.635,50.69,5000,111.52,1,0.0,0.0,0,0.0,0.0,199
2026-05-23T00:58:22.242,499032,749,0.604,0.899,1.197,50.69,5000,111.52,1,0.0,0.0,0,0.0,0.0,199
2026-05-23T00:58:22.366,499136,923,0.744,1.108,1.824,50.69,5000,111.52,1,0.0,0.0,0,0.0,0.0,199
2026-05-23T00:58:22.428,499240,926,0.746,1.112,1.835,50.69,5000,111.52,1,0.0,0.0,0,0.0,0.0,199
2026-05-23T00:58:22.551,499344,744,0.6,0.893,1.179,50.69,5000,111.52,1,0.0,0.0,0,0.0,0.0,199
2026-05-23T00:58:22.674,499448,591,0.476,0.709,0.628,50.69,5000,111.52,1,0.0,0.0,0,0.0,0.0,199
2026-05-23T00:58:22.735,499552,632,0.509,0.759,0.776,50.69,5000,111.52,1,0.0,0.0,0,0.0,0.0,199
2026-05-23T00:58:22.860,499653,618,0.498,0.742,0.725,50.69,5000,111.52,1,0.0,0.0,0,0.0,0.0,199
2026-05-23T00:58:22.983,499757,862,0.695,1.035,1.604,50.69,5000,111.52,1,0.0,0.0,0,0.0,0.0,199
2026-05-23T00:58:23.044,499861,962,0.775,1.155,1.964,50.69,5000,111.52,1,0.0,0.0,0,0.0,0.0,199
2026-05-23T00:58:23.168,499965,850,0.685,1.02,1.561,50.69,5000,111.52,1,0.0,0.0,0,0.0,0.0,199
2026-05-23T00:58:23.293,500069,639,0.515,0.767,0.801,50.69,5000,111.52,1,0.0,0.0,0,0.0,0.0,199
2026-05-23T00:58:23.355,500173,588,0.474,0.706,0.617,50.69,5000,111.52,1,0.0,0.0,0,0.0,0.0,199
2026-05-23T00:58:23.481,500277,732,0.59,0.879,1.136,50.69,5000,111.52,1,0.0,0.0,0,0.0,0.0,199
2026-05-23T00:58:23.606,500381,920,0.741,1.104,1.813,50.69,5000,111.52,1,0.0,0.0,0,0.0,0.0,199
2026-05-23T00:58:23.668,500485,944,0.761,1.133,1.899,50.69,5000,111.52,1,0.0,0.0,0,0.0,0.0,199
2026-05-23T00:58:24.042,500840,712,0.574,0.855,1.064,50.69,5000,111.52,0,0.0,0.0,0,0.0,0.0,200
2026-05-23T00:58:24.164,500944,937,0.755,1.125,1.874,50.69,5000,111.52,0,0.0,0.0,0,0.0,0.0,200
2026-05-23T00:58:24.225,501048,924,0.745,1.109,1.827,50.69,5000,111.52,0,0.0,0.0,0,0.0,0.0,200
2026-05-23T00:58:24.350,501152,731,0.589,0.877,1.132,50.69,5000,111.52,0,0.0,0.0,0,0.0,0.0,200
2026-05-23T00:58:24.476,501256,581,0.468,0.697,0.592,50.69,5000,111.52,0,0.0,0.0,0,0.0,0.0,200
2026-05-23T00:58:24.536,501360,633,0.51,0.76,0.779,50.69,5000,111.52,0,0.0,0.0,0,0.0,0.0,200
2026-05-23T00:58:24.662,501464,849,0.684,1.019,1.557,50.69,5000,111.52,0,0.0,0.0,0,0.0,0.0,200
2026-05-23T00:58:24.785,501568,963,0.776,1.156,1.968,50.69,5000,111.52,0,0.0,0.0,0,0.0,0.0,200
2026-05-23T00:58:25.036,501846,768,0.619,0.922,1.266,50.69,5000,111.52,0,0.0,0.0,0,0.0,0.0,201
2026-05-23T00:58:25.160,501950,961,0.774,1.154,1.961,50.69,5000,111.52,0,0.0,0.0,0,0.0,0.0,201
2026-05-23T00:58:25.222,502054,851,0.686,1.021,1.564,50.69,5000,111.52,0,0.0,0.0,0,0.0,0.0,201
2026-05-23T00:58:25.346,502158,649,0.523,0.779,0.837,50.69,5000,111.52,0,0.0,0.0,0,0.0,0.0,201
2026-05-23T00:58:25.473,502262,591,0.476,0.709,0.628,50.69,5000,111.52,0,0.0,0.0,0,0.0,0.0,201
2026-05-23T00:58:25.534,502366,737,0.594,0.885,1.154,50.69,5000,111.52,0,0.0,0.0,0,0.0,0.0,201
2026-05-23T00:58:25.659,502470,924,0.745,1.109,1.827,50.69,5000,111.52,0,0.0,0.0,0,0.0,0.0,201
2026-05-23T00:58:25.784,502574,940,0.758,1.128,1.885,50.69,5000,111.52,0,0.0,0.0,0,0.0,0.0,201
2026-05-23T00:58:26.034,502852,849,0.684,1.019,1.557,50.69,5000,111.52,0,0.0,0.0,0,0.0,0.0,202
2026-05-23T00:58:26.160,502956,929,0.749,1.115,1.845,50.69,5000,111.52,0,0.0,0.0,0,0.0,0.0,202
2026-05-23T00:58:26.220,503060,745,0.6,0.894,1.183,50.69,5000,111.52,0,0.0,0.0,0,0.0,0.0,202
2026-05-23T00:58:26.344,503164,594,0.479,0.713,0.639,50.69,5000,111.52,0,0.0,0.0,0,0.0,0.0,202
2026-05-23T00:58:26.469,503268,632,0.509,0.759,0.776,50.69,5000,111.52,0,0.0,0.0,0,0.0,0.0,202
2026-05-23T00:58:26.530,503372,831,0.67,0.997,1.492,50.69,5000,111.52,0,0.0,0.0,0,0.0,0.0,202
2026-05-23T00:58:26.656,503476,960,0.774,1.152,1.957,50.69,5000,111.52,0,0.0,0.0,0,0.0,0.0,202
2026-05-23T00:58:26.779,503580,885,0.713,1.062,1.687,50.69,5000,111.52,0,0.0,0.0,0,0.0,0.0,202
2026-05-23T00:58:27.028,503858,906,0.73,1.087,1.762,50.69,5000,111.52,0,0.0,0.0,0,0.0,0.0,203
2026-05-23T00:58:27.152,503962,866,0.698,1.039,1.618,50.69,5000,111.52,0,0.0,0.0,0,0.0,0.0,203
2026-05-23T00:58:27.279,504066,661,0.533,0.793,0.88,50.69,5000,111.52,0,0.0,0.0,0,0.0,0.0,203
2026-05-23T00:58:27.342,504170,586,0.472,0.703,0.61,50.69,5000,111.52,0,0.0,0.0,0,0.0,0.0,203
2026-05-23T00:58:27.466,504274,716,0.577,0.859,1.078,50.69,5000,111.52,0,0.0,0.0,0,0.0,0.0,203
2026-05-23T00:58:27.530,504378,913,0.736,1.096,1.788,50.69,5000,111.52,0,0.0,0.0,0,0.0,0.0,203
2026-05-23T00:58:27.653,504482,952,0.767,1.143,1.928,50.69,5000,111.52,0,0.0,0.0,0,0.0,0.0,203
2026-05-23T00:58:27.776,504586,795,0.641,0.954,1.363,50.69,5000,111.52,0,0.0,0.0,0,0.0,0.0,203
2026-05-23T00:58:28.024,504864,915,0.737,1.098,1.795,50.69,5000,111.52,0,0.0,0.0,0,0.0,0.0,204
2026-05-23T00:58:28.148,504968,764,0.616,0.917,1.251,50.69,5000,111.52,0,0.0,0.0,0,0.0,0.0,204
2026-05-23T00:58:28.275,505072,599,0.483,0.719,0.657,50.69,5000,111.52,0,0.0,0.0,0,0.0,0.0,204
2026-05-23T00:58:28.336,505176,626,0.504,0.751,0.754,50.69,5000,111.52,0,0.0,0.0,0,0.0,0.0,204
2026-05-23T00:58:28.460,505280,812,0.654,0.975,1.424,50.69,5000,111.52,0,0.0,0.0,0,0.0,0.0,204
2026-05-23T00:58:28.584,505384,954,0.769,1.145,1.935,50.69,5000,111.52,0,0.0,0.0,0,0.0,0.0,204
2026-05-23T00:58:28.647,505488,888,0.716,1.066,1.698,50.69,5000,111.52,0,0.0,0.0,0,0.0,0.0,204
2026-05-23T00:58:28.773,505592,689,0.555,0.827,0.981,50.69,5000,111.52,0,0.0,0.0,0,0.0,0.0,204
2026-05-23T00:58:29.021,505870,880,0.709,1.056,1.669,50.69,5000,111.52,0,0.0,0.0,0,0.0,0.0,205
2026-05-23T00:58:29.144,505974,676,0.545,0.811,0.934,50.69,5000,111.52,0,0.0,0.0,0,0.0,0.0,205
2026-05-23T00:58:29.270,506078,580,0.467,0.696,0.589,50.69,5000,111.52,0,0.0,0.0,0,0.0,0.0,205
2026-05-23T00:58:29.331,506182,694,0.559,0.833,0.999,50.69,5000,111.52,0,0.0,0.0,0,0.0,0.0,205
2026-05-23T00:58:29.457,506286,896,0.722,1.075,1.726,50.69,5000,111.52,0,0.0,0.0,0,0.0,0.0,205
2026-05-23T00:58:29.580,506390,954,0.769,1.145,1.935,50.69,5000,111.52,0,0.0,0.0,0,0.0,0.0,205
2026-05-23T00:58:29.642,506494,812,0.654,0.975,1.424,50.69,5000,111.52,0,0.0,0.0,0,0.0,0.0,205
2026-05-23T00:58:29.768,506598,621,0.5,0.745,0.736,50.69,5000,111.52,0,0.0,0.0,0,0.0,0.0,205
2026-05-23T00:58:30.016,506876,820,0.661,0.984,1.453,50.69,5000,111.52,0,0.0,0.0,0,0.0,0.0,206
2026-05-23T00:58:30.142,506980,605,0.488,0.726,0.679,50.69,5000,111.52,0,0.0,0.0,0,0.0,0.0,206
2026-05-23T00:58:30.266,507084,613,0.494,0.736,0.707,50.69,5000,111.52,0,0.0,0.0,0,0.0,0.0,206
2026-05-23T00:58:30.389,507188,795,0.641,0.954,1.363,50.69,5000,111.52,0,0.0,0.0,0,0.0,0.0,206
2026-05-23T00:58:30.450,507292,955,0.77,1.146,1.939,50.69,5000,111.52,0,0.0,0.0,0,0.0,0.0,206
2026-05-23T00:58:30.573,507396,917,0.739,1.101,1.802,50.69,5000,111.52,0,0.0,0.0,0,0.0,0.0,206
2026-05-23T00:58:30.699,507500,706,0.569,0.847,1.042,50.69,5000,111.52,0,0.0,0.0,0,0.0,0.0,206
2026-05-23T00:58:30.760,507604,582,0.469,0.699,0.596,50.69,5000,111.52,0,0.0,0.0,0,0.0,0.0,206
2026-05-23T00:58:31.073,507882,735,0.592,0.882,1.147,50.69,5000,111.52,0,0.0,0.0,0,0.0,0.0,207
2026-05-23T00:58:31.132,507986,583,0.47,0.7,0.599,50.69,5000,111.52,0,0.0,0.0,0,0.0,0.0,207
2026-05-23T00:58:31.257,508090,681,0.549,0.817,0.952,50.69,5000,111.52,0,0.0,0.0,0,0.0,0.0,207
2026-05-23T00:58:31.380,508194,875,0.705,1.05,1.651,50.69,5000,111.52,0,0.0,0.0,0,0.0,0.0,207
2026-05-23T00:58:31.442,508298,951,0.766,1.142,1.925,50.69,5000,111.52,0,0.0,0.0,0,0.0,0.0,207
2026-05-23T00:58:31.567,508402,828,0.667,0.994,1.482,50.69,5000,111.52,0,0.0,0.0,0,0.0,0.0,207
2026-05-23T00:58:31.692,508506,628,0.506,0.754,0.761,50.69,5000,111.52,0,0.0,0.0,0,0.0,0.0,207
2026-05-23T00:58:31.753,508610,605,0.488,0.726,0.679,50.69,5000,111.52,0,0.0,0.0,0,0.0,0.0,207
2026-05-23T00:58:32.065,508888,660,0.532,0.792,0.877,50.69,5000,111.52,0,0.0,0.0,0,0.0,0.0,208
2026-05-23T00:58:32.128,508992,611,0.492,0.733,0.7,50.69,5000,111.52,0,0.0,0.0,0,0.0,0.0,208
2026-05-23T00:58:32.252,509096,771,0.621,0.925,1.276,50.69,5000,111.52,0,0.0,0.0,0,0.0,0.0,208
2026-05-23T00:58:32.376,509200,941,0.758,1.13,1.889,50.69,5000,111.52,0,0.0,0.0,0,0.0,0.0,208
2026-05-23T00:58:32.437,509304,914,0.737,1.097,1.791,50.69,5000,111.52,0,0.0,0.0,0,0.0,0.0,208
2026-05-23T00:58:32.562,509408,734,0.592,0.881,1.143,50.69,5000,111.52,0,0.0,0.0,0,0.0,0.0,208
2026-05-23T00:58:32.687,509512,588,0.474,0.706,0.617,50.69,5000,111.52,0,0.0,0.0,0,0.0,0.0,208
2026-05-23T00:58:32.749,509616,648,0.522,0.778,0.833,50.69,5000,111.52,0,0.0,0.0,0,0.0,0.0,208
2026-05-23T00:58:33.060,509894,597,0.481,0.717,0.65,50.69,5000,111.52,0,0.0,0.0,0,0.0,0.0,209
2026-05-23T00:58:33.185,509998,654,0.527,0.785,0.855,50.69,5000,111.52,0,0.0,0.0,0,0.0,0.0,209
2026-05-23T00:58:33.249,510102,856,0.69,1.027,1.582,50.69,5000,111.52,0,0.0,0.0,0,0.0,0.0,209
2026-05-23T00:58:33.373,510206,951,0.766,1.142,1.925,50.69,5000,111.52,0,0.0,0.0,0,0.0,0.0,209
2026-05-23T00:58:33.497,510310,844,0.68,1.013,1.539,50.69,5000,111.52,0,0.0,0.0,0,0.0,0.0,209
2026-05-23T00:58:33.560,510414,639,0.515,0.767,0.801,50.69,5000,111.52,0,0.0,0.0,0,0.0,0.0,209
2026-05-23T00:58:33.686,510518,596,0.48,0.715,0.646,50.69,5000,111.52,0,0.0,0.0,0,0.0,0.0,209
2026-05-23T00:58:33.810,510622,727,0.586,0.873,1.118,50.69,5000,111.52,0,0.0,0.0,0,0.0,0.0,209
2026-05-23T00:58:34.059,510900,589,0.475,0.707,0.621,50.69,5000,111.52,0,0.0,0.0,0,0.0,0.0,210
2026-05-23T00:58:34.184,511004,738,0.595,0.886,1.158,50.69,5000,111.52,0,0.0,0.0,0,0.0,0.0,210
2026-05-23T00:58:34.246,511108,922,0.743,1.107,1.82,50.69,5000,111.52,0,0.0,0.0,0,0.0,0.0,210
2026-05-23T00:58:34.370,511212,941,0.758,1.13,1.889,50.69,5000,111.52,0,0.0,0.0,0,0.0,0.0,210
2026-05-23T00:58:34.496,511316,768,0.619,0.922,1.266,50.69,5000,111.52,0,0.0,0.0,0,0.0,0.0,210
2026-05-23T00:58:34.559,511420,588,0.474,0.706,0.617,50.69,5000,111.52,0,0.0,0.0,0,0.0,0.0,210
2026-05-23T00:58:34.684,511524,606,0.488,0.727,0.682,50.69,5000,111.52,0,0.0,0.0,0,0.0,0.0,210
2026-05-23T00:58:34.809,511628,805,0.649,0.966,1.399,50.69,5000,111.52,0,0.0,0.0,0,0.0,0.0,210
2026-05-23T00:58:35.057,511906,585,0.471,0.702,0.607,50.69,5000,111.52,0,0.0,0.0,0,0.0,0.0,211
2026-05-23T00:58:35.181,512010,818,0.659,0.982,1.446,50.69,5000,111.52,0,0.0,0.0,0,0.0,0.0,211
2026-05-23T00:58:35.245,512114,966,0.778,1.16,1.979,50.69,5000,111.52,0,0.0,0.0,0,0.0,0.0,211
2026-05-23T00:58:35.367,512218,896,0.722,1.075,1.726,50.69,5000,111.52,0,0.0,0.0,0,0.0,0.0,211
2026-05-23T00:58:35.492,512322,676,0.545,0.811,0.934,50.69,5000,111.52,0,0.0,0.0,0,0.0,0.0,211
2026-05-23T00:58:35.554,512426,571,0.46,0.685,0.556,50.69,5000,111.52,0,0.0,0.0,0,0.0,0.0,211
2026-05-23T00:58:35.681,512530,682,0.55,0.819,0.956,50.69,5000,111.52,0,0.0,0.0,0,0.0,0.0,211
2026-05-23T00:58:35.804,512634,893,0.72,1.072,1.716,50.69,5000,111.52,0,0.0,0.0,0,0.0,0.0,211
2026-05-23T00:58:36.053,512912,631,0.508,0.757,0.772,50.69,5000,111.52,0,0.0,0.0,0,0.0,0.0,212
2026-05-23T00:58:36.176,513016,897,0.723,1.077,1.73,50.69,5000,111.52,0,0.0,0.0,0,0.0,0.0,212
2026-05-23T00:58:36.239,513120,961,0.774,1.154,1.961,50.69,5000,111.52,0,0.0,0.0,0,0.0,0.0,212
2026-05-23T00:58:36.363,513224,801,0.645,0.961,1.384,50.69,5000,111.52,0,0.0,0.0,0,0.0,0.0,212
2026-05-23T00:58:36.489,513328,612,0.493,0.735,0.704,50.69,5000,111.52,0,0.0,0.0,0,0.0,0.0,212
2026-05-23T00:58:36.550,513432,617,0.497,0.741,0.722,50.69,5000,111.52,0,0.0,0.0,0,0.0,0.0,212
2026-05-23T00:58:36.674,513536,793,0.639,0.952,1.356,50.69,5000,111.52,0,0.0,0.0,0,0.0,0.0,212
2026-05-23T00:58:36.799,513640,940,0.758,1.128,1.885,50.69,5000,111.52,0,0.0,0.0,0,0.0,0.0,212
2026-05-23T00:58:37.046,513918,722,0.582,0.867,1.1,50.69,5000,111.52,0,0.0,0.0,0,0.0,0.0,213
2026-05-23T00:58:37.170,514022,943,0.76,1.132,1.896,50.69,5000,111.52,0,0.0,0.0,0,0.0,0.0,213
2026-05-23T00:58:37.296,514126,896,0.722,1.075,1.726,50.69,5000,111.52,0,0.0,0.0,0,0.0,0.0,213
2026-05-23T00:58:37.358,514230,695,0.56,0.834,1.003,50.69,5000,111.52,0,0.0,0.0,0,0.0,0.0,213
2026-05-23T00:58:37.483,514334,595,0.479,0.714,0.643,50.69,5000,111.52,0,0.0,0.0,0,0.0,0.0,213
2026-05-23T00:58:37.607,514438,683,0.55,0.82,0.959,50.69,5000,111.52,0,0.0,0.0,0,0.0,0.0,213
2026-05-23T00:58:37.668,514542,883,0.712,1.06,1.68,50.69,5000,111.52,0,0.0,0.0,0,0.0,0.0,213
2026-05-23T00:58:37.793,514646,944,0.761,1.133,1.899,50.69,5000,111.52,0,0.0,0.0,0,0.0,0.0,213
2026-05-23T00:58:38.041,514924,813,0.655,0.976,1.428,50.69,5000,111.52,0,0.0,0.0,0,0.0,0.0,214
2026-05-23T00:58:38.166,515028,941,0.758,1.13,1.889,50.69,5000,111.52,0,0.0,0.0,0,0.0,0.0,214
2026-05-23T00:58:38.290,515132,820,0.661,0.984,1.453,50.69,5000,111.52,0,0.0,0.0,0,0.0,0.0,214
2026-05-23T00:58:38.353,515236,627,0.505,0.753,0.758,50.69,5000,111.52,0,0.0,0.0,0,0.0,0.0,214
2026-05-23T00:58:38.478,515340,615,0.496,0.738,0.715,50.69,5000,111.52,0,0.0,0.0,0,0.0,0.0,214
2026-05-23T00:58:38.602,515444,766,0.617,0.919,1.258,50.69,5000,111.52,0,0.0,0.0,0,0.0,0.0,214
2026-05-23T00:58:38.664,515548,928,0.748,1.114,1.842,50.69,5000,111.52,0,0.0,0.0,0,0.0,0.0,214
2026-05-23T00:58:38.790,515652,905,0.729,1.086,1.759,50.69,5000,111.52,0,0.0,0.0,0,0.0,0.0,214
2026-05-23T00:58:39.102,515930,861,0.694,1.033,1.6,50.69,5000,111.52,0,0.0,0.0,0,0.0,0.0,215
2026-05-23T00:58:39.163,516034,893,0.72,1.072,1.716,50.69,5000,111.52,0,0.0,0.0,0,0.0,0.0,215
2026-05-23T00:58:39.288,516138,718,0.579,0.862,1.086,50.69,5000,111.52,0,0.0,0.0,0,0.0,0.0,215
2026-05-23T00:58:39.351,516242,598,0.482,0.718,0.653,50.69,5000,111.52,0,0.0,0.0,0,0.0,0.0,215
2026-05-23T00:58:39.475,516346,654,0.527,0.785,0.855,50.69,5000,111.52,0,0.0,0.0,0,0.0,0.0,215
2026-05-23T00:58:39.599,516450,847,0.683,1.017,1.55,50.69,5000,111.52,0,0.0,0.0,0,0.0,0.0,215
2026-05-23T00:58:39.661,516554,941,0.758,1.13,1.889,50.69,5000,111.52,0,0.0,0.0,0,0.0,0.0,215
2026-05-23T00:58:39.788,516658,854,0.688,1.025,1.575,50.69,5000,111.52,0,0.0,0.0,0,0.0,0.0,215
2026-05-23T00:58:40.100,516936,885,0.713,1.062,1.687,50.69,5000,111.52,0,0.0,0.0,0,0.0,0.0,216
2026-05-23T00:58:40.161,517040,838,0.675,1.006,1.518,50.69,5000,111.52,0,0.0,0.0,0,0.0,0.0,216
2026-05-23T00:58:40.286,517144,648,0.522,0.778,0.833,50.69,5000,111.52,0,0.0,0.0,0,0.0,0.0,216
2026-05-23T00:58:40.411,517248,605,0.488,0.726,0.679,50.69,5000,111.52,0,0.0,0.0,0,0.0,0.0,216
2026-05-23T00:58:40.473,517352,730,0.588,0.876,1.129,50.69,5000,111.52,0,0.0,0.0,0,0.0,0.0,216
2026-05-23T00:58:40.598,517456,916,0.738,1.1,1.799,50.69,5000,111.52,0,0.0,0.0,0,0.0,0.0,216
2026-05-23T00:58:40.721,517560,917,0.739,1.101,1.802,50.69,5000,111.52,0,0.0,0.0,0,0.0,0.0,216
2026-05-23T00:58:40.782,517664,769,0.62,0.923,1.269,50.69,5000,111.52,0,0.0,0.0,0,0.0,0.0,216
2026-05-23T00:58:41.093,517942,884,0.712,1.061,1.683,50.69,5000,111.52,0,0.0,0.0,0,0.0,0.0,217
2026-05-23T00:58:41.155,518046,749,0.604,0.899,1.197,50.69,5000,111.52,0,0.0,0.0,0,0.0,0.0,217
2026-05-23T00:58:41.282,518150,612,0.493,0.735,0.704,50.69,5000,111.52,0,0.0,0.0,0,0.0,0.0,217
2026-05-23T00:58:41.405,518254,650,0.524,0.78,0.841,50.69,5000,111.52,0,0.0,0.0,0,0.0,0.0,217
2026-05-23T00:58:41.468,518358,816,0.658,0.979,1.438,50.69,5000,111.52,0,0.0,0.0,0,0.0,0.0,217
2026-05-23T00:58:41.592,518462,932,0.751,1.119,1.856,50.69,5000,111.52,0,0.0,0.0,0,0.0,0.0,217
2026-05-23T00:58:41.719,518566,875,0.705,1.05,1.651,50.69,5000,111.52,0,0.0,0.0,0,0.0,0.0,217
2026-05-23T00:58:41.781,518670,683,0.55,0.82,0.959,50.69,5000,111.52,0,0.0,0.0,0,0.0,0.0,217
2026-05-23T00:58:42.094,518948,860,0.693,1.032,1.597,50.69,5000,111.52,0,0.0,0.0,0,0.0,0.0,218
2026-05-23T00:58:42.155,519052,666,0.537,0.799,0.898,50.69,5000,111.52,0,0.0,0.0,0,0.0,0.0,218
2026-05-23T00:58:42.281,519156,604,0.487,0.725,0.675,50.69,5000,111.52,0,0.0,0.0,0,0.0,0.0,218
2026-05-23T00:58:42.404,519260,697,0.562,0.837,1.01,50.69,5000,111.52,0,0.0,0.0,0,0.0,0.0,218
2026-05-23T00:58:42.468,519364,885,0.713,1.062,1.687,50.69,5000,111.52,0,0.0,0.0,0,0.0,0.0,218
2026-05-23T00:58:42.592,519468,929,0.749,1.115,1.845,50.69,5000,111.52,0,0.0,0.0,0,0.0,0.0,218
2026-05-23T00:58:42.717,519572,809,0.652,0.971,1.413,50.69,5000,111.52,0,0.0,0.0,0,0.0,0.0,218
2026-05-23T00:58:42.779,519676,620,0.5,0.744,0.733,50.69,5000,111.52,0,0.0,0.0,0,0.0,0.0,218
2026-05-23T00:58:43.094,519954,813,0.655,0.976,1.428,50.69,5000,111.52,0,0.0,0.0,0,0.0,0.0,219
2026-05-23T00:58:43.154,520058,619,0.499,0.743,0.729,50.69,5000,111.52,0,0.0,0.0,0,0.0,0.0,219
2026-05-23T00:58:43.278,520162,626,0.504,0.751,0.754,50.69,5000,111.52,0,0.0,0.0,0,0.0,0.0,219
2026-05-23T00:58:43.401,520266,785,0.633,0.942,1.327,50.69,5000,111.52,0,0.0,0.0,0,0.0,0.0,219
2026-05-23T00:58:43.463,520370,925,0.745,1.11,1.831,50.69,5000,111.52,0,0.0,0.0,0,0.0,0.0,219
2026-05-23T00:58:43.587,520474,895,0.721,1.074,1.723,50.69,5000,111.52,0,0.0,0.0,0,0.0,0.0,219
2026-05-23T00:58:43.709,520578,729,0.587,0.875,1.125,50.69,5000,111.52,0,0.0,0.0,0,0.0,0.0,219
2026-05-23T00:58:43.833,520682,611,0.492,0.733,0.7,50.69,5000,111.52,0,0.0,0.0,0,0.0,0.0,219
2026-05-23T00:58:44.082,520960,741,0.597,0.889,1.168,50.69,5000,111.52,0,0.0,0.0,0,0.0,0.0,220
2026-05-23T00:58:44.208,521064,599,0.483,0.719,0.657,50.69,5000,111.52,0,0.0,0.0,0,0.0,0.0,220
2026-05-23T00:58:44.271,521168,670,0.54,0.804,0.913,50.69,5000,111.52,0,0.0,0.0,0,0.0,0.0,220
2026-05-23T00:58:44.396,521272,861,0.694,1.033,1.6,50.69,5000,111.52,0,0.0,0.0,0,0.0,0.0,220
2026-05-23T00:58:44.521,521376,928,0.748,1.114,1.842,50.69,5000,111.52,0,0.0,0.0,0,0.0,0.0,220
2026-05-23T00:58:44.582,521480,843,0.679,1.012,1.536,50.69,5000,111.52,0,0.0,0.0,0,0.0,0.0,220
2026-05-23T00:58:44.705,521584,649,0.523,0.779,0.837,50.69,5000,111.52,0,0.0,0.0,0,0.0,0.0,220
2026-05-23T00:58:44.833,521688,611,0.492,0.733,0.7,50.69,5000,111.52,0,0.0,0.0,0,0.0,0.0,220
2026-05-23T00:58:45.079,521966,670,0.54,0.804,0.913,50.69,5000,111.52,0,0.0,0.0,0,0.0,0.0,221
2026-05-23T00:58:45.204,522070,614,0.495,0.737,0.711,50.69,5000,111.52,0,0.0,0.0,0,0.0,0.0,221
2026-05-23T00:58:45.265,522174,739,0.596,0.887,1.161,50.69,5000,111.52,0,0.0,0.0,0,0.0,0.0,221
2026-05-23T00:58:45.389,522278,897,0.723,1.077,1.73,50.69,5000,111.52,0,0.0,0.0,0,0.0,0.0,221
2026-05-23T00:58:45.514,522382,907,0.731,1.089,1.766,50.69,5000,111.52,0,0.0,0.0,0,0.0,0.0,221
2026-05-23T00:58:45.574,522486,753,0.607,0.904,1.212,50.69,5000,111.52,0,0.0,0.0,0,0.0,0.0,221
2026-05-23T00:58:45.699,522590,611,0.492,0.733,0.7,50.69,5000,111.52,0,0.0,0.0,0,0.0,0.0,221
2026-05-23T00:58:45.825,522694,638,0.514,0.766,0.797,50.69,5000,111.52,0,0.0,0.0,0,0.0,0.0,221
2026-05-23T00:58:46.073,522972,626,0.504,0.751,0.754,50.69,5000,111.52,0,0.0,0.0,0,0.0,0.0,222
2026-05-23T00:58:46.196,523076,638,0.514,0.766,0.797,50.69,5000,111.52,0,0.0,0.0,0,0.0,0.0,222
2026-05-23T00:58:46.320,523180,815,0.657,0.978,1.435,50.69,5000,111.52,0,0.0,0.0,0,0.0,0.0,222
2026-05-23T00:58:46.383,523284,922,0.743,1.107,1.82,50.69,5000,111.52,0,0.0,0.0,0,0.0,0.0,222
2026-05-23T00:58:46.509,523388,874,0.704,1.049,1.647,50.69,5000,111.52,0,0.0,0.0,0,0.0,0.0,222
2026-05-23T00:58:46.632,523492,679,0.547,0.815,0.945,50.69,5000,111.52,0,0.0,0.0,0,0.0,0.0,222
2026-05-23T00:58:46.694,523596,598,0.482,0.718,0.653,50.69,5000,111.52,0,0.0,0.0,0,0.0,0.0,222
2026-05-23T00:58:46.819,523700,669,0.539,0.803,0.909,50.69,5000,111.52,0,0.0,0.0,0,0.0,0.0,222
2026-05-23T00:58:47.066,523978,605,0.488,0.726,0.679,50.69,5000,111.52,0,0.0,0.0,0,0.0,0.0,223
2026-05-23T00:58:47.190,524082,675,0.544,0.81,0.931,50.69,5000,111.52,0,0.0,0.0,0,0.0,0.0,223
2026-05-23T00:58:47.315,524186,880,0.709,1.056,1.669,50.69,5000,111.52,0,0.0,0.0,0,0.0,0.0,223
2026-05-23T00:58:47.375,524290,947,0.763,1.137,1.91,50.69,5000,111.52,0,0.0,0.0,0,0.0,0.0,223
2026-05-23T00:58:47.500,524394,824,0.664,0.989,1.467,50.69,5000,111.52,0,0.0,0.0,0,0.0,0.0,223
2026-05-23T00:58:47.625,524498,623,0.502,0.748,0.743,50.69,5000,111.52,0,0.0,0.0,0,0.0,0.0,223
2026-05-23T00:58:47.688,524602,594,0.479,0.713,0.639,50.69,5000,111.52,0,0.0,0.0,0,0.0,0.0,223
2026-05-23T00:58:47.813,524706,741,0.597,0.889,1.168,50.69,5000,111.52,0,0.0,0.0,0,0.0,0.0,223
2026-05-23T00:58:48.062,524984,589,0.475,0.707,0.621,50.69,5000,111.52,0,0.0,0.0,0,0.0,0.0,224
2026-05-23T00:58:48.186,525088,758,0.611,0.91,1.23,50.69,5000,111.52,0,0.0,0.0,0,0.0,0.0,224
2026-05-23T00:58:48.313,525192,930,0.749,1.116,1.849,50.69,5000,111.52,0,0.0,0.0,0,0.0,0.0,224
2026-05-23T00:58:48.376,525296,923,0.744,1.108,1.824,50.69,5000,111.52,0,0.0,0.0,0,0.0,0.0,224
2026-05-23T00:58:48.498,525400,735,0.592,0.882,1.147,50.69,5000,111.52,0,0.0,0.0,0,0.0,0.0,224
2026-05-23T00:58:48.622,525504,594,0.479,0.713,0.639,50.69,5000,111.52,0,0.0,0.0,0,0.0,0.0,224
2026-05-23T00:58:48.686,525608,638,0.514,0.766,0.797,50.69,5000,111.52,0,0.0,0.0,0,0.0,0.0,224
2026-05-23T00:58:48.809,525712,834,0.672,1.001,1.503,50.69,5000,111.52,0,0.0,0.0,0,0.0,0.0,224
2026-05-23T00:58:49.122,525990,614,0.495,0.737,0.711,50.69,5000,111.52,0,0.0,0.0,0,0.0,0.0,225
2026-05-23T00:58:49.183,526094,855,0.689,1.026,1.579,50.69,5000,111.52,0,0.0,0.0,0,0.0,0.0,225
2026-05-23T00:58:49.310,526198,923,0.744,1.108,1.824,50.69,5000,111.52,0,0.0,0.0,0,0.0,0.0,225
2026-05-23T00:58:49.433,526302,838,0.675,1.006,1.518,50.69,5000,111.52,0,0.0,0.0,0,0.0,0.0,225
2026-05-23T00:58:49.496,526406,655,0.528,0.786,0.859,50.69,5000,111.52,0,0.0,0.0,0,0.0,0.0,225
2026-05-23T00:58:49.620,526510,610,0.492,0.732,0.697,50.69,5000,111.52,0,0.0,0.0,0,0.0,0.0,225
2026-05-23T00:58:49.744,526614,729,0.587,0.875,1.125,50.69,5000,111.52,0,0.0,0.0,0,0.0,0.0,225
2026-05-23T00:58:49.806,526718,898,0.724,1.078,1.734,50.69,5000,111.52,0,0.0,0.0,0,0.0,0.0,225
2026-05-23T00:58:50.119,526996,674,0.543,0.809,0.927,50.69,5000,111.52,0,0.0,0.0,0,0.0,0.0,226
2026-05-23T00:58:50.180,527100,911,0.734,1.094,1.781,50.69,5000,111.52,0,0.0,0.0,0,0.0,0.0,226
2026-05-23T00:58:50.305,527204,907,0.731,1.089,1.766,50.69,5000,111.52,0,0.0,0.0,0,0.0,0.0,226
2026-05-23T00:58:50.431,527308,754,0.608,0.905,1.215,50.69,5000,111.52,0,0.0,0.0,0,0.0,0.0,226
2026-05-23T00:58:50.495,527412,622,0.501,0.747,0.74,50.69,5000,111.52,0,0.0,0.0,0,0.0,0.0,226
2026-05-23T00:58:50.618,527516,653,0.526,0.784,0.851,50.69,5000,111.52,0,0.0,0.0,0,0.0,0.0,226
2026-05-23T00:58:50.744,527620,817,0.658,0.981,1.442,50.69,5000,111.52,0,0.0,0.0,0,0.0,0.0,226
2026-05-23T00:58:50.803,527724,923,0.744,1.108,1.824,50.69,5000,111.52,0,0.0,0.0,0,0.0,0.0,226
2026-05-23T00:58:51.116,528002,741,0.597,0.889,1.168,50.69,5000,111.52,0,0.0,0.0,0,0.0,0.0,227
2026-05-23T00:58:51.180,528106,928,0.748,1.114,1.842,50.69,5000,111.52,0,0.0,0.0,0,0.0,0.0,227
2026-05-23T00:58:51.305,528210,860,0.693,1.032,1.597,50.69,5000,111.52,0,0.0,0.0,0,0.0,0.0,227
2026-05-23T00:58:51.426,528314,667,0.538,0.801,0.902,50.69,5000,111.52,0,0.0,0.0,0,0.0,0.0,227
2026-05-23T00:58:51.490,528418,608,0.49,0.73,0.689,50.69,5000,111.52,0,0.0,0.0,0,0.0,0.0,227
2026-05-23T00:58:51.612,528522,705,0.568,0.846,1.039,50.69,5000,111.52,0,0.0,0.0,0,0.0,0.0,227
2026-05-23T00:58:51.741,528626,881,0.71,1.057,1.672,50.69,5000,111.52,0,0.0,0.0,0,0.0,0.0,227
2026-05-23T00:58:51.803,528730,921,0.742,1.106,1.817,50.69,5000,111.52,0,0.0,0.0,0,0.0,0.0,227
2026-05-23T00:58:52.116,529008,819,0.66,0.983,1.449,50.69,5000,111.52,0,0.0,0.0,0,0.0,0.0,228
2026-05-23T00:58:52.177,529112,911,0.734,1.094,1.781,50.69,5000,111.52,0,0.0,0.0,0,0.0,0.0,228
2026-05-23T00:58:52.304,529216,784,0.632,0.941,1.323,50.69,5000,111.52,0,0.0,0.0,0,0.0,0.0,228
2026-05-23T00:58:52.427,529320,624,0.503,0.749,0.747,50.69,5000,111.52,0,0.0,0.0,0,0.0,0.0,228
2026-05-23T00:58:52.488,529424,628,0.506,0.754,0.761,50.69,5000,111.52,0,0.0,0.0,0,0.0,0.0,228
2026-05-23T00:58:52.614,529528,787,0.634,0.945,1.334,50.69,5000,111.52,0,0.0,0.0,0,0.0,0.0,228
2026-05-23T00:58:52.737,529632,914,0.737,1.097,1.791,50.69,5000,111.52,0,0.0,0.0,0,0.0,0.0,228
2026-05-23T00:58:52.799,529736,892,0.719,1.071,1.712,50.69,5000,111.52,0,0.0,0.0,0,0.0,0.0,228
2026-05-23T00:58:53.110,530014,857,0.691,1.029,1.586,50.69,5000,111.52,0,0.0,0.0,0,0.0,0.0,229
2026-05-23T00:58:53.235,530118,879,0.708,1.055,1.665,50.69,5000,111.52,0,0.0,0.0,0,0.0,0.0,229
2026-05-23T00:58:53.297,530222,696,0.561,0.835,1.006,50.69,5000,111.52,0,0.0,0.0,0,0.0,0.0,229
2026-05-23T00:58:53.421,530326,602,0.485,0.723,0.668,50.69,5000,111.52,0,0.0,0.0,0,0.0,0.0,229
2026-05-23T00:58:53.545,530430,673,0.542,0.808,0.923,50.69,5000,111.52,0,0.0,0.0,0,0.0,0.0,229
2026-05-23T00:58:53.605,530534,867,0.699,1.041,1.622,50.69,5000,111.52,0,0.0,0.0,0,0.0,0.0,229
2026-05-23T00:58:53.730,530638,930,0.749,1.116,1.849,50.69,5000,111.52,0,0.0,0.0,0,0.0,0.0,229
2026-05-23T00:58:53.854,530742,832,0.67,0.999,1.496,50.69,5000,111.52,0,0.0,0.0,0,0.0,0.0,229
2026-05-23T00:58:54.103,531020,882,0.711,1.059,1.676,50.69,5000,111.52,0,0.0,0.0,0,0.0,0.0,230
2026-05-23T00:58:54.229,531124,816,0.658,0.979,1.438,50.69,5000,111.52,0,0.0,0.0,0,0.0,0.0,230
2026-05-23T00:58:54.292,531228,647,0.521,0.777,0.83,50.69,5000,111.52,0,0.0,0.0,0,0.0,0.0,230
2026-05-23T00:58:54.415,531332,624,0.503,0.749,0.747,50.69,5000,111.52,0,0.0,0.0,0,0.0,0.0,230
2026-05-23T00:58:54.539,531436,761,0.613,0.913,1.24,50.69,5000,111.52,0,0.0,0.0,0,0.0,0.0,230
2026-05-23T00:58:54.602,531540,916,0.738,1.1,1.799,50.69,5000,111.52,0,0.0,0.0,0,0.0,0.0,230
2026-05-23T00:58:54.724,531644,913,0.736,1.096,1.788,50.69,5000,111.52,0,0.0,0.0,0,0.0,0.0,230
2026-05-23T00:58:54.850,531748,748,0.603,0.898,1.194,50.69,5000,111.52,0,0.0,0.0,0,0.0,0.0,230
2026-05-23T00:58:55.100,532026,887,0.715,1.065,1.694,50.69,5000,111.52,0,0.0,0.0,0,0.0,0.0,231
2026-05-23T00:58:55.226,532130,725,0.584,0.87,1.111,50.69,5000,111.52,0,0.0,0.0,0,0.0,0.0,231
2026-05-23T00:58:55.286,532234,621,0.5,0.745,0.736,50.69,5000,111.52,0,0.0,0.0,0,0.0,0.0,231
2026-05-23T00:58:55.411,532338,667,0.538,0.801,0.902,50.69,5000,111.52,0,0.0,0.0,0,0.0,0.0,231
2026-05-23T00:58:55.536,532442,848,0.683,1.018,1.554,50.69,5000,111.52,0,0.0,0.0,0,0.0,0.0,231
2026-05-23T00:58:55.596,532546,935,0.753,1.122,1.867,50.69,5000,111.52,0,0.0,0.0,0,0.0,0.0,231
2026-05-23T00:58:55.720,532650,858,0.691,1.03,1.59,50.69,5000,111.52,0,0.0,0.0,0,0.0,0.0,231
2026-05-23T00:58:55.845,532754,667,0.538,0.801,0.902,50.69,5000,111.52,0,0.0,0.0,0,0.0,0.0,231
2026-05-23T00:58:56.093,533032,844,0.68,1.013,1.539,50.69,5000,111.52,0,0.0,0.0,0,0.0,0.0,232
2026-05-23T00:58:56.217,533136,651,0.525,0.781,0.844,50.69,5000,111.52,0,0.0,0.0,0,0.0,0.0,232
2026-05-23T00:58:56.342,533240,608,0.49,0.73,0.689,50.69,5000,111.52,0,0.0,0.0,0,0.0,0.0,232
2026-05-23T00:58:56.406,533344,737,0.594,0.885,1.154,50.69,5000,111.52,0,0.0,0.0,0,0.0,0.0,232
2026-05-23T00:58:56.529,533448,894,0.72,1.073,1.719,50.69,5000,111.52,0,0.0,0.0,0,0.0,0.0,232
2026-05-23T00:58:56.654,533552,912,0.735,1.095,1.784,50.69,5000,111.52,0,0.0,0.0,0,0.0,0.0,232
2026-05-23T00:58:56.715,533656,761,0.613,0.913,1.24,50.69,5000,111.52,0,0.0,0.0,0,0.0,0.0,232
2026-05-23T00:58:56.840,533760,631,0.508,0.757,0.772,50.69,5000,111.52,0,0.0,0.0,0,0.0,0.0,232
2026-05-23T00:58:57.091,534038,787,0.634,0.945,1.334,50.69,5000,111.52,0,0.0,0.0,0,0.0,0.0,233
2026-05-23T00:58:57.214,534142,624,0.503,0.749,0.747,50.69,5000,111.52,0,0.0,0.0,0,0.0,0.0,233
2026-05-23T00:58:57.339,534246,663,0.534,0.796,0.887,50.69,5000,111.52,0,0.0,0.0,0,0.0,0.0,233
2026-05-23T00:58:57.402,534350,837,0.675,1.005,1.514,50.69,5000,111.52,0,0.0,0.0,0,0.0,0.0,233
2026-05-23T00:58:57.525,534454,934,0.753,1.121,1.863,50.69,5000,111.52,0,0.0,0.0,0,0.0,0.0,233
2026-05-23T00:58:57.652,534558,882,0.711,1.059,1.676,50.69,5000,111.52,0,0.0,0.0,0,0.0,0.0,233
2026-05-23T00:58:57.712,534662,682,0.55,0.819,0.956,50.69,5000,111.52,0,0.0,0.0,0,0.0,0.0,233
2026-05-23T00:58:57.837,534766,617,0.497,0.741,0.722,50.69,5000,111.52,0,0.0,0.0,0,0.0,0.0,233
2026-05-23T00:58:58.087,535044,712,0.574,0.855,1.064,50.69,5000,111.52,0,0.0,0.0,0,0.0,0.0,234
2026-05-23T00:58:58.213,535148,611,0.492,0.733,0.7,50.69,5000,111.52,0,0.0,0.0,0,0.0,0.0,234
2026-05-23T00:58:58.335,535252,723,0.583,0.868,1.104,50.69,5000,111.52,0,0.0,0.0,0,0.0,0.0,234
2026-05-23T00:58:58.397,535356,891,0.718,1.069,1.708,50.69,5000,111.52,0,0.0,0.0,0,0.0,0.0,234
2026-05-23T00:58:58.522,535460,928,0.748,1.114,1.842,50.69,5000,111.52,0,0.0,0.0,0,0.0,0.0,234
2026-05-23T00:58:58.646,535564,796,0.641,0.955,1.366,50.69,5000,111.52,0,0.0,0.0,0,0.0,0.0,234
2026-05-23T00:58:58.708,535668,648,0.522,0.778,0.833,50.69,5000,111.52,0,0.0,0.0,0,0.0,0.0,234
2026-05-23T00:58:58.833,535772,636,0.513,0.763,0.79,50.69,5000,111.52,0,0.0,0.0,0,0.0,0.0,234
2026-05-23T00:58:59.144,536050,660,0.532,0.792,0.877,50.69,5000,111.52,0,0.0,0.0,0,0.0,0.0,235
2026-05-23T00:58:59.207,536154,640,0.516,0.768,0.805,50.69,5000,111.52,0,0.0,0.0,0,0.0,0.0,235
2026-05-23T00:58:59.331,536258,807,0.65,0.969,1.406,50.69,5000,111.52,0,0.0,0.0,0,0.0,0.0,235
2026-05-23T00:58:59.455,536362,927,0.747,1.113,1.838,50.69,5000,111.52,0,0.0,0.0,0,0.0,0.0,235
2026-05-23T00:58:59.519,536466,882,0.711,1.059,1.676,50.69,5000,111.52,0,0.0,0.0,0,0.0,0.0,235
2026-05-23T00:58:59.642,536570,702,0.566,0.843,1.028,50.69,5000,111.52,0,0.0,0.0,0,0.0,0.0,235
2026-05-23T00:58:59.767,536674,612,0.493,0.735,0.704,50.69,5000,111.52,0,0.0,0.0,0,0.0,0.0,235
2026-05-23T00:58:59.829,536778,683,0.55,0.82,0.959,50.69,5000,111.52,0,0.0,0.0,0,0.0,0.0,235
2026-05-23T00:59:00.140,537056,622,0.501,0.747,0.74,50.69,5000,111.52,0,0.0,0.0,0,0.0,0.0,236
2026-05-23T00:59:00.202,537160,700,0.564,0.84,1.021,50.69,5000,111.52,0,0.0,0.0,0,0.0,0.0,236
2026-05-23T00:59:00.328,537264,880,0.709,1.056,1.669,50.69,5000,111.52,0,0.0,0.0,0,0.0,0.0,236
2026-05-23T00:59:00.451,537368,927,0.747,1.113,1.838,50.69,5000,111.52,0,0.0,0.0,0,0.0,0.0,236
2026-05-23T00:59:00.512,537472,812,0.654,0.975,1.424,50.69,5000,111.52,0,0.0,0.0,0,0.0,0.0,236
2026-05-23T00:59:00.636,537576,637,0.513,0.765,0.794,50.69,5000,111.52,0,0.0,0.0,0,0.0,0.0,236
2026-05-23T00:59:00.759,537680,632,0.509,0.759,0.776,50.69,5000,111.52,0,0.0,0.0,0,0.0,0.0,236
2026-05-23T00:59:00.821,537784,782,0.63,0.939,1.316,50.69,5000,111.52,0,0.0,0.0,0,0.0,0.0,236
2026-05-23T00:59:01.134,538062,617,0.497,0.741,0.722,50.69,5000,111.52,0,0.0,0.0,0,0.0,0.0,237
2026-05-23T00:59:01.197,538166,793,0.639,0.952,1.356,50.69,5000,111.52,0,0.0,0.0,0,0.0,0.0,237
2026-05-23T00:59:01.322,538270,922,0.743,1.107,1.82,50.69,5000,111.52,0,0.0,0.0,0,0.0,0.0,237
2026-05-23T00:59:01.445,538374,887,0.715,1.065,1.694,50.69,5000,111.52,0,0.0,0.0,0,0.0,0.0,237
2026-05-23T00:59:01.508,538478,711,0.573,0.853,1.06,50.69,5000,111.52,0,0.0,0.0,0,0.0,0.0,237
2026-05-23T00:59:01.633,538582,611,0.492,0.733,0.7,50.69,5000,111.52,0,0.0,0.0,0,0.0,0.0,237
2026-05-23T00:59:01.756,538686,674,0.543,0.809,0.927,50.69,5000,111.52,0,0.0,0.0,0,0.0,0.0,237
2026-05-23T00:59:01.820,538790,854,0.688,1.025,1.575,50.69,5000,111.52,0,0.0,0.0,0,0.0,0.0,237
2026-05-23T00:59:02.129,539068,628,0.506,0.754,0.761,50.69,5000,111.52,0,0.0,0.0,0,0.0,0.0,238
2026-05-23T00:59:02.255,539172,862,0.695,1.035,1.604,50.69,5000,111.52,0,0.0,0.0,0,0.0,0.0,238
2026-05-23T00:59:02.318,539276,923,0.744,1.108,1.824,50.69,5000,111.52,0,0.0,0.0,0,0.0,0.0,238
2026-05-23T00:59:02.444,539380,810,0.653,0.972,1.417,50.69,5000,111.52,0,0.0,0.0,0,0.0,0.0,238
2026-05-23T00:59:02.570,539484,650,0.524,0.78,0.841,50.69,5000,111.52,0,0.0,0.0,0,0.0,0.0,238
2026-05-23T00:59:02.632,539588,619,0.499,0.743,0.729,50.69,5000,111.52,0,0.0,0.0,0,0.0,0.0,238
2026-05-23T00:59:02.757,539692,760,0.612,0.912,1.237,50.69,5000,111.52,0,0.0,0.0,0,0.0,0.0,238
2026-05-23T00:59:02.881,539796,904,0.728,1.085,1.755,50.69,5000,111.52,0,0.0,0.0,0,0.0,0.0,238
2026-05-23T00:59:03.129,540074,699,0.563,0.839,1.017,50.69,5000,111.52,0,0.0,0.0,0,0.0,0.0,239
2026-05-23T00:59:03.253,540178,914,0.737,1.097,1.791,50.69,5000,111.52,0,0.0,0.0,0,0.0,0.0,239
2026-05-23T00:59:03.316,540282,885,0.713,1.062,1.687,50.69,5000,111.52,0,0.0,0.0,0,0.0,0.0,239
2026-05-23T00:59:03.439,540386,711,0.573,0.853,1.06,50.69,5000,111.52,0,0.0,0.0,0,0.0,0.0,239
2026-05-23T00:59:03.564,540490,612,0.493,0.735,0.704,50.69,5000,111.52,0,0.0,0.0,0,0.0,0.0,239
2026-05-23T00:59:03.625,540594,665,0.536,0.798,0.895,50.69,5000,111.52,0,0.0,0.0,0,0.0,0.0,239
2026-05-23T00:59:03.748,540698,846,0.682,1.015,1.546,50.69,5000,111.52,0,0.0,0.0,0,0.0,0.0,239
2026-05-23T00:59:03.873,540802,923,0.744,1.108,1.824,50.69,5000,111.52,0,0.0,0.0,0,0.0,0.0,239
2026-05-23T00:59:04.120,541080,782,0.63,0.939,1.316,50.69,5000,111.52,0,0.0,0.0,0,0.0,0.0,240
2026-05-23T00:59:04.246,541184,917,0.739,1.101,1.802,50.69,5000,111.52,0,0.0,0.0,0,0.0,0.0,240
2026-05-23T00:59:04.307,541288,814,0.656,0.977,1.431,50.69,5000,111.52,0,0.0,0.0,0,0.0,0.0,240
2026-05-23T00:59:04.433,541392,642,0.517,0.771,0.812,50.69,5000,111.52,0,0.0,0.0,0,0.0,0.0,240
2026-05-23T00:59:04.559,541496,617,0.497,0.741,0.722,50.69,5000,111.52,0,0.0,0.0,0,0.0,0.0,240
2026-05-23T00:59:04.621,541600,749,0.604,0.899,1.197,50.69,5000,111.52,0,0.0,0.0,0,0.0,0.0,240
2026-05-23T00:59:04.745,541704,892,0.719,1.071,1.712,50.69,5000,111.52,0,0.0,0.0,0,0.0,0.0,240
2026-05-23T00:59:04.868,541808,897,0.723,1.077,1.73,50.69,5000,111.52,0,0.0,0.0,0,0.0,0.0,240
2026-05-23T00:59:05.118,542086,831,0.67,0.997,1.492,50.69,5000,111.52,0,0.0,0.0,0,0.0,0.0,241
2026-05-23T00:59:05.242,542190,882,0.711,1.059,1.676,50.69,5000,111.52,0,0.0,0.0,0,0.0,0.0,241
2026-05-23T00:59:05.366,542294,716,0.577,0.859,1.078,50.69,5000,111.52,0,0.0,0.0,0,0.0,0.0,241
2026-05-23T00:59:05.428,542398,618,0.498,0.742,0.725,50.69,5000,111.52,0,0.0,0.0,0,0.0,0.0,241
2026-05-23T00:59:05.551,542502,665,0.536,0.798,0.895,50.69,5000,111.52,0,0.0,0.0,0,0.0,0.0,241
2026-05-23T00:59:05.677,542606,841,0.678,1.009,1.528,50.69,5000,111.52,0,0.0,0.0,0,0.0,0.0,241
2026-05-23T00:59:05.738,542710,923,0.744,1.108,1.824,50.69,5000,111.52,0,0.0,0.0,0,0.0,0.0,241
2026-05-23T00:59:05.861,542814,851,0.686,1.021,1.564,50.69,5000,111.52,0,0.0,0.0,0,0.0,0.0,241
2026-05-23T00:59:06.112,543092,868,0.699,1.042,1.626,50.69,5000,111.52,0,0.0,0.0,0,0.0,0.0,242
2026-05-23T00:59:06.235,543196,828,0.667,0.994,1.482,50.69,5000,111.52,0,0.0,0.0,0,0.0,0.0,242
2026-05-23T00:59:06.360,543300,662,0.533,0.795,0.884,50.69,5000,111.52,0,0.0,0.0,0,0.0,0.0,242
2026-05-23T00:59:06.421,543404,618,0.498,0.742,0.725,50.69,5000,111.52,0,0.0,0.0,0,0.0,0.0,242
2026-05-23T00:59:06.545,543508,742,0.598,0.891,1.172,50.69,5000,111.52,0,0.0,0.0,0,0.0,0.0,242
2026-05-23T00:59:06.670,543612,891,0.718,1.069,1.708,50.69,5000,111.52,0,0.0,0.0,0,0.0,0.0,242
2026-05-23T00:59:06.730,543716,893,0.72,1.072,1.716,50.69,5000,111.52,0,0.0,0.0,0,0.0,0.0,242
2026-05-23T00:59:06.854,543820,747,0.602,0.897,1.19,50.69,5000,111.52,0,0.0,0.0,0,0.0,0.0,242
2026-05-23T00:59:07.166,544098,865,0.697,1.038,1.615,50.69,5000,111.52,0,0.0,0.0,0,0.0,0.0,243
2026-05-23T00:59:07.228,544202,722,0.582,0.867,1.1,50.69,5000,111.52,0,0.0,0.0,0,0.0,0.0,243
2026-05-23T00:59:07.352,544306,617,0.497,0.741,0.722,50.69,5000,111.52,0,0.0,0.0,0,0.0,0.0,243
2026-05-23T00:59:07.476,544410,660,0.532,0.792,0.877,50.69,5000,111.52,0,0.0,0.0,0,0.0,0.0,243
2026-05-23T00:59:07.538,544514,823,0.663,0.988,1.464,50.69,5000,111.52,0,0.0,0.0,0,0.0,0.0,243
2026-05-23T00:59:07.663,544618,913,0.736,1.096,1.788,50.69,5000,111.52,0,0.0,0.0,0,0.0,0.0,243
2026-05-23T00:59:07.788,544722,847,0.683,1.017,1.55,50.69,5000,111.52,0,0.0,0.0,0,0.0,0.0,243
2026-05-23T00:59:07.850,544826,674,0.543,0.809,0.927,50.69,5000,111.52,0,0.0,0.0,0,0.0,0.0,243
2026-05-23T00:59:08.162,545104,832,0.67,0.999,1.496,50.69,5000,111.52,0,0.0,0.0,0,0.0,0.0,244
2026-05-23T00:59:08.223,545208,659,0.531,0.791,0.873,50.69,5000,111.52,0,0.0,0.0,0,0.0,0.0,244
2026-05-23T00:59:08.349,545312,608,0.49,0.73,0.689,50.69,5000,111.52,0,0.0,0.0,0,0.0,0.0,244
2026-05-23T00:59:08.474,545416,720,0.58,0.864,1.093,50.69,5000,111.52,0,0.0,0.0,0,0.0,0.0,244
2026-05-23T00:59:08.534,545520,873,0.704,1.048,1.644,50.69,5000,111.52,0,0.0,0.0,0,0.0,0.0,244
2026-05-23T00:59:08.661,545624,913,0.736,1.096,1.788,50.69,5000,111.52,0,0.0,0.0,0,0.0,0.0,244
2026-05-23T00:59:08.783,545728,770,0.621,0.924,1.273,50.69,5000,111.52,0,0.0,0.0,0,0.0,0.0,244
2026-05-23T00:59:08.846,545832,632,0.509,0.759,0.776,50.69,5000,111.52,0,0.0,0.0,0,0.0,0.0,244
2026-05-23T00:59:09.159,546110,779,0.628,0.935,1.305,50.69,5000,111.52,0,0.0,0.0,0,0.0,0.0,245
2026-05-23T00:59:09.220,546214,624,0.503,0.749,0.747,50.69,5000,111.52,0,0.0,0.0,0,0.0,0.0,245
2026-05-23T00:59:09.346,546318,652,0.525,0.783,0.848,50.69,5000,111.52,0,0.0,0.0,0,0.0,0.0,245
2026-05-23T00:59:09.469,546422,814,0.656,0.977,1.431,50.69,5000,111.52,0,0.0,0.0,0,0.0,0.0,245
2026-05-23T00:59:09.530,546526,914,0.737,1.097,1.791,50.69,5000,111.52,0,0.0,0.0,0,0.0,0.0,245
2026-05-23T00:59:09.654,546630,863,0.695,1.036,1.608,50.69,5000,111.52,0,0.0,0.0,0,0.0,0.0,245
2026-05-23T00:59:09.779,546734,694,0.559,0.833,0.999,50.69,5000,111.52,0,0.0,0.0,0,0.0,0.0,245
2026-05-23T00:59:09.843,546838,613,0.494,0.736,0.707,50.69,5000,111.52,0,0.0,0.0,0,0.0,0.0,245
2026-05-23T00:59:10.155,547116,707,0.57,0.849,1.046,50.69,5000,111.52,0,0.0,0.0,0,0.0,0.0,246
2026-05-23T00:59:10.217,547220,611,0.492,0.733,0.7,50.69,5000,111.52,0,0.0,0.0,0,0.0,0.0,246
2026-05-23T00:59:10.341,547324,712,0.574,0.855,1.064,50.69,5000,111.52,0,0.0,0.0,0,0.0,0.0,246
2026-05-23T00:59:10.467,547428,875,0.705,1.05,1.651,50.69,5000,111.52,0,0.0,0.0,0,0.0,0.0,246
2026-05-23T00:59:10.529,547532,911,0.734,1.094,1.781,50.69,5000,111.52,0,0.0,0.0,0,0.0,0.0,246
2026-05-23T00:59:10.654,547636,783,0.631,0.94,1.32,50.69,5000,111.52,0,0.0,0.0,0,0.0,0.0,246
2026-05-23T00:59:10.777,547740,636,0.513,0.763,0.79,50.69,5000,111.52,0,0.0,0.0,0,0.0,0.0,246
2026-05-23T00:59:10.838,547844,630,0.508,0.756,0.769,50.69,5000,111.52,0,0.0,0.0,0,0.0,0.0,246
2026-05-23T00:59:11.149,548122,655,0.528,0.786,0.859,50.69,5000,111.52,0,0.0,0.0,0,0.0,0.0,247
2026-05-23T00:59:11.274,548226,639,0.515,0.767,0.801,50.69,5000,111.52,0,0.0,0.0,0,0.0,0.0,247
2026-05-23T00:59:11.336,548330,805,0.649,0.966,1.399,50.69,5000,111.52,0,0.0,0.0,0,0.0,0.0,247
2026-05-23T00:59:11.462,548434,915,0.737,1.098,1.795,50.69,5000,111.52,0,0.0,0.0,0,0.0,0.0,247
2026-05-23T00:59:11.585,548538,880,0.709,1.056,1.669,50.69,5000,111.52,0,0.0,0.0,0,0.0,0.0,247
2026-05-23T00:59:11.646,548642,709,0.571,0.851,1.053,50.69,5000,111.52,0,0.0,0.0,0,0.0,0.0,247
2026-05-23T00:59:11.773,548746,620,0.5,0.744,0.733,50.69,5000,111.52,0,0.0,0.0,0,0.0,0.0,247
2026-05-23T00:59:11.898,548850,687,0.554,0.825,0.974,50.69,5000,111.52,0,0.0,0.0,0,0.0,0.0,247
2026-05-23T00:59:12.146,549128,628,0.506,0.754,0.761,50.69,5000,111.52,0,0.0,0.0,0,0.0,0.0,248
2026-05-23T00:59:12.271,549232,697,0.562,0.837,1.01,50.69,5000,111.52,0,0.0,0.0,0,0.0,0.0,248
2026-05-23T00:59:12.334,549336,865,0.697,1.038,1.615,50.69,5000,111.52,0,0.0,0.0,0,0.0,0.0,248
2026-05-23T00:59:12.457,549440,918,0.74,1.102,1.806,50.69,5000,111.52,0,0.0,0.0,0,0.0,0.0,248
2026-05-23T00:59:12.583,549544,807,0.65,0.969,1.406,50.69,5000,111.52,0,0.0,0.0,0,0.0,0.0,248
2026-05-23T00:59:12.644,549648,649,0.523,0.779,0.837,50.69,5000,111.52,0,0.0,0.0,0,0.0,0.0,248
2026-05-23T00:59:12.771,549752,630,0.508,0.756,0.769,50.69,5000,111.52,0,0.0,0.0,0,0.0,0.0,248
2026-05-23T00:59:12.894,549856,769,0.62,0.923,1.269,50.69,5000,111.52,0,0.0,0.0,0,0.0,0.0,248
2026-05-23T00:59:13.143,550134,614,0.495,0.737,0.711,50.69,5000,111.52,0,0.0,0.0,0,0.0,0.0,249
2026-05-23T00:59:13.268,550238,786,0.633,0.943,1.33,50.69,5000,111.52,0,0.0,0.0,0,0.0,0.0,249
2026-05-23T00:59:13.329,550342,905,0.729,1.086,1.759,50.69,5000,111.52,0,0.0,0.0,0,0.0,0.0,249
2026-05-23T00:59:13.454,550446,884,0.712,1.061,1.683,50.69,5000,111.52,0,0.0,0.0,0,0.0,0.0,249
2026-05-23T00:59:13.579,550550,720,0.58,0.864,1.093,50.69,5000,111.52,0,0.0,0.0,0,0.0,0.0,249
2026-05-23T00:59:13.641,550654,623,0.502,0.748,0.743,50.69,5000,111.52,0,0.0,0.0,0,0.0,0.0,249
2026-05-23T00:59:13.766,550758,672,0.542,0.807,0.92,50.69,5000,111.52,0,0.0,0.0,0,0.0,0.0,249
2026-05-23T00:59:13.892,550862,835,0.673,1.002,1.507,50.69,5000,111.52,0,0.0,0.0,0,0.0,0.0,249
2026-05-23T00:59:14.141,551140,636,0.513,0.763,0.79,50.69,5000,111.52,0,0.0,0.0,0,0.0,0.0,250
2026-05-23T00:59:14.264,551244,843,0.679,1.012,1.536,50.69,5000,111.52,0,0.0,0.0,0,0.0,0.0,250
2026-05-23T00:59:14.387,551348,916,0.738,1.1,1.799,50.69,5000,111.52,0,0.0,0.0,0,0.0,0.0,250
2026-05-23T00:59:14.449,551452,821,0.662,0.985,1.456,50.69,5000,111.52,0,0.0,0.0,0,0.0,0.0,250
2026-05-23T00:59:14.574,551556,662,0.533,0.795,0.884,50.69,5000,111.52,0,0.0,0.0,0,0.0,0.0,250
2026-05-23T00:59:14.699,551660,619,0.499,0.743,0.729,50.69,5000,111.52,0,0.0,0.0,0,0.0,0.0,250
2026-05-23T00:59:14.760,551764,743,0.599,0.892,1.176,50.69,5000,111.52,0,0.0,0.0,0,0.0,0.0,250
2026-05-23T00:59:14.884,551868,883,0.712,1.06,1.68,50.69,5000,111.52,0,0.0,0.0,0,0.0,0.0,250
2026-05-23T00:59:15.134,552146,689,0.555,0.827,0.981,50.69,5000,111.52,0,0.0,0.0,0,0.0,0.0,251
2026-05-23T00:59:15.259,552250,890,0.717,1.068,1.705,50.69,5000,111.52,0,0.0,0.0,0,0.0,0.0,251
2026-05-23T00:59:15.384,552354,888,0.716,1.066,1.698,50.69,5000,111.52,0,0.0,0.0,0,0.0,0.0,251
2026-05-23T00:59:15.447,552458,740,0.596,0.888,1.165,50.69,5000,111.52,0,0.0,0.0,0,0.0,0.0,251
2026-05-23T00:59:15.572,552562,622,0.501,0.747,0.74,50.69,5000,111.52,0,0.0,0.0,0,0.0,0.0,251
2026-05-23T00:59:15.695,552666,660,0.532,0.792,0.877,50.69,5000,111.52,0,0.0,0.0,0,0.0,0.0,251
2026-05-23T00:59:15.756,552770,815,0.657,0.978,1.435,50.69,5000,111.52,0,0.0,0.0,0,0.0,0.0,251
2026-05-23T00:59:15.884,552874,912,0.735,1.095,1.784,50.69,5000,111.52,0,0.0,0.0,0,0.0,0.0,251
2026-05-23T00:59:16.132,553152,752,0.606,0.903,1.208,50.69,5000,111.52,0,0.0,0.0,0,0.0,0.0,252
2026-05-23T00:59:16.257,553256,907,0.731,1.089,1.766,50.69,5000,111.52,0,0.0,0.0,0,0.0,0.0,252
2026-05-23T00:59:16.382,553360,841,0.678,1.009,1.528,50.69,5000,111.52,0,0.0,0.0,0,0.0,0.0,252
2026-05-23T00:59:16.443,553464,681,0.549,0.817,0.952,50.69,5000,111.52,0,0.0,0.0,0,0.0,0.0,252
2026-05-23T00:59:16.570,553568,621,0.5,0.745,0.736,50.69,5000,111.52,0,0.0,0.0,0,0.0,0.0,252
2026-05-23T00:59:16.694,553672,718,0.579,0.862,1.086,50.69,5000,111.52,0,0.0,0.0,0,0.0,0.0,252
2026-05-23T00:59:16.756,553776,864,0.696,1.037,1.611,50.69,5000,111.52,0,0.0,0.0,0,0.0,0.0,252
2026-05-23T00:59:16.882,553880,893,0.72,1.072,1.716,50.69,5000,111.52,0,0.0,0.0,0,0.0,0.0,252
2026-05-23T00:59:17.192,554158,800,0.645,0.96,1.381,50.69,5000,111.52,0,0.0,0.0,0,0.0,0.0,253
2026-05-23T00:59:17.254,554262,881,0.71,1.057,1.672,50.69,5000,111.52,0,0.0,0.0,0,0.0,0.0,253
2026-05-23T00:59:17.378,554366,756,0.609,0.907,1.222,50.69,5000,111.52,0,0.0,0.0,0,0.0,0.0,253
2026-05-23T00:59:17.440,554470,631,0.508,0.757,0.772,50.69,5000,111.52,0,0.0,0.0,0,0.0,0.0,253
2026-05-23T00:59:17.565,554574,642,0.517,0.771,0.812,50.69,5000,111.52,0,0.0,0.0,0,0.0,0.0,253
2026-05-23T00:59:17.689,554678,792,0.638,0.951,1.352,50.69,5000,111.52,0,0.0,0.0,0,0.0,0.0,253
2026-05-23T00:59:17.751,554782,895,0.721,1.074,1.723,50.69,5000,111.52,0,0.0,0.0,0,0.0,0.0,253
2026-05-23T00:59:17.874,554886,858,0.691,1.03,1.59,50.69,5000,111.52,0,0.0,0.0,0,0.0,0.0,253
2026-05-23T00:59:18.187,555164,836,0.674,1.003,1.51,50.69,5000,111.52,0,0.0,0.0,0,0.0,0.0,254
2026-05-23T00:59:18.249,555268,845,0.681,1.014,1.543,50.69,5000,111.52,0,0.0,0.0,0,0.0,0.0,254
2026-05-23T00:59:18.373,555372,692,0.558,0.831,0.992,50.69,5000,111.52,0,0.0,0.0,0,0.0,0.0,254
2026-05-23T00:59:18.499,555476,614,0.495,0.737,0.711,50.69,5000,111.52,0,0.0,0.0,0,0.0,0.0,254
2026-05-23T00:59:18.561,555580,691,0.557,0.829,0.988,50.69,5000,111.52,0,0.0,0.0,0,0.0,0.0,254
2026-05-23T00:59:18.687,555684,843,0.679,1.012,1.536,50.69,5000,111.52,0,0.0,0.0,0,0.0,0.0,254
2026-05-23T00:59:18.811,555788,897,0.723,1.077,1.73,50.69,5000,111.52,0,0.0,0.0,0,0.0,0.0,254
2026-05-23T00:59:18.874,555892,800,0.645,0.96,1.381,50.69,5000,111.52,0,0.0,0.0,0,0.0,0.0,254
2026-05-23T00:59:19.184,556170,863,0.695,1.036,1.608,50.69,5000,111.52,0,0.0,0.0,0,0.0,0.0,255
2026-05-23T00:59:19.247,556274,782,0.63,0.939,1.316,50.69,5000,111.52,0,0.0,0.0,0,0.0,0.0,255
2026-05-23T00:59:19.371,556378,641,0.517,0.769,0.808,50.69,5000,111.52,0,0.0,0.0,0,0.0,0.0,255
2026-05-23T00:59:19.497,556482,630,0.508,0.756,0.769,50.69,5000,111.52,0,0.0,0.0,0,0.0,0.0,255
2026-05-23T00:59:19.558,556586,764,0.616,0.917,1.251,50.69,5000,111.52,0,0.0,0.0,0,0.0,0.0,255
2026-05-23T00:59:19.683,556690,887,0.715,1.065,1.694,50.69,5000,111.52,0,0.0,0.0,0,0.0,0.0,255
2026-05-23T00:59:19.808,556794,872,0.703,1.047,1.64,50.69,5000,111.52,0,0.0,0.0,0,0.0,0.0,255
2026-05-23T00:59:19.869,556898,730,0.588,0.876,1.129,50.69,5000,111.52,0,0.0,0.0,0,0.0,0.0,255
2026-05-23T00:59:20.181,557176,851,0.686,1.021,1.564,50.69,5000,111.52,0,0.0,0.0,0,0.0,0.0,256
2026-05-23T00:59:20.242,557280,717,0.578,0.861,1.082,50.69,5000,111.52,0,0.0,0.0,0,0.0,0.0,256
2026-05-23T00:59:20.368,557384,621,0.5,0.745,0.736,50.69,5000,111.52,0,0.0,0.0,0,0.0,0.0,256
2026-05-23T00:59:20.494,557488,675,0.544,0.81,0.931,50.69,5000,111.52,0,0.0,0.0,0,0.0,0.0,256
2026-05-23T00:59:20.555,557592,832,0.67,0.999,1.496,50.69,5000,111.52,0,0.0,0.0,0,0.0,0.0,256
2026-05-23T00:59:20.679,557696,911,0.734,1.094,1.781,50.69,5000,111.52,0,0.0,0.0,0,0.0,0.0,256
2026-05-23T00:59:20.804,557800,831,0.67,0.997,1.492,50.69,5000,111.52,0,0.0,0.0,0,0.0,0.0,256
2026-05-23T00:59:20.867,557904,675,0.544,0.81,0.931,50.69,5000,111.52,0,0.0,0.0,0,0.0,0.0,256
2026-05-23T00:59:21.178,558182,826,0.666,0.991,1.474,50.69,5000,111.52,0,0.0,0.0,0,0.0,0.0,257
2026-05-23T00:59:21.302,558286,661,0.533,0.793,0.88,50.69,5000,111.52,0,0.0,0.0,0,0.0,0.0,257
2026-05-23T00:59:21.365,558390,619,0.499,0.743,0.729,50.69,5000,111.52,0,0.0,0.0,0,0.0,0.0,257
2026-05-23T00:59:21.491,558494,742,0.598,0.891,1.172,50.69,5000,111.52,0,0.0,0.0,0,0.0,0.0,257
2026-05-23T00:59:21.614,558598,882,0.711,1.059,1.676,50.69,5000,111.52,0,0.0,0.0,0,0.0,0.0,257
2026-05-23T00:59:21.677,558702,891,0.718,1.069,1.708,50.69,5000,111.52,0,0.0,0.0,0,0.0,0.0,257
2026-05-23T00:59:21.802,558806,750,0.604,0.9,1.201,50.69,5000,111.52,0,0.0,0.0,0,0.0,0.0,257
2026-05-23T00:59:21.925,558910,630,0.508,0.756,0.769,50.69,5000,111.52,0,0.0,0.0,0,0.0,0.0,257
2026-05-23T00:59:22.175,559188,762,0.614,0.915,1.244,50.69,5000,111.52,0,0.0,0.0,0,0.0,0.0,258
2026-05-23T00:59:22.298,559292,621,0.5,0.745,0.736,50.69,5000,111.52,0,0.0,0.0,0,0.0,0.0,258
2026-05-23T00:59:22.361,559396,654,0.527,0.785,0.855,50.69,5000,111.52,0,0.0,0.0,0,0.0,0.0,258
2026-05-23T00:59:22.487,559500,815,0.657,0.978,1.435,50.69,5000,111.52,0,0.0,0.0,0,0.0,0.0,258
2026-05-23T00:59:22.610,559604,908,0.732,1.09,1.77,50.69,5000,111.52,0,0.0,0.0,0,0.0,0.0,258
2026-05-23T00:59:22.672,559708,851,0.686,1.021,1.564,50.69,5000,111.52,0,0.0,0.0,0,0.0,0.0,258
2026-05-23T00:59:22.797,559812,687,0.554,0.825,0.974,50.69,5000,111.52,0,0.0,0.0,0,0.0,0.0,258
2026-05-23T00:59:22.922,559916,615,0.496,0.738,0.715,50.69,5000,111.52,0,0.0,0.0,0,0.0,0.0,258
2026-05-23T00:59:23.172,560194,705,0.568,0.846,1.039,50.69,5000,111.52,0,0.0,0.0,0,0.0,0.0,259
2026-05-23T00:59:23.300,560298,612,0.493,0.735,0.704,50.69,5000,111.52,0,0.0,0.0,0,0.0,0.0,259
2026-05-23T00:59:23.363,560402,713,0.575,0.856,1.068,50.69,5000,111.52,0,0.0,0.0,0,0.0,0.0,259
2026-05-23T00:59:23.487,560506,862,0.695,1.035,1.604,50.69,5000,111.52,0,0.0,0.0,0,0.0,0.0,259
2026-05-23T00:59:23.612,560610,903,0.728,1.084,1.752,50.69,5000,111.52,0,0.0,0.0,0,0.0,0.0,259
2026-05-23T00:59:23.674,560714,781,0.629,0.937,1.312,50.69,5000,111.52,0,0.0,0.0,0,0.0,0.0,259
2026-05-23T00:59:23.799,560818,640,0.516,0.768,0.805,50.69,5000,111.52,0,0.0,0.0,0,0.0,0.0,259
2026-05-23T00:59:23.922,560922,630,0.508,0.756,0.769,50.69,5000,111.52,0,0.0,0.0,0,0.0,0.0,259
2026-05-23T00:59:24.174,561200,657,0.529,0.789,0.866,50.69,5000,111.52,0,0.0,0.0,0,0.0,0.0,260
2026-05-23T00:59:24.298,561304,638,0.514,0.766,0.797,50.69,5000,111.52,0,0.0,0.0,0,0.0,0.0,260
2026-05-23T00:59:24.360,561408,793,0.639,0.952,1.356,50.69,5000,111.52,0,0.0,0.0,0,0.0,0.0,260
2026-05-23T00:59:24.484,561512,904,0.728,1.085,1.755,50.69,5000,111.52,0,0.0,0.0,0,0.0,0.0,260
2026-05-23T00:59:24.610,561616,869,0.7,1.043,1.629,50.69,5000,111.52,0,0.0,0.0,0,0.0,0.0,260
2026-05-23T00:59:24.671,561720,712,0.574,0.855,1.064,50.69,5000,111.52,0,0.0,0.0,0,0.0,0.0,260
2026-05-23T00:59:24.796,561824,619,0.499,0.743,0.729,50.69,5000,111.52,0,0.0,0.0,0,0.0,0.0,260
2026-05-23T00:59:24.921,561928,687,0.554,0.825,0.974,50.69,5000,111.52,0,0.0,0.0,0,0.0,0.0,260
2026-05-23T00:59:25.168,562206,625,0.504,0.75,0.751,50.69,5000,111.52,0,0.0,0.0,0,0.0,0.0,261
2026-05-23T00:59:25.293,562310,689,0.555,0.827,0.981,50.69,5000,111.52,0,0.0,0.0,0,0.0,0.0,261
2026-05-23T00:59:25.418,562414,846,0.682,1.015,1.546,50.69,5000,111.52,0,0.0,0.0,0,0.0,0.0,261
2026-05-23T00:59:25.482,562518,905,0.729,1.086,1.759,50.69,5000,111.52,0,0.0,0.0,0,0.0,0.0,261
2026-05-23T00:59:25.604,562622,799,0.644,0.959,1.377,50.69,5000,111.52,0,0.0,0.0,0,0.0,0.0,261
2026-05-23T00:59:25.730,562726,651,0.525,0.781,0.844,50.69,5000,111.52,0,0.0,0.0,0,0.0,0.0,261
2026-05-23T00:59:25.793,562830,623,0.502,0.748,0.743,50.69,5000,111.52,0,0.0,0.0,0,0.0,0.0,261
2026-05-23T00:59:25.914,562934,756,0.609,0.907,1.222,50.69,5000,111.52,0,0.0,0.0,0,0.0,0.0,261
2026-05-23T00:59:26.166,563212,609,0.491,0.731,0.693,50.69,5000,111.52,0,0.0,0.0,0,0.0,0.0,262
2026-05-23T00:59:26.289,563316,763,0.615,0.916,1.248,50.69,5000,111.52,0,0.0,0.0,0,0.0,0.0,262
2026-05-23T00:59:26.415,563420,888,0.716,1.066,1.698,50.69,5000,111.52,0,0.0,0.0,0,0.0,0.0,262
2026-05-23T00:59:26.476,563524,879,0.708,1.055,1.665,50.69,5000,111.52,0,0.0,0.0,0,0.0,0.0,262
2026-05-23T00:59:26.599,563628,733,0.591,0.88,1.14,50.69,5000,111.52,0,0.0,0.0,0,0.0,0.0,262
2026-05-23T00:59:26.725,563732,623,0.502,0.748,0.743,50.69,5000,111.52,0,0.0,0.0,0,0.0,0.0,262
2026-05-23T00:59:26.786,563836,672,0.542,0.807,0.92,50.69,5000,111.52,0,0.0,0.0,0,0.0,0.0,262
2026-05-23T00:59:26.910,563940,823,0.663,0.988,1.464,50.69,5000,111.52,0,0.0,0.0,0,0.0,0.0,262
2026-05-23T00:59:27.159,564218,634,0.511,0.761,0.783,50.69,5000,111.52,0,0.0,0.0,0,0.0,0.0,263
2026-05-23T00:59:27.284,564322,833,0.671,1.0,1.5,50.69,5000,111.52,0,0.0,0.0,0,0.0,0.0,263
2026-05-23T00:59:27.408,564426,911,0.734,1.094,1.781,50.69,5000,111.52,0,0.0,0.0,0,0.0,0.0,263
2026-05-23T00:59:27.470,564530,837,0.675,1.005,1.514,50.69,5000,111.52,0,0.0,0.0,0,0.0,0.0,263
2026-05-23T00:59:27.595,564634,677,0.546,0.813,0.938,50.69,5000,111.52,0,0.0,0.0,0,0.0,0.0,263
2026-05-23T00:59:27.721,564738,621,0.5,0.745,0.736,50.69,5000,111.52,0,0.0,0.0,0,0.0,0.0,263
2026-05-23T00:59:27.782,564842,728,0.587,0.874,1.122,50.69,5000,111.52,0,0.0,0.0,0,0.0,0.0,263
2026-05-23T00:59:27.895,564946,867,0.699,1.041,1.622,50.69,5000,111.52,0,0.0,0.0,0,0.0,0.0,263
2026-05-23T00:59:28.205,565224,677,0.546,0.813,0.938,50.69,5000,111.52,0,0.0,0.0,0,0.0,0.0,264
2026-05-23T00:59:28.264,565328,873,0.704,1.048,1.644,50.69,5000,111.52,0,0.0,0.0,0,0.0,0.0,264
2026-05-23T00:59:28.389,565432,894,0.72,1.073,1.719,50.69,5000,111.52,0,0.0,0.0,0,0.0,0.0,264
2026-05-23T00:59:28.493,565536,763,0.615,0.916,1.248,50.69,5000,111.52,0,0.0,0.0,0,0.0,0.0,264
2026-05-23T00:59:28.611,565640,650,0.524,0.78,0.841,50.69,5000,111.52,0,0.0,0.0,0,0.0,0.0,264
2026-05-23T00:59:28.734,565744,655,0.528,0.786,0.859,50.69,5000,111.52,0,0.0,0.0,0,0.0,0.0,264
2026-05-23T00:59:28.796,565848,799,0.644,0.959,1.377,50.69,5000,111.52,0,0.0,0.0,0,0.0,0.0,264
