pc_timestamp,stm32_ms,adc_raw,adc_voltage_v,sensor_voltage_v,pressure_bar,duty_percent,frequency_hz,estimated_output_rms_v,jsy_online,jsy_voltage_rms_v,jsy_current_rms_a,jsy_active_power_w,jsy_power_factor,jsy_energy_kwh,jsy_error_count
2026-05-23T00:35:12.114,168460,244,0.197,0.293,0.0,50.0,5000,110.0,1,114.28,0.038,2,0.46,0.0,69
2026-05-23T00:35:12.178,168564,513,0.413,0.616,0.347,50.0,5000,110.0,1,114.28,0.038,2,0.46,0.0,69
2026-05-23T00:35:12.301,168669,1240,0.999,1.488,2.965,50.0,5000,110.0,1,114.28,0.038,2,0.46,0.0,69
2026-05-23T00:35:12.414,168774,1298,1.046,1.558,3.174,50.0,5000,110.0,1,114.28,0.038,2,0.46,0.0,69
2026-05-23T00:35:12.519,168879,525,0.423,0.63,0.391,50.0,5000,110.0,1,114.28,0.038,2,0.46,0.0,69
2026-05-23T00:35:12.627,168984,313,0.252,0.376,0.0,50.0,5000,110.0,1,114.28,0.038,2,0.46,0.0,69
2026-05-23T00:35:12.692,169088,905,0.729,1.086,1.759,50.0,5000,110.0,1,114.28,0.038,2,0.46,0.0,69
2026-05-23T00:35:12.815,169193,1384,1.115,1.661,3.484,50.0,5000,110.0,1,114.28,0.038,2,0.46,0.0,69
2026-05-23T00:35:12.939,169298,966,0.778,1.16,1.979,50.0,5000,110.0,1,114.28,0.038,2,0.46,0.0,69
2026-05-23T00:35:13.000,169403,237,0.191,0.284,0.0,50.0,5000,110.0,1,114.55,0.038,2,0.459,0.0,69
2026-05-23T00:35:13.127,169507,476,0.384,0.571,0.214,50.0,5000,110.0,1,114.55,0.038,2,0.459,0.0,69
2026-05-23T00:35:13.252,169612,1224,0.986,1.469,2.908,50.0,5000,110.0,1,114.55,0.038,2,0.459,0.0,69
2026-05-23T00:35:13.314,169717,1343,1.082,1.612,3.336,50.0,5000,110.0,1,114.55,0.038,2,0.459,0.0,69
2026-05-23T00:35:13.439,169822,554,0.446,0.665,0.495,50.0,5000,110.0,1,114.55,0.038,2,0.459,0.0,69
2026-05-23T00:35:13.563,169927,306,0.247,0.367,0.0,50.0,5000,110.0,1,114.55,0.038,2,0.459,0.0,69
2026-05-23T00:35:13.624,170031,867,0.699,1.041,1.622,50.0,5000,110.0,1,114.55,0.038,2,0.459,0.0,69
2026-05-23T00:35:13.751,170136,1395,1.124,1.674,3.523,50.0,5000,110.0,1,114.55,0.038,2,0.459,0.0,69
2026-05-23T00:35:13.877,170241,1000,0.806,1.2,2.101,50.0,5000,110.0,1,114.55,0.038,2,0.459,0.0,69
2026-05-23T00:35:14.001,170374,504,0.406,0.605,0.315,50.0,5000,110.0,1,114.53,0.038,2,0.459,0.0,69
2026-05-23T00:35:14.125,170479,1377,1.11,1.653,3.459,50.0,5000,110.0,1,114.53,0.038,2,0.459,0.0,69
2026-05-23T00:35:14.187,170584,656,0.529,0.787,0.862,50.0,5000,110.0,1,114.53,0.038,2,0.459,0.0,69
2026-05-23T00:35:14.312,170689,271,0.218,0.325,0.0,50.0,5000,110.0,1,114.53,0.038,2,0.459,0.0,69
2026-05-23T00:35:14.435,170793,741,0.597,0.889,1.168,50.0,5000,110.0,1,114.53,0.038,2,0.459,0.0,69
2026-05-23T00:35:14.499,170898,1367,1.102,1.641,3.423,50.0,5000,110.0,1,114.53,0.038,2,0.459,0.0,69
2026-05-23T00:35:14.622,171003,1102,0.888,1.323,2.468,50.0,5000,110.0,1,114.53,0.038,2,0.459,0.0,69
2026-05-23T00:35:14.747,171108,298,0.24,0.358,0.0,50.0,5000,110.0,1,114.53,0.038,2,0.459,0.0,69
2026-05-23T00:35:14.810,171212,342,0.276,0.411,0.0,50.0,5000,110.0,1,114.53,0.038,2,0.459,0.0,69
2026-05-23T00:35:14.934,171316,968,0.78,1.162,1.986,50.0,5000,110.0,1,114.53,0.038,2,0.459,0.0,69
2026-05-23T00:35:15.059,171422,1363,1.098,1.636,3.408,50.0,5000,110.0,1,114.48,0.038,2,0.459,0.0,69
2026-05-23T00:35:15.122,171527,717,0.578,0.861,1.082,50.0,5000,110.0,1,114.48,0.038,2,0.459,0.0,69
2026-05-23T00:35:15.245,171632,263,0.212,0.316,0.0,50.0,5000,110.0,1,114.48,0.038,2,0.459,0.0,69
2026-05-23T00:35:15.369,171736,713,0.575,0.856,1.068,50.0,5000,110.0,1,114.48,0.038,2,0.459,0.0,69
2026-05-23T00:35:15.430,171841,1358,1.094,1.63,3.39,50.0,5000,110.0,1,114.48,0.038,2,0.459,0.0,69
2026-05-23T00:35:15.553,171946,1139,0.918,1.367,2.602,50.0,5000,110.0,1,114.48,0.038,2,0.459,0.0,69
2026-05-23T00:35:15.679,172051,332,0.268,0.399,0.0,50.0,5000,110.0,1,114.48,0.038,2,0.459,0.0,69
2026-05-23T00:35:15.743,172155,314,0.253,0.377,0.0,50.0,5000,110.0,1,114.48,0.038,2,0.459,0.0,69
2026-05-23T00:35:15.866,172259,934,0.753,1.121,1.863,50.0,5000,110.0,1,114.48,0.038,2,0.459,0.0,69
2026-05-23T00:35:15.990,172394,1293,1.042,1.552,3.156,50.0,5000,110.0,1,114.48,0.038,2,0.459,0.0,69
2026-05-23T00:35:16.115,172499,769,0.62,0.923,1.269,50.0,5000,110.0,1,114.48,0.038,2,0.459,0.0,69
2026-05-23T00:35:16.239,172604,1373,1.106,1.648,3.444,50.0,5000,110.0,1,114.48,0.038,2,0.459,0.0,69
2026-05-23T00:35:16.302,172709,1087,0.876,1.305,2.414,50.0,5000,110.0,1,114.48,0.038,2,0.459,0.0,69
2026-05-23T00:35:16.428,172814,296,0.239,0.355,0.0,50.0,5000,110.0,1,114.48,0.038,2,0.459,0.0,69
2026-05-23T00:35:16.552,172918,357,0.288,0.429,0.0,50.0,5000,110.0,1,114.48,0.038,2,0.459,0.0,69
2026-05-23T00:35:16.616,173022,982,0.791,1.179,2.036,50.0,5000,110.0,1,114.48,0.038,2,0.459,0.0,69
2026-05-23T00:35:16.738,173127,1391,1.121,1.67,3.509,50.0,5000,110.0,1,114.48,0.038,2,0.459,0.0,69
2026-05-23T00:35:16.863,173232,885,0.713,1.062,1.687,50.0,5000,110.0,1,114.48,0.038,2,0.459,0.0,69
2026-05-23T00:35:16.925,173337,242,0.195,0.29,0.0,50.0,5000,110.0,1,114.48,0.038,2,0.459,0.0,69
2026-05-23T00:35:17.050,173441,549,0.442,0.659,0.477,50.0,5000,110.0,1,114.48,0.038,2,0.459,0.0,69
2026-05-23T00:35:17.177,173546,1277,1.029,1.533,3.098,50.0,5000,110.0,1,114.48,0.038,2,0.459,0.0,69
2026-05-23T00:35:17.239,173651,1286,1.036,1.544,3.131,50.0,5000,110.0,1,114.48,0.038,2,0.459,0.0,69
2026-05-23T00:35:17.362,173756,467,0.376,0.561,0.182,50.0,5000,110.0,1,114.48,0.038,2,0.459,0.0,69
2026-05-23T00:35:17.484,173861,320,0.258,0.384,0.0,50.0,5000,110.0,1,114.48,0.038,2,0.459,0.0,69
2026-05-23T00:35:17.549,173965,939,0.757,1.127,1.881,50.0,5000,110.0,1,114.48,0.038,2,0.459,0.0,69
2026-05-23T00:35:17.673,174070,1397,1.126,1.677,3.531,50.0,5000,110.0,1,114.48,0.038,2,0.459,0.0,69
2026-05-23T00:35:17.798,174175,944,0.761,1.133,1.899,50.0,5000,110.0,1,114.48,0.038,2,0.459,0.0,69
2026-05-23T00:35:17.859,174280,238,0.192,0.286,0.0,50.0,5000,110.0,1,114.48,0.038,2,0.459,0.0,69
2026-05-23T00:35:18.046,174413,277,0.223,0.332,0.0,50.0,5000,110.0,1,114.5,0.038,2,0.459,0.0,69
2026-05-23T00:35:18.108,174518,596,0.48,0.715,0.646,50.0,5000,110.0,1,114.5,0.038,2,0.459,0.0,69
2026-05-23T00:35:18.233,174623,293,0.236,0.352,0.0,50.0,5000,110.0,1,114.5,0.038,2,0.459,0.0,69
2026-05-23T00:35:18.357,174727,806,0.65,0.967,1.402,50.0,5000,110.0,1,114.5,0.038,2,0.459,0.0,69
2026-05-23T00:35:18.421,174832,1392,1.122,1.671,3.513,50.0,5000,110.0,1,114.5,0.038,2,0.459,0.0,69
2026-05-23T00:35:18.543,174937,1060,0.854,1.272,2.317,50.0,5000,110.0,1,114.5,0.038,2,0.459,0.0,69
2026-05-23T00:35:18.669,175042,282,0.227,0.338,0.0,50.0,5000,110.0,1,114.5,0.038,2,0.459,0.0,69
2026-05-23T00:35:18.731,175146,375,0.302,0.45,0.0,50.0,5000,110.0,1,114.5,0.038,2,0.459,0.0,69
2026-05-23T00:35:18.857,175250,1014,0.817,1.217,2.151,50.0,5000,110.0,1,114.5,0.038,2,0.459,0.0,69
2026-05-23T00:35:18.981,175355,1404,1.131,1.685,3.556,50.0,5000,110.0,1,114.5,0.038,2,0.459,0.0,69
2026-05-23T00:35:19.043,175461,625,0.504,0.75,0.751,50.0,5000,110.0,1,114.48,0.038,2,0.459,0.0,69
2026-05-23T00:35:19.166,175566,266,0.214,0.319,0.0,50.0,5000,110.0,1,114.48,0.038,2,0.459,0.0,69
2026-05-23T00:35:19.292,175670,746,0.601,0.895,1.186,50.0,5000,110.0,1,114.48,0.038,2,0.459,0.0,69
2026-05-23T00:35:19.356,175775,1367,1.102,1.641,3.423,50.0,5000,110.0,1,114.48,0.038,2,0.459,0.0,69
2026-05-23T00:35:19.481,175880,1110,0.895,1.332,2.497,50.0,5000,110.0,1,114.48,0.038,2,0.459,0.0,69
2026-05-23T00:35:19.605,175985,314,0.253,0.377,0.0,50.0,5000,110.0,1,114.48,0.038,2,0.459,0.0,69
2026-05-23T00:35:19.667,176089,332,0.268,0.399,0.0,50.0,5000,110.0,1,114.48,0.038,2,0.459,0.0,69
2026-05-23T00:35:19.793,176193,956,0.77,1.148,1.943,50.0,5000,110.0,1,114.48,0.038,2,0.459,0.0,69
2026-05-23T00:35:19.917,176298,1400,1.128,1.68,3.541,50.0,5000,110.0,1,114.48,0.038,2,0.459,0.0,69
2026-05-23T00:35:20.042,176433,1254,1.011,1.505,3.016,50.0,5000,110.0,1,114.48,0.038,2,0.459,0.0,69
2026-05-23T00:35:20.165,176538,1384,1.115,1.661,3.484,50.0,5000,110.0,1,114.48,0.038,2,0.459,0.0,69
2026-05-23T00:35:20.225,176643,1089,0.878,1.307,2.421,50.0,5000,110.0,1,114.48,0.038,2,0.459,0.0,69
2026-05-23T00:35:20.338,176748,299,0.241,0.359,0.0,50.0,5000,110.0,1,114.48,0.038,2,0.459,0.0,69
2026-05-23T00:35:20.461,176852,357,0.288,0.429,0.0,50.0,5000,110.0,1,114.48,0.038,2,0.459,0.0,69
2026-05-23T00:35:20.523,176956,976,0.787,1.172,2.015,50.0,5000,110.0,1,114.48,0.038,2,0.459,0.0,69
2026-05-23T00:35:20.648,177061,1406,1.133,1.688,3.563,50.0,5000,110.0,1,114.48,0.038,2,0.459,0.0,69
2026-05-23T00:35:20.773,177166,904,0.728,1.085,1.755,50.0,5000,110.0,1,114.48,0.038,2,0.459,0.0,69
2026-05-23T00:35:20.835,177271,241,0.194,0.289,0.0,50.0,5000,110.0,1,114.48,0.038,2,0.459,0.0,69
2026-05-23T00:35:20.959,177375,537,0.433,0.645,0.434,50.0,5000,110.0,1,114.48,0.038,2,0.459,0.0,69
2026-05-23T00:35:21.083,177480,1244,1.002,1.493,2.98,50.0,5000,110.0,1,114.46,0.038,2,0.459,0.0,69
2026-05-23T00:35:21.208,177585,1313,1.058,1.576,3.228,50.0,5000,110.0,1,114.46,0.038,2,0.459,0.0,69
2026-05-23T00:35:21.270,177690,526,0.424,0.631,0.394,50.0,5000,110.0,1,114.46,0.038,2,0.459,0.0,69
2026-05-23T00:35:21.393,177795,311,0.251,0.373,0.0,50.0,5000,110.0,1,114.46,0.038,2,0.459,0.0,69
2026-05-23T00:35:21.517,177899,896,0.722,1.075,1.726,50.0,5000,110.0,1,114.46,0.038,2,0.459,0.0,69
2026-05-23T00:35:21.579,178004,1396,1.125,1.676,3.527,50.0,5000,110.0,1,114.46,0.038,2,0.459,0.0,69
2026-05-23T00:35:21.702,178109,995,0.802,1.194,2.083,50.0,5000,110.0,1,114.46,0.038,2,0.459,0.0,69
2026-05-23T00:35:21.826,178214,249,0.201,0.299,0.0,50.0,5000,110.0,1,114.46,0.038,2,0.459,0.0,69
2026-05-23T00:35:21.889,178318,430,0.347,0.516,0.048,50.0,5000,110.0,1,114.46,0.038,2,0.459,0.0,69
2026-05-23T00:35:22.013,178452,725,0.584,0.87,1.111,50.0,5000,110.0,1,114.46,0.038,2,0.459,0.0,69
2026-05-23T00:35:22.140,178557,267,0.215,0.32,0.0,50.0,5000,110.0,1,114.46,0.038,2,0.459,0.0,69
2026-05-23T00:35:22.264,178661,725,0.584,0.87,1.111,50.0,5000,110.0,1,114.46,0.038,2,0.459,0.0,69
2026-05-23T00:35:22.326,178766,1362,1.098,1.635,3.405,50.0,5000,110.0,1,114.46,0.038,2,0.459,0.0,69
2026-05-23T00:35:22.450,178871,1138,0.917,1.366,2.598,50.0,5000,110.0,1,114.46,0.038,2,0.459,0.0,69
2026-05-23T00:35:22.575,178976,341,0.275,0.409,0.0,50.0,5000,110.0,1,114.46,0.038,2,0.459,0.0,69
2026-05-23T00:35:22.699,179080,310,0.25,0.372,0.0,50.0,5000,110.0,1,114.46,0.038,2,0.459,0.0,69
2026-05-23T00:35:22.761,179184,919,0.741,1.103,1.809,50.0,5000,110.0,1,114.46,0.038,2,0.459,0.0,69
2026-05-23T00:35:22.885,179289,1401,1.129,1.682,3.545,50.0,5000,110.0,1,114.46,0.038,2,0.459,0.0,69
2026-05-23T00:35:23.008,179394,985,0.794,1.182,2.047,50.0,5000,110.0,1,114.46,0.038,2,0.459,0.0,69
2026-05-23T00:35:23.073,179500,235,0.189,0.282,0.0,50.0,5000,110.0,1,114.45,0.038,2,0.459,0.0,69
2026-05-23T00:35:23.196,179604,618,0.498,0.742,0.725,50.0,5000,110.0,1,114.45,0.038,2,0.459,0.0,69
2026-05-23T00:35:23.320,179709,1311,1.056,1.574,3.221,50.0,5000,110.0,1,114.45,0.038,2,0.459,0.0,69
2026-05-23T00:35:23.384,179814,1247,1.005,1.497,2.99,50.0,5000,110.0,1,114.45,0.038,2,0.459,0.0,69
2026-05-23T00:35:23.508,179919,422,0.34,0.507,0.02,50.0,5000,110.0,1,114.45,0.038,2,0.459,0.0,69
2026-05-23T00:35:23.634,180023,292,0.235,0.35,0.0,50.0,5000,110.0,1,114.45,0.038,2,0.459,0.0,69
2026-05-23T00:35:23.697,180127,805,0.649,0.966,1.399,50.0,5000,110.0,1,114.45,0.038,2,0.459,0.0,69
2026-05-23T00:35:23.821,180232,1384,1.115,1.661,3.484,50.0,5000,110.0,1,114.45,0.038,2,0.459,0.0,69
2026-05-23T00:35:23.945,180337,1068,0.861,1.282,2.346,50.0,5000,110.0,1,114.45,0.038,2,0.459,0.0,69
2026-05-23T00:35:24.068,180472,581,0.468,0.697,0.592,50.0,5000,110.0,1,114.46,0.038,2,0.459,0.0,69
2026-05-23T00:35:24.131,180577,1223,0.986,1.468,2.904,50.0,5000,110.0,1,114.46,0.038,2,0.459,0.0,69
2026-05-23T00:35:24.256,180682,401,0.323,0.481,0.0,50.0,5000,110.0,1,114.46,0.038,2,0.459,0.0,69
2026-05-23T00:35:24.381,180786,283,0.228,0.34,0.0,50.0,5000,110.0,1,114.46,0.038,2,0.459,0.0,69
2026-05-23T00:35:24.443,180890,805,0.649,0.966,1.399,50.0,5000,110.0,1,114.46,0.038,2,0.459,0.0,69
2026-05-23T00:35:24.568,180995,1382,1.114,1.659,3.477,50.0,5000,110.0,1,114.46,0.038,2,0.459,0.0,69
2026-05-23T00:35:24.692,181100,1060,0.854,1.272,2.317,50.0,5000,110.0,1,114.46,0.038,2,0.459,0.0,69
2026-05-23T00:35:24.818,181205,285,0.23,0.342,0.0,50.0,5000,110.0,1,114.46,0.038,2,0.459,0.0,69
2026-05-23T00:35:24.880,181309,355,0.286,0.426,0.0,50.0,5000,110.0,1,114.46,0.038,2,0.459,0.0,69
2026-05-23T00:35:25.004,181413,976,0.787,1.172,2.015,50.0,5000,110.0,1,114.46,0.038,2,0.459,0.0,69
2026-05-23T00:35:25.131,181519,1364,1.099,1.637,3.412,50.0,5000,110.0,1,114.46,0.038,2,0.459,0.0,69
2026-05-23T00:35:25.192,181624,709,0.571,0.851,1.053,50.0,5000,110.0,1,114.46,0.038,2,0.459,0.0,69
2026-05-23T00:35:25.316,181729,246,0.198,0.295,0.0,50.0,5000,110.0,1,114.46,0.038,2,0.459,0.0,69
2026-05-23T00:35:25.442,181833,689,0.555,0.827,0.981,50.0,5000,110.0,1,114.46,0.038,2,0.459,0.0,69
2026-05-23T00:35:25.505,181938,1341,1.081,1.61,3.329,50.0,5000,110.0,1,114.46,0.038,2,0.459,0.0,69
2026-05-23T00:35:25.627,182043,1172,0.944,1.407,2.72,50.0,5000,110.0,1,114.46,0.038,2,0.459,0.0,69
2026-05-23T00:35:25.752,182148,353,0.284,0.424,0.0,50.0,5000,110.0,1,114.46,0.038,2,0.459,0.0,69
2026-05-23T00:35:25.814,182252,298,0.24,0.358,0.0,50.0,5000,110.0,1,114.46,0.038,2,0.459,0.0,69
2026-05-23T00:35:25.938,182356,872,0.703,1.047,1.64,50.0,5000,110.0,1,114.46,0.038,2,0.459,0.0,69
2026-05-23T00:35:26.062,182491,1256,1.012,1.508,3.023,50.0,5000,110.0,1,114.45,0.038,2,0.459,0.0,69
2026-05-23T00:35:26.186,182597,893,0.72,1.072,1.716,50.0,5000,110.0,1,114.45,0.038,2,0.459,0.0,69
2026-05-23T00:35:26.248,182702,1402,1.13,1.683,3.549,50.0,5000,110.0,1,114.45,0.038,2,0.459,0.0,69
2026-05-23T00:35:26.373,182807,1003,0.808,1.204,2.112,50.0,5000,110.0,1,114.45,0.038,2,0.459,0.0,69
2026-05-23T00:35:26.496,182912,251,0.202,0.301,0.0,50.0,5000,110.0,1,114.45,0.038,2,0.459,0.0,69
2026-05-23T00:35:26.621,183016,424,0.342,0.509,0.027,50.0,5000,110.0,1,114.45,0.038,2,0.459,0.0,69
2026-05-23T00:35:26.683,183120,1042,0.84,1.251,2.252,50.0,5000,110.0,1,114.45,0.038,2,0.459,0.0,69
2026-05-23T00:35:26.807,183225,1399,1.127,1.679,3.538,50.0,5000,110.0,1,114.45,0.038,2,0.459,0.0,69
2026-05-23T00:35:26.931,183330,822,0.662,0.987,1.46,50.0,5000,110.0,1,114.45,0.038,2,0.459,0.0,69
2026-05-23T00:35:26.994,183435,242,0.195,0.29,0.0,50.0,5000,110.0,1,114.45,0.038,2,0.459,0.0,69
2026-05-23T00:35:27.118,183539,577,0.465,0.693,0.578,50.0,5000,110.0,1,114.45,0.038,2,0.459,0.0,69
2026-05-23T00:35:27.243,183644,1282,1.033,1.539,3.116,50.0,5000,110.0,1,114.45,0.038,2,0.459,0.0,69
2026-05-23T00:35:27.305,183749,1272,1.025,1.527,3.08,50.0,5000,110.0,1,114.45,0.038,2,0.459,0.0,69
2026-05-23T00:35:27.429,183854,469,0.378,0.563,0.189,50.0,5000,110.0,1,114.45,0.038,2,0.459,0.0,69
2026-05-23T00:35:27.554,183959,326,0.263,0.391,0.0,50.0,5000,110.0,1,114.45,0.038,2,0.459,0.0,69
2026-05-23T00:35:27.616,184063,931,0.75,1.118,1.853,50.0,5000,110.0,1,114.45,0.038,2,0.459,0.0,69
2026-05-23T00:35:27.741,184168,1400,1.128,1.68,3.541,50.0,5000,110.0,1,114.45,0.038,2,0.459,0.0,69
2026-05-23T00:35:27.867,184273,969,0.781,1.163,1.989,50.0,5000,110.0,1,114.45,0.038,2,0.459,0.0,69
2026-05-23T00:35:27.927,184378,247,0.199,0.296,0.0,50.0,5000,110.0,1,114.45,0.038,2,0.459,0.0,69
2026-05-23T00:35:28.053,184511,275,0.222,0.33,0.0,50.0,5000,110.0,1,114.46,0.038,2,0.459,0.0,69
2026-05-23T00:35:28.178,184615,845,0.681,1.014,1.543,50.0,5000,110.0,1,114.46,0.038,2,0.459,0.0,69
2026-05-23T00:35:28.302,184720,239,0.193,0.287,0.0,50.0,5000,110.0,1,114.46,0.038,2,0.459,0.0,69
2026-05-23T00:35:28.363,184824,563,0.454,0.676,0.527,50.0,5000,110.0,1,114.46,0.038,2,0.459,0.0,69
2026-05-23T00:35:28.488,184929,1278,1.03,1.534,3.102,50.0,5000,110.0,1,114.46,0.038,2,0.459,0.0,69
2026-05-23T00:35:28.614,185034,1295,1.044,1.554,3.163,50.0,5000,110.0,1,114.46,0.038,2,0.459,0.0,69
2026-05-23T00:35:28.736,185139,496,0.4,0.595,0.286,50.0,5000,110.0,1,114.46,0.038,2,0.459,0.0,69
2026-05-23T00:35:28.800,185244,315,0.254,0.378,0.0,50.0,5000,110.0,1,114.46,0.038,2,0.459,0.0,69
2026-05-23T00:35:28.923,185348,908,0.732,1.09,1.77,50.0,5000,110.0,1,114.46,0.038,2,0.459,0.0,69
2026-05-23T00:35:29.047,185453,1397,1.126,1.677,3.531,50.0,5000,110.0,1,114.46,0.038,2,0.459,0.0,69
2026-05-23T00:35:29.110,185558,968,0.78,1.162,1.986,50.0,5000,110.0,1,114.46,0.038,2,0.459,0.0,69
2026-05-23T00:35:29.236,185663,257,0.207,0.308,0.0,50.0,5000,110.0,1,114.46,0.038,2,0.459,0.0,69
2026-05-23T00:35:29.361,185767,423,0.341,0.508,0.023,50.0,5000,110.0,1,114.46,0.038,2,0.459,0.0,69
2026-05-23T00:35:29.424,185871,1041,0.839,1.25,2.249,50.0,5000,110.0,1,114.46,0.038,2,0.459,0.0,69
2026-05-23T00:35:29.547,185976,1390,1.12,1.668,3.505,50.0,5000,110.0,1,114.46,0.038,2,0.459,0.0,69
2026-05-23T00:35:29.671,186081,826,0.666,0.991,1.474,50.0,5000,110.0,1,114.46,0.038,2,0.459,0.0,69
2026-05-23T00:35:29.733,186186,241,0.194,0.289,0.0,50.0,5000,110.0,1,114.46,0.038,2,0.459,0.0,69
2026-05-23T00:35:29.859,186290,581,0.468,0.697,0.592,50.0,5000,110.0,1,114.46,0.038,2,0.459,0.0,69
2026-05-23T00:35:29.982,186395,1289,1.039,1.547,3.142,50.0,5000,110.0,1,114.46,0.038,2,0.459,0.0,69
2026-05-23T00:35:30.107,186530,1390,1.12,1.668,3.505,50.0,5000,110.0,1,114.46,0.038,2,0.459,0.0,69
2026-05-23T00:35:30.170,186635,1172,0.944,1.407,2.72,50.0,5000,110.0,1,114.46,0.038,2,0.459,0.0,69
2026-05-23T00:35:30.296,186740,1380,1.112,1.656,3.469,50.0,5000,110.0,1,114.46,0.038,2,0.459,0.0,69
2026-05-23T00:35:30.417,186845,649,0.523,0.779,0.837,50.0,5000,110.0,1,114.46,0.038,2,0.459,0.0,69
2026-05-23T00:35:30.542,186950,275,0.222,0.33,0.0,50.0,5000,110.0,1,114.46,0.038,2,0.459,0.0,69
2026-05-23T00:35:30.604,187054,736,0.593,0.883,1.15,50.0,5000,110.0,1,114.46,0.038,2,0.459,0.0,69
2026-05-23T00:35:30.729,187159,1364,1.099,1.637,3.412,50.0,5000,110.0,1,114.46,0.038,2,0.459,0.0,69
2026-05-23T00:35:30.854,187264,1137,0.916,1.365,2.594,50.0,5000,110.0,1,114.46,0.038,2,0.459,0.0,69
2026-05-23T00:35:30.916,187369,342,0.276,0.411,0.0,50.0,5000,110.0,1,114.46,0.038,2,0.459,0.0,69
2026-05-23T00:35:31.041,187473,307,0.247,0.369,0.0,50.0,5000,110.0,1,114.46,0.038,2,0.459,0.0,69
2026-05-23T00:35:31.163,187578,1048,0.845,1.258,2.274,50.0,5000,110.0,1,114.46,0.038,2,0.459,0.0,69
2026-05-23T00:35:31.225,187683,1391,1.121,1.67,3.509,50.0,5000,110.0,1,114.46,0.038,2,0.459,0.0,69
2026-05-23T00:35:31.348,187788,806,0.65,0.967,1.402,50.0,5000,110.0,1,114.46,0.038,2,0.459,0.0,69
2026-05-23T00:35:31.474,187893,245,0.197,0.294,0.0,50.0,5000,110.0,1,114.46,0.038,2,0.459,0.0,69
2026-05-23T00:35:31.535,187997,590,0.475,0.708,0.625,50.0,5000,110.0,1,114.46,0.038,2,0.459,0.0,69
2026-05-23T00:35:31.660,188102,1287,1.037,1.545,3.134,50.0,5000,110.0,1,114.46,0.038,2,0.459,0.0,69
2026-05-23T00:35:31.784,188207,1262,1.017,1.515,3.044,50.0,5000,110.0,1,114.46,0.038,2,0.459,0.0,69
2026-05-23T00:35:31.848,188312,484,0.39,0.581,0.243,50.0,5000,110.0,1,114.46,0.038,2,0.459,0.0,69
2026-05-23T00:35:31.972,188417,329,0.265,0.395,0.0,50.0,5000,110.0,1,114.46,0.038,2,0.459,0.0,69
2026-05-23T00:35:32.099,188549,584,0.471,0.701,0.603,50.0,5000,110.0,1,114.44,0.038,2,0.459,0.0,69
2026-05-23T00:35:32.207,188654,386,0.311,0.463,0.0,50.0,5000,110.0,1,114.44,0.038,2,0.459,0.0,69
2026-05-23T00:35:32.311,188758,309,0.249,0.371,0.0,50.0,5000,110.0,1,114.44,0.038,2,0.459,0.0,69
2026-05-23T00:35:32.436,188862,837,0.675,1.005,1.514,50.0,5000,110.0,1,114.44,0.038,2,0.459,0.0,69
2026-05-23T00:35:32.498,188967,1379,1.111,1.655,3.466,50.0,5000,110.0,1,114.44,0.038,2,0.459,0.0,69
2026-05-23T00:35:32.611,189072,1044,0.841,1.253,2.259,50.0,5000,110.0,1,114.44,0.038,2,0.459,0.0,69
2026-05-23T00:35:32.719,189177,290,0.234,0.348,0.0,50.0,5000,110.0,1,114.44,0.038,2,0.459,0.0,69
2026-05-23T00:35:32.831,189281,381,0.307,0.457,0.0,50.0,5000,110.0,1,114.44,0.038,2,0.459,0.0,69
2026-05-23T00:35:32.936,189385,988,0.796,1.186,2.058,50.0,5000,110.0,1,114.44,0.038,2,0.459,0.0,69
2026-05-23T00:35:33.042,189490,1390,1.12,1.668,3.505,50.0,5000,110.0,1,114.44,0.038,2,0.459,0.0,69
2026-05-23T00:35:33.146,189597,508,0.409,0.61,0.329,50.0,5000,110.0,1,114.44,0.038,2,0.459,0.0,69
2026-05-23T00:35:33.248,189702,311,0.251,0.373,0.0,50.0,5000,110.0,1,114.44,0.038,2,0.459,0.0,69
2026-05-23T00:35:33.370,189806,871,0.702,1.045,1.636,50.0,5000,110.0,1,114.44,0.038,2,0.459,0.0,69
2026-05-23T00:35:33.432,189911,1380,1.112,1.656,3.469,50.0,5000,110.0,1,114.44,0.038,2,0.459,0.0,69
2026-05-23T00:35:33.558,190016,1021,0.823,1.226,2.177,50.0,5000,110.0,1,114.44,0.038,2,0.459,0.0,69
2026-05-23T00:35:33.674,190121,285,0.23,0.342,0.0,50.0,5000,110.0,1,114.44,0.038,2,0.459,0.0,69
2026-05-23T00:35:33.780,190225,397,0.32,0.477,0.0,50.0,5000,110.0,1,114.44,0.038,2,0.459,0.0,69
2026-05-23T00:35:33.889,190329,1003,0.808,1.204,2.112,50.0,5000,110.0,1,114.44,0.038,2,0.459,0.0,69
2026-05-23T00:35:33.998,190434,1374,1.107,1.649,3.448,50.0,5000,110.0,1,114.44,0.038,2,0.459,0.0,69
2026-05-23T00:35:34.101,190569,1191,0.96,1.43,2.789,50.0,5000,110.0,1,114.48,0.038,2,0.459,0.0,69
2026-05-23T00:35:34.210,190674,1369,1.103,1.643,3.43,50.0,5000,110.0,1,114.48,0.038,2,0.459,0.0,69
2026-05-23T00:35:34.326,190779,1041,0.839,1.25,2.249,50.0,5000,110.0,1,114.48,0.038,2,0.459,0.0,69
2026-05-23T00:35:34.446,190884,283,0.228,0.34,0.0,50.0,5000,110.0,1,114.48,0.038,2,0.459,0.0,69
2026-05-23T00:35:34.506,190988,367,0.296,0.441,0.0,50.0,5000,110.0,1,114.48,0.038,2,0.459,0.0,69
2026-05-23T00:35:34.630,191092,974,0.785,1.169,2.007,50.0,5000,110.0,1,114.48,0.038,2,0.459,0.0,69
2026-05-23T00:35:34.752,191197,1385,1.116,1.662,3.487,50.0,5000,110.0,1,114.48,0.038,2,0.459,0.0,69
2026-05-23T00:35:34.864,191302,909,0.733,1.091,1.773,50.0,5000,110.0,1,114.48,0.038,2,0.459,0.0,69
2026-05-23T00:35:34.928,191407,245,0.197,0.294,0.0,50.0,5000,110.0,1,114.48,0.038,2,0.459,0.0,69
2026-05-23T00:35:35.050,191511,504,0.406,0.605,0.315,50.0,5000,110.0,1,114.48,0.038,2,0.459,0.0,69
2026-05-23T00:35:35.174,191617,1297,1.045,1.557,3.17,50.0,5000,110.0,1,114.47,0.038,2,0.459,0.0,69
2026-05-23T00:35:35.238,191722,1199,0.966,1.439,2.818,50.0,5000,110.0,1,114.47,0.038,2,0.459,0.0,69
2026-05-23T00:35:35.364,191827,410,0.33,0.492,0.0,50.0,5000,110.0,1,114.47,0.038,2,0.459,0.0,69
2026-05-23T00:35:35.483,191931,301,0.243,0.361,0.0,50.0,5000,110.0,1,114.47,0.038,2,0.459,0.0,69
2026-05-23T00:35:35.592,192035,807,0.65,0.969,1.406,50.0,5000,110.0,1,114.47,0.038,2,0.459,0.0,69
2026-05-23T00:35:35.702,192140,1367,1.102,1.641,3.423,50.0,5000,110.0,1,114.47,0.038,2,0.459,0.0,69
2026-05-23T00:35:35.812,192245,1066,0.859,1.28,2.339,50.0,5000,110.0,1,114.47,0.038,2,0.459,0.0,69
2026-05-23T00:35:35.864,192350,307,0.247,0.369,0.0,50.0,5000,110.0,1,114.47,0.038,2,0.459,0.0,69
2026-05-23T00:35:35.977,192454,343,0.276,0.412,0.0,50.0,5000,110.0,1,114.47,0.038,2,0.459,0.0,69
2026-05-23T00:35:36.160,192588,609,0.491,0.731,0.693,50.0,5000,110.0,1,114.43,0.038,2,0.459,0.0,69
2026-05-23T00:35:36.219,192693,244,0.197,0.293,0.0,50.0,5000,110.0,1,114.43,0.038,2,0.459,0.0,69
2026-05-23T00:35:36.347,192797,590,0.475,0.708,0.625,50.0,5000,110.0,1,114.43,0.038,2,0.459,0.0,69
2026-05-23T00:35:36.469,192902,1270,1.023,1.524,3.073,50.0,5000,110.0,1,114.43,0.038,2,0.459,0.0,69
2026-05-23T00:35:36.530,193007,1259,1.015,1.511,3.034,50.0,5000,110.0,1,114.43,0.038,2,0.459,0.0,69
2026-05-23T00:35:36.655,193112,493,0.397,0.592,0.275,50.0,5000,110.0,1,114.43,0.038,2,0.459,0.0,69
2026-05-23T00:35:36.780,193217,324,0.261,0.389,0.0,50.0,5000,110.0,1,114.43,0.038,2,0.459,0.0,69
2026-05-23T00:35:36.843,193321,905,0.729,1.086,1.759,50.0,5000,110.0,1,114.43,0.038,2,0.459,0.0,69
2026-05-23T00:35:36.965,193426,1381,1.113,1.658,3.473,50.0,5000,110.0,1,114.43,0.038,2,0.459,0.0,69
2026-05-23T00:35:37.089,193531,990,0.798,1.188,2.065,50.0,5000,110.0,1,114.43,0.038,2,0.459,0.0,69
2026-05-23T00:35:37.153,193636,242,0.195,0.29,0.0,50.0,5000,110.0,1,114.45,0.038,2,0.459,0.0,69
2026-05-23T00:35:37.277,193740,421,0.339,0.505,0.016,50.0,5000,110.0,1,114.45,0.038,2,0.459,0.0,69
2026-05-23T00:35:37.402,193844,1019,0.821,1.223,2.169,50.0,5000,110.0,1,114.45,0.038,2,0.459,0.0,69
2026-05-23T00:35:37.464,193949,1374,1.107,1.649,3.448,50.0,5000,110.0,1,114.45,0.038,2,0.459,0.0,69
2026-05-23T00:35:37.592,194054,833,0.671,1.0,1.5,50.0,5000,110.0,1,114.45,0.038,2,0.459,0.0,69
2026-05-23T00:35:37.713,194159,238,0.192,0.286,0.0,50.0,5000,110.0,1,114.45,0.038,2,0.459,0.0,69
2026-05-23T00:35:37.775,194263,556,0.448,0.667,0.502,50.0,5000,110.0,1,114.45,0.038,2,0.459,0.0,69
2026-05-23T00:35:37.900,194368,1265,1.019,1.518,3.055,50.0,5000,110.0,1,114.45,0.038,2,0.459,0.0,69
2026-05-23T00:35:38.027,194473,1301,1.048,1.562,3.185,50.0,5000,110.0,1,114.45,0.038,2,0.459,0.0,69
2026-05-23T00:35:38.152,194608,857,0.691,1.029,1.586,50.0,5000,110.0,1,114.48,0.038,2,0.459,0.0,69
2026-05-23T00:35:38.276,194713,1374,1.107,1.649,3.448,50.0,5000,110.0,1,114.48,0.038,2,0.459,0.0,69
2026-05-23T00:35:38.338,194818,701,0.565,0.841,1.024,50.0,5000,110.0,1,114.48,0.038,2,0.459,0.0,69
2026-05-23T00:35:38.463,194923,263,0.212,0.316,0.0,50.0,5000,110.0,1,114.48,0.038,2,0.459,0.0,69
2026-05-23T00:35:38.589,195027,688,0.554,0.826,0.977,50.0,5000,110.0,1,114.48,0.038,2,0.459,0.0,69
2026-05-23T00:35:38.649,195132,1336,1.077,1.604,3.311,50.0,5000,110.0,1,114.48,0.038,2,0.459,0.0,69
2026-05-23T00:35:38.775,195237,1183,0.953,1.42,2.76,50.0,5000,110.0,1,114.48,0.038,2,0.459,0.0,69
2026-05-23T00:35:38.898,195342,376,0.303,0.451,0.0,50.0,5000,110.0,1,114.48,0.038,2,0.459,0.0,69
2026-05-23T00:35:38.959,195446,292,0.235,0.35,0.0,50.0,5000,110.0,1,114.48,0.038,2,0.459,0.0,69
2026-05-23T00:35:39.086,195550,826,0.666,0.991,1.474,50.0,5000,110.0,1,114.48,0.038,2,0.459,0.0,69
2026-05-23T00:35:39.210,195656,1372,1.106,1.647,3.441,50.0,5000,110.0,1,114.49,0.038,2,0.459,0.0,69
2026-05-23T00:35:39.274,195761,881,0.71,1.057,1.672,50.0,5000,110.0,1,114.49,0.038,2,0.459,0.0,69
2026-05-23T00:35:39.399,195866,233,0.188,0.28,0.0,50.0,5000,110.0,1,114.49,0.038,2,0.459,0.0,69
2026-05-23T00:35:39.524,195970,523,0.421,0.628,0.383,50.0,5000,110.0,1,114.49,0.038,2,0.459,0.0,69
2026-05-23T00:35:39.584,196075,1245,1.003,1.494,2.983,50.0,5000,110.0,1,114.49,0.038,2,0.459,0.0,69
2026-05-23T00:35:39.709,196180,1329,1.071,1.595,3.286,50.0,5000,110.0,1,114.49,0.038,2,0.459,0.0,69
2026-05-23T00:35:39.832,196285,548,0.442,0.658,0.473,50.0,5000,110.0,1,114.49,0.038,2,0.459,0.0,69
2026-05-23T00:35:39.895,196390,292,0.235,0.35,0.0,50.0,5000,110.0,1,114.49,0.038,2,0.459,0.0,69
2026-05-23T00:35:40.021,196494,824,0.664,0.989,1.467,50.0,5000,110.0,1,114.49,0.038,2,0.459,0.0,69
2026-05-23T00:35:40.144,196632,1226,0.988,1.472,2.915,50.0,5000,110.0,1,114.49,0.038,2,0.459,0.0,69
2026-05-23T00:35:40.267,196737,1139,0.918,1.367,2.602,50.0,5000,110.0,1,114.49,0.038,2,0.459,0.0,69
2026-05-23T00:35:40.392,196842,1379,1.111,1.655,3.466,50.0,5000,110.0,1,114.49,0.038,2,0.459,0.0,69
2026-05-23T00:35:40.454,196947,704,0.567,0.845,1.035,50.0,5000,110.0,1,114.49,0.038,2,0.459,0.0,69
2026-05-23T00:35:40.581,197052,247,0.199,0.296,0.0,50.0,5000,110.0,1,114.49,0.038,2,0.459,0.0,69
2026-05-23T00:35:40.707,197156,681,0.549,0.817,0.952,50.0,5000,110.0,1,114.49,0.038,2,0.459,0.0,69
2026-05-23T00:35:40.767,197261,1333,1.074,1.6,3.3,50.0,5000,110.0,1,114.49,0.038,2,0.459,0.0,69
2026-05-23T00:35:40.890,197366,1196,0.964,1.436,2.807,50.0,5000,110.0,1,114.49,0.038,2,0.459,0.0,69
2026-05-23T00:35:41.015,197471,379,0.305,0.455,0.0,50.0,5000,110.0,1,114.49,0.038,2,0.459,0.0,69
2026-05-23T00:35:41.077,197575,291,0.235,0.349,0.0,50.0,5000,110.0,1,114.49,0.038,2,0.459,0.0,69
2026-05-23T00:35:41.203,197675,278,0.224,0.334,0.0,50.0,5000,110.0,1,114.48,0.038,2,0.459,0.0,69
2026-05-23T00:35:41.330,197779,751,0.605,0.901,1.204,50.0,5000,110.0,1,114.48,0.038,2,0.459,0.0,69
2026-05-23T00:35:41.391,197884,1365,1.1,1.638,3.415,50.0,5000,110.0,1,114.48,0.038,2,0.459,0.0,69
2026-05-23T00:35:41.514,197989,1129,0.91,1.355,2.566,50.0,5000,110.0,1,114.48,0.038,2,0.459,0.0,69
2026-05-23T00:35:41.638,198094,339,0.273,0.407,0.0,50.0,5000,110.0,1,114.48,0.038,2,0.459,0.0,69
2026-05-23T00:35:41.701,198198,313,0.252,0.376,0.0,50.0,5000,110.0,1,114.48,0.038,2,0.459,0.0,69
2026-05-23T00:35:41.827,198302,909,0.733,1.091,1.773,50.0,5000,110.0,1,114.48,0.038,2,0.459,0.0,69
2026-05-23T00:35:41.950,198407,1403,1.131,1.684,3.552,50.0,5000,110.0,1,114.48,0.038,2,0.459,0.0,69
2026-05-23T00:35:42.013,198512,999,0.805,1.199,2.097,50.0,5000,110.0,1,114.48,0.038,2,0.459,0.0,69
2026-05-23T00:35:42.137,198647,520,0.419,0.624,0.373,50.0,5000,110.0,1,114.44,0.038,2,0.459,0.0,69
2026-05-23T00:35:42.263,198752,1167,0.94,1.401,2.702,50.0,5000,110.0,1,114.44,0.038,2,0.459,0.0,69
2026-05-23T00:35:42.389,198857,365,0.294,0.438,0.0,50.0,5000,110.0,1,114.44,0.038,2,0.459,0.0,69
2026-05-23T00:35:42.449,198961,302,0.243,0.362,0.0,50.0,5000,110.0,1,114.44,0.038,2,0.459,0.0,69
2026-05-23T00:35:42.575,199065,856,0.69,1.027,1.582,50.0,5000,110.0,1,114.44,0.038,2,0.459,0.0,69
2026-05-23T00:35:42.699,199170,1396,1.125,1.676,3.527,50.0,5000,110.0,1,114.44,0.038,2,0.459,0.0,69
2026-05-23T00:35:42.808,199275,1042,0.84,1.251,2.252,50.0,5000,110.0,1,114.44,0.038,2,0.459,0.0,69
2026-05-23T00:35:42.868,199380,276,0.222,0.331,0.0,50.0,5000,110.0,1,114.44,0.038,2,0.459,0.0,69
2026-05-23T00:35:42.993,199484,375,0.302,0.45,0.0,50.0,5000,110.0,1,114.44,0.038,2,0.459,0.0,69
2026-05-23T00:35:43.117,199588,993,0.8,1.192,2.076,50.0,5000,110.0,1,114.44,0.038,2,0.459,0.0,69
2026-05-23T00:35:43.242,199695,1296,1.044,1.556,3.167,50.0,5000,110.0,1,114.47,0.038,2,0.459,0.0,69
2026-05-23T00:35:43.305,199800,534,0.43,0.641,0.423,50.0,5000,110.0,1,114.47,0.038,2,0.459,0.0,69
2026-05-23T00:35:43.429,199905,300,0.242,0.36,0.0,50.0,5000,110.0,1,114.47,0.038,2,0.459,0.0,69
2026-05-23T00:35:43.547,200009,845,0.681,1.014,1.543,50.0,5000,110.0,1,114.47,0.038,2,0.459,0.0,69
2026-05-23T00:35:43.602,200114,1374,1.107,1.649,3.448,50.0,5000,110.0,1,114.47,0.038,2,0.459,0.0,69
2026-05-23T00:35:43.712,200219,1031,0.831,1.238,2.213,50.0,5000,110.0,1,114.47,0.038,2,0.459,0.0,69
2026-05-23T00:35:43.828,200324,284,0.229,0.341,0.0,50.0,5000,110.0,1,114.47,0.038,2,0.459,0.0,69
2026-05-23T00:35:43.938,200428,372,0.3,0.447,0.0,50.0,5000,110.0,1,114.47,0.038,2,0.459,0.0,69
2026-05-23T00:35:44.045,200532,982,0.791,1.179,2.036,50.0,5000,110.0,1,114.47,0.038,2,0.459,0.0,69
2026-05-23T00:35:44.154,200666,1314,1.059,1.577,3.232,50.0,5000,110.0,1,114.46,0.038,2,0.459,0.0,69
2026-05-23T00:35:44.265,200772,800,0.645,0.96,1.381,50.0,5000,110.0,1,114.46,0.038,2,0.459,0.0,69
2026-05-23T00:35:44.373,200877,1365,1.1,1.638,3.415,50.0,5000,110.0,1,114.46,0.038,2,0.459,0.0,69
2026-05-23T00:35:44.487,200982,1080,0.87,1.296,2.389,50.0,5000,110.0,1,114.46,0.038,2,0.459,0.0,69
2026-05-23T00:35:44.599,201087,313,0.252,0.376,0.0,50.0,5000,110.0,1,114.46,0.038,2,0.459,0.0,69
2026-05-23T00:35:44.724,201191,337,0.272,0.405,0.0,50.0,5000,110.0,1,114.46,0.038,2,0.459,0.0,69
2026-05-23T00:35:44.787,201295,940,0.758,1.128,1.885,50.0,5000,110.0,1,114.46,0.038,2,0.459,0.0,69
2026-05-23T00:35:44.912,201400,1384,1.115,1.661,3.484,50.0,5000,110.0,1,114.46,0.038,2,0.459,0.0,69
2026-05-23T00:35:45.031,201505,953,0.768,1.144,1.932,50.0,5000,110.0,1,114.46,0.038,2,0.459,0.0,69
2026-05-23T00:35:45.099,201610,251,0.202,0.301,0.0,50.0,5000,110.0,1,114.46,0.038,2,0.459,0.0,69
2026-05-23T00:35:45.222,201714,456,0.367,0.547,0.142,50.0,5000,110.0,1,114.45,0.038,2,0.459,0.0,69
2026-05-23T00:35:45.348,201819,1192,0.961,1.431,2.792,50.0,5000,110.0,1,114.45,0.038,2,0.459,0.0,69
2026-05-23T00:35:45.409,201924,1349,1.087,1.619,3.358,50.0,5000,110.0,1,114.45,0.038,2,0.459,0.0,69
2026-05-23T00:35:45.532,202029,615,0.496,0.738,0.715,50.0,5000,110.0,1,114.45,0.038,2,0.459,0.0,69
2026-05-23T00:35:45.654,202134,285,0.23,0.342,0.0,50.0,5000,110.0,1,114.45,0.038,2,0.459,0.0,69
2026-05-23T00:35:45.717,202238,757,0.61,0.909,1.226,50.0,5000,110.0,1,114.45,0.038,2,0.459,0.0,69
2026-05-23T00:35:45.842,202343,1355,1.092,1.626,3.379,50.0,5000,110.0,1,114.45,0.038,2,0.459,0.0,69
2026-05-23T00:35:45.967,202448,1109,0.894,1.331,2.493,50.0,5000,110.0,1,114.45,0.038,2,0.459,0.0,69
2026-05-23T00:35:46.031,202553,342,0.276,0.411,0.0,50.0,5000,110.0,1,114.45,0.038,2,0.459,0.0,69
2026-05-23T00:35:46.220,202686,246,0.198,0.295,0.0,50.0,5000,110.0,1,114.45,0.037,2,0.472,0.0,69
2026-05-23T00:35:46.280,202791,842,0.679,1.011,1.532,50.0,5000,110.0,1,114.45,0.037,2,0.472,0.0,69
2026-05-23T00:35:46.404,202896,243,0.196,0.292,0.0,50.0,5000,110.0,1,114.45,0.037,2,0.472,0.0,69
2026-05-23T00:35:46.517,203000,552,0.445,0.663,0.488,50.0,5000,110.0,1,114.45,0.037,2,0.472,0.0,69
2026-05-23T00:35:46.636,203105,1245,1.003,1.494,2.983,50.0,5000,110.0,1,114.45,0.037,2,0.472,0.0,69
2026-05-23T00:35:46.700,203210,1294,1.043,1.553,3.16,50.0,5000,110.0,1,114.45,0.037,2,0.472,0.0,69
2026-05-23T00:35:46.808,203315,536,0.432,0.643,0.43,50.0,5000,110.0,1,114.45,0.037,2,0.472,0.0,69
2026-05-23T00:35:46.920,203420,309,0.249,0.371,0.0,50.0,5000,110.0,1,114.45,0.037,2,0.472,0.0,69
2026-05-23T00:35:47.021,203524,863,0.695,1.036,1.608,50.0,5000,110.0,1,114.45,0.037,2,0.472,0.0,69
2026-05-23T00:35:47.124,203629,1380,1.112,1.656,3.469,50.0,5000,110.0,1,114.45,0.037,2,0.472,0.0,69
2026-05-23T00:35:47.225,203733,1167,0.94,1.401,2.702,50.0,5000,110.0,1,114.44,0.038,2,0.459,0.0,69
2026-05-23T00:35:47.326,203838,399,0.322,0.479,0.0,50.0,5000,110.0,1,114.44,0.038,2,0.459,0.0,69
2026-05-23T00:35:47.428,203942,305,0.246,0.366,0.0,50.0,5000,110.0,1,114.44,0.038,2,0.459,0.0,69
2026-05-23T00:35:47.543,204046,822,0.662,0.987,1.46,50.0,5000,110.0,1,114.44,0.038,2,0.459,0.0,69
2026-05-23T00:35:47.646,204151,1372,1.106,1.647,3.441,50.0,5000,110.0,1,114.44,0.038,2,0.459,0.0,69
2026-05-23T00:35:47.750,204256,1061,0.855,1.274,2.321,50.0,5000,110.0,1,114.44,0.038,2,0.459,0.0,69
2026-05-23T00:35:47.853,204361,305,0.246,0.366,0.0,50.0,5000,110.0,1,114.44,0.038,2,0.459,0.0,69
2026-05-23T00:35:47.961,204465,353,0.284,0.424,0.0,50.0,5000,110.0,1,114.44,0.038,2,0.459,0.0,69
2026-05-23T00:35:48.070,204569,957,0.771,1.149,1.946,50.0,5000,110.0,1,114.44,0.038,2,0.459,0.0,69
2026-05-23T00:35:48.178,204705,1300,1.048,1.56,3.181,50.0,5000,110.0,1,114.45,0.038,2,0.459,0.0,69
2026-05-23T00:35:48.303,204811,1083,0.873,1.3,2.4,50.0,5000,110.0,1,114.45,0.038,2,0.459,0.0,69
2026-05-23T00:35:48.411,204916,1368,1.102,1.642,3.426,50.0,5000,110.0,1,114.45,0.038,2,0.459,0.0,69
2026-05-23T00:35:48.523,205021,759,0.612,0.911,1.233,50.0,5000,110.0,1,114.45,0.038,2,0.459,0.0,69
2026-05-23T00:35:48.645,205126,253,0.204,0.304,0.0,50.0,5000,110.0,1,114.45,0.038,2,0.459,0.0,69
2026-05-23T00:35:48.707,205230,640,0.516,0.768,0.805,50.0,5000,110.0,1,114.45,0.038,2,0.459,0.0,69
2026-05-23T00:35:48.831,205335,1304,1.051,1.565,3.196,50.0,5000,110.0,1,114.45,0.038,2,0.459,0.0,69
2026-05-23T00:35:48.955,205440,1226,0.988,1.472,2.915,50.0,5000,110.0,1,114.45,0.038,2,0.459,0.0,69
2026-05-23T00:35:49.016,205545,427,0.344,0.513,0.038,50.0,5000,110.0,1,114.45,0.038,2,0.459,0.0,69
2026-05-23T00:35:49.141,205649,289,0.233,0.347,0.0,50.0,5000,110.0,1,114.45,0.038,2,0.459,0.0,69
2026-05-23T00:35:49.265,205753,765,0.616,0.918,1.255,50.0,5000,110.0,1,114.47,0.038,2,0.459,0.0,69
2026-05-23T00:35:49.328,205858,1358,1.094,1.63,3.39,50.0,5000,110.0,1,114.47,0.038,2,0.459,0.0,69
2026-05-23T00:35:49.452,205963,1100,0.886,1.32,2.461,50.0,5000,110.0,1,114.47,0.038,2,0.459,0.0,69
2026-05-23T00:35:49.579,206068,331,0.267,0.397,0.0,50.0,5000,110.0,1,114.47,0.038,2,0.459,0.0,69
2026-05-23T00:35:49.639,206172,336,0.271,0.403,0.0,50.0,5000,110.0,1,114.47,0.038,2,0.459,0.0,69
2026-05-23T00:35:49.763,206276,928,0.748,1.114,1.842,50.0,5000,110.0,1,114.47,0.038,2,0.459,0.0,69
2026-05-23T00:35:49.886,206381,1379,1.111,1.655,3.466,50.0,5000,110.0,1,114.47,0.038,2,0.459,0.0,69
2026-05-23T00:35:49.949,206486,974,0.785,1.169,2.007,50.0,5000,110.0,1,114.47,0.038,2,0.459,0.0,69
2026-05-23T00:35:50.074,206591,259,0.209,0.311,0.0,50.0,5000,110.0,1,114.47,0.038,2,0.459,0.0,69
2026-05-23T00:35:50.194,206725,273,0.22,0.328,0.0,50.0,5000,110.0,1,114.46,0.038,2,0.459,0.0,69
2026-05-23T00:35:50.306,206829,689,0.555,0.827,0.981,50.0,5000,110.0,1,114.46,0.038,2,0.459,0.0,69
2026-05-23T00:35:50.433,206934,269,0.217,0.323,0.0,50.0,5000,110.0,1,114.46,0.038,2,0.459,0.0,69
2026-05-23T00:35:50.554,207038,695,0.56,0.834,1.003,50.0,5000,110.0,1,114.46,0.038,2,0.459,0.0,69
2026-05-23T00:35:50.620,207143,1322,1.065,1.587,3.261,50.0,5000,110.0,1,114.46,0.038,2,0.459,0.0,69
2026-05-23T00:35:50.729,207248,1165,0.939,1.398,2.695,50.0,5000,110.0,1,114.46,0.038,2,0.459,0.0,69
2026-05-23T00:35:50.852,207353,380,0.306,0.456,0.0,50.0,5000,110.0,1,114.46,0.038,2,0.459,0.0,69
2026-05-23T00:35:50.914,207457,301,0.243,0.361,0.0,50.0,5000,110.0,1,114.46,0.038,2,0.459,0.0,69
2026-05-23T00:35:51.029,207561,832,0.67,0.999,1.496,50.0,5000,110.0,1,114.46,0.038,2,0.459,0.0,69
2026-05-23T00:35:51.147,207666,1365,1.1,1.638,3.415,50.0,5000,110.0,1,114.46,0.038,2,0.459,0.0,69
2026-05-23T00:35:51.273,207772,836,0.674,1.003,1.51,50.0,5000,110.0,1,114.47,0.038,2,0.459,0.0,69
2026-05-23T00:35:51.394,207877,240,0.193,0.288,0.0,50.0,5000,110.0,1,114.47,0.038,2,0.459,0.0,69
2026-05-23T00:35:51.456,207981,529,0.426,0.635,0.405,50.0,5000,110.0,1,114.47,0.038,2,0.459,0.0,69
2026-05-23T00:35:51.581,208086,1234,0.994,1.481,2.944,50.0,5000,110.0,1,114.47,0.038,2,0.459,0.0,69
2026-05-23T00:35:51.707,208191,1304,1.051,1.565,3.196,50.0,5000,110.0,1,114.47,0.038,2,0.459,0.0,69
2026-05-23T00:35:51.768,208296,551,0.444,0.661,0.484,50.0,5000,110.0,1,114.47,0.038,2,0.459,0.0,69
2026-05-23T00:35:51.894,208401,307,0.247,0.369,0.0,50.0,5000,110.0,1,114.47,0.038,2,0.459,0.0,69
2026-05-23T00:35:52.019,208505,834,0.672,1.001,1.503,50.0,5000,110.0,1,114.47,0.038,2,0.459,0.0,69
2026-05-23T00:35:52.081,208610,1366,1.101,1.64,3.419,50.0,5000,110.0,1,114.47,0.038,2,0.459,0.0,69
2026-05-23T00:35:52.205,208744,1319,1.063,1.583,3.25,50.0,5000,110.0,1,114.44,0.038,2,0.459,0.0,69
2026-05-23T00:35:52.315,208849,1204,0.97,1.445,2.836,50.0,5000,110.0,1,114.44,0.038,2,0.459,0.0,69
2026-05-23T00:35:52.431,208954,1333,1.074,1.6,3.3,50.0,5000,110.0,1,114.44,0.038,2,0.459,0.0,69
2026-05-23T00:35:52.548,209059,588,0.474,0.706,0.617,50.0,5000,110.0,1,114.44,0.038,2,0.459,0.0,69
2026-05-23T00:35:52.665,209164,286,0.23,0.343,0.0,50.0,5000,110.0,1,114.44,0.038,2,0.459,0.0,69
2026-05-23T00:35:52.719,209268,784,0.632,0.941,1.323,50.0,5000,110.0,1,114.44,0.038,2,0.459,0.0,69
2026-05-23T00:35:52.836,209373,1357,1.094,1.629,3.387,50.0,5000,110.0,1,114.44,0.038,2,0.459,0.0,69
2026-05-23T00:35:52.949,209478,1088,0.877,1.306,2.418,50.0,5000,110.0,1,114.44,0.038,2,0.459,0.0,69
2026-05-23T00:35:53.077,209583,319,0.257,0.383,0.0,50.0,5000,110.0,1,114.44,0.038,2,0.459,0.0,69
2026-05-23T00:35:53.187,209687,327,0.264,0.393,0.0,50.0,5000,110.0,1,114.44,0.038,2,0.459,0.0,69
2026-05-23T00:35:53.296,209792,1054,0.849,1.265,2.295,50.0,5000,110.0,1,114.44,0.038,2,0.459,0.0,69
2026-05-23T00:35:53.351,209897,1366,1.101,1.64,3.419,50.0,5000,110.0,1,114.44,0.038,2,0.459,0.0,69
2026-05-23T00:35:53.467,210002,786,0.633,0.943,1.33,50.0,5000,110.0,1,114.44,0.038,2,0.459,0.0,69
2026-05-23T00:35:53.592,210107,247,0.199,0.296,0.0,50.0,5000,110.0,1,114.44,0.038,2,0.459,0.0,69
2026-05-23T00:35:53.716,210211,598,0.482,0.718,0.653,50.0,5000,110.0,1,114.44,0.038,2,0.459,0.0,69
2026-05-23T00:35:53.780,210316,1273,1.026,1.528,3.084,50.0,5000,110.0,1,114.44,0.038,2,0.459,0.0,69
2026-05-23T00:35:53.897,210421,1238,0.998,1.486,2.958,50.0,5000,110.0,1,114.44,0.038,2,0.459,0.0,69
2026-05-23T00:35:54.011,210526,458,0.369,0.55,0.149,50.0,5000,110.0,1,114.44,0.038,2,0.459,0.0,69
2026-05-23T00:35:54.136,210631,326,0.263,0.391,0.0,50.0,5000,110.0,1,114.44,0.038,2,0.459,0.0,69
2026-05-23T00:35:54.245,210763,585,0.471,0.702,0.607,50.0,5000,110.0,1,114.46,0.038,2,0.459,0.0,69
2026-05-23T00:35:54.368,210868,382,0.308,0.459,0.0,50.0,5000,110.0,1,114.46,0.038,2,0.459,0.0,69
2026-05-23T00:35:54.430,210972,310,0.25,0.372,0.0,50.0,5000,110.0,1,114.46,0.038,2,0.459,0.0,69
2026-05-23T00:35:54.556,211076,834,0.672,1.001,1.503,50.0,5000,110.0,1,114.46,0.038,2,0.459,0.0,69
2026-05-23T00:35:54.681,211181,1369,1.103,1.643,3.43,50.0,5000,110.0,1,114.46,0.038,2,0.459,0.0,69
2026-05-23T00:35:54.744,211286,1043,0.841,1.252,2.256,50.0,5000,110.0,1,114.46,0.038,2,0.459,0.0,69
2026-05-23T00:35:54.869,211391,298,0.24,0.358,0.0,50.0,5000,110.0,1,114.46,0.038,2,0.459,0.0,69
2026-05-23T00:35:54.993,211495,365,0.294,0.438,0.0,50.0,5000,110.0,1,114.46,0.038,2,0.459,0.0,69
2026-05-23T00:35:55.054,211599,970,0.782,1.164,1.993,50.0,5000,110.0,1,114.46,0.038,2,0.459,0.0,69
2026-05-23T00:35:55.180,211704,1379,1.111,1.655,3.466,50.0,5000,110.0,1,114.46,0.038,2,0.459,0.0,69
2026-05-23T00:35:55.288,211811,521,0.42,0.625,0.376,50.0,5000,110.0,1,114.46,0.038,2,0.459,0.0,69
2026-05-23T00:35:55.413,211916,294,0.237,0.353,0.0,50.0,5000,110.0,1,114.46,0.038,2,0.459,0.0,69
2026-05-23T00:35:55.475,212020,833,0.671,1.0,1.5,50.0,5000,110.0,1,114.46,0.038,2,0.459,0.0,69
2026-05-23T00:35:55.599,212125,1365,1.1,1.638,3.415,50.0,5000,110.0,1,114.46,0.038,2,0.459,0.0,69
2026-05-23T00:35:55.723,212230,1045,0.842,1.254,2.263,50.0,5000,110.0,1,114.46,0.038,2,0.459,0.0,69
2026-05-23T00:35:55.786,212335,290,0.234,0.348,0.0,50.0,5000,110.0,1,114.46,0.038,2,0.459,0.0,69
2026-05-23T00:35:55.911,212439,358,0.288,0.43,0.0,50.0,5000,110.0,1,114.46,0.038,2,0.459,0.0,69
2026-05-23T00:35:56.014,212543,966,0.778,1.16,1.979,50.0,5000,110.0,1,114.46,0.038,2,0.459,0.0,69
2026-05-23T00:35:56.114,212648,1371,1.105,1.646,3.437,50.0,5000,110.0,1,114.46,0.038,2,0.459,0.0,69
2026-05-23T00:35:56.268,212783,1230,0.991,1.476,2.929,50.0,5000,110.0,1,114.44,0.038,2,0.459,0.0,69
2026-05-23T00:35:56.369,212888,1357,1.094,1.629,3.387,50.0,5000,110.0,1,114.44,0.038,2,0.459,0.0,69
2026-05-23T00:35:56.477,212993,1089,0.878,1.307,2.421,50.0,5000,110.0,1,114.44,0.038,2,0.459,0.0,69
2026-05-23T00:35:56.581,213098,322,0.259,0.387,0.0,50.0,5000,110.0,1,114.44,0.038,2,0.459,0.0,69
2026-05-23T00:35:56.643,213202,332,0.268,0.399,0.0,50.0,5000,110.0,1,114.44,0.038,2,0.459,0.0,69
2026-05-23T00:35:56.767,213306,924,0.745,1.109,1.827,50.0,5000,110.0,1,114.44,0.038,2,0.459,0.0,69
2026-05-23T00:35:56.892,213411,1373,1.106,1.648,3.444,50.0,5000,110.0,1,114.44,0.038,2,0.459,0.0,69
2026-05-23T00:35:56.955,213516,811,0.654,0.973,1.42,59.98,5000,131.96,1,114.44,0.038,2,0.459,0.0,69
2026-05-23T00:35:57.080,213621,513,0.413,0.616,0.347,59.98,5000,131.96,1,114.44,0.038,2,0.459,0.0,69
2026-05-23T00:35:57.205,213726,813,0.655,0.976,1.428,59.98,5000,131.96,1,114.44,0.038,2,0.459,0.0,69
2026-05-23T00:35:57.266,213830,1049,0.845,1.259,2.277,59.98,5000,131.96,1,114.41,0.038,2,0.46,0.0,69
2026-05-23T00:35:57.392,213935,1018,0.82,1.222,2.166,59.98,5000,131.96,1,114.41,0.038,2,0.46,0.0,69
2026-05-23T00:35:57.517,214040,655,0.528,0.786,0.859,59.98,5000,131.96,1,114.41,0.038,2,0.46,0.0,69
2026-05-23T00:35:57.578,214145,585,0.471,0.702,0.607,59.98,5000,131.96,1,114.41,0.038,2,0.46,0.0,69
2026-05-23T00:35:57.704,214250,981,0.791,1.178,2.033,59.98,5000,131.96,1,114.41,0.038,2,0.46,0.0,69
2026-05-23T00:35:57.827,214355,1082,0.872,1.299,2.396,59.98,5000,131.96,1,114.41,0.038,2,0.46,0.0,69
2026-05-23T00:35:57.950,214460,822,0.662,0.987,1.46,59.98,5000,131.96,1,114.41,0.038,2,0.46,0.0,69
2026-05-23T00:35:58.012,214565,520,0.419,0.624,0.373,59.98,5000,131.96,1,114.41,0.038,2,0.46,0.0,69
2026-05-23T00:35:58.138,214670,808,0.651,0.97,1.41,59.98,5000,131.96,1,114.41,0.038,2,0.46,0.0,69
2026-05-23T00:35:58.264,214812,1037,0.836,1.245,2.234,59.98,5000,131.96,1,134.69,0.037,3,0.601,0.0,69
2026-05-23T00:35:58.391,214917,1076,0.867,1.292,2.375,59.98,5000,131.96,1,134.69,0.037,3,0.601,0.0,69
2026-05-23T00:35:58.514,215022,844,0.68,1.013,1.539,59.98,5000,131.96,1,134.69,0.037,3,0.601,0.0,69
2026-05-23T00:35:58.577,215127,523,0.421,0.628,0.383,59.98,5000,131.96,1,134.69,0.037,3,0.601,0.0,69
2026-05-23T00:35:58.700,215232,761,0.613,0.913,1.24,59.98,5000,131.96,1,134.69,0.037,3,0.601,0.0,69
2026-05-23T00:35:58.812,215337,1075,0.866,1.29,2.371,59.98,5000,131.96,1,134.69,0.037,3,0.601,0.0,69
2026-05-23T00:35:58.914,215442,981,0.791,1.178,2.033,59.98,5000,131.96,1,134.69,0.037,3,0.601,0.0,69
2026-05-23T00:35:59.014,215547,607,0.489,0.729,0.686,59.98,5000,131.96,1,134.69,0.037,3,0.601,0.0,69
2026-05-23T00:35:59.124,215652,596,0.48,0.715,0.646,59.98,5000,131.96,1,134.69,0.037,3,0.601,0.0,69
2026-05-23T00:35:59.281,215807,1016,0.819,1.22,2.159,59.98,5000,131.96,1,134.69,0.037,3,0.601,0.0,69
2026-05-23T00:35:59.393,215912,555,0.447,0.666,0.499,59.98,5000,131.96,1,134.69,0.037,3,0.601,0.0,69
2026-05-23T00:35:59.444,216017,922,0.743,1.107,1.82,59.98,5000,131.96,1,134.69,0.037,3,0.601,0.0,69
2026-05-23T00:35:59.600,216122,1082,0.872,1.299,2.396,59.98,5000,131.96,1,134.69,0.037,3,0.601,0.0,69
2026-05-23T00:35:59.663,216227,863,0.695,1.036,1.608,59.98,5000,131.96,1,134.69,0.037,3,0.601,0.0,69
2026-05-23T00:35:59.788,216332,530,0.427,0.636,0.409,59.98,5000,131.96,1,134.69,0.037,3,0.601,0.0,69
2026-05-23T00:35:59.913,216437,742,0.598,0.891,1.172,59.98,5000,131.96,1,134.69,0.037,3,0.601,0.0,69
2026-05-23T00:35:59.977,216542,1073,0.865,1.288,2.364,59.98,5000,131.96,1,134.69,0.037,3,0.601,0.0,69
2026-05-23T00:36:00.101,216647,997,0.803,1.197,2.09,59.98,5000,131.96,1,134.69,0.037,3,0.601,0.0,69
2026-05-23T00:36:00.224,216752,624,0.503,0.749,0.747,59.98,5000,131.96,1,134.69,0.037,3,0.601,0.0,69
2026-05-23T00:36:00.286,216854,525,0.423,0.63,0.391,59.98,5000,131.96,1,134.74,0.037,2,0.401,0.0,69
2026-05-23T00:36:00.409,216959,715,0.576,0.858,1.075,59.98,5000,131.96,1,134.74,0.037,2,0.401,0.0,69
2026-05-23T00:36:00.534,217064,1067,0.86,1.281,2.342,59.98,5000,131.96,1,134.74,0.037,2,0.401,0.0,69
2026-05-23T00:36:00.596,217169,1002,0.807,1.203,2.108,59.98,5000,131.96,1,134.74,0.037,2,0.401,0.0,69
2026-05-23T00:36:00.740,217274,655,0.528,0.786,0.859,59.98,5000,131.96,1,134.74,0.037,2,0.401,0.0,69
2026-05-23T00:36:00.860,217379,583,0.47,0.7,0.599,59.98,5000,131.96,1,134.74,0.037,2,0.401,0.0,69
2026-05-23T00:36:00.920,217484,984,0.793,1.181,2.043,59.98,5000,131.96,1,134.74,0.037,2,0.401,0.0,69
2026-05-23T00:36:01.046,217589,1068,0.861,1.282,2.346,59.98,5000,131.96,1,134.74,0.037,2,0.401,0.0,69
2026-05-23T00:36:01.170,217694,812,0.654,0.975,1.424,59.98,5000,131.96,1,134.74,0.037,2,0.401,0.0,69
2026-05-23T00:36:01.297,217836,577,0.465,0.693,0.578,59.98,5000,131.96,1,134.75,0.037,3,0.601,0.0,69
2026-05-23T00:36:01.408,217941,569,0.459,0.683,0.549,59.98,5000,131.96,1,134.75,0.037,3,0.601,0.0,69
2026-05-23T00:36:01.469,218046,959,0.773,1.151,1.953,59.98,5000,131.96,1,134.75,0.037,3,0.601,0.0,69
2026-05-23T00:36:01.594,218151,1075,0.866,1.29,2.371,59.98,5000,131.96,1,134.75,0.037,3,0.601,0.0,69
2026-05-23T00:36:01.717,218256,839,0.676,1.007,1.521,59.98,5000,131.96,1,134.75,0.037,3,0.601,0.0,69
2026-05-23T00:36:01.780,218361,528,0.425,0.634,0.401,59.98,5000,131.96,1,134.75,0.037,3,0.601,0.0,69
2026-05-23T00:36:01.905,218466,782,0.63,0.939,1.316,59.98,5000,131.96,1,134.75,0.037,3,0.601,0.0,69
2026-05-23T00:36:02.032,218571,1072,0.864,1.287,2.36,59.98,5000,131.96,1,134.75,0.037,3,0.601,0.0,69
2026-05-23T00:36:02.156,218676,958,0.772,1.15,1.95,59.98,5000,131.96,1,134.75,0.037,3,0.601,0.0,69
2026-05-23T00:36:02.280,218831,588,0.474,0.706,0.617,59.98,5000,131.96,1,134.73,0.037,2,0.401,0.0,69
2026-05-23T00:36:02.405,218936,1038,0.836,1.246,2.238,59.98,5000,131.96,1,134.73,0.037,2,0.401,0.0,69
2026-05-23T00:36:02.467,219041,701,0.565,0.841,1.024,59.98,5000,131.96,1,134.73,0.037,2,0.401,0.0,69
2026-05-23T00:36:02.590,219146,566,0.456,0.679,0.538,59.98,5000,131.96,1,134.73,0.037,2,0.401,0.0,69
2026-05-23T00:36:02.717,219251,954,0.769,1.145,1.935,59.98,5000,131.96,1,134.73,0.037,2,0.401,0.0,69
2026-05-23T00:36:02.778,219356,1084,0.874,1.301,2.403,59.98,5000,131.96,1,134.73,0.037,2,0.401,0.0,69
2026-05-23T00:36:02.901,219461,848,0.683,1.018,1.554,59.98,5000,131.96,1,134.73,0.037,2,0.401,0.0,69
2026-05-23T00:36:03.028,219566,524,0.422,0.629,0.387,59.98,5000,131.96,1,134.73,0.037,2,0.401,0.0,69
2026-05-23T00:36:03.089,219671,782,0.63,0.939,1.316,59.98,5000,131.96,1,134.73,0.037,2,0.401,0.0,69
2026-05-23T00:36:03.214,219776,1090,0.878,1.308,2.425,59.98,5000,131.96,1,134.73,0.037,2,0.401,0.0,69
2026-05-23T00:36:03.339,219878,1065,0.858,1.278,2.335,59.98,5000,131.96,1,134.72,0.037,2,0.401,0.0,69
2026-05-23T00:36:03.401,219983,863,0.695,1.036,1.608,59.98,5000,131.96,1,134.72,0.037,2,0.401,0.0,69
2026-05-23T00:36:03.526,220088,527,0.425,0.633,0.398,59.98,5000,131.96,1,134.72,0.037,2,0.401,0.0,69
2026-05-23T00:36:03.648,220193,758,0.611,0.91,1.23,59.98,5000,131.96,1,134.72,0.037,2,0.401,0.0,69
2026-05-23T00:36:03.712,220298,1083,0.873,1.3,2.4,59.98,5000,131.96,1,134.72,0.037,2,0.401,0.0,69
2026-05-23T00:36:03.837,220403,993,0.8,1.192,2.076,59.98,5000,131.96,1,134.72,0.037,2,0.401,0.0,69
2026-05-23T00:36:03.963,220508,617,0.497,0.741,0.722,59.98,5000,131.96,1,134.72,0.037,2,0.401,0.0,69
2026-05-23T00:36:04.084,220613,594,0.479,0.713,0.639,59.98,5000,131.96,1,134.72,0.037,2,0.401,0.0,69
2026-05-23T00:36:04.147,220718,1032,0.832,1.239,2.216,59.98,5000,131.96,1,134.72,0.037,2,0.401,0.0,69
2026-05-23T00:36:04.273,220860,1101,0.887,1.322,2.465,59.98,5000,131.96,1,134.72,0.037,3,0.601,0.0,69
2026-05-23T00:36:04.397,220965,1012,0.816,1.215,2.144,59.98,5000,131.96,1,134.72,0.037,3,0.601,0.0,69
2026-05-23T00:36:04.522,221070,658,0.53,0.79,0.869,59.98,5000,131.96,1,134.72,0.037,3,0.601,0.0,69
2026-05-23T00:36:04.587,221175,590,0.475,0.708,0.625,59.98,5000,131.96,1,134.72,0.037,3,0.601,0.0,69
2026-05-23T00:36:04.709,221280,1000,0.806,1.2,2.101,59.98,5000,131.96,1,134.72,0.037,3,0.601,0.0,69
2026-05-23T00:36:04.834,221385,1076,0.867,1.292,2.375,59.98,5000,131.96,1,134.72,0.037,3,0.601,0.0,69
2026-05-23T00:36:04.958,221490,812,0.654,0.975,1.424,59.98,5000,131.96,1,134.72,0.037,3,0.601,0.0,69
2026-05-23T00:36:05.021,221595,524,0.422,0.629,0.387,59.98,5000,131.96,1,134.72,0.037,3,0.601,0.0,69
2026-05-23T00:36:05.146,221700,835,0.673,1.002,1.507,59.98,5000,131.96,1,134.72,0.037,3,0.601,0.0,69
2026-05-23T00:36:05.270,221855,1094,0.882,1.313,2.439,59.98,5000,131.96,1,134.73,0.037,2,0.401,0.0,69
2026-05-23T00:36:05.393,221960,716,0.577,0.859,1.078,59.98,5000,131.96,1,134.73,0.037,2,0.401,0.0,69
2026-05-23T00:36:05.517,222065,1068,0.861,1.282,2.346,59.98,5000,131.96,1,134.73,0.037,2,0.401,0.0,69
2026-05-23T00:36:05.580,222170,1009,0.813,1.211,2.133,59.98,5000,131.96,1,134.73,0.037,2,0.401,0.0,69
2026-05-23T00:36:05.705,222275,648,0.522,0.778,0.833,59.98,5000,131.96,1,134.73,0.037,2,0.401,0.0,69
2026-05-23T00:36:05.831,222380,582,0.469,0.699,0.596,59.98,5000,131.96,1,134.73,0.037,2,0.401,0.0,69
2026-05-23T00:36:05.893,222485,1000,0.806,1.2,2.101,59.98,5000,131.96,1,134.73,0.037,2,0.401,0.0,69
2026-05-23T00:36:06.016,222590,1070,0.862,1.284,2.353,59.98,5000,131.96,1,134.73,0.037,2,0.401,0.0,69
2026-05-23T00:36:06.141,222695,808,0.651,0.97,1.41,59.98,5000,131.96,1,134.73,0.037,2,0.401,0.0,69
2026-05-23T00:36:06.203,222800,524,0.422,0.629,0.387,59.98,5000,131.96,1,134.73,0.037,2,0.401,0.0,69
2026-05-23T00:36:06.327,222902,565,0.455,0.678,0.535,59.98,5000,131.96,1,134.74,0.037,2,0.401,0.0,69
2026-05-23T00:36:06.454,223007,987,0.795,1.185,2.054,59.98,5000,131.96,1,134.74,0.037,2,0.401,0.0,69
2026-05-23T00:36:06.516,223112,1076,0.867,1.292,2.375,59.98,5000,131.96,1,134.74,0.037,2,0.401,0.0,69
2026-05-23T00:36:06.640,223217,818,0.659,0.982,1.446,59.98,5000,131.96,1,134.74,0.037,2,0.401,0.0,69
2026-05-23T00:36:06.762,223322,522,0.421,0.627,0.38,59.98,5000,131.96,1,134.74,0.037,2,0.401,0.0,69
2026-05-23T00:36:06.888,223427,818,0.659,0.982,1.446,59.98,5000,131.96,1,134.74,0.037,2,0.401,0.0,69
2026-05-23T00:36:06.950,223532,1093,0.881,1.312,2.436,59.98,5000,131.96,1,134.74,0.037,2,0.401,0.0,69
2026-05-23T00:36:07.075,223637,954,0.769,1.145,1.935,59.98,5000,131.96,1,134.74,0.037,2,0.401,0.0,69
2026-05-23T00:36:07.199,223742,571,0.46,0.685,0.556,59.98,5000,131.96,1,134.74,0.037,2,0.401,0.0,69
2026-05-23T00:36:07.324,223884,550,0.443,0.66,0.481,59.98,5000,131.96,1,134.72,0.037,3,0.601,0.0,69
2026-05-23T00:36:07.447,223989,795,0.641,0.954,1.363,59.98,5000,131.96,1,134.72,0.037,3,0.601,0.0,69
2026-05-23T00:36:07.510,224094,1088,0.877,1.306,2.418,59.98,5000,131.96,1,134.72,0.037,3,0.601,0.0,69
2026-05-23T00:36:07.619,224199,969,0.781,1.163,1.989,59.98,5000,131.96,1,134.72,0.037,3,0.601,0.0,69
2026-05-23T00:36:07.743,224304,579,0.467,0.695,0.585,59.98,5000,131.96,1,134.72,0.037,3,0.601,0.0,69
2026-05-23T00:36:07.807,224409,614,0.495,0.737,0.711,59.98,5000,131.96,1,134.72,0.037,3,0.601,0.0,69
2026-05-23T00:36:07.931,224514,1048,0.845,1.258,2.274,59.98,5000,131.96,1,134.72,0.037,3,0.601,0.0,69
2026-05-23T00:36:08.058,224619,1050,0.846,1.26,2.281,59.98,5000,131.96,1,134.72,0.037,3,0.601,0.0,69
2026-05-23T00:36:08.184,224724,745,0.6,0.894,1.183,59.98,5000,131.96,1,134.72,0.037,3,0.601,0.0,69
2026-05-23T00:36:08.306,224879,554,0.446,0.665,0.495,59.98,5000,131.96,1,134.76,0.037,3,0.601,0.0,69
2026-05-23T00:36:08.427,224984,826,0.666,0.991,1.474,59.98,5000,131.96,1,134.76,0.037,3,0.601,0.0,69
2026-05-23T00:36:08.490,225089,520,0.419,0.624,0.373,59.98,5000,131.96,1,134.76,0.037,3,0.601,0.0,69
2026-05-23T00:36:08.616,225194,810,0.653,0.972,1.417,59.98,5000,131.96,1,134.76,0.037,3,0.601,0.0,69
2026-05-23T00:36:08.738,225299,1094,0.882,1.313,2.439,59.98,5000,131.96,1,134.76,0.037,3,0.601,0.0,69
2026-05-23T00:36:08.801,225404,962,0.775,1.155,1.964,59.98,5000,131.96,1,134.76,0.037,3,0.601,0.0,69
2026-05-23T00:36:08.926,225509,582,0.469,0.699,0.596,59.98,5000,131.96,1,134.76,0.037,3,0.601,0.0,69
2026-05-23T00:36:09.050,225614,635,0.512,0.762,0.787,59.98,5000,131.96,1,134.76,0.037,3,0.601,0.0,69
2026-05-23T00:36:09.172,225719,1048,0.845,1.258,2.274,59.98,5000,131.96,1,134.76,0.037,3,0.601,0.0,69
2026-05-23T00:36:09.236,225824,1042,0.84,1.251,2.252,59.98,5000,131.96,1,134.76,0.037,3,0.601,0.0,69
2026-05-23T00:36:09.360,225926,934,0.753,1.121,1.863,59.98,5000,131.96,1,134.76,0.037,3,0.601,0.0,69
2026-05-23T00:36:09.483,226031,573,0.462,0.688,0.563,59.98,5000,131.96,1,134.76,0.037,3,0.601,0.0,69
2026-05-23T00:36:09.548,226136,619,0.499,0.743,0.729,59.98,5000,131.96,1,134.76,0.037,3,0.601,0.0,69
2026-05-23T00:36:09.669,226241,1044,0.841,1.253,2.259,59.98,5000,131.96,1,134.76,0.037,3,0.601,0.0,69
2026-05-23T00:36:09.793,226346,1043,0.841,1.252,2.256,59.98,5000,131.96,1,134.76,0.037,3,0.601,0.0,69
2026-05-23T00:36:09.858,226451,737,0.594,0.885,1.154,59.98,5000,131.96,1,134.76,0.037,3,0.601,0.0,69
2026-05-23T00:36:09.982,226556,552,0.445,0.663,0.488,59.98,5000,131.96,1,134.76,0.037,3,0.601,0.0,69
2026-05-23T00:36:10.104,226661,926,0.746,1.112,1.835,59.98,5000,131.96,1,134.76,0.037,3,0.601,0.0,69
2026-05-23T00:36:10.165,226766,1090,0.878,1.308,2.425,59.98,5000,131.96,1,134.76,0.037,3,0.601,0.0,69
2026-05-23T00:36:10.353,226908,1012,0.816,1.215,2.144,59.98,5000,131.96,1,134.8,0.037,2,0.4,0.0,69
2026-05-23T00:36:10.416,227013,752,0.606,0.903,1.208,59.98,5000,131.96,1,134.8,0.037,2,0.4,0.0,69
2026-05-23T00:36:10.541,227118,548,0.442,0.658,0.473,59.98,5000,131.96,1,134.8,0.037,2,0.4,0.0,69
2026-05-23T00:36:10.665,227223,898,0.724,1.078,1.734,59.98,5000,131.96,1,134.8,0.037,2,0.4,0.0,69
2026-05-23T00:36:10.727,227328,1093,0.881,1.312,2.436,59.98,5000,131.96,1,134.8,0.037,2,0.4,0.0,69
2026-05-23T00:36:10.850,227433,881,0.71,1.057,1.672,59.98,5000,131.96,1,134.8,0.037,2,0.4,0.0,69
2026-05-23T00:36:10.977,227538,532,0.429,0.639,0.416,59.98,5000,131.96,1,134.8,0.037,2,0.4,0.0,69
2026-05-23T00:36:11.036,227643,730,0.588,0.876,1.129,59.98,5000,131.96,1,134.8,0.037,2,0.4,0.0,69
2026-05-23T00:36:11.160,227748,1077,0.868,1.293,2.378,59.98,5000,131.96,1,134.8,0.037,2,0.4,0.0,69
2026-05-23T00:36:11.348,227903,1007,0.812,1.209,2.126,59.98,5000,131.96,1,134.79,0.037,2,0.401,0.0,69
2026-05-23T00:36:11.407,228008,1047,0.844,1.257,2.27,59.98,5000,131.96,1,134.79,0.037,2,0.401,0.0,69
2026-05-23T00:36:11.534,228113,1047,0.844,1.257,2.27,59.98,5000,131.96,1,134.79,0.037,2,0.401,0.0,69
2026-05-23T00:36:11.659,228218,727,0.586,0.873,1.118,59.98,5000,131.96,1,134.79,0.037,2,0.401,0.0,69
2026-05-23T00:36:11.719,228323,557,0.449,0.669,0.506,59.98,5000,131.96,1,134.79,0.037,2,0.401,0.0,69
2026-05-23T00:36:11.844,228428,929,0.749,1.115,1.845,59.98,5000,131.96,1,134.79,0.037,2,0.401,0.0,69
2026-05-23T00:36:11.968,228533,1086,0.875,1.304,2.411,59.98,5000,131.96,1,134.79,0.037,2,0.401,0.0,69
2026-05-23T00:36:12.031,228638,855,0.689,1.026,1.579,59.98,5000,131.96,1,134.79,0.037,2,0.401,0.0,69
2026-05-23T00:36:12.158,228743,524,0.422,0.629,0.387,59.98,5000,131.96,1,134.79,0.037,2,0.401,0.0,69
2026-05-23T00:36:12.281,228848,766,0.617,0.919,1.258,59.98,5000,131.96,1,134.79,0.037,2,0.401,0.0,69
2026-05-23T00:36:12.344,228950,911,0.734,1.094,1.781,59.98,5000,131.96,1,134.79,0.037,2,0.401,0.0,69
2026-05-23T00:36:12.467,229055,1083,0.873,1.3,2.4,59.98,5000,131.96,1,134.79,0.037,2,0.401,0.0,69
2026-05-23T00:36:12.594,229160,849,0.684,1.019,1.557,59.98,5000,131.96,1,134.79,0.037,2,0.401,0.0,69
2026-05-23T00:36:12.655,229265,511,0.412,0.613,0.34,59.98,5000,131.96,1,134.79,0.037,2,0.401,0.0,69
2026-05-23T00:36:12.781,229370,756,0.609,0.907,1.222,59.98,5000,131.96,1,134.79,0.037,2,0.401,0.0,69
2026-05-23T00:36:12.907,229475,1075,0.866,1.29,2.371,59.98,5000,131.96,1,134.79,0.037,2,0.401,0.0,69
2026-05-23T00:36:12.969,229580,970,0.782,1.164,1.993,59.98,5000,131.96,1,134.79,0.037,2,0.401,0.0,69
2026-05-23T00:36:13.094,229685,584,0.471,0.701,0.603,59.98,5000,131.96,1,134.79,0.037,2,0.401,0.0,69
2026-05-23T00:36:13.218,229790,604,0.487,0.725,0.675,59.98,5000,131.96,1,134.79,0.037,2,0.401,0.0,69
2026-05-23T00:36:13.345,229932,862,0.695,1.035,1.604,59.98,5000,131.96,1,134.76,0.037,2,0.401,0.0,69
2026-05-23T00:36:13.469,230037,1065,0.858,1.278,2.335,59.98,5000,131.96,1,134.76,0.037,2,0.401,0.0,69
2026-05-23T00:36:13.531,230142,981,0.791,1.178,2.033,59.98,5000,131.96,1,134.76,0.037,2,0.401,0.0,69
2026-05-23T00:36:13.657,230247,611,0.492,0.733,0.7,59.98,5000,131.96,1,134.76,0.037,2,0.401,0.0,69
2026-05-23T00:36:13.766,230352,598,0.482,0.718,0.653,59.98,5000,131.96,1,134.76,0.037,2,0.401,0.0,69
2026-05-23T00:36:13.888,230457,1012,0.816,1.215,2.144,59.98,5000,131.96,1,134.76,0.037,2,0.401,0.0,69
2026-05-23T00:36:13.952,230562,1048,0.845,1.258,2.274,59.98,5000,131.96,1,134.76,0.037,2,0.401,0.0,69
2026-05-23T00:36:14.073,230667,756,0.609,0.907,1.222,59.98,5000,131.96,1,134.76,0.037,2,0.401,0.0,69
2026-05-23T00:36:14.187,230772,532,0.429,0.639,0.416,59.98,5000,131.96,1,134.76,0.037,2,0.401,0.0,69
2026-05-23T00:36:14.307,230927,871,0.702,1.045,1.636,59.98,5000,131.96,1,134.76,0.037,3,0.601,0.0,69
2026-05-23T00:36:14.421,231032,522,0.421,0.627,0.38,59.98,5000,131.96,1,134.76,0.037,3,0.601,0.0,69
2026-05-23T00:36:14.543,231137,769,0.62,0.923,1.269,59.98,5000,131.96,1,134.76,0.037,3,0.601,0.0,69
2026-05-23T00:36:14.664,231242,1073,0.865,1.288,2.364,59.98,5000,131.96,1,134.76,0.037,3,0.601,0.0,69
2026-05-23T00:36:14.777,231347,968,0.78,1.162,1.986,59.98,5000,131.96,1,134.76,0.037,3,0.601,0.0,69
2026-05-23T00:36:14.838,231452,594,0.479,0.713,0.639,59.98,5000,131.96,1,134.76,0.037,3,0.601,0.0,69
2026-05-23T00:36:14.944,231557,614,0.495,0.737,0.711,59.98,5000,131.96,1,134.76,0.037,3,0.601,0.0,69
2026-05-23T00:36:15.049,231662,1019,0.821,1.223,2.169,59.98,5000,131.96,1,134.76,0.037,3,0.601,0.0,69
2026-05-23T00:36:15.148,231767,1037,0.836,1.245,2.234,59.98,5000,131.96,1,134.76,0.037,3,0.601,0.0,69
2026-05-23T00:36:15.249,231872,739,0.596,0.887,1.161,59.98,5000,131.96,1,134.76,0.037,3,0.601,0.0,69
2026-05-23T00:36:15.351,231974,567,0.457,0.681,0.542,59.98,5000,131.96,1,134.75,0.037,3,0.601,0.0,69
2026-05-23T00:36:15.453,232079,614,0.495,0.737,0.711,59.98,5000,131.96,1,134.75,0.037,3,0.601,0.0,69
2026-05-23T00:36:15.555,232184,1021,0.823,1.226,2.177,59.98,5000,131.96,1,134.75,0.037,3,0.601,0.0,69
2026-05-23T00:36:15.671,232289,1025,0.826,1.23,2.191,59.98,5000,131.96,1,134.75,0.037,3,0.601,0.0,69
2026-05-23T00:36:15.775,232394,736,0.593,0.883,1.15,59.98,5000,131.96,1,134.75,0.037,3,0.601,0.0,69
2026-05-23T00:36:15.877,232499,544,0.438,0.653,0.459,59.98,5000,131.96,1,134.75,0.037,3,0.601,0.0,69
2026-05-23T00:36:15.977,232604,893,0.72,1.072,1.716,59.98,5000,131.96,1,134.75,0.037,3,0.601,0.0,69
2026-05-23T00:36:16.104,232709,1076,0.867,1.292,2.375,59.98,5000,131.96,1,134.75,0.037,3,0.601,0.0,69
2026-05-23T00:36:16.231,232814,865,0.697,1.038,1.615,59.98,5000,131.96,1,134.75,0.037,3,0.601,0.0,69
2026-05-23T00:36:16.355,232946,630,0.508,0.756,0.769,59.98,5000,131.96,1,134.79,0.037,3,0.601,0.0,69
2026-05-23T00:36:16.475,233051,1064,0.857,1.277,2.331,59.98,5000,131.96,1,134.79,0.037,3,0.601,0.0,69
2026-05-23T00:36:16.526,233156,820,0.661,0.984,1.453,59.98,5000,131.96,1,134.79,0.037,3,0.601,0.0,69
2026-05-23T00:36:16.638,233261,514,0.414,0.617,0.351,59.98,5000,131.96,1,134.79,0.037,3,0.601,0.0,69
2026-05-23T00:36:16.747,233366,812,0.654,0.975,1.424,59.98,5000,131.96,1,134.79,0.037,3,0.601,0.0,69
2026-05-23T00:36:16.849,233471,1085,0.874,1.302,2.407,59.98,5000,131.96,1,134.79,0.037,3,0.601,0.0,69
2026-05-23T00:36:16.963,233576,952,0.767,1.143,1.928,59.98,5000,131.96,1,134.79,0.037,3,0.601,0.0,69
2026-05-23T00:36:17.087,233681,570,0.459,0.684,0.553,59.98,5000,131.96,1,134.79,0.037,3,0.601,0.0,69
2026-05-23T00:36:17.192,233786,647,0.521,0.777,0.83,59.98,5000,131.96,1,134.79,0.037,3,0.601,0.0,69
2026-05-23T00:36:17.258,233891,1043,0.841,1.252,2.256,59.98,5000,131.96,1,134.79,0.037,3,0.601,0.0,69
2026-05-23T00:36:17.363,233994,1056,0.851,1.268,2.303,59.98,5000,131.96,1,134.79,0.037,3,0.601,0.0,69
2026-05-23T00:36:17.492,234099,865,0.697,1.038,1.615,59.98,5000,131.96,1,134.79,0.037,3,0.601,0.0,69
2026-05-23T00:36:17.613,234204,529,0.426,0.635,0.405,59.98,5000,131.96,1,134.79,0.037,3,0.601,0.0,69
2026-05-23T00:36:17.679,234309,751,0.605,0.901,1.204,59.98,5000,131.96,1,134.79,0.037,3,0.601,0.0,69
2026-05-23T00:36:17.796,234414,1071,0.863,1.286,2.357,59.98,5000,131.96,1,134.79,0.037,3,0.601,0.0,69
2026-05-23T00:36:17.900,234519,978,0.788,1.174,2.022,59.98,5000,131.96,1,134.79,0.037,3,0.601,0.0,69
2026-05-23T00:36:18.006,234624,608,0.49,0.73,0.689,59.98,5000,131.96,1,134.79,0.037,3,0.601,0.0,69
2026-05-23T00:36:18.131,234729,602,0.485,0.723,0.668,59.98,5000,131.96,1,134.79,0.037,3,0.601,0.0,69
2026-05-23T00:36:18.255,234834,1012,0.816,1.215,2.144,59.98,5000,131.96,1,134.79,0.037,3,0.601,0.0,69
2026-05-23T00:36:18.378,234976,1073,0.865,1.288,2.364,59.98,5000,131.96,1,134.81,0.037,2,0.4,0.0,69
2026-05-23T00:36:18.501,235081,985,0.794,1.182,2.047,59.98,5000,131.96,1,134.81,0.037,2,0.4,0.0,69
2026-05-23T00:36:18.564,235186,611,0.492,0.733,0.7,59.98,5000,131.96,1,134.81,0.037,2,0.4,0.0,69
2026-05-23T00:36:18.673,235291,599,0.483,0.719,0.657,59.98,5000,131.96,1,134.81,0.037,2,0.4,0.0,69
2026-05-23T00:36:18.784,235396,1008,0.812,1.21,2.13,59.98,5000,131.96,1,134.81,0.037,2,0.4,0.0,69
2026-05-23T00:36:18.884,235501,1053,0.849,1.264,2.292,59.98,5000,131.96,1,134.81,0.037,2,0.4,0.0,69
2026-05-23T00:36:18.986,235606,757,0.61,0.909,1.226,59.98,5000,131.96,1,134.81,0.037,2,0.4,0.0,69
2026-05-23T00:36:19.091,235711,535,0.431,0.642,0.427,59.98,5000,131.96,1,134.81,0.037,2,0.4,0.0,69
2026-05-23T00:36:19.196,235816,861,0.694,1.033,1.6,59.98,5000,131.96,1,134.81,0.037,2,0.4,0.0,69
2026-05-23T00:36:19.353,235970,1075,0.866,1.29,2.371,59.98,5000,131.96,1,134.82,0.037,3,0.601,0.0,69
2026-05-23T00:36:19.482,236076,767,0.618,0.921,1.262,59.98,5000,131.96,1,134.82,0.037,3,0.601,0.0,69
2026-05-23T00:36:19.543,236181,1068,0.861,1.282,2.346,59.98,5000,131.96,1,134.82,0.037,3,0.601,0.0,69
2026-05-23T00:36:19.667,236286,961,0.774,1.154,1.961,59.98,5000,131.96,1,134.82,0.037,3,0.601,0.0,69
2026-05-23T00:36:19.788,236391,579,0.467,0.695,0.585,59.98,5000,131.96,1,134.82,0.037,3,0.601,0.0,69
2026-05-23T00:36:19.849,236496,616,0.496,0.739,0.718,59.98,5000,131.96,1,134.82,0.037,3,0.601,0.0,69
2026-05-23T00:36:19.973,236601,1025,0.826,1.23,2.191,59.98,5000,131.96,1,134.82,0.037,3,0.601,0.0,69
2026-05-23T00:36:20.097,236706,1036,0.835,1.244,2.231,59.98,5000,131.96,1,134.82,0.037,3,0.601,0.0,69
2026-05-23T00:36:20.223,236811,742,0.598,0.891,1.172,59.98,5000,131.96,1,134.82,0.037,3,0.601,0.0,69
2026-05-23T00:36:20.286,236916,546,0.44,0.655,0.466,59.98,5000,131.96,1,134.82,0.037,3,0.601,0.0,69
2026-05-23T00:36:20.409,237018,611,0.492,0.733,0.7,59.98,5000,131.96,1,134.83,0.037,3,0.601,0.0,69
2026-05-23T00:36:20.533,237123,1021,0.823,1.226,2.177,59.98,5000,131.96,1,134.83,0.037,3,0.601,0.0,69
2026-05-23T00:36:20.596,237228,1048,0.845,1.258,2.274,59.98,5000,131.96,1,134.83,0.037,3,0.601,0.0,69
2026-05-23T00:36:20.720,237333,738,0.595,0.886,1.158,59.98,5000,131.96,1,134.83,0.037,3,0.601,0.0,69
2026-05-23T00:36:20.843,237438,553,0.446,0.664,0.491,59.98,5000,131.96,1,134.83,0.037,3,0.601,0.0,69
2026-05-23T00:36:20.906,237543,918,0.74,1.102,1.806,59.98,5000,131.96,1,134.83,0.037,3,0.601,0.0,69
2026-05-23T00:36:21.015,237648,1369,1.103,1.643,3.43,70.04,5000,154.09,1,134.83,0.037,3,0.601,0.0,69
2026-05-23T00:36:21.138,237753,1050,0.846,1.26,2.281,70.04,5000,154.09,1,134.83,0.037,3,0.601,0.0,69
2026-05-23T00:36:21.263,237858,311,0.251,0.373,0.0,70.04,5000,154.09,1,134.83,0.037,3,0.601,0.0,69
2026-05-23T00:36:21.386,237990,269,0.217,0.323,0.0,70.04,5000,154.09,1,134.62,0.037,2,0.401,0.0,69
2026-05-23T00:36:21.448,238095,939,0.757,1.127,1.881,70.04,5000,154.09,1,134.62,0.037,2,0.401,0.0,69
2026-05-23T00:36:21.573,238200,253,0.204,0.304,0.0,70.04,5000,154.09,1,134.62,0.037,2,0.401,0.0,69
2026-05-23T00:36:21.701,238304,505,0.407,0.606,0.318,70.04,5000,154.09,1,134.62,0.037,2,0.401,0.0,69
2026-05-23T00:36:21.761,238409,1227,0.989,1.473,2.918,70.04,5000,154.09,1,134.62,0.037,2,0.401,0.0,69
2026-05-23T00:36:21.887,238514,1327,1.069,1.593,3.279,70.04,5000,154.09,1,134.62,0.037,2,0.401,0.0,69
2026-05-23T00:36:22.012,238619,566,0.456,0.679,0.538,70.04,5000,154.09,1,134.62,0.037,2,0.401,0.0,69
2026-05-23T00:36:22.074,238724,309,0.249,0.371,0.0,70.04,5000,154.09,1,134.62,0.037,2,0.401,0.0,69
2026-05-23T00:36:22.198,238828,844,0.68,1.013,1.539,70.04,5000,154.09,1,134.62,0.037,2,0.401,0.0,69
2026-05-23T00:36:22.323,238933,1378,1.11,1.654,3.462,70.04,5000,154.09,1,134.62,0.037,2,0.401,0.0,69
2026-05-23T00:36:22.383,239038,1015,0.818,1.218,2.155,70.04,5000,154.09,1,154.87,0.037,3,0.523,0.0,69
2026-05-23T00:36:22.508,239143,292,0.235,0.35,0.0,70.04,5000,154.09,1,154.87,0.037,3,0.523,0.0,69
2026-05-23T00:36:22.632,239247,394,0.318,0.473,0.0,70.04,5000,154.09,1,154.87,0.037,3,0.523,0.0,69
2026-05-23T00:36:22.694,239351,1010,0.814,1.212,2.137,70.04,5000,154.09,1,154.87,0.037,3,0.523,0.0,69
2026-05-23T00:36:22.821,239456,1389,1.119,1.667,3.502,70.04,5000,154.09,1,154.87,0.037,3,0.523,0.0,69
2026-05-23T00:36:22.945,239561,874,0.704,1.049,1.647,70.04,5000,154.09,1,154.87,0.037,3,0.523,0.0,69
2026-05-23T00:36:23.069,239666,250,0.201,0.3,0.0,70.04,5000,154.09,1,154.87,0.037,3,0.523,0.0,69
2026-05-23T00:36:23.131,239770,556,0.448,0.667,0.502,70.04,5000,154.09,1,154.87,0.037,3,0.523,0.0,69
2026-05-23T00:36:23.255,239875,1267,1.021,1.521,3.062,70.04,5000,154.09,1,154.87,0.037,3,0.523,0.0,69
2026-05-23T00:36:23.380,240010,1379,1.111,1.655,3.466,70.04,5000,154.09,1,154.96,0.037,3,0.523,0.0,69
2026-05-23T00:36:23.506,240115,1141,0.919,1.37,2.609,70.04,5000,154.09,1,154.96,0.037,3,0.523,0.0,69
2026-05-23T00:36:23.569,240220,1364,1.099,1.637,3.412,70.04,5000,154.09,1,154.96,0.037,3,0.523,0.0,69
2026-05-23T00:36:23.695,240325,686,0.553,0.823,0.97,70.04,5000,154.09,1,154.96,0.037,3,0.523,0.0,69
2026-05-23T00:36:23.819,240430,290,0.234,0.348,0.0,70.04,5000,154.09,1,154.96,0.037,3,0.523,0.0,69
2026-05-23T00:36:23.883,240534,731,0.589,0.877,1.132,70.04,5000,154.09,1,154.96,0.037,3,0.523,0.0,69
2026-05-23T00:36:24.007,240639,1344,1.083,1.613,3.34,70.04,5000,154.09,1,154.96,0.037,3,0.523,0.0,69
2026-05-23T00:36:24.129,240744,1143,0.921,1.372,2.616,70.04,5000,154.09,1,154.96,0.037,3,0.523,0.0,69
2026-05-23T00:36:24.231,240849,359,0.289,0.431,0.0,70.04,5000,154.09,1,154.96,0.037,3,0.523,0.0,69
2026-05-23T00:36:24.332,240953,342,0.276,0.411,0.0,70.04,5000,154.09,1,154.96,0.037,3,0.523,0.0,69
2026-05-23T00:36:24.434,241057,895,0.721,1.074,1.723,70.04,5000,154.09,1,154.99,0.037,3,0.523,0.0,69
2026-05-23T00:36:24.553,241162,1370,1.104,1.644,3.433,70.04,5000,154.09,1,154.99,0.037,3,0.523,0.0,69
2026-05-23T00:36:24.615,241267,979,0.789,1.175,2.025,70.04,5000,154.09,1,154.99,0.037,3,0.523,0.0,69
2026-05-23T00:36:24.740,241372,277,0.223,0.332,0.0,70.04,5000,154.09,1,154.99,0.037,3,0.523,0.0,69
2026-05-23T00:36:24.841,241476,451,0.363,0.541,0.124,70.04,5000,154.09,1,154.99,0.037,3,0.523,0.0,69
2026-05-23T00:36:24.959,241581,1185,0.955,1.422,2.767,70.04,5000,154.09,1,154.99,0.037,3,0.523,0.0,69
2026-05-23T00:36:25.100,241686,1339,1.079,1.607,3.322,70.04,5000,154.09,1,154.99,0.037,3,0.523,0.0,69
2026-05-23T00:36:25.161,241791,624,0.503,0.749,0.747,70.04,5000,154.09,1,154.99,0.037,3,0.523,0.0,69
2026-05-23T00:36:25.271,241896,299,0.241,0.359,0.0,70.04,5000,154.09,1,154.99,0.037,3,0.523,0.0,69
2026-05-23T00:36:25.389,242029,469,0.378,0.563,0.189,70.04,5000,154.09,1,154.94,0.036,3,0.537,0.0,69
2026-05-23T00:36:25.498,242134,348,0.28,0.418,0.0,70.04,5000,154.09,1,154.94,0.036,3,0.537,0.0,69
2026-05-23T00:36:25.607,242238,334,0.269,0.401,0.0,70.04,5000,154.09,1,154.94,0.036,3,0.537,0.0,69
2026-05-23T00:36:25.718,242342,910,0.733,1.092,1.777,70.04,5000,154.09,1,154.94,0.036,3,0.537,0.0,69
2026-05-23T00:36:25.831,242447,1367,1.102,1.641,3.423,70.04,5000,154.09,1,154.94,0.036,3,0.537,0.0,69
2026-05-23T00:36:25.894,242552,974,0.785,1.169,2.007,70.04,5000,154.09,1,154.94,0.036,3,0.537,0.0,69
2026-05-23T00:36:26.018,242657,270,0.218,0.324,0.0,70.04,5000,154.09,1,154.94,0.036,3,0.537,0.0,69
2026-05-23T00:36:26.142,242761,464,0.374,0.557,0.171,70.04,5000,154.09,1,154.94,0.036,3,0.537,0.0,69
2026-05-23T00:36:26.204,242866,1202,0.969,1.443,2.828,70.04,5000,154.09,1,154.94,0.036,3,0.537,0.0,69
2026-05-23T00:36:26.330,242971,1343,1.082,1.612,3.336,70.04,5000,154.09,1,154.94,0.036,3,0.537,0.0,69
2026-05-23T00:36:26.452,243077,403,0.325,0.484,0.0,70.04,5000,154.09,1,154.98,0.036,3,0.537,0.0,69
2026-05-23T00:36:26.515,243181,295,0.238,0.354,0.0,70.04,5000,154.09,1,154.98,0.036,3,0.537,0.0,69
2026-05-23T00:36:26.640,243285,789,0.636,0.947,1.341,70.04,5000,154.09,1,154.98,0.036,3,0.537,0.0,69
2026-05-23T00:36:26.764,243390,1361,1.097,1.634,3.401,70.04,5000,154.09,1,154.98,0.036,3,0.537,0.0,69
2026-05-23T00:36:26.826,243495,1066,0.859,1.28,2.339,70.04,5000,154.09,1,154.98,0.036,3,0.537,0.0,69
2026-05-23T00:36:26.950,243600,308,0.248,0.37,0.0,70.04,5000,154.09,1,154.98,0.036,3,0.537,0.0,69
2026-05-23T00:36:27.077,243704,358,0.288,0.43,0.0,70.04,5000,154.09,1,154.98,0.036,3,0.537,0.0,69
2026-05-23T00:36:27.140,243808,972,0.783,1.167,2.0,70.04,5000,154.09,1,154.98,0.036,3,0.537,0.0,69
2026-05-23T00:36:27.266,243913,1378,1.11,1.654,3.462,70.04,5000,154.09,1,154.98,0.036,3,0.537,0.0,69
2026-05-23T00:36:27.387,244049,1213,0.978,1.456,2.868,70.04,5000,154.09,1,154.9,0.036,3,0.537,0.0,69
2026-05-23T00:36:27.514,244154,1377,1.11,1.653,3.459,70.04,5000,154.09,1,154.9,0.036,3,0.537,0.0,69
2026-05-23T00:36:27.638,244259,886,0.714,1.063,1.69,70.04,5000,154.09,1,154.9,0.036,3,0.537,0.0,69
2026-05-23T00:36:27.700,244364,246,0.198,0.295,0.0,70.04,5000,154.09,1,154.9,0.036,3,0.537,0.0,69
2026-05-23T00:36:27.809,244468,535,0.431,0.642,0.427,70.04,5000,154.09,1,154.9,0.036,3,0.537,0.0,69
2026-05-23T00:36:27.934,244573,1238,0.998,1.486,2.958,70.04,5000,154.09,1,154.9,0.036,3,0.537,0.0,69
2026-05-23T00:36:28.058,244678,1301,1.048,1.562,3.185,70.04,5000,154.09,1,154.9,0.036,3,0.537,0.0,69
2026-05-23T00:36:28.120,244783,544,0.438,0.653,0.459,70.04,5000,154.09,1,154.9,0.036,3,0.537,0.0,69
2026-05-23T00:36:28.248,244888,314,0.253,0.377,0.0,70.04,5000,154.09,1,154.9,0.036,3,0.537,0.0,69
2026-05-23T00:36:28.369,244992,865,0.697,1.038,1.615,70.04,5000,154.09,1,154.9,0.036,3,0.537,0.0,69
2026-05-23T00:36:28.432,245097,1356,1.093,1.628,3.383,70.04,5000,154.09,1,154.9,0.036,3,0.537,0.0,69
2026-05-23T00:36:28.556,245202,1018,0.82,1.222,2.166,70.04,5000,154.09,1,154.9,0.036,3,0.537,0.0,69
2026-05-23T00:36:28.671,245307,272,0.219,0.326,0.0,70.04,5000,154.09,1,154.9,0.036,3,0.537,0.0,69
2026-05-23T00:36:28.792,245411,405,0.326,0.486,0.0,70.04,5000,154.09,1,154.9,0.036,3,0.537,0.0,69
2026-05-23T00:36:28.853,245515,1020,0.822,1.224,2.173,70.04,5000,154.09,1,154.9,0.036,3,0.537,0.0,69
2026-05-23T00:36:28.977,245620,1384,1.115,1.661,3.484,70.04,5000,154.09,1,154.9,0.036,3,0.537,0.0,69
2026-05-23T00:36:29.102,245725,857,0.691,1.029,1.586,70.04,5000,154.09,1,154.9,0.036,3,0.537,0.0,69
2026-05-23T00:36:29.164,245830,253,0.204,0.304,0.0,70.04,5000,154.09,1,154.9,0.036,3,0.537,0.0,69
2026-05-23T00:36:29.287,245934,558,0.45,0.67,0.509,70.04,5000,154.09,1,154.9,0.036,3,0.537,0.0,69
2026-05-23T00:36:29.412,246068,1016,0.819,1.22,2.159,70.04,5000,154.09,1,154.9,0.036,3,0.537,0.0,69
2026-05-23T00:36:29.538,246174,399,0.322,0.479,0.0,70.04,5000,154.09,1,154.9,0.036,3,0.537,0.0,69
2026-05-23T00:36:29.599,246278,1003,0.808,1.204,2.112,70.04,5000,154.09,1,154.9,0.036,3,0.537,0.0,69
2026-05-23T00:36:29.719,246383,1389,1.119,1.667,3.502,70.04,5000,154.09,1,154.9,0.036,3,0.537,0.0,69
2026-05-23T00:36:29.836,246488,882,0.711,1.059,1.676,70.04,5000,154.09,1,154.9,0.036,3,0.537,0.0,69
2026-05-23T00:36:29.961,246593,258,0.208,0.31,0.0,70.04,5000,154.09,1,154.9,0.036,3,0.537,0.0,69
2026-05-23T00:36:30.023,246697,547,0.441,0.657,0.47,70.04,5000,154.09,1,154.9,0.036,3,0.537,0.0,69
2026-05-23T00:36:30.150,246802,1248,1.006,1.498,2.994,70.04,5000,154.09,1,154.9,0.036,3,0.537,0.0,69
2026-05-23T00:36:30.275,246907,1305,1.052,1.566,3.199,70.04,5000,154.09,1,154.9,0.036,3,0.537,0.0,69
2026-05-23T00:36:30.340,247012,541,0.436,0.649,0.448,70.04,5000,154.09,1,154.9,0.036,3,0.537,0.0,69
2026-05-23T00:36:30.464,247116,281,0.226,0.337,0.0,70.04,5000,154.09,1,154.94,0.037,3,0.523,0.0,69
2026-05-23T00:36:30.590,247220,697,0.562,0.837,1.01,70.04,5000,154.09,1,154.94,0.037,3,0.523,0.0,69
2026-05-23T00:36:30.654,247325,1327,1.069,1.593,3.279,70.04,5000,154.09,1,154.94,0.037,3,0.523,0.0,69
2026-05-23T00:36:30.777,247430,1176,0.948,1.412,2.735,70.04,5000,154.09,1,154.94,0.037,3,0.523,0.0,69
2026-05-23T00:36:30.902,247535,382,0.308,0.459,0.0,70.04,5000,154.09,1,154.94,0.037,3,0.523,0.0,69
2026-05-23T00:36:30.964,247639,320,0.258,0.384,0.0,70.04,5000,154.09,1,154.94,0.037,3,0.523,0.0,69
2026-05-23T00:36:31.089,247743,861,0.694,1.033,1.6,70.04,5000,154.09,1,154.94,0.037,3,0.523,0.0,69
2026-05-23T00:36:31.213,247848,1371,1.105,1.646,3.437,70.04,5000,154.09,1,154.94,0.037,3,0.523,0.0,69
2026-05-23T00:36:31.276,247953,1025,0.826,1.23,2.191,70.04,5000,154.09,1,154.94,0.037,3,0.523,0.0,69
2026-05-23T00:36:31.461,248088,557,0.449,0.669,0.506,70.04,5000,154.09,1,154.99,0.036,3,0.537,0.0,69
2026-05-23T00:36:31.520,248193,1182,0.953,1.419,2.756,70.04,5000,154.09,1,154.99,0.036,3,0.537,0.0,69
2026-05-23T00:36:31.629,248298,397,0.32,0.477,0.0,70.04,5000,154.09,1,154.99,0.036,3,0.537,0.0,69
2026-05-23T00:36:31.731,248402,328,0.264,0.394,0.0,70.04,5000,154.09,1,154.99,0.036,3,0.537,0.0,69
2026-05-23T00:36:31.832,248506,866,0.698,1.039,1.618,70.04,5000,154.09,1,154.99,0.036,3,0.537,0.0,69
2026-05-23T00:36:31.934,248611,1372,1.106,1.647,3.441,70.04,5000,154.09,1,154.99,0.036,3,0.537,0.0,69
2026-05-23T00:36:32.039,248716,1023,0.824,1.228,2.184,70.04,5000,154.09,1,154.99,0.036,3,0.537,0.0,69
2026-05-23T00:36:32.140,248821,296,0.239,0.355,0.0,70.04,5000,154.09,1,154.99,0.036,3,0.537,0.0,69
2026-05-23T00:36:32.241,248925,422,0.34,0.507,0.02,70.04,5000,154.09,1,154.99,0.036,3,0.537,0.0,69
2026-05-23T00:36:32.342,249029,1017,0.82,1.221,2.162,70.04,5000,154.09,1,154.99,0.036,3,0.537,0.0,69
2026-05-23T00:36:32.447,249136,1238,0.998,1.486,2.958,70.04,5000,154.09,1,155.01,0.036,3,0.537,0.0,69
2026-05-23T00:36:32.557,249241,497,0.401,0.597,0.29,70.04,5000,154.09,1,155.01,0.036,3,0.537,0.0,69
2026-05-23T00:36:32.660,249346,346,0.279,0.415,0.0,70.04,5000,154.09,1,155.01,0.036,3,0.537,0.0,69
2026-05-23T00:36:32.761,249450,939,0.757,1.127,1.881,70.04,5000,154.09,1,155.01,0.036,3,0.537,0.0,69
2026-05-23T00:36:32.865,249555,1378,1.11,1.654,3.462,70.04,5000,154.09,1,155.01,0.036,3,0.537,0.0,69
2026-05-23T00:36:32.975,249660,952,0.767,1.143,1.928,70.04,5000,154.09,1,155.01,0.036,3,0.537,0.0,69
2026-05-23T00:36:33.084,249765,275,0.222,0.33,0.0,70.04,5000,154.09,1,155.01,0.036,3,0.537,0.0,69
2026-05-23T00:36:33.193,249869,498,0.401,0.598,0.293,70.04,5000,154.09,1,155.01,0.036,3,0.537,0.0,69
2026-05-23T00:36:33.305,249974,1211,0.976,1.454,2.861,70.04,5000,154.09,1,155.01,0.036,3,0.537,0.0,69
2026-05-23T00:36:33.426,250098,278,0.224,0.334,0.0,70.04,5000,154.09,1,155.05,0.036,3,0.537,0.0,69
2026-05-23T00:36:33.549,250202,961,0.774,1.154,1.961,70.04,5000,154.09,1,155.05,0.036,3,0.537,0.0,69
2026-05-23T00:36:33.612,250307,278,0.224,0.334,0.0,70.04,5000,154.09,1,155.05,0.036,3,0.537,0.0,69
2026-05-23T00:36:33.765,250411,489,0.394,0.587,0.261,70.04,5000,154.09,1,155.05,0.036,3,0.537,0.0,69
2026-05-23T00:36:33.874,250516,1204,0.97,1.445,2.836,70.04,5000,154.09,1,155.05,0.036,3,0.537,0.0,69
2026-05-23T00:36:33.925,250621,1333,1.074,1.6,3.3,70.04,5000,154.09,1,155.05,0.036,3,0.537,0.0,69
2026-05-23T00:36:34.043,250726,586,0.472,0.703,0.61,70.04,5000,154.09,1,155.05,0.036,3,0.537,0.0,69
2026-05-23T00:36:34.160,250831,317,0.255,0.381,0.0,70.04,5000,154.09,1,155.05,0.036,3,0.537,0.0,69
2026-05-23T00:36:34.283,250935,817,0.658,0.981,1.442,70.04,5000,154.09,1,155.05,0.036,3,0.537,0.0,69
2026-05-23T00:36:34.346,251040,1363,1.098,1.636,3.408,70.04,5000,154.09,1,155.05,0.036,3,0.537,0.0,69
2026-05-23T00:36:34.470,251145,1007,0.812,1.209,2.126,70.04,5000,154.09,1,155.19,0.036,3,0.536,0.0,69
2026-05-23T00:36:34.580,251250,307,0.247,0.369,0.0,70.04,5000,154.09,1,155.19,0.036,3,0.536,0.0,69
2026-05-23T00:36:34.705,251354,399,0.322,0.479,0.0,70.04,5000,154.09,1,155.19,0.036,3,0.536,0.0,69
2026-05-23T00:36:34.761,251458,1000,0.806,1.2,2.101,70.04,5000,154.09,1,155.19,0.036,3,0.536,0.0,69
2026-05-23T00:36:34.867,251563,1373,1.106,1.648,3.444,70.04,5000,154.09,1,155.19,0.036,3,0.536,0.0,69
2026-05-23T00:36:34.985,251668,866,0.698,1.039,1.618,70.04,5000,154.09,1,155.19,0.036,3,0.536,0.0,69
2026-05-23T00:36:35.095,251773,270,0.218,0.324,0.0,70.04,5000,154.09,1,155.19,0.036,3,0.536,0.0,69
2026-05-23T00:36:35.211,251877,566,0.456,0.679,0.538,70.04,5000,154.09,1,155.19,0.036,3,0.536,0.0,69
2026-05-23T00:36:35.327,251982,1251,1.008,1.502,3.005,70.04,5000,154.09,1,155.19,0.036,3,0.536,0.0,69
2026-05-23T00:36:35.453,252117,1374,1.107,1.649,3.448,70.04,5000,154.09,1,155.18,0.036,3,0.537,0.0,69
2026-05-23T00:36:35.565,252222,1144,0.922,1.373,2.62,70.04,5000,154.09,1,155.18,0.036,3,0.537,0.0,69
2026-05-23T00:36:35.686,252327,1339,1.079,1.607,3.322,70.04,5000,154.09,1,155.18,0.036,3,0.537,0.0,69
2026-05-23T00:36:35.748,252432,658,0.53,0.79,0.869,70.04,5000,154.09,1,155.18,0.036,3,0.537,0.0,69
2026-05-23T00:36:35.875,252537,293,0.236,0.352,0.0,70.04,5000,154.09,1,155.18,0.036,3,0.537,0.0,69
2026-05-23T00:36:35.999,252641,756,0.609,0.907,1.222,70.04,5000,154.09,1,155.18,0.036,3,0.537,0.0,69
2026-05-23T00:36:36.059,252746,1340,1.08,1.608,3.325,70.04,5000,154.09,1,155.18,0.036,3,0.537,0.0,69
2026-05-23T00:36:36.186,252851,1104,0.89,1.325,2.475,70.04,5000,154.09,1,155.18,0.036,3,0.537,0.0,69
2026-05-23T00:36:36.310,252956,334,0.269,0.401,0.0,70.04,5000,154.09,1,155.18,0.036,3,0.537,0.0,69
2026-05-23T00:36:36.372,253060,344,0.277,0.413,0.0,70.04,5000,154.09,1,155.18,0.036,3,0.537,0.0,69
2026-05-23T00:36:36.496,253165,1068,0.861,1.282,2.346,70.04,5000,154.09,1,155.08,0.036,3,0.537,0.0,69
2026-05-23T00:36:36.622,253270,1345,1.084,1.614,3.343,70.04,5000,154.09,1,155.08,0.036,3,0.537,0.0,69
2026-05-23T00:36:36.684,253375,743,0.599,0.892,1.176,70.04,5000,154.09,1,155.08,0.036,3,0.537,0.0,69
2026-05-23T00:36:36.810,253480,279,0.225,0.335,0.0,70.04,5000,154.09,1,155.08,0.036,3,0.537,0.0,69
2026-05-23T00:36:36.933,253584,677,0.546,0.813,0.938,70.04,5000,154.09,1,155.08,0.036,3,0.537,0.0,69
2026-05-23T00:36:36.997,253689,1314,1.059,1.577,3.232,70.04,5000,154.09,1,155.08,0.036,3,0.537,0.0,69
2026-05-23T00:36:37.123,253794,1167,0.94,1.401,2.702,70.04,5000,154.09,1,155.08,0.036,3,0.537,0.0,69
2026-05-23T00:36:37.249,253899,381,0.307,0.457,0.0,70.04,5000,154.09,1,155.08,0.036,3,0.537,0.0,69
2026-05-23T00:36:37.311,254003,317,0.255,0.381,0.0,70.04,5000,154.09,1,155.08,0.036,3,0.537,0.0,69
2026-05-23T00:36:37.435,254136,538,0.434,0.646,0.437,70.04,5000,154.09,1,154.9,0.036,3,0.537,0.0,69
2026-05-23T00:36:37.561,254241,309,0.249,0.371,0.0,70.04,5000,154.09,1,154.9,0.036,3,0.537,0.0,69
2026-05-23T00:36:37.686,254345,378,0.305,0.454,0.0,70.04,5000,154.09,1,154.9,0.036,3,0.537,0.0,69
2026-05-23T00:36:37.749,254449,976,0.787,1.172,2.015,70.04,5000,154.09,1,154.9,0.036,3,0.537,0.0,69
2026-05-23T00:36:37.872,254554,1369,1.103,1.643,3.43,70.04,5000,154.09,1,154.9,0.036,3,0.537,0.0,69
2026-05-23T00:36:37.998,254659,883,0.712,1.06,1.68,70.04,5000,154.09,1,154.9,0.036,3,0.537,0.0,69
2026-05-23T00:36:38.059,254764,257,0.207,0.308,0.0,70.04,5000,154.09,1,154.9,0.036,3,0.537,0.0,69
2026-05-23T00:36:38.185,254868,548,0.442,0.658,0.473,70.04,5000,154.09,1,154.9,0.036,3,0.537,0.0,69
2026-05-23T00:36:38.310,254973,1233,0.994,1.48,2.94,70.04,5000,154.09,1,154.9,0.036,3,0.537,0.0,69
2026-05-23T00:36:38.372,255078,1268,1.022,1.522,3.066,70.04,5000,154.09,1,154.9,0.036,3,0.537,0.0,69
2026-05-23T00:36:38.496,255184,340,0.274,0.408,0.0,70.04,5000,154.09,1,155.15,0.036,3,0.537,0.0,69
2026-05-23T00:36:38.620,255288,334,0.269,0.401,0.0,70.04,5000,154.09,1,155.15,0.036,3,0.537,0.0,69
2026-05-23T00:36:38.682,255392,905,0.729,1.086,1.759,70.04,5000,154.09,1,155.15,0.036,3,0.537,0.0,69
2026-05-23T00:36:38.792,255497,1369,1.103,1.643,3.43,70.04,5000,154.09,1,155.15,0.036,3,0.537,0.0,69
2026-05-23T00:36:38.917,255602,965,0.778,1.158,1.975,70.04,5000,154.09,1,155.15,0.036,3,0.537,0.0,69
2026-05-23T00:36:39.041,255707,271,0.218,0.325,0.0,70.04,5000,154.09,1,155.15,0.036,3,0.537,0.0,69
2026-05-23T00:36:39.104,255811,474,0.382,0.569,0.207,70.04,5000,154.09,1,155.15,0.036,3,0.537,0.0,69
2026-05-23T00:36:39.227,255916,1188,0.957,1.426,2.778,70.04,5000,154.09,1,155.15,0.036,3,0.537,0.0,69
2026-05-23T00:36:39.351,256021,1320,1.064,1.584,3.253,70.04,5000,154.09,1,155.15,0.036,3,0.537,0.0,69
2026-05-23T00:36:39.477,256156,930,0.749,1.116,1.849,70.04,5000,154.09,1,155.03,0.037,3,0.523,0.0,69
2026-05-23T00:36:39.601,256261,1347,1.085,1.617,3.351,70.04,5000,154.09,1,155.03,0.037,3,0.523,0.0,69
2026-05-23T00:36:39.663,256366,746,0.601,0.895,1.186,70.04,5000,154.09,1,155.03,0.037,3,0.523,0.0,69
2026-05-23T00:36:39.789,256471,275,0.222,0.33,0.0,70.04,5000,154.09,1,155.03,0.037,3,0.523,0.0,69
2026-05-23T00:36:39.913,256575,674,0.543,0.809,0.927,70.04,5000,154.09,1,155.03,0.037,3,0.523,0.0,69
2026-05-23T00:36:39.974,256680,1301,1.048,1.562,3.185,70.04,5000,154.09,1,155.03,0.037,3,0.523,0.0,69
2026-05-23T00:36:40.100,256785,1160,0.935,1.392,2.677,70.04,5000,154.09,1,155.03,0.037,3,0.523,0.0,69
2026-05-23T00:36:40.225,256890,392,0.316,0.471,0.0,70.04,5000,154.09,1,155.03,0.037,3,0.523,0.0,69
2026-05-23T00:36:40.275,256994,329,0.265,0.395,0.0,70.04,5000,154.09,1,155.03,0.037,3,0.523,0.0,69
2026-05-23T00:36:40.427,257098,868,0.699,1.042,1.626,70.04,5000,154.09,1,155.03,0.037,3,0.523,0.0,69
2026-05-23T00:36:40.538,257204,1350,1.088,1.62,3.361,70.04,5000,154.09,1,155.2,0.036,3,0.536,0.0,69
2026-05-23T00:36:40.590,257309,818,0.659,0.982,1.446,70.04,5000,154.09,1,155.2,0.036,3,0.536,0.0,69
2026-05-23T00:36:40.755,257414,266,0.214,0.319,0.0,70.04,5000,154.09,1,155.2,0.036,3,0.536,0.0,69
2026-05-23T00:36:40.817,257518,608,0.49,0.73,0.689,70.04,5000,154.09,1,155.2,0.036,3,0.536,0.0,69
2026-05-23T00:36:40.942,257623,1281,1.032,1.538,3.113,70.04,5000,154.09,1,155.2,0.036,3,0.536,0.0,69
2026-05-23T00:36:41.043,257728,1221,0.984,1.466,2.897,70.04,5000,154.09,1,155.2,0.036,3,0.536,0.0,69
2026-05-23T00:36:41.146,257833,435,0.351,0.522,0.066,70.04,5000,154.09,1,155.2,0.036,3,0.536,0.0,69
2026-05-23T00:36:41.258,257937,304,0.245,0.365,0.0,70.04,5000,154.09,1,155.2,0.036,3,0.536,0.0,69
2026-05-23T00:36:41.361,258041,807,0.65,0.969,1.406,70.04,5000,154.09,1,155.2,0.036,3,0.536,0.0,69
2026-05-23T00:36:41.472,258175,1203,0.969,1.444,2.832,70.04,5000,154.09,1,155.08,0.037,3,0.522,0.0,69
2026-05-23T00:36:41.576,258281,658,0.53,0.79,0.869,70.04,5000,154.09,1,155.08,0.037,3,0.522,0.0,69
2026-05-23T00:36:41.677,258386,1305,1.052,1.566,3.199,70.04,5000,154.09,1,155.08,0.037,3,0.522,0.0,69
2026-05-23T00:36:41.781,258491,1181,0.952,1.418,2.753,70.04,5000,154.09,1,155.08,0.037,3,0.522,0.0,69
2026-05-23T00:36:41.891,258596,399,0.322,0.479,0.0,70.04,5000,154.09,1,155.08,0.037,3,0.522,0.0,69
2026-05-23T00:36:42.002,258700,323,0.26,0.388,0.0,70.04,5000,154.09,1,155.08,0.037,3,0.522,0.0,69
2026-05-23T00:36:42.111,258804,855,0.689,1.026,1.579,70.04,5000,154.09,1,155.08,0.037,3,0.522,0.0,69
2026-05-23T00:36:42.218,258909,1356,1.093,1.628,3.383,80.1,5000,176.22,1,155.08,0.037,3,0.522,0.0,69
2026-05-23T00:36:42.341,259015,822,0.662,0.987,1.46,80.1,5000,176.22,1,155.08,0.037,3,0.522,0.0,69
2026-05-23T00:36:42.404,259120,269,0.217,0.323,0.0,80.1,5000,176.22,1,155.08,0.037,3,0.522,0.0,69
2026-05-23T00:36:42.529,259223,444,0.358,0.533,0.099,80.1,5000,176.22,1,155.03,0.036,3,0.537,0.0,69
2026-05-23T00:36:42.656,259327,1053,0.849,1.264,2.292,80.1,5000,176.22,1,155.03,0.036,3,0.537,0.0,69
2026-05-23T00:36:42.717,259432,1360,1.096,1.632,3.397,80.1,5000,176.22,1,155.03,0.036,3,0.537,0.0,69
2026-05-23T00:36:42.842,259537,785,0.633,0.942,1.327,80.1,5000,176.22,1,155.03,0.036,3,0.537,0.0,69
2026-05-23T00:36:42.965,259642,263,0.212,0.316,0.0,80.1,5000,176.22,1,155.03,0.036,3,0.537,0.0,69
2026-05-23T00:36:43.028,259746,638,0.514,0.766,0.797,80.1,5000,176.22,1,155.03,0.036,3,0.537,0.0,69
2026-05-23T00:36:43.153,259851,1305,1.052,1.566,3.199,80.1,5000,176.22,1,155.03,0.036,3,0.537,0.0,69
2026-05-23T00:36:43.277,259956,1200,0.967,1.44,2.821,80.1,5000,176.22,1,155.03,0.036,3,0.537,0.0,69
2026-05-23T00:36:43.340,260061,405,0.326,0.486,0.0,80.1,5000,176.22,1,155.03,0.036,3,0.537,0.0,69
2026-05-23T00:36:43.465,260195,263,0.212,0.316,0.0,80.1,5000,176.22,1,175.38,0.036,3,0.475,0.0,69
2026-05-23T00:36:43.592,260300,740,0.596,0.888,1.165,80.1,5000,176.22,1,175.38,0.036,3,0.475,0.0,69
2026-05-23T00:36:43.718,260405,286,0.23,0.343,0.0,80.1,5000,176.22,1,175.38,0.036,3,0.475,0.0,69
2026-05-23T00:36:43.780,260509,700,0.564,0.84,1.021,80.1,5000,176.22,1,175.38,0.036,3,0.475,0.0,69
2026-05-23T00:36:43.904,260614,1323,1.066,1.588,3.264,80.1,5000,176.22,1,175.38,0.036,3,0.475,0.0,69
2026-05-23T00:36:44.031,260719,1146,0.924,1.376,2.627,80.1,5000,176.22,1,175.38,0.036,3,0.475,0.0,69
2026-05-23T00:36:44.093,260824,366,0.295,0.439,0.0,80.1,5000,176.22,1,175.38,0.036,3,0.475,0.0,69
2026-05-23T00:36:44.217,260928,335,0.27,0.402,0.0,80.1,5000,176.22,1,175.38,0.036,3,0.475,0.0,69
2026-05-23T00:36:44.343,261032,918,0.74,1.102,1.806,80.1,5000,176.22,1,175.38,0.036,3,0.475,0.0,69
2026-05-23T00:36:44.404,261137,1369,1.103,1.643,3.43,80.1,5000,176.22,1,175.38,0.036,3,0.475,0.0,69
2026-05-23T00:36:44.529,261243,746,0.601,0.895,1.186,80.1,5000,176.22,1,175.53,0.036,3,0.474,0.0,69
2026-05-23T00:36:44.655,261348,269,0.217,0.323,0.0,80.1,5000,176.22,1,175.53,0.036,3,0.474,0.0,69
2026-05-23T00:36:44.717,261452,656,0.529,0.787,0.862,80.1,5000,176.22,1,175.53,0.036,3,0.474,0.0,69
2026-05-23T00:36:44.842,261557,1303,1.05,1.564,3.192,80.1,5000,176.22,1,175.53,0.036,3,0.474,0.0,69
2026-05-23T00:36:44.942,261662,1178,0.949,1.414,2.742,80.1,5000,176.22,1,175.53,0.036,3,0.474,0.0,69
2026-05-23T00:36:45.044,261767,398,0.321,0.478,0.0,80.1,5000,176.22,1,175.53,0.036,3,0.474,0.0,69
2026-05-23T00:36:45.151,261871,320,0.258,0.384,0.0,80.1,5000,176.22,1,175.53,0.036,3,0.474,0.0,69
2026-05-23T00:36:45.265,261975,857,0.691,1.029,1.586,80.1,5000,176.22,1,175.53,0.036,3,0.474,0.0,69
2026-05-23T00:36:45.375,262080,1355,1.092,1.626,3.379,80.1,5000,176.22,1,175.53,0.036,3,0.474,0.0,69
2026-05-23T00:36:45.485,262214,1274,1.027,1.529,3.088,80.1,5000,176.22,1,175.02,0.036,3,0.476,0.0,69
2026-05-23T00:36:45.593,262320,1323,1.066,1.588,3.264,80.1,5000,176.22,1,175.02,0.036,3,0.476,0.0,69
2026-05-23T00:36:45.699,262425,1130,0.911,1.356,2.569,80.1,5000,176.22,1,175.02,0.036,3,0.476,0.0,69
2026-05-23T00:36:45.808,262530,363,0.293,0.436,0.0,80.1,5000,176.22,1,175.02,0.036,3,0.476,0.0,69
2026-05-23T00:36:45.918,262634,345,0.278,0.414,0.0,80.1,5000,176.22,1,175.02,0.036,3,0.476,0.0,69
2026-05-23T00:36:46.031,262738,928,0.748,1.114,1.842,80.1,5000,176.22,1,175.02,0.036,3,0.476,0.0,69
2026-05-23T00:36:46.140,262843,1379,1.111,1.655,3.466,80.1,5000,176.22,1,175.02,0.036,3,0.476,0.0,69
2026-05-23T00:36:46.250,262948,947,0.763,1.137,1.91,80.1,5000,176.22,1,175.02,0.036,3,0.476,0.0,69
2026-05-23T00:36:46.359,263053,270,0.218,0.324,0.0,80.1,5000,176.22,1,175.02,0.036,3,0.476,0.0,69
2026-05-23T00:36:46.465,263157,509,0.41,0.611,0.333,80.1,5000,176.22,1,175.02,0.036,3,0.476,0.0,69
2026-05-23T00:36:46.573,263262,1201,0.968,1.442,2.825,80.1,5000,176.22,1,175.37,0.036,3,0.475,0.0,69
2026-05-23T00:36:46.628,263367,1312,1.057,1.575,3.224,80.1,5000,176.22,1,175.37,0.036,3,0.475,0.0,69
2026-05-23T00:36:46.746,263472,554,0.446,0.665,0.495,80.1,5000,176.22,1,175.37,0.036,3,0.475,0.0,69
2026-05-23T00:36:46.854,263577,327,0.264,0.393,0.0,80.1,5000,176.22,1,175.37,0.036,3,0.475,0.0,69
2026-05-23T00:36:46.963,263681,866,0.698,1.039,1.618,80.1,5000,176.22,1,175.37,0.036,3,0.475,0.0,69
2026-05-23T00:36:47.087,263786,1374,1.107,1.649,3.448,80.1,5000,176.22,1,175.37,0.036,3,0.475,0.0,69
2026-05-23T00:36:47.199,263891,995,0.802,1.194,2.083,80.1,5000,176.22,1,175.37,0.036,3,0.475,0.0,69
2026-05-23T00:36:47.260,263996,285,0.23,0.342,0.0,80.1,5000,176.22,1,175.37,0.036,3,0.475,0.0,69
2026-05-23T00:36:47.374,264100,455,0.367,0.546,0.138,80.1,5000,176.22,1,175.37,0.036,3,0.475,0.0,69
2026-05-23T00:36:47.539,264234,925,0.745,1.11,1.831,80.1,5000,176.22,1,175.61,0.036,3,0.474,0.0,69
2026-05-23T00:36:47.592,264339,303,0.244,0.364,0.0,80.1,5000,176.22,1,175.61,0.036,3,0.474,0.0,69
2026-05-23T00:36:47.710,264443,759,0.612,0.911,1.233,80.1,5000,176.22,1,175.61,0.036,3,0.474,0.0,69
2026-05-23T00:36:47.831,264548,1346,1.085,1.616,3.347,80.1,5000,176.22,1,175.61,0.036,3,0.474,0.0,69
2026-05-23T00:36:47.941,264653,1102,0.888,1.323,2.468,80.1,5000,176.22,1,175.61,0.036,3,0.474,0.0,69
2026-05-23T00:36:48.054,264758,344,0.277,0.413,0.0,80.1,5000,176.22,1,175.61,0.036,3,0.474,0.0,69
2026-05-23T00:36:48.116,264862,366,0.295,0.439,0.0,80.1,5000,176.22,1,175.61,0.036,3,0.474,0.0,69
2026-05-23T00:36:48.236,264966,970,0.782,1.164,1.993,80.1,5000,176.22,1,175.61,0.036,3,0.474,0.0,69
2026-05-23T00:36:48.353,265071,1377,1.11,1.653,3.459,80.1,5000,176.22,1,175.61,0.036,3,0.474,0.0,69
2026-05-23T00:36:48.476,265176,914,0.737,1.097,1.791,80.1,5000,176.22,1,175.61,0.036,3,0.474,0.0,69
2026-05-23T00:36:48.539,265282,275,0.222,0.33,0.0,80.1,5000,176.22,1,175.28,0.036,3,0.475,0.0,69
2026-05-23T00:36:48.663,265386,711,0.573,0.853,1.06,80.1,5000,176.22,1,175.28,0.036,3,0.475,0.0,69
2026-05-23T00:36:48.788,265491,1330,1.072,1.596,3.289,80.1,5000,176.22,1,175.28,0.036,3,0.475,0.0,69
2026-05-23T00:36:48.850,265596,1147,0.924,1.377,2.63,80.1,5000,176.22,1,175.28,0.036,3,0.475,0.0,69
2026-05-23T00:36:48.974,265701,363,0.293,0.436,0.0,80.1,5000,176.22,1,175.28,0.036,3,0.475,0.0,69
2026-05-23T00:36:49.100,265805,339,0.273,0.407,0.0,80.1,5000,176.22,1,175.28,0.036,3,0.475,0.0,69
2026-05-23T00:36:49.207,265909,923,0.744,1.108,1.824,80.1,5000,176.22,1,175.28,0.036,3,0.475,0.0,69
2026-05-23T00:36:49.265,266014,1379,1.111,1.655,3.466,80.1,5000,176.22,1,175.28,0.036,3,0.475,0.0,69
2026-05-23T00:36:49.379,266119,960,0.774,1.152,1.957,80.1,5000,176.22,1,175.28,0.036,3,0.475,0.0,69
2026-05-23T00:36:49.565,266258,482,0.388,0.579,0.236,80.1,5000,176.22,1,175.43,0.036,3,0.475,0.0,69
2026-05-23T00:36:49.627,266363,407,0.328,0.489,0.0,80.1,5000,176.22,1,175.43,0.036,3,0.475,0.0,69
2026-05-23T00:36:49.752,266467,325,0.262,0.39,0.0,80.1,5000,176.22,1,175.43,0.036,3,0.475,0.0,69
2026-05-23T00:36:49.879,266571,860,0.693,1.032,1.597,80.1,5000,176.22,1,175.43,0.036,3,0.475,0.0,69
2026-05-23T00:36:49.940,266676,1366,1.101,1.64,3.419,80.1,5000,176.22,1,175.43,0.036,3,0.475,0.0,69
2026-05-23T00:36:50.064,266781,1005,0.81,1.206,2.119,80.1,5000,176.22,1,175.43,0.036,3,0.475,0.0,69
2026-05-23T00:36:50.189,266886,283,0.228,0.34,0.0,80.1,5000,176.22,1,175.43,0.036,3,0.475,0.0,69
2026-05-23T00:36:50.252,266990,451,0.363,0.541,0.124,80.1,5000,176.22,1,175.43,0.036,3,0.475,0.0,69
2026-05-23T00:36:50.375,267095,1175,0.947,1.41,2.731,80.1,5000,176.22,1,175.43,0.036,3,0.475,0.0,69
2026-05-23T00:36:50.500,267200,1335,1.076,1.602,3.307,80.1,5000,176.22,1,175.43,0.036,3,0.475,0.0,69
2026-05-23T00:36:50.562,267301,1249,1.007,1.499,2.998,80.1,5000,176.22,1,175.44,0.036,3,0.474,0.0,69
2026-05-23T00:36:50.687,267406,507,0.409,0.609,0.326,80.1,5000,176.22,1,175.44,0.036,3,0.474,0.0,69
2026-05-23T00:36:50.814,267511,342,0.276,0.411,0.0,80.1,5000,176.22,1,175.44,0.036,3,0.474,0.0,69
2026-05-23T00:36:50.877,267615,932,0.751,1.119,1.856,80.1,5000,176.22,1,175.44,0.036,3,0.474,0.0,69
2026-05-23T00:36:51.001,267720,1365,1.1,1.638,3.415,80.1,5000,176.22,1,175.44,0.036,3,0.474,0.0,69
2026-05-23T00:36:51.125,267825,945,0.762,1.134,1.903,80.1,5000,176.22,1,175.44,0.036,3,0.474,0.0,69
2026-05-23T00:36:51.188,267930,271,0.218,0.325,0.0,80.1,5000,176.22,1,175.44,0.036,3,0.474,0.0,69
2026-05-23T00:36:51.311,268034,510,0.411,0.612,0.337,80.1,5000,176.22,1,175.44,0.036,3,0.474,0.0,69
2026-05-23T00:36:51.436,268139,1218,0.982,1.462,2.886,80.1,5000,176.22,1,175.44,0.036,3,0.474,0.0,69
2026-05-23T00:36:51.561,268273,1366,1.101,1.64,3.419,80.1,5000,176.22,1,175.26,0.036,3,0.475,0.0,69
2026-05-23T00:36:51.624,268378,982,0.791,1.179,2.036,80.1,5000,176.22,1,175.26,0.036,3,0.475,0.0,69
2026-05-23T00:36:51.749,268483,1365,1.1,1.638,3.415,80.1,5000,176.22,1,175.26,0.036,3,0.475,0.0,69
2026-05-23T00:36:51.872,268588,874,0.704,1.049,1.647,80.1,5000,176.22,1,175.26,0.036,3,0.475,0.0,69
2026-05-23T00:36:51.933,268693,273,0.22,0.328,0.0,80.1,5000,176.22,1,175.26,0.036,3,0.475,0.0,69
2026-05-23T00:36:52.056,268797,575,0.463,0.69,0.571,80.1,5000,176.22,1,175.26,0.036,3,0.475,0.0,69
2026-05-23T00:36:52.180,268902,1259,1.015,1.511,3.034,80.1,5000,176.22,1,175.26,0.036,3,0.475,0.0,69
2026-05-23T00:36:52.306,269007,1260,1.015,1.512,3.037,80.1,5000,176.22,1,175.26,0.036,3,0.475,0.0,69
2026-05-23T00:36:52.370,269112,495,0.399,0.594,0.282,80.1,5000,176.22,1,175.26,0.036,3,0.475,0.0,69
2026-05-23T00:36:52.493,269217,359,0.289,0.431,0.0,80.1,5000,176.22,1,175.26,0.036,3,0.475,0.0,69
2026-05-23T00:36:52.617,269321,937,0.755,1.125,1.874,80.1,5000,176.22,1,175.19,0.036,3,0.475,0.0,69
2026-05-23T00:36:52.681,269426,1368,1.102,1.642,3.426,80.1,5000,176.22,1,175.19,0.036,3,0.475,0.0,69
2026-05-23T00:36:52.805,269531,917,0.739,1.101,1.802,80.1,5000,176.22,1,175.19,0.036,3,0.475,0.0,69
2026-05-23T00:36:52.931,269636,267,0.215,0.32,0.0,80.1,5000,176.22,1,175.19,0.036,3,0.475,0.0,69
2026-05-23T00:36:52.993,269740,538,0.434,0.646,0.437,80.1,5000,176.22,1,175.19,0.036,3,0.475,0.0,69
2026-05-23T00:36:53.118,269845,1232,0.993,1.479,2.936,80.1,5000,176.22,1,175.19,0.036,3,0.475,0.0,69
2026-05-23T00:36:53.241,269950,1278,1.03,1.534,3.102,80.1,5000,176.22,1,175.19,0.036,3,0.475,0.0,69
2026-05-23T00:36:53.303,270055,533,0.43,0.64,0.419,80.1,5000,176.22,1,175.19,0.036,3,0.475,0.0,69
2026-05-23T00:36:53.429,270160,344,0.277,0.413,0.0,80.1,5000,176.22,1,175.19,0.036,3,0.475,0.0,69
2026-05-23T00:36:53.553,270293,586,0.472,0.703,0.61,80.1,5000,176.22,1,175.27,0.036,3,0.475,0.0,69
2026-05-23T00:36:53.677,270398,285,0.23,0.342,0.0,80.1,5000,176.22,1,175.27,0.036,3,0.475,0.0,69
2026-05-23T00:36:53.742,270502,448,0.361,0.538,0.113,80.1,5000,176.22,1,175.27,0.036,3,0.475,0.0,69
2026-05-23T00:36:53.866,270607,1181,0.952,1.418,2.753,80.1,5000,176.22,1,175.27,0.036,3,0.475,0.0,69
2026-05-23T00:36:53.991,270712,1337,1.077,1.605,3.315,80.1,5000,176.22,1,175.27,0.036,3,0.475,0.0,69
2026-05-23T00:36:54.053,270817,612,0.493,0.735,0.704,80.1,5000,176.22,1,175.27,0.036,3,0.475,0.0,69
2026-05-23T00:36:54.176,270922,322,0.259,0.387,0.0,80.1,5000,176.22,1,175.27,0.036,3,0.475,0.0,69
2026-05-23T00:36:54.302,271026,819,0.66,0.983,1.449,80.1,5000,176.22,1,175.27,0.036,3,0.475,0.0,69
2026-05-23T00:36:54.364,271131,1356,1.093,1.628,3.383,80.1,5000,176.22,1,175.27,0.036,3,0.475,0.0,69
2026-05-23T00:36:54.471,271236,1047,0.844,1.257,2.27,80.1,5000,176.22,1,175.27,0.036,3,0.475,0.0,69
2026-05-23T00:36:54.583,271340,380,0.306,0.456,0.0,80.1,5000,176.22,1,175.2,0.036,3,0.475,0.0,69
2026-05-23T00:36:54.696,271444,322,0.259,0.387,0.0,80.1,5000,176.22,1,175.2,0.036,3,0.475,0.0,69
2026-05-23T00:36:54.798,271548,855,0.689,1.026,1.579,80.1,5000,176.22,1,175.2,0.036,3,0.475,0.0,69
2026-05-23T00:36:54.898,271653,1361,1.097,1.634,3.401,80.1,5000,176.22,1,175.2,0.036,3,0.475,0.0,69
2026-05-23T00:36:55.001,271758,999,0.805,1.199,2.097,80.1,5000,176.22,1,175.2,0.036,3,0.475,0.0,69
2026-05-23T00:36:55.102,271863,285,0.23,0.342,0.0,80.1,5000,176.22,1,175.2,0.036,3,0.475,0.0,69
2026-05-23T00:36:55.207,271967,451,0.363,0.541,0.124,80.1,5000,176.22,1,175.2,0.036,3,0.475,0.0,69
2026-05-23T00:36:55.331,272072,1177,0.948,1.413,2.738,80.1,5000,176.22,1,175.2,0.036,3,0.475,0.0,69
2026-05-23T00:36:55.452,272177,1334,1.075,1.601,3.304,80.1,5000,176.22,1,175.2,0.036,3,0.475,0.0,69
2026-05-23T00:36:55.565,272312,960,0.774,1.152,1.957,80.1,5000,176.22,1,175.34,0.036,3,0.475,0.0,69
2026-05-23T00:36:55.691,272417,1356,1.093,1.628,3.383,80.1,5000,176.22,1,175.34,0.036,3,0.475,0.0,69
2026-05-23T00:36:55.845,272522,756,0.609,0.907,1.222,80.1,5000,176.22,1,175.34,0.036,3,0.475,0.0,69
2026-05-23T00:36:55.908,272627,278,0.224,0.334,0.0,80.1,5000,176.22,1,175.34,0.036,3,0.475,0.0,69
2026-05-23T00:36:55.971,272731,689,0.555,0.827,0.981,80.1,5000,176.22,1,175.34,0.036,3,0.475,0.0,69
2026-05-23T00:36:56.093,272836,1321,1.065,1.586,3.257,80.1,5000,176.22,1,175.34,0.036,3,0.475,0.0,69
2026-05-23T00:36:56.216,272941,1161,0.936,1.394,2.681,80.1,5000,176.22,1,175.34,0.036,3,0.475,0.0,69
2026-05-23T00:36:56.279,273046,382,0.308,0.459,0.0,80.1,5000,176.22,1,175.34,0.036,3,0.475,0.0,69
2026-05-23T00:36:56.404,273150,343,0.276,0.412,0.0,80.1,5000,176.22,1,175.34,0.036,3,0.475,0.0,69
2026-05-23T00:36:56.531,273254,908,0.732,1.09,1.77,80.1,5000,176.22,1,175.34,0.036,3,0.475,0.0,69
2026-05-23T00:36:56.596,273360,1343,1.082,1.612,3.336,80.1,5000,176.22,1,175.36,0.036,3,0.475,0.0,69
2026-05-23T00:36:56.719,273465,790,0.637,0.948,1.345,80.1,5000,176.22,1,175.36,0.036,3,0.475,0.0,69
2026-05-23T00:36:56.844,273570,275,0.222,0.33,0.0,80.1,5000,176.22,1,175.36,0.036,3,0.475,0.0,69
2026-05-23T00:36:56.906,273674,655,0.528,0.786,0.859,80.1,5000,176.22,1,175.36,0.036,3,0.475,0.0,69
2026-05-23T00:36:57.029,273779,1309,1.055,1.571,3.214,80.1,5000,176.22,1,175.36,0.036,3,0.475,0.0,69
2026-05-23T00:36:57.155,273884,1198,0.965,1.438,2.814,80.1,5000,176.22,1,175.36,0.036,3,0.475,0.0,69
2026-05-23T00:36:57.217,273989,413,0.333,0.496,0.0,80.1,5000,176.22,1,175.36,0.036,3,0.475,0.0,69
2026-05-23T00:36:57.342,274093,331,0.267,0.397,0.0,80.1,5000,176.22,1,175.36,0.036,3,0.475,0.0,69
2026-05-23T00:36:57.468,274197,864,0.696,1.037,1.611,80.1,5000,176.22,1,175.36,0.036,3,0.475,0.0,69
2026-05-23T00:36:57.591,274332,1241,1.0,1.49,2.969,80.1,5000,176.22,1,175.36,0.036,3,0.475,0.0,69
2026-05-23T00:36:57.717,274437,718,0.579,0.862,1.086,80.1,5000,176.22,1,175.36,0.036,3,0.475,0.0,69
2026-05-23T00:36:57.778,274542,1332,1.073,1.599,3.297,80.1,5000,176.22,1,175.36,0.036,3,0.475,0.0,69
2026-05-23T00:36:57.901,274647,1128,0.909,1.354,2.562,80.1,5000,176.22,1,175.36,0.036,3,0.475,0.0,69
2026-05-23T00:36:58.026,274752,356,0.287,0.427,0.0,80.1,5000,176.22,1,175.36,0.036,3,0.475,0.0,69
2026-05-23T00:36:58.087,274856,354,0.285,0.425,0.0,80.1,5000,176.22,1,175.36,0.036,3,0.475,0.0,69
2026-05-23T00:36:58.212,274960,943,0.76,1.132,1.896,80.1,5000,176.22,1,175.36,0.036,3,0.475,0.0,69
2026-05-23T00:36:58.338,275065,1374,1.107,1.649,3.448,80.1,5000,176.22,1,175.36,0.036,3,0.475,0.0,69
2026-05-23T00:36:58.400,275170,939,0.757,1.127,1.881,80.1,5000,176.22,1,175.36,0.036,3,0.475,0.0,69
2026-05-23T00:36:58.525,275275,270,0.218,0.324,0.0,80.1,5000,176.22,1,175.36,0.036,3,0.475,0.0,69
2026-05-23T00:36:58.649,275380,692,0.558,0.831,0.992,80.1,5000,176.22,1,175.44,0.036,3,0.474,0.0,69
2026-05-23T00:36:58.711,275485,1331,1.073,1.598,3.293,80.1,5000,176.22,1,175.44,0.036,3,0.474,0.0,69
2026-05-23T00:36:58.834,275590,1161,0.936,1.394,2.681,80.1,5000,176.22,1,175.44,0.036,3,0.474,0.0,69
2026-05-23T00:36:58.961,275695,355,0.286,0.426,0.0,80.1,5000,176.22,1,175.44,0.036,3,0.474,0.0,69
2026-05-23T00:36:59.024,275799,333,0.268,0.4,0.0,80.1,5000,176.22,1,175.44,0.036,3,0.474,0.0,69
2026-05-23T00:36:59.149,275903,923,0.744,1.108,1.824,80.1,5000,176.22,1,175.44,0.036,3,0.474,0.0,69
2026-05-23T00:36:59.275,276008,1386,1.117,1.664,3.491,80.1,5000,176.22,1,175.44,0.036,3,0.474,0.0,69
2026-05-23T00:36:59.336,276113,962,0.775,1.155,1.964,80.1,5000,176.22,1,175.44,0.036,3,0.474,0.0,69
2026-05-23T00:36:59.462,276218,258,0.208,0.31,0.0,80.1,5000,176.22,1,175.44,0.036,3,0.474,0.0,69
2026-05-23T00:36:59.571,276351,297,0.239,0.356,0.0,80.1,5000,176.22,1,175.4,0.036,3,0.475,0.0,69
2026-05-23T00:36:59.695,276456,611,0.492,0.733,0.7,80.1,5000,176.22,1,175.4,0.036,3,0.475,0.0,69
2026-05-23T00:36:59.819,276561,310,0.25,0.372,0.0,80.1,5000,176.22,1,175.4,0.036,3,0.475,0.0,69
2026-05-23T00:36:59.881,276665,811,0.654,0.973,1.42,80.1,5000,176.22,1,175.4,0.036,3,0.475,0.0,69
2026-05-23T00:37:00.006,276770,1381,1.113,1.658,3.473,80.1,5000,176.22,1,175.4,0.036,3,0.475,0.0,69
2026-05-23T00:37:00.129,276875,1056,0.851,1.268,2.303,80.1,5000,176.22,1,175.4,0.036,3,0.475,0.0,69
2026-05-23T00:37:00.193,276980,298,0.24,0.358,0.0,80.1,5000,176.22,1,175.4,0.036,3,0.475,0.0,69
2026-05-23T00:37:00.318,277084,406,0.327,0.487,0.0,80.1,5000,176.22,1,175.4,0.036,3,0.475,0.0,69
2026-05-23T00:37:00.437,277188,1030,0.83,1.236,2.209,80.1,5000,176.22,1,175.4,0.036,3,0.475,0.0,69
2026-05-23T00:37:00.552,277293,1384,1.115,1.661,3.484,80.1,5000,176.22,1,175.4,0.036,3,0.475,0.0,69
2026-05-23T00:37:00.801,277572,1161,0.936,1.394,2.681,80.1,5000,176.22,0,175.4,0.036,3,0.475,0.0,70
2026-05-23T00:37:00.927,277677,1166,0.94,1.4,2.699,80.1,5000,176.22,0,175.4,0.036,3,0.475,0.0,70
2026-05-23T00:37:00.989,277782,370,0.298,0.444,0.0,80.1,5000,176.22,0,175.4,0.036,3,0.475,0.0,70
2026-05-23T00:37:01.115,277886,332,0.268,0.399,0.0,80.1,5000,176.22,0,175.4,0.036,3,0.475,0.0,70
2026-05-23T00:37:01.238,277990,926,0.746,1.112,1.835,80.1,5000,176.22,0,175.4,0.036,3,0.475,0.0,70
2026-05-23T00:37:01.364,278095,1388,1.119,1.666,3.498,80.1,5000,176.22,0,175.4,0.036,3,0.475,0.0,70
2026-05-23T00:37:01.426,278200,966,0.778,1.16,1.979,80.1,5000,176.22,0,175.4,0.036,3,0.475,0.0,70
2026-05-23T00:37:01.555,278305,270,0.218,0.324,0.0,80.1,5000,176.22,0,175.4,0.036,3,0.475,0.0,70
2026-05-23T00:37:01.676,278415,1335,1.076,1.602,3.307,80.1,5000,176.22,1,175.49,0.036,3,0.474,0.0,70
2026-05-23T00:37:01.738,278520,1135,0.915,1.362,2.587,80.1,5000,176.22,1,175.49,0.036,3,0.474,0.0,70
2026-05-23T00:37:01.863,278625,348,0.28,0.418,0.0,80.1,5000,176.22,1,175.49,0.036,3,0.474,0.0,70
2026-05-23T00:37:01.986,278729,351,0.283,0.421,0.0,80.1,5000,176.22,1,175.49,0.036,3,0.474,0.0,70
2026-05-23T00:37:02.049,278833,959,0.773,1.151,1.953,80.1,5000,176.22,1,175.49,0.036,3,0.474,0.0,70
2026-05-23T00:37:02.174,278938,1385,1.116,1.662,3.487,80.1,5000,176.22,1,175.49,0.036,3,0.474,0.0,70
2026-05-23T00:37:02.297,279043,932,0.751,1.119,1.856,80.1,5000,176.22,1,175.49,0.036,3,0.474,0.0,70
2026-05-23T00:37:02.360,279148,258,0.208,0.31,0.0,80.1,5000,176.22,1,175.49,0.036,3,0.474,0.0,70
2026-05-23T00:37:02.483,279252,540,0.435,0.648,0.445,80.1,5000,176.22,1,175.49,0.036,3,0.474,0.0,70
2026-05-23T00:37:02.608,279376,921,0.742,1.106,1.817,80.1,5000,176.22,1,175.63,0.036,3,0.474,0.0,70
2026-05-23T00:37:02.734,279481,1356,1.093,1.628,3.383,80.1,5000,176.22,1,175.63,0.036,3,0.474,0.0,70
2026-05-23T00:37:02.794,279586,712,0.574,0.855,1.064,80.1,5000,176.22,1,175.63,0.036,3,0.474,0.0,70
2026-05-23T00:37:02.918,279691,297,0.239,0.356,0.0,80.1,5000,176.22,1,175.63,0.036,3,0.474,0.0,70
2026-05-23T00:37:03.043,279795,742,0.598,0.891,1.172,80.1,5000,176.22,1,175.63,0.036,3,0.474,0.0,70
2026-05-23T00:37:03.104,279900,1331,1.073,1.598,3.293,80.1,5000,176.22,1,175.63,0.036,3,0.474,0.0,70
2026-05-23T00:37:03.221,280005,1101,0.887,1.322,2.465,80.1,5000,176.22,1,175.63,0.036,3,0.474,0.0,70
2026-05-23T00:37:03.336,280110,332,0.268,0.399,0.0,80.1,5000,176.22,1,175.63,0.036,3,0.474,0.0,70
2026-05-23T00:37:03.448,280214,358,0.288,0.43,0.0,80.1,5000,176.22,1,175.63,0.036,3,0.474,0.0,70
2026-05-23T00:37:03.561,280318,961,0.774,1.154,1.961,80.1,5000,176.22,1,175.63,0.036,3,0.474,0.0,70
2026-05-23T00:37:03.621,280424,1322,1.065,1.587,3.261,80.1,5000,176.22,1,175.28,0.036,3,0.475,0.0,70
2026-05-23T00:37:03.746,280529,716,0.577,0.859,1.078,80.1,5000,176.22,1,175.28,0.036,3,0.475,0.0,70
2026-05-23T00:37:03.872,280634,290,0.234,0.348,0.0,80.1,5000,176.22,1,175.28,0.036,3,0.475,0.0,70
2026-05-23T00:37:03.996,280738,738,0.595,0.886,1.158,80.1,5000,176.22,1,175.28,0.036,3,0.475,0.0,70
2026-05-23T00:37:04.052,280843,1334,1.075,1.601,3.304,80.1,5000,176.22,1,175.28,0.036,3,0.475,0.0,70
2026-05-23T00:37:04.167,280948,1107,0.892,1.329,2.486,80.1,5000,176.22,1,175.28,0.036,3,0.475,0.0,70
2026-05-23T00:37:04.285,281053,345,0.278,0.414,0.0,80.1,5000,176.22,1,175.28,0.036,3,0.475,0.0,70
2026-05-23T00:37:04.352,281157,369,0.297,0.443,0.0,80.1,5000,176.22,1,175.28,0.036,3,0.475,0.0,70
2026-05-23T00:37:04.476,281261,965,0.778,1.158,1.975,80.1,5000,176.22,1,175.28,0.036,3,0.475,0.0,70
2026-05-23T00:37:04.600,281395,1294,1.043,1.553,3.16,80.1,5000,176.22,1,175.5,0.036,3,0.474,0.0,70
2026-05-23T00:37:04.709,281501,826,0.666,0.991,1.474,80.1,5000,176.22,1,175.5,0.036,3,0.474,0.0,70
2026-05-23T00:37:04.818,281606,1358,1.094,1.63,3.39,80.1,5000,176.22,1,175.5,0.036,3,0.474,0.0,70
2026-05-23T00:37:04.944,281711,1020,0.822,1.224,2.173,80.1,5000,176.22,1,175.5,0.036,3,0.474,0.0,70
2026-05-23T00:37:05.060,281816,299,0.241,0.359,0.0,80.1,5000,176.22,1,175.5,0.036,3,0.474,0.0,70
2026-05-23T00:37:05.114,281920,448,0.361,0.538,0.113,80.1,5000,176.22,1,175.5,0.036,3,0.474,0.0,70
2026-05-23T00:37:05.224,282025,1174,0.946,1.409,2.728,80.1,5000,176.22,1,175.5,0.036,3,0.474,0.0,70
2026-05-23T00:37:05.332,282130,1342,1.081,1.611,3.333,80.1,5000,176.22,1,175.5,0.036,3,0.474,0.0,70
2026-05-23T00:37:05.458,282235,612,0.493,0.735,0.704,80.1,5000,176.22,1,175.5,0.036,3,0.474,0.0,70
2026-05-23T00:37:05.581,282340,332,0.268,0.399,0.0,80.1,5000,176.22,1,175.5,0.036,3,0.474,0.0,70
2026-05-23T00:37:05.643,282443,666,0.537,0.799,0.898,80.1,5000,176.22,1,175.46,0.036,3,0.474,0.0,70
2026-05-23T00:37:05.769,282548,1306,1.052,1.568,3.203,80.1,5000,176.22,1,175.46,0.036,3,0.474,0.0,70
2026-05-23T00:37:05.892,282653,1178,0.949,1.414,2.742,80.1,5000,176.22,1,175.46,0.036,3,0.474,0.0,70
2026-05-23T00:37:05.955,282758,397,0.32,0.477,0.0,80.1,5000,176.22,1,175.46,0.036,3,0.474,0.0,70
2026-05-23T00:37:06.080,282862,336,0.271,0.403,0.0,80.1,5000,176.22,1,175.46,0.036,3,0.474,0.0,70
2026-05-23T00:37:06.189,282966,905,0.729,1.086,1.759,80.1,5000,176.22,1,175.46,0.036,3,0.474,0.0,70
2026-05-23T00:37:06.290,283071,1368,1.102,1.642,3.426,80.1,5000,176.22,1,175.46,0.036,3,0.474,0.0,70
2026-05-23T00:37:06.393,283176,965,0.778,1.158,1.975,80.1,5000,176.22,1,175.46,0.036,3,0.474,0.0,70
2026-05-23T00:37:06.493,283281,280,0.226,0.336,0.0,80.1,5000,176.22,1,175.46,0.036,3,0.474,0.0,70
2026-05-23T00:37:06.645,283415,318,0.256,0.382,0.0,80.1,5000,176.22,1,175.5,0.036,3,0.474,0.0,70
2026-05-23T00:37:06.748,283520,454,0.366,0.545,0.135,80.1,5000,176.22,1,175.5,0.036,3,0.474,0.0,70
2026-05-23T00:37:06.862,283625,398,0.321,0.478,0.0,80.1,5000,176.22,1,175.5,0.036,3,0.474,0.0,70
2026-05-23T00:37:06.915,283729,997,0.803,1.197,2.09,80.1,5000,176.22,1,175.5,0.036,3,0.474,0.0,70
2026-05-23T00:37:07.030,283834,1368,1.102,1.642,3.426,80.1,5000,176.22,1,175.5,0.036,3,0.474,0.0,70
2026-05-23T00:37:07.156,283939,852,0.687,1.023,1.568,80.1,5000,176.22,1,175.5,0.036,3,0.474,0.0,70
2026-05-23T00:37:07.264,284044,280,0.226,0.336,0.0,80.1,5000,176.22,1,175.5,0.036,3,0.474,0.0,70
2026-05-23T00:37:07.390,284148,607,0.489,0.729,0.686,80.1,5000,176.22,1,175.5,0.036,3,0.474,0.0,70
2026-05-23T00:37:07.450,284253,1280,1.032,1.536,3.109,80.1,5000,176.22,1,175.5,0.036,3,0.474,0.0,70
2026-05-23T00:37:07.569,284358,1218,0.982,1.462,2.886,80.1,5000,176.22,1,175.5,0.036,3,0.474,0.0,70
2026-05-23T00:37:07.684,284463,412,0.332,0.495,0.0,80.1,5000,176.22,1,175.6,0.036,3,0.474,0.0,70
2026-05-23T00:37:07.793,284567,322,0.259,0.387,0.0,80.1,5000,176.22,1,175.6,0.036,3,0.474,0.0,70
2026-05-23T00:37:07.855,284671,844,0.68,1.013,1.539,80.1,5000,176.22,1,175.6,0.036,3,0.474,0.0,70
2026-05-23T00:37:07.968,284776,1360,1.096,1.632,3.397,80.1,5000,176.22,1,175.6,0.036,3,0.474,0.0,70
2026-05-23T00:37:08.090,284881,1031,0.831,1.238,2.213,80.1,5000,176.22,1,175.6,0.036,3,0.474,0.0,70
2026-05-23T00:37:08.199,284986,294,0.237,0.353,0.0,80.1,5000,176.22,1,175.6,0.036,3,0.474,0.0,70
2026-05-23T00:37:08.321,285090,457,0.368,0.549,0.146,80.1,5000,176.22,1,175.6,0.036,3,0.474,0.0,70
2026-05-23T00:37:08.386,285195,1185,0.955,1.422,2.767,80.1,5000,176.22,1,175.6,0.036,3,0.474,0.0,70
2026-05-23T00:37:08.510,285300,1330,1.072,1.596,3.289,80.1,5000,176.22,1,175.6,0.036,3,0.474,0.0,70
2026-05-23T00:37:08.620,285434,950,0.766,1.14,1.921,80.1,5000,176.22,1,175.23,0.036,3,0.475,0.0,70
2026-05-23T00:37:08.744,285540,1356,1.093,1.628,3.383,80.1,5000,176.22,1,175.23,0.036,3,0.475,0.0,70
2026-05-23T00:37:08.866,285645,740,0.596,0.888,1.165,80.1,5000,176.22,1,175.23,0.036,3,0.475,0.0,70
2026-05-23T00:37:08.929,285750,292,0.235,0.35,0.0,80.1,5000,176.22,1,175.23,0.036,3,0.475,0.0,70
2026-05-23T00:37:09.054,285854,722,0.582,0.867,1.1,80.1,5000,176.22,1,175.23,0.036,3,0.475,0.0,70
2026-05-23T00:37:09.162,285959,1334,1.075,1.601,3.304,80.1,5000,176.22,1,175.23,0.036,3,0.475,0.0,70
2026-05-23T00:37:09.287,286064,1128,0.909,1.354,2.562,80.1,5000,176.22,1,175.23,0.036,3,0.475,0.0,70
2026-05-23T00:37:09.349,286169,351,0.283,0.421,0.0,80.1,5000,176.22,1,175.23,0.036,3,0.475,0.0,70
2026-05-23T00:37:09.474,286273,362,0.292,0.435,0.0,80.1,5000,176.22,1,175.23,0.036,3,0.475,0.0,70
2026-05-23T00:37:09.597,286377,961,0.774,1.154,1.961,80.1,5000,176.22,1,175.23,0.036,3,0.475,0.0,70
2026-05-23T00:37:09.657,286482,1343,1.082,1.612,3.336,80.1,5000,176.22,1,175.45,0.036,3,0.474,0.0,70
2026-05-23T00:37:09.770,286587,903,0.728,1.084,1.752,80.1,5000,176.22,1,175.45,0.036,3,0.474,0.0,70
2026-05-23T00:37:09.891,286692,276,0.222,0.331,0.0,80.1,5000,176.22,1,175.45,0.036,3,0.474,0.0,70
2026-05-23T00:37:10.017,286796,560,0.451,0.672,0.517,80.1,5000,176.22,1,175.45,0.036,3,0.474,0.0,70
2026-05-23T00:37:10.080,286901,1247,1.005,1.497,2.99,80.1,5000,176.22,1,175.45,0.036,3,0.474,0.0,70
2026-05-23T00:37:10.208,287006,1248,1.006,1.498,2.994,80.1,5000,176.22,1,175.45,0.036,3,0.474,0.0,70
2026-05-23T00:37:10.324,287111,478,0.385,0.574,0.221,80.1,5000,176.22,1,175.45,0.036,3,0.474,0.0,70
2026-05-23T00:37:10.441,287216,364,0.293,0.437,0.0,80.1,5000,176.22,1,175.45,0.036,3,0.474,0.0,70
2026-05-23T00:37:10.503,287320,967,0.779,1.161,1.982,80.1,5000,176.22,1,175.45,0.036,3,0.474,0.0,70
2026-05-23T00:37:10.673,287454,1291,1.04,1.55,3.149,80.1,5000,176.22,1,175.58,0.036,3,0.474,0.0,70
2026-05-23T00:37:10.733,287559,666,0.537,0.799,0.898,80.1,5000,176.22,1,175.58,0.036,3,0.474,0.0,70
2026-05-23T00:37:10.860,287664,1304,1.051,1.565,3.196,80.1,5000,176.22,1,175.58,0.036,3,0.474,0.0,70
2026-05-23T00:37:10.984,287769,1166,0.94,1.4,2.699,80.1,5000,176.22,1,175.58,0.036,3,0.474,0.0,70
2026-05-23T00:37:11.046,287874,376,0.303,0.451,0.0,80.1,5000,176.22,1,175.58,0.036,3,0.474,0.0,70
2026-05-23T00:37:11.172,287978,340,0.274,0.408,0.0,80.1,5000,176.22,1,175.58,0.036,3,0.474,0.0,70
2026-05-23T00:37:11.295,288082,915,0.737,1.098,1.795,80.1,5000,176.22,1,175.58,0.036,3,0.474,0.0,70
2026-05-23T00:37:11.357,288187,1360,1.096,1.632,3.397,80.1,5000,176.22,1,175.58,0.036,3,0.474,0.0,70
2026-05-23T00:37:11.483,288292,943,0.76,1.132,1.896,80.1,5000,176.22,1,175.58,0.036,3,0.474,0.0,70
2026-05-23T00:37:11.606,288397,279,0.225,0.335,0.0,80.1,5000,176.22,1,175.58,0.036,3,0.474,0.0,70
2026-05-23T00:37:11.730,288502,686,0.553,0.823,0.97,80.1,5000,176.22,1,175.25,0.036,3,0.475,0.0,70
2026-05-23T00:37:11.793,288607,1312,1.057,1.575,3.224,80.1,5000,176.22,1,175.25,0.036,3,0.475,0.0,70
2026-05-23T00:37:11.918,288712,1144,0.922,1.373,2.62,80.1,5000,176.22,1,175.25,0.036,3,0.475,0.0,70
2026-05-23T00:37:12.029,288817,371,0.299,0.445,0.0,80.1,5000,176.22,1,175.25,0.036,3,0.475,0.0,70
2026-05-23T00:37:12.133,288921,356,0.287,0.427,0.0,80.1,5000,176.22,1,175.25,0.036,3,0.475,0.0,70
2026-05-23T00:37:12.246,289025,942,0.759,1.131,1.892,80.1,5000,176.22,1,175.25,0.036,3,0.475,0.0,70
2026-05-23T00:37:12.299,289130,1369,1.103,1.643,3.43,80.1,5000,176.22,1,175.25,0.036,3,0.475,0.0,70
2026-05-23T00:37:12.416,289235,923,0.744,1.108,1.824,80.1,5000,176.22,1,175.25,0.036,3,0.475,0.0,70
2026-05-23T00:37:12.543,289340,276,0.222,0.331,0.0,80.1,5000,176.22,1,175.25,0.036,3,0.475,0.0,70
2026-05-23T00:37:12.668,289473,329,0.265,0.395,0.0,89.97,5000,197.93,1,175.53,0.036,3,0.474,0.0,70
2026-05-23T00:37:12.793,289578,569,0.459,0.683,0.549,89.97,5000,197.93,1,175.53,0.036,3,0.474,0.0,70
2026-05-23T00:37:12.854,289683,339,0.273,0.407,0.0,89.97,5000,197.93,1,175.53,0.036,3,0.474,0.0,70
2026-05-23T00:37:12.979,289787,890,0.717,1.068,1.705,89.97,5000,197.93,1,175.53,0.036,3,0.474,0.0,70
2026-05-23T00:37:13.103,289892,1372,1.106,1.647,3.441,89.97,5000,197.93,1,175.53,0.036,3,0.474,0.0,70
2026-05-23T00:37:13.164,289997,979,0.789,1.175,2.025,89.97,5000,197.93,1,175.53,0.036,3,0.474,0.0,70
2026-05-23T00:37:13.289,290102,287,0.231,0.344,0.0,89.97,5000,197.93,1,175.53,0.036,3,0.474,0.0,70
2026-05-23T00:37:13.414,290206,510,0.411,0.612,0.337,89.97,5000,197.93,1,175.53,0.036,3,0.474,0.0,70
2026-05-23T00:37:13.476,290311,1217,0.981,1.461,2.882,89.97,5000,197.93,1,175.53,0.036,3,0.474,0.0,70
2026-05-23T00:37:13.599,290416,1305,1.052,1.566,3.199,89.97,5000,197.93,1,175.53,0.036,3,0.474,0.0,70
2026-05-23T00:37:13.724,290521,532,0.429,0.639,0.416,89.97,5000,197.93,1,195.97,0.035,4,0.583,0.0,70
2026-05-23T00:37:13.786,290626,348,0.28,0.418,0.0,89.97,5000,197.93,1,195.97,0.035,4,0.583,0.0,70
2026-05-23T00:37:13.912,290730,905,0.729,1.086,1.759,89.97,5000,197.93,1,195.97,0.035,4,0.583,0.0,70
2026-05-23T00:37:14.034,290835,1368,1.102,1.642,3.426,89.97,5000,197.93,1,195.97,0.035,4,0.583,0.0,70
2026-05-23T00:37:14.159,290940,960,0.774,1.152,1.957,89.97,5000,197.93,1,195.97,0.035,4,0.583,0.0,70
2026-05-23T00:37:14.221,291045,283,0.228,0.34,0.0,89.97,5000,197.93,1,195.97,0.035,4,0.583,0.0,70
2026-05-23T00:37:14.347,291149,520,0.419,0.624,0.373,89.97,5000,197.93,1,195.97,0.035,4,0.583,0.0,70
2026-05-23T00:37:14.470,291254,1225,0.987,1.47,2.911,89.97,5000,197.93,1,195.97,0.035,4,0.583,0.0,70
2026-05-23T00:37:14.532,291359,1296,1.044,1.556,3.167,89.97,5000,197.93,1,195.97,0.035,4,0.583,0.0,70
2026-05-23T00:37:14.657,291493,891,0.718,1.069,1.708,89.97,5000,197.93,1,195.71,0.035,4,0.583,0.0,70
2026-05-23T00:37:14.781,291598,1365,1.1,1.638,3.415,89.97,5000,197.93,1,195.71,0.035,4,0.583,0.0,70
2026-05-23T00:37:14.903,291703,857,0.691,1.029,1.586,89.97,5000,197.93,1,195.71,0.035,4,0.583,0.0,70
2026-05-23T00:37:14.967,291808,273,0.22,0.328,0.0,89.97,5000,197.93,1,195.71,0.035,4,0.583,0.0,70
2026-05-23T00:37:15.092,291912,610,0.492,0.732,0.697,89.97,5000,197.93,1,195.71,0.035,4,0.583,0.0,70
2026-05-23T00:37:15.213,292017,1271,1.024,1.526,3.077,89.97,5000,197.93,1,195.71,0.035,4,0.583,0.0,70
2026-05-23T00:37:15.313,292122,1222,0.985,1.467,2.9,89.97,5000,197.93,1,195.71,0.035,4,0.583,0.0,70
2026-05-23T00:37:15.415,292227,441,0.355,0.529,0.088,89.97,5000,197.93,1,195.71,0.035,4,0.583,0.0,70
2026-05-23T00:37:15.528,292331,327,0.264,0.393,0.0,89.97,5000,197.93,1,195.71,0.035,4,0.583,0.0,70
2026-05-23T00:37:15.591,292435,839,0.676,1.007,1.521,89.97,5000,197.93,1,195.71,0.035,4,0.583,0.0,70
2026-05-23T00:37:15.715,292541,1343,1.082,1.612,3.336,89.97,5000,197.93,1,195.95,0.035,4,0.583,0.0,70
2026-05-23T00:37:15.842,292646,837,0.675,1.005,1.514,89.97,5000,197.93,1,195.95,0.035,4,0.583,0.0,70
2026-05-23T00:37:15.902,292751,279,0.225,0.335,0.0,89.97,5000,197.93,1,195.95,0.035,4,0.583,0.0,70
2026-05-23T00:37:16.028,292855,623,0.502,0.748,0.743,89.97,5000,197.93,1,195.95,0.035,4,0.583,0.0,70
2026-05-23T00:37:16.154,292960,1289,1.039,1.547,3.142,89.97,5000,197.93,1,195.95,0.035,4,0.583,0.0,70
2026-05-23T00:37:16.277,293065,1205,0.971,1.446,2.839,89.97,5000,197.93,1,195.95,0.035,4,0.583,0.0,70
2026-05-23T00:37:16.338,293170,431,0.347,0.517,0.052,89.97,5000,197.93,1,195.95,0.035,4,0.583,0.0,70
2026-05-23T00:37:16.464,293274,331,0.267,0.397,0.0,89.97,5000,197.93,1,195.95,0.035,4,0.583,0.0,70
2026-05-23T00:37:16.579,293378,859,0.692,1.031,1.593,89.97,5000,197.93,1,195.95,0.035,4,0.583,0.0,70
2026-05-23T00:37:16.683,293512,1237,0.997,1.485,2.954,89.97,5000,197.93,1,195.9,0.035,4,0.583,0.0,70
2026-05-23T00:37:16.791,293618,733,0.591,0.88,1.14,89.97,5000,197.93,1,195.9,0.035,4,0.583,0.0,70
2026-05-23T00:37:16.894,293723,1334,1.075,1.601,3.304,89.97,5000,197.93,1,195.9,0.035,4,0.583,0.0,70
2026-05-23T00:37:16.995,293828,1109,0.894,1.331,2.493,89.97,5000,197.93,1,195.9,0.035,4,0.583,0.0,70
2026-05-23T00:37:17.097,293933,345,0.278,0.414,0.0,89.97,5000,197.93,1,195.9,0.035,4,0.583,0.0,70
2026-05-23T00:37:17.222,294037,370,0.298,0.444,0.0,89.97,5000,197.93,1,195.9,0.035,4,0.583,0.0,70
2026-05-23T00:37:17.333,294141,978,0.788,1.174,2.022,89.97,5000,197.93,1,195.9,0.035,4,0.583,0.0,70
2026-05-23T00:37:17.396,294246,1371,1.105,1.646,3.437,89.97,5000,197.93,1,195.9,0.035,4,0.583,0.0,70
2026-05-23T00:37:17.504,294351,886,0.714,1.063,1.69,89.97,5000,197.93,1,195.9,0.035,4,0.583,0.0,70
2026-05-23T00:37:17.650,294456,285,0.23,0.342,0.0,89.97,5000,197.93,1,195.9,0.035,4,0.583,0.0,70
2026-05-23T00:37:17.766,294560,587,0.473,0.705,0.614,89.97,5000,197.93,1,195.86,0.035,4,0.583,0.0,70
2026-05-23T00:37:17.828,294665,1263,1.018,1.516,3.048,89.97,5000,197.93,1,195.86,0.035,4,0.583,0.0,70
2026-05-23T00:37:17.953,294770,1239,0.998,1.487,2.962,89.97,5000,197.93,1,195.86,0.035,4,0.583,0.0,70
2026-05-23T00:37:18.075,294875,461,0.372,0.553,0.16,89.97,5000,197.93,1,195.86,0.035,4,0.583,0.0,70
2026-05-23T00:37:18.141,294980,384,0.309,0.461,0.0,89.97,5000,197.93,1,195.86,0.035,4,0.583,0.0,70
2026-05-23T00:37:18.263,295084,991,0.799,1.19,2.069,89.97,5000,197.93,1,195.86,0.035,4,0.583,0.0,70
2026-05-23T00:37:18.389,295189,1367,1.102,1.641,3.423,89.97,5000,197.93,1,195.86,0.035,4,0.583,0.0,70
2026-05-23T00:37:18.450,295294,864,0.696,1.037,1.611,89.97,5000,197.93,1,195.86,0.035,4,0.583,0.0,70
2026-05-23T00:37:18.573,295399,272,0.219,0.326,0.0,89.97,5000,197.93,1,195.86,0.035,4,0.583,0.0,70
2026-05-23T00:37:18.699,295532,338,0.272,0.406,0.0,89.97,5000,197.93,1,195.71,0.035,4,0.583,0.0,70
2026-05-23T00:37:18.822,295637,510,0.411,0.612,0.337,89.97,5000,197.93,1,195.71,0.035,4,0.583,0.0,70
2026-05-23T00:37:18.886,295742,351,0.283,0.421,0.0,89.97,5000,197.93,1,195.71,0.035,4,0.583,0.0,70
2026-05-23T00:37:19.007,295846,965,0.778,1.158,1.975,89.97,5000,197.93,1,195.71,0.035,4,0.583,0.0,70
2026-05-23T00:37:19.137,295951,1390,1.12,1.668,3.505,89.97,5000,197.93,1,195.71,0.035,4,0.583,0.0,70
2026-05-23T00:37:19.259,296056,925,0.745,1.11,1.831,89.97,5000,197.93,1,195.71,0.035,4,0.583,0.0,70
2026-05-23T00:37:19.321,296161,271,0.218,0.325,0.0,89.97,5000,197.93,1,195.71,0.035,4,0.583,0.0,70
2026-05-23T00:37:19.444,296265,559,0.45,0.671,0.513,89.97,5000,197.93,1,195.71,0.035,4,0.583,0.0,70
2026-05-23T00:37:19.570,296370,1270,1.023,1.524,3.073,89.97,5000,197.93,1,195.71,0.035,4,0.583,0.0,70
2026-05-23T00:37:19.631,296475,1276,1.028,1.532,3.095,89.97,5000,197.93,1,195.71,0.035,4,0.583,0.0,70
2026-05-23T00:37:19.755,296580,462,0.372,0.555,0.164,89.97,5000,197.93,1,196.02,0.035,4,0.583,0.0,70
2026-05-23T00:37:19.884,296685,352,0.284,0.423,0.0,89.97,5000,197.93,1,196.02,0.035,4,0.583,0.0,70
2026-05-23T00:37:19.944,296789,970,0.782,1.164,1.993,89.97,5000,197.93,1,196.02,0.035,4,0.583,0.0,70
2026-05-23T00:37:20.070,296894,1384,1.115,1.661,3.484,89.97,5000,197.93,1,196.02,0.035,4,0.583,0.0,70
2026-05-23T00:37:20.191,296999,906,0.73,1.087,1.762,89.97,5000,197.93,1,196.02,0.035,4,0.583,0.0,70
2026-05-23T00:37:20.254,297104,265,0.214,0.318,0.0,89.97,5000,197.93,1,196.02,0.035,4,0.583,0.0,70
2026-05-23T00:37:20.361,297208,568,0.458,0.682,0.545,89.97,5000,197.93,1,196.02,0.035,4,0.583,0.0,70
2026-05-23T00:37:20.486,297313,1273,1.026,1.528,3.084,89.97,5000,197.93,1,196.02,0.035,4,0.583,0.0,70
2026-05-23T00:37:20.612,297418,1255,1.011,1.506,3.019,89.97,5000,197.93,1,196.02,0.035,4,0.583,0.0,70
2026-05-23T00:37:20.735,297551,808,0.651,0.97,1.41,89.97,5000,197.93,1,196.0,0.035,4,0.583,0.0,70
2026-05-23T00:37:20.797,297656,1377,1.11,1.653,3.459,89.97,5000,197.93,1,196.0,0.035,4,0.583,0.0,70
2026-05-23T00:37:20.921,297761,960,0.774,1.152,1.957,89.97,5000,197.93,1,196.0,0.035,4,0.583,0.0,70
2026-05-23T00:37:21.046,297866,270,0.218,0.324,0.0,89.97,5000,197.93,1,196.0,0.035,4,0.583,0.0,70
2026-05-23T00:37:21.107,297970,519,0.418,0.623,0.369,89.97,5000,197.93,1,196.0,0.035,4,0.583,0.0,70
2026-05-23T00:37:21.233,298075,1232,0.993,1.479,2.936,89.97,5000,197.93,1,196.0,0.035,4,0.583,0.0,70
2026-05-23T00:37:21.358,298180,1300,1.048,1.56,3.181,89.97,5000,197.93,1,196.0,0.035,4,0.583,0.0,70
2026-05-23T00:37:21.419,298285,535,0.431,0.642,0.427,89.97,5000,197.93,1,196.0,0.035,4,0.583,0.0,70
2026-05-23T00:37:21.532,298390,345,0.278,0.414,0.0,89.97,5000,197.93,1,196.0,0.035,4,0.583,0.0,70
2026-05-23T00:37:21.647,298494,938,0.756,1.126,1.878,89.97,5000,197.93,1,196.0,0.035,4,0.583,0.0,70
2026-05-23T00:37:21.775,298599,1362,1.098,1.635,3.405,89.97,5000,197.93,1,195.73,0.035,4,0.583,0.0,70
2026-05-23T00:37:21.838,298704,947,0.763,1.137,1.91,89.97,5000,197.93,1,195.73,0.035,4,0.583,0.0,70
2026-05-23T00:37:21.955,298809,273,0.22,0.328,0.0,89.97,5000,197.93,1,195.73,0.035,4,0.583,0.0,70
2026-05-23T00:37:22.075,298913,538,0.434,0.646,0.437,89.97,5000,197.93,1,195.73,0.035,4,0.583,0.0,70
2026-05-23T00:37:22.195,299018,1252,1.009,1.503,3.008,89.97,5000,197.93,1,195.73,0.035,4,0.583,0.0,70
2026-05-23T00:37:22.257,299123,1301,1.048,1.562,3.185,89.97,5000,197.93,1,195.73,0.035,4,0.583,0.0,70
2026-05-23T00:37:22.381,299228,529,0.426,0.635,0.405,89.97,5000,197.93,1,195.73,0.035,4,0.583,0.0,70
2026-05-23T00:37:22.501,299333,356,0.287,0.427,0.0,89.97,5000,197.93,1,195.73,0.035,4,0.583,0.0,70
2026-05-23T00:37:22.568,299437,947,0.763,1.137,1.91,89.97,5000,197.93,1,195.73,0.035,4,0.583,0.0,70
2026-05-23T00:37:22.754,299571,1280,1.032,1.536,3.109,89.97,5000,197.93,1,195.77,0.036,4,0.567,0.0,70
2026-05-23T00:37:22.818,299676,628,0.506,0.754,0.761,89.97,5000,197.93,1,195.77,0.036,4,0.567,0.0,70
2026-05-23T00:37:22.941,299781,1305,1.052,1.566,3.199,89.97,5000,197.93,1,195.77,0.036,4,0.567,0.0,70
2026-05-23T00:37:23.053,299886,1218,0.982,1.462,2.886,89.97,5000,197.93,1,195.77,0.036,4,0.567,0.0,70
2026-05-23T00:37:23.178,299991,428,0.345,0.514,0.041,89.97,5000,197.93,1,195.77,0.036,4,0.567,0.0,70
2026-05-23T00:37:23.242,300095,336,0.271,0.403,0.0,89.97,5000,197.93,1,195.77,0.036,4,0.567,0.0,70
2026-05-23T00:37:23.358,300199,857,0.691,1.029,1.586,89.97,5000,197.93,1,195.77,0.036,4,0.567,0.0,70
2026-05-23T00:37:23.473,300304,1368,1.102,1.642,3.426,89.97,5000,197.93,1,195.77,0.036,4,0.567,0.0,70
2026-05-23T00:37:23.534,300409,1002,0.807,1.203,2.108,89.97,5000,197.93,1,195.77,0.036,4,0.567,0.0,70
2026-05-23T00:37:23.645,300514,292,0.235,0.35,0.0,89.97,5000,197.93,1,195.77,0.036,4,0.567,0.0,70
2026-05-23T00:37:23.765,300618,469,0.378,0.563,0.189,89.97,5000,197.93,1,195.6,0.035,4,0.584,0.0,70
2026-05-23T00:37:23.878,300723,1191,0.96,1.43,2.789,89.97,5000,197.93,1,195.6,0.035,4,0.584,0.0,70
2026-05-23T00:37:24.001,300828,1324,1.067,1.589,3.268,89.97,5000,197.93,1,195.6,0.035,4,0.584,0.0,70
2026-05-23T00:37:24.062,300933,591,0.476,0.709,0.628,89.97,5000,197.93,1,195.6,0.035,4,0.584,0.0,70
2026-05-23T00:37:24.188,301038,342,0.276,0.411,0.0,89.97,5000,197.93,1,195.6,0.035,4,0.584,0.0,70
2026-05-23T00:37:24.313,301142,851,0.686,1.021,1.564,89.97,5000,197.93,1,195.6,0.035,4,0.584,0.0,70
2026-05-23T00:37:24.375,301247,1360,1.096,1.632,3.397,89.97,5000,197.93,1,195.6,0.035,4,0.584,0.0,70
2026-05-23T00:37:24.488,301352,1007,0.812,1.209,2.126,89.97,5000,197.93,1,195.6,0.035,4,0.584,0.0,70
2026-05-23T00:37:24.608,301457,289,0.233,0.347,0.0,89.97,5000,197.93,1,195.6,0.035,4,0.584,0.0,70
2026-05-23T00:37:24.733,301590,304,0.245,0.365,0.0,89.97,5000,197.93,1,195.62,0.036,4,0.567,0.0,70
2026-05-23T00:37:24.846,301695,685,0.552,0.822,0.967,89.97,5000,197.93,1,195.62,0.036,4,0.567,0.0,70
2026-05-23T00:37:24.951,301800,310,0.25,0.372,0.0,89.97,5000,197.93,1,195.62,0.036,4,0.567,0.0,70
2026-05-23T00:37:25.052,301904,775,0.625,0.93,1.291,89.97,5000,197.93,1,195.62,0.036,4,0.567,0.0,70
2026-05-23T00:37:25.153,302009,1348,1.086,1.618,3.354,89.97,5000,197.93,1,195.62,0.036,4,0.567,0.0,70
2026-05-23T00:37:25.263,302114,1083,0.873,1.3,2.4,89.97,5000,197.93,1,195.62,0.036,4,0.567,0.0,70
2026-05-23T00:37:25.366,302219,336,0.271,0.403,0.0,89.97,5000,197.93,1,195.62,0.036,4,0.567,0.0,70
2026-05-23T00:37:25.467,302323,387,0.312,0.465,0.0,89.97,5000,197.93,1,195.62,0.036,4,0.567,0.0,70
2026-05-23T00:37:25.577,302427,985,0.794,1.182,2.047,89.97,5000,197.93,1,195.62,0.036,4,0.567,0.0,70
2026-05-23T00:37:25.682,302532,1370,1.104,1.644,3.433,89.97,5000,197.93,1,195.62,0.036,4,0.567,0.0,70
2026-05-23T00:37:25.791,302638,657,0.529,0.789,0.866,89.97,5000,197.93,1,195.89,0.036,4,0.567,0.0,70
2026-05-23T00:37:25.902,302743,305,0.246,0.366,0.0,89.97,5000,197.93,1,195.89,0.036,4,0.567,0.0,70
2026-05-23T00:37:26.015,302847,748,0.603,0.898,1.194,89.97,5000,197.93,1,195.89,0.036,4,0.567,0.0,70
2026-05-23T00:37:26.066,302952,1342,1.081,1.611,3.333,89.97,5000,197.93,1,195.89,0.036,4,0.567,0.0,70
2026-05-23T00:37:26.222,303057,1088,0.877,1.306,2.418,89.97,5000,197.93,1,195.89,0.036,4,0.567,0.0,70
2026-05-23T00:37:26.325,303162,337,0.272,0.405,0.0,89.97,5000,197.93,1,195.89,0.036,4,0.567,0.0,70
2026-05-23T00:37:26.438,303266,373,0.301,0.448,0.0,89.97,5000,197.93,1,195.89,0.036,4,0.567,0.0,70
2026-05-23T00:37:26.501,303370,979,0.789,1.175,2.025,89.97,5000,197.93,1,195.89,0.036,4,0.567,0.0,70
2026-05-23T00:37:26.623,303475,1363,1.098,1.636,3.408,89.97,5000,197.93,1,195.89,0.036,4,0.567,0.0,70
2026-05-23T00:37:26.746,303610,1184,0.954,1.421,2.764,89.97,5000,197.93,1,196.05,0.036,4,0.566,0.0,70
2026-05-23T00:37:26.855,303715,1353,1.09,1.624,3.372,89.97,5000,197.93,1,196.05,0.036,4,0.566,0.0,70
2026-05-23T00:37:26.964,303820,1003,0.808,1.204,2.112,89.97,5000,197.93,1,196.05,0.036,4,0.566,0.0,70
2026-05-23T00:37:27.074,303925,292,0.235,0.35,0.0,89.97,5000,197.93,1,196.05,0.036,4,0.566,0.0,70
2026-05-23T00:37:27.194,304029,441,0.355,0.529,0.088,89.97,5000,197.93,1,196.05,0.036,4,0.566,0.0,70
2026-05-23T00:37:27.260,304133,1049,0.845,1.259,2.277,89.97,5000,197.93,1,196.05,0.036,4,0.566,0.0,70
2026-05-23T00:37:27.380,304238,1358,1.094,1.63,3.39,89.97,5000,197.93,1,196.05,0.036,4,0.566,0.0,70
2026-05-23T00:37:27.493,304343,793,0.639,0.952,1.356,89.97,5000,197.93,1,196.05,0.036,4,0.566,0.0,70
2026-05-23T00:37:27.618,304448,287,0.231,0.344,0.0,89.97,5000,197.93,1,196.05,0.036,4,0.566,0.0,70
2026-05-23T00:37:27.679,304552,652,0.525,0.783,0.848,89.97,5000,197.93,1,196.05,0.036,4,0.566,0.0,70
2026-05-23T00:37:27.789,304658,1334,1.075,1.601,3.304,89.97,5000,197.93,1,195.96,0.036,4,0.567,0.0,70
2026-05-23T00:37:27.911,304763,1041,0.839,1.25,2.249,89.97,5000,197.93,1,195.96,0.036,4,0.567,0.0,70
2026-05-23T00:37:28.035,304868,312,0.251,0.375,0.0,89.97,5000,197.93,1,195.96,0.036,4,0.567,0.0,70
2026-05-23T00:37:28.098,304972,433,0.349,0.52,0.059,89.97,5000,197.93,1,195.96,0.036,4,0.567,0.0,70
2026-05-23T00:37:28.222,305076,1024,0.825,1.229,2.187,89.97,5000,197.93,1,195.96,0.036,4,0.567,0.0,70
2026-05-23T00:37:28.331,305181,1365,1.1,1.638,3.415,89.97,5000,197.93,1,195.96,0.036,4,0.567,0.0,70
2026-05-23T00:37:28.446,305286,822,0.662,0.987,1.46,89.97,5000,197.93,1,195.96,0.036,4,0.567,0.0,70
2026-05-23T00:37:28.503,305391,280,0.226,0.336,0.0,89.97,5000,197.93,1,195.96,0.036,4,0.567,0.0,70
2026-05-23T00:37:28.627,305495,627,0.505,0.753,0.758,89.97,5000,197.93,1,195.96,0.036,4,0.567,0.0,70
2026-05-23T00:37:28.751,305629,1067,0.86,1.281,2.342,89.97,5000,197.93,1,195.97,0.035,4,0.583,0.0,70
2026-05-23T00:37:28.874,305735,507,0.409,0.609,0.326,89.97,5000,197.93,1,195.97,0.035,4,0.583,0.0,70
2026-05-23T00:37:28.996,305840,1219,0.982,1.463,2.89,89.97,5000,197.93,1,195.97,0.035,4,0.583,0.0,70
2026-05-23T00:37:29.064,305945,1307,1.053,1.569,3.206,89.97,5000,197.93,1,195.97,0.035,4,0.583,0.0,70
2026-05-23T00:37:29.176,306050,571,0.46,0.685,0.556,89.97,5000,197.93,1,195.97,0.035,4,0.583,0.0,70
2026-05-23T00:37:29.296,306155,342,0.276,0.411,0.0,89.97,5000,197.93,1,195.97,0.035,4,0.583,0.0,70
2026-05-23T00:37:29.421,306259,884,0.712,1.061,1.683,89.97,5000,197.93,1,195.97,0.035,4,0.583,0.0,70
2026-05-23T00:37:29.482,306364,1359,1.095,1.631,3.394,89.97,5000,197.93,1,195.97,0.035,4,0.583,0.0,70
2026-05-23T00:37:29.593,306469,979,0.789,1.175,2.025,89.97,5000,197.93,1,195.97,0.035,4,0.583,0.0,70
2026-05-23T00:37:29.711,306574,288,0.232,0.346,0.0,89.97,5000,197.93,1,195.97,0.035,4,0.583,0.0,70
2026-05-23T00:37:29.821,306677,349,0.281,0.419,0.0,89.97,5000,197.93,1,195.94,0.036,4,0.567,0.0,70
2026-05-23T00:37:29.937,306781,935,0.753,1.122,1.867,89.97,5000,197.93,1,195.94,0.036,4,0.567,0.0,70
2026-05-23T00:37:29.999,306886,1369,1.103,1.643,3.43,89.97,5000,197.93,1,195.94,0.036,4,0.567,0.0,70
2026-05-23T00:37:30.119,306991,938,0.756,1.126,1.878,89.97,5000,197.93,1,195.94,0.036,4,0.567,0.0,70
2026-05-23T00:37:30.239,307096,280,0.226,0.336,0.0,89.97,5000,197.93,1,195.94,0.036,4,0.567,0.0,70
2026-05-23T00:37:30.351,307200,534,0.43,0.641,0.423,89.97,5000,197.93,1,195.94,0.036,4,0.567,0.0,70
2026-05-23T00:37:30.419,307305,1224,0.986,1.469,2.908,89.97,5000,197.93,1,195.94,0.036,4,0.567,0.0,70
2026-05-23T00:37:30.545,307410,1286,1.036,1.544,3.131,89.97,5000,197.93,1,195.94,0.036,4,0.567,0.0,70
2026-05-23T00:37:30.667,307515,539,0.434,0.647,0.441,89.97,5000,197.93,1,195.94,0.036,4,0.567,0.0,70
2026-05-23T00:37:30.792,307649,274,0.221,0.329,0.0,89.97,5000,197.93,1,195.76,0.036,4,0.567,0.0,70
2026-05-23T00:37:30.853,307754,844,0.68,1.013,1.539,89.97,5000,197.93,1,195.76,0.036,4,0.567,0.0,70
2026-05-23T00:37:30.978,307859,278,0.224,0.334,0.0,89.97,5000,197.93,1,195.76,0.036,4,0.567,0.0,70
2026-05-23T00:37:31.101,307963,600,0.484,0.72,0.661,89.97,5000,197.93,1,195.76,0.036,4,0.567,0.0,70
2026-05-23T00:37:31.217,308068,1266,1.02,1.52,3.059,89.97,5000,197.93,1,195.76,0.036,4,0.567,0.0,70
2026-05-23T00:37:31.272,308173,1221,0.984,1.466,2.897,89.97,5000,197.93,1,195.76,0.036,4,0.567,0.0,70
2026-05-23T00:37:31.378,308278,451,0.363,0.541,0.124,89.97,5000,197.93,1,195.76,0.036,4,0.567,0.0,70
2026-05-23T00:37:31.505,308383,379,0.305,0.455,0.0,89.97,5000,197.93,1,195.76,0.036,4,0.567,0.0,70
2026-05-23T00:37:31.617,308487,979,0.789,1.175,2.025,89.97,5000,197.93,1,195.76,0.036,4,0.567,0.0,70
2026-05-23T00:37:31.738,308592,1363,1.098,1.636,3.408,89.97,5000,197.93,1,195.76,0.036,4,0.567,0.0,70
2026-05-23T00:37:31.799,308696,1005,0.81,1.206,2.119,89.97,5000,197.93,1,195.77,0.036,4,0.567,0.0,70
2026-05-23T00:37:31.925,308801,306,0.247,0.367,0.0,89.97,5000,197.93,1,195.77,0.036,4,0.567,0.0,70
2026-05-23T00:37:32.048,308905,421,0.339,0.505,0.016,89.97,5000,197.93,1,195.77,0.036,4,0.567,0.0,70
2026-05-23T00:37:32.103,309009,1022,0.824,1.227,2.18,89.97,5000,197.93,1,195.77,0.036,4,0.567,0.0,70
2026-05-23T00:37:32.220,309114,1348,1.086,1.618,3.354,89.97,5000,197.93,1,195.77,0.036,4,0.567,0.0,70
2026-05-23T00:37:32.345,309219,814,0.656,0.977,1.431,89.97,5000,197.93,1,195.77,0.036,4,0.567,0.0,70
2026-05-23T00:37:32.471,309324,283,0.228,0.34,0.0,89.97,5000,197.93,1,195.77,0.036,4,0.567,0.0,70
2026-05-23T00:37:32.525,309428,629,0.507,0.755,0.765,89.97,5000,197.93,1,195.77,0.036,4,0.567,0.0,70
2026-05-23T00:37:32.634,309533,1288,1.038,1.546,3.138,89.97,5000,197.93,1,195.77,0.036,4,0.567,0.0,70
2026-05-23T00:37:32.811,309668,1348,1.086,1.618,3.354,89.97,5000,197.93,1,196.0,0.036,4,0.566,0.0,70
2026-05-23T00:37:32.872,309774,1302,1.049,1.563,3.188,89.97,5000,197.93,1,196.0,0.036,4,0.566,0.0,70
2026-05-23T00:37:32.996,309879,1174,0.946,1.409,2.728,89.97,5000,197.93,1,196.0,0.036,4,0.566,0.0,70
2026-05-23T00:37:33.121,309984,393,0.317,0.472,0.0,89.97,5000,197.93,1,196.0,0.036,4,0.566,0.0,70
2026-05-23T00:37:33.182,310088,338,0.272,0.406,0.0,89.97,5000,197.93,1,196.0,0.036,4,0.566,0.0,70
2026-05-23T00:37:33.296,310192,889,0.716,1.067,1.701,89.97,5000,197.93,1,196.0,0.036,4,0.566,0.0,70
2026-05-23T00:37:33.420,310297,1361,1.097,1.634,3.401,89.97,5000,197.93,1,196.0,0.036,4,0.566,0.0,70
2026-05-23T00:37:33.542,310402,965,0.778,1.158,1.975,89.97,5000,197.93,1,196.0,0.036,4,0.566,0.0,70
2026-05-23T00:37:33.605,310507,283,0.228,0.34,0.0,89.97,5000,197.93,1,196.0,0.036,4,0.566,0.0,70
2026-05-23T00:37:33.728,310611,499,0.402,0.599,0.297,89.97,5000,197.93,1,196.0,0.036,4,0.566,0.0,70
2026-05-23T00:37:33.855,310721,1242,1.001,1.491,2.972,89.97,5000,197.93,1,195.99,0.035,4,0.583,0.0,70
2026-05-23T00:37:33.914,310826,519,0.418,0.623,0.369,89.97,5000,197.93,1,195.99,0.035,4,0.583,0.0,70
2026-05-23T00:37:34.040,310931,361,0.291,0.433,0.0,89.97,5000,197.93,1,195.99,0.035,4,0.583,0.0,70
2026-05-23T00:37:34.164,311035,948,0.764,1.138,1.914,89.97,5000,197.93,1,195.99,0.035,4,0.583,0.0,70
2026-05-23T00:37:34.288,311140,1363,1.098,1.636,3.408,89.97,5000,197.93,1,195.99,0.035,4,0.583,0.0,70
2026-05-23T00:37:34.353,311245,919,0.741,1.103,1.809,89.97,5000,197.93,1,195.99,0.035,4,0.583,0.0,70
2026-05-23T00:37:34.459,311350,277,0.223,0.332,0.0,89.97,5000,197.93,1,195.99,0.035,4,0.583,0.0,70
2026-05-23T00:37:34.585,311454,552,0.445,0.663,0.488,89.97,5000,197.93,1,195.99,0.035,4,0.583,0.0,70
2026-05-23T00:37:34.647,311559,1235,0.995,1.482,2.947,89.97,5000,197.93,1,195.99,0.035,4,0.583,0.0,70
2026-05-23T00:37:34.775,311688,280,0.226,0.336,0.0,89.97,5000,197.93,1,195.93,0.035,4,0.583,0.0,70
2026-05-23T00:37:34.899,311793,314,0.253,0.377,0.0,89.97,5000,197.93,1,195.93,0.035,4,0.583,0.0,70
2026-05-23T00:37:35.023,311897,812,0.654,0.975,1.424,89.97,5000,197.93,1,195.93,0.035,4,0.583,0.0,70
2026-05-23T00:37:35.085,312002,1348,1.086,1.618,3.354,89.97,5000,197.93,1,195.93,0.035,4,0.583,0.0,70
2026-05-23T00:37:35.209,312107,1041,0.839,1.25,2.249,89.97,5000,197.93,1,195.93,0.035,4,0.583,0.0,70
2026-05-23T00:37:35.327,312212,310,0.25,0.372,0.0,89.97,5000,197.93,1,195.93,0.035,4,0.583,0.0,70
2026-05-23T00:37:35.444,312316,426,0.343,0.511,0.034,89.97,5000,197.93,1,195.93,0.035,4,0.583,0.0,70
2026-05-23T00:37:35.504,312420,1020,0.822,1.224,2.173,89.97,5000,197.93,1,195.93,0.035,4,0.583,0.0,70
2026-05-23T00:37:35.629,312525,1363,1.098,1.636,3.408,89.97,5000,197.93,1,195.93,0.035,4,0.583,0.0,70
2026-05-23T00:37:35.743,312630,808,0.651,0.97,1.41,89.97,5000,197.93,1,195.93,0.035,4,0.583,0.0,70
2026-05-23T00:37:35.862,312735,274,0.221,0.329,0.0,89.97,5000,197.93,1,196.09,0.035,4,0.582,0.0,70
2026-05-23T00:37:35.923,312839,648,0.522,0.778,0.833,89.97,5000,197.93,1,196.09,0.035,4,0.582,0.0,70
2026-05-23T00:37:36.049,312944,1290,1.04,1.548,3.145,89.97,5000,197.93,1,196.09,0.035,4,0.582,0.0,70
2026-05-23T00:37:36.172,313049,1189,0.958,1.427,2.782,89.97,5000,197.93,1,196.09,0.035,4,0.582,0.0,70
2026-05-23T00:37:36.235,313154,418,0.337,0.502,0.005,89.97,5000,197.93,1,196.09,0.035,4,0.582,0.0,70
2026-05-23T00:37:36.359,313258,341,0.275,0.409,0.0,89.97,5000,197.93,1,196.09,0.035,4,0.582,0.0,70
2026-05-23T00:37:36.483,313362,878,0.708,1.054,1.662,89.97,5000,197.93,1,196.09,0.035,4,0.582,0.0,70
2026-05-23T00:37:36.606,313467,1364,1.099,1.637,3.412,89.97,5000,197.93,1,196.09,0.035,4,0.582,0.0,70
2026-05-23T00:37:36.669,313572,987,0.795,1.185,2.054,89.97,5000,197.93,1,196.09,0.035,4,0.582,0.0,70
2026-05-23T00:37:36.791,313707,520,0.419,0.624,0.373,89.97,5000,197.93,1,195.98,0.035,4,0.583,0.0,70
2026-05-23T00:37:36.915,313812,1105,0.89,1.326,2.479,89.97,5000,197.93,1,195.98,0.035,4,0.583,0.0,70
2026-05-23T00:37:37.039,313917,346,0.279,0.415,0.0,89.97,5000,197.93,1,195.98,0.035,4,0.583,0.0,70
2026-05-23T00:37:37.102,314021,373,0.301,0.448,0.0,89.97,5000,197.93,1,195.98,0.035,4,0.583,0.0,70
2026-05-23T00:37:37.226,314125,975,0.786,1.17,2.011,89.97,5000,197.93,1,195.98,0.035,4,0.583,0.0,70
2026-05-23T00:37:37.352,314230,1370,1.104,1.644,3.433,89.97,5000,197.93,1,195.98,0.035,4,0.583,0.0,70
2026-05-23T00:37:37.412,314335,896,0.722,1.075,1.726,89.97,5000,197.93,1,195.98,0.035,4,0.583,0.0,70
2026-05-23T00:37:37.538,314440,283,0.228,0.34,0.0,89.97,5000,197.93,1,195.98,0.035,4,0.583,0.0,70
2026-05-23T00:37:37.662,314544,578,0.466,0.694,0.581,89.97,5000,197.93,1,195.98,0.035,4,0.583,0.0,70
2026-05-23T00:37:37.771,314649,1264,1.019,1.517,3.052,89.97,5000,197.93,1,195.98,0.035,4,0.583,0.0,70
2026-05-23T00:37:37.830,314755,1076,0.867,1.292,2.375,89.97,5000,197.93,1,195.98,0.035,4,0.583,0.0,70
2026-05-23T00:37:37.943,314860,348,0.28,0.418,0.0,89.97,5000,197.93,1,195.98,0.035,4,0.583,0.0,70
2026-05-23T00:37:38.055,314964,377,0.304,0.453,0.0,89.97,5000,197.93,1,195.98,0.035,4,0.583,0.0,70
2026-05-23T00:37:38.175,315068,973,0.784,1.168,2.004,89.97,5000,197.93,1,195.98,0.035,4,0.583,0.0,70
2026-05-23T00:37:38.300,315173,1374,1.107,1.649,3.448,89.97,5000,197.93,1,195.98,0.035,4,0.583,0.0,70
2026-05-23T00:37:38.363,315278,897,0.723,1.077,1.73,89.97,5000,197.93,1,195.98,0.035,4,0.583,0.0,70
2026-05-23T00:37:38.489,315383,283,0.228,0.34,0.0,89.97,5000,197.93,1,195.98,0.035,4,0.583,0.0,70
2026-05-23T00:37:38.612,315487,572,0.461,0.687,0.56,89.97,5000,197.93,1,195.98,0.035,4,0.583,0.0,70
2026-05-23T00:37:38.674,315592,1257,1.013,1.509,3.026,89.97,5000,197.93,1,195.98,0.035,4,0.583,0.0,70
2026-05-23T00:37:38.797,315727,1366,1.101,1.64,3.419,89.97,5000,197.93,1,196.1,0.035,4,0.582,0.0,70
2026-05-23T00:37:38.921,315832,1174,0.946,1.409,2.728,89.97,5000,197.93,1,196.1,0.035,4,0.582,0.0,70
2026-05-23T00:37:39.045,315937,1329,1.071,1.595,3.286,89.97,5000,197.93,1,196.1,0.035,4,0.582,0.0,70
2026-05-23T00:37:39.169,316042,609,0.491,0.731,0.693,89.97,5000,197.93,1,196.1,0.035,4,0.582,0.0,70
2026-05-23T00:37:39.232,316147,331,0.267,0.397,0.0,89.97,5000,197.93,1,196.1,0.035,4,0.582,0.0,70
2026-05-23T00:37:39.357,316251,832,0.67,0.999,1.496,89.97,5000,197.93,1,196.1,0.035,4,0.582,0.0,70
2026-05-23T00:37:39.479,316356,1359,1.095,1.631,3.394,89.97,5000,197.93,1,196.1,0.035,4,0.582,0.0,70
2026-05-23T00:37:39.541,316461,1021,0.823,1.226,2.177,89.97,5000,197.93,1,196.1,0.035,4,0.582,0.0,70
2026-05-23T00:37:39.666,316566,302,0.243,0.362,0.0,89.97,5000,197.93,1,196.1,0.035,4,0.582,0.0,70
2026-05-23T00:37:39.789,316670,444,0.358,0.533,0.099,89.97,5000,197.93,1,196.1,0.035,4,0.582,0.0,70
2026-05-23T00:37:39.850,316774,1036,0.835,1.244,2.231,89.97,5000,197.93,1,196.06,0.035,4,0.582,0.0,70
2026-05-23T00:37:39.974,316879,1361,1.097,1.634,3.401,89.97,5000,197.93,1,196.06,0.035,4,0.582,0.0,70
2026-05-23T00:37:40.098,316984,800,0.645,0.96,1.381,89.97,5000,197.93,1,196.06,0.035,4,0.582,0.0,70
2026-05-23T00:37:40.160,317089,290,0.234,0.348,0.0,89.97,5000,197.93,1,196.06,0.035,4,0.582,0.0,70
2026-05-23T00:37:40.286,317193,666,0.537,0.799,0.898,89.97,5000,197.93,1,196.06,0.035,4,0.582,0.0,70
2026-05-23T00:37:40.402,317298,1305,1.052,1.566,3.199,89.97,5000,197.93,1,196.06,0.035,4,0.582,0.0,70
2026-05-23T00:37:40.503,317403,1182,0.953,1.419,2.756,89.97,5000,197.93,1,196.06,0.035,4,0.582,0.0,70
2026-05-23T00:37:40.611,317508,407,0.328,0.489,0.0,89.97,5000,197.93,1,196.06,0.035,4,0.582,0.0,70
2026-05-23T00:37:40.713,317612,354,0.285,0.425,0.0,89.97,5000,197.93,1,196.06,0.035,4,0.582,0.0,70
2026-05-23T00:37:40.817,317746,568,0.458,0.682,0.545,89.97,5000,197.93,1,196.09,0.035,4,0.582,0.0,70
2026-05-23T00:37:40.932,317851,285,0.23,0.342,0.0,89.97,5000,197.93,1,196.09,0.035,4,0.582,0.0,70
2026-05-23T00:37:41.035,317955,594,0.479,0.713,0.639,89.97,5000,197.93,1,196.09,0.035,4,0.582,0.0,70
2026-05-23T00:37:41.150,318060,1271,1.024,1.526,3.077,89.97,5000,197.93,1,196.09,0.035,4,0.582,0.0,70
2026-05-23T00:37:41.268,318165,1245,1.003,1.494,2.983,89.97,5000,197.93,1,196.09,0.035,4,0.582,0.0,70
2026-05-23T00:37:41.390,318270,471,0.38,0.565,0.196,89.97,5000,197.93,1,196.09,0.035,4,0.582,0.0,70
2026-05-23T00:37:41.451,318375,382,0.308,0.459,0.0,89.97,5000,197.93,1,196.09,0.035,4,0.582,0.0,70
2026-05-23T00:37:41.576,318479,989,0.797,1.187,2.061,89.97,5000,197.93,1,196.09,0.035,4,0.582,0.0,70
2026-05-23T00:37:41.704,318584,1376,1.109,1.652,3.455,89.97,5000,197.93,1,196.09,0.035,4,0.582,0.0,70
2026-05-23T00:37:41.767,318689,789,0.636,0.947,1.341,50.11,5000,110.24,1,196.09,0.035,4,0.582,0.0,70
2026-05-23T00:37:41.890,318794,502,0.405,0.603,0.308,50.11,5000,110.24,1,195.81,0.035,4,0.583,0.0,70
2026-05-23T00:37:42.016,318899,858,0.691,1.03,1.59,50.11,5000,110.24,1,195.81,0.035,4,0.583,0.0,70
2026-05-23T00:37:42.079,319004,1090,0.878,1.308,2.425,50.11,5000,110.24,1,195.81,0.035,4,0.583,0.0,70
2026-05-23T00:37:42.202,319109,897,0.723,1.077,1.73,50.11,5000,110.24,1,195.81,0.035,4,0.583,0.0,70
2026-05-23T00:37:42.325,319214,519,0.418,0.623,0.369,50.11,5000,110.24,1,195.81,0.035,4,0.583,0.0,70
2026-05-23T00:37:42.386,319319,718,0.579,0.862,1.086,50.11,5000,110.24,1,195.81,0.035,4,0.583,0.0,70
2026-05-23T00:37:42.511,319424,1075,0.866,1.29,2.371,50.11,5000,110.24,1,195.81,0.035,4,0.583,0.0,70
2026-05-23T00:37:42.638,319529,993,0.8,1.192,2.076,50.11,5000,110.24,1,195.81,0.035,4,0.583,0.0,70
2026-05-23T00:37:42.700,319634,601,0.484,0.721,0.664,50.11,5000,110.24,1,195.81,0.035,4,0.583,0.0,70
2026-05-23T00:37:42.822,319756,1098,0.885,1.318,2.454,50.11,5000,110.24,1,115.85,0.037,2,0.466,0.0,70
2026-05-23T00:37:42.950,319861,749,0.604,0.899,1.197,50.11,5000,110.24,1,115.85,0.037,2,0.466,0.0,70
2026-05-23T00:37:43.075,319966,1089,0.878,1.307,2.421,50.11,5000,110.24,1,115.85,0.037,2,0.466,0.0,70
2026-05-23T00:37:43.136,320071,988,0.796,1.186,2.058,50.11,5000,110.24,1,115.85,0.037,2,0.466,0.0,70
2026-05-23T00:37:43.261,320176,588,0.474,0.706,0.617,50.11,5000,110.24,1,115.85,0.037,2,0.466,0.0,70
2026-05-23T00:37:43.386,320281,618,0.498,0.742,0.725,50.11,5000,110.24,1,115.85,0.037,2,0.466,0.0,70
2026-05-23T00:37:43.449,320386,1038,0.836,1.246,2.238,50.11,5000,110.24,1,115.85,0.037,2,0.466,0.0,70
2026-05-23T00:37:43.573,320491,1038,0.836,1.246,2.238,50.11,5000,110.24,1,115.85,0.037,2,0.466,0.0,70
2026-05-23T00:37:43.698,320596,701,0.565,0.841,1.024,50.11,5000,110.24,1,115.85,0.037,2,0.466,0.0,70
2026-05-23T00:37:43.758,320701,548,0.442,0.658,0.473,50.11,5000,110.24,1,115.85,0.037,2,0.466,0.0,70
2026-05-23T00:37:43.883,320803,621,0.5,0.745,0.736,50.11,5000,110.24,1,114.93,0.037,2,0.47,0.0,70
2026-05-23T00:37:44.009,320908,1047,0.844,1.257,2.27,50.11,5000,110.24,1,114.93,0.037,2,0.47,0.0,70
2026-05-23T00:37:44.071,321013,1018,0.82,1.222,2.166,50.11,5000,110.24,1,114.93,0.037,2,0.47,0.0,70
2026-05-23T00:37:44.193,321118,671,0.541,0.805,0.916,50.11,5000,110.24,1,114.93,0.037,2,0.47,0.0,70
2026-05-23T00:37:44.320,321223,556,0.448,0.667,0.502,50.11,5000,110.24,1,114.93,0.037,2,0.47,0.0,70
2026-05-23T00:37:44.381,321328,978,0.788,1.174,2.022,50.11,5000,110.24,1,114.93,0.037,2,0.47,0.0,70
2026-05-23T00:37:44.506,321433,1069,0.861,1.283,2.349,50.11,5000,110.24,1,114.93,0.037,2,0.47,0.0,70
2026-05-23T00:37:44.631,321538,796,0.641,0.955,1.366,50.11,5000,110.24,1,114.93,0.037,2,0.47,0.0,70
2026-05-23T00:37:44.690,321643,507,0.409,0.609,0.326,50.11,5000,110.24,1,114.93,0.037,2,0.47,0.0,70
2026-05-23T00:37:44.878,321775,629,0.507,0.755,0.765,50.11,5000,110.24,1,114.81,0.038,2,0.458,0.0,70
2026-05-23T00:37:44.940,321880,717,0.578,0.861,1.082,50.11,5000,110.24,1,114.81,0.038,2,0.458,0.0,70
2026-05-23T00:37:45.067,321985,540,0.435,0.648,0.445,50.11,5000,110.24,1,114.81,0.038,2,0.458,0.0,70
2026-05-23T00:37:45.192,322090,936,0.754,1.124,1.871,50.11,5000,110.24,1,114.81,0.038,2,0.458,0.0,70
2026-05-23T00:37:45.254,322195,1081,0.871,1.298,2.393,50.11,5000,110.24,1,114.81,0.038,2,0.458,0.0,70
2026-05-23T00:37:45.378,322300,825,0.665,0.99,1.471,50.11,5000,110.24,1,114.81,0.038,2,0.458,0.0,70
2026-05-23T00:37:45.503,322405,496,0.4,0.595,0.286,50.11,5000,110.24,1,114.81,0.038,2,0.458,0.0,70
2026-05-23T00:37:45.567,322510,798,0.643,0.958,1.374,50.11,5000,110.24,1,114.81,0.038,2,0.458,0.0,70
2026-05-23T00:37:45.692,322615,1089,0.878,1.307,2.421,50.11,5000,110.24,1,114.81,0.038,2,0.458,0.0,70
2026-05-23T00:37:45.815,322720,945,0.762,1.134,1.903,50.11,5000,110.24,1,114.81,0.038,2,0.458,0.0,70
2026-05-23T00:37:45.878,322823,694,0.559,0.833,0.999,50.11,5000,110.24,1,114.81,0.037,2,0.47,0.0,70
2026-05-23T00:37:46.003,322928,535,0.431,0.642,0.427,50.11,5000,110.24,1,114.81,0.037,2,0.47,0.0,70
2026-05-23T00:37:46.127,323033,925,0.745,1.11,1.831,50.11,5000,110.24,1,114.81,0.037,2,0.47,0.0,70
2026-05-23T00:37:46.189,323138,1082,0.872,1.299,2.396,50.11,5000,110.24,1,114.81,0.037,2,0.47,0.0,70
2026-05-23T00:37:46.313,323243,843,0.679,1.012,1.536,50.11,5000,110.24,1,114.81,0.037,2,0.47,0.0,70
2026-05-23T00:37:46.436,323348,499,0.402,0.599,0.297,50.11,5000,110.24,1,114.81,0.037,2,0.47,0.0,70
2026-05-23T00:37:46.500,323453,786,0.633,0.943,1.33,50.11,5000,110.24,1,114.81,0.037,2,0.47,0.0,70
2026-05-23T00:37:46.625,323558,1081,0.871,1.298,2.393,50.11,5000,110.24,1,114.81,0.037,2,0.47,0.0,70
2026-05-23T00:37:46.749,323663,953,0.768,1.144,1.932,50.11,5000,110.24,1,114.81,0.037,2,0.47,0.0,70
2026-05-23T00:37:46.857,323805,730,0.588,0.876,1.129,50.11,5000,110.24,1,114.89,0.037,2,0.47,0.0,70
2026-05-23T00:37:46.958,323910,505,0.407,0.606,0.318,50.11,5000,110.24,1,114.89,0.037,2,0.47,0.0,70
2026-05-23T00:37:47.059,324015,792,0.638,0.951,1.352,50.11,5000,110.24,1,114.89,0.037,2,0.47,0.0,70
2026-05-23T00:37:47.160,324120,1071,0.863,1.286,2.357,50.11,5000,110.24,1,114.89,0.037,2,0.47,0.0,70
2026-05-23T00:37:47.264,324225,938,0.756,1.126,1.878,50.11,5000,110.24,1,114.89,0.037,2,0.47,0.0,70
2026-05-23T00:37:47.414,324330,552,0.445,0.663,0.488,50.11,5000,110.24,1,114.89,0.037,2,0.47,0.0,70
2026-05-23T00:37:47.519,324435,642,0.517,0.771,0.812,50.11,5000,110.24,1,114.89,0.037,2,0.47,0.0,70
2026-05-23T00:37:47.637,324540,1024,0.825,1.229,2.187,50.11,5000,110.24,1,114.89,0.037,2,0.47,0.0,70
2026-05-23T00:37:47.697,324645,1010,0.814,1.212,2.137,50.11,5000,110.24,1,114.89,0.037,2,0.47,0.0,70
2026-05-23T00:37:47.869,324800,665,0.536,0.798,0.895,50.11,5000,110.24,1,114.9,0.037,2,0.47,0.0,70
2026-05-23T00:37:47.993,324905,1046,0.843,1.256,2.267,50.11,5000,110.24,1,114.9,0.037,2,0.47,0.0,70
2026-05-23T00:37:48.047,325010,746,0.601,0.895,1.186,50.11,5000,110.24,1,114.9,0.037,2,0.47,0.0,70
2026-05-23T00:37:48.165,325115,524,0.422,0.629,0.387,50.11,5000,110.24,1,114.9,0.037,2,0.47,0.0,70
2026-05-23T00:37:48.274,325220,876,0.706,1.051,1.654,50.11,5000,110.24,1,114.9,0.037,2,0.47,0.0,70
2026-05-23T00:37:48.394,325325,1067,0.86,1.281,2.342,50.11,5000,110.24,1,114.9,0.037,2,0.47,0.0,70
2026-05-23T00:37:48.521,325430,863,0.695,1.036,1.608,50.11,5000,110.24,1,114.9,0.037,2,0.47,0.0,70
2026-05-23T00:37:48.573,325535,513,0.413,0.616,0.347,50.11,5000,110.24,1,114.9,0.037,2,0.47,0.0,70
2026-05-23T00:37:48.674,325640,736,0.593,0.883,1.15,50.11,5000,110.24,1,114.9,0.037,2,0.47,0.0,70
2026-05-23T00:37:48.798,325745,1064,0.857,1.277,2.331,50.11,5000,110.24,1,114.9,0.037,2,0.47,0.0,70
2026-05-23T00:37:48.912,325847,1043,0.841,1.252,2.256,50.11,5000,110.24,1,114.79,0.038,2,0.458,0.0,70
2026-05-23T00:37:49.031,325952,844,0.68,1.013,1.539,50.11,5000,110.24,1,114.79,0.038,2,0.458,0.0,70
2026-05-23T00:37:49.094,326057,503,0.405,0.604,0.311,50.11,5000,110.24,1,114.79,0.038,2,0.458,0.0,70
2026-05-23T00:37:49.219,326162,760,0.612,0.912,1.237,50.11,5000,110.24,1,114.79,0.038,2,0.458,0.0,70
2026-05-23T00:37:49.344,326267,1061,0.855,1.274,2.321,50.11,5000,110.24,1,114.79,0.038,2,0.458,0.0,70
2026-05-23T00:37:49.403,326372,953,0.768,1.144,1.932,50.11,5000,110.24,1,114.79,0.038,2,0.458,0.0,70
2026-05-23T00:37:49.528,326477,566,0.456,0.679,0.538,50.11,5000,110.24,1,114.79,0.038,2,0.458,0.0,70
2026-05-23T00:37:49.654,326582,614,0.495,0.737,0.711,50.11,5000,110.24,1,114.79,0.038,2,0.458,0.0,70
2026-05-23T00:37:49.779,326687,1016,0.819,1.22,2.159,50.11,5000,110.24,1,114.79,0.038,2,0.458,0.0,70
2026-05-23T00:37:49.902,326819,1069,0.861,1.283,2.349,50.11,5000,110.24,1,114.82,0.037,2,0.47,0.0,70
2026-05-23T00:37:49.965,326925,806,0.65,0.967,1.402,50.11,5000,110.24,1,114.82,0.037,2,0.47,0.0,70
2026-05-23T00:37:50.090,327030,1077,0.868,1.293,2.378,50.11,5000,110.24,1,114.82,0.037,2,0.47,0.0,70
2026-05-23T00:37:50.215,327135,928,0.748,1.114,1.842,50.11,5000,110.24,1,114.82,0.037,2,0.47,0.0,70
2026-05-23T00:37:50.278,327240,549,0.442,0.659,0.477,50.11,5000,110.24,1,114.82,0.037,2,0.47,0.0,70
2026-05-23T00:37:50.402,327345,663,0.534,0.796,0.887,50.11,5000,110.24,1,114.82,0.037,2,0.47,0.0,70
2026-05-23T00:37:50.528,327450,1040,0.838,1.248,2.245,50.11,5000,110.24,1,114.82,0.037,2,0.47,0.0,70
2026-05-23T00:37:50.589,327555,1014,0.817,1.217,2.151,50.11,5000,110.24,1,114.82,0.037,2,0.47,0.0,70
2026-05-23T00:37:50.713,327660,650,0.524,0.78,0.841,50.11,5000,110.24,1,114.82,0.037,2,0.47,0.0,70
2026-05-23T00:37:50.839,327765,567,0.457,0.681,0.542,50.11,5000,110.24,1,114.82,0.037,2,0.47,0.0,70
2026-05-23T00:37:50.900,327867,667,0.538,0.801,0.902,50.11,5000,110.24,1,114.9,0.037,2,0.47,0.0,70
2026-05-23T00:37:51.025,327972,1044,0.841,1.253,2.259,50.11,5000,110.24,1,114.9,0.037,2,0.47,0.0,70
2026-05-23T00:37:51.151,328077,1000,0.806,1.2,2.101,50.11,5000,110.24,1,114.9,0.037,2,0.47,0.0,70
2026-05-23T00:37:51.213,328182,627,0.505,0.753,0.758,50.11,5000,110.24,1,114.9,0.037,2,0.47,0.0,70
2026-05-23T00:37:51.335,328287,571,0.46,0.685,0.556,50.11,5000,110.24,1,114.9,0.037,2,0.47,0.0,70
2026-05-23T00:37:51.462,328392,984,0.793,1.181,2.043,50.11,5000,110.24,1,114.9,0.037,2,0.47,0.0,70
2026-05-23T00:37:51.522,328497,1055,0.85,1.266,2.299,50.11,5000,110.24,1,114.9,0.037,2,0.47,0.0,70
2026-05-23T00:37:51.648,328602,761,0.613,0.913,1.24,50.11,5000,110.24,1,114.9,0.037,2,0.47,0.0,70
2026-05-23T00:37:51.773,328707,525,0.423,0.63,0.391,50.11,5000,110.24,1,114.9,0.037,2,0.47,0.0,70
2026-05-23T00:37:51.885,328849,659,0.531,0.791,0.873,50.11,5000,110.24,1,114.83,0.037,2,0.47,0.0,70
2026-05-23T00:37:52.004,328954,986,0.795,1.184,2.051,50.11,5000,110.24,1,114.83,0.037,2,0.47,0.0,70
2026-05-23T00:37:52.128,329059,1050,0.846,1.26,2.281,50.11,5000,110.24,1,114.83,0.037,2,0.47,0.0,70
2026-05-23T00:37:52.191,329164,755,0.608,0.906,1.219,50.11,5000,110.24,1,114.83,0.037,2,0.47,0.0,70
2026-05-23T00:37:52.316,329269,528,0.425,0.634,0.401,50.11,5000,110.24,1,114.83,0.037,2,0.47,0.0,70
2026-05-23T00:37:52.442,329374,865,0.697,1.038,1.615,50.11,5000,110.24,1,114.83,0.037,2,0.47,0.0,70
2026-05-23T00:37:52.502,329479,1071,0.863,1.286,2.357,50.11,5000,110.24,1,114.83,0.037,2,0.47,0.0,70
2026-05-23T00:37:52.626,329584,875,0.705,1.05,1.651,50.11,5000,110.24,1,114.83,0.037,2,0.47,0.0,70
2026-05-23T00:37:52.753,329689,520,0.419,0.624,0.373,50.11,5000,110.24,1,114.83,0.037,2,0.47,0.0,70
2026-05-23T00:37:52.877,329844,718,0.579,0.862,1.086,50.11,5000,110.24,1,114.81,0.038,2,0.458,0.0,70
2026-05-23T00:37:53.000,329949,563,0.454,0.676,0.527,50.11,5000,110.24,1,114.81,0.038,2,0.458,0.0,70
2026-05-23T00:37:53.124,330054,628,0.506,0.754,0.761,50.11,5000,110.24,1,114.81,0.038,2,0.458,0.0,70
2026-05-23T00:37:53.189,330159,1024,0.825,1.229,2.187,50.11,5000,110.24,1,114.81,0.038,2,0.458,0.0,70
2026-05-23T00:37:53.313,330264,1017,0.82,1.221,2.162,50.11,5000,110.24,1,114.81,0.038,2,0.458,0.0,70
2026-05-23T00:37:53.440,330369,683,0.55,0.82,0.959,50.11,5000,110.24,1,114.81,0.038,2,0.458,0.0,70
2026-05-23T00:37:53.502,330474,554,0.446,0.665,0.495,50.11,5000,110.24,1,114.81,0.038,2,0.458,0.0,70
2026-05-23T00:37:53.626,330579,957,0.771,1.149,1.946,50.11,5000,110.24,1,114.81,0.038,2,0.458,0.0,70
2026-05-23T00:37:53.751,330684,1055,0.85,1.266,2.299,50.11,5000,110.24,1,114.81,0.038,2,0.458,0.0,70
2026-05-23T00:37:53.812,330789,810,0.653,0.972,1.417,50.11,5000,110.24,1,114.81,0.038,2,0.458,0.0,70
2026-05-23T00:37:53.936,330892,549,0.442,0.659,0.477,50.11,5000,110.24,1,114.9,0.037,2,0.47,0.0,70
2026-05-23T00:37:54.061,330997,610,0.492,0.732,0.697,50.11,5000,110.24,1,114.9,0.037,2,0.47,0.0,70
2026-05-23T00:37:54.123,331102,1025,0.826,1.23,2.191,50.11,5000,110.24,1,114.9,0.037,2,0.47,0.0,70
2026-05-23T00:37:54.248,331207,1032,0.832,1.239,2.216,50.11,5000,110.24,1,114.9,0.037,2,0.47,0.0,70
2026-05-23T00:37:54.373,331312,713,0.575,0.856,1.068,50.11,5000,110.24,1,114.9,0.037,2,0.47,0.0,70
2026-05-23T00:37:54.437,331417,556,0.448,0.667,0.502,50.11,5000,110.24,1,114.9,0.037,2,0.47,0.0,70
2026-05-23T00:37:54.560,331522,941,0.758,1.13,1.889,50.11,5000,110.24,1,114.9,0.037,2,0.47,0.0,70
2026-05-23T00:37:54.684,331627,1069,0.861,1.283,2.349,50.11,5000,110.24,1,114.9,0.037,2,0.47,0.0,70
2026-05-23T00:37:54.793,331732,828,0.667,0.994,1.482,50.11,5000,110.24,1,114.9,0.037,2,0.47,0.0,70
2026-05-23T00:37:54.904,331873,586,0.472,0.703,0.61,50.11,5000,110.24,1,114.88,0.037,2,0.47,0.0,70
2026-05-23T00:37:55.006,331978,523,0.421,0.628,0.383,50.11,5000,110.24,1,114.88,0.037,2,0.47,0.0,70
2026-05-23T00:37:55.107,332083,846,0.682,1.015,1.546,50.11,5000,110.24,1,114.88,0.037,2,0.47,0.0,70
2026-05-23T00:37:55.218,332188,1078,0.869,1.294,2.382,50.11,5000,110.24,1,114.88,0.037,2,0.47,0.0,70
2026-05-23T00:37:55.324,332293,904,0.728,1.085,1.755,50.11,5000,110.24,1,114.88,0.037,2,0.47,0.0,70
2026-05-23T00:37:55.431,332398,536,0.432,0.643,0.43,50.11,5000,110.24,1,114.88,0.037,2,0.47,0.0,70
2026-05-23T00:37:55.559,332503,697,0.562,0.837,1.01,50.11,5000,110.24,1,114.88,0.037,2,0.47,0.0,70
2026-05-23T00:37:55.620,332608,1060,0.854,1.272,2.317,50.11,5000,110.24,1,114.88,0.037,2,0.47,0.0,70
2026-05-23T00:37:55.734,332713,1003,0.808,1.204,2.112,50.11,5000,110.24,1,114.88,0.037,2,0.47,0.0,70
2026-05-23T00:37:55.915,332868,623,0.502,0.748,0.743,40.05,5000,88.11,1,114.84,0.037,2,0.47,0.0,70
2026-05-23T00:37:56.039,332973,1048,0.845,1.258,2.274,40.05,5000,88.11,1,114.84,0.037,2,0.47,0.0,70
2026-05-23T00:37:56.102,333078,717,0.578,0.861,1.082,40.05,5000,88.11,1,114.84,0.037,2,0.47,0.0,70
2026-05-23T00:37:56.227,333183,531,0.428,0.637,0.412,40.05,5000,88.11,1,114.84,0.037,2,0.47,0.0,70
2026-05-23T00:37:56.352,333287,833,0.671,1.0,1.5,40.05,5000,88.11,1,114.84,0.037,2,0.47,0.0,70
2026-05-23T00:37:56.413,333392,1094,0.882,1.313,2.439,40.05,5000,88.11,1,114.84,0.037,2,0.47,0.0,70
2026-05-23T00:37:56.537,333497,917,0.739,1.101,1.802,40.05,5000,88.11,1,114.84,0.037,2,0.47,0.0,70
2026-05-23T00:37:56.662,333602,529,0.426,0.635,0.405,40.05,5000,88.11,1,114.84,0.037,2,0.47,0.0,70
2026-05-23T00:37:56.724,333706,586,0.472,0.703,0.61,40.05,5000,88.11,1,114.84,0.037,2,0.47,0.0,70
2026-05-23T00:37:56.849,333810,957,0.771,1.149,1.946,40.05,5000,88.11,1,114.84,0.037,2,0.47,0.0,70
2026-05-23T00:37:56.975,333916,1031,0.831,1.238,2.213,40.05,5000,88.11,1,93.87,0.038,2,0.56,0.0,70
2026-05-23T00:37:57.037,334021,735,0.592,0.882,1.147,40.05,5000,88.11,1,93.87,0.038,2,0.56,0.0,70
2026-05-23T00:37:57.161,334125,493,0.397,0.592,0.275,40.05,5000,88.11,1,93.87,0.038,2,0.56,0.0,70
2026-05-23T00:37:57.285,334229,699,0.563,0.839,1.017,40.05,5000,88.11,1,93.87,0.038,2,0.56,0.0,70
2026-05-23T00:37:57.348,334333,1031,0.831,1.238,2.213,40.05,5000,88.11,1,93.87,0.038,2,0.56,0.0,70
2026-05-23T00:37:57.472,334438,1043,0.841,1.252,2.256,40.05,5000,88.11,1,93.87,0.038,2,0.56,0.0,70
2026-05-23T00:37:57.599,334543,716,0.577,0.859,1.078,40.05,5000,88.11,1,93.87,0.038,2,0.56,0.0,70
2026-05-23T00:37:57.659,334647,500,0.403,0.6,0.3,40.05,5000,88.11,1,93.87,0.038,2,0.56,0.0,70
2026-05-23T00:37:57.786,334751,724,0.583,0.869,1.107,40.05,5000,88.11,1,93.87,0.038,2,0.56,0.0,70
2026-05-23T00:37:57.908,334892,894,0.72,1.073,1.719,40.05,5000,88.11,1,93.74,0.038,2,0.561,0.0,70
2026-05-23T00:37:58.032,334997,1084,0.874,1.301,2.403,40.05,5000,88.11,1,93.74,0.038,2,0.561,0.0,70
2026-05-23T00:37:58.157,335102,958,0.772,1.15,1.95,40.05,5000,88.11,1,93.74,0.038,2,0.561,0.0,70
2026-05-23T00:37:58.220,335207,557,0.449,0.669,0.506,40.05,5000,88.11,1,93.74,0.038,2,0.561,0.0,70
2026-05-23T00:37:58.346,335311,568,0.458,0.682,0.545,40.05,5000,88.11,1,93.74,0.038,2,0.561,0.0,70
2026-05-23T00:37:58.470,335415,910,0.733,1.092,1.777,40.05,5000,88.11,1,93.74,0.038,2,0.561,0.0,70
2026-05-23T00:37:58.533,335520,1091,0.879,1.31,2.429,40.05,5000,88.11,1,93.74,0.038,2,0.561,0.0,70
2026-05-23T00:37:58.656,335625,859,0.692,1.031,1.593,40.05,5000,88.11,1,93.74,0.038,2,0.561,0.0,70
2026-05-23T00:37:58.781,335730,492,0.396,0.591,0.272,40.05,5000,88.11,1,93.74,0.038,2,0.561,0.0,70
2026-05-23T00:37:58.905,335892,656,0.529,0.787,0.862,40.05,5000,88.11,1,93.76,0.038,2,0.561,0.0,70
2026-05-23T00:37:59.030,335997,910,0.733,1.092,1.777,40.05,5000,88.11,1,93.76,0.038,2,0.561,0.0,70
2026-05-23T00:37:59.155,336102,1084,0.874,1.301,2.403,40.05,5000,88.11,1,93.76,0.038,2,0.561,0.0,70
2026-05-23T00:37:59.218,336207,854,0.688,1.025,1.575,40.05,5000,88.11,1,93.76,0.038,2,0.561,0.0,70
2026-05-23T00:37:59.341,336312,498,0.401,0.598,0.293,40.05,5000,88.11,1,93.76,0.038,2,0.561,0.0,70
2026-05-23T00:37:59.454,336416,653,0.526,0.784,0.851,40.05,5000,88.11,1,93.76,0.038,2,0.561,0.0,70
2026-05-23T00:37:59.570,336520,1002,0.807,1.203,2.108,40.05,5000,88.11,1,93.76,0.038,2,0.561,0.0,70
2026-05-23T00:37:59.621,336625,1052,0.848,1.263,2.288,40.05,5000,88.11,1,93.76,0.038,2,0.561,0.0,70
2026-05-23T00:37:59.730,336730,754,0.608,0.905,1.215,40.05,5000,88.11,1,93.76,0.038,2,0.561,0.0,70
2026-05-23T00:37:59.882,336887,506,0.408,0.607,0.322,40.05,5000,88.11,1,93.74,0.038,2,0.561,0.0,70
2026-05-23T00:37:59.983,336992,638,0.514,0.766,0.797,40.05,5000,88.11,1,93.74,0.038,2,0.561,0.0,70
2026-05-23T00:38:00.094,337096,527,0.425,0.633,0.398,40.05,5000,88.11,1,93.74,0.038,2,0.561,0.0,70
2026-05-23T00:38:00.198,337200,796,0.641,0.955,1.366,40.05,5000,88.11,1,93.74,0.038,2,0.561,0.0,70
2026-05-23T00:38:00.301,337304,1054,0.849,1.265,2.295,40.05,5000,88.11,1,93.74,0.038,2,0.561,0.0,70
2026-05-23T00:38:00.415,337409,1003,0.808,1.204,2.112,40.05,5000,88.11,1,93.74,0.038,2,0.561,0.0,70
2026-05-23T00:38:00.579,337514,618,0.498,0.742,0.725,40.05,5000,88.11,1,93.74,0.038,2,0.561,0.0,70
2026-05-23T00:38:00.634,337618,538,0.434,0.646,0.437,40.05,5000,88.11,1,93.74,0.038,2,0.561,0.0,70
2026-05-23T00:38:00.745,337722,828,0.667,0.994,1.482,40.05,5000,88.11,1,93.74,0.038,2,0.561,0.0,70
2026-05-23T00:38:00.857,337826,1061,0.855,1.274,2.321,40.05,5000,88.11,1,93.74,0.038,2,0.561,0.0,70
2026-05-23T00:38:00.968,337935,629,0.507,0.755,0.765,40.05,5000,88.11,1,93.78,0.038,2,0.561,0.0,70
2026-05-23T00:38:01.075,338039,522,0.421,0.627,0.38,40.05,5000,88.11,1,93.78,0.038,2,0.561,0.0,70
2026-05-23T00:38:01.132,338143,786,0.633,0.943,1.33,40.05,5000,88.11,1,93.78,0.038,2,0.561,0.0,70
2026-05-23T00:38:01.242,338247,1052,0.848,1.263,2.288,40.05,5000,88.11,1,93.78,0.038,2,0.561,0.0,70
2026-05-23T00:38:01.351,338352,1009,0.813,1.211,2.133,40.05,5000,88.11,1,93.78,0.038,2,0.561,0.0,70
2026-05-23T00:38:01.474,338457,620,0.5,0.744,0.733,40.05,5000,88.11,1,93.78,0.038,2,0.561,0.0,70
2026-05-23T00:38:01.600,338561,533,0.43,0.64,0.419,40.05,5000,88.11,1,93.78,0.038,2,0.561,0.0,70
2026-05-23T00:38:01.661,338665,817,0.658,0.981,1.442,40.05,5000,88.11,1,93.78,0.038,2,0.561,0.0,70
2026-05-23T00:38:01.784,338769,1069,0.861,1.283,2.349,40.05,5000,88.11,1,93.78,0.038,2,0.561,0.0,70
2026-05-23T00:38:01.910,338906,1066,0.859,1.28,2.339,40.05,5000,88.11,1,93.76,0.038,2,0.561,0.0,70
2026-05-23T00:38:02.035,339011,1088,0.877,1.306,2.418,40.05,5000,88.11,1,93.76,0.038,2,0.561,0.0,70
2026-05-23T00:38:02.161,339116,912,0.735,1.095,1.784,40.05,5000,88.11,1,93.76,0.038,2,0.561,0.0,70
2026-05-23T00:38:02.221,339221,529,0.426,0.635,0.405,40.05,5000,88.11,1,93.76,0.038,2,0.561,0.0,70
2026-05-23T00:38:02.346,339325,588,0.474,0.706,0.617,40.05,5000,88.11,1,93.76,0.038,2,0.561,0.0,70
2026-05-23T00:38:02.471,339429,966,0.778,1.16,1.979,40.05,5000,88.11,1,93.76,0.038,2,0.561,0.0,70
2026-05-23T00:38:02.532,339534,1076,0.867,1.292,2.375,40.05,5000,88.11,1,93.76,0.038,2,0.561,0.0,70
2026-05-23T00:38:02.657,339639,812,0.654,0.975,1.424,40.05,5000,88.11,1,93.76,0.038,2,0.561,0.0,70
2026-05-23T00:38:02.781,339743,521,0.42,0.625,0.376,40.05,5000,88.11,1,93.76,0.038,2,0.561,0.0,70
2026-05-23T00:38:02.842,339847,608,0.49,0.73,0.689,40.05,5000,88.11,1,93.76,0.038,2,0.561,0.0,70
2026-05-23T00:38:02.967,339954,1070,0.862,1.284,2.353,40.05,5000,88.11,1,93.57,0.038,2,0.562,0.0,70
2026-05-23T00:38:03.091,340059,926,0.746,1.112,1.835,40.05,5000,88.11,1,93.57,0.038,2,0.562,0.0,70
2026-05-23T00:38:03.154,340164,538,0.434,0.646,0.437,40.05,5000,88.11,1,93.57,0.038,2,0.562,0.0,70
2026-05-23T00:38:03.281,340268,583,0.47,0.7,0.599,40.05,5000,88.11,1,93.57,0.038,2,0.562,0.0,70
2026-05-23T00:38:03.404,340372,953,0.768,1.144,1.932,40.05,5000,88.11,1,93.57,0.038,2,0.562,0.0,70
2026-05-23T00:38:03.468,340477,1079,0.87,1.295,2.385,40.05,5000,88.11,1,93.57,0.038,2,0.562,0.0,70
2026-05-23T00:38:03.593,340582,822,0.662,0.987,1.46,40.05,5000,88.11,1,93.57,0.038,2,0.562,0.0,70
2026-05-23T00:38:03.713,340686,521,0.42,0.625,0.376,40.05,5000,88.11,1,93.57,0.038,2,0.562,0.0,70
2026-05-23T00:38:03.776,340790,600,0.484,0.72,0.661,40.05,5000,88.11,1,93.57,0.038,2,0.562,0.0,70
2026-05-23T00:38:03.962,340926,788,0.635,0.946,1.338,40.05,5000,88.11,1,93.62,0.038,2,0.562,0.0,70
2026-05-23T00:38:04.025,341031,614,0.495,0.737,0.711,40.05,5000,88.11,1,93.62,0.038,2,0.562,0.0,70
2026-05-23T00:38:04.148,341135,989,0.797,1.187,2.061,40.05,5000,88.11,1,93.62,0.038,2,0.562,0.0,70
2026-05-23T00:38:04.273,341240,1071,0.863,1.286,2.357,40.05,5000,88.11,1,93.62,0.038,2,0.562,0.0,70
2026-05-23T00:38:04.335,341345,780,0.629,0.936,1.309,40.05,5000,88.11,1,93.62,0.038,2,0.562,0.0,70
2026-05-23T00:38:04.449,341449,502,0.405,0.603,0.308,40.05,5000,88.11,1,93.62,0.038,2,0.562,0.0,70
2026-05-23T00:38:04.572,341553,648,0.522,0.778,0.833,40.05,5000,88.11,1,93.62,0.038,2,0.562,0.0,70
2026-05-23T00:38:04.633,341657,1008,0.812,1.21,2.13,40.05,5000,88.11,1,93.62,0.038,2,0.562,0.0,70
2026-05-23T00:38:04.759,341762,1067,0.86,1.281,2.342,40.05,5000,88.11,1,93.62,0.038,2,0.562,0.0,70
2026-05-23T00:38:04.882,341867,752,0.606,0.903,1.208,40.05,5000,88.11,1,93.62,0.038,2,0.562,0.0,70
2026-05-23T00:38:05.008,341974,590,0.475,0.708,0.625,40.05,5000,88.11,1,93.73,0.038,2,0.561,0.0,70
2026-05-23T00:38:05.070,342078,978,0.788,1.174,2.022,40.05,5000,88.11,1,93.73,0.038,2,0.561,0.0,70
2026-05-23T00:38:05.196,342183,1070,0.862,1.284,2.353,40.05,5000,88.11,1,93.73,0.038,2,0.561,0.0,70
2026-05-23T00:38:05.317,342288,798,0.643,0.958,1.374,40.05,5000,88.11,1,93.73,0.038,2,0.561,0.0,70
2026-05-23T00:38:05.381,342392,508,0.409,0.61,0.329,40.05,5000,88.11,1,93.73,0.038,2,0.561,0.0,70
2026-05-23T00:38:05.506,342496,631,0.508,0.757,0.772,40.05,5000,88.11,1,93.73,0.038,2,0.561,0.0,70
2026-05-23T00:38:05.630,342600,1004,0.809,1.205,2.115,40.05,5000,88.11,1,93.73,0.038,2,0.561,0.0,70
2026-05-23T00:38:05.692,342705,1061,0.855,1.274,2.321,40.05,5000,88.11,1,93.73,0.038,2,0.561,0.0,70
2026-05-23T00:38:05.818,342810,766,0.617,0.919,1.258,40.05,5000,88.11,1,93.73,0.038,2,0.561,0.0,70
2026-05-23T00:38:05.942,342945,603,0.486,0.724,0.671,40.05,5000,88.11,1,93.68,0.038,2,0.561,0.0,70
2026-05-23T00:38:06.066,343050,836,0.674,1.003,1.51,40.05,5000,88.11,1,93.68,0.038,2,0.561,0.0,70
2026-05-23T00:38:06.130,343155,502,0.405,0.603,0.308,40.05,5000,88.11,1,93.68,0.038,2,0.561,0.0,70
2026-05-23T00:38:06.253,343259,675,0.544,0.81,0.931,40.05,5000,88.11,1,93.68,0.038,2,0.561,0.0,70
2026-05-23T00:38:06.380,343363,1021,0.823,1.226,2.177,40.05,5000,88.11,1,93.68,0.038,2,0.561,0.0,70
2026-05-23T00:38:06.440,343468,1056,0.851,1.268,2.303,40.05,5000,88.11,1,93.68,0.038,2,0.561,0.0,70
2026-05-23T00:38:06.567,343573,737,0.594,0.885,1.154,40.05,5000,88.11,1,93.68,0.038,2,0.561,0.0,70
2026-05-23T00:38:06.690,343677,503,0.405,0.604,0.311,40.05,5000,88.11,1,93.68,0.038,2,0.561,0.0,70
2026-05-23T00:38:06.753,343781,693,0.558,0.832,0.995,40.05,5000,88.11,1,93.68,0.038,2,0.561,0.0,70
2026-05-23T00:38:06.876,343885,1018,0.82,1.222,2.166,40.05,5000,88.11,1,93.68,0.038,2,0.561,0.0,70
2026-05-23T00:38:06.999,343993,833,0.671,1.0,1.5,40.05,5000,88.11,1,93.67,0.038,2,0.561,0.0,70
2026-05-23T00:38:07.125,344098,498,0.401,0.598,0.293,40.05,5000,88.11,1,93.67,0.038,2,0.561,0.0,70
2026-05-23T00:38:07.188,344202,642,0.517,0.771,0.812,40.05,5000,88.11,1,93.67,0.038,2,0.561,0.0,70
2026-05-23T00:38:07.313,344306,1000,0.806,1.2,2.101,40.05,5000,88.11,1,93.67,0.038,2,0.561,0.0,70
2026-05-23T00:38:07.436,344411,1057,0.852,1.269,2.306,40.05,5000,88.11,1,93.67,0.038,2,0.561,0.0,70
2026-05-23T00:38:07.497,344516,755,0.608,0.906,1.219,40.05,5000,88.11,1,93.67,0.038,2,0.561,0.0,70
2026-05-23T00:38:07.624,344620,500,0.403,0.6,0.3,40.05,5000,88.11,1,93.67,0.038,2,0.561,0.0,70
2026-05-23T00:38:07.734,344724,664,0.535,0.797,0.891,40.05,5000,88.11,1,93.67,0.038,2,0.561,0.0,70
2026-05-23T00:38:07.793,344828,1002,0.807,1.203,2.108,40.05,5000,88.11,1,93.67,0.038,2,0.561,0.0,70
2026-05-23T00:38:07.965,344965,1081,0.871,1.298,2.393,40.05,5000,88.11,1,93.71,0.038,2,0.561,0.0,70
2026-05-23T00:38:08.076,345070,1054,0.849,1.265,2.295,40.05,5000,88.11,1,93.71,0.038,2,0.561,0.0,70
2026-05-23T00:38:08.200,345175,1007,0.812,1.209,2.126,40.05,5000,88.11,1,93.71,0.038,2,0.561,0.0,70
2026-05-23T00:38:08.261,345280,624,0.503,0.749,0.747,40.05,5000,88.11,1,93.71,0.038,2,0.561,0.0,70
2026-05-23T00:38:08.387,345384,535,0.431,0.642,0.427,40.05,5000,88.11,1,93.71,0.038,2,0.561,0.0,70
2026-05-23T00:38:08.512,345488,811,0.654,0.973,1.42,40.05,5000,88.11,1,93.71,0.038,2,0.561,0.0,70
2026-05-23T00:38:08.576,345592,1062,0.856,1.275,2.324,40.05,5000,88.11,1,93.71,0.038,2,0.561,0.0,70
2026-05-23T00:38:08.683,345697,998,0.804,1.198,2.094,40.05,5000,88.11,1,93.71,0.038,2,0.561,0.0,70
2026-05-23T00:38:08.793,345802,602,0.485,0.723,0.668,40.05,5000,88.11,1,93.71,0.038,2,0.561,0.0,70
2026-05-23T00:38:08.897,345906,544,0.438,0.653,0.459,40.05,5000,88.11,1,93.71,0.038,2,0.561,0.0,70
2026-05-23T00:38:09.010,346012,981,0.791,1.178,2.033,40.05,5000,88.11,1,93.57,0.038,2,0.562,0.0,70
2026-05-23T00:38:09.133,346117,1048,0.845,1.258,2.274,40.05,5000,88.11,1,93.57,0.038,2,0.562,0.0,70
2026-05-23T00:38:09.197,346222,748,0.603,0.898,1.194,40.05,5000,88.11,1,93.57,0.038,2,0.562,0.0,70
2026-05-23T00:38:09.322,346326,496,0.4,0.595,0.286,40.05,5000,88.11,1,93.57,0.038,2,0.562,0.0,70
2026-05-23T00:38:09.447,346430,672,0.542,0.807,0.92,40.05,5000,88.11,1,93.57,0.038,2,0.562,0.0,70
2026-05-23T00:38:09.508,346534,1010,0.814,1.212,2.137,40.05,5000,88.11,1,93.57,0.038,2,0.562,0.0,70
2026-05-23T00:38:09.636,346639,1051,0.847,1.262,2.285,40.05,5000,88.11,1,93.57,0.038,2,0.562,0.0,70
2026-05-23T00:38:09.758,346744,735,0.592,0.882,1.147,40.05,5000,88.11,1,93.57,0.038,2,0.562,0.0,70
2026-05-23T00:38:09.820,346848,495,0.399,0.594,0.282,40.05,5000,88.11,1,93.57,0.038,2,0.562,0.0,70
2026-05-23T00:38:09.946,346984,548,0.442,0.658,0.473,40.05,5000,88.11,1,93.69,0.038,2,0.561,0.0,70
2026-05-23T00:38:10.069,347089,491,0.396,0.589,0.268,40.05,5000,88.11,1,93.69,0.038,2,0.561,0.0,70
2026-05-23T00:38:10.195,347193,700,0.564,0.84,1.021,40.05,5000,88.11,1,93.69,0.038,2,0.561,0.0,70
2026-05-23T00:38:10.257,347297,1024,0.825,1.229,2.187,40.05,5000,88.11,1,93.69,0.038,2,0.561,0.0,70
2026-05-23T00:38:10.380,347402,1044,0.841,1.253,2.259,40.05,5000,88.11,1,93.69,0.038,2,0.561,0.0,70
2026-05-23T00:38:10.506,347507,716,0.577,0.859,1.078,40.05,5000,88.11,1,93.69,0.038,2,0.561,0.0,70
2026-05-23T00:38:10.569,347611,490,0.395,0.588,0.264,40.05,5000,88.11,1,93.69,0.038,2,0.561,0.0,70
2026-05-23T00:38:10.693,347715,720,0.58,0.864,1.093,40.05,5000,88.11,1,93.69,0.038,2,0.561,0.0,70
2026-05-23T00:38:10.813,347819,1024,0.825,1.229,2.187,40.05,5000,88.11,1,93.69,0.038,2,0.561,0.0,70
2026-05-23T00:38:10.938,347924,1047,0.844,1.257,2.27,40.05,5000,88.11,1,93.69,0.038,2,0.561,0.0,70
2026-05-23T00:38:11.000,348032,474,0.382,0.569,0.207,40.05,5000,88.11,1,93.71,0.038,2,0.561,0.0,70
2026-05-23T00:38:11.125,348136,662,0.533,0.795,0.884,40.05,5000,88.11,1,93.71,0.038,2,0.561,0.0,70
2026-05-23T00:38:11.248,348240,1010,0.814,1.212,2.137,40.05,5000,88.11,1,93.71,0.038,2,0.561,0.0,70
2026-05-23T00:38:11.310,348345,1056,0.851,1.268,2.303,40.05,5000,88.11,1,93.71,0.038,2,0.561,0.0,70
2026-05-23T00:38:11.434,348450,745,0.6,0.894,1.183,40.05,5000,88.11,1,93.71,0.038,2,0.561,0.0,70
2026-05-23T00:38:11.559,348554,487,0.392,0.585,0.254,40.05,5000,88.11,1,93.71,0.038,2,0.561,0.0,70
2026-05-23T00:38:11.621,348658,673,0.542,0.808,0.923,40.05,5000,88.11,1,93.71,0.038,2,0.561,0.0,70
2026-05-23T00:38:11.743,348762,1015,0.818,1.218,2.155,40.05,5000,88.11,1,93.71,0.038,2,0.561,0.0,70
2026-05-23T00:38:11.869,348867,1059,0.853,1.271,2.313,40.05,5000,88.11,1,93.71,0.038,2,0.561,0.0,70
2026-05-23T00:38:11.993,349004,897,0.723,1.077,1.73,40.05,5000,88.11,1,93.53,0.038,2,0.562,0.0,70
2026-05-23T00:38:12.116,349109,1020,0.822,1.224,2.173,40.05,5000,88.11,1,93.53,0.038,2,0.562,0.0,70
2026-05-23T00:38:12.178,349214,631,0.508,0.757,0.772,40.05,5000,88.11,1,93.53,0.038,2,0.562,0.0,70
2026-05-23T00:38:12.302,349318,526,0.424,0.631,0.394,40.05,5000,88.11,1,93.53,0.038,2,0.562,0.0,70
2026-05-23T00:38:12.426,349422,805,0.649,0.966,1.399,40.05,5000,88.11,1,93.53,0.038,2,0.562,0.0,70
2026-05-23T00:38:12.489,349526,1066,0.859,1.28,2.339,40.05,5000,88.11,1,93.53,0.038,2,0.562,0.0,70
2026-05-23T00:38:12.614,349631,1016,0.819,1.22,2.159,40.05,5000,88.11,1,93.53,0.038,2,0.562,0.0,70
2026-05-23T00:38:12.737,349736,618,0.498,0.742,0.725,40.05,5000,88.11,1,93.53,0.038,2,0.562,0.0,70
2026-05-23T00:38:12.799,349840,532,0.429,0.639,0.416,40.05,5000,88.11,1,93.53,0.038,2,0.562,0.0,70
2026-05-23T00:38:12.923,349944,814,0.656,0.977,1.431,40.05,5000,88.11,1,93.53,0.038,2,0.562,0.0,70
2026-05-23T00:38:13.048,350052,1016,0.819,1.22,2.159,40.05,5000,88.11,1,93.71,0.038,2,0.561,0.0,70
2026-05-23T00:38:13.111,350157,687,0.554,0.825,0.974,40.05,5000,88.11,1,93.71,0.038,2,0.561,0.0,70
2026-05-23T00:38:13.237,350261,506,0.408,0.607,0.322,40.05,5000,88.11,1,93.71,0.038,2,0.561,0.0,70
2026-05-23T00:38:13.362,350365,743,0.599,0.892,1.176,40.05,5000,88.11,1,93.71,0.038,2,0.561,0.0,70
2026-05-23T00:38:13.426,350469,1045,0.842,1.254,2.263,40.05,5000,88.11,1,93.71,0.038,2,0.561,0.0,70
2026-05-23T00:38:13.548,350574,1044,0.841,1.253,2.259,40.05,5000,88.11,1,93.71,0.038,2,0.561,0.0,70
2026-05-23T00:38:13.674,350679,676,0.545,0.811,0.934,40.05,5000,88.11,1,93.71,0.038,2,0.561,0.0,70
2026-05-23T00:38:13.735,350783,509,0.41,0.611,0.333,40.05,5000,88.11,1,93.71,0.038,2,0.561,0.0,70
2026-05-23T00:38:13.859,350887,748,0.603,0.898,1.194,40.05,5000,88.11,1,93.71,0.038,2,0.561,0.0,70
2026-05-23T00:38:13.984,351023,932,0.751,1.119,1.856,40.05,5000,88.11,1,93.65,0.038,2,0.562,0.0,70
2026-05-23T00:38:14.110,351128,759,0.612,0.911,1.233,40.05,5000,88.11,1,93.65,0.038,2,0.562,0.0,70
2026-05-23T00:38:14.234,351232,1044,0.841,1.253,2.259,40.05,5000,88.11,1,93.65,0.038,2,0.562,0.0,70
2026-05-23T00:38:14.297,351337,1031,0.831,1.238,2.213,40.05,5000,88.11,1,93.65,0.038,2,0.562,0.0,70
2026-05-23T00:38:14.421,351442,676,0.545,0.811,0.934,40.05,5000,88.11,1,93.65,0.038,2,0.562,0.0,70
2026-05-23T00:38:14.546,351546,510,0.411,0.612,0.337,40.05,5000,88.11,1,93.65,0.038,2,0.562,0.0,70
2026-05-23T00:38:14.607,351650,752,0.606,0.903,1.208,40.05,5000,88.11,1,93.65,0.038,2,0.562,0.0,70
2026-05-23T00:38:14.731,351754,1042,0.84,1.251,2.252,40.05,5000,88.11,1,93.65,0.038,2,0.562,0.0,70
2026-05-23T00:38:14.856,351859,1038,0.836,1.246,2.238,40.05,5000,88.11,1,93.65,0.038,2,0.562,0.0,70
2026-05-23T00:38:14.918,351964,666,0.537,0.799,0.898,40.05,5000,88.11,1,93.65,0.038,2,0.562,0.0,70
2026-05-23T00:38:15.044,352071,674,0.543,0.809,0.927,40.05,5000,88.11,1,93.53,0.038,2,0.562,0.0,70
2026-05-23T00:38:15.169,352175,1016,0.819,1.22,2.159,40.05,5000,88.11,1,93.53,0.038,2,0.562,0.0,70
2026-05-23T00:38:15.232,352280,1057,0.852,1.269,2.306,40.05,5000,88.11,1,93.53,0.038,2,0.562,0.0,70
2026-05-23T00:38:15.357,352385,740,0.596,0.888,1.165,40.05,5000,88.11,1,93.53,0.038,2,0.562,0.0,70
2026-05-23T00:38:15.481,352489,489,0.394,0.587,0.261,40.05,5000,88.11,1,93.53,0.038,2,0.562,0.0,70
2026-05-23T00:38:15.543,352593,672,0.542,0.807,0.92,40.05,5000,88.11,1,93.53,0.038,2,0.562,0.0,70
2026-05-23T00:38:15.668,352697,1013,0.816,1.216,2.148,40.05,5000,88.11,1,93.53,0.038,2,0.562,0.0,70
2026-05-23T00:38:15.792,352802,1060,0.854,1.272,2.317,40.05,5000,88.11,1,93.53,0.038,2,0.562,0.0,70
2026-05-23T00:38:15.856,352907,746,0.601,0.895,1.186,40.05,5000,88.11,1,93.53,0.038,2,0.562,0.0,70
2026-05-23T00:38:15.981,353043,574,0.463,0.689,0.567,40.05,5000,88.11,1,93.62,0.038,2,0.562,0.0,70
2026-05-23T00:38:16.106,353148,738,0.595,0.886,1.158,40.05,5000,88.11,1,93.62,0.038,2,0.562,0.0,70
2026-05-23T00:38:16.229,353252,485,0.391,0.582,0.246,40.05,5000,88.11,1,93.62,0.038,2,0.562,0.0,70
2026-05-23T00:38:16.294,353356,677,0.546,0.813,0.938,40.05,5000,88.11,1,93.62,0.038,2,0.562,0.0,70
2026-05-23T00:38:16.417,353460,1015,0.818,1.218,2.155,40.05,5000,88.11,1,93.62,0.038,2,0.562,0.0,70
2026-05-23T00:38:16.542,353565,1065,0.858,1.278,2.335,40.05,5000,88.11,1,93.62,0.038,2,0.562,0.0,70
2026-05-23T00:38:16.606,353670,740,0.596,0.888,1.165,40.05,5000,88.11,1,93.62,0.038,2,0.562,0.0,70
2026-05-23T00:38:16.728,353774,489,0.394,0.587,0.261,40.05,5000,88.11,1,93.62,0.038,2,0.562,0.0,70
2026-05-23T00:38:16.854,353878,660,0.532,0.792,0.877,40.05,5000,88.11,1,93.62,0.038,2,0.562,0.0,70
2026-05-23T00:38:16.916,353982,1012,0.816,1.215,2.144,40.05,5000,88.11,1,93.62,0.038,2,0.562,0.0,70
2026-05-23T00:38:17.039,354091,783,0.631,0.94,1.32,40.05,5000,88.11,1,93.67,0.038,2,0.561,0.0,70
2026-05-23T00:38:17.163,354195,518,0.417,0.622,0.365,40.05,5000,88.11,1,93.67,0.038,2,0.561,0.0,70
2026-05-23T00:38:17.287,354299,589,0.475,0.707,0.621,40.05,5000,88.11,1,93.67,0.038,2,0.561,0.0,70
2026-05-23T00:38:17.351,354403,965,0.778,1.158,1.975,40.05,5000,88.11,1,93.67,0.038,2,0.561,0.0,70
2026-05-23T00:38:17.475,354508,1082,0.872,1.299,2.396,40.05,5000,88.11,1,93.67,0.038,2,0.561,0.0,70
2026-05-23T00:38:17.599,354613,819,0.66,0.983,1.449,40.05,5000,88.11,1,93.67,0.038,2,0.561,0.0,70
2026-05-23T00:38:17.660,354717,524,0.422,0.629,0.387,40.05,5000,88.11,1,93.67,0.038,2,0.561,0.0,70
2026-05-23T00:38:17.789,354821,586,0.472,0.703,0.61,40.05,5000,88.11,1,93.67,0.038,2,0.561,0.0,70
2026-05-23T00:38:17.911,354925,964,0.777,1.157,1.971,40.05,5000,88.11,1,93.67,0.038,2,0.561,0.0,70
2026-05-23T00:38:18.033,355062,1086,0.875,1.304,2.411,40.05,5000,88.11,1,93.65,0.038,2,0.562,0.0,70
2026-05-23T00:38:18.095,355168,1059,0.853,1.271,2.313,40.05,5000,88.11,1,93.65,0.038,2,0.562,0.0,70
2026-05-23T00:38:18.220,355273,1013,0.816,1.216,2.148,40.05,5000,88.11,1,93.65,0.038,2,0.562,0.0,70
2026-05-23T00:38:18.344,355378,635,0.512,0.762,0.787,40.05,5000,88.11,1,93.65,0.038,2,0.562,0.0,70
2026-05-23T00:38:18.406,355482,518,0.417,0.622,0.365,40.05,5000,88.11,1,93.65,0.038,2,0.562,0.0,70
2026-05-23T00:38:18.531,355586,783,0.631,0.94,1.32,40.05,5000,88.11,1,93.65,0.038,2,0.562,0.0,70
2026-05-23T00:38:18.657,355690,1062,0.856,1.275,2.324,40.05,5000,88.11,1,93.65,0.038,2,0.562,0.0,70
2026-05-23T00:38:18.780,355795,1034,0.833,1.241,2.223,40.05,5000,88.11,1,93.65,0.038,2,0.562,0.0,70
2026-05-23T00:38:18.843,355900,653,0.526,0.784,0.851,40.05,5000,88.11,1,93.65,0.038,2,0.562,0.0,70
2026-05-23T00:38:18.968,356004,513,0.413,0.616,0.347,40.05,5000,88.11,1,93.65,0.038,2,0.562,0.0,70
2026-05-23T00:38:19.093,356110,956,0.77,1.148,1.943,40.05,5000,88.11,1,93.57,0.038,2,0.562,0.0,70
2026-05-23T00:38:19.153,356215,1083,0.873,1.3,2.4,40.05,5000,88.11,1,93.57,0.038,2,0.562,0.0,70
2026-05-23T00:38:19.278,356320,817,0.658,0.981,1.442,40.05,5000,88.11,1,93.57,0.038,2,0.562,0.0,70
2026-05-23T00:38:19.402,356424,524,0.422,0.629,0.387,40.05,5000,88.11,1,93.57,0.038,2,0.562,0.0,70
2026-05-23T00:38:19.464,356528,590,0.475,0.708,0.625,40.05,5000,88.11,1,93.57,0.038,2,0.562,0.0,70
2026-05-23T00:38:19.588,356632,960,0.774,1.152,1.957,40.05,5000,88.11,1,93.57,0.038,2,0.562,0.0,70
2026-05-23T00:38:19.712,356737,1074,0.865,1.289,2.367,40.05,5000,88.11,1,93.57,0.038,2,0.562,0.0,70
2026-05-23T00:38:19.773,356842,830,0.669,0.996,1.489,40.05,5000,88.11,1,93.57,0.038,2,0.562,0.0,70
2026-05-23T00:38:19.895,356946,534,0.43,0.641,0.423,40.05,5000,88.11,1,93.57,0.038,2,0.562,0.0,70
2026-05-23T00:38:20.021,357082,507,0.409,0.609,0.326,40.05,5000,88.11,1,93.57,0.038,2,0.562,0.0,70
2026-05-23T00:38:20.147,357187,529,0.426,0.635,0.405,40.05,5000,88.11,1,93.57,0.038,2,0.562,0.0,70
2026-05-23T00:38:20.270,357291,579,0.467,0.695,0.585,40.05,5000,88.11,1,93.57,0.038,2,0.562,0.0,70
2026-05-23T00:38:20.333,357395,940,0.758,1.128,1.885,40.05,5000,88.11,1,93.57,0.038,2,0.562,0.0,70
2026-05-23T00:38:20.457,357500,1078,0.869,1.294,2.382,40.05,5000,88.11,1,93.57,0.038,2,0.562,0.0,70
2026-05-23T00:38:20.581,357605,847,0.683,1.017,1.55,40.05,5000,88.11,1,93.57,0.038,2,0.562,0.0,70
2026-05-23T00:38:20.643,357710,501,0.404,0.601,0.304,40.05,5000,88.11,1,93.57,0.038,2,0.562,0.0,70
2026-05-23T00:38:20.769,357814,649,0.523,0.779,0.837,40.05,5000,88.11,1,93.57,0.038,2,0.562,0.0,70
2026-05-23T00:38:20.893,357918,1002,0.807,1.203,2.108,40.05,5000,88.11,1,93.57,0.038,2,0.562,0.0,70
2026-05-23T00:38:20.955,358023,1062,0.856,1.275,2.324,40.05,5000,88.11,1,93.57,0.038,2,0.562,0.0,70
2026-05-23T00:38:21.079,358124,1022,0.824,1.227,2.18,40.05,5000,88.11,1,93.69,0.038,2,0.561,0.0,70
2026-05-23T00:38:21.203,358229,729,0.587,0.875,1.125,40.05,5000,88.11,1,93.69,0.038,2,0.561,0.0,70
2026-05-23T00:38:21.267,358333,498,0.401,0.598,0.293,40.05,5000,88.11,1,93.69,0.038,2,0.561,0.0,70
2026-05-23T00:38:21.390,358437,686,0.553,0.823,0.97,40.05,5000,88.11,1,93.69,0.038,2,0.561,0.0,70
2026-05-23T00:38:21.501,358541,1012,0.816,1.215,2.144,40.05,5000,88.11,1,93.69,0.038,2,0.561,0.0,70
2026-05-23T00:38:21.560,358646,1049,0.845,1.259,2.277,40.05,5000,88.11,1,93.69,0.038,2,0.561,0.0,70
2026-05-23T00:38:21.687,358751,741,0.597,0.889,1.168,40.05,5000,88.11,1,93.69,0.038,2,0.561,0.0,70
2026-05-23T00:38:21.812,358855,496,0.4,0.595,0.286,40.05,5000,88.11,1,93.69,0.038,2,0.561,0.0,70
2026-05-23T00:38:21.874,358959,672,0.542,0.807,0.92,40.05,5000,88.11,1,93.69,0.038,2,0.561,0.0,70
2026-05-23T00:38:22.060,359097,843,0.679,1.012,1.536,40.05,5000,88.11,1,93.71,0.038,2,0.561,0.0,70
2026-05-23T00:38:22.124,359202,873,0.704,1.048,1.644,40.05,5000,88.11,1,93.71,0.038,2,0.561,0.0,70
2026-05-23T00:38:22.249,359307,1083,0.873,1.3,2.4,40.05,5000,88.11,1,93.71,0.038,2,0.561,0.0,70
2026-05-23T00:38:22.373,359412,887,0.715,1.065,1.694,40.05,5000,88.11,1,93.71,0.038,2,0.561,0.0,70
2026-05-23T00:38:22.434,359517,522,0.421,0.627,0.38,40.05,5000,88.11,1,93.71,0.038,2,0.561,0.0,70
2026-05-23T00:38:22.558,359621,590,0.475,0.708,0.625,40.05,5000,88.11,1,93.71,0.038,2,0.561,0.0,70
2026-05-23T00:38:22.683,359725,960,0.774,1.152,1.957,40.05,5000,88.11,1,93.71,0.038,2,0.561,0.0,70
2026-05-23T00:38:22.745,359830,1076,0.867,1.292,2.375,40.05,5000,88.11,1,93.71,0.038,2,0.561,0.0,70
2026-05-23T00:38:22.870,359935,827,0.666,0.993,1.478,40.05,5000,88.11,1,93.71,0.038,2,0.561,0.0,70
2026-05-23T00:38:22.996,360039,536,0.432,0.643,0.43,40.05,5000,88.11,1,93.71,0.038,2,0.561,0.0,70
2026-05-23T00:38:23.056,360140,480,0.387,0.576,0.228,40.05,5000,88.11,1,93.64,0.038,2,0.562,0.0,70
2026-05-23T00:38:23.182,360244,623,0.502,0.748,0.743,40.05,5000,88.11,1,93.64,0.038,2,0.562,0.0,70
2026-05-23T00:38:23.306,360348,984,0.793,1.181,2.043,40.05,5000,88.11,1,93.64,0.038,2,0.562,0.0,70
2026-05-23T00:38:23.368,360453,1065,0.858,1.278,2.335,40.05,5000,88.11,1,93.64,0.038,2,0.562,0.0,70
2026-05-23T00:38:23.493,360558,803,0.647,0.964,1.392,40.05,5000,88.11,1,93.64,0.038,2,0.562,0.0,70
2026-05-23T00:38:23.617,360662,511,0.412,0.613,0.34,40.05,5000,88.11,1,93.64,0.038,2,0.562,0.0,70
2026-05-23T00:38:23.679,360766,605,0.488,0.726,0.679,40.05,5000,88.11,1,93.64,0.038,2,0.562,0.0,70
2026-05-23T00:38:23.804,360870,972,0.783,1.167,2.0,40.05,5000,88.11,1,93.64,0.038,2,0.562,0.0,70
2026-05-23T00:38:23.929,360975,1075,0.866,1.29,2.371,40.05,5000,88.11,1,93.64,0.038,2,0.562,0.0,70
2026-05-23T00:38:24.053,361111,966,0.778,1.16,1.979,40.05,5000,88.11,1,93.62,0.038,2,0.562,0.0,70
2026-05-23T00:38:24.178,361216,1084,0.874,1.301,2.403,40.05,5000,88.11,1,93.62,0.038,2,0.562,0.0,70
2026-05-23T00:38:24.241,361321,812,0.654,0.975,1.424,40.05,5000,88.11,1,93.62,0.038,2,0.562,0.0,70
2026-05-23T00:38:24.367,361425,504,0.406,0.605,0.315,40.05,5000,88.11,1,93.62,0.038,2,0.562,0.0,70
2026-05-23T00:38:24.490,361529,586,0.472,0.703,0.61,40.05,5000,88.11,1,93.62,0.038,2,0.562,0.0,70
2026-05-23T00:38:24.551,361633,961,0.774,1.154,1.961,40.05,5000,88.11,1,93.62,0.038,2,0.562,0.0,70
2026-05-23T00:38:24.676,361738,1085,0.874,1.302,2.407,40.05,5000,88.11,1,93.62,0.038,2,0.562,0.0,70
2026-05-23T00:38:24.801,361843,831,0.67,0.997,1.492,40.05,5000,88.11,1,93.62,0.038,2,0.562,0.0,70
2026-05-23T00:38:24.864,361947,532,0.429,0.639,0.416,40.05,5000,88.11,1,93.62,0.038,2,0.562,0.0,70
2026-05-23T00:38:24.988,362051,583,0.47,0.7,0.599,40.05,5000,88.11,1,93.62,0.038,2,0.562,0.0,70
2026-05-23T00:38:25.114,362160,1071,0.863,1.286,2.357,40.05,5000,88.11,1,93.64,0.038,2,0.562,0.0,70
2026-05-23T00:38:25.174,362265,815,0.657,0.978,1.435,40.05,5000,88.11,1,93.64,0.038,2,0.562,0.0,70
2026-05-23T00:38:25.298,362369,522,0.421,0.627,0.38,40.05,5000,88.11,1,93.64,0.038,2,0.562,0.0,70
2026-05-23T00:38:25.422,362473,594,0.479,0.713,0.639,40.05,5000,88.11,1,93.64,0.038,2,0.562,0.0,70
2026-05-23T00:38:25.484,362577,965,0.778,1.158,1.975,40.05,5000,88.11,1,93.64,0.038,2,0.562,0.0,70
2026-05-23T00:38:25.607,362682,1091,0.879,1.31,2.429,40.05,5000,88.11,1,93.64,0.038,2,0.562,0.0,70
2026-05-23T00:38:25.733,362787,831,0.67,0.997,1.492,40.05,5000,88.11,1,93.64,0.038,2,0.562,0.0,70
2026-05-23T00:38:25.796,362891,528,0.425,0.634,0.401,40.05,5000,88.11,1,93.64,0.038,2,0.562,0.0,70
2026-05-23T00:38:25.921,362995,586,0.472,0.703,0.61,40.05,5000,88.11,1,93.64,0.038,2,0.562,0.0,70
2026-05-23T00:38:26.045,363131,744,0.6,0.893,1.179,40.05,5000,88.11,1,93.69,0.038,2,0.561,0.0,70
2026-05-23T00:38:26.168,363236,578,0.466,0.694,0.581,40.05,5000,88.11,1,93.69,0.038,2,0.561,0.0,70
2026-05-23T00:38:26.295,363340,947,0.763,1.137,1.91,40.05,5000,88.11,1,93.69,0.038,2,0.561,0.0,70
2026-05-23T00:38:26.356,363445,1083,0.873,1.3,2.4,40.05,5000,88.11,1,93.69,0.038,2,0.561,0.0,70
2026-05-23T00:38:26.479,363550,835,0.673,1.002,1.507,40.05,5000,88.11,1,93.69,0.038,2,0.561,0.0,70
2026-05-23T00:38:26.604,363655,488,0.393,0.586,0.257,40.05,5000,88.11,1,93.69,0.038,2,0.561,0.0,70
2026-05-23T00:38:26.666,363759,651,0.525,0.781,0.844,40.05,5000,88.11,1,93.69,0.038,2,0.561,0.0,70
2026-05-23T00:38:26.789,363863,1002,0.807,1.203,2.108,40.05,5000,88.11,1,93.69,0.038,2,0.561,0.0,70
2026-05-23T00:38:26.914,363968,1068,0.861,1.282,2.346,40.05,5000,88.11,1,93.69,0.038,2,0.561,0.0,70
2026-05-23T00:38:26.979,364073,770,0.621,0.924,1.273,40.05,5000,88.11,1,93.69,0.038,2,0.561,0.0,70
2026-05-23T00:38:27.099,364179,539,0.434,0.647,0.441,40.05,5000,88.11,1,93.58,0.038,2,0.562,0.0,70
2026-05-23T00:38:27.224,364283,851,0.686,1.021,1.564,40.05,5000,88.11,1,93.58,0.038,2,0.562,0.0,70
2026-05-23T00:38:27.288,364388,1091,0.879,1.31,2.429,40.05,5000,88.11,1,93.58,0.038,2,0.562,0.0,70
2026-05-23T00:38:27.412,364493,914,0.737,1.097,1.791,40.05,5000,88.11,1,93.58,0.038,2,0.562,0.0,70
2026-05-23T00:38:27.536,364598,530,0.427,0.636,0.409,40.05,5000,88.11,1,93.58,0.038,2,0.562,0.0,70
2026-05-23T00:38:27.599,364702,571,0.46,0.685,0.556,40.05,5000,88.11,1,93.58,0.038,2,0.562,0.0,70
2026-05-23T00:38:27.724,364806,935,0.753,1.122,1.867,40.05,5000,88.11,1,93.58,0.038,2,0.562,0.0,70
2026-05-23T00:38:27.847,364911,1085,0.874,1.302,2.407,40.05,5000,88.11,1,93.58,0.038,2,0.562,0.0,70
2026-05-23T00:38:27.912,365016,850,0.685,1.02,1.561,40.05,5000,88.11,1,93.58,0.038,2,0.562,0.0,70
2026-05-23T00:38:28.098,365151,599,0.483,0.719,0.657,40.05,5000,88.11,1,93.61,0.038,2,0.562,0.0,70
2026-05-23T00:38:28.160,365255,996,0.803,1.196,2.087,40.05,5000,88.11,1,93.61,0.038,2,0.562,0.0,70
2026-05-23T00:38:28.285,365360,598,0.482,0.718,0.653,40.05,5000,88.11,1,93.61,0.038,2,0.562,0.0,70
2026-05-23T00:38:28.410,365464,532,0.429,0.639,0.416,40.05,5000,88.11,1,93.61,0.038,2,0.562,0.0,70
2026-05-23T00:38:28.471,365568,816,0.658,0.979,1.438,40.05,5000,88.11,1,93.61,0.038,2,0.562,0.0,70
2026-05-23T00:38:28.596,365672,1071,0.863,1.286,2.357,40.05,5000,88.11,1,93.61,0.038,2,0.562,0.0,70
2026-05-23T00:38:28.722,365777,1018,0.82,1.222,2.166,40.05,5000,88.11,1,93.61,0.038,2,0.562,0.0,70
2026-05-23T00:38:28.781,365882,623,0.502,0.748,0.743,40.05,5000,88.11,1,93.61,0.038,2,0.562,0.0,70
2026-05-23T00:38:28.905,365986,522,0.421,0.627,0.38,40.05,5000,88.11,1,93.61,0.038,2,0.562,0.0,70
2026-05-23T00:38:29.028,366090,806,0.65,0.967,1.402,40.05,5000,88.11,1,93.61,0.038,2,0.562,0.0,70
2026-05-23T00:38:29.092,366199,993,0.8,1.192,2.076,40.05,5000,88.11,1,93.72,0.038,2,0.561,0.0,70
2026-05-23T00:38:29.215,366304,600,0.484,0.72,0.661,40.05,5000,88.11,1,93.72,0.038,2,0.561,0.0,70
2026-05-23T00:38:29.343,366408,539,0.434,0.647,0.441,40.05,5000,88.11,1,93.72,0.038,2,0.561,0.0,70
2026-05-23T00:38:29.402,366512,831,0.67,0.997,1.492,40.05,5000,88.11,1,93.72,0.038,2,0.561,0.0,70
2026-05-23T00:38:29.528,366616,1077,0.868,1.293,2.378,40.05,5000,88.11,1,93.72,0.038,2,0.561,0.0,70
2026-05-23T00:38:29.653,366721,1008,0.812,1.21,2.13,40.05,5000,88.11,1,93.72,0.038,2,0.561,0.0,70
2026-05-23T00:38:29.712,366826,603,0.486,0.724,0.671,40.05,5000,88.11,1,93.72,0.038,2,0.561,0.0,70
2026-05-23T00:38:29.836,366930,538,0.434,0.646,0.437,40.05,5000,88.11,1,93.72,0.038,2,0.561,0.0,70
2026-05-23T00:38:29.961,367034,816,0.658,0.979,1.438,40.05,5000,88.11,1,93.72,0.038,2,0.561,0.0,70
2026-05-23T00:38:30.086,367170,981,0.791,1.178,2.033,40.05,5000,88.11,1,93.56,0.038,2,0.562,0.0,70
2026-05-23T00:38:30.211,367275,819,0.66,0.983,1.449,40.05,5000,88.11,1,93.56,0.038,2,0.562,0.0,70
2026-05-23T00:38:30.275,367379,1074,0.865,1.289,2.367,40.05,5000,88.11,1,93.56,0.038,2,0.562,0.0,70
2026-05-23T00:38:30.396,367484,1021,0.823,1.226,2.177,40.05,5000,88.11,1,93.56,0.038,2,0.562,0.0,70
2026-05-23T00:38:30.519,367589,625,0.504,0.75,0.751,40.05,5000,88.11,1,93.56,0.038,2,0.562,0.0,70
2026-05-23T00:38:30.581,367693,522,0.421,0.627,0.38,40.05,5000,88.11,1,93.56,0.038,2,0.562,0.0,70
2026-05-23T00:38:30.708,367797,795,0.641,0.954,1.363,40.05,5000,88.11,1,93.56,0.038,2,0.562,0.0,70
2026-05-23T00:38:30.830,367901,1064,0.857,1.277,2.331,40.05,5000,88.11,1,93.56,0.038,2,0.562,0.0,70
2026-05-23T00:38:30.893,368006,1019,0.821,1.223,2.169,40.05,5000,88.11,1,93.56,0.038,2,0.562,0.0,70
2026-05-23T00:38:31.017,368111,632,0.509,0.759,0.776,40.05,5000,88.11,1,93.56,0.038,2,0.562,0.0,70
2026-05-23T00:38:31.142,368218,704,0.567,0.845,1.035,40.05,5000,88.11,1,93.69,0.038,2,0.561,0.0,70
2026-05-23T00:38:31.204,368322,1036,0.835,1.244,2.231,40.05,5000,88.11,1,93.69,0.038,2,0.561,0.0,70
2026-05-23T00:38:31.327,368427,1051,0.847,1.262,2.285,40.05,5000,88.11,1,93.69,0.038,2,0.561,0.0,70
2026-05-23T00:38:31.452,368532,724,0.583,0.869,1.107,40.05,5000,88.11,1,93.69,0.038,2,0.561,0.0,70
2026-05-23T00:38:31.575,368636,493,0.397,0.592,0.275,40.05,5000,88.11,1,93.69,0.038,2,0.561,0.0,70
2026-05-23T00:38:31.637,368740,700,0.564,0.84,1.021,40.05,5000,88.11,1,93.69,0.038,2,0.561,0.0,70
2026-05-23T00:38:31.760,368844,1036,0.835,1.244,2.231,40.05,5000,88.11,1,93.69,0.038,2,0.561,0.0,70
2026-05-23T00:38:31.883,368949,1047,0.844,1.257,2.27,40.05,5000,88.11,1,93.69,0.038,2,0.561,0.0,70
2026-05-23T00:38:31.945,369054,729,0.587,0.875,1.125,40.05,5000,88.11,1,93.69,0.038,2,0.561,0.0,70
2026-05-23T00:38:32.071,369190,563,0.454,0.676,0.527,40.05,5000,88.11,1,93.66,0.038,2,0.561,0.0,70
2026-05-23T00:38:32.196,369294,816,0.658,0.979,1.438,40.05,5000,88.11,1,93.66,0.038,2,0.561,0.0,70
2026-05-23T00:38:32.319,369398,519,0.418,0.623,0.369,40.05,5000,88.11,1,93.66,0.038,2,0.561,0.0,70
2026-05-23T00:38:32.381,369502,588,0.474,0.706,0.617,40.05,5000,88.11,1,93.66,0.038,2,0.561,0.0,70
2026-05-23T00:38:32.507,369606,957,0.771,1.149,1.946,40.05,5000,88.11,1,93.66,0.038,2,0.561,0.0,70
2026-05-23T00:38:32.629,369711,1081,0.871,1.298,2.393,40.05,5000,88.11,1,93.66,0.038,2,0.561,0.0,70
2026-05-23T00:38:32.691,369816,829,0.668,0.995,1.485,40.05,5000,88.11,1,93.66,0.038,2,0.561,0.0,70
2026-05-23T00:38:32.816,369920,523,0.421,0.628,0.383,40.05,5000,88.11,1,93.66,0.038,2,0.561,0.0,70
2026-05-23T00:38:32.943,370024,576,0.464,0.691,0.574,40.05,5000,88.11,1,93.66,0.038,2,0.561,0.0,70
2026-05-23T00:38:33.005,370128,948,0.764,1.138,1.914,40.05,5000,88.11,1,93.66,0.038,2,0.561,0.0,70
2026-05-23T00:38:33.127,370238,799,0.644,0.959,1.377,40.05,5000,88.11,1,93.53,0.038,2,0.562,0.0,70
2026-05-23T00:38:33.253,370342,511,0.412,0.613,0.34,40.05,5000,88.11,1,93.53,0.038,2,0.562,0.0,70
2026-05-23T00:38:33.379,370446,595,0.479,0.714,0.643,40.05,5000,88.11,1,93.53,0.038,2,0.562,0.0,70
2026-05-23T00:38:33.440,370550,966,0.778,1.16,1.979,40.05,5000,88.11,1,93.53,0.038,2,0.562,0.0,70
2026-05-23T00:38:33.566,370655,1077,0.868,1.293,2.378,40.05,5000,88.11,1,93.53,0.038,2,0.562,0.0,70
2026-05-23T00:38:33.690,370760,818,0.659,0.982,1.446,40.05,5000,88.11,1,93.53,0.038,2,0.562,0.0,70
2026-05-23T00:38:33.753,370864,506,0.408,0.607,0.322,40.05,5000,88.11,1,93.53,0.038,2,0.562,0.0,70
2026-05-23T00:38:33.875,370968,583,0.47,0.7,0.599,40.05,5000,88.11,1,93.53,0.038,2,0.562,0.0,70
2026-05-23T00:38:33.999,371072,961,0.774,1.154,1.961,40.05,5000,88.11,1,93.53,0.038,2,0.562,0.0,70
2026-05-23T00:38:34.121,371209,1081,0.871,1.298,2.393,40.05,5000,88.11,1,93.67,0.038,2,0.561,0.0,70
2026-05-23T00:38:34.183,371314,1013,0.816,1.216,2.148,40.05,5000,88.11,1,93.67,0.038,2,0.561,0.0,70
2026-05-23T00:38:34.308,371419,1051,0.847,1.262,2.285,40.05,5000,88.11,1,93.67,0.038,2,0.561,0.0,70
2026-05-23T00:38:34.433,371524,736,0.593,0.883,1.15,40.05,5000,88.11,1,93.67,0.038,2,0.561,0.0,70
2026-05-23T00:38:34.556,371628,496,0.4,0.595,0.286,40.05,5000,88.11,1,93.67,0.038,2,0.561,0.0,70
2026-05-23T00:38:34.619,371732,673,0.542,0.808,0.923,40.05,5000,88.11,1,93.67,0.038,2,0.561,0.0,70
2026-05-23T00:38:34.744,371836,1007,0.812,1.209,2.126,40.05,5000,88.11,1,93.67,0.038,2,0.561,0.0,70
2026-05-23T00:38:34.854,371941,1046,0.843,1.256,2.267,40.05,5000,88.11,1,93.67,0.038,2,0.561,0.0,70
2026-05-23T00:38:34.957,372046,745,0.6,0.894,1.183,40.05,5000,88.11,1,93.67,0.038,2,0.561,0.0,70
2026-05-23T00:38:35.062,372150,499,0.402,0.599,0.297,40.05,5000,88.11,1,93.67,0.038,2,0.561,0.0,70
2026-05-23T00:38:35.179,372257,944,0.761,1.133,1.899,40.05,5000,88.11,1,93.73,0.038,2,0.561,0.0,70
2026-05-23T00:38:35.242,372362,1065,0.858,1.278,2.335,40.05,5000,88.11,1,93.73,0.038,2,0.561,0.0,70
2026-05-23T00:38:35.351,372467,813,0.655,0.976,1.428,40.05,5000,88.11,1,93.73,0.038,2,0.561,0.0,70
2026-05-23T00:38:35.456,372571,528,0.425,0.634,0.401,40.05,5000,88.11,1,93.73,0.038,2,0.561,0.0,70
2026-05-23T00:38:35.571,372675,589,0.475,0.707,0.621,40.05,5000,88.11,1,93.73,0.038,2,0.561,0.0,70
2026-05-23T00:38:35.693,372779,953,0.768,1.144,1.932,40.05,5000,88.11,1,93.73,0.038,2,0.561,0.0,70
2026-05-23T00:38:35.756,372884,1070,0.862,1.284,2.353,40.05,5000,88.11,1,93.73,0.038,2,0.561,0.0,70
2026-05-23T00:38:35.883,372989,822,0.662,0.987,1.46,40.05,5000,88.11,1,93.73,0.038,2,0.561,0.0,70
2026-05-23T00:38:36.008,373093,528,0.425,0.634,0.401,40.05,5000,88.11,1,93.73,0.038,2,0.561,0.0,70
2026-05-23T00:38:36.131,373228,504,0.406,0.605,0.315,40.05,5000,88.11,1,93.64,0.038,2,0.562,0.0,70
2026-05-23T00:38:36.255,373333,587,0.473,0.705,0.614,40.05,5000,88.11,1,93.64,0.038,2,0.562,0.0,70
2026-05-23T00:38:36.318,373437,544,0.438,0.653,0.459,40.05,5000,88.11,1,93.64,0.038,2,0.562,0.0,70
2026-05-23T00:38:36.427,373541,839,0.676,1.007,1.521,40.05,5000,88.11,1,93.64,0.038,2,0.562,0.0,70
2026-05-23T00:38:36.537,373646,1077,0.868,1.293,2.378,40.05,5000,88.11,1,93.64,0.038,2,0.562,0.0,70
2026-05-23T00:38:36.645,373751,907,0.731,1.089,1.766,40.05,5000,88.11,1,93.64,0.038,2,0.562,0.0,70
2026-05-23T00:38:36.754,373856,531,0.428,0.637,0.412,40.05,5000,88.11,1,93.64,0.038,2,0.562,0.0,70
2026-05-23T00:38:36.865,373960,582,0.469,0.699,0.596,40.05,5000,88.11,1,93.64,0.038,2,0.562,0.0,70
2026-05-23T00:38:36.974,374064,941,0.758,1.13,1.889,40.05,5000,88.11,1,93.64,0.038,2,0.562,0.0,70
2026-05-23T00:38:37.028,374169,1070,0.862,1.284,2.353,40.05,5000,88.11,1,93.64,0.038,2,0.562,0.0,70
2026-05-23T00:38:37.139,374276,616,0.496,0.739,0.718,40.05,5000,88.11,1,93.57,0.038,2,0.562,0.0,70
2026-05-23T00:38:37.250,374380,525,0.423,0.63,0.391,40.05,5000,88.11,1,93.57,0.038,2,0.562,0.0,70
2026-05-23T00:38:37.376,374484,766,0.617,0.919,1.258,40.05,5000,88.11,1,93.57,0.038,2,0.562,0.0,70
2026-05-23T00:38:37.497,374588,1039,0.837,1.247,2.241,40.05,5000,88.11,1,93.57,0.038,2,0.562,0.0,70
2026-05-23T00:38:37.563,374693,1012,0.816,1.215,2.144,40.05,5000,88.11,1,93.57,0.038,2,0.562,0.0,70
2026-05-23T00:38:37.687,374798,658,0.53,0.79,0.869,40.05,5000,88.11,1,93.57,0.038,2,0.562,0.0,70
2026-05-23T00:38:37.801,374902,511,0.412,0.613,0.34,40.05,5000,88.11,1,93.57,0.038,2,0.562,0.0,70
2026-05-23T00:38:37.862,375006,753,0.607,0.904,1.212,40.05,5000,88.11,1,93.57,0.038,2,0.562,0.0,70
2026-05-23T00:38:37.987,375110,1036,0.835,1.244,2.231,40.05,5000,88.11,1,93.57,0.038,2,0.562,0.0,70
2026-05-23T00:38:38.110,375248,1071,0.863,1.286,2.357,40.05,5000,88.11,1,93.65,0.038,2,0.562,0.0,70
2026-05-23T00:38:38.221,375353,1075,0.866,1.29,2.371,40.05,5000,88.11,1,93.65,0.038,2,0.562,0.0,70
2026-05-23T00:38:38.346,375458,891,0.718,1.069,1.708,40.05,5000,88.11,1,93.65,0.038,2,0.562,0.0,70
2026-05-23T00:38:38.415,375563,527,0.425,0.633,0.398,40.05,5000,88.11,1,93.65,0.038,2,0.562,0.0,70
2026-05-23T00:38:38.577,375667,585,0.471,0.702,0.607,40.05,5000,88.11,1,93.65,0.038,2,0.562,0.0,70
2026-05-23T00:38:38.627,375771,940,0.758,1.128,1.885,40.05,5000,88.11,1,93.65,0.038,2,0.562,0.0,70
2026-05-23T00:38:38.728,375876,1062,0.856,1.275,2.324,40.05,5000,88.11,1,93.65,0.038,2,0.562,0.0,70
2026-05-23T00:38:38.879,375981,826,0.666,0.991,1.474,40.05,5000,88.11,1,93.65,0.038,2,0.562,0.0,70
2026-05-23T00:38:38.982,376085,530,0.427,0.636,0.409,40.05,5000,88.11,1,93.65,0.038,2,0.562,0.0,70
2026-05-23T00:38:39.083,376189,580,0.467,0.696,0.589,40.05,5000,88.11,1,93.65,0.038,2,0.562,0.0,70
2026-05-23T00:38:39.185,376295,1010,0.814,1.212,2.137,40.05,5000,88.11,1,93.63,0.038,2,0.562,0.0,70
2026-05-23T00:38:39.286,376400,1012,0.816,1.215,2.144,40.05,5000,88.11,1,93.63,0.038,2,0.562,0.0,70
2026-05-23T00:38:39.402,376505,641,0.517,0.769,0.808,40.05,5000,88.11,1,93.63,0.038,2,0.562,0.0,70
2026-05-23T00:38:39.508,376609,521,0.42,0.625,0.376,40.05,5000,88.11,1,93.63,0.038,2,0.562,0.0,70
2026-05-23T00:38:39.615,376713,757,0.61,0.909,1.226,40.05,5000,88.11,1,93.63,0.038,2,0.562,0.0,70
2026-05-23T00:38:39.683,376817,1034,0.833,1.241,2.223,40.05,5000,88.11,1,93.63,0.038,2,0.562,0.0,70
2026-05-23T00:38:39.795,376922,1014,0.817,1.217,2.151,40.05,5000,88.11,1,93.63,0.038,2,0.562,0.0,70
2026-05-23T00:38:39.916,377027,668,0.538,0.802,0.905,40.05,5000,88.11,1,93.63,0.038,2,0.562,0.0,70
2026-05-23T00:38:39.978,377131,506,0.408,0.607,0.322,40.05,5000,88.11,1,93.63,0.038,2,0.562,0.0,70
2026-05-23T00:38:40.150,377267,576,0.464,0.691,0.574,40.05,5000,88.11,1,93.63,0.038,2,0.562,0.0,70
2026-05-23T00:38:40.259,377372,513,0.413,0.616,0.347,40.05,5000,88.11,1,93.63,0.038,2,0.562,0.0,70
2026-05-23T00:38:40.322,377476,745,0.6,0.894,1.183,40.05,5000,88.11,1,93.63,0.038,2,0.562,0.0,70
2026-05-23T00:38:40.447,377580,1023,0.824,1.228,2.184,40.05,5000,88.11,1,93.63,0.038,2,0.562,0.0,70
2026-05-23T00:38:40.571,377685,1021,0.823,1.226,2.177,40.05,5000,88.11,1,93.63,0.038,2,0.562,0.0,70
2026-05-23T00:38:40.634,377790,676,0.545,0.811,0.934,40.05,5000,88.11,1,93.63,0.038,2,0.562,0.0,70
2026-05-23T00:38:40.753,377894,506,0.408,0.607,0.322,40.05,5000,88.11,1,93.63,0.038,2,0.562,0.0,70
2026-05-23T00:38:40.870,377998,734,0.592,0.881,1.143,40.05,5000,88.11,1,93.63,0.038,2,0.562,0.0,70
2026-05-23T00:38:40.977,378102,1018,0.82,1.222,2.166,40.05,5000,88.11,1,93.63,0.038,2,0.562,0.0,70
2026-05-23T00:38:41.102,378207,1030,0.83,1.236,2.209,40.05,5000,88.11,1,93.63,0.038,2,0.562,0.0,70
2026-05-23T00:38:41.164,378315,479,0.386,0.575,0.225,40.05,5000,88.11,1,93.72,0.038,2,0.561,0.0,70
2026-05-23T00:38:41.282,378419,659,0.531,0.791,0.873,40.05,5000,88.11,1,93.72,0.038,2,0.561,0.0,70
2026-05-23T00:38:41.392,378523,996,0.803,1.196,2.087,40.05,5000,88.11,1,93.72,0.038,2,0.561,0.0,70
2026-05-23T00:38:41.506,378628,1047,0.844,1.257,2.27,40.05,5000,88.11,1,93.72,0.038,2,0.561,0.0,70
2026-05-23T00:38:41.615,378733,755,0.608,0.906,1.219,40.05,5000,88.11,1,93.72,0.038,2,0.561,0.0,70
2026-05-23T00:38:41.740,378837,498,0.401,0.598,0.293,40.05,5000,88.11,1,93.72,0.038,2,0.561,0.0,70
2026-05-23T00:38:41.801,378941,656,0.529,0.787,0.862,40.05,5000,88.11,1,93.72,0.038,2,0.561,0.0,70
2026-05-23T00:38:41.927,379045,994,0.801,1.193,2.079,40.05,5000,88.11,1,93.72,0.038,2,0.561,0.0,70
2026-05-23T00:38:42.050,379150,1045,0.842,1.254,2.263,40.05,5000,88.11,1,93.72,0.038,2,0.561,0.0,70
2026-05-23T00:38:42.175,379286,922,0.743,1.107,1.82,40.05,5000,88.11,1,93.71,0.038,2,0.561,0.0,70
2026-05-23T00:38:42.237,379391,1052,0.848,1.263,2.288,40.05,5000,88.11,1,93.71,0.038,2,0.561,0.0,70
2026-05-23T00:38:42.360,379496,761,0.613,0.913,1.24,40.05,5000,88.11,1,93.71,0.038,2,0.561,0.0,70
2026-05-23T00:38:42.485,379600,502,0.405,0.603,0.308,40.05,5000,88.11,1,93.71,0.038,2,0.561,0.0,70
2026-05-23T00:38:42.595,379704,637,0.513,0.765,0.794,40.05,5000,88.11,1,93.71,0.038,2,0.561,0.0,70
2026-05-23T00:38:42.655,379808,990,0.798,1.188,2.065,40.05,5000,88.11,1,93.71,0.038,2,0.561,0.0,70
2026-05-23T00:38:42.782,379913,1050,0.846,1.26,2.281,40.05,5000,88.11,1,93.71,0.038,2,0.561,0.0,70
2026-05-23T00:38:42.901,380018,771,0.621,0.925,1.276,40.05,5000,88.11,1,93.71,0.038,2,0.561,0.0,70
2026-05-23T00:38:42.968,380122,498,0.401,0.598,0.293,40.05,5000,88.11,1,93.71,0.038,2,0.561,0.0,70
2026-05-23T00:38:43.080,380226,622,0.501,0.747,0.74,40.05,5000,88.11,1,93.71,0.038,2,0.561,0.0,70
2026-05-23T00:38:43.202,380335,1038,0.836,1.246,2.238,40.05,5000,88.11,1,93.56,0.038,2,0.562,0.0,70
2026-05-23T00:38:43.327,380440,748,0.603,0.898,1.194,40.05,5000,88.11,1,93.56,0.038,2,0.562,0.0,70
2026-05-23T00:38:43.379,380544,498,0.401,0.598,0.293,40.05,5000,88.11,1,93.56,0.038,2,0.562,0.0,70
2026-05-23T00:38:43.496,380648,658,0.53,0.79,0.869,40.05,5000,88.11,1,93.56,0.038,2,0.562,0.0,70
2026-05-23T00:38:43.622,380752,993,0.8,1.192,2.076,40.05,5000,88.11,1,93.56,0.038,2,0.562,0.0,70
2026-05-23T00:38:43.746,380857,1055,0.85,1.266,2.299,40.05,5000,88.11,1,93.56,0.038,2,0.562,0.0,70
2026-05-23T00:38:43.807,380962,758,0.611,0.91,1.23,40.05,5000,88.11,1,93.56,0.038,2,0.562,0.0,70
2026-05-23T00:38:43.932,381066,499,0.402,0.599,0.297,40.05,5000,88.11,1,93.56,0.038,2,0.562,0.0,70
2026-05-23T00:38:44.057,381170,641,0.517,0.769,0.808,40.05,5000,88.11,1,93.56,0.038,2,0.562,0.0,70
2026-05-23T00:38:44.181,381311,819,0.66,0.983,1.449,40.05,5000,88.11,1,93.7,0.038,2,0.561,0.0,70
2026-05-23T00:38:44.306,381416,1045,0.842,1.254,2.263,40.05,5000,88.11,1,93.7,0.038,2,0.561,0.0,70
2026-05-23T00:38:44.367,381521,1005,0.81,1.206,2.119,40.05,5000,88.11,1,93.7,0.038,2,0.561,0.0,70
2026-05-23T00:38:44.493,381626,634,0.511,0.761,0.783,40.05,5000,88.11,1,93.7,0.038,2,0.561,0.0,70
2026-05-23T00:38:44.615,381730,520,0.419,0.624,0.373,40.05,5000,88.11,1,93.7,0.038,2,0.561,0.0,70
2026-05-23T00:38:44.677,381834,778,0.627,0.934,1.302,40.05,5000,88.11,1,93.7,0.038,2,0.561,0.0,70
2026-05-23T00:38:44.801,381938,1039,0.837,1.247,2.241,40.05,5000,88.11,1,93.7,0.038,2,0.561,0.0,70
2026-05-23T00:38:44.929,382043,1008,0.812,1.21,2.13,40.05,5000,88.11,1,93.7,0.038,2,0.561,0.0,70
2026-05-23T00:38:44.990,382148,648,0.522,0.778,0.833,40.05,5000,88.11,1,93.7,0.038,2,0.561,0.0,70
2026-05-23T00:38:45.179,382311,523,0.421,0.628,0.383,40.05,5000,88.11,1,93.69,0.038,2,0.561,0.0,70
2026-05-23T00:38:45.303,382416,731,0.589,0.877,1.132,40.05,5000,88.11,1,93.69,0.038,2,0.561,0.0,70
2026-05-23T00:38:45.366,382520,1019,0.821,1.223,2.169,40.05,5000,88.11,1,93.69,0.038,2,0.561,0.0,70
2026-05-23T00:38:45.487,382625,1025,0.826,1.23,2.191,40.05,5000,88.11,1,93.69,0.038,2,0.561,0.0,70
2026-05-23T00:38:45.590,382730,694,0.559,0.833,0.999,40.05,5000,88.11,1,93.69,0.038,2,0.561,0.0,70
2026-05-23T00:38:45.691,382834,506,0.408,0.607,0.322,40.05,5000,88.11,1,93.69,0.038,2,0.561,0.0,70
2026-05-23T00:38:45.792,382938,722,0.582,0.867,1.1,40.05,5000,88.11,1,93.69,0.038,2,0.561,0.0,70
2026-05-23T00:38:45.894,383042,1020,0.822,1.224,2.173,40.05,5000,88.11,1,93.69,0.038,2,0.561,0.0,70
2026-05-23T00:38:45.996,383147,1038,0.836,1.246,2.238,40.05,5000,88.11,1,93.69,0.038,2,0.561,0.0,70
2026-05-23T00:38:46.162,383305,709,0.571,0.851,1.053,40.05,5000,88.11,1,93.6,0.038,2,0.562,0.0,70
2026-05-23T00:38:46.269,383410,924,0.745,1.109,1.827,40.05,5000,88.11,1,93.6,0.038,2,0.562,0.0,70
2026-05-23T00:38:46.396,383515,548,0.442,0.658,0.473,40.05,5000,88.11,1,93.6,0.038,2,0.562,0.0,70
2026-05-23T00:38:46.460,383619,629,0.507,0.755,0.765,29.99,5000,65.98,1,93.6,0.038,2,0.562,0.0,70
2026-05-23T00:38:46.581,383724,985,0.794,1.182,2.047,29.99,5000,65.98,1,93.6,0.038,2,0.562,0.0,70
2026-05-23T00:38:46.707,383829,1056,0.851,1.268,2.303,29.99,5000,65.98,1,93.6,0.038,2,0.562,0.0,70
2026-05-23T00:38:46.769,383934,778,0.627,0.934,1.302,29.99,5000,65.98,1,93.6,0.038,2,0.562,0.0,70
2026-05-23T00:38:46.895,384038,490,0.395,0.588,0.264,29.99,5000,65.98,1,93.6,0.038,2,0.562,0.0,70
2026-05-23T00:38:47.019,384142,613,0.494,0.736,0.707,29.99,5000,65.98,1,93.6,0.038,2,0.562,0.0,70
2026-05-23T00:38:47.080,384246,988,0.796,1.186,2.058,29.99,5000,65.98,1,93.6,0.038,2,0.562,0.0,70
2026-05-23T00:38:47.204,384353,964,0.777,1.157,1.971,29.99,5000,65.98,1,79.97,0.038,1,0.329,0.0,70
2026-05-23T00:38:47.330,384458,588,0.474,0.706,0.617,29.99,5000,65.98,1,79.97,0.038,1,0.329,0.0,70
2026-05-23T00:38:47.392,384562,520,0.419,0.624,0.373,29.99,5000,65.98,1,79.97,0.038,1,0.329,0.0,70
2026-05-23T00:38:47.517,384666,818,0.659,0.982,1.446,29.99,5000,65.98,1,79.97,0.038,1,0.329,0.0,70
2026-05-23T00:38:47.641,384770,1059,0.853,1.271,2.313,29.99,5000,65.98,1,79.97,0.038,1,0.329,0.0,70
2026-05-23T00:38:47.703,384875,997,0.803,1.197,2.09,29.99,5000,65.98,1,79.97,0.038,1,0.329,0.0,70
2026-05-23T00:38:47.826,384980,597,0.481,0.717,0.65,29.99,5000,65.98,1,79.97,0.038,1,0.329,0.0,70
2026-05-23T00:38:47.949,385084,518,0.417,0.622,0.365,29.99,5000,65.98,1,79.97,0.038,1,0.329,0.0,70
2026-05-23T00:38:48.010,385188,811,0.654,0.973,1.42,29.99,5000,65.98,1,79.97,0.038,1,0.329,0.0,70
2026-05-23T00:38:48.198,385325,976,0.787,1.172,2.015,29.99,5000,65.98,1,71.63,0.039,1,0.357,0.0,70
2026-05-23T00:38:48.260,385430,919,0.741,1.103,1.809,29.99,5000,65.98,1,71.63,0.039,1,0.357,0.0,70
2026-05-23T00:38:48.382,385535,1085,0.874,1.302,2.407,29.99,5000,65.98,1,71.63,0.039,1,0.357,0.0,70
2026-05-23T00:38:48.507,385640,859,0.692,1.031,1.593,29.99,5000,65.98,1,71.63,0.039,1,0.357,0.0,70
2026-05-23T00:38:48.572,385745,497,0.401,0.597,0.29,29.99,5000,65.98,1,71.63,0.039,1,0.357,0.0,70
2026-05-23T00:38:48.695,385849,624,0.503,0.749,0.747,29.99,5000,65.98,1,71.63,0.039,1,0.357,0.0,70
2026-05-23T00:38:48.821,385953,998,0.804,1.198,2.094,29.99,5000,65.98,1,71.63,0.039,1,0.357,0.0,70
2026-05-23T00:38:48.881,386058,1068,0.861,1.282,2.346,29.99,5000,65.98,1,71.63,0.039,1,0.357,0.0,70
2026-05-23T00:38:49.006,386163,780,0.629,0.936,1.309,29.99,5000,65.98,1,71.63,0.039,1,0.357,0.0,70
2026-05-23T00:38:49.133,386267,499,0.402,0.599,0.297,29.99,5000,65.98,1,71.63,0.039,1,0.357,0.0,70
2026-05-23T00:38:49.196,386373,819,0.66,0.983,1.449,29.99,5000,65.98,1,71.57,0.038,1,0.367,0.0,70
2026-05-23T00:38:49.317,386477,1063,0.857,1.276,2.328,29.99,5000,65.98,1,71.57,0.038,1,0.367,0.0,70
2026-05-23T00:38:49.442,386582,991,0.799,1.19,2.069,29.99,5000,65.98,1,71.57,0.038,1,0.367,0.0,70
2026-05-23T00:38:49.504,386687,594,0.479,0.713,0.639,29.99,5000,65.98,1,71.57,0.038,1,0.367,0.0,70
2026-05-23T00:38:49.627,386791,525,0.423,0.63,0.391,29.99,5000,65.98,1,71.57,0.038,1,0.367,0.0,70
2026-05-23T00:38:49.751,386895,822,0.662,0.987,1.46,29.99,5000,65.98,1,71.57,0.038,1,0.367,0.0,70
2026-05-23T00:38:49.874,386999,1066,0.859,1.28,2.339,29.99,5000,65.98,1,71.57,0.038,1,0.367,0.0,70
2026-05-23T00:38:49.937,387104,999,0.805,1.199,2.097,29.99,5000,65.98,1,71.57,0.038,1,0.367,0.0,70
2026-05-23T00:38:50.062,387209,597,0.481,0.717,0.65,29.99,5000,65.98,1,71.57,0.038,1,0.367,0.0,70
2026-05-23T00:38:50.189,387344,494,0.398,0.593,0.279,29.99,5000,65.98,1,71.56,0.039,1,0.358,0.0,70
2026-05-23T00:38:50.313,387449,697,0.562,0.837,1.01,29.99,5000,65.98,1,71.56,0.039,1,0.358,0.0,70
2026-05-23T00:38:50.376,387553,491,0.396,0.589,0.268,29.99,5000,65.98,1,71.56,0.039,1,0.358,0.0,70
2026-05-23T00:38:50.502,387657,709,0.571,0.851,1.053,29.99,5000,65.98,1,71.56,0.039,1,0.358,0.0,70
2026-05-23T00:38:50.625,387761,1015,0.818,1.218,2.155,29.99,5000,65.98,1,71.56,0.039,1,0.358,0.0,70
2026-05-23T00:38:50.688,387866,1037,0.836,1.245,2.234,29.99,5000,65.98,1,71.56,0.039,1,0.358,0.0,70
2026-05-23T00:38:50.811,387971,708,0.571,0.85,1.05,29.99,5000,65.98,1,71.56,0.039,1,0.358,0.0,70
2026-05-23T00:38:50.937,388075,489,0.394,0.587,0.261,29.99,5000,65.98,1,71.56,0.039,1,0.358,0.0,70
2026-05-23T00:38:50.998,388179,700,0.564,0.84,1.021,29.99,5000,65.98,1,71.56,0.039,1,0.358,0.0,70
2026-05-23T00:38:51.123,388283,1016,0.819,1.22,2.159,29.99,5000,65.98,1,71.56,0.039,1,0.358,0.0,70
2026-05-23T00:38:51.246,388392,734,0.592,0.881,1.143,29.99,5000,65.98,1,71.63,0.038,1,0.367,0.0,70
2026-05-23T00:38:51.308,388496,490,0.395,0.588,0.264,29.99,5000,65.98,1,71.63,0.038,1,0.367,0.0,70
2026-05-23T00:38:51.437,388600,634,0.511,0.761,0.783,29.99,5000,65.98,1,71.63,0.038,1,0.367,0.0,70
2026-05-23T00:38:51.560,388704,1002,0.807,1.203,2.108,29.99,5000,65.98,1,71.63,0.038,1,0.367,0.0,70
2026-05-23T00:38:51.622,388809,1060,0.854,1.272,2.317,29.99,5000,65.98,1,71.63,0.038,1,0.367,0.0,70
2026-05-23T00:38:51.746,388914,775,0.625,0.93,1.291,29.99,5000,65.98,1,71.63,0.038,1,0.367,0.0,70
2026-05-23T00:38:51.859,389018,499,0.402,0.599,0.297,29.99,5000,65.98,1,71.63,0.038,1,0.367,0.0,70
2026-05-23T00:38:51.959,389122,628,0.506,0.754,0.761,29.99,5000,65.98,1,71.63,0.038,1,0.367,0.0,70
2026-05-23T00:38:52.061,389226,990,0.798,1.188,2.065,29.99,5000,65.98,1,71.63,0.038,1,0.367,0.0,70
2026-05-23T00:38:52.215,389364,1075,0.866,1.29,2.371,29.99,5000,65.98,1,71.6,0.039,1,0.358,0.0,70
2026-05-23T00:38:52.277,389469,1058,0.853,1.27,2.31,29.99,5000,65.98,1,71.6,0.039,1,0.358,0.0,70
2026-05-23T00:38:52.378,389574,973,0.784,1.168,2.004,29.99,5000,65.98,1,71.6,0.039,1,0.358,0.0,70
2026-05-23T00:38:52.488,389679,582,0.469,0.699,0.596,29.99,5000,65.98,1,71.6,0.039,1,0.358,0.0,70
2026-05-23T00:38:52.589,389783,538,0.434,0.646,0.437,29.99,5000,65.98,1,71.6,0.039,1,0.358,0.0,70
2026-05-23T00:38:52.699,389887,836,0.674,1.003,1.51,29.99,5000,65.98,1,71.6,0.039,1,0.358,0.0,70
2026-05-23T00:38:52.824,389992,1081,0.871,1.298,2.393,29.99,5000,65.98,1,71.6,0.039,1,0.358,0.0,70
2026-05-23T00:38:52.931,390097,913,0.736,1.096,1.788,29.99,5000,65.98,1,71.6,0.039,1,0.358,0.0,70
2026-05-23T00:38:53.080,390202,539,0.434,0.647,0.441,29.99,5000,65.98,1,71.6,0.039,1,0.358,0.0,70
2026-05-23T00:38:53.133,390306,575,0.463,0.69,0.571,29.99,5000,65.98,1,71.6,0.039,1,0.358,0.0,70
2026-05-23T00:38:53.243,390412,1013,0.816,1.216,2.148,29.99,5000,65.98,1,71.51,0.039,1,0.358,0.0,70
2026-05-23T00:38:53.352,390517,1014,0.817,1.217,2.151,29.99,5000,65.98,1,71.51,0.039,1,0.358,0.0,70
2026-05-23T00:38:53.460,390622,651,0.525,0.781,0.844,29.99,5000,65.98,1,71.51,0.039,1,0.358,0.0,70
2026-05-23T00:38:53.570,390726,510,0.411,0.612,0.337,29.99,5000,65.98,1,71.51,0.039,1,0.358,0.0,70
2026-05-23T00:38:53.673,390830,760,0.612,0.912,1.237,29.99,5000,65.98,1,71.51,0.039,1,0.358,0.0,70
2026-05-23T00:38:53.782,390934,1034,0.833,1.241,2.223,29.99,5000,65.98,1,71.51,0.039,1,0.358,0.0,70
2026-05-23T00:38:53.898,391039,1017,0.82,1.221,2.162,29.99,5000,65.98,1,71.51,0.039,1,0.358,0.0,70
2026-05-23T00:38:53.962,391144,656,0.529,0.787,0.862,29.99,5000,65.98,1,71.51,0.039,1,0.358,0.0,70
2026-05-23T00:38:54.086,391248,501,0.404,0.601,0.304,29.99,5000,65.98,1,71.51,0.039,1,0.358,0.0,70
2026-05-23T00:38:54.213,391383,576,0.464,0.691,0.574,29.99,5000,65.98,1,71.59,0.039,1,0.358,0.0,70
2026-05-23T00:38:54.338,391488,485,0.391,0.582,0.246,29.99,5000,65.98,1,71.59,0.039,1,0.358,0.0,70
2026-05-23T00:38:54.398,391592,656,0.529,0.787,0.862,29.99,5000,65.98,1,71.59,0.039,1,0.358,0.0,70
2026-05-23T00:38:54.521,391696,1003,0.808,1.204,2.112,29.99,5000,65.98,1,71.59,0.039,1,0.358,0.0,70
2026-05-23T00:38:54.646,391801,1061,0.855,1.274,2.321,29.99,5000,65.98,1,71.59,0.039,1,0.358,0.0,70
2026-05-23T00:38:54.704,391906,754,0.608,0.905,1.215,29.99,5000,65.98,1,71.59,0.039,1,0.358,0.0,70
2026-05-23T00:38:54.817,392010,492,0.396,0.591,0.272,29.99,5000,65.98,1,71.59,0.039,1,0.358,0.0,70
2026-05-23T00:38:54.937,392114,656,0.529,0.787,0.862,29.99,5000,65.98,1,71.59,0.039,1,0.358,0.0,70
2026-05-23T00:38:55.066,392218,1000,0.806,1.2,2.101,29.99,5000,65.98,1,71.59,0.039,1,0.358,0.0,70
2026-05-23T00:38:55.128,392323,1068,0.861,1.282,2.346,29.99,5000,65.98,1,71.59,0.039,1,0.358,0.0,70
2026-05-23T00:38:55.251,392431,489,0.394,0.587,0.261,29.99,5000,65.98,1,71.5,0.039,1,0.358,0.0,70
2026-05-23T00:38:55.377,392535,587,0.473,0.705,0.614,29.99,5000,65.98,1,71.5,0.039,1,0.358,0.0,70
2026-05-23T00:38:55.440,392639,968,0.78,1.162,1.986,29.99,5000,65.98,1,71.5,0.039,1,0.358,0.0,70
2026-05-23T00:38:55.565,392744,1077,0.868,1.293,2.378,29.99,5000,65.98,1,71.5,0.039,1,0.358,0.0,70
2026-05-23T00:38:55.688,392849,816,0.658,0.979,1.438,29.99,5000,65.98,1,71.5,0.039,1,0.358,0.0,70
2026-05-23T00:38:55.752,392953,518,0.417,0.622,0.365,29.99,5000,65.98,1,71.5,0.039,1,0.358,0.0,70
2026-05-23T00:38:55.878,393057,588,0.474,0.706,0.617,29.99,5000,65.98,1,71.5,0.039,1,0.358,0.0,70
2026-05-23T00:38:56.002,393161,959,0.773,1.151,1.953,29.99,5000,65.98,1,71.5,0.039,1,0.358,0.0,70
2026-05-23T00:38:56.065,393266,1074,0.865,1.289,2.367,29.99,5000,65.98,1,71.5,0.039,1,0.358,0.0,70
2026-05-23T00:38:56.253,393403,962,0.775,1.155,1.964,29.99,5000,65.98,1,71.57,0.039,1,0.358,0.0,70
2026-05-23T00:38:56.314,393508,1051,0.847,1.262,2.285,29.99,5000,65.98,1,71.57,0.039,1,0.358,0.0,70
2026-05-23T00:38:56.439,393613,724,0.583,0.869,1.107,29.99,5000,65.98,1,71.57,0.039,1,0.358,0.0,70
2026-05-23T00:38:56.564,393717,489,0.394,0.587,0.261,29.99,5000,65.98,1,71.57,0.039,1,0.358,0.0,70
2026-05-23T00:38:56.626,393821,688,0.554,0.826,0.977,29.99,5000,65.98,1,71.57,0.039,1,0.358,0.0,70
2026-05-23T00:38:56.752,393925,1009,0.813,1.211,2.133,29.99,5000,65.98,1,71.57,0.039,1,0.358,0.0,70
2026-05-23T00:38:56.877,394030,1043,0.841,1.252,2.256,29.99,5000,65.98,1,71.57,0.039,1,0.358,0.0,70
2026-05-23T00:38:56.936,394135,727,0.586,0.873,1.118,29.99,5000,65.98,1,71.57,0.039,1,0.358,0.0,70
2026-05-23T00:38:57.061,394239,488,0.393,0.586,0.257,29.99,5000,65.98,1,71.57,0.039,1,0.358,0.0,70
2026-05-23T00:38:57.187,394343,673,0.542,0.808,0.923,29.99,5000,65.98,1,71.57,0.039,1,0.358,0.0,70
2026-05-23T00:38:57.248,394451,1017,0.82,1.221,2.162,29.99,5000,65.98,1,71.53,0.039,1,0.358,0.0,70
2026-05-23T00:38:57.374,394556,779,0.628,0.935,1.305,29.99,5000,65.98,1,71.53,0.039,1,0.358,0.0,70
2026-05-23T00:38:57.500,394660,494,0.398,0.593,0.279,29.99,5000,65.98,1,71.53,0.039,1,0.358,0.0,70
2026-05-23T00:38:57.558,394764,603,0.486,0.724,0.671,29.99,5000,65.98,1,71.53,0.039,1,0.358,0.0,70
2026-05-23T00:38:57.686,394868,969,0.781,1.163,1.989,29.99,5000,65.98,1,71.53,0.039,1,0.358,0.0,70
2026-05-23T00:38:57.810,394973,1046,0.843,1.256,2.267,29.99,5000,65.98,1,71.53,0.039,1,0.358,0.0,70
2026-05-23T00:38:57.872,395078,784,0.632,0.941,1.323,29.99,5000,65.98,1,71.53,0.039,1,0.358,0.0,70
2026-05-23T00:38:57.990,395182,499,0.402,0.599,0.297,29.99,5000,65.98,1,71.53,0.039,1,0.358,0.0,70
2026-05-23T00:38:58.092,395286,598,0.482,0.718,0.653,29.99,5000,65.98,1,71.53,0.039,1,0.358,0.0,70
2026-05-23T00:38:58.243,395422,782,0.63,0.939,1.316,29.99,5000,65.98,1,71.56,0.039,1,0.358,0.0,70
2026-05-23T00:38:58.344,395527,609,0.491,0.731,0.693,29.99,5000,65.98,1,71.56,0.039,1,0.358,0.0,70
2026-05-23T00:38:58.444,395631,973,0.784,1.168,2.004,29.99,5000,65.98,1,71.56,0.039,1,0.358,0.0,70
2026-05-23T00:38:58.552,395736,1051,0.847,1.262,2.285,29.99,5000,65.98,1,71.56,0.039,1,0.358,0.0,70
2026-05-23T00:38:58.653,395841,787,0.634,0.945,1.334,29.99,5000,65.98,1,71.56,0.039,1,0.358,0.0,70
2026-05-23T00:38:58.757,395945,503,0.405,0.604,0.311,29.99,5000,65.98,1,71.56,0.039,1,0.358,0.0,70
2026-05-23T00:38:58.865,396049,614,0.495,0.737,0.711,29.99,5000,65.98,1,71.56,0.039,1,0.358,0.0,70
2026-05-23T00:38:58.974,396153,973,0.784,1.168,2.004,29.99,5000,65.98,1,71.56,0.039,1,0.358,0.0,70
2026-05-23T00:38:59.093,396258,1053,0.849,1.264,2.292,29.99,5000,65.98,1,71.56,0.039,1,0.358,0.0,70
2026-05-23T00:38:59.146,396363,795,0.641,0.954,1.363,29.99,5000,65.98,1,71.56,0.039,1,0.358,0.0,70
2026-05-23T00:38:59.254,396470,559,0.45,0.671,0.513,29.99,5000,65.98,1,71.56,0.038,1,0.367,0.0,70
2026-05-23T00:38:59.374,396574,921,0.742,1.106,1.817,29.99,5000,65.98,1,71.56,0.038,1,0.367,0.0,70
2026-05-23T00:38:59.482,396679,1075,0.866,1.29,2.371,29.99,5000,65.98,1,71.56,0.038,1,0.367,0.0,70
2026-05-23T00:38:59.592,396784,841,0.678,1.009,1.528,29.99,5000,65.98,1,71.56,0.038,1,0.367,0.0,70
2026-05-23T00:38:59.694,396889,496,0.4,0.595,0.286,29.99,5000,65.98,1,71.56,0.038,1,0.367,0.0,70
2026-05-23T00:38:59.802,396993,641,0.517,0.769,0.808,29.99,5000,65.98,1,71.56,0.038,1,0.367,0.0,70
2026-05-23T00:38:59.911,397097,994,0.801,1.193,2.079,29.99,5000,65.98,1,71.56,0.038,1,0.367,0.0,70
2026-05-23T00:39:00.024,397202,1053,0.849,1.264,2.292,29.99,5000,65.98,1,71.56,0.038,1,0.367,0.0,70
2026-05-23T00:39:00.086,397307,762,0.614,0.915,1.244,29.99,5000,65.98,1,71.56,0.038,1,0.367,0.0,70
2026-05-23T00:39:00.275,397442,593,0.478,0.712,0.635,29.99,5000,65.98,1,71.46,0.038,1,0.368,0.0,70
2026-05-23T00:39:00.337,397546,914,0.737,1.097,1.791,29.99,5000,65.98,1,71.46,0.038,1,0.368,0.0,70
2026-05-23T00:39:00.462,397651,532,0.429,0.639,0.416,29.99,5000,65.98,1,71.46,0.038,1,0.368,0.0,70
2026-05-23T00:39:00.584,397755,559,0.45,0.671,0.513,29.99,5000,65.98,1,71.46,0.038,1,0.368,0.0,70
2026-05-23T00:39:00.636,397859,916,0.738,1.1,1.799,29.99,5000,65.98,1,71.46,0.038,1,0.368,0.0,70
2026-05-23T00:39:00.758,397964,1075,0.866,1.29,2.371,29.99,5000,65.98,1,71.46,0.038,1,0.368,0.0,70
2026-05-23T00:39:00.876,398069,848,0.683,1.018,1.554,29.99,5000,65.98,1,71.46,0.038,1,0.368,0.0,70
2026-05-23T00:39:00.992,398174,498,0.401,0.598,0.293,29.99,5000,65.98,1,71.46,0.038,1,0.368,0.0,70
2026-05-23T00:39:01.053,398278,637,0.513,0.765,0.794,29.99,5000,65.98,1,71.46,0.038,1,0.368,0.0,70
2026-05-23T00:39:01.180,398382,992,0.799,1.191,2.072,29.99,5000,65.98,1,71.46,0.038,1,0.368,0.0,70
2026-05-23T00:39:01.304,398489,944,0.761,1.133,1.899,29.99,5000,65.98,1,71.59,0.039,1,0.358,0.0,70
2026-05-23T00:39:01.367,398594,581,0.468,0.697,0.592,29.99,5000,65.98,1,71.59,0.039,1,0.358,0.0,70
2026-05-23T00:39:01.475,398698,542,0.437,0.651,0.452,29.99,5000,65.98,1,71.59,0.039,1,0.358,0.0,70
2026-05-23T00:39:01.598,398802,843,0.679,1.012,1.536,29.99,5000,65.98,1,71.59,0.039,1,0.358,0.0,70
2026-05-23T00:39:01.720,398907,1072,0.864,1.287,2.36,29.99,5000,65.98,1,71.59,0.039,1,0.358,0.0,70
2026-05-23T00:39:01.782,399012,897,0.723,1.077,1.73,29.99,5000,65.98,1,71.59,0.039,1,0.358,0.0,70
2026-05-23T00:39:01.908,399117,530,0.427,0.636,0.409,29.99,5000,65.98,1,71.59,0.039,1,0.358,0.0,70
2026-05-23T00:39:02.032,399221,586,0.472,0.703,0.61,29.99,5000,65.98,1,71.59,0.039,1,0.358,0.0,70
2026-05-23T00:39:02.096,399325,944,0.761,1.133,1.899,29.99,5000,65.98,1,71.59,0.039,1,0.358,0.0,70
2026-05-23T00:39:02.283,399461,1057,0.852,1.269,2.306,29.99,5000,65.98,1,71.54,0.039,1,0.358,0.0,70
2026-05-23T00:39:02.334,399566,947,0.763,1.137,1.91,29.99,5000,65.98,1,71.54,0.039,1,0.358,0.0,70
2026-05-23T00:39:02.451,399671,1065,0.858,1.278,2.335,29.99,5000,65.98,1,71.54,0.039,1,0.358,0.0,70
2026-05-23T00:39:02.577,399776,815,0.657,0.978,1.435,29.99,5000,65.98,1,71.54,0.039,1,0.358,0.0,70
2026-05-23T00:39:02.701,399880,519,0.418,0.623,0.369,29.99,5000,65.98,1,71.54,0.039,1,0.358,0.0,70
2026-05-23T00:39:02.763,399984,577,0.465,0.693,0.578,29.99,5000,65.98,1,71.54,0.039,1,0.358,0.0,70
2026-05-23T00:39:02.887,400088,941,0.758,1.13,1.889,29.99,5000,65.98,1,71.54,0.039,1,0.358,0.0,70
2026-05-23T00:39:03.000,400193,1061,0.855,1.274,2.321,29.99,5000,65.98,1,71.54,0.039,1,0.358,0.0,70
2026-05-23T00:39:03.101,400298,811,0.654,0.973,1.42,29.99,5000,65.98,1,71.54,0.039,1,0.358,0.0,70
2026-05-23T00:39:03.213,400402,520,0.419,0.624,0.373,29.99,5000,65.98,1,71.54,0.039,1,0.358,0.0,70
2026-05-23T00:39:03.315,400509,855,0.689,1.026,1.579,29.99,5000,65.98,1,71.55,0.038,1,0.367,0.0,70
2026-05-23T00:39:03.432,400614,1068,0.861,1.282,2.346,29.99,5000,65.98,1,71.55,0.038,1,0.367,0.0,70
2026-05-23T00:39:03.484,400719,866,0.698,1.039,1.618,29.99,5000,65.98,1,71.55,0.038,1,0.367,0.0,70
2026-05-23T00:39:03.602,400824,495,0.399,0.594,0.282,29.99,5000,65.98,1,71.55,0.038,1,0.367,0.0,70
2026-05-23T00:39:03.726,400928,598,0.482,0.718,0.653,29.99,5000,65.98,1,71.55,0.038,1,0.367,0.0,70
2026-05-23T00:39:03.834,401032,1004,0.809,1.205,2.115,20.12,5000,44.26,1,71.55,0.038,1,0.367,0.0,70
2026-05-23T00:39:03.961,401138,1022,0.824,1.227,2.18,20.12,5000,44.26,1,71.55,0.038,1,0.367,0.0,70
2026-05-23T00:39:04.022,401243,706,0.569,0.847,1.042,20.12,5000,44.26,1,71.55,0.038,1,0.367,0.0,70
2026-05-23T00:39:04.147,401347,479,0.386,0.575,0.225,20.12,5000,44.26,1,71.55,0.038,1,0.367,0.0,70
2026-05-23T00:39:04.272,401471,1063,0.857,1.276,2.328,20.12,5000,44.26,1,71.41,0.039,1,0.359,0.0,70
2026-05-23T00:39:04.397,401576,1050,0.846,1.26,2.281,20.12,5000,44.26,1,71.41,0.039,1,0.359,0.0,70
2026-05-23T00:39:04.460,401681,1003,0.808,1.204,2.112,20.12,5000,44.26,1,71.41,0.039,1,0.359,0.0,70
2026-05-23T00:39:04.584,401786,604,0.487,0.725,0.675,20.12,5000,44.26,1,71.41,0.039,1,0.359,0.0,70
2026-05-23T00:39:04.706,401890,504,0.406,0.605,0.315,20.12,5000,44.26,1,71.41,0.039,1,0.359,0.0,70
2026-05-23T00:39:04.767,401994,793,0.639,0.952,1.356,20.12,5000,44.26,1,71.41,0.039,1,0.359,0.0,70
2026-05-23T00:39:04.893,402098,1059,0.853,1.271,2.313,20.12,5000,44.26,1,71.41,0.039,1,0.359,0.0,70
2026-05-23T00:39:05.019,402203,1008,0.812,1.21,2.13,20.12,5000,44.26,1,71.41,0.039,1,0.359,0.0,70
2026-05-23T00:39:05.080,402308,607,0.489,0.729,0.686,20.12,5000,44.26,1,71.41,0.039,1,0.359,0.0,70
2026-05-23T00:39:05.204,402412,509,0.41,0.611,0.333,20.12,5000,44.26,1,71.41,0.039,1,0.359,0.0,70
2026-05-23T00:39:05.329,402518,968,0.78,1.162,1.986,20.12,5000,44.26,1,48.92,0.038,1,0.537,0.0,70
2026-05-23T00:39:05.391,402623,1067,0.86,1.281,2.342,20.12,5000,44.26,1,48.92,0.038,1,0.537,0.0,70
2026-05-23T00:39:05.514,402728,775,0.625,0.93,1.291,20.12,5000,44.26,1,48.92,0.038,1,0.537,0.0,70
2026-05-23T00:39:05.639,402832,483,0.389,0.58,0.239,20.12,5000,44.26,1,48.92,0.038,1,0.537,0.0,70
2026-05-23T00:39:05.700,402936,604,0.487,0.725,0.675,20.12,5000,44.26,1,48.92,0.038,1,0.537,0.0,70
2026-05-23T00:39:05.826,403040,980,0.79,1.176,2.029,20.12,5000,44.26,1,48.92,0.038,1,0.537,0.0,70
2026-05-23T00:39:05.950,403145,1071,0.863,1.286,2.357,20.12,5000,44.26,1,48.92,0.038,1,0.537,0.0,70
2026-05-23T00:39:06.011,403250,778,0.627,0.934,1.302,20.12,5000,44.26,1,48.92,0.038,1,0.537,0.0,70
2026-05-23T00:39:06.137,403354,480,0.387,0.576,0.228,20.12,5000,44.26,1,48.92,0.038,1,0.537,0.0,70
2026-05-23T00:39:06.261,403490,500,0.403,0.6,0.3,20.12,5000,44.26,1,48.88,0.038,1,0.538,0.0,70
2026-05-23T00:39:06.386,403595,481,0.388,0.577,0.232,20.12,5000,44.26,1,48.88,0.038,1,0.538,0.0,70
2026-05-23T00:39:06.510,403699,606,0.488,0.727,0.682,20.12,5000,44.26,1,48.88,0.038,1,0.538,0.0,70
2026-05-23T00:39:06.572,403803,981,0.791,1.178,2.033,20.12,5000,44.26,1,48.88,0.038,1,0.538,0.0,70
2026-05-23T00:39:06.697,403908,1060,0.854,1.272,2.317,20.12,5000,44.26,1,48.88,0.038,1,0.538,0.0,70
2026-05-23T00:39:06.821,404013,783,0.631,0.94,1.32,20.12,5000,44.26,1,48.88,0.038,1,0.538,0.0,70
2026-05-23T00:39:06.873,404117,492,0.396,0.591,0.272,20.12,5000,44.26,1,48.88,0.038,1,0.538,0.0,70
2026-05-23T00:39:06.973,404221,598,0.482,0.718,0.653,20.12,5000,44.26,1,48.88,0.038,1,0.538,0.0,70
2026-05-23T00:39:07.075,404325,965,0.778,1.158,1.975,20.12,5000,44.26,1,48.88,0.038,1,0.538,0.0,70
2026-05-23T00:39:07.229,404430,1064,0.857,1.277,2.331,20.12,5000,44.26,1,48.88,0.038,1,0.538,0.0,70
2026-05-23T00:39:07.334,404538,525,0.423,0.63,0.391,20.12,5000,44.26,1,48.9,0.038,1,0.538,0.0,70
2026-05-23T00:39:07.442,404642,563,0.454,0.676,0.527,20.12,5000,44.26,1,48.9,0.038,1,0.538,0.0,70
2026-05-23T00:39:07.508,404746,907,0.731,1.089,1.766,20.12,5000,44.26,1,48.9,0.038,1,0.538,0.0,70
2026-05-23T00:39:07.632,404851,1075,0.866,1.29,2.371,20.12,5000,44.26,1,48.9,0.038,1,0.538,0.0,70
2026-05-23T00:39:07.764,404956,850,0.685,1.02,1.561,20.12,5000,44.26,1,48.9,0.038,1,0.538,0.0,70
2026-05-23T00:39:07.817,405061,490,0.395,0.588,0.264,20.12,5000,44.26,1,48.9,0.038,1,0.538,0.0,70
2026-05-23T00:39:07.925,405165,627,0.505,0.753,0.758,20.12,5000,44.26,1,48.9,0.038,1,0.538,0.0,70
2026-05-23T00:39:08.034,405269,983,0.792,1.18,2.04,20.12,5000,44.26,1,48.9,0.038,1,0.538,0.0,70
2026-05-23T00:39:08.144,405374,1050,0.846,1.26,2.281,20.12,5000,44.26,1,48.9,0.038,1,0.538,0.0,70
2026-05-23T00:39:08.311,405509,927,0.747,1.113,1.838,20.12,5000,44.26,1,48.91,0.038,1,0.538,0.0,70
2026-05-23T00:39:08.363,405615,1050,0.846,1.26,2.281,20.12,5000,44.26,1,48.91,0.038,1,0.538,0.0,70
2026-05-23T00:39:08.490,405720,763,0.615,0.916,1.248,20.12,5000,44.26,1,48.91,0.038,1,0.538,0.0,70
2026-05-23T00:39:08.612,405824,481,0.388,0.577,0.232,20.12,5000,44.26,1,48.91,0.038,1,0.538,0.0,70
2026-05-23T00:39:08.674,405928,622,0.501,0.747,0.74,20.12,5000,44.26,1,48.91,0.038,1,0.538,0.0,70
2026-05-23T00:39:08.797,406032,996,0.803,1.196,2.087,20.12,5000,44.26,1,48.91,0.038,1,0.538,0.0,70
2026-05-23T00:39:08.922,406137,1056,0.851,1.268,2.303,20.12,5000,44.26,1,48.91,0.038,1,0.538,0.0,70
2026-05-23T00:39:09.047,406242,761,0.613,0.913,1.24,20.12,5000,44.26,1,48.91,0.038,1,0.538,0.0,70
2026-05-23T00:39:09.109,406346,484,0.39,0.581,0.243,20.12,5000,44.26,1,48.91,0.038,1,0.538,0.0,70
2026-05-23T00:39:09.233,406450,618,0.498,0.742,0.725,20.12,5000,44.26,1,48.91,0.038,1,0.538,0.0,70
2026-05-23T00:39:09.359,406557,1059,0.853,1.271,2.313,20.12,5000,44.26,1,48.92,0.038,1,0.537,0.0,70
2026-05-23T00:39:09.420,406662,914,0.737,1.097,1.791,20.12,5000,44.26,1,48.92,0.038,1,0.537,0.0,70
2026-05-23T00:39:09.545,406767,528,0.425,0.634,0.401,20.12,5000,44.26,1,48.92,0.038,1,0.537,0.0,70
2026-05-23T00:39:09.669,406871,565,0.455,0.678,0.535,20.12,5000,44.26,1,48.92,0.038,1,0.537,0.0,70
2026-05-23T00:39:09.731,406975,936,0.754,1.124,1.871,20.12,5000,44.26,1,48.92,0.038,1,0.537,0.0,70
2026-05-23T00:39:09.855,407080,1078,0.869,1.294,2.382,20.12,5000,44.26,1,48.92,0.038,1,0.537,0.0,70
2026-05-23T00:39:09.980,407185,834,0.672,1.001,1.503,20.12,5000,44.26,1,48.92,0.038,1,0.537,0.0,70
2026-05-23T00:39:10.042,407290,485,0.391,0.582,0.246,20.12,5000,44.26,1,48.92,0.038,1,0.537,0.0,70
2026-05-23T00:39:10.161,407394,639,0.515,0.767,0.801,20.12,5000,44.26,1,48.92,0.038,1,0.537,0.0,70
2026-05-23T00:39:10.296,407529,823,0.663,0.988,1.464,20.12,5000,44.26,1,48.89,0.039,1,0.524,0.0,70
2026-05-23T00:39:10.415,407634,567,0.457,0.681,0.542,20.12,5000,44.26,1,48.89,0.039,1,0.524,0.0,70
2026-05-23T00:39:10.539,407738,925,0.745,1.11,1.831,20.12,5000,44.26,1,48.89,0.039,1,0.524,0.0,70
2026-05-23T00:39:10.603,407843,1085,0.874,1.302,2.407,20.12,5000,44.26,1,48.89,0.039,1,0.524,0.0,70
2026-05-23T00:39:10.709,407948,840,0.677,1.008,1.525,20.12,5000,44.26,1,48.89,0.039,1,0.524,0.0,70
2026-05-23T00:39:10.833,408053,482,0.388,0.579,0.236,20.12,5000,44.26,1,48.89,0.039,1,0.524,0.0,70
2026-05-23T00:39:10.895,408157,633,0.51,0.76,0.779,20.12,5000,44.26,1,48.89,0.039,1,0.524,0.0,70
2026-05-23T00:39:11.022,408261,991,0.799,1.19,2.069,20.12,5000,44.26,1,48.89,0.039,1,0.524,0.0,70
2026-05-23T00:39:11.145,408366,1055,0.85,1.266,2.299,20.12,5000,44.26,1,48.89,0.039,1,0.524,0.0,70
2026-05-23T00:39:11.269,408471,756,0.609,0.907,1.222,20.12,5000,44.26,1,48.89,0.039,1,0.524,0.0,70
2026-05-23T00:39:11.333,408576,475,0.383,0.57,0.21,20.12,5000,44.26,1,48.9,0.038,1,0.538,0.0,70
2026-05-23T00:39:11.458,408680,733,0.591,0.88,1.14,20.12,5000,44.26,1,48.9,0.038,1,0.538,0.0,70
2026-05-23T00:39:11.519,408784,1033,0.832,1.24,2.22,20.12,5000,44.26,1,48.9,0.038,1,0.538,0.0,70
2026-05-23T00:39:11.644,408889,1037,0.836,1.245,2.234,20.12,5000,44.26,1,48.9,0.038,1,0.538,0.0,70
2026-05-23T00:39:11.755,408994,669,0.539,0.803,0.909,20.12,5000,44.26,1,48.9,0.038,1,0.538,0.0,70
2026-05-23T00:39:11.876,409098,498,0.401,0.598,0.293,20.12,5000,44.26,1,48.9,0.038,1,0.538,0.0,70
2026-05-23T00:39:11.941,409202,725,0.584,0.87,1.111,20.12,5000,44.26,1,48.9,0.038,1,0.538,0.0,70
2026-05-23T00:39:12.065,409306,1030,0.83,1.236,2.209,20.12,5000,44.26,1,48.9,0.038,1,0.538,0.0,70
2026-05-23T00:39:12.189,409411,1040,0.838,1.248,2.245,20.12,5000,44.26,1,48.9,0.038,1,0.538,0.0,70
2026-05-23T00:39:12.310,409548,852,0.687,1.023,1.568,20.12,5000,44.26,1,48.92,0.038,1,0.537,0.0,70
2026-05-23T00:39:12.436,409653,983,0.792,1.18,2.04,20.12,5000,44.26,1,48.92,0.038,1,0.537,0.0,70
2026-05-23T00:39:12.497,409758,580,0.467,0.696,0.589,20.12,5000,44.26,1,48.92,0.038,1,0.537,0.0,70
2026-05-23T00:39:12.622,409862,534,0.43,0.641,0.423,20.12,5000,44.26,1,48.92,0.038,1,0.537,0.0,70
2026-05-23T00:39:12.745,409966,825,0.665,0.99,1.471,20.12,5000,44.26,1,48.92,0.038,1,0.537,0.0,70
2026-05-23T00:39:12.808,410070,1068,0.861,1.282,2.346,20.12,5000,44.26,1,48.92,0.038,1,0.537,0.0,70
2026-05-23T00:39:12.933,410175,987,0.795,1.185,2.054,20.12,5000,44.26,1,48.92,0.038,1,0.537,0.0,70
2026-05-23T00:39:13.059,410280,583,0.47,0.7,0.599,20.12,5000,44.26,1,48.92,0.038,1,0.537,0.0,70
2026-05-23T00:39:13.121,410384,526,0.424,0.631,0.394,20.12,5000,44.26,1,48.92,0.038,1,0.537,0.0,70
2026-05-23T00:39:13.245,410488,823,0.663,0.988,1.464,20.12,5000,44.26,1,48.92,0.038,1,0.537,0.0,70
2026-05-23T00:39:13.371,410596,1005,0.81,1.206,2.119,20.12,5000,44.26,1,48.9,0.039,1,0.524,0.0,70
2026-05-23T00:39:13.431,410701,654,0.527,0.785,0.855,20.12,5000,44.26,1,48.9,0.039,1,0.524,0.0,70
2026-05-23T00:39:13.556,410805,492,0.396,0.591,0.272,20.12,5000,44.26,1,48.9,0.039,1,0.524,0.0,70
2026-05-23T00:39:13.679,410909,749,0.604,0.899,1.197,20.12,5000,44.26,1,48.9,0.039,1,0.524,0.0,70
2026-05-23T00:39:13.803,411013,1040,0.838,1.248,2.245,20.12,5000,44.26,1,48.9,0.039,1,0.524,0.0,70
2026-05-23T00:39:13.866,411118,1031,0.831,1.238,2.213,20.12,5000,44.26,1,48.9,0.039,1,0.524,0.0,70
2026-05-23T00:39:13.991,411223,654,0.527,0.785,0.855,20.12,5000,44.26,1,48.9,0.039,1,0.524,0.0,70
2026-05-23T00:39:14.114,411327,484,0.39,0.581,0.243,20.12,5000,44.26,1,48.9,0.039,1,0.524,0.0,70
2026-05-23T00:39:14.177,411431,738,0.595,0.886,1.158,20.12,5000,44.26,1,48.9,0.039,1,0.524,0.0,70
2026-05-23T00:39:14.301,411567,919,0.741,1.103,1.809,20.12,5000,44.26,1,48.82,0.038,1,0.539,0.0,70
2026-05-23T00:39:14.426,411672,739,0.596,0.887,1.161,20.12,5000,44.26,1,48.82,0.038,1,0.539,0.0,70
2026-05-23T00:39:14.548,411776,1032,0.832,1.239,2.216,20.12,5000,44.26,1,48.82,0.038,1,0.539,0.0,70
2026-05-23T00:39:14.610,411881,1025,0.826,1.23,2.191,20.12,5000,44.26,1,48.82,0.038,1,0.539,0.0,70
2026-05-23T00:39:14.734,411986,647,0.521,0.777,0.83,20.12,5000,44.26,1,48.82,0.038,1,0.539,0.0,70
2026-05-23T00:39:14.857,412090,490,0.395,0.588,0.264,20.12,5000,44.26,1,48.82,0.038,1,0.539,0.0,70
2026-05-23T00:39:14.921,412194,737,0.594,0.885,1.154,20.12,5000,44.26,1,48.82,0.038,1,0.539,0.0,70
2026-05-23T00:39:15.044,412298,1040,0.838,1.248,2.245,20.12,5000,44.26,1,48.82,0.038,1,0.539,0.0,70
2026-05-23T00:39:15.169,412403,1030,0.83,1.236,2.209,20.12,5000,44.26,1,48.82,0.038,1,0.539,0.0,70
2026-05-23T00:39:15.293,412508,658,0.53,0.79,0.869,20.12,5000,44.26,1,48.82,0.038,1,0.539,0.0,70
2026-05-23T00:39:15.354,412615,657,0.529,0.789,0.866,20.12,5000,44.26,1,48.76,0.039,1,0.525,0.0,70
2026-05-23T00:39:15.478,412719,1009,0.813,1.211,2.133,20.12,5000,44.26,1,48.76,0.039,1,0.525,0.0,70
2026-05-23T00:39:15.604,412824,1046,0.843,1.256,2.267,20.12,5000,44.26,1,48.76,0.039,1,0.525,0.0,70
2026-05-23T00:39:15.668,412929,728,0.587,0.874,1.122,20.12,5000,44.26,1,48.76,0.039,1,0.525,0.0,70
2026-05-23T00:39:15.791,413033,480,0.387,0.576,0.228,20.12,5000,44.26,1,48.76,0.039,1,0.525,0.0,70
2026-05-23T00:39:15.914,413137,669,0.539,0.803,0.909,20.12,5000,44.26,1,48.76,0.039,1,0.525,0.0,70
2026-05-23T00:39:15.976,413241,1007,0.812,1.209,2.126,20.12,5000,44.26,1,48.76,0.039,1,0.525,0.0,70
2026-05-23T00:39:16.100,413346,1051,0.847,1.262,2.285,20.12,5000,44.26,1,48.76,0.039,1,0.525,0.0,70
2026-05-23T00:39:16.224,413451,727,0.586,0.873,1.118,20.12,5000,44.26,1,48.76,0.039,1,0.525,0.0,70
2026-05-23T00:39:16.348,413586,560,0.451,0.672,0.517,20.12,5000,44.26,1,48.85,0.038,1,0.538,0.0,70
2026-05-23T00:39:16.412,413691,805,0.649,0.966,1.399,20.12,5000,44.26,1,48.85,0.038,1,0.538,0.0,70
2026-05-23T00:39:16.536,413795,504,0.406,0.605,0.315,20.12,5000,44.26,1,48.85,0.038,1,0.538,0.0,70
2026-05-23T00:39:16.663,413899,578,0.466,0.694,0.581,20.12,5000,44.26,1,48.85,0.038,1,0.538,0.0,70
2026-05-23T00:39:16.723,414003,953,0.768,1.144,1.932,20.12,5000,44.26,1,48.85,0.038,1,0.538,0.0,70
2026-05-23T00:39:16.846,414108,1074,0.865,1.289,2.367,20.12,5000,44.26,1,48.85,0.038,1,0.538,0.0,70
2026-05-23T00:39:16.970,414213,811,0.654,0.973,1.42,20.12,5000,44.26,1,48.85,0.038,1,0.538,0.0,70
2026-05-23T00:39:17.032,414317,503,0.405,0.604,0.311,20.12,5000,44.26,1,48.85,0.038,1,0.538,0.0,70
2026-05-23T00:39:17.159,414421,572,0.461,0.687,0.56,20.12,5000,44.26,1,48.85,0.038,1,0.538,0.0,70
2026-05-23T00:39:17.281,414525,947,0.763,1.137,1.91,20.12,5000,44.26,1,48.85,0.038,1,0.538,0.0,70
2026-05-23T00:39:17.405,414634,828,0.667,0.994,1.482,20.12,5000,44.26,1,48.77,0.039,1,0.525,0.0,70
2026-05-23T00:39:17.468,414738,542,0.437,0.651,0.452,20.12,5000,44.26,1,48.77,0.039,1,0.525,0.0,70
2026-05-23T00:39:17.581,414842,547,0.441,0.657,0.47,20.12,5000,44.26,1,48.77,0.039,1,0.525,0.0,70
2026-05-23T00:39:17.701,414946,878,0.708,1.054,1.662,20.12,5000,44.26,1,48.77,0.039,1,0.525,0.0,70
2026-05-23T00:39:17.763,415051,1073,0.865,1.288,2.364,20.12,5000,44.26,1,48.77,0.039,1,0.525,0.0,70
2026-05-23T00:39:17.891,415156,856,0.69,1.027,1.582,20.12,5000,44.26,1,48.77,0.039,1,0.525,0.0,70
2026-05-23T00:39:18.015,415261,490,0.395,0.588,0.264,20.12,5000,44.26,1,48.77,0.039,1,0.525,0.0,70
2026-05-23T00:39:18.077,415365,607,0.489,0.729,0.686,20.12,5000,44.26,1,48.77,0.039,1,0.525,0.0,70
2026-05-23T00:39:18.202,415469,977,0.787,1.173,2.018,20.12,5000,44.26,1,48.77,0.039,1,0.525,0.0,70
2026-05-23T00:39:18.327,415606,1068,0.861,1.282,2.346,20.12,5000,44.26,1,48.82,0.038,1,0.539,0.0,70
2026-05-23T00:39:18.454,415711,1020,0.822,1.224,2.173,20.12,5000,44.26,1,48.82,0.038,1,0.539,0.0,70
2026-05-23T00:39:18.575,415816,1031,0.831,1.238,2.213,20.12,5000,44.26,1,48.82,0.038,1,0.539,0.0,70
2026-05-23T00:39:18.638,415921,663,0.534,0.796,0.887,20.12,5000,44.26,1,48.82,0.038,1,0.539,0.0,70
2026-05-23T00:39:18.764,416025,488,0.393,0.586,0.257,20.12,5000,44.26,1,48.82,0.038,1,0.539,0.0,70
2026-05-23T00:39:18.886,416129,721,0.581,0.865,1.096,20.12,5000,44.26,1,48.82,0.038,1,0.539,0.0,70
2026-05-23T00:39:18.946,416233,1016,0.819,1.22,2.159,20.12,5000,44.26,1,48.82,0.038,1,0.539,0.0,70
2026-05-23T00:39:19.072,416338,1032,0.832,1.239,2.216,20.12,5000,44.26,1,48.82,0.038,1,0.539,0.0,70
2026-05-23T00:39:19.197,416443,663,0.534,0.796,0.887,20.12,5000,44.26,1,48.82,0.038,1,0.539,0.0,70
2026-05-23T00:39:19.260,416547,481,0.388,0.577,0.232,20.12,5000,44.26,1,48.82,0.038,1,0.539,0.0,70
2026-05-23T00:39:19.385,416653,915,0.737,1.098,1.795,20.12,5000,44.26,1,48.81,0.039,1,0.525,0.0,70
2026-05-23T00:39:19.510,416758,1062,0.856,1.275,2.324,20.12,5000,44.26,1,48.81,0.039,1,0.525,0.0,70
2026-05-23T00:39:19.571,416863,816,0.658,0.979,1.438,20.12,5000,44.26,1,48.81,0.039,1,0.525,0.0,70
2026-05-23T00:39:19.696,416967,500,0.403,0.6,0.3,20.12,5000,44.26,1,48.81,0.039,1,0.525,0.0,70
2026-05-23T00:39:19.822,417071,562,0.453,0.675,0.524,20.12,5000,44.26,1,48.81,0.039,1,0.525,0.0,70
2026-05-23T00:39:19.883,417175,936,0.754,1.124,1.871,20.12,5000,44.26,1,48.81,0.039,1,0.525,0.0,70
2026-05-23T00:39:20.008,417280,1064,0.857,1.277,2.331,20.12,5000,44.26,1,48.81,0.039,1,0.525,0.0,70
2026-05-23T00:39:20.134,417385,815,0.657,0.978,1.435,20.12,5000,44.26,1,48.81,0.039,1,0.525,0.0,70
2026-05-23T00:39:20.195,417489,507,0.409,0.609,0.326,20.12,5000,44.26,1,48.81,0.039,1,0.525,0.0,70
2026-05-23T00:39:20.383,417625,481,0.388,0.577,0.232,20.12,5000,44.26,1,48.79,0.038,1,0.539,0.0,70
2026-05-23T00:39:20.444,417730,498,0.401,0.598,0.293,20.12,5000,44.26,1,48.79,0.038,1,0.539,0.0,70
2026-05-23T00:39:20.569,417834,571,0.46,0.685,0.556,20.12,5000,44.26,1,48.79,0.038,1,0.539,0.0,70
2026-05-23T00:39:20.693,417938,942,0.759,1.131,1.892,20.12,5000,44.26,1,48.79,0.038,1,0.539,0.0,70
2026-05-23T00:39:20.756,418043,1061,0.855,1.274,2.321,20.12,5000,44.26,1,48.79,0.038,1,0.539,0.0,70
2026-05-23T00:39:20.880,418148,798,0.643,0.958,1.374,20.12,5000,44.26,1,48.79,0.038,1,0.539,0.0,70
2026-05-23T00:39:21.002,418252,500,0.403,0.6,0.3,20.12,5000,44.26,1,48.79,0.038,1,0.539,0.0,70
2026-05-23T00:39:21.065,418356,572,0.461,0.687,0.56,20.12,5000,44.26,1,48.79,0.038,1,0.539,0.0,70
2026-05-23T00:39:21.191,418460,938,0.756,1.126,1.878,20.12,5000,44.26,1,48.79,0.038,1,0.539,0.0,70
2026-05-23T00:39:21.317,418565,1054,0.849,1.265,2.295,20.12,5000,44.26,1,48.79,0.038,1,0.539,0.0,70
2026-05-23T00:39:21.377,418673,501,0.404,0.601,0.304,20.12,5000,44.26,1,47.44,0.039,1,0.54,0.0,70
2026-05-23T00:39:21.501,418777,548,0.442,0.658,0.473,20.12,5000,44.26,1,47.44,0.039,1,0.54,0.0,70
2026-05-23T00:39:21.626,418881,880,0.709,1.056,1.669,20.12,5000,44.26,1,47.44,0.039,1,0.54,0.0,70
2026-05-23T00:39:21.690,418986,1061,0.855,1.274,2.321,20.12,5000,44.26,1,47.44,0.039,1,0.54,0.0,70
2026-05-23T00:39:21.814,419091,836,0.674,1.003,1.51,20.12,5000,44.26,1,47.44,0.039,1,0.54,0.0,70
2026-05-23T00:39:21.939,419196,490,0.395,0.588,0.264,20.12,5000,44.26,1,47.44,0.039,1,0.54,0.0,70
2026-05-23T00:39:22.000,419300,615,0.496,0.738,0.715,20.12,5000,44.26,1,47.44,0.039,1,0.54,0.0,70
2026-05-23T00:39:22.124,419404,968,0.78,1.162,1.986,20.12,5000,44.26,1,47.44,0.039,1,0.54,0.0,70
2026-05-23T00:39:22.250,419509,1037,0.836,1.245,2.234,20.12,5000,44.26,1,47.44,0.039,1,0.54,0.0,70
2026-05-23T00:39:22.375,419644,906,0.73,1.087,1.762,20.12,5000,44.26,1,44.57,0.04,1,0.56,0.0,70
2026-05-23T00:39:22.501,419749,1054,0.849,1.265,2.295,20.12,5000,44.26,1,44.57,0.04,1,0.56,0.0,70
2026-05-23T00:39:22.563,419854,826,0.666,0.991,1.474,20.12,5000,44.26,1,44.57,0.04,1,0.56,0.0,70
2026-05-23T00:39:22.687,419958,538,0.434,0.646,0.437,20.12,5000,44.26,1,44.57,0.04,1,0.56,0.0,70
2026-05-23T00:39:22.812,420062,560,0.451,0.672,0.517,20.12,5000,44.26,1,44.57,0.04,1,0.56,0.0,70
2026-05-23T00:39:22.873,420166,886,0.714,1.063,1.69,20.12,5000,44.26,1,44.57,0.04,1,0.56,0.0,70
2026-05-23T00:39:22.999,420271,1052,0.848,1.263,2.288,20.12,5000,44.26,1,44.57,0.04,1,0.56,0.0,70
2026-05-23T00:39:23.124,420376,822,0.662,0.987,1.46,20.12,5000,44.26,1,44.57,0.04,1,0.56,0.0,70
2026-05-23T00:39:23.186,420480,540,0.435,0.648,0.445,20.12,5000,44.26,1,44.57,0.04,1,0.56,0.0,70
2026-05-23T00:39:23.313,420584,565,0.455,0.678,0.535,20.12,5000,44.26,1,44.57,0.04,1,0.56,0.0,70
2026-05-23T00:39:23.436,420692,1011,0.815,1.214,2.141,20.12,5000,44.26,1,41.81,0.041,1,0.583,0.0,70
2026-05-23T00:39:23.498,420797,855,0.689,1.026,1.579,20.12,5000,44.26,1,41.81,0.041,1,0.583,0.0,70
2026-05-23T00:39:23.622,420902,512,0.413,0.615,0.344,20.12,5000,44.26,1,41.81,0.041,1,0.583,0.0,70
2026-05-23T00:39:23.746,421006,584,0.471,0.701,0.603,20.12,5000,44.26,1,41.81,0.041,1,0.583,0.0,70
2026-05-23T00:39:23.808,421110,931,0.75,1.118,1.853,20.12,5000,44.26,1,41.81,0.041,1,0.583,0.0,70
2026-05-23T00:39:23.934,421215,1039,0.837,1.247,2.241,20.12,5000,44.26,1,41.81,0.041,1,0.583,0.0,70
2026-05-23T00:39:24.056,421320,779,0.628,0.935,1.305,20.12,5000,44.26,1,41.81,0.041,1,0.583,0.0,70
2026-05-23T00:39:24.120,421424,513,0.413,0.616,0.347,20.12,5000,44.26,1,41.81,0.041,1,0.583,0.0,70
2026-05-23T00:39:24.244,421528,591,0.476,0.709,0.628,20.12,5000,44.26,1,41.81,0.041,1,0.583,0.0,70
2026-05-23T00:39:24.368,421663,752,0.606,0.903,1.208,20.12,5000,44.26,1,39.1,0.043,1,0.594,0.0,70
2026-05-23T00:39:24.494,421768,547,0.441,0.657,0.47,20.12,5000,44.26,1,39.1,0.043,1,0.594,0.0,70
2026-05-23T00:39:24.616,421872,849,0.684,1.019,1.557,20.12,5000,44.26,1,39.1,0.043,1,0.594,0.0,70
2026-05-23T00:39:24.679,421977,1048,0.845,1.258,2.274,20.12,5000,44.26,1,39.1,0.043,1,0.594,0.0,70
2026-05-23T00:39:24.804,422082,838,0.675,1.006,1.518,20.12,5000,44.26,1,39.1,0.043,1,0.594,0.0,70
2026-05-23T00:39:24.928,422187,520,0.419,0.624,0.373,20.12,5000,44.26,1,39.1,0.043,1,0.594,0.0,70
2026-05-23T00:39:24.989,422291,611,0.492,0.733,0.7,20.12,5000,44.26,1,39.1,0.043,1,0.594,0.0,70
2026-05-23T00:39:25.113,422395,944,0.761,1.133,1.899,20.12,5000,44.26,1,39.1,0.043,1,0.594,0.0,70
2026-05-23T00:39:25.239,422500,1013,0.816,1.216,2.148,20.12,5000,44.26,1,39.1,0.043,1,0.594,0.0,70
2026-05-23T00:39:25.301,422605,743,0.599,0.892,1.176,20.12,5000,44.26,1,39.1,0.043,1,0.594,0.0,70
2026-05-23T00:39:25.425,422711,513,0.413,0.616,0.347,20.12,5000,44.26,1,37.0,0.044,1,0.614,0.0,70
2026-05-23T00:39:25.553,422815,806,0.65,0.967,1.402,20.12,5000,44.26,1,37.0,0.044,1,0.614,0.0,70
2026-05-23T00:39:25.614,422919,1012,0.816,1.215,2.144,20.12,5000,44.26,1,37.0,0.044,1,0.614,0.0,70
2026-05-23T00:39:25.741,423024,926,0.746,1.112,1.835,20.12,5000,44.26,1,37.0,0.044,1,0.614,0.0,70
2026-05-23T00:39:25.866,423129,577,0.465,0.693,0.578,20.12,5000,44.26,1,37.0,0.044,1,0.614,0.0,70
2026-05-23T00:39:25.929,423233,552,0.445,0.663,0.488,20.12,5000,44.26,1,37.0,0.044,1,0.614,0.0,70
2026-05-23T00:39:26.055,423337,816,0.658,0.979,1.438,20.12,5000,44.26,1,37.0,0.044,1,0.614,0.0,70
2026-05-23T00:39:26.179,423441,1013,0.816,1.216,2.148,20.12,5000,44.26,1,37.0,0.044,1,0.614,0.0,70
2026-05-23T00:39:26.243,423546,922,0.743,1.107,1.82,20.12,5000,44.26,1,37.0,0.044,1,0.614,0.0,70
2026-05-23T00:39:26.425,423683,716,0.577,0.859,1.078,20.12,5000,44.26,1,33.34,0.048,1,0.624,0.0,70
2026-05-23T00:39:26.489,423787,912,0.735,1.095,1.784,20.12,5000,44.26,1,33.34,0.048,1,0.624,0.0,70
2026-05-23T00:39:26.611,423892,571,0.46,0.685,0.556,20.12,5000,44.26,1,33.34,0.048,1,0.624,0.0,70
2026-05-23T00:39:26.735,423996,566,0.456,0.679,0.538,20.12,5000,44.26,1,33.34,0.048,1,0.624,0.0,70
2026-05-23T00:39:26.797,424100,846,0.682,1.015,1.546,20.12,5000,44.26,1,33.34,0.048,1,0.624,0.0,70
2026-05-23T00:39:26.922,424205,1030,0.83,1.236,2.209,20.12,5000,44.26,1,33.34,0.048,1,0.624,0.0,70
2026-05-23T00:39:27.047,424310,828,0.667,0.994,1.482,20.12,5000,44.26,1,33.34,0.048,1,0.624,0.0,70
2026-05-23T00:39:27.110,424414,563,0.454,0.676,0.527,20.12,5000,44.26,1,33.34,0.048,1,0.624,0.0,70
2026-05-23T00:39:27.234,424518,577,0.465,0.693,0.578,20.12,5000,44.26,1,33.34,0.048,1,0.624,0.0,70
2026-05-23T00:39:27.359,424622,862,0.695,1.035,1.604,20.12,5000,44.26,1,33.34,0.048,1,0.624,0.0,70
2026-05-23T00:39:27.420,424730,874,0.704,1.049,1.647,20.12,5000,44.26,1,29.7,0.054,1,0.623,0.0,70
2026-05-23T00:39:27.545,424835,589,0.475,0.707,0.621,20.12,5000,44.26,1,29.7,0.054,1,0.623,0.0,70
2026-05-23T00:39:27.669,424939,560,0.451,0.672,0.517,20.12,5000,44.26,1,29.7,0.054,1,0.623,0.0,70
2026-05-23T00:39:27.731,425043,810,0.653,0.972,1.417,20.12,5000,44.26,1,29.7,0.054,1,0.623,0.0,70
2026-05-23T00:39:27.856,425147,1005,0.81,1.206,2.119,20.12,5000,44.26,1,29.7,0.054,1,0.623,0.0,70
2026-05-23T00:39:27.979,425252,915,0.737,1.098,1.795,20.12,5000,44.26,1,29.7,0.054,1,0.623,0.0,70
2026-05-23T00:39:28.043,425357,578,0.466,0.694,0.581,20.12,5000,44.26,1,29.7,0.054,1,0.623,0.0,70
2026-05-23T00:39:28.168,425461,565,0.455,0.678,0.535,20.12,5000,44.26,1,29.7,0.054,1,0.623,0.0,70
2026-05-23T00:39:28.293,425565,821,0.662,0.985,1.456,20.12,5000,44.26,1,29.7,0.054,1,0.623,0.0,70
2026-05-23T00:39:28.415,425702,941,0.758,1.13,1.889,20.12,5000,44.26,1,25.08,0.072,1,0.553,0.0,70
2026-05-23T00:39:28.540,425807,913,0.736,1.096,1.788,20.12,5000,44.26,1,25.08,0.072,1,0.553,0.0,70
2026-05-23T00:39:28.603,425912,995,0.802,1.194,2.083,20.12,5000,44.26,1,25.08,0.072,1,0.553,0.0,70
2026-05-23T00:39:28.725,426017,745,0.6,0.894,1.183,20.12,5000,44.26,1,25.08,0.072,1,0.553,0.0,70
2026-05-23T00:39:28.847,426121,540,0.435,0.648,0.445,20.12,5000,44.26,1,25.08,0.072,1,0.553,0.0,70
2026-05-23T00:39:28.910,426225,631,0.508,0.757,0.772,20.12,5000,44.26,1,25.08,0.072,1,0.553,0.0,70
2026-05-23T00:39:29.037,426329,919,0.741,1.103,1.809,20.12,5000,44.26,1,25.08,0.072,1,0.553,0.0,70
2026-05-23T00:39:29.161,426434,994,0.801,1.193,2.079,20.12,5000,44.26,1,25.08,0.072,1,0.553,0.0,70
2026-05-23T00:39:29.225,426539,736,0.593,0.883,1.15,20.12,5000,44.26,1,25.08,0.072,1,0.553,0.0,70
2026-05-23T00:39:29.348,426643,547,0.441,0.657,0.47,20.12,5000,44.26,1,25.08,0.072,1,0.553,0.0,70
2026-05-23T00:39:29.475,426749,766,0.617,0.919,1.258,20.12,5000,44.26,1,22.43,0.075,1,0.594,0.0,70
2026-05-23T00:39:29.534,426853,992,0.799,1.191,2.072,20.12,5000,44.26,1,22.43,0.075,1,0.594,0.0,70
2026-05-23T00:39:29.659,426958,898,0.724,1.078,1.734,20.12,5000,44.26,1,22.43,0.075,1,0.594,0.0,70
2026-05-23T00:39:29.784,427063,596,0.48,0.715,0.646,20.12,5000,44.26,1,22.43,0.075,1,0.594,0.0,70
2026-05-23T00:39:29.845,427167,573,0.462,0.688,0.563,20.12,5000,44.26,1,22.43,0.075,1,0.594,0.0,70
2026-05-23T00:39:29.971,427271,801,0.645,0.961,1.384,20.12,5000,44.26,1,22.43,0.075,1,0.594,0.0,70
2026-05-23T00:39:30.097,427375,979,0.789,1.175,2.025,20.12,5000,44.26,1,22.43,0.075,1,0.594,0.0,70
2026-05-23T00:39:30.157,427480,877,0.707,1.053,1.658,20.12,5000,44.26,1,22.43,0.075,1,0.594,0.0,70
2026-05-23T00:39:30.283,427585,578,0.466,0.694,0.581,20.12,5000,44.26,1,22.43,0.075,1,0.594,0.0,70
2026-05-23T00:39:30.406,427726,547,0.441,0.657,0.47,20.12,5000,44.26,1,16.65,0.068,0,0.0,0.0,70
2026-05-23T00:39:30.530,427830,597,0.481,0.717,0.65,20.12,5000,44.26,1,16.65,0.068,0,0.0,0.0,70
2026-05-23T00:39:30.655,427934,841,0.678,1.009,1.528,20.12,5000,44.26,1,16.65,0.068,0,0.0,0.0,70
2026-05-23T00:39:30.716,428038,978,0.788,1.174,2.022,20.12,5000,44.26,1,16.65,0.068,0,0.0,0.0,70
2026-05-23T00:39:30.841,428142,888,0.716,1.066,1.698,20.12,5000,44.26,1,16.65,0.068,0,0.0,0.0,70
2026-05-23T00:39:30.965,428246,663,0.534,0.796,0.887,20.12,5000,44.26,1,16.65,0.068,0,0.0,0.0,70
2026-05-23T00:39:31.027,428350,558,0.45,0.67,0.509,20.12,5000,44.26,1,16.65,0.068,0,0.0,0.0,70
2026-05-23T00:39:31.153,428454,712,0.574,0.855,1.064,20.12,5000,44.26,1,16.65,0.068,0,0.0,0.0,70
2026-05-23T00:39:31.279,428558,934,0.753,1.121,1.863,20.12,5000,44.26,1,16.65,0.068,0,0.0,0.0,70
2026-05-23T00:39:31.339,428662,949,0.765,1.139,1.917,20.12,5000,44.26,1,16.65,0.068,0,0.0,0.0,70
2026-05-23T00:39:31.464,428769,566,0.456,0.679,0.538,20.12,5000,44.26,1,12.55,0.063,0,0.0,0.0,70
2026-05-23T00:39:31.589,428873,587,0.473,0.705,0.614,20.12,5000,44.26,1,12.55,0.063,0,0.0,0.0,70
2026-05-23T00:39:31.652,428977,795,0.641,0.954,1.363,20.12,5000,44.26,1,12.55,0.063,0,0.0,0.0,70
2026-05-23T00:39:31.776,429081,957,0.771,1.149,1.946,20.12,5000,44.26,1,12.55,0.063,0,0.0,0.0,70
2026-05-23T00:39:31.901,429185,915,0.737,1.098,1.795,20.12,5000,44.26,1,12.55,0.063,0,0.0,0.0,70
2026-05-23T00:39:31.960,429289,701,0.565,0.841,1.024,20.12,5000,44.26,1,12.55,0.063,0,0.0,0.0,70
2026-05-23T00:39:32.085,429393,570,0.459,0.684,0.553,20.12,5000,44.26,1,12.55,0.063,0,0.0,0.0,70
2026-05-23T00:39:32.210,429497,684,0.551,0.821,0.963,20.12,5000,44.26,1,12.55,0.063,0,0.0,0.0,70
2026-05-23T00:39:32.273,429601,895,0.721,1.074,1.723,20.12,5000,44.26,1,12.55,0.063,0,0.0,0.0,70
2026-05-23T00:39:32.461,429740,949,0.765,1.139,1.917,20.12,5000,44.26,1,10.05,0.025,0,0.0,0.0,70
2026-05-23T00:39:32.522,429845,957,0.771,1.149,1.946,20.12,5000,44.26,1,10.05,0.025,0,0.0,0.0,70
2026-05-23T00:39:32.646,429949,837,0.675,1.005,1.514,20.12,5000,44.26,1,10.05,0.025,0,0.0,0.0,70
2026-05-23T00:39:32.772,430053,627,0.505,0.753,0.758,20.12,5000,44.26,1,10.05,0.025,0,0.0,0.0,70
2026-05-23T00:39:32.833,430157,595,0.479,0.714,0.643,20.12,5000,44.26,1,10.05,0.025,0,0.0,0.0,70
2026-05-23T00:39:32.957,430261,767,0.618,0.921,1.262,20.12,5000,44.26,1,10.05,0.025,0,0.0,0.0,70
2026-05-23T00:39:33.081,430365,937,0.755,1.125,1.874,20.12,5000,44.26,1,10.05,0.025,0,0.0,0.0,70
2026-05-23T00:39:33.142,430469,909,0.733,1.091,1.773,20.12,5000,44.26,1,10.05,0.025,0,0.0,0.0,70
2026-05-23T00:39:33.266,430573,726,0.585,0.871,1.114,20.12,5000,44.26,1,10.05,0.025,0,0.0,0.0,70
2026-05-23T00:39:33.389,430677,587,0.473,0.705,0.614,20.12,5000,44.26,1,10.05,0.025,0,0.0,0.0,70
2026-05-23T00:39:33.453,430778,552,0.445,0.663,0.488,20.12,5000,44.26,1,5.89,0.0,0,0.0,0.0,70
2026-05-23T00:39:33.576,430882,692,0.558,0.831,0.992,20.12,5000,44.26,1,5.89,0.0,0,0.0,0.0,70
2026-05-23T00:39:33.701,430986,888,0.716,1.066,1.698,20.12,5000,44.26,1,5.89,0.0,0,0.0,0.0,70
2026-05-23T00:39:33.763,431090,937,0.755,1.125,1.874,20.12,5000,44.26,1,5.89,0.0,0,0.0,0.0,70
2026-05-23T00:39:33.888,431194,782,0.63,0.939,1.316,20.12,5000,44.26,1,5.89,0.0,0,0.0,0.0,70
2026-05-23T00:39:34.014,431298,612,0.493,0.735,0.704,20.12,5000,44.26,1,5.89,0.0,0,0.0,0.0,70
2026-05-23T00:39:34.076,431402,622,0.501,0.747,0.74,20.12,5000,44.26,1,5.89,0.0,0,0.0,0.0,70
2026-05-23T00:39:34.200,431506,803,0.647,0.964,1.392,20.12,5000,44.26,1,5.89,0.0,0,0.0,0.0,70
2026-05-23T00:39:34.324,431610,940,0.758,1.128,1.885,20.12,5000,44.26,1,5.89,0.0,0,0.0,0.0,70
2026-05-23T00:39:34.448,431759,624,0.503,0.749,0.747,20.12,5000,44.26,1,1.26,0.0,0,0.0,0.0,70
2026-05-23T00:39:34.573,431864,633,0.51,0.76,0.779,20.12,5000,44.26,1,1.26,0.0,0,0.0,0.0,70
2026-05-23T00:39:34.637,431968,824,0.664,0.989,1.467,20.12,5000,44.26,1,1.26,0.0,0,0.0,0.0,70
2026-05-23T00:39:34.759,432072,948,0.764,1.138,1.914,20.12,5000,44.26,1,1.26,0.0,0,0.0,0.0,70
2026-05-23T00:39:34.882,432176,869,0.7,1.043,1.629,20.12,5000,44.26,1,1.26,0.0,0,0.0,0.0,70
2026-05-23T00:39:34.944,432280,672,0.542,0.807,0.92,20.12,5000,44.26,1,1.26,0.0,0,0.0,0.0,70
2026-05-23T00:39:35.070,432384,600,0.484,0.72,0.661,20.12,5000,44.26,1,1.26,0.0,0,0.0,0.0,70
2026-05-23T00:39:35.192,432488,727,0.586,0.873,1.118,20.12,5000,44.26,1,1.26,0.0,0,0.0,0.0,70
2026-05-23T00:39:35.254,432592,906,0.73,1.087,1.762,20.12,5000,44.26,1,1.26,0.0,0,0.0,0.0,70
2026-05-23T00:39:35.378,432696,932,0.751,1.119,1.856,20.12,5000,44.26,1,1.26,0.0,0,0.0,0.0,70
2026-05-23T00:39:35.505,432797,854,0.688,1.025,1.575,20.12,5000,44.26,1,0.42,0.0,0,0.0,0.0,70
2026-05-23T00:39:35.568,432901,728,0.587,0.874,1.122,20.12,5000,44.26,1,0.42,0.0,0,0.0,0.0,70
2026-05-23T00:39:35.693,433005,596,0.48,0.715,0.646,20.12,5000,44.26,1,0.42,0.0,0,0.0,0.0,70
2026-05-23T00:39:35.820,433109,663,0.534,0.796,0.887,20.12,5000,44.26,1,0.42,0.0,0,0.0,0.0,70
2026-05-23T00:39:35.881,433213,854,0.688,1.025,1.575,20.12,5000,44.26,1,0.42,0.0,0,0.0,0.0,70
2026-05-23T00:39:36.004,433317,943,0.76,1.132,1.896,20.12,5000,44.26,1,0.42,0.0,0,0.0,0.0,70
2026-05-23T00:39:36.068,433421,834,0.672,1.001,1.503,20.12,5000,44.26,1,0.42,0.0,0,0.0,0.0,70
2026-05-23T00:39:36.193,433525,649,0.523,0.779,0.837,20.12,5000,44.26,1,0.42,0.0,0,0.0,0.0,70
2026-05-23T00:39:36.319,433629,606,0.488,0.727,0.682,20.12,5000,44.26,1,0.42,0.0,0,0.0,0.0,70
2026-05-23T00:39:36.443,433779,848,0.683,1.018,1.554,20.12,5000,44.26,1,0.42,0.0,0,0.0,0.0,70
2026-05-23T00:39:36.568,433883,813,0.655,0.976,1.428,20.12,5000,44.26,1,0.42,0.0,0,0.0,0.0,70
2026-05-23T00:39:36.693,433987,630,0.508,0.756,0.769,20.12,5000,44.26,1,0.42,0.0,0,0.0,0.0,70
2026-05-23T00:39:36.754,434091,608,0.49,0.73,0.689,20.12,5000,44.26,1,0.42,0.0,0,0.0,0.0,70
2026-05-23T00:39:36.882,434195,776,0.625,0.931,1.294,20.12,5000,44.26,1,0.42,0.0,0,0.0,0.0,70
2026-05-23T00:39:36.944,434299,931,0.75,1.118,1.853,20.12,5000,44.26,1,0.42,0.0,0,0.0,0.0,70
2026-05-23T00:39:37.068,434403,907,0.731,1.089,1.766,20.12,5000,44.26,1,0.42,0.0,0,0.0,0.0,70
2026-05-23T00:39:37.189,434507,717,0.578,0.861,1.082,20.12,5000,44.26,1,0.42,0.0,0,0.0,0.0,70
2026-05-23T00:39:37.316,434611,593,0.478,0.712,0.635,20.12,5000,44.26,1,0.42,0.0,0,0.0,0.0,70
2026-05-23T00:39:37.377,434715,731,0.589,0.877,1.132,20.12,5000,44.26,1,0.42,0.0,0,0.0,0.0,70
2026-05-23T00:39:37.501,434816,782,0.63,0.939,1.316,20.12,5000,44.26,1,0.42,0.0,0,0.0,0.0,70
2026-05-23T00:39:37.566,434920,993,0.8,1.192,2.076,20.12,5000,44.26,1,0.42,0.0,0,0.0,0.0,70
2026-05-23T00:39:37.690,435024,1073,0.865,1.288,2.364,20.12,5000,44.26,1,0.42,0.0,0,0.0,0.0,70
2026-05-23T00:39:37.815,435128,701,0.565,0.841,1.024,20.12,5000,44.26,1,0.42,0.0,0,0.0,0.0,70
2026-05-23T00:39:37.875,435232,532,0.429,0.639,0.416,20.12,5000,44.26,1,0.42,0.0,0,0.0,0.0,70
2026-05-23T00:39:38.003,435336,606,0.488,0.727,0.682,20.12,5000,44.26,1,0.42,0.0,0,0.0,0.0,70
2026-05-23T00:39:38.127,435440,920,0.741,1.104,1.813,20.12,5000,44.26,1,0.42,0.0,0,0.0,0.0,70
2026-05-23T00:39:38.188,435544,1122,0.904,1.347,2.54,20.12,5000,44.26,1,0.42,0.0,0,0.0,0.0,70
2026-05-23T00:39:38.315,435648,878,0.708,1.054,1.662,20.12,5000,44.26,1,0.42,0.0,0,0.0,0.0,70
2026-05-23T00:39:38.439,435798,912,0.735,1.095,1.784,20.12,5000,44.26,1,0.0,0.0,0,0.0,0.0,70
2026-05-23T00:39:38.563,435902,935,0.753,1.122,1.867,20.12,5000,44.26,1,0.0,0.0,0,0.0,0.0,70
2026-05-23T00:39:38.686,436006,1138,0.917,1.366,2.598,20.12,5000,44.26,1,0.0,0.0,0,0.0,0.0,70
2026-05-23T00:39:38.811,436110,837,0.675,1.005,1.514,20.12,5000,44.26,1,0.0,0.0,0,0.0,0.0,70
2026-05-23T00:39:38.874,436214,607,0.489,0.729,0.686,20.12,5000,44.26,1,0.0,0.0,0,0.0,0.0,70
2026-05-23T00:39:38.998,436318,450,0.363,0.54,0.12,20.12,5000,44.26,1,0.0,0.0,0,0.0,0.0,70
2026-05-23T00:39:39.058,436422,822,0.662,0.987,1.46,20.12,5000,44.26,1,0.0,0.0,0,0.0,0.0,70
2026-05-23T00:39:39.182,436526,1001,0.807,1.202,2.105,20.12,5000,44.26,1,0.0,0.0,0,0.0,0.0,70
2026-05-23T00:39:39.308,436630,1032,0.832,1.239,2.216,20.12,5000,44.26,1,0.0,0.0,0,0.0,0.0,70
2026-05-23T00:39:39.430,436734,676,0.545,0.811,0.934,20.12,5000,44.26,1,0.0,0.0,0,0.0,0.0,70
2026-05-23T00:39:39.492,436835,606,0.488,0.727,0.682,20.12,5000,44.26,1,0.0,0.0,0,0.0,0.0,70
2026-05-23T00:39:39.616,436939,455,0.367,0.546,0.138,20.12,5000,44.26,1,0.0,0.0,0,0.0,0.0,70
2026-05-23T00:39:39.679,437043,709,0.571,0.851,1.053,20.12,5000,44.26,1,0.0,0.0,0,0.0,0.0,70
2026-05-23T00:39:39.794,437147,957,0.771,1.149,1.946,20.12,5000,44.26,1,0.0,0.0,0,0.0,0.0,70
2026-05-23T00:39:39.909,437251,1144,0.922,1.373,2.62,20.12,5000,44.26,1,0.0,0.0,0,0.0,0.0,70
2026-05-23T00:39:40.031,437355,778,0.627,0.934,1.302,20.12,5000,44.26,1,0.0,0.0,0,0.0,0.0,70
2026-05-23T00:39:40.092,437459,588,0.474,0.706,0.617,20.12,5000,44.26,1,0.0,0.0,0,0.0,0.0,70
2026-05-23T00:39:40.202,437563,540,0.435,0.648,0.445,20.12,5000,44.26,1,0.0,0.0,0,0.0,0.0,70
2026-05-23T00:39:40.329,437667,875,0.705,1.05,1.651,20.12,5000,44.26,1,0.0,0.0,0,0.0,0.0,70
2026-05-23T00:39:40.451,437817,584,0.471,0.701,0.603,20.12,5000,44.26,1,0.0,0.0,0,0.0,0.0,70
2026-05-23T00:39:40.578,437921,566,0.456,0.679,0.538,20.12,5000,44.26,1,0.0,0.0,0,0.0,0.0,70
2026-05-23T00:39:40.703,438025,572,0.461,0.687,0.56,20.12,5000,44.26,1,0.0,0.0,0,0.0,0.0,70
2026-05-23T00:39:40.759,438129,890,0.717,1.068,1.705,20.12,5000,44.26,1,0.0,0.0,0,0.0,0.0,70
2026-05-23T00:39:40.873,438233,1081,0.871,1.298,2.393,20.12,5000,44.26,1,0.0,0.0,0,0.0,0.0,70
2026-05-23T00:39:40.997,438337,921,0.742,1.106,1.817,20.12,5000,44.26,1,0.0,0.0,0,0.0,0.0,70
2026-05-23T00:39:41.123,438441,624,0.503,0.749,0.747,20.12,5000,44.26,1,0.0,0.0,0,0.0,0.0,70
2026-05-23T00:39:41.184,438545,437,0.352,0.525,0.074,20.12,5000,44.26,1,0.0,0.0,0,0.0,0.0,70
2026-05-23T00:39:41.311,438649,756,0.609,0.907,1.222,20.12,5000,44.26,1,0.0,0.0,0,0.0,0.0,70
2026-05-23T00:39:41.421,438753,966,0.778,1.16,1.979,20.12,5000,44.26,1,0.0,0.0,0,0.0,0.0,70
2026-05-23T00:39:41.530,438855,1007,0.812,1.209,2.126,20.12,5000,44.26,1,0.0,0.0,0,0.0,0.0,70
2026-05-23T00:39:41.590,438959,938,0.756,1.126,1.878,20.12,5000,44.26,1,0.0,0.0,0,0.0,0.0,70
2026-05-23T00:39:41.690,439063,630,0.508,0.756,0.769,20.12,5000,44.26,1,0.0,0.0,0,0.0,0.0,70
2026-05-23T00:39:41.793,439167,446,0.359,0.535,0.106,20.12,5000,44.26,1,0.0,0.0,0,0.0,0.0,70
2026-05-23T00:39:41.946,439271,733,0.591,0.88,1.14,20.12,5000,44.26,1,0.0,0.0,0,0.0,0.0,70
2026-05-23T00:39:42.003,439375,959,0.773,1.151,1.953,20.12,5000,44.26,1,0.0,0.0,0,0.0,0.0,70
2026-05-23T00:39:42.117,439479,1114,0.898,1.337,2.512,20.12,5000,44.26,1,0.0,0.0,0,0.0,0.0,70
2026-05-23T00:39:42.242,439583,746,0.601,0.895,1.186,20.12,5000,44.26,1,0.0,0.0,0,0.0,0.0,70
