pc_timestamp,stm32_ms,adc_raw,adc_voltage_v,sensor_voltage_v,pressure_bar,duty_percent,frequency_hz,estimated_output_rms_v,jsy_online,jsy_voltage_rms_v,jsy_current_rms_a,jsy_active_power_w,jsy_power_factor,jsy_energy_kwh,jsy_error_count,valve_open_count,valve_state_label,valve_phase
2026-05-25T01:03:50.175,188250,493,0.397,0.592,0.275,20.0,5000,44.0,1,8.85,0.028,0,0.0,0.0,0,5,5 keran stabil,stable
2026-05-25T01:03:50.701,188816,495,0.399,0.594,0.282,20.0,5000,44.0,1,8.86,0.027,0,0.0,0.0,0,5,5 keran stabil,stable
2026-05-25T01:03:51.323,189440,500,0.403,0.6,0.3,20.0,5000,44.0,1,8.86,0.027,0,0.0,0.0,0,5,5 keran stabil,stable
2026-05-25T01:03:51.821,189957,494,0.398,0.593,0.279,20.0,5000,44.0,1,8.85,0.027,0,0.0,0.0,0,5,5 keran stabil,stable
2026-05-25T01:03:52.385,190523,493,0.397,0.592,0.275,20.0,5000,44.0,1,8.86,0.028,0,0.0,0.0,0,5,5 keran stabil,stable
2026-05-25T01:03:52.942,191044,497,0.401,0.597,0.29,20.0,5000,44.0,1,8.86,0.028,0,0.0,0.0,0,5,5 keran stabil,stable
2026-05-25T01:03:53.438,191561,499,0.402,0.599,0.297,20.0,5000,44.0,1,8.86,0.027,0,0.0,0.0,0,5,5 keran stabil,stable
2026-05-25T01:03:53.936,192081,477,0.384,0.573,0.218,20.0,5000,44.0,1,8.86,0.027,0,0.0,0.0,0,5,5 keran stabil,stable
2026-05-25T01:03:54.434,192543,496,0.4,0.595,0.286,20.0,5000,44.0,1,8.86,0.027,0,0.0,0.0,0,5,5 keran stabil,stable
2026-05-25T01:03:54.933,193063,494,0.398,0.593,0.279,20.0,5000,44.0,1,8.86,0.027,0,0.0,0.0,0,5,5 keran stabil,stable
2026-05-25T01:03:55.556,193685,497,0.401,0.597,0.29,20.0,5000,44.0,1,8.86,0.027,0,0.0,0.0,0,5,5 keran stabil,stable
2026-05-25T01:03:56.055,194205,495,0.399,0.594,0.282,20.0,5000,44.0,1,8.86,0.027,0,0.0,0.0,0,5,5 keran stabil,stable
2026-05-25T01:03:56.554,194657,495,0.399,0.594,0.282,20.0,5000,44.0,1,8.86,0.028,0,0.0,0.0,0,5,5 keran stabil,stable
2026-05-25T01:03:57.049,195177,491,0.396,0.589,0.268,20.0,5000,44.0,1,8.86,0.028,0,0.0,0.0,0,5,5 keran stabil,stable
2026-05-25T01:03:57.547,195694,492,0.396,0.591,0.272,20.0,5000,44.0,1,8.86,0.027,0,0.0,0.0,0,5,5 keran stabil,stable
2026-05-25T01:03:58.106,196214,495,0.399,0.594,0.282,20.0,5000,44.0,1,8.86,0.027,0,0.0,0.0,0,5,5 keran stabil,stable
2026-05-25T01:03:58.669,196780,492,0.396,0.591,0.272,20.0,5000,44.0,1,8.86,0.028,0,0.0,0.0,0,5,5 keran stabil,stable
2026-05-25T01:03:59.167,197300,493,0.397,0.592,0.275,20.0,5000,44.0,1,8.86,0.028,0,0.0,0.0,0,5,5 keran stabil,stable
2026-05-25T01:03:59.789,197922,497,0.401,0.597,0.29,20.0,5000,44.0,1,8.86,0.027,0,0.0,0.0,0,5,5 keran stabil,stable
2026-05-25T01:04:00.287,198442,495,0.399,0.594,0.282,20.0,5000,44.0,1,8.86,0.027,0,0.0,0.0,0,5,5 keran stabil,stable
2026-05-25T01:04:00.849,198998,491,0.396,0.589,0.268,20.0,5000,44.0,1,8.86,0.028,0,0.0,0.0,0,5,5 keran stabil,stable
2026-05-25T01:04:01.347,199518,511,0.412,0.613,0.34,20.0,5000,44.0,1,8.86,0.028,0,0.0,0.0,0,5,5 keran stabil,stable
2026-05-25T01:04:01.908,200035,491,0.396,0.589,0.268,20.0,5000,44.0,1,8.86,0.027,0,0.0,0.0,0,5,5 keran stabil,stable
2026-05-25T01:04:02.471,200601,494,0.398,0.593,0.279,20.0,5000,44.0,1,8.86,0.028,0,0.0,0.0,0,5,5 keran stabil,stable
2026-05-25T01:04:02.969,201122,501,0.404,0.601,0.304,20.0,5000,44.0,1,8.86,0.028,0,0.0,0.0,0,5,5 keran stabil,stable
2026-05-25T01:04:03.467,201639,453,0.365,0.544,0.131,20.0,5000,44.0,1,8.86,0.027,0,0.0,0.0,0,5,5 keran stabil,stable
2026-05-25T01:04:04.028,202159,490,0.395,0.588,0.264,20.0,5000,44.0,1,8.86,0.027,0,0.0,0.0,0,5,5 keran stabil,stable
2026-05-25T01:04:04.590,202725,493,0.397,0.592,0.275,20.0,5000,44.0,1,8.86,0.027,0,0.0,0.0,0,5,5 keran stabil,stable
2026-05-25T01:04:05.215,203349,491,0.396,0.589,0.268,20.0,5000,44.0,1,8.86,0.027,0,0.0,0.0,0,5,5 keran stabil,stable
2026-05-25T01:04:05.716,203866,494,0.398,0.593,0.279,20.0,5000,44.0,1,8.86,0.027,0,0.0,0.0,0,5,5 keran stabil,stable
2026-05-25T01:04:06.216,204386,493,0.397,0.592,0.275,20.0,5000,44.0,1,8.86,0.027,0,0.0,0.0,0,5,5 keran stabil,stable
2026-05-25T01:04:06.773,204953,496,0.4,0.595,0.286,20.0,5000,44.0,1,8.86,0.027,0,0.0,0.0,0,5,5 keran stabil,stable
2026-05-25T01:04:07.334,205473,439,0.354,0.527,0.081,20.0,5000,44.0,1,8.86,0.027,0,0.0,0.0,0,5,5 keran stabil,stable
2026-05-25T01:04:07.830,205990,497,0.401,0.597,0.29,20.0,5000,44.0,1,8.86,0.028,0,0.0,0.0,0,5,5 keran stabil,stable
2026-05-25T01:04:08.510,206660,494,0.398,0.593,0.279,20.0,5000,44.0,1,8.85,0.027,0,0.0,0.0,0,5,5 keran stabil,stable
2026-05-25T01:04:09.007,207180,454,0.366,0.545,0.135,20.0,5000,44.0,1,8.85,0.027,0,0.0,0.0,0,5,5 keran stabil,stable
2026-05-25T01:04:09.504,207698,495,0.399,0.594,0.282,20.0,5000,44.0,1,8.85,0.027,0,0.0,0.0,0,5,5 keran stabil,stable
2026-05-25T01:04:10.062,208218,497,0.401,0.597,0.29,20.0,5000,44.0,1,8.85,0.027,0,0.0,0.0,0,5,5 keran stabil,stable
2026-05-25T01:04:10.563,208774,495,0.399,0.594,0.282,20.0,5000,44.0,1,8.85,0.027,0,0.0,0.0,0,5,5 keran stabil,stable
2026-05-25T01:04:11.121,209294,499,0.402,0.599,0.297,20.0,5000,44.0,1,8.85,0.027,0,0.0,0.0,0,5,5 keran stabil,stable
2026-05-25T01:04:11.743,209915,496,0.4,0.595,0.286,20.0,5000,44.0,1,8.86,0.028,0,0.0,0.0,0,5,5 keran stabil,stable
2026-05-25T01:04:12.239,210435,495,0.399,0.594,0.282,20.0,5000,44.0,1,8.86,0.028,0,0.0,0.0,0,5,5 keran stabil,stable
2026-05-25T01:04:12.735,210898,497,0.401,0.597,0.29,20.0,5000,44.0,1,8.77,0.027,0,0.0,0.0,0,5,5 keran stabil,stable
2026-05-25T01:04:13.231,211418,497,0.401,0.597,0.29,20.0,5000,44.0,1,8.77,0.027,0,0.0,0.0,0,5,5 keran stabil,stable
2026-05-25T01:04:13.851,212039,493,0.397,0.592,0.275,20.0,5000,44.0,1,8.85,0.027,0,0.0,0.0,0,5,5 keran stabil,stable
2026-05-25T01:04:14.353,212559,495,0.399,0.594,0.282,20.0,5000,44.0,1,8.85,0.027,0,0.0,0.0,0,5,5 keran stabil,stable
2026-05-25T01:04:14.852,213022,495,0.399,0.594,0.282,20.0,5000,44.0,1,2.13,0.0,0,0.0,0.0,0,5,5 keran stabil,stable
2026-05-25T01:04:15.351,213542,496,0.4,0.595,0.286,20.0,5000,44.0,1,2.13,0.0,0,0.0,0.0,0,5,5 keran stabil,stable
2026-05-25T01:04:15.850,214064,497,0.401,0.597,0.29,20.0,5000,44.0,1,0.0,0.0,0,0.0,0.0,0,5,5 keran stabil,stable
2026-05-25T01:04:16.353,214584,495,0.399,0.594,0.282,20.0,5000,44.0,1,0.0,0.0,0,0.0,0.0,0,5,5 keran stabil,stable
2026-05-25T01:04:16.850,215031,494,0.398,0.593,0.279,20.0,5000,44.0,1,0.15,0.0,0,0.0,0.0,0,5,5 keran stabil,stable
2026-05-25T01:04:17.345,215551,494,0.398,0.593,0.279,20.0,5000,44.0,1,0.15,0.0,0,0.0,0.0,0,5,5 keran stabil,stable
2026-05-25T01:04:17.842,216069,497,0.401,0.597,0.29,20.0,5000,44.0,1,7.22,0.024,0,0.0,0.0,0,5,5 keran stabil,stable
2026-05-25T01:04:18.401,216589,511,0.412,0.613,0.34,20.0,5000,44.0,1,7.22,0.024,0,0.0,0.0,0,5,5 keran stabil,stable
2026-05-25T01:04:18.963,217145,494,0.398,0.593,0.279,20.0,5000,44.0,1,5.06,0.02,0,0.0,0.0,0,5,5 keran stabil,stable
2026-05-25T01:04:19.465,217665,494,0.398,0.593,0.279,20.0,5000,44.0,1,5.06,0.02,0,0.0,0.0,0,5,5 keran stabil,stable
2026-05-25T01:04:19.959,218182,496,0.4,0.595,0.286,20.0,5000,44.0,1,8.82,0.027,0,0.0,0.0,0,5,5 keran stabil,stable
2026-05-25T01:04:20.518,218748,491,0.396,0.589,0.268,20.0,5000,44.0,1,0.46,0.0,0,0.0,0.0,0,5,5 keran stabil,stable
2026-05-25T01:04:21.017,219268,493,0.397,0.592,0.275,20.0,5000,44.0,1,0.46,0.0,0,0.0,0.0,0,5,5 keran stabil,stable
2026-05-25T01:04:21.580,219786,496,0.4,0.595,0.286,20.0,5000,44.0,1,7.95,0.027,0,0.0,0.0,0,5,5 keran stabil,stable
2026-05-25T01:04:22.077,220306,492,0.396,0.591,0.272,20.0,5000,44.0,1,7.95,0.027,0,0.0,0.0,0,5,5 keran stabil,stable
2026-05-25T01:04:22.638,220862,496,0.4,0.595,0.286,20.0,5000,44.0,1,8.84,0.027,0,0.0,0.0,0,5,5 keran stabil,stable
2026-05-25T01:04:23.259,221486,497,0.401,0.597,0.29,20.0,5000,44.0,1,8.84,0.027,0,0.0,0.0,0,5,5 keran stabil,stable
2026-05-25T01:04:23.757,222003,493,0.397,0.592,0.275,20.0,5000,44.0,1,8.18,0.026,0,0.0,0.0,0,5,5 keran stabil,stable
2026-05-25T01:04:24.317,222523,483,0.389,0.58,0.239,20.0,5000,44.0,1,8.18,0.026,0,0.0,0.0,0,5,5 keran stabil,stable
2026-05-25T01:04:24.876,223090,494,0.398,0.593,0.279,20.0,5000,44.0,1,8.77,0.027,0,0.0,0.0,0,5,5 keran stabil,stable
2026-05-25T01:04:25.374,223610,492,0.396,0.591,0.272,20.0,5000,44.0,1,8.77,0.027,0,0.0,0.0,0,5,5 keran stabil,stable
2026-05-25T01:04:25.875,224127,494,0.398,0.593,0.279,20.0,5000,44.0,1,7.23,0.023,0,0.0,0.0,0,5,5 keran stabil,stable
2026-05-25T01:04:26.434,224647,497,0.401,0.597,0.29,20.0,5000,44.0,1,7.23,0.023,0,0.0,0.0,0,5,5 keran stabil,stable
2026-05-25T01:04:26.995,225213,493,0.397,0.592,0.275,20.0,5000,44.0,1,7.4,0.025,0,0.0,0.0,0,5,5 keran stabil,stable
2026-05-25T01:04:27.493,225733,495,0.399,0.594,0.282,20.0,5000,44.0,1,7.4,0.025,0,0.0,0.0,0,5,5 keran stabil,stable
2026-05-25T01:04:27.991,226251,495,0.399,0.594,0.282,20.0,5000,44.0,1,4.82,0.017,0,0.0,0.0,0,5,5 keran stabil,stable
2026-05-25T01:04:28.550,226806,497,0.401,0.597,0.29,20.0,5000,44.0,1,8.85,0.027,0,0.0,0.0,0,5,5 keran stabil,stable
2026-05-25T01:04:29.048,227327,492,0.396,0.591,0.272,20.0,5000,44.0,1,8.85,0.027,0,0.0,0.0,0,5,5 keran stabil,stable
2026-05-25T01:04:29.607,227844,496,0.4,0.595,0.286,20.0,5000,44.0,1,8.81,0.027,0,0.0,0.0,0,5,5 keran stabil,stable
2026-05-25T01:04:30.228,228468,489,0.394,0.587,0.261,20.0,5000,44.0,1,8.81,0.027,0,0.0,0.0,0,5,5 keran stabil,stable
2026-05-25T01:04:30.791,229035,491,0.396,0.589,0.268,20.0,5000,44.0,1,8.8,0.027,0,0.0,0.0,0,5,5 keran stabil,stable
2026-05-25T01:04:31.290,229555,487,0.392,0.585,0.254,20.0,5000,44.0,1,8.8,0.027,0,0.0,0.0,0,5,5 keran stabil,stable
2026-05-25T01:04:31.787,230072,496,0.4,0.595,0.286,20.0,5000,44.0,1,8.85,0.027,0,0.0,0.0,0,5,5 keran stabil,stable
2026-05-25T01:04:32.353,230592,493,0.397,0.592,0.275,20.0,5000,44.0,1,8.85,0.027,0,0.0,0.0,0,5,5 keran stabil,stable
2026-05-25T01:04:32.911,231158,494,0.398,0.593,0.279,20.0,5000,44.0,1,8.85,0.027,0,0.0,0.0,0,5,5 keran stabil,stable
2026-05-25T01:04:33.412,231678,487,0.392,0.585,0.254,20.0,5000,44.0,1,8.85,0.027,0,0.0,0.0,0,5,5 keran stabil,stable
2026-05-25T01:04:33.908,232195,494,0.398,0.593,0.279,20.0,5000,44.0,1,8.85,0.027,0,0.0,0.0,0,5,5 keran stabil,stable
2026-05-25T01:04:34.468,232715,510,0.411,0.612,0.337,20.0,5000,44.0,1,8.85,0.027,0,0.0,0.0,0,5,5 keran stabil,stable
2026-05-25T01:04:35.030,233282,472,0.38,0.567,0.2,20.0,5000,44.0,1,8.84,0.027,0,0.0,0.0,0,5,5 keran stabil,stable
2026-05-25T01:04:35.653,233903,495,0.399,0.594,0.282,20.0,5000,44.0,1,8.85,0.027,0,0.0,0.0,0,5,5 keran stabil,stable
2026-05-25T01:04:36.275,234527,493,0.397,0.592,0.275,20.0,5000,44.0,1,8.85,0.027,0,0.0,0.0,0,5,5 keran stabil,stable
2026-05-25T01:04:36.835,235093,493,0.397,0.592,0.275,20.0,5000,44.0,1,8.85,0.027,0,0.0,0.0,0,5,5 keran stabil,stable
2026-05-25T01:04:37.333,235613,493,0.397,0.592,0.275,20.0,5000,44.0,1,8.85,0.027,0,0.0,0.0,0,5,5 keran stabil,stable
2026-05-25T01:04:37.834,236131,500,0.403,0.6,0.3,20.0,5000,44.0,1,8.26,0.027,0,0.0,0.0,0,5,5 keran stabil,stable
2026-05-25T01:04:38.394,236651,483,0.389,0.58,0.239,20.0,5000,44.0,1,8.26,0.027,0,0.0,0.0,0,5,5 keran stabil,stable
2026-05-25T01:04:38.891,237207,491,0.396,0.589,0.268,20.0,5000,44.0,1,8.54,0.027,0,0.0,0.0,0,5,5 keran stabil,stable
2026-05-25T01:04:39.453,237727,490,0.395,0.588,0.264,20.0,5000,44.0,1,8.54,0.027,0,0.0,0.0,0,5,5 keran stabil,stable
2026-05-25T01:04:39.952,238245,497,0.401,0.597,0.29,20.0,5000,44.0,1,8.84,0.027,0,0.0,0.0,0,5,5 keran stabil,stable
2026-05-25T01:04:40.450,238765,494,0.398,0.593,0.279,20.0,5000,44.0,1,8.84,0.027,0,0.0,0.0,0,5,5 keran stabil,stable
2026-05-25T01:04:41.057,239321,495,0.399,0.594,0.282,20.0,5000,44.0,1,9.23,0.028,0,0.0,0.0,0,5,5 keran stabil,stable
2026-05-25T01:04:41.677,239947,494,0.398,0.593,0.279,20.0,5000,44.0,1,12.04,0.04,0,0.0,0.0,0,5,5 keran stabil,stable
2026-05-25T01:04:42.177,240467,495,0.399,0.594,0.282,20.0,5000,44.0,1,12.04,0.04,0,0.0,0.0,0,5,5 keran stabil,stable
2026-05-25T01:04:42.739,241019,490,0.395,0.588,0.264,20.0,5000,44.0,1,13.23,0.046,0,0.0,0.0,0,5,5 keran stabil,stable
2026-05-25T01:04:43.237,241539,495,0.399,0.594,0.282,20.0,5000,44.0,1,13.23,0.046,0,0.0,0.0,0,5,5 keran stabil,stable
2026-05-25T01:04:43.734,242056,494,0.398,0.593,0.279,20.0,5000,44.0,1,13.23,0.046,0,0.0,0.0,0,5,5 keran stabil,stable
2026-05-25T01:04:44.296,242576,492,0.396,0.591,0.272,20.0,5000,44.0,1,13.23,0.046,0,0.0,0.0,0,5,5 keran stabil,stable
2026-05-25T01:04:44.855,243143,492,0.396,0.591,0.272,20.0,5000,44.0,1,13.23,0.046,0,0.0,0.0,0,5,5 keran stabil,stable
2026-05-25T01:04:45.354,243663,494,0.398,0.593,0.279,20.0,5000,44.0,1,13.23,0.046,0,0.0,0.0,0,5,5 keran stabil,stable
2026-05-25T01:04:45.849,244180,493,0.397,0.592,0.275,20.0,5000,44.0,1,13.23,0.046,0,0.0,0.0,0,5,5 keran stabil,stable
2026-05-25T01:04:46.414,244700,493,0.397,0.592,0.275,20.0,5000,44.0,1,13.23,0.046,0,0.0,0.0,0,5,5 keran stabil,stable
2026-05-25T01:04:46.972,245267,495,0.399,0.594,0.282,20.0,5000,44.0,1,13.23,0.046,0,0.0,0.0,0,5,5 keran stabil,stable
2026-05-25T01:04:47.469,245787,495,0.399,0.594,0.282,20.0,5000,44.0,1,13.23,0.046,0,0.0,0.0,0,5,5 keran stabil,stable
2026-05-25T01:04:47.969,246304,490,0.395,0.588,0.264,20.0,5000,44.0,1,13.23,0.046,0,0.0,0.0,0,5,5 keran stabil,stable
2026-05-25T01:04:48.529,246824,490,0.395,0.588,0.264,20.0,5000,44.0,1,13.23,0.046,0,0.0,0.0,0,5,5 keran stabil,stable
2026-05-25T01:04:49.092,247390,493,0.397,0.592,0.275,20.0,5000,44.0,1,13.23,0.046,0,0.0,0.0,0,5,5 keran stabil,stable
2026-05-25T01:04:49.714,248012,491,0.396,0.589,0.268,20.0,5000,44.0,1,13.24,0.046,0,0.0,0.0,0,5,5 keran stabil,stable
2026-05-25T01:04:50.210,248532,491,0.396,0.589,0.268,20.0,5000,44.0,1,13.24,0.046,0,0.0,0.0,0,5,5 keran stabil,stable
2026-05-25T01:04:50.770,249088,492,0.396,0.591,0.272,20.0,5000,44.0,1,13.24,0.046,0,0.0,0.0,0,5,5 keran stabil,stable
2026-05-25T01:04:51.268,249608,495,0.399,0.594,0.282,20.0,5000,44.0,1,13.24,0.046,0,0.0,0.0,0,5,5 keran stabil,stable
2026-05-25T01:04:51.764,250125,495,0.399,0.594,0.282,20.0,5000,44.0,1,13.49,0.048,0,0.0,0.0,0,5,5 keran stabil,stable
2026-05-25T01:04:52.322,250645,493,0.397,0.592,0.275,20.0,5000,44.0,1,13.49,0.048,0,0.0,0.0,0,5,5 keran stabil,stable
2026-05-25T01:04:52.883,251212,500,0.403,0.6,0.3,20.0,5000,44.0,1,16.54,0.065,0,0.0,0.0,0,5,5 keran stabil,stable
2026-05-25T01:04:53.382,251732,488,0.393,0.586,0.257,20.0,5000,44.0,1,16.54,0.065,0,0.0,0.0,0,5,5 keran stabil,stable
2026-05-25T01:04:53.878,252249,491,0.396,0.589,0.268,20.0,5000,44.0,1,18.68,0.077,1,0.695,0.0,0,5,5 keran stabil,stable
2026-05-25T01:04:54.438,252769,490,0.395,0.588,0.264,20.0,5000,44.0,1,18.68,0.077,1,0.695,0.0,0,5,5 keran stabil,stable
2026-05-25T01:04:55.000,253336,490,0.395,0.588,0.264,20.0,5000,44.0,1,19.06,0.08,1,0.655,0.0,0,5,5 keran stabil,stable
2026-05-25T01:04:55.501,253856,497,0.401,0.597,0.29,20.0,5000,44.0,1,19.06,0.08,1,0.655,0.0,0,5,5 keran stabil,stable
2026-05-25T01:04:55.999,254373,490,0.395,0.588,0.264,20.0,5000,44.0,1,19.07,0.08,1,0.655,0.0,0,5,5 keran stabil,stable
2026-05-25T01:04:56.560,254893,491,0.396,0.589,0.268,20.0,5000,44.0,1,19.07,0.08,1,0.655,0.0,0,5,5 keran stabil,stable
2026-05-25T01:04:57.120,255459,492,0.396,0.591,0.272,20.0,5000,44.0,1,19.08,0.08,1,0.655,0.0,0,5,5 keran stabil,stable
2026-05-25T01:04:57.619,255979,494,0.398,0.593,0.279,20.0,5000,44.0,1,19.08,0.08,1,0.655,0.0,0,5,5 keran stabil,stable
2026-05-25T01:04:58.116,256497,492,0.396,0.591,0.272,20.0,5000,44.0,1,19.08,0.08,1,0.655,0.0,0,5,5 keran stabil,stable
2026-05-25T01:04:58.677,257052,492,0.396,0.591,0.272,20.0,5000,44.0,1,19.08,0.08,1,0.655,0.0,0,5,5 keran stabil,stable
2026-05-25T01:04:59.237,257573,493,0.397,0.592,0.275,20.0,5000,44.0,1,19.08,0.08,1,0.655,0.0,0,5,5 keran stabil,stable
2026-05-25T01:04:59.733,258090,493,0.397,0.592,0.275,20.0,5000,44.0,1,19.07,0.08,1,0.655,0.0,0,5,5 keran stabil,stable
2026-05-25T01:05:00.233,258610,493,0.397,0.592,0.275,20.0,5000,44.0,1,19.07,0.08,1,0.655,0.0,0,5,5 keran stabil,stable
2026-05-25T01:05:00.797,259177,491,0.396,0.589,0.268,20.0,5000,44.0,1,19.07,0.08,1,0.655,0.0,0,5,5 keran stabil,stable
2026-05-25T01:05:01.294,259697,488,0.393,0.586,0.257,20.0,5000,44.0,1,19.07,0.08,1,0.655,0.0,0,5,5 keran stabil,stable
2026-05-25T01:05:01.854,260214,493,0.397,0.592,0.275,20.0,5000,44.0,1,19.07,0.08,1,0.655,0.0,0,5,5 keran stabil,stable
2026-05-25T01:05:02.353,260734,493,0.397,0.592,0.275,20.0,5000,44.0,1,19.07,0.08,1,0.655,0.0,0,5,5 keran stabil,stable
2026-05-25T01:05:02.847,261197,494,0.398,0.593,0.279,20.0,5000,44.0,1,19.07,0.08,1,0.655,0.0,0,5,5 keran stabil,stable
2026-05-25T01:05:03.346,261717,493,0.397,0.592,0.275,20.0,5000,44.0,1,19.07,0.08,1,0.655,0.0,0,5,5 keran stabil,stable
2026-05-25T01:05:03.844,262234,493,0.397,0.592,0.275,20.0,5000,44.0,1,18.88,0.079,1,0.67,0.0,0,5,5 keran stabil,stable
2026-05-25T01:05:04.341,262754,492,0.396,0.591,0.272,20.0,5000,44.0,1,18.88,0.079,1,0.67,0.0,0,5,5 keran stabil,stable
2026-05-25T01:05:04.963,263320,485,0.391,0.582,0.246,20.0,5000,44.0,1,19.06,0.08,1,0.655,0.0,0,5,5 keran stabil,stable
2026-05-25T01:05:05.449,263840,496,0.4,0.595,0.286,20.0,5000,44.0,1,19.06,0.08,1,0.655,0.0,0,5,5 keran stabil,stable
2026-05-25T01:05:06.070,264461,490,0.395,0.588,0.264,20.0,5000,44.0,1,19.08,0.08,1,0.655,0.0,0,5,5 keran stabil,stable
2026-05-25T01:05:06.570,264981,494,0.398,0.593,0.279,20.0,5000,44.0,1,19.08,0.08,1,0.655,0.0,0,5,5 keran stabil,stable
2026-05-25T01:05:07.068,265444,492,0.396,0.591,0.272,20.0,5000,44.0,1,19.07,0.08,1,0.655,0.0,0,5,5 keran stabil,stable
2026-05-25T01:05:07.568,265964,491,0.396,0.589,0.268,20.0,5000,44.0,1,19.07,0.08,1,0.655,0.0,0,5,5 keran stabil,stable
2026-05-25T01:05:08.066,266481,493,0.397,0.592,0.275,20.0,5000,44.0,1,19.07,0.08,1,0.655,0.0,0,5,5 keran stabil,stable
2026-05-25T01:05:08.626,267001,491,0.396,0.589,0.268,20.0,5000,44.0,1,19.07,0.08,1,0.655,0.0,0,5,5 keran stabil,stable
2026-05-25T01:05:09.185,267568,495,0.399,0.594,0.282,20.0,5000,44.0,1,19.07,0.08,1,0.655,0.0,0,5,5 keran stabil,stable
2026-05-25T01:05:09.804,268189,493,0.397,0.592,0.275,20.0,5000,44.0,1,19.06,0.08,1,0.655,0.0,0,5,5 keran stabil,stable
2026-05-25T01:05:10.300,268709,494,0.398,0.593,0.279,20.0,5000,44.0,1,19.06,0.08,1,0.655,0.0,0,5,5 keran stabil,stable
2026-05-25T01:05:10.862,269275,499,0.402,0.599,0.297,20.0,5000,44.0,1,19.06,0.08,1,0.655,0.0,0,5,5 keran stabil,stable
2026-05-25T01:05:11.361,269795,494,0.398,0.593,0.279,20.0,5000,44.0,1,19.06,0.08,1,0.655,0.0,0,5,5 keran stabil,stable
2026-05-25T01:05:11.926,270312,495,0.399,0.594,0.282,20.0,5000,44.0,1,19.07,0.08,1,0.655,0.0,0,5,5 keran stabil,stable
2026-05-25T01:05:12.426,270832,495,0.399,0.594,0.282,20.0,5000,44.0,1,19.07,0.08,1,0.655,0.0,0,5,5 keran stabil,stable
2026-05-25T01:05:12.986,271399,490,0.395,0.588,0.264,20.0,5000,44.0,1,19.04,0.079,1,0.664,0.0,0,5,5 keran stabil,stable
2026-05-25T01:05:13.487,271919,493,0.397,0.592,0.275,20.0,5000,44.0,1,19.04,0.079,1,0.664,0.0,0,5,5 keran stabil,stable
2026-05-25T01:05:13.986,272436,495,0.399,0.594,0.282,20.0,5000,44.0,1,18.7,0.078,1,0.685,0.0,0,5,5 keran stabil,stable
2026-05-25T01:05:14.546,272956,491,0.396,0.589,0.268,20.0,5000,44.0,1,18.7,0.078,1,0.685,0.0,0,5,5 keran stabil,stable
2026-05-25T01:05:15.106,273522,495,0.399,0.594,0.282,20.0,5000,44.0,1,14.8,0.055,0,0.0,0.0,0,5,5 keran stabil,stable
2026-05-25T01:05:15.732,274146,495,0.399,0.594,0.282,20.0,5000,44.0,1,14.8,0.055,0,0.0,0.0,0,5,5 keran stabil,stable
2026-05-25T01:05:16.352,274768,494,0.398,0.593,0.279,20.0,5000,44.0,1,12.07,0.04,0,0.0,0.0,0,5,5 keran stabil,stable
2026-05-25T01:05:16.910,275324,491,0.396,0.589,0.268,20.0,5000,44.0,1,5.73,0.018,0,0.0,0.0,0,5,5 keran stabil,stable
2026-05-25T01:05:17.408,275844,492,0.396,0.591,0.272,20.0,5000,44.0,1,5.73,0.018,0,0.0,0.0,0,5,5 keran stabil,stable
2026-05-25T01:05:17.909,276361,494,0.398,0.593,0.279,20.0,5000,44.0,1,1.46,0.0,0,0.0,0.0,0,5,5 keran stabil,stable
2026-05-25T01:05:18.468,276881,495,0.399,0.594,0.282,20.0,5000,44.0,1,1.46,0.0,0,0.0,0.0,0,5,5 keran stabil,stable
2026-05-25T01:05:19.028,277447,495,0.399,0.594,0.282,20.0,5000,44.0,1,0.0,0.0,0,0.0,0.0,0,5,5 keran stabil,stable
2026-05-25T01:05:19.528,277967,494,0.398,0.593,0.279,20.0,5000,44.0,1,0.0,0.0,0,0.0,0.0,0,5,5 keran stabil,stable
2026-05-25T01:05:20.150,278589,493,0.397,0.592,0.275,20.0,5000,44.0,1,0.0,0.0,0,0.0,0.0,0,5,5 keran stabil,stable
2026-05-25T01:05:20.649,279109,494,0.398,0.593,0.279,20.0,5000,44.0,1,0.0,0.0,0,0.0,0.0,0,5,5 keran stabil,stable
2026-05-25T01:05:21.208,279665,491,0.396,0.589,0.268,20.0,5000,44.0,1,0.0,0.0,0,0.0,0.0,0,5,5 keran stabil,stable
2026-05-25T01:05:21.706,280185,492,0.396,0.591,0.272,20.0,5000,44.0,1,0.0,0.0,0,0.0,0.0,0,5,5 keran stabil,stable
2026-05-25T01:05:22.268,280702,493,0.397,0.592,0.275,20.0,5000,44.0,1,0.0,0.0,0,0.0,0.0,0,5,5 keran stabil,stable
2026-05-25T01:05:22.829,281268,490,0.395,0.588,0.264,20.0,5000,44.0,1,0.0,0.0,0,0.0,0.0,0,5,5 keran stabil,stable
2026-05-25T01:05:23.329,281789,500,0.403,0.6,0.3,20.0,5000,44.0,1,0.0,0.0,0,0.0,0.0,0,5,5 keran stabil,stable
2026-05-25T01:05:23.827,282306,488,0.393,0.586,0.257,20.0,5000,44.0,1,0.0,0.0,0,0.0,0.0,0,5,5 keran stabil,stable
2026-05-25T01:05:24.386,282826,491,0.396,0.589,0.268,20.0,5000,44.0,1,0.0,0.0,0,0.0,0.0,0,5,5 keran stabil,stable
2026-05-25T01:05:24.946,283392,477,0.384,0.573,0.218,20.0,5000,44.0,1,0.0,0.0,0,0.0,0.0,0,5,5 keran stabil,stable
2026-05-25T01:05:25.445,283912,486,0.392,0.583,0.25,20.0,5000,44.0,1,0.0,0.0,0,0.0,0.0,0,5,5 keran stabil,stable
2026-05-25T01:05:25.943,284430,498,0.401,0.598,0.293,20.0,5000,44.0,1,0.0,0.0,0,0.0,0.0,0,5,5 keran stabil,stable
2026-05-25T01:05:26.507,284950,511,0.412,0.613,0.34,20.0,5000,44.0,1,0.0,0.0,0,0.0,0.0,0,5,5 keran stabil,stable
2026-05-25T01:05:27.064,285506,505,0.407,0.606,0.318,20.0,5000,44.0,1,0.0,0.0,0,0.0,0.0,0,5,5 keran stabil,stable
2026-05-25T01:05:27.560,286026,504,0.406,0.605,0.315,20.0,5000,44.0,1,0.0,0.0,0,0.0,0.0,0,5,5 keran stabil,stable
2026-05-25T01:05:28.059,286543,505,0.407,0.606,0.318,20.0,5000,44.0,1,0.0,0.0,0,0.0,0.0,0,5,5 keran stabil,stable
2026-05-25T01:05:28.684,287167,494,0.398,0.593,0.279,20.0,5000,44.0,1,0.0,0.0,0,0.0,0.0,0,5,5 keran stabil,stable
2026-05-25T01:05:29.243,287733,489,0.394,0.587,0.261,20.0,5000,44.0,1,0.0,0.0,0,0.0,0.0,0,5,5 keran stabil,stable
2026-05-25T01:05:29.741,288253,491,0.396,0.589,0.268,20.0,5000,44.0,1,0.0,0.0,0,0.0,0.0,0,5,5 keran stabil,stable
2026-05-25T01:05:30.302,288771,491,0.396,0.589,0.268,20.0,5000,44.0,1,0.0,0.0,0,0.0,0.0,0,5,5 keran stabil,stable
2026-05-25T01:05:30.863,289327,490,0.395,0.588,0.264,20.0,5000,44.0,1,0.0,0.0,0,0.0,0.0,0,5,5 keran stabil,stable
2026-05-25T01:05:31.362,289847,492,0.396,0.591,0.272,20.0,5000,44.0,1,0.0,0.0,0,0.0,0.0,0,5,5 keran stabil,stable
2026-05-25T01:05:31.863,290365,485,0.391,0.582,0.246,20.0,5000,44.0,1,0.0,0.0,0,0.0,0.0,0,5,5 keran stabil,stable
2026-05-25T01:05:32.423,290885,489,0.394,0.587,0.261,20.0,5000,44.0,1,0.0,0.0,0,0.0,0.0,0,5,5 keran stabil,stable
2026-05-25T01:05:32.920,291441,492,0.396,0.591,0.272,20.0,5000,44.0,1,0.0,0.0,0,0.0,0.0,0,5,5 keran stabil,stable
2026-05-25T01:05:33.483,291961,490,0.395,0.588,0.264,20.0,5000,44.0,1,0.0,0.0,0,0.0,0.0,0,5,5 keran stabil,stable
2026-05-25T01:05:34.107,292582,490,0.395,0.588,0.264,20.0,5000,44.0,1,0.0,0.0,0,0.0,0.0,0,5,5 keran stabil,stable
2026-05-25T01:05:34.607,293102,490,0.395,0.588,0.264,20.0,5000,44.0,1,0.0,0.0,0,0.0,0.0,0,5,5 keran stabil,stable
2026-05-25T01:05:35.166,293668,492,0.396,0.591,0.272,20.0,5000,44.0,1,0.0,0.0,0,0.0,0.0,0,5,5 keran stabil,stable
2026-05-25T01:05:35.664,294188,487,0.392,0.585,0.254,20.0,5000,44.0,1,0.0,0.0,0,0.0,0.0,0,5,5 keran stabil,stable
2026-05-25T01:05:36.226,294706,490,0.395,0.588,0.264,20.0,5000,44.0,1,0.0,0.0,0,0.0,0.0,0,5,5 keran stabil,stable
2026-05-25T01:05:36.723,295226,493,0.397,0.592,0.275,20.0,5000,44.0,1,0.0,0.0,0,0.0,0.0,0,5,5 keran stabil,stable
2026-05-25T01:05:37.283,295782,484,0.39,0.581,0.243,20.0,5000,44.0,1,0.0,0.0,0,0.0,0.0,0,5,5 keran stabil,stable
2026-05-25T01:05:37.782,296302,491,0.396,0.589,0.268,20.0,5000,44.0,1,0.0,0.0,0,0.0,0.0,0,5,5 keran stabil,stable
2026-05-25T01:05:38.403,296923,492,0.396,0.591,0.272,20.0,5000,44.0,1,0.0,0.0,0,0.0,0.0,0,5,5 keran stabil,stable
2026-05-25T01:05:38.963,297489,487,0.392,0.585,0.254,20.0,5000,44.0,1,0.0,0.0,0,0.0,0.0,0,5,5 keran stabil,stable
2026-05-25T01:05:39.461,298009,488,0.393,0.586,0.257,20.0,5000,44.0,1,0.0,0.0,0,0.0,0.0,0,5,5 keran stabil,stable
2026-05-25T01:05:40.021,298527,491,0.396,0.589,0.268,20.0,5000,44.0,1,0.0,0.0,0,0.0,0.0,0,5,5 keran stabil,stable
2026-05-25T01:05:40.516,299047,490,0.395,0.588,0.264,20.0,5000,44.0,1,0.0,0.0,0,0.0,0.0,0,5,5 keran stabil,stable
2026-05-25T01:05:41.077,299603,485,0.391,0.582,0.246,20.0,5000,44.0,1,0.0,0.0,0,0.0,0.0,0,5,5 keran stabil,stable
2026-05-25T01:05:41.574,300123,488,0.393,0.586,0.257,20.0,5000,44.0,1,0.0,0.0,0,0.0,0.0,0,5,5 keran stabil,stable
2026-05-25T01:05:42.135,300641,490,0.395,0.588,0.264,20.0,5000,44.0,1,0.0,0.0,0,0.0,0.0,0,5,5 keran stabil,stable
2026-05-25T01:05:42.631,301161,489,0.394,0.587,0.261,20.0,5000,44.0,1,0.0,0.0,0,0.0,0.0,0,5,5 keran stabil,stable
2026-05-25T01:05:43.192,301717,491,0.396,0.589,0.268,20.0,5000,44.0,1,0.0,0.0,0,0.0,0.0,0,5,5 keran stabil,stable
2026-05-25T01:05:43.686,302237,493,0.397,0.592,0.275,20.0,5000,44.0,1,0.0,0.0,0,0.0,0.0,0,5,5 keran stabil,stable
2026-05-25T01:05:44.245,302755,489,0.394,0.587,0.261,20.0,5000,44.0,1,0.0,0.0,0,0.0,0.0,0,5,5 keran stabil,stable
2026-05-25T01:05:44.739,303275,488,0.393,0.586,0.257,20.0,5000,44.0,1,0.0,0.0,0,0.0,0.0,0,5,5 keran stabil,stable
2026-05-25T01:05:45.298,303831,490,0.395,0.588,0.264,20.0,5000,44.0,1,0.0,0.0,0,0.0,0.0,0,5,5 keran stabil,stable
2026-05-25T01:05:45.795,304351,490,0.395,0.588,0.264,20.0,5000,44.0,1,0.0,0.0,0,0.0,0.0,0,5,5 keran stabil,stable
2026-05-25T01:05:46.294,304868,491,0.396,0.589,0.268,20.0,5000,44.0,1,0.0,0.0,0,0.0,0.0,0,5,5 keran stabil,stable
2026-05-25T01:05:46.917,305434,490,0.395,0.588,0.264,20.0,5000,44.0,1,0.0,0.0,0,0.0,0.0,0,5,5 keran stabil,stable
2026-05-25T01:05:47.412,305954,495,0.399,0.594,0.282,20.0,5000,44.0,1,0.0,0.0,0,0.0,0.0,0,5,5 keran stabil,stable
2026-05-25T01:05:47.913,306472,489,0.394,0.587,0.261,20.0,5000,44.0,1,0.0,0.0,0,0.0,0.0,0,5,5 keran stabil,stable
2026-05-25T01:05:48.411,306992,488,0.393,0.586,0.257,20.0,5000,44.0,1,0.0,0.0,0,0.0,0.0,0,5,5 keran stabil,stable
2026-05-25T01:05:48.911,307444,494,0.398,0.593,0.279,20.0,5000,44.0,1,0.0,0.0,0,0.0,0.0,0,5,5 keran stabil,stable
2026-05-25T01:05:49.409,307964,492,0.396,0.591,0.272,20.0,5000,44.0,1,0.0,0.0,0,0.0,0.0,0,5,5 keran stabil,stable
2026-05-25T01:05:49.906,308481,494,0.398,0.593,0.279,20.0,5000,44.0,1,0.0,0.0,0,0.0,0.0,0,5,5 keran stabil,stable
2026-05-25T01:05:50.466,309001,489,0.394,0.587,0.261,20.0,5000,44.0,1,0.0,0.0,0,0.0,0.0,0,5,5 keran stabil,stable
2026-05-25T01:05:51.013,309567,491,0.396,0.589,0.268,20.0,5000,44.0,1,0.0,0.0,0,0.0,0.0,0,5,5 keran stabil,stable
2026-05-25T01:05:51.511,310087,488,0.393,0.586,0.257,20.0,5000,44.0,1,0.0,0.0,0,0.0,0.0,0,5,5 keran stabil,stable
2026-05-25T01:05:52.132,310709,487,0.392,0.585,0.254,20.0,5000,44.0,1,0.0,0.0,0,0.0,0.0,0,5,5 keran stabil,stable
2026-05-25T01:05:52.633,311229,488,0.393,0.586,0.257,20.0,5000,44.0,1,0.0,0.0,0,0.0,0.0,0,5,5 keran stabil,stable
2026-05-25T01:05:53.130,311681,490,0.395,0.588,0.264,20.0,5000,44.0,1,0.0,0.0,0,0.0,0.0,0,5,5 keran stabil,stable
2026-05-25T01:05:53.632,312201,492,0.396,0.591,0.272,20.0,5000,44.0,1,0.0,0.0,0,0.0,0.0,0,5,5 keran stabil,stable
2026-05-25T01:05:54.129,312719,481,0.388,0.577,0.232,20.0,5000,44.0,1,0.0,0.0,0,0.0,0.0,0,5,5 keran stabil,stable
2026-05-25T01:05:54.692,313239,480,0.387,0.576,0.228,20.0,5000,44.0,1,0.0,0.0,0,0.0,0.0,0,5,5 keran stabil,stable
2026-05-25T01:05:55.189,313795,488,0.393,0.586,0.257,20.0,5000,44.0,1,0.0,0.0,0,0.0,0.0,0,5,5 keran stabil,stable
2026-05-25T01:05:55.749,314315,481,0.388,0.577,0.232,20.0,5000,44.0,1,0.0,0.0,0,0.0,0.0,0,5,5 keran stabil,stable
2026-05-25T01:05:56.370,314936,481,0.388,0.577,0.232,20.0,5000,44.0,1,0.0,0.0,0,0.0,0.0,0,5,5 keran stabil,stable
2026-05-25T01:05:56.932,315502,490,0.395,0.588,0.264,20.0,5000,44.0,1,0.0,0.0,0,0.0,0.0,0,5,5 keran stabil,stable
2026-05-25T01:05:57.427,316022,485,0.391,0.582,0.246,20.0,5000,44.0,1,0.0,0.0,0,0.0,0.0,0,5,5 keran stabil,stable
2026-05-25T01:05:57.925,316540,487,0.392,0.585,0.254,20.0,5000,44.0,1,0.0,0.0,0,0.0,0.0,0,5,5 keran stabil,stable
2026-05-25T01:05:58.486,317060,490,0.395,0.588,0.264,20.0,5000,44.0,1,0.0,0.0,0,0.0,0.0,0,5,5 keran stabil,stable
2026-05-25T01:05:59.044,317616,490,0.395,0.588,0.264,20.0,5000,44.0,1,0.0,0.0,0,0.0,0.0,0,5,5 keran stabil,stable
2026-05-25T01:05:59.666,318240,489,0.394,0.587,0.261,20.0,5000,44.0,1,0.0,0.0,0,0.0,0.0,0,5,5 keran stabil,stable
2026-05-25T01:06:00.161,318757,488,0.393,0.586,0.257,20.0,5000,44.0,1,0.0,0.0,0,0.0,0.0,0,5,5 keran stabil,stable
2026-05-25T01:06:00.658,319277,490,0.395,0.588,0.264,20.0,5000,44.0,1,0.0,0.0,0,0.0,0.0,0,5,5 keran stabil,stable
2026-05-25T01:06:01.158,319740,493,0.397,0.592,0.275,20.0,5000,44.0,1,0.0,0.0,0,0.0,0.0,0,5,5 keran stabil,stable
2026-05-25T01:06:01.657,320260,490,0.395,0.588,0.264,20.0,5000,44.0,1,0.0,0.0,0,0.0,0.0,0,5,5 keran stabil,stable
2026-05-25T01:06:02.152,320777,473,0.381,0.568,0.203,20.0,5000,44.0,1,0.0,0.0,0,0.0,0.0,0,5,5 keran stabil,stable
2026-05-25T01:06:02.716,321297,489,0.394,0.587,0.261,20.0,5000,44.0,1,0.0,0.0,0,0.0,0.0,0,5,5 keran stabil,stable
2026-05-25T01:06:03.276,321863,488,0.393,0.586,0.257,20.0,5000,44.0,1,0.0,0.0,0,0.0,0.0,0,5,5 keran stabil,stable
2026-05-25T01:06:03.774,322383,490,0.395,0.588,0.264,20.0,5000,44.0,1,0.0,0.0,0,0.0,0.0,0,5,5 keran stabil,stable
2026-05-25T01:06:04.268,322901,495,0.399,0.594,0.282,20.0,5000,44.0,1,0.0,0.0,0,0.0,0.0,0,5,5 keran stabil,stable
2026-05-25T01:06:04.831,323421,489,0.394,0.587,0.261,20.0,5000,44.0,1,0.0,0.0,0,0.0,0.0,0,5,5 keran stabil,stable
2026-05-25T01:06:05.392,323977,489,0.394,0.587,0.261,20.0,5000,44.0,1,0.0,0.0,0,0.0,0.0,0,5,5 keran stabil,stable
2026-05-25T01:06:05.890,324497,489,0.394,0.587,0.261,20.0,5000,44.0,1,0.0,0.0,0,0.0,0.0,0,5,5 keran stabil,stable
2026-05-25T01:06:06.389,325014,488,0.393,0.586,0.257,20.0,5000,44.0,1,0.0,0.0,0,0.0,0.0,0,5,5 keran stabil,stable
2026-05-25T01:06:06.954,325580,491,0.396,0.589,0.268,20.0,5000,44.0,1,0.0,0.0,0,0.0,0.0,0,5,5 keran stabil,stable
2026-05-25T01:06:07.452,326100,485,0.391,0.582,0.246,20.0,5000,44.0,1,0.0,0.0,0,0.0,0.0,0,5,5 keran stabil,stable
2026-05-25T01:06:08.011,326618,493,0.397,0.592,0.275,20.0,5000,44.0,1,0.0,0.0,0,0.0,0.0,0,5,5 keran stabil,stable
2026-05-25T01:06:08.509,327138,490,0.395,0.588,0.264,20.0,5000,44.0,1,0.0,0.0,0,0.0,0.0,0,5,5 keran stabil,stable
2026-05-25T01:06:09.070,327694,489,0.394,0.587,0.261,20.0,5000,44.0,1,0.0,0.0,0,0.0,0.0,0,5,5 keran stabil,stable
2026-05-25T01:06:09.568,328214,493,0.397,0.592,0.275,20.0,5000,44.0,1,0.0,0.0,0,0.0,0.0,0,5,5 keran stabil,stable
2026-05-25T01:06:10.065,328731,489,0.394,0.587,0.261,20.0,5000,44.0,1,0.0,0.0,0,0.0,0.0,0,5,5 keran stabil,stable
2026-05-25T01:06:10.624,329251,485,0.391,0.582,0.246,20.0,5000,44.0,1,0.0,0.0,0,0.0,0.0,0,5,5 keran stabil,stable
2026-05-25T01:06:11.186,329817,489,0.394,0.587,0.261,20.0,5000,44.0,1,0.0,0.0,0,0.0,0.0,0,5,5 keran stabil,stable
2026-05-25T01:06:11.804,330441,488,0.393,0.586,0.257,20.0,5000,44.0,1,0.0,0.0,0,0.0,0.0,0,5,5 keran stabil,stable
2026-05-25T01:06:12.300,330959,489,0.394,0.587,0.261,20.0,5000,44.0,1,0.0,0.0,0,0.0,0.0,0,5,5 keran stabil,stable
2026-05-25T01:06:12.861,331479,489,0.394,0.587,0.261,20.0,5000,44.0,1,0.0,0.0,0,0.0,0.0,0,5,5 keran stabil,stable
2026-05-25T01:06:13.360,332035,490,0.395,0.588,0.264,20.0,5000,44.0,1,0.0,0.0,0,0.0,0.0,0,5,5 keran stabil,stable
2026-05-25T01:06:13.920,332555,486,0.392,0.583,0.25,20.0,5000,44.0,1,0.0,0.0,0,0.0,0.0,0,5,5 keran stabil,stable
2026-05-25T01:06:14.541,333176,491,0.396,0.589,0.268,20.0,5000,44.0,1,0.0,0.0,0,0.0,0.0,0,5,5 keran stabil,stable
2026-05-25T01:06:15.105,333742,464,0.374,0.557,0.171,20.0,5000,44.0,1,0.0,0.0,0,0.0,0.0,0,5,5 keran stabil,stable
2026-05-25T01:06:15.602,334262,489,0.394,0.587,0.261,20.0,5000,44.0,1,0.0,0.0,0,0.0,0.0,0,5,5 keran stabil,stable
2026-05-25T01:06:16.101,334780,490,0.395,0.588,0.264,20.0,5000,44.0,1,0.0,0.0,0,0.0,0.0,0,5,5 keran stabil,stable
2026-05-25T01:06:16.660,335300,493,0.397,0.592,0.275,20.0,5000,44.0,1,0.0,0.0,0,0.0,0.0,0,5,5 keran stabil,stable
2026-05-25T01:06:17.218,335856,489,0.394,0.587,0.261,20.0,5000,44.0,1,0.0,0.0,0,0.0,0.0,0,5,5 keran stabil,stable
2026-05-25T01:06:17.719,336376,489,0.394,0.587,0.261,20.0,5000,44.0,1,0.0,0.0,0,0.0,0.0,0,5,5 keran stabil,stable
2026-05-25T01:06:18.218,336893,489,0.394,0.587,0.261,20.0,5000,44.0,1,0.0,0.0,0,0.0,0.0,0,5,5 keran stabil,stable
2026-05-25T01:06:18.716,337413,492,0.396,0.591,0.272,20.0,5000,44.0,1,0.0,0.0,0,0.0,0.0,0,5,5 keran stabil,stable
2026-05-25T01:06:19.339,337980,487,0.392,0.585,0.254,20.0,5000,44.0,1,0.0,0.0,0,0.0,0.0,0,5,5 keran stabil,stable
2026-05-25T01:06:19.836,338500,493,0.397,0.592,0.275,20.0,5000,44.0,1,0.0,0.0,0,0.0,0.0,0,5,5 keran stabil,stable
2026-05-25T01:06:20.334,339017,488,0.393,0.586,0.257,20.0,5000,44.0,1,0.0,0.0,0,0.0,0.0,0,5,5 keran stabil,stable
2026-05-25T01:06:20.833,339537,492,0.396,0.591,0.272,20.0,5000,44.0,1,0.0,0.0,0,0.0,0.0,0,5,5 keran stabil,stable
2026-05-25T01:06:21.332,339999,493,0.397,0.592,0.275,20.0,5000,44.0,1,0.0,0.0,0,0.0,0.0,0,5,5 keran stabil,stable
2026-05-25T01:06:21.829,340519,489,0.394,0.587,0.261,20.0,5000,44.0,1,0.0,0.0,0,0.0,0.0,0,5,5 keran stabil,stable
2026-05-25T01:06:22.328,341037,488,0.393,0.586,0.257,20.0,5000,44.0,1,0.0,0.0,0,0.0,0.0,0,5,5 keran stabil,stable
2026-05-25T01:06:22.887,341557,488,0.393,0.586,0.257,20.0,5000,44.0,1,0.0,0.0,0,0.0,0.0,0,5,5 keran stabil,stable
2026-05-25T01:06:23.448,342113,478,0.385,0.574,0.221,20.0,5000,44.0,1,0.0,0.0,0,0.0,0.0,0,5,5 keran stabil,stable
2026-05-25T01:06:23.945,342633,492,0.396,0.591,0.272,20.0,5000,44.0,1,0.0,0.0,0,0.0,0.0,0,5,5 keran stabil,stable
2026-05-25T01:06:24.445,343150,491,0.396,0.589,0.268,20.0,5000,44.0,1,0.0,0.0,0,0.0,0.0,0,5,5 keran stabil,stable
2026-05-25T01:06:25.004,343716,490,0.395,0.588,0.264,20.0,5000,44.0,1,0.0,0.0,0,0.0,0.0,0,5,5 keran stabil,stable
2026-05-25T01:06:25.567,344236,491,0.396,0.589,0.268,20.0,5000,44.0,1,0.0,0.0,0,0.0,0.0,0,5,5 keran stabil,stable
2026-05-25T01:06:26.068,344754,479,0.386,0.575,0.225,20.0,5000,44.0,1,0.0,0.0,0,0.0,0.0,0,5,5 keran stabil,stable
2026-05-25T01:06:26.568,345274,489,0.394,0.587,0.261,20.0,5000,44.0,1,0.0,0.0,0,0.0,0.0,0,5,5 keran stabil,stable
2026-05-25T01:06:27.126,345830,486,0.392,0.583,0.25,20.0,5000,44.0,1,0.0,0.0,0,0.0,0.0,0,5,5 keran stabil,stable
2026-05-25T01:06:27.628,346350,495,0.399,0.594,0.282,20.0,5000,44.0,1,0.0,0.0,0,0.0,0.0,0,5,5 keran stabil,stable
2026-05-25T01:06:28.189,346867,490,0.395,0.588,0.264,20.0,5000,44.0,1,0.0,0.0,0,0.0,0.0,0,5,5 keran stabil,stable
2026-05-25T01:06:28.686,347387,490,0.395,0.588,0.264,20.0,5000,44.0,1,0.0,0.0,0,0.0,0.0,0,5,5 keran stabil,stable
2026-05-25T01:06:29.248,347953,490,0.395,0.588,0.264,20.0,5000,44.0,1,0.0,0.0,0,0.0,0.0,0,5,5 keran stabil,stable
2026-05-25T01:06:29.747,348473,490,0.395,0.588,0.264,20.0,5000,44.0,1,0.0,0.0,0,0.0,0.0,0,5,5 keran stabil,stable
2026-05-25T01:06:30.308,348991,490,0.395,0.588,0.264,20.0,5000,44.0,1,0.0,0.0,0,0.0,0.0,0,5,5 keran stabil,stable
2026-05-25T01:06:30.803,349511,435,0.351,0.522,0.066,20.0,5000,44.0,1,0.0,0.0,0,0.0,0.0,0,5,5 keran stabil,stable
2026-05-25T01:06:31.365,350067,489,0.394,0.587,0.261,20.0,5000,44.0,1,0.0,0.0,0,0.0,0.0,0,5,5 keran stabil,stable
2026-05-25T01:06:31.864,350587,489,0.394,0.587,0.261,20.0,5000,44.0,1,0.0,0.0,0,0.0,0.0,0,5,5 keran stabil,stable
2026-05-25T01:06:32.361,351104,492,0.396,0.591,0.272,20.0,5000,44.0,1,0.0,0.0,0,0.0,0.0,0,5,5 keran stabil,stable
2026-05-25T01:06:32.921,351624,490,0.395,0.588,0.264,20.0,5000,44.0,1,0.0,0.0,0,0.0,0.0,0,5,5 keran stabil,stable
2026-05-25T01:06:33.480,352190,488,0.393,0.586,0.257,20.0,5000,44.0,1,0.0,0.0,0,0.0,0.0,0,5,5 keran stabil,stable
2026-05-25T01:06:33.978,352710,490,0.395,0.588,0.264,20.0,5000,44.0,1,0.0,0.0,0,0.0,0.0,0,5,5 keran stabil,stable
2026-05-25T01:06:34.474,353228,491,0.396,0.589,0.268,20.0,5000,44.0,1,0.0,0.0,0,0.0,0.0,0,5,5 keran stabil,stable
2026-05-25T01:06:35.036,353784,490,0.395,0.588,0.264,20.0,5000,44.0,1,0.0,0.0,0,0.0,0.0,0,5,5 keran stabil,stable
2026-05-25T01:06:35.593,354304,491,0.396,0.589,0.268,20.0,5000,44.0,1,0.0,0.0,0,0.0,0.0,0,5,5 keran stabil,stable
2026-05-25T01:06:36.091,354821,502,0.405,0.603,0.308,20.0,5000,44.0,1,0.0,0.0,0,0.0,0.0,0,5,5 keran stabil,stable
2026-05-25T01:06:36.713,355445,489,0.394,0.587,0.261,20.0,5000,44.0,1,0.0,0.0,0,0.0,0.0,0,5,5 keran stabil,stable
2026-05-25T01:06:37.272,356012,488,0.393,0.586,0.257,20.0,5000,44.0,1,0.0,0.0,0,0.0,0.0,0,5,5 keran stabil,stable
2026-05-25T01:06:37.768,356532,491,0.396,0.589,0.268,20.0,5000,44.0,1,0.0,0.0,0,0.0,0.0,0,5,5 keran stabil,stable
2026-05-25T01:06:38.329,357049,484,0.39,0.581,0.243,20.0,5000,44.0,1,0.0,0.0,0,0.0,0.0,0,5,5 keran stabil,stable
2026-05-25T01:06:38.828,357569,489,0.394,0.587,0.261,20.0,5000,44.0,1,0.0,0.0,0,0.0,0.0,0,5,5 keran stabil,stable
2026-05-25T01:06:39.387,358135,488,0.393,0.586,0.257,20.0,5000,44.0,1,0.0,0.0,0,0.0,0.0,0,5,5 keran stabil,stable
2026-05-25T01:06:40.007,358759,490,0.395,0.588,0.264,20.0,5000,44.0,1,0.0,0.0,0,0.0,0.0,0,5,5 keran stabil,stable
2026-05-25T01:06:40.508,359277,491,0.396,0.589,0.268,20.0,5000,44.0,1,0.0,0.0,0,0.0,0.0,0,5,5 keran stabil,stable
2026-05-25T01:06:41.067,359832,492,0.396,0.591,0.272,20.0,5000,44.0,1,0.0,0.0,0,0.0,0.0,0,5,5 keran stabil,stable
2026-05-25T01:06:41.631,360353,488,0.393,0.586,0.257,20.0,5000,44.0,1,0.0,0.0,0,0.0,0.0,0,5,5 keran stabil,stable
2026-05-25T01:06:42.129,360870,487,0.392,0.585,0.254,20.0,5000,44.0,1,0.0,0.0,0,0.0,0.0,0,5,5 keran stabil,stable
2026-05-25T01:06:42.627,361390,495,0.399,0.594,0.282,20.0,5000,44.0,1,0.0,0.0,0,0.0,0.0,0,5,5 keran stabil,stable
2026-05-25T01:06:43.185,361956,489,0.394,0.587,0.261,20.0,5000,44.0,1,0.0,0.0,0,0.0,0.0,0,5,5 keran stabil,stable
2026-05-25T01:06:43.807,362580,488,0.393,0.586,0.257,20.0,5000,44.0,1,0.0,0.0,0,0.0,0.0,0,5,5 keran stabil,stable
2026-05-25T01:06:44.305,363098,488,0.393,0.586,0.257,20.0,5000,44.0,1,0.0,0.0,0,0.0,0.0,0,5,5 keran stabil,stable
2026-05-25T01:06:44.864,363618,487,0.392,0.585,0.254,20.0,5000,44.0,1,0.0,0.0,0,0.0,0.0,0,5,5 keran stabil,stable
2026-05-25T01:06:45.423,364174,489,0.394,0.587,0.261,20.0,5000,44.0,1,0.0,0.0,0,0.0,0.0,0,5,5 keran stabil,stable
2026-05-25T01:06:45.919,364694,494,0.398,0.593,0.279,20.0,5000,44.0,1,0.0,0.0,0,0.0,0.0,0,5,5 keran stabil,stable
2026-05-25T01:06:46.418,365211,490,0.395,0.588,0.264,20.0,5000,44.0,1,0.0,0.0,0,0.0,0.0,0,5,5 keran stabil,stable
2026-05-25T01:06:46.978,365731,490,0.395,0.588,0.264,20.0,5000,44.0,1,0.0,0.0,0,0.0,0.0,0,5,5 keran stabil,stable
2026-05-25T01:06:47.539,366297,490,0.395,0.588,0.264,20.0,5000,44.0,1,0.0,0.0,0,0.0,0.0,0,5,5 keran stabil,stable
2026-05-25T01:06:48.037,366817,492,0.396,0.591,0.272,20.0,5000,44.0,1,0.0,0.0,0,0.0,0.0,0,5,5 keran stabil,stable
2026-05-25T01:06:48.537,367335,482,0.388,0.579,0.236,20.0,5000,44.0,1,0.0,0.0,0,0.0,0.0,0,5,5 keran stabil,stable
2026-05-25T01:06:49.099,367890,485,0.391,0.582,0.246,20.0,5000,44.0,1,0.0,0.0,0,0.0,0.0,0,5,5 keran stabil,stable
2026-05-25T01:06:49.597,368411,475,0.383,0.57,0.21,20.0,5000,44.0,1,0.0,0.0,0,0.0,0.0,0,5,5 keran stabil,stable
2026-05-25T01:06:50.156,368928,493,0.397,0.592,0.275,20.0,5000,44.0,1,0.0,0.0,0,0.0,0.0,0,5,5 keran stabil,stable
2026-05-25T01:06:50.655,369448,491,0.396,0.589,0.268,20.0,5000,44.0,1,0.0,0.0,0,0.0,0.0,0,5,5 keran stabil,stable
2026-05-25T01:06:51.216,370014,490,0.395,0.588,0.264,20.0,5000,44.0,1,0.0,0.0,0,0.0,0.0,0,5,5 keran stabil,stable
2026-05-25T01:06:51.835,370638,488,0.393,0.586,0.257,20.0,5000,44.0,1,0.0,0.0,0,0.0,0.0,0,5,5 keran stabil,stable
2026-05-25T01:06:52.333,371156,485,0.391,0.582,0.246,20.0,5000,44.0,1,0.0,0.0,0,0.0,0.0,0,5,5 keran stabil,stable
2026-05-25T01:06:52.895,371676,493,0.397,0.592,0.275,20.0,5000,44.0,1,0.0,0.0,0,0.0,0.0,0,5,5 keran stabil,stable
2026-05-25T01:06:53.455,372232,487,0.392,0.585,0.254,20.0,5000,44.0,1,0.0,0.0,0,0.0,0.0,0,5,5 keran stabil,stable
2026-05-25T01:06:53.953,372752,491,0.396,0.589,0.268,20.0,5000,44.0,1,0.0,0.0,0,0.0,0.0,0,5,5 keran stabil,stable
2026-05-25T01:06:54.454,373270,491,0.396,0.589,0.268,20.0,5000,44.0,1,0.0,0.0,0,0.0,0.0,0,5,5 keran stabil,stable
2026-05-25T01:06:55.013,373790,487,0.392,0.585,0.254,20.0,5000,44.0,1,0.0,0.0,0,0.0,0.0,0,5,5 keran stabil,stable
2026-05-25T01:06:55.636,374450,490,0.395,0.588,0.264,20.0,5000,44.0,1,0.0,0.0,0,0.0,0.0,0,5,5 keran stabil,stable
2026-05-25T01:06:56.261,375071,491,0.396,0.589,0.268,20.0,5000,44.0,1,0.0,0.0,0,0.0,0.0,0,5,5 keran stabil,stable
2026-05-25T01:06:56.760,375591,488,0.393,0.586,0.257,20.0,5000,44.0,1,0.0,0.0,0,0.0,0.0,0,5,5 keran stabil,stable
2026-05-25T01:06:57.316,376157,487,0.392,0.585,0.254,20.0,5000,44.0,1,0.0,0.0,0,0.0,0.0,0,5,5 keran stabil,stable
2026-05-25T01:06:57.877,376677,493,0.397,0.592,0.275,20.0,5000,44.0,1,0.0,0.0,0,0.0,0.0,0,5,5 keran stabil,stable
2026-05-25T01:06:58.375,377195,490,0.395,0.588,0.264,20.0,5000,44.0,1,0.0,0.0,0,0.0,0.0,0,5,5 keran stabil,stable
2026-05-25T01:06:58.876,377715,490,0.395,0.588,0.264,20.0,5000,44.0,1,0.0,0.0,0,0.0,0.0,0,5,5 keran stabil,stable
2026-05-25T01:06:59.378,378167,491,0.396,0.589,0.268,20.0,5000,44.0,1,0.0,0.0,0,0.0,0.0,0,5,5 keran stabil,stable
2026-05-25T01:06:59.874,378687,480,0.387,0.576,0.228,20.0,5000,44.0,1,0.0,0.0,0,0.0,0.0,0,5,5 keran stabil,stable
2026-05-25T01:07:00.374,379205,493,0.397,0.592,0.275,20.0,5000,44.0,1,0.0,0.0,0,0.0,0.0,0,5,5 keran stabil,stable
2026-05-25T01:07:00.874,379725,489,0.394,0.587,0.261,20.0,5000,44.0,1,0.0,0.0,0,0.0,0.0,0,5,5 keran stabil,stable
2026-05-25T01:07:01.371,380177,489,0.394,0.587,0.261,20.0,5000,44.0,1,0.0,0.0,0,0.0,0.0,0,5,5 keran stabil,stable
2026-05-25T01:07:01.994,380801,487,0.392,0.585,0.254,20.0,5000,44.0,1,0.0,0.0,0,0.0,0.0,0,5,5 keran stabil,stable
2026-05-25T01:07:02.491,381318,485,0.391,0.582,0.246,20.0,5000,44.0,1,0.0,0.0,0,0.0,0.0,0,5,5 keran stabil,stable
2026-05-25T01:07:02.989,381838,489,0.394,0.587,0.261,20.0,5000,44.0,1,0.0,0.0,0,0.0,0.0,0,5,5 keran stabil,stable
2026-05-25T01:07:03.487,382300,490,0.395,0.588,0.264,20.0,5000,44.0,1,0.0,0.0,0,0.0,0.0,0,5,5 keran stabil,stable
2026-05-25T01:07:03.985,382820,496,0.4,0.595,0.286,20.0,5000,44.0,1,0.0,0.0,0,0.0,0.0,0,5,5 keran stabil,stable
2026-05-25T01:07:04.483,383338,487,0.392,0.585,0.254,20.0,5000,44.0,1,0.0,0.0,0,0.0,0.0,0,5,5 keran stabil,stable
2026-05-25T01:07:05.043,383858,486,0.392,0.583,0.25,20.0,5000,44.0,1,0.0,0.0,0,0.0,0.0,0,5,5 keran stabil,stable
2026-05-25T01:07:05.543,384414,490,0.395,0.588,0.264,20.0,5000,44.0,1,0.0,0.0,0,0.0,0.0,0,5,5 keran stabil,stable
2026-05-25T01:07:06.101,384934,486,0.392,0.583,0.25,20.0,5000,44.0,1,0.0,0.0,0,0.0,0.0,0,5,5 keran stabil,stable
2026-05-25T01:07:06.599,385451,489,0.394,0.587,0.261,20.0,5000,44.0,1,0.0,0.0,0,0.0,0.0,0,5,5 keran stabil,stable
2026-05-25T01:07:07.159,386017,493,0.397,0.592,0.275,20.0,5000,44.0,1,0.0,0.0,0,0.0,0.0,0,5,5 keran stabil,stable
2026-05-25T01:07:07.656,386537,488,0.393,0.586,0.257,20.0,5000,44.0,1,0.0,0.0,0,0.0,0.0,0,5,5 keran stabil,stable
2026-05-25T01:07:08.217,387055,492,0.396,0.591,0.272,20.0,5000,44.0,1,0.0,0.0,0,0.0,0.0,0,5,5 keran stabil,stable
2026-05-25T01:07:08.718,387575,489,0.394,0.587,0.261,20.0,5000,44.0,1,0.0,0.0,0,0.0,0.0,0,5,5 keran stabil,stable
2026-05-25T01:07:09.278,388131,484,0.39,0.581,0.243,20.0,5000,44.0,1,0.0,0.0,0,0.0,0.0,0,5,5 keran stabil,stable
2026-05-25T01:07:09.902,388755,460,0.371,0.552,0.156,20.0,5000,44.0,1,0.0,0.0,0,0.0,0.0,0,5,5 keran stabil,stable
2026-05-25T01:07:10.527,389376,480,0.387,0.576,0.228,20.0,5000,44.0,1,0.0,0.0,0,0.0,0.0,0,5,5 keran stabil,stable
2026-05-25T01:07:11.028,389896,488,0.393,0.586,0.257,20.0,5000,44.0,1,0.0,0.0,0,0.0,0.0,0,5,5 keran stabil,stable
2026-05-25T01:07:11.587,390463,489,0.394,0.587,0.261,20.0,5000,44.0,1,0.0,0.0,0,0.0,0.0,0,5,5 keran stabil,stable
2026-05-25T01:07:12.084,390983,487,0.392,0.585,0.254,20.0,5000,44.0,1,0.0,0.0,0,0.0,0.0,0,5,5 keran stabil,stable
2026-05-25T01:07:12.644,391500,486,0.392,0.583,0.25,20.0,5000,44.0,1,0.0,0.0,0,0.0,0.0,0,5,5 keran stabil,stable
2026-05-25T01:07:13.204,392066,488,0.393,0.586,0.257,20.0,5000,44.0,1,0.0,0.0,0,0.0,0.0,0,5,5 keran stabil,stable
2026-05-25T01:07:13.701,392586,493,0.397,0.592,0.275,20.0,5000,44.0,1,0.0,0.0,0,0.0,0.0,0,5,5 keran stabil,stable
2026-05-25T01:07:14.200,393104,488,0.393,0.586,0.257,20.0,5000,44.0,1,0.0,0.0,0,0.0,0.0,0,5,5 keran stabil,stable
2026-05-25T01:07:14.764,393624,481,0.388,0.577,0.232,20.0,5000,44.0,1,0.0,0.0,0,0.0,0.0,0,5,5 keran stabil,stable
2026-05-25T01:07:15.323,394180,490,0.395,0.588,0.264,20.0,5000,44.0,1,0.0,0.0,0,0.0,0.0,0,5,5 keran stabil,stable
2026-05-25T01:07:15.821,394700,488,0.393,0.586,0.257,20.0,5000,44.0,1,0.0,0.0,0,0.0,0.0,0,5,5 keran stabil,stable
2026-05-25T01:07:16.318,395217,491,0.396,0.589,0.268,20.0,5000,44.0,1,0.0,0.0,0,0.0,0.0,0,5,5 keran stabil,stable
2026-05-25T01:07:16.878,395737,491,0.396,0.589,0.268,20.0,5000,44.0,1,0.0,0.0,0,0.0,0.0,0,5,5 keran stabil,stable
2026-05-25T01:07:17.438,396303,490,0.395,0.588,0.264,20.0,5000,44.0,1,0.0,0.0,0,0.0,0.0,0,5,5 keran stabil,stable
2026-05-25T01:07:17.936,396823,489,0.394,0.587,0.261,20.0,5000,44.0,1,0.0,0.0,0,0.0,0.0,0,5,5 keran stabil,stable
2026-05-25T01:07:18.557,397445,489,0.394,0.587,0.261,20.0,5000,44.0,1,0.0,0.0,0,0.0,0.0,0,5,5 keran stabil,stable
2026-05-25T01:07:19.055,397965,490,0.395,0.588,0.264,20.0,5000,44.0,1,0.0,0.0,0,0.0,0.0,0,5,5 keran stabil,stable
2026-05-25T01:07:19.616,398521,490,0.395,0.588,0.264,20.0,5000,44.0,1,0.0,0.0,0,0.0,0.0,0,5,5 keran stabil,stable
2026-05-25T01:07:20.112,399041,486,0.392,0.583,0.25,20.0,5000,44.0,1,0.0,0.0,0,0.0,0.0,0,5,5 keran stabil,stable
2026-05-25T01:07:20.679,399558,488,0.393,0.586,0.257,20.0,5000,44.0,1,0.0,0.0,0,0.0,0.0,0,5,5 keran stabil,stable
2026-05-25T01:07:21.240,400124,491,0.396,0.589,0.268,20.0,5000,44.0,1,0.0,0.0,0,0.0,0.0,0,5,5 keran stabil,stable
2026-05-25T01:07:21.739,400644,492,0.396,0.591,0.272,20.0,5000,44.0,1,0.0,0.0,0,0.0,0.0,0,5,5 keran stabil,stable
2026-05-25T01:07:22.235,401162,487,0.392,0.585,0.254,20.0,5000,44.0,1,0.0,0.0,0,0.0,0.0,0,5,5 keran stabil,stable
2026-05-25T01:07:22.795,401682,474,0.382,0.569,0.207,20.0,5000,44.0,1,0.0,0.0,0,0.0,0.0,0,5,5 keran stabil,stable
2026-05-25T01:07:23.296,402238,493,0.397,0.592,0.275,20.0,5000,44.0,1,0.0,0.0,0,0.0,0.0,0,5,5 keran stabil,stable
2026-05-25T01:07:23.858,402758,484,0.39,0.581,0.243,20.0,5000,44.0,1,0.0,0.0,0,0.0,0.0,0,5,5 keran stabil,stable
2026-05-25T01:07:24.356,403275,488,0.393,0.586,0.257,20.0,5000,44.0,1,0.0,0.0,0,0.0,0.0,0,5,5 keran stabil,stable
2026-05-25T01:07:24.979,403899,484,0.39,0.581,0.243,20.0,5000,44.0,1,0.0,0.0,0,0.0,0.0,0,5,5 keran stabil,stable
2026-05-25T01:07:25.538,404465,489,0.394,0.587,0.261,20.0,5000,44.0,1,0.0,0.0,0,0.0,0.0,0,5,5 keran stabil,stable
2026-05-25T01:07:26.038,404985,483,0.389,0.58,0.239,20.0,5000,44.0,1,0.0,0.0,0,0.0,0.0,0,5,5 keran stabil,stable
2026-05-25T01:07:26.598,405503,478,0.385,0.574,0.221,20.0,5000,44.0,1,0.0,0.0,0,0.0,0.0,0,5,5 keran stabil,stable
2026-05-25T01:07:27.096,406023,468,0.377,0.562,0.185,20.0,5000,44.0,1,0.0,0.0,0,0.0,0.0,0,5,5 keran stabil,stable
2026-05-25T01:07:27.661,406579,488,0.393,0.586,0.257,20.0,5000,44.0,1,0.0,0.0,0,0.0,0.0,0,5,5 keran stabil,stable
2026-05-25T01:07:28.162,407099,494,0.398,0.593,0.279,20.0,5000,44.0,1,0.0,0.0,0,0.0,0.0,0,5,5 keran stabil,stable
2026-05-25T01:07:28.663,407617,491,0.396,0.589,0.268,20.0,5000,44.0,1,0.0,0.0,0,0.0,0.0,0,5,5 keran stabil,stable
2026-05-25T01:07:29.223,408172,489,0.394,0.587,0.261,20.0,5000,44.0,1,0.0,0.0,0,0.0,0.0,0,5,5 keran stabil,stable
2026-05-25T01:07:29.786,408693,490,0.395,0.588,0.264,20.0,5000,44.0,1,0.0,0.0,0,0.0,0.0,0,5,5 keran stabil,stable
2026-05-25T01:07:30.282,409210,495,0.399,0.594,0.282,20.0,5000,44.0,1,0.0,0.0,0,0.0,0.0,0,5,5 keran stabil,stable
2026-05-25T01:07:30.779,409730,485,0.391,0.582,0.246,20.0,5000,44.0,1,0.0,0.0,0,0.0,0.0,0,5,5 keran stabil,stable
2026-05-25T01:07:31.277,410192,492,0.396,0.591,0.272,20.0,5000,44.0,1,0.0,0.0,0,0.0,0.0,0,5,5 keran stabil,stable
2026-05-25T01:07:31.901,410816,490,0.395,0.588,0.264,20.0,5000,44.0,1,0.0,0.0,0,0.0,0.0,0,5,5 keran stabil,stable
2026-05-25T01:07:32.400,411334,495,0.399,0.594,0.282,20.0,5000,44.0,1,0.0,0.0,0,0.0,0.0,0,5,5 keran stabil,stable
2026-05-25T01:07:32.897,411854,490,0.395,0.588,0.264,20.0,5000,44.0,1,0.0,0.0,0,0.0,0.0,0,5,5 keran stabil,stable
2026-05-25T01:07:33.457,412410,488,0.393,0.586,0.257,20.0,5000,44.0,1,0.0,0.0,0,0.0,0.0,0,5,5 keran stabil,stable
2026-05-25T01:07:33.955,412930,495,0.399,0.594,0.282,20.0,5000,44.0,1,0.0,0.0,0,0.0,0.0,0,5,5 keran stabil,stable
2026-05-25T01:07:34.514,413448,492,0.396,0.591,0.272,20.0,5000,44.0,1,0.0,0.0,0,0.0,0.0,0,5,5 keran stabil,stable
2026-05-25T01:07:35.015,413968,489,0.394,0.587,0.261,20.0,5000,44.0,1,0.0,0.0,0,0.0,0.0,0,5,5 keran stabil,stable
2026-05-25T01:07:35.574,414524,489,0.394,0.587,0.261,20.0,5000,44.0,1,0.0,0.0,0,0.0,0.0,0,5,5 keran stabil,stable
2026-05-25T01:07:36.072,415044,486,0.392,0.583,0.25,20.0,5000,44.0,1,0.0,0.0,0,0.0,0.0,0,5,5 keran stabil,stable
2026-05-25T01:07:36.571,415561,489,0.394,0.587,0.261,20.0,5000,44.0,1,0.0,0.0,0,0.0,0.0,0,5,5 keran stabil,stable
2026-05-25T01:07:37.131,416081,490,0.395,0.588,0.264,20.0,5000,44.0,1,0.0,0.0,0,0.0,0.0,0,5,5 keran stabil,stable
2026-05-25T01:07:37.690,416648,489,0.394,0.587,0.261,20.0,5000,44.0,1,0.0,0.0,0,0.0,0.0,0,5,5 keran stabil,stable
2026-05-25T01:07:38.188,417168,489,0.394,0.587,0.261,20.0,5000,44.0,1,0.0,0.0,0,0.0,0.0,0,5,5 keran stabil,stable
2026-05-25T01:07:38.686,417685,489,0.394,0.587,0.261,20.0,5000,44.0,1,0.0,0.0,0,0.0,0.0,0,5,5 keran stabil,stable
2026-05-25T01:07:39.246,418251,494,0.398,0.593,0.279,20.0,5000,44.0,1,0.0,0.0,0,0.0,0.0,0,5,5 keran stabil,stable
2026-05-25T01:07:39.810,418771,488,0.393,0.586,0.257,20.0,5000,44.0,1,0.0,0.0,0,0.0,0.0,0,5,5 keran stabil,stable
2026-05-25T01:07:40.310,419289,490,0.395,0.588,0.264,20.0,5000,44.0,1,0.0,0.0,0,0.0,0.0,0,5,5 keran stabil,stable
2026-05-25T01:07:40.808,419809,490,0.395,0.588,0.264,20.0,5000,44.0,1,0.0,0.0,0,0.0,0.0,0,5,5 keran stabil,stable
2026-05-25T01:07:41.368,420365,487,0.392,0.585,0.254,20.0,5000,44.0,1,0.0,0.0,0,0.0,0.0,0,5,5 keran stabil,stable
2026-05-25T01:07:41.928,420885,485,0.391,0.582,0.246,20.0,5000,44.0,1,0.0,0.0,0,0.0,0.0,0,5,5 keran stabil,stable
2026-05-25T01:07:42.424,421402,496,0.4,0.595,0.286,20.0,5000,44.0,1,0.0,0.0,0,0.0,0.0,0,5,5 keran stabil,stable
2026-05-25T01:07:42.923,421922,490,0.395,0.588,0.264,20.0,5000,44.0,1,0.0,0.0,0,0.0,0.0,0,5,5 keran stabil,stable
2026-05-25T01:07:43.420,422385,491,0.396,0.589,0.268,20.0,5000,44.0,1,0.0,0.0,0,0.0,0.0,0,5,5 keran stabil,stable
2026-05-25T01:07:43.920,422905,490,0.395,0.588,0.264,20.0,5000,44.0,1,0.0,0.0,0,0.0,0.0,0,5,5 keran stabil,stable
2026-05-25T01:07:44.541,423526,490,0.395,0.588,0.264,20.0,5000,44.0,1,0.0,0.0,0,0.0,0.0,0,5,5 keran stabil,stable
2026-05-25T01:07:45.039,424046,493,0.397,0.592,0.275,20.0,5000,44.0,1,0.0,0.0,0,0.0,0.0,0,5,5 keran stabil,stable
2026-05-25T01:07:45.537,424508,490,0.395,0.588,0.264,20.0,5000,44.0,1,0.0,0.0,0,0.0,0.0,0,5,5 keran stabil,stable
2026-05-25T01:07:46.034,425028,488,0.393,0.586,0.257,20.0,5000,44.0,1,0.0,0.0,0,0.0,0.0,0,5,5 keran stabil,stable
2026-05-25T01:07:46.529,425546,484,0.39,0.581,0.243,20.0,5000,44.0,1,0.0,0.0,0,0.0,0.0,0,5,5 keran stabil,stable
2026-05-25T01:07:47.089,426066,485,0.391,0.582,0.246,20.0,5000,44.0,1,0.0,0.0,0,0.0,0.0,0,5,5 keran stabil,stable
2026-05-25T01:07:47.588,426622,491,0.396,0.589,0.268,20.0,5000,44.0,1,0.0,0.0,0,0.0,0.0,0,5,5 keran stabil,stable
2026-05-25T01:07:48.149,427142,490,0.395,0.588,0.264,20.0,5000,44.0,1,0.0,0.0,0,0.0,0.0,0,5,5 keran stabil,stable
2026-05-25T01:07:48.647,427660,488,0.393,0.586,0.257,20.0,5000,44.0,1,0.0,0.0,0,0.0,0.0,0,5,5 keran stabil,stable
2026-05-25T01:07:49.147,428180,483,0.389,0.58,0.239,20.0,5000,44.0,1,0.0,0.0,0,0.0,0.0,0,5,5 keran stabil,stable
2026-05-25T01:07:49.644,428632,488,0.393,0.586,0.257,20.0,5000,44.0,1,0.0,0.0,0,0.0,0.0,0,5,5 keran stabil,stable
2026-05-25T01:07:50.145,429152,492,0.396,0.591,0.272,20.0,5000,44.0,1,0.0,0.0,0,0.0,0.0,0,5,5 keran stabil,stable
2026-05-25T01:07:50.646,429669,490,0.395,0.588,0.264,20.0,5000,44.0,1,0.0,0.0,0,0.0,0.0,0,5,5 keran stabil,stable
2026-05-25T01:07:51.145,430189,486,0.392,0.583,0.25,20.0,5000,44.0,1,0.0,0.0,0,0.0,0.0,0,5,5 keran stabil,stable
2026-05-25T01:07:51.643,430652,491,0.396,0.589,0.268,20.0,5000,44.0,1,0.0,0.0,0,0.0,0.0,0,5,5 keran stabil,stable
2026-05-25T01:07:52.142,431172,488,0.393,0.586,0.257,20.0,5000,44.0,1,0.0,0.0,0,0.0,0.0,0,5,5 keran stabil,stable
2026-05-25T01:07:52.641,431689,490,0.395,0.588,0.264,20.0,5000,44.0,1,0.0,0.0,0,0.0,0.0,0,5,5 keran stabil,stable
2026-05-25T01:07:53.204,432209,496,0.4,0.595,0.286,20.0,5000,44.0,1,0.0,0.0,0,0.0,0.0,0,5,5 keran stabil,stable
2026-05-25T01:07:53.763,432775,488,0.393,0.586,0.257,20.0,5000,44.0,1,0.0,0.0,0,0.0,0.0,0,5,5 keran stabil,stable
2026-05-25T01:07:54.261,433295,488,0.393,0.586,0.257,20.0,5000,44.0,1,0.0,0.0,0,0.0,0.0,0,5,5 keran stabil,stable
2026-05-25T01:07:54.885,433917,490,0.395,0.588,0.264,20.0,5000,44.0,1,0.0,0.0,0,0.0,0.0,0,5,5 keran stabil,stable
2026-05-25T01:07:55.449,434473,489,0.394,0.587,0.261,20.0,5000,44.0,1,0.0,0.0,0,0.0,0.0,0,5,5 keran stabil,stable
2026-05-25T01:07:55.946,434993,488,0.393,0.586,0.257,20.0,5000,44.0,1,0.0,0.0,0,0.0,0.0,0,5,5 keran stabil,stable
2026-05-25T01:07:56.446,435510,496,0.4,0.595,0.286,20.0,5000,44.0,1,0.0,0.0,0,0.0,0.0,0,5,5 keran stabil,stable
2026-05-25T01:07:57.007,436030,490,0.395,0.588,0.264,20.0,5000,44.0,1,0.0,0.0,0,0.0,0.0,0,5,5 keran stabil,stable
2026-05-25T01:07:57.570,436597,490,0.395,0.588,0.264,20.0,5000,44.0,1,0.0,0.0,0,0.0,0.0,0,5,5 keran stabil,stable
2026-05-25T01:07:58.067,437117,479,0.386,0.575,0.225,20.0,5000,44.0,1,0.0,0.0,0,0.0,0.0,0,5,5 keran stabil,stable
2026-05-25T01:07:58.565,437634,490,0.395,0.588,0.264,20.0,5000,44.0,1,0.0,0.0,0,0.0,0.0,0,5,5 keran stabil,stable
2026-05-25T01:07:59.126,438154,488,0.393,0.586,0.257,20.0,5000,44.0,1,0.0,0.0,0,0.0,0.0,0,5,5 keran stabil,stable
2026-05-25T01:07:59.689,438720,490,0.395,0.588,0.264,20.0,5000,44.0,1,0.0,0.0,0,0.0,0.0,0,5,5 keran stabil,stable
2026-05-25T01:08:00.185,439240,488,0.393,0.586,0.257,20.0,5000,44.0,1,0.0,0.0,0,0.0,0.0,0,5,5 keran stabil,stable
2026-05-25T01:08:00.684,439758,472,0.38,0.567,0.2,20.0,5000,44.0,1,0.0,0.0,0,0.0,0.0,0,5,5 keran stabil,stable
2026-05-25T01:08:01.245,440278,489,0.394,0.587,0.261,20.0,5000,44.0,1,0.0,0.0,0,0.0,0.0,0,5,5 keran stabil,stable
2026-05-25T01:08:01.749,440834,490,0.395,0.588,0.264,20.0,5000,44.0,1,0.0,0.0,0,0.0,0.0,0,5,5 keran stabil,stable
2026-05-25T01:08:02.313,441354,501,0.404,0.601,0.304,20.0,5000,44.0,1,0.0,0.0,0,0.0,0.0,0,5,5 keran stabil,stable
2026-05-25T01:08:02.813,441871,490,0.395,0.588,0.264,20.0,5000,44.0,1,0.0,0.0,0,0.0,0.0,0,5,5 keran stabil,stable
2026-05-25T01:08:03.375,442437,496,0.4,0.595,0.286,20.0,5000,44.0,1,0.0,0.0,0,0.0,0.0,0,5,5 keran stabil,stable
2026-05-25T01:08:03.875,442957,494,0.398,0.593,0.279,20.0,5000,44.0,1,0.0,0.0,0,0.0,0.0,0,5,5 keran stabil,stable
2026-05-25T01:08:04.435,443475,486,0.392,0.583,0.25,20.0,5000,44.0,1,0.0,0.0,0,0.0,0.0,0,5,5 keran stabil,stable
2026-05-25T01:08:04.935,443995,489,0.394,0.587,0.261,20.0,5000,44.0,1,0.0,0.0,0,0.0,0.0,0,5,5 keran stabil,stable
2026-05-25T01:08:05.494,444551,490,0.395,0.588,0.264,20.0,5000,44.0,1,0.0,0.0,0,0.0,0.0,0,5,5 keran stabil,stable
2026-05-25T01:08:06.119,445175,482,0.388,0.579,0.236,20.0,5000,44.0,1,0.0,0.0,0,0.0,0.0,0,5,5 keran stabil,stable
2026-05-25T01:08:06.617,445693,489,0.394,0.587,0.261,20.0,5000,44.0,1,0.0,0.0,0,0.0,0.0,0,5,5 keran stabil,stable
2026-05-25T01:08:07.116,446213,487,0.392,0.585,0.254,20.0,5000,44.0,1,0.0,0.0,0,0.0,0.0,0,5,5 keran stabil,stable
2026-05-25T01:08:07.680,446769,488,0.393,0.586,0.257,20.0,5000,44.0,1,0.0,0.0,0,0.0,0.0,0,5,5 keran stabil,stable
2026-05-25T01:08:08.183,447289,488,0.393,0.586,0.257,20.0,5000,44.0,1,0.0,0.0,0,0.0,0.0,0,5,5 keran stabil,stable
2026-05-25T01:08:08.687,447806,487,0.392,0.585,0.254,20.0,5000,44.0,1,0.0,0.0,0,0.0,0.0,0,5,5 keran stabil,stable
2026-05-25T01:08:09.251,448326,488,0.393,0.586,0.257,20.0,5000,44.0,1,0.0,0.0,0,0.0,0.0,0,5,5 keran stabil,stable
2026-05-25T01:08:09.811,448893,487,0.392,0.585,0.254,20.0,5000,44.0,1,0.0,0.0,0,0.0,0.0,0,5,5 keran stabil,stable
2026-05-25T01:08:10.310,449413,485,0.391,0.582,0.246,20.0,5000,44.0,1,0.0,0.0,0,0.0,0.0,0,5,5 keran stabil,stable
2026-05-25T01:08:10.930,450034,486,0.392,0.583,0.25,20.0,5000,44.0,1,0.0,0.0,0,0.0,0.0,0,5,5 keran stabil,stable
2026-05-25T01:08:11.427,450496,485,0.391,0.582,0.246,20.0,5000,44.0,1,0.0,0.0,0,0.0,0.0,0,5,5 keran stabil,stable
2026-05-25T01:08:11.923,451016,490,0.395,0.588,0.264,20.0,5000,44.0,1,0.0,0.0,0,0.0,0.0,0,5,5 keran stabil,stable
2026-05-25T01:08:12.419,451534,492,0.396,0.591,0.272,20.0,5000,44.0,1,0.0,0.0,0,0.0,0.0,0,5,5 keran stabil,stable
2026-05-25T01:08:12.979,452054,489,0.394,0.587,0.261,20.0,5000,44.0,1,0.0,0.0,0,0.0,0.0,0,5,5 keran stabil,stable
2026-05-25T01:08:13.478,452610,484,0.39,0.581,0.243,20.0,5000,44.0,1,0.0,0.0,0,0.0,0.0,0,5,5 keran stabil,stable
2026-05-25T01:08:14.040,453130,488,0.393,0.586,0.257,20.0,5000,44.0,1,0.0,0.0,0,0.0,0.0,0,5,5 keran stabil,stable
2026-05-25T01:08:14.537,453647,490,0.395,0.588,0.264,20.0,5000,44.0,1,0.0,0.0,0,0.0,0.0,0,5,5 keran stabil,stable
2026-05-25T01:08:15.036,454167,489,0.394,0.587,0.261,20.0,5000,44.0,1,0.0,0.0,0,0.0,0.0,0,5,5 keran stabil,stable
2026-05-25T01:08:15.534,454629,490,0.395,0.588,0.264,20.0,5000,44.0,1,0.0,0.0,0,0.0,0.0,0,5,5 keran stabil,stable
2026-05-25T01:08:16.031,455149,490,0.395,0.588,0.264,20.0,5000,44.0,1,0.0,0.0,0,0.0,0.0,0,5,5 keran stabil,stable
2026-05-25T01:08:16.528,455667,486,0.392,0.583,0.25,20.0,5000,44.0,1,0.0,0.0,0,0.0,0.0,0,5,5 keran stabil,stable
2026-05-25T01:08:17.090,456187,490,0.395,0.588,0.264,20.0,5000,44.0,1,0.0,0.0,0,0.0,0.0,0,5,5 keran stabil,stable
2026-05-25T01:08:17.634,456743,457,0.368,0.549,0.146,20.0,5000,44.0,1,0.0,0.0,0,0.0,0.0,0,5,5 keran stabil,stable
2026-05-25T01:08:18.132,457263,485,0.391,0.582,0.246,20.0,5000,44.0,1,0.0,0.0,0,0.0,0.0,0,5,5 keran stabil,stable
2026-05-25T01:08:18.633,457781,490,0.395,0.588,0.264,20.0,5000,44.0,1,0.0,0.0,0,0.0,0.0,0,5,5 keran stabil,stable
2026-05-25T01:08:19.195,458301,485,0.391,0.582,0.246,20.0,5000,44.0,1,0.0,0.0,0,0.0,0.0,0,5,5 keran stabil,stable
2026-05-25T01:08:19.755,458857,474,0.382,0.569,0.207,20.0,5000,44.0,1,0.0,0.0,0,0.0,0.0,0,5,5 keran stabil,stable
2026-05-25T01:08:20.253,459377,488,0.393,0.586,0.257,20.0,5000,44.0,1,0.0,0.0,0,0.0,0.0,0,5,5 keran stabil,stable
2026-05-25T01:08:20.749,459894,491,0.396,0.589,0.268,20.0,5000,44.0,1,0.0,0.0,0,0.0,0.0,0,5,5 keran stabil,stable
2026-05-25T01:08:21.252,460414,487,0.392,0.585,0.254,20.0,5000,44.0,1,0.0,0.0,0,0.0,0.0,0,5,5 keran stabil,stable
2026-05-25T01:08:21.752,460876,488,0.393,0.586,0.257,20.0,5000,44.0,1,0.0,0.0,0,0.0,0.0,0,5,5 keran stabil,stable
2026-05-25T01:08:22.249,461396,479,0.386,0.575,0.225,20.0,5000,44.0,1,0.0,0.0,0,0.0,0.0,0,5,5 keran stabil,stable
2026-05-25T01:08:22.869,462018,490,0.395,0.588,0.264,20.0,5000,44.0,1,0.0,0.0,0,0.0,0.0,0,5,5 keran stabil,stable
2026-05-25T01:08:23.429,462574,489,0.394,0.587,0.261,20.0,5000,44.0,1,0.0,0.0,0,0.0,0.0,0,5,5 keran stabil,stable
2026-05-25T01:08:23.927,463094,494,0.398,0.593,0.279,20.0,5000,44.0,1,0.0,0.0,0,0.0,0.0,0,5,5 keran stabil,stable
2026-05-25T01:08:24.489,463611,488,0.393,0.586,0.257,20.0,5000,44.0,1,0.0,0.0,0,0.0,0.0,0,5,5 keran stabil,stable
2026-05-25T01:08:24.984,464131,488,0.393,0.586,0.257,20.0,5000,44.0,1,0.0,0.0,0,0.0,0.0,0,5,5 keran stabil,stable
2026-05-25T01:08:25.541,464697,488,0.393,0.586,0.257,20.0,5000,44.0,1,0.0,0.0,0,0.0,0.0,0,5,5 keran stabil,stable
2026-05-25T01:08:26.044,465217,489,0.394,0.587,0.261,20.0,5000,44.0,1,0.0,0.0,0,0.0,0.0,0,5,5 keran stabil,stable
2026-05-25T01:08:26.607,465735,488,0.393,0.586,0.257,20.0,5000,44.0,1,0.0,0.0,0,0.0,0.0,0,5,5 keran stabil,stable
2026-05-25T01:08:27.226,466359,487,0.392,0.585,0.254,20.0,5000,44.0,1,0.0,0.0,0,0.0,0.0,0,5,5 keran stabil,stable
2026-05-25T01:08:27.725,466915,486,0.392,0.583,0.25,20.0,5000,44.0,1,0.0,0.0,0,0.0,0.0,0,5,5 keran stabil,stable
2026-05-25T01:08:28.288,467435,491,0.396,0.589,0.268,20.0,5000,44.0,1,0.0,0.0,0,0.0,0.0,0,5,5 keran stabil,stable
2026-05-25T01:08:28.784,467953,491,0.396,0.589,0.268,20.0,5000,44.0,1,0.0,0.0,0,0.0,0.0,0,5,5 keran stabil,stable
2026-05-25T01:08:29.283,468473,489,0.394,0.587,0.261,20.0,5000,44.0,1,0.0,0.0,0,0.0,0.0,0,5,5 keran stabil,stable
2026-05-25T01:08:29.780,468925,490,0.395,0.588,0.264,20.0,5000,44.0,1,0.0,0.0,0,0.0,0.0,0,5,5 keran stabil,stable
2026-05-25T01:08:30.281,469445,487,0.392,0.585,0.254,20.0,5000,44.0,1,0.0,0.0,0,0.0,0.0,0,5,5 keran stabil,stable
2026-05-25T01:08:30.779,469962,488,0.393,0.586,0.257,20.0,5000,44.0,1,0.0,0.0,0,0.0,0.0,0,5,5 keran stabil,stable
2026-05-25T01:08:31.278,470482,490,0.395,0.588,0.264,20.0,5000,44.0,1,0.0,0.0,0,0.0,0.0,0,5,5 keran stabil,stable
2026-05-25T01:08:31.901,471048,488,0.393,0.586,0.257,20.0,5000,44.0,1,0.0,0.0,0,0.0,0.0,0,5,5 keran stabil,stable
2026-05-25T01:08:32.399,471568,489,0.394,0.587,0.261,20.0,5000,44.0,1,0.0,0.0,0,0.0,0.0,0,5,5 keran stabil,stable
2026-05-25T01:08:32.898,472086,491,0.396,0.589,0.268,20.0,5000,44.0,1,0.0,0.0,0,0.0,0.0,0,5,5 keran stabil,stable
2026-05-25T01:08:33.643,472846,489,0.394,0.587,0.261,20.0,5000,44.0,0,0.0,0.0,0,0.0,0.0,1,5,5 keran stabil,stable
2026-05-25T01:08:34.203,473363,45,0.036,0.054,0.0,20.0,5000,44.0,0,0.0,0.0,0,0.0,0.0,1,5,5 keran stabil,stable
2026-05-25T01:08:34.765,473949,47,0.038,0.056,0.0,20.0,5000,44.0,0,0.0,0.0,0,0.0,0.0,2,5,5 keran stabil,stable
2026-05-25T01:08:35.371,474567,48,0.039,0.058,0.0,20.0,5000,44.0,0,0.0,0.0,0,0.0,0.0,2,5,5 keran stabil,stable
2026-05-25T01:08:35.871,475061,47,0.038,0.056,0.0,20.0,5000,44.0,0,0.0,0.0,0,0.0,0.0,3,5,5 keran stabil,stable
2026-05-25T01:08:36.681,475864,46,0.037,0.055,0.0,20.0,5000,44.0,0,0.0,0.0,0,0.0,0.0,4,5,5 keran stabil,stable
2026-05-25T01:08:37.180,476379,47,0.038,0.056,0.0,20.0,5000,44.0,0,0.0,0.0,0,0.0,0.0,4,5,5 keran stabil,stable
2026-05-25T01:08:37.678,476873,47,0.038,0.056,0.0,20.0,5000,44.0,0,0.0,0.0,0,0.0,0.0,5,5,5 keran stabil,stable
2026-05-25T01:08:38.176,477388,48,0.039,0.058,0.0,20.0,5000,44.0,0,0.0,0.0,0,0.0,0.0,5,5,5 keran stabil,stable
2026-05-25T01:08:38.674,477882,46,0.037,0.055,0.0,20.0,5000,44.0,0,0.0,0.0,0,0.0,0.0,6,5,5 keran stabil,stable
2026-05-25T01:08:39.171,478397,48,0.039,0.058,0.0,20.0,5000,44.0,0,0.0,0.0,0,0.0,0.0,6,5,5 keran stabil,stable
2026-05-25T01:08:39.670,478891,48,0.039,0.058,0.0,20.0,5000,44.0,0,0.0,0.0,0,0.0,0.0,7,5,5 keran stabil,stable
2026-05-25T01:08:40.169,479406,47,0.038,0.056,0.0,20.0,5000,44.0,0,0.0,0.0,0,0.0,0.0,7,5,5 keran stabil,stable
2026-05-25T01:08:40.790,480003,47,0.038,0.056,0.0,20.0,5000,44.0,0,0.0,0.0,0,0.0,0.0,8,5,5 keran stabil,stable
2026-05-25T01:08:41.288,480518,46,0.037,0.055,0.0,20.0,5000,44.0,0,0.0,0.0,0,0.0,0.0,8,5,5 keran stabil,stable
2026-05-25T01:08:41.785,481012,48,0.039,0.058,0.0,20.0,5000,44.0,0,0.0,0.0,0,0.0,0.0,9,5,5 keran stabil,stable
2026-05-25T01:08:42.283,481527,48,0.039,0.058,0.0,20.0,5000,44.0,0,0.0,0.0,0,0.0,0.0,9,5,5 keran stabil,stable
2026-05-25T01:08:42.782,482021,45,0.036,0.054,0.0,20.0,5000,44.0,0,0.0,0.0,0,0.0,0.0,10,5,5 keran stabil,stable
2026-05-25T01:08:43.338,482536,47,0.038,0.056,0.0,20.0,5000,44.0,0,0.0,0.0,0,0.0,0.0,10,5,5 keran stabil,stable
2026-05-25T01:08:43.839,483030,46,0.037,0.055,0.0,20.0,5000,44.0,0,0.0,0.0,0,0.0,0.0,11,5,5 keran stabil,stable
2026-05-25T01:08:44.400,483648,47,0.038,0.056,0.0,20.0,5000,44.0,0,0.0,0.0,0,0.0,0.0,11,5,5 keran stabil,stable
2026-05-25T01:08:44.901,484142,50,0.04,0.06,0.0,20.0,5000,44.0,0,0.0,0.0,0,0.0,0.0,12,5,5 keran stabil,stable
2026-05-25T01:08:45.460,484657,48,0.039,0.058,0.0,20.0,5000,44.0,0,0.0,0.0,0,0.0,0.0,12,5,5 keran stabil,stable
2026-05-25T01:08:46.020,485254,50,0.04,0.06,0.0,20.0,5000,44.0,0,0.0,0.0,0,0.0,0.0,13,5,5 keran stabil,stable
2026-05-25T01:08:46.706,485954,47,0.038,0.056,0.0,20.0,5000,44.0,0,0.0,0.0,0,0.0,0.0,14,5,5 keran stabil,stable
2026-05-25T01:08:47.205,486469,47,0.038,0.056,0.0,20.0,5000,44.0,0,0.0,0.0,0,0.0,0.0,14,5,5 keran stabil,stable
2026-05-25T01:08:47.702,486963,49,0.039,0.059,0.0,20.0,5000,44.0,0,0.0,0.0,0,0.0,0.0,15,5,5 keran stabil,stable
2026-05-25T01:08:48.264,487478,48,0.039,0.058,0.0,20.0,5000,44.0,0,0.0,0.0,0,0.0,0.0,15,5,5 keran stabil,stable
2026-05-25T01:08:48.761,487972,46,0.037,0.055,0.0,20.0,5000,44.0,0,0.0,0.0,0,0.0,0.0,16,5,5 keran stabil,stable
2026-05-25T01:08:49.321,488590,46,0.037,0.055,0.0,20.0,5000,44.0,0,0.0,0.0,0,0.0,0.0,16,5,5 keran stabil,stable
2026-05-25T01:08:49.822,489084,49,0.039,0.059,0.0,20.0,5000,44.0,0,0.0,0.0,0,0.0,0.0,17,5,5 keran stabil,stable
2026-05-25T01:08:50.381,489599,48,0.039,0.058,0.0,20.0,5000,44.0,0,0.0,0.0,0,0.0,0.0,17,5,5 keran stabil,stable
2026-05-25T01:08:50.943,490196,46,0.037,0.055,0.0,20.0,5000,44.0,0,0.0,0.0,0,0.0,0.0,18,5,5 keran stabil,stable
2026-05-25T01:08:51.439,490711,48,0.039,0.058,0.0,20.0,5000,44.0,0,0.0,0.0,0,0.0,0.0,18,5,5 keran stabil,stable
2026-05-25T01:08:51.937,491205,46,0.037,0.055,0.0,20.0,5000,44.0,0,0.0,0.0,0,0.0,0.0,19,5,5 keran stabil,stable
2026-05-25T01:08:52.437,491720,50,0.04,0.06,0.0,20.0,5000,44.0,0,0.0,0.0,0,0.0,0.0,19,5,5 keran stabil,stable
2026-05-25T01:08:52.936,492214,48,0.039,0.058,0.0,20.0,5000,44.0,0,0.0,0.0,0,0.0,0.0,20,5,5 keran stabil,stable
2026-05-25T01:08:53.498,492729,49,0.039,0.059,0.0,20.0,5000,44.0,0,0.0,0.0,0,0.0,0.0,20,5,5 keran stabil,stable
2026-05-25T01:08:54.059,493326,45,0.036,0.054,0.0,20.0,5000,44.0,0,0.0,0.0,0,0.0,0.0,21,5,5 keran stabil,stable
2026-05-25T01:08:54.750,494026,47,0.038,0.056,0.0,20.0,5000,44.0,0,0.0,0.0,0,0.0,0.0,22,5,5 keran stabil,stable
2026-05-25T01:08:55.252,494541,48,0.039,0.058,0.0,20.0,5000,44.0,0,0.0,0.0,0,0.0,0.0,22,5,5 keran stabil,stable
2026-05-25T01:08:55.750,495035,48,0.039,0.058,0.0,20.0,5000,44.0,0,0.0,0.0,0,0.0,0.0,23,5,5 keran stabil,stable
2026-05-25T01:08:56.309,495550,48,0.039,0.058,0.0,20.0,5000,44.0,0,0.0,0.0,0,0.0,0.0,23,5,5 keran stabil,stable
2026-05-25T01:08:56.871,496147,47,0.038,0.056,0.0,20.0,5000,44.0,0,0.0,0.0,0,0.0,0.0,24,5,5 keran stabil,stable
2026-05-25T01:08:57.492,496765,49,0.039,0.059,0.0,20.0,5000,44.0,0,0.0,0.0,0,0.0,0.0,24,5,5 keran stabil,stable
2026-05-25T01:08:57.989,497259,48,0.039,0.058,0.0,20.0,5000,44.0,0,0.0,0.0,0,0.0,0.0,25,5,5 keran stabil,stable
2026-05-25T01:08:58.486,497774,46,0.037,0.055,0.0,20.0,5000,44.0,0,0.0,0.0,0,0.0,0.0,25,5,5 keran stabil,stable
2026-05-25T01:08:58.984,498268,47,0.038,0.056,0.0,20.0,5000,44.0,0,0.0,0.0,0,0.0,0.0,26,5,5 keran stabil,stable
2026-05-25T01:08:59.485,498783,48,0.039,0.058,0.0,20.0,5000,44.0,0,0.0,0.0,0,0.0,0.0,26,5,5 keran stabil,stable
2026-05-25T01:08:59.982,499277,49,0.039,0.059,0.0,20.0,5000,44.0,0,0.0,0.0,0,0.0,0.0,27,5,5 keran stabil,stable
2026-05-25T01:09:00.481,499792,47,0.038,0.056,0.0,20.0,5000,44.0,0,0.0,0.0,0,0.0,0.0,27,5,5 keran stabil,stable
2026-05-25T01:09:01.100,500389,48,0.039,0.058,0.0,20.0,5000,44.0,0,0.0,0.0,0,0.0,0.0,28,5,5 keran stabil,stable
2026-05-25T01:09:01.786,501089,48,0.039,0.058,0.0,20.0,5000,44.0,0,0.0,0.0,0,0.0,0.0,29,5,5 keran stabil,stable
2026-05-25T01:09:02.287,501604,46,0.037,0.055,0.0,20.0,5000,44.0,0,0.0,0.0,0,0.0,0.0,29,5,5 keran stabil,stable
2026-05-25T01:09:02.787,502098,46,0.037,0.055,0.0,20.0,5000,44.0,0,0.0,0.0,0,0.0,0.0,30,5,5 keran stabil,stable
2026-05-25T01:09:03.345,502613,48,0.039,0.058,0.0,20.0,5000,44.0,0,0.0,0.0,0,0.0,0.0,30,5,5 keran stabil,stable
2026-05-25T01:09:03.908,503210,47,0.038,0.056,0.0,20.0,5000,44.0,0,0.0,0.0,0,0.0,0.0,31,5,5 keran stabil,stable
2026-05-25T01:09:04.406,503725,47,0.038,0.056,0.0,20.0,5000,44.0,0,0.0,0.0,0,0.0,0.0,31,5,5 keran stabil,stable
2026-05-25T01:09:04.902,504219,48,0.039,0.058,0.0,20.0,5000,44.0,0,0.0,0.0,0,0.0,0.0,32,5,5 keran stabil,stable
2026-05-25T01:09:05.461,504734,46,0.037,0.055,0.0,20.0,5000,44.0,0,0.0,0.0,0,0.0,0.0,32,5,5 keran stabil,stable
2026-05-25T01:09:06.020,505331,47,0.038,0.056,0.0,20.0,5000,44.0,0,0.0,0.0,0,0.0,0.0,33,5,5 keran stabil,stable
2026-05-25T01:09:06.519,505846,47,0.038,0.056,0.0,20.0,5000,44.0,0,0.0,0.0,0,0.0,0.0,33,5,5 keran stabil,stable
2026-05-25T01:09:07.018,506340,49,0.039,0.059,0.0,20.0,5000,44.0,0,0.0,0.0,0,0.0,0.0,34,5,5 keran stabil,stable
2026-05-25T01:09:07.518,506855,46,0.037,0.055,0.0,20.0,5000,44.0,0,0.0,0.0,0,0.0,0.0,34,5,5 keran stabil,stable
2026-05-25T01:09:08.016,507349,50,0.04,0.06,0.0,20.0,5000,44.0,0,0.0,0.0,0,0.0,0.0,35,5,5 keran stabil,stable
2026-05-25T01:09:08.575,507864,47,0.038,0.056,0.0,20.0,5000,44.0,0,0.0,0.0,0,0.0,0.0,35,5,5 keran stabil,stable
2026-05-25T01:09:09.137,508461,47,0.038,0.056,0.0,20.0,5000,44.0,0,0.0,0.0,0,0.0,0.0,36,5,5 keran stabil,stable
2026-05-25T01:09:09.820,509161,45,0.036,0.054,0.0,20.0,5000,44.0,0,0.0,0.0,0,0.0,0.0,37,5,5 keran stabil,stable
2026-05-25T01:09:10.379,509676,47,0.038,0.056,0.0,20.0,5000,44.0,0,0.0,0.0,0,0.0,0.0,37,5,5 keran stabil,stable
2026-05-25T01:09:10.876,510170,46,0.037,0.055,0.0,20.0,5000,44.0,0,0.0,0.0,0,0.0,0.0,38,5,5 keran stabil,stable
2026-05-25T01:09:11.373,510685,48,0.039,0.058,0.0,20.0,5000,44.0,0,0.0,0.0,0,0.0,0.0,38,5,5 keran stabil,stable
2026-05-25T01:09:11.874,511179,48,0.039,0.058,0.0,20.0,5000,44.0,0,0.0,0.0,0,0.0,0.0,39,5,5 keran stabil,stable
2026-05-25T01:09:12.374,511694,49,0.039,0.059,0.0,20.0,5000,44.0,0,0.0,0.0,0,0.0,0.0,39,5,5 keran stabil,stable
2026-05-25T01:09:12.871,512188,50,0.04,0.06,0.0,20.0,5000,44.0,0,0.0,0.0,0,0.0,0.0,40,5,5 keran stabil,stable
2026-05-25T01:09:13.493,512806,47,0.038,0.056,0.0,20.0,5000,44.0,0,0.0,0.0,0,0.0,0.0,40,5,5 keran stabil,stable
2026-05-25T01:09:13.994,513300,47,0.038,0.056,0.0,20.0,5000,44.0,0,0.0,0.0,0,0.0,0.0,41,5,5 keran stabil,stable
2026-05-25T01:09:14.491,513815,47,0.038,0.056,0.0,20.0,5000,44.0,0,0.0,0.0,0,0.0,0.0,41,5,5 keran stabil,stable
2026-05-25T01:09:14.987,514309,49,0.039,0.059,0.0,20.0,5000,44.0,0,0.0,0.0,0,0.0,0.0,42,5,5 keran stabil,stable
2026-05-25T01:09:15.481,514824,46,0.037,0.055,0.0,20.0,5000,44.0,0,0.0,0.0,0,0.0,0.0,42,5,5 keran stabil,stable
2026-05-25T01:09:15.981,515318,48,0.039,0.058,0.0,20.0,5000,44.0,0,0.0,0.0,0,0.0,0.0,43,5,5 keran stabil,stable
2026-05-25T01:09:16.601,515936,47,0.038,0.056,0.0,20.0,5000,44.0,0,0.0,0.0,0,0.0,0.0,43,5,5 keran stabil,stable
2026-05-25T01:09:17.099,516430,46,0.037,0.055,0.0,20.0,5000,44.0,0,0.0,0.0,0,0.0,0.0,44,5,5 keran stabil,stable
2026-05-25T01:09:17.598,516945,48,0.039,0.058,0.0,20.0,5000,44.0,0,0.0,0.0,0,0.0,0.0,44,5,5 keran stabil,stable
2026-05-25T01:09:18.095,517439,47,0.038,0.056,0.0,20.0,5000,44.0,0,0.0,0.0,0,0.0,0.0,45,5,5 keran stabil,stable
2026-05-25T01:09:18.595,517954,47,0.038,0.056,0.0,20.0,5000,44.0,0,0.0,0.0,0,0.0,0.0,45,5,5 keran stabil,stable
2026-05-25T01:09:19.094,518448,46,0.037,0.055,0.0,20.0,5000,44.0,0,0.0,0.0,0,0.0,0.0,46,5,5 keran stabil,stable
2026-05-25T01:09:19.597,518963,47,0.038,0.056,0.0,20.0,5000,44.0,0,0.0,0.0,0,0.0,0.0,46,5,5 keran stabil,stable
2026-05-25T01:09:20.098,519457,47,0.038,0.056,0.0,20.0,5000,44.0,0,0.0,0.0,0,0.0,0.0,47,5,5 keran stabil,stable
2026-05-25T01:09:20.593,519972,47,0.038,0.056,0.0,20.0,5000,44.0,0,0.0,0.0,0,0.0,0.0,47,5,5 keran stabil,stable
2026-05-25T01:09:21.092,520466,47,0.038,0.056,0.0,20.0,5000,44.0,0,0.0,0.0,0,0.0,0.0,48,5,5 keran stabil,stable
2026-05-25T01:09:21.592,520981,51,0.041,0.061,0.0,20.0,5000,44.0,0,0.0,0.0,0,0.0,0.0,48,5,5 keran stabil,stable
2026-05-25T01:09:22.215,521578,48,0.039,0.058,0.0,20.0,5000,44.0,0,0.0,0.0,0,0.0,0.0,49,5,5 keran stabil,stable
2026-05-25T01:09:22.902,522278,48,0.039,0.058,0.0,20.0,5000,44.0,0,0.0,0.0,0,0.0,0.0,50,5,5 keran stabil,stable
2026-05-25T01:09:23.403,522793,46,0.037,0.055,0.0,20.0,5000,44.0,0,0.0,0.0,0,0.0,0.0,50,5,5 keran stabil,stable
2026-05-25T01:09:24.028,523390,46,0.037,0.055,0.0,20.0,5000,44.0,0,0.0,0.0,0,0.0,0.0,51,5,5 keran stabil,stable
2026-05-25T01:09:24.645,524008,49,0.039,0.059,0.0,20.0,5000,44.0,0,0.0,0.0,0,0.0,0.0,51,5,5 keran stabil,stable
2026-05-25T01:09:25.143,524502,48,0.039,0.058,0.0,20.0,5000,44.0,0,0.0,0.0,0,0.0,0.0,52,5,5 keran stabil,stable
2026-05-25T01:09:25.642,525017,48,0.039,0.058,0.0,20.0,5000,44.0,0,0.0,0.0,0,0.0,0.0,52,5,5 keran stabil,stable
2026-05-25T01:09:26.141,525511,48,0.039,0.058,0.0,20.0,5000,44.0,0,0.0,0.0,0,0.0,0.0,53,5,5 keran stabil,stable
2026-05-25T01:09:26.639,526026,46,0.037,0.055,0.0,20.0,5000,44.0,0,0.0,0.0,0,0.0,0.0,53,5,5 keran stabil,stable
2026-05-25T01:09:27.137,526520,49,0.039,0.059,0.0,20.0,5000,44.0,0,0.0,0.0,0,0.0,0.0,54,5,5 keran stabil,stable
2026-05-25T01:09:27.944,527323,48,0.039,0.058,0.0,20.0,5000,44.0,0,0.0,0.0,0,0.0,0.0,55,5,5 keran stabil,stable
2026-05-25T01:09:28.444,527838,47,0.038,0.056,0.0,20.0,5000,44.0,0,0.0,0.0,0,0.0,0.0,55,5,5 keran stabil,stable
2026-05-25T01:09:28.940,528332,50,0.04,0.06,0.0,20.0,5000,44.0,0,0.0,0.0,0,0.0,0.0,56,5,5 keran stabil,stable
2026-05-25T01:09:29.437,528847,50,0.04,0.06,0.0,20.0,5000,44.0,0,0.0,0.0,0,0.0,0.0,56,5,5 keran stabil,stable
2026-05-25T01:09:29.935,529341,46,0.037,0.055,0.0,20.0,5000,44.0,0,0.0,0.0,0,0.0,0.0,57,5,5 keran stabil,stable
2026-05-25T01:09:30.555,529959,48,0.039,0.058,0.0,20.0,5000,44.0,0,0.0,0.0,0,0.0,0.0,57,5,5 keran stabil,stable
2026-05-25T01:09:31.051,530453,47,0.038,0.056,0.0,20.0,5000,44.0,0,0.0,0.0,0,0.0,0.0,58,5,5 keran stabil,stable
2026-05-25T01:09:31.549,530968,45,0.036,0.054,0.0,20.0,5000,44.0,0,0.0,0.0,0,0.0,0.0,58,5,5 keran stabil,stable
2026-05-25T01:09:32.048,531462,50,0.04,0.06,0.0,20.0,5000,44.0,0,0.0,0.0,0,0.0,0.0,59,5,5 keran stabil,stable
2026-05-25T01:09:32.545,531977,48,0.039,0.058,0.0,20.0,5000,44.0,0,0.0,0.0,0,0.0,0.0,59,5,5 keran stabil,stable
2026-05-25T01:09:33.165,532574,45,0.036,0.054,0.0,20.0,5000,44.0,0,0.0,0.0,0,0.0,0.0,60,5,5 keran stabil,stable
2026-05-25T01:09:33.661,533089,47,0.038,0.056,0.0,20.0,5000,44.0,0,0.0,0.0,0,0.0,0.0,60,5,5 keran stabil,stable
2026-05-25T01:09:34.160,533583,48,0.039,0.058,0.0,20.0,5000,44.0,0,0.0,0.0,0,0.0,0.0,61,5,5 keran stabil,stable
2026-05-25T01:09:34.657,534098,45,0.036,0.054,0.0,20.0,5000,44.0,0,0.0,0.0,0,0.0,0.0,61,5,5 keran stabil,stable
2026-05-25T01:09:35.156,534592,48,0.039,0.058,0.0,20.0,5000,44.0,0,0.0,0.0,0,0.0,0.0,62,5,5 keran stabil,stable
2026-05-25T01:09:35.718,535107,46,0.037,0.055,0.0,20.0,5000,44.0,0,0.0,0.0,0,0.0,0.0,62,5,5 keran stabil,stable
2026-05-25T01:09:36.278,535704,46,0.037,0.055,0.0,20.0,5000,44.0,0,0.0,0.0,0,0.0,0.0,63,5,5 keran stabil,stable
2026-05-25T01:09:36.961,536404,46,0.037,0.055,0.0,20.0,5000,44.0,0,0.0,0.0,0,0.0,0.0,64,5,5 keran stabil,stable
2026-05-25T01:09:37.525,536919,49,0.039,0.059,0.0,20.0,5000,44.0,0,0.0,0.0,0,0.0,0.0,64,5,5 keran stabil,stable
2026-05-25T01:09:38.088,537516,48,0.039,0.058,0.0,20.0,5000,44.0,0,0.0,0.0,0,0.0,0.0,65,5,5 keran stabil,stable
2026-05-25T01:09:38.581,538031,46,0.037,0.055,0.0,20.0,5000,44.0,0,0.0,0.0,0,0.0,0.0,65,5,5 keran stabil,stable
2026-05-25T01:09:39.078,538525,51,0.041,0.061,0.0,20.0,5000,44.0,0,0.0,0.0,0,0.0,0.0,66,5,5 keran stabil,stable
2026-05-25T01:09:39.575,539040,47,0.038,0.056,0.0,20.0,5000,44.0,0,0.0,0.0,0,0.0,0.0,66,5,5 keran stabil,stable
2026-05-25T01:09:40.074,539534,46,0.037,0.055,0.0,20.0,5000,44.0,0,0.0,0.0,0,0.0,0.0,67,5,5 keran stabil,stable
2026-05-25T01:09:40.633,540049,52,0.042,0.062,0.0,20.0,5000,44.0,0,0.0,0.0,0,0.0,0.0,67,5,5 keran stabil,stable
2026-05-25T01:09:41.131,540543,47,0.038,0.056,0.0,20.0,5000,44.0,0,0.0,0.0,0,0.0,0.0,68,5,5 keran stabil,stable
2026-05-25T01:09:41.630,541058,48,0.039,0.058,0.0,20.0,5000,44.0,0,0.0,0.0,0,0.0,0.0,68,5,5 keran stabil,stable
2026-05-25T01:09:42.128,541552,47,0.038,0.056,0.0,20.0,5000,44.0,0,0.0,0.0,0,0.0,0.0,69,5,5 keran stabil,stable
2026-05-25T01:09:42.625,542067,44,0.035,0.053,0.0,20.0,5000,44.0,0,0.0,0.0,0,0.0,0.0,69,5,5 keran stabil,stable
2026-05-25T01:09:43.125,542561,48,0.039,0.058,0.0,20.0,5000,44.0,0,0.0,0.0,0,0.0,0.0,70,5,5 keran stabil,stable
2026-05-25T01:09:43.625,543076,47,0.038,0.056,0.0,20.0,5000,44.0,0,0.0,0.0,0,0.0,0.0,70,5,5 keran stabil,stable
2026-05-25T01:09:44.123,543570,45,0.036,0.054,0.0,20.0,5000,44.0,0,0.0,0.0,0,0.0,0.0,71,5,5 keran stabil,stable
2026-05-25T01:09:44.623,544085,51,0.041,0.061,0.0,20.0,5000,44.0,0,0.0,0.0,0,0.0,0.0,71,5,5 keran stabil,stable
2026-05-25T01:09:45.122,544579,45,0.036,0.054,0.0,20.0,5000,44.0,0,0.0,0.0,0,0.0,0.0,72,5,5 keran stabil,stable
2026-05-25T01:09:45.745,545197,45,0.036,0.054,0.0,20.0,5000,44.0,0,0.0,0.0,0,0.0,0.0,72,5,5 keran stabil,stable
2026-05-25T01:09:46.306,545794,50,0.04,0.06,0.0,20.0,5000,44.0,0,0.0,0.0,0,0.0,0.0,73,5,5 keran stabil,stable
2026-05-25T01:09:47.050,546494,51,0.041,0.061,0.0,20.0,5000,44.0,0,0.0,0.0,0,0.0,0.0,74,5,5 keran stabil,stable
2026-05-25T01:09:47.548,547009,48,0.039,0.058,0.0,20.0,5000,44.0,0,0.0,0.0,0,0.0,0.0,74,5,5 keran stabil,stable
2026-05-25T01:09:48.047,547503,47,0.038,0.056,0.0,20.0,5000,44.0,0,0.0,0.0,0,0.0,0.0,75,5,5 keran stabil,stable
2026-05-25T01:09:48.543,548018,51,0.041,0.061,0.0,20.0,5000,44.0,0,0.0,0.0,0,0.0,0.0,75,5,5 keran stabil,stable
2026-05-25T01:09:49.044,548512,44,0.035,0.053,0.0,20.0,5000,44.0,0,0.0,0.0,0,0.0,0.0,76,5,5 keran stabil,stable
2026-05-25T01:09:49.546,549027,48,0.039,0.058,0.0,20.0,5000,44.0,0,0.0,0.0,0,0.0,0.0,76,5,5 keran stabil,stable
2026-05-25T01:09:50.045,549521,49,0.039,0.059,0.0,20.0,5000,44.0,0,0.0,0.0,0,0.0,0.0,77,5,5 keran stabil,stable
2026-05-25T01:09:50.542,550036,44,0.035,0.053,0.0,20.0,5000,44.0,0,0.0,0.0,0,0.0,0.0,77,5,5 keran stabil,stable
2026-05-25T01:09:51.167,550633,48,0.039,0.058,0.0,20.0,5000,44.0,0,0.0,0.0,0,0.0,0.0,78,5,5 keran stabil,stable
2026-05-25T01:09:51.789,551251,48,0.039,0.058,0.0,20.0,5000,44.0,0,0.0,0.0,0,0.0,0.0,78,5,5 keran stabil,stable
2026-05-25T01:09:52.289,551745,44,0.035,0.053,0.0,20.0,5000,44.0,0,0.0,0.0,0,0.0,0.0,79,5,5 keran stabil,stable
2026-05-25T01:09:52.786,552260,50,0.04,0.06,0.0,20.0,5000,44.0,0,0.0,0.0,0,0.0,0.0,79,5,5 keran stabil,stable
2026-05-25T01:09:53.286,552754,49,0.039,0.059,0.0,20.0,5000,44.0,0,0.0,0.0,0,0.0,0.0,80,5,5 keran stabil,stable
2026-05-25T01:09:53.785,553269,44,0.035,0.053,0.0,20.0,5000,44.0,0,0.0,0.0,0,0.0,0.0,80,5,5 keran stabil,stable
2026-05-25T01:09:54.283,553763,48,0.039,0.058,0.0,20.0,5000,44.0,0,0.0,0.0,0,0.0,0.0,81,5,5 keran stabil,stable
2026-05-25T01:09:54.783,554278,45,0.036,0.054,0.0,20.0,5000,44.0,0,0.0,0.0,0,0.0,0.0,81,5,5 keran stabil,stable
2026-05-25T01:09:55.280,554772,46,0.037,0.055,0.0,20.0,5000,44.0,0,0.0,0.0,0,0.0,0.0,82,5,5 keran stabil,stable
2026-05-25T01:09:55.778,555287,53,0.043,0.064,0.0,20.0,5000,44.0,0,0.0,0.0,0,0.0,0.0,82,5,5 keran stabil,stable
2026-05-25T01:09:56.278,555781,45,0.036,0.054,0.0,20.0,5000,44.0,0,0.0,0.0,0,0.0,0.0,83,5,5 keran stabil,stable
2026-05-25T01:09:57.090,556584,45,0.036,0.054,0.0,20.0,5000,44.0,0,0.0,0.0,0,0.0,0.0,84,5,5 keran stabil,stable
2026-05-25T01:09:57.715,557202,45,0.036,0.054,0.0,20.0,5000,44.0,0,0.0,0.0,0,0.0,0.0,84,5,5 keran stabil,stable
2026-05-25T01:09:58.274,557799,49,0.039,0.059,0.0,20.0,5000,44.0,0,0.0,0.0,0,0.0,0.0,85,5,5 keran stabil,stable
2026-05-25T01:09:58.834,558314,47,0.038,0.056,0.0,20.0,5000,44.0,0,0.0,0.0,0,0.0,0.0,85,5,5 keran stabil,stable
2026-05-25T01:09:59.395,558911,44,0.035,0.053,0.0,20.0,5000,44.0,0,0.0,0.0,0,0.0,0.0,86,5,5 keran stabil,stable
2026-05-25T01:10:00.079,559611,51,0.041,0.061,0.0,20.0,5000,44.0,0,0.0,0.0,0,0.0,0.0,87,5,5 keran stabil,stable
2026-05-25T01:10:00.623,560126,48,0.039,0.058,0.0,20.0,5000,44.0,0,0.0,0.0,0,0.0,0.0,87,5,5 keran stabil,stable
2026-05-25T01:10:01.121,560620,46,0.037,0.055,0.0,20.0,5000,44.0,0,0.0,0.0,0,0.0,0.0,88,5,5 keran stabil,stable
2026-05-25T01:10:01.743,561238,48,0.039,0.058,0.0,20.0,5000,44.0,0,0.0,0.0,0,0.0,0.0,88,5,5 keran stabil,stable
2026-05-25T01:10:02.309,561835,48,0.039,0.058,0.0,20.0,5000,44.0,0,0.0,0.0,0,0.0,0.0,89,5,5 keran stabil,stable
2026-05-25T01:10:03.116,562638,50,0.04,0.06,0.0,20.0,5000,44.0,0,0.0,0.0,0,0.0,0.0,90,5,5 keran stabil,stable
2026-05-25T01:10:03.613,563153,47,0.038,0.056,0.0,20.0,5000,44.0,0,0.0,0.0,0,0.0,0.0,90,5,5 keran stabil,stable
2026-05-25T01:10:04.107,563647,47,0.038,0.056,0.0,20.0,5000,44.0,0,0.0,0.0,0,0.0,0.0,91,5,5 keran stabil,stable
2026-05-25T01:10:04.607,564162,49,0.039,0.059,0.0,20.0,5000,44.0,0,0.0,0.0,0,0.0,0.0,91,5,5 keran stabil,stable
2026-05-25T01:10:05.228,564759,47,0.038,0.056,0.0,20.0,5000,44.0,0,0.0,0.0,0,0.0,0.0,92,5,5 keran stabil,stable
2026-05-25T01:10:05.723,565274,47,0.038,0.056,0.0,20.0,5000,44.0,0,0.0,0.0,0,0.0,0.0,92,5,5 keran stabil,stable
2026-05-25T01:10:06.221,565768,50,0.04,0.06,0.0,20.0,5000,44.0,0,0.0,0.0,0,0.0,0.0,93,5,5 keran stabil,stable
2026-05-25T01:10:06.717,566283,46,0.037,0.055,0.0,20.0,5000,44.0,0,0.0,0.0,0,0.0,0.0,93,5,5 keran stabil,stable
2026-05-25T01:10:07.215,566777,46,0.037,0.055,0.0,20.0,5000,44.0,0,0.0,0.0,0,0.0,0.0,94,5,5 keran stabil,stable
2026-05-25T01:10:07.776,567292,49,0.039,0.059,0.0,20.0,5000,44.0,0,0.0,0.0,0,0.0,0.0,94,5,5 keran stabil,stable
2026-05-25T01:10:08.336,567889,46,0.037,0.055,0.0,20.0,5000,44.0,0,0.0,0.0,0,0.0,0.0,95,5,5 keran stabil,stable
2026-05-25T01:10:08.835,568404,49,0.039,0.059,0.0,20.0,5000,44.0,0,0.0,0.0,0,0.0,0.0,95,5,5 keran stabil,stable
2026-05-25T01:10:09.333,568898,49,0.039,0.059,0.0,20.0,5000,44.0,0,0.0,0.0,0,0.0,0.0,96,5,5 keran stabil,stable
2026-05-25T01:10:09.891,569413,44,0.035,0.053,0.0,20.0,5000,44.0,0,0.0,0.0,0,0.0,0.0,96,5,5 keran stabil,stable
2026-05-25T01:10:10.453,570010,49,0.039,0.059,0.0,20.0,5000,44.0,0,0.0,0.0,0,0.0,0.0,97,5,5 keran stabil,stable
2026-05-25T01:10:11.140,570710,41,0.033,0.049,0.0,20.0,5000,44.0,0,0.0,0.0,0,0.0,0.0,98,5,5 keran stabil,stable
2026-05-25T01:10:11.699,571229,501,0.404,0.601,0.304,20.0,5000,44.0,0,0.0,0.0,0,0.0,0.0,98,5,5 keran stabil,stable
2026-05-25T01:10:12.199,571745,500,0.403,0.6,0.3,20.0,5000,44.0,1,0.0,0.0,0,0.0,0.0,98,5,5 keran stabil,stable
2026-05-25T01:10:12.822,572369,488,0.393,0.586,0.257,20.0,5000,44.0,1,0.0,0.0,0,0.0,0.0,98,5,5 keran stabil,stable
2026-05-25T01:10:13.385,572935,490,0.395,0.588,0.264,20.0,5000,44.0,1,0.0,0.023,0,0.0,0.0,98,5,5 keran stabil,stable
2026-05-25T01:10:13.881,573455,487,0.392,0.585,0.254,20.0,5000,44.0,1,0.0,0.023,0,0.0,0.0,98,5,5 keran stabil,stable
2026-05-25T01:10:14.384,573973,491,0.396,0.589,0.268,20.0,5000,44.0,1,0.0,0.0,0,0.0,0.0,98,5,5 keran stabil,stable
2026-05-25T01:10:14.945,574529,490,0.395,0.588,0.264,20.0,5000,44.0,1,0.0,0.0,0,0.0,0.0,98,5,5 keran stabil,stable
2026-05-25T01:10:15.506,575049,485,0.391,0.582,0.246,20.0,5000,44.0,1,0.0,0.0,0,0.0,0.0,98,5,5 keran stabil,stable
2026-05-25T01:10:16.005,575566,488,0.393,0.586,0.257,20.0,5000,44.0,1,0.0,0.0,0,0.0,0.0,98,5,5 keran stabil,stable
2026-05-25T01:10:16.507,576086,486,0.392,0.583,0.25,20.0,5000,44.0,1,0.0,0.0,0,0.0,0.0,98,5,5 keran stabil,stable
2026-05-25T01:10:17.064,576653,482,0.388,0.579,0.236,20.0,5000,44.0,1,0.0,0.0,0,0.0,0.0,98,5,5 keran stabil,stable
2026-05-25T01:10:17.562,577173,490,0.395,0.588,0.264,20.0,5000,44.0,1,0.0,0.0,0,0.0,0.0,98,5,5 keran stabil,stable
2026-05-25T01:10:18.127,577690,490,0.395,0.588,0.264,20.0,5000,44.0,1,0.0,0.0,0,0.0,0.0,98,5,5 keran stabil,stable
2026-05-25T01:10:18.624,578210,489,0.394,0.587,0.261,20.0,5000,44.0,1,0.0,0.0,0,0.0,0.0,98,5,5 keran stabil,stable
2026-05-25T01:10:19.183,578776,488,0.393,0.586,0.257,20.0,5000,44.0,1,0.0,0.0,0,0.0,0.0,98,5,5 keran stabil,stable
2026-05-25T01:10:19.683,579296,493,0.397,0.592,0.275,20.0,5000,44.0,1,0.0,0.0,0,0.0,0.0,98,5,5 keran stabil,stable
2026-05-25T01:10:20.247,579814,494,0.398,0.593,0.279,20.0,5000,44.0,1,0.0,0.0,0,0.0,0.0,98,5,5 keran stabil,stable
2026-05-25T01:10:20.868,580438,488,0.393,0.586,0.257,20.0,5000,44.0,1,0.0,0.0,0,0.0,0.0,98,5,5 keran stabil,stable
2026-05-25T01:10:21.429,580994,489,0.394,0.587,0.261,20.0,5000,44.0,1,0.0,0.0,0,0.0,0.0,98,5,5 keran stabil,stable
2026-05-25T01:10:21.928,581514,491,0.396,0.589,0.268,20.0,5000,44.0,1,0.0,0.0,0,0.0,0.0,98,5,5 keran stabil,stable
2026-05-25T01:10:22.426,582031,488,0.393,0.586,0.257,20.0,5000,44.0,1,0.0,0.0,0,0.0,0.0,98,5,5 keran stabil,stable
2026-05-25T01:10:22.987,582597,486,0.392,0.583,0.25,20.0,5000,44.0,1,0.0,0.0,0,0.0,0.0,98,5,5 keran stabil,stable
2026-05-25T01:10:23.485,583117,505,0.407,0.606,0.318,20.0,5000,44.0,1,0.0,0.0,0,0.0,0.0,98,5,5 keran stabil,stable
2026-05-25T01:10:24.049,583635,490,0.395,0.588,0.264,20.0,5000,44.0,1,0.0,0.0,0,0.0,0.0,98,5,5 keran stabil,stable
2026-05-25T01:10:24.544,584155,490,0.395,0.588,0.264,20.0,5000,44.0,1,0.0,0.0,0,0.0,0.0,98,5,5 keran stabil,stable
2026-05-25T01:10:25.108,584711,489,0.394,0.587,0.261,20.0,5000,44.0,1,0.0,0.0,0,0.0,0.0,98,5,5 keran stabil,stable
2026-05-25T01:10:25.605,585231,490,0.395,0.588,0.264,20.0,5000,44.0,1,0.0,0.0,0,0.0,0.0,98,5,5 keran stabil,stable
2026-05-25T01:10:26.166,585749,491,0.396,0.589,0.268,20.0,5000,44.0,1,0.0,0.0,0,0.0,0.0,98,5,5 keran stabil,stable
2026-05-25T01:10:26.667,586269,480,0.387,0.576,0.228,20.0,5000,44.0,1,0.0,0.0,0,0.0,0.0,98,5,5 keran stabil,stable
2026-05-25T01:10:27.222,586825,490,0.395,0.588,0.264,20.0,5000,44.0,1,0.0,0.0,0,0.0,0.0,98,5,5 keran stabil,stable
2026-05-25T01:10:27.721,587345,494,0.398,0.593,0.279,20.0,5000,44.0,1,0.0,0.0,0,0.0,0.0,98,5,5 keran stabil,stable
2026-05-25T01:10:28.218,587862,486,0.392,0.583,0.25,20.0,5000,44.0,1,0.0,0.0,0,0.0,0.0,98,5,5 keran stabil,stable
2026-05-25T01:10:28.778,588382,490,0.395,0.588,0.264,20.0,5000,44.0,1,0.0,0.0,0,0.0,0.0,98,5,5 keran stabil,stable
2026-05-25T01:10:29.339,588948,490,0.395,0.588,0.264,20.0,5000,44.0,1,0.0,0.0,0,0.0,0.0,98,5,5 keran stabil,stable
2026-05-25T01:10:29.962,589572,494,0.398,0.593,0.279,20.0,5000,44.0,1,0.0,0.0,0,0.0,0.0,98,5,5 keran stabil,stable
2026-05-25T01:10:30.459,590090,490,0.395,0.588,0.264,20.0,5000,44.0,1,0.0,0.0,0,0.0,0.0,98,5,5 keran stabil,stable
2026-05-25T01:10:31.022,590646,484,0.39,0.581,0.243,20.0,5000,44.0,1,0.0,0.0,0,0.0,0.0,98,5,5 keran stabil,stable
2026-05-25T01:10:31.521,591166,488,0.393,0.586,0.257,20.0,5000,44.0,1,0.0,0.0,0,0.0,0.0,98,5,5 keran stabil,stable
2026-05-25T01:10:32.019,591684,490,0.395,0.588,0.264,20.0,5000,44.0,1,0.0,0.0,0,0.0,0.0,98,5,5 keran stabil,stable
2026-05-25T01:10:32.580,592204,486,0.392,0.583,0.25,20.0,5000,44.0,1,0.0,0.0,0,0.0,0.0,98,5,5 keran stabil,stable
2026-05-25T01:10:33.138,592760,487,0.392,0.585,0.254,20.0,5000,44.0,1,0.0,0.0,0,0.0,0.0,98,5,5 keran stabil,stable
2026-05-25T01:10:33.636,593280,491,0.396,0.589,0.268,20.0,5000,44.0,1,0.0,0.0,0,0.0,0.0,98,5,5 keran stabil,stable
2026-05-25T01:10:34.258,593901,487,0.392,0.585,0.254,20.0,5000,44.0,1,0.0,0.0,0,0.0,0.0,98,5,5 keran stabil,stable
2026-05-25T01:10:34.750,594421,488,0.393,0.586,0.257,20.0,5000,44.0,1,0.0,0.0,0,0.0,0.0,98,5,5 keran stabil,stable
2026-05-25T01:10:35.248,594883,487,0.392,0.585,0.254,20.0,5000,44.0,1,0.0,0.0,0,0.0,0.0,98,5,5 keran stabil,stable
2026-05-25T01:10:35.747,595403,491,0.396,0.589,0.268,20.0,5000,44.0,1,0.0,0.0,0,0.0,0.0,98,5,5 keran stabil,stable
2026-05-25T01:10:36.245,595921,496,0.4,0.595,0.286,20.0,5000,44.0,1,0.0,0.0,0,0.0,0.0,98,5,5 keran stabil,stable
2026-05-25T01:10:36.804,596441,490,0.395,0.588,0.264,20.0,5000,44.0,1,0.0,0.0,0,0.0,0.0,98,5,5 keran stabil,stable
2026-05-25T01:10:37.366,596997,486,0.392,0.583,0.25,20.0,5000,44.0,1,0.0,0.0,0,0.0,0.0,98,5,5 keran stabil,stable
2026-05-25T01:10:37.865,597517,488,0.393,0.586,0.257,20.0,5000,44.0,1,0.0,0.0,0,0.0,0.0,98,5,5 keran stabil,stable
2026-05-25T01:10:38.363,598034,490,0.395,0.588,0.264,20.0,5000,44.0,1,0.0,0.0,0,0.0,0.0,98,5,5 keran stabil,stable
2026-05-25T01:10:38.865,598554,492,0.396,0.591,0.272,20.0,5000,44.0,1,0.0,0.0,0,0.0,0.0,98,5,5 keran stabil,stable
2026-05-25T01:10:39.363,599017,485,0.391,0.582,0.246,20.0,5000,44.0,1,0.0,0.0,0,0.0,0.0,98,5,5 keran stabil,stable
2026-05-25T01:10:39.863,599537,490,0.395,0.588,0.264,20.0,5000,44.0,1,0.0,0.0,0,0.0,0.0,98,5,5 keran stabil,stable
2026-05-25T01:10:40.364,600054,490,0.395,0.588,0.264,20.0,5000,44.0,1,0.0,0.0,0,0.0,0.0,98,5,5 keran stabil,stable
2026-05-25T01:10:40.923,600574,490,0.395,0.588,0.264,20.0,5000,44.0,1,0.0,0.0,0,0.0,0.0,98,5,5 keran stabil,stable
2026-05-25T01:10:41.486,601140,489,0.394,0.587,0.261,20.0,5000,44.0,1,0.0,0.0,0,0.0,0.0,98,5,5 keran stabil,stable
2026-05-25T01:10:41.983,601660,488,0.393,0.586,0.257,20.0,5000,44.0,1,0.0,0.0,0,0.0,0.0,98,5,5 keran stabil,stable
2026-05-25T01:10:42.528,602178,490,0.395,0.588,0.264,20.0,5000,44.0,1,0.0,0.0,0,0.0,0.0,98,5,5 keran stabil,stable
2026-05-25T01:10:43.150,602838,490,0.395,0.588,0.264,20.0,5000,44.0,1,0.0,0.0,0,0.0,0.0,98,5,5 keran stabil,stable
2026-05-25T01:10:43.649,603358,486,0.392,0.583,0.25,20.0,5000,44.0,1,0.0,0.0,0,0.0,0.0,98,5,5 keran stabil,stable
2026-05-25T01:10:44.211,603875,485,0.391,0.582,0.246,20.0,5000,44.0,1,0.0,0.0,0,0.0,0.0,98,5,5 keran stabil,stable
2026-05-25T01:10:44.711,604395,488,0.393,0.586,0.257,20.0,5000,44.0,1,0.0,0.0,0,0.0,0.0,98,5,5 keran stabil,stable
2026-05-25T01:10:45.272,604962,486,0.392,0.583,0.25,20.0,5000,44.0,1,0.0,0.0,0,0.0,0.0,98,5,5 keran stabil,stable
2026-05-25T01:10:45.771,605482,485,0.391,0.582,0.246,20.0,5000,44.0,1,0.0,0.0,0,0.0,0.0,98,5,5 keran stabil,stable
2026-05-25T01:10:46.329,605999,490,0.395,0.588,0.264,20.0,5000,44.0,1,0.0,0.0,0,0.0,0.0,98,5,5 keran stabil,stable
2026-05-25T01:10:46.829,606519,490,0.395,0.588,0.264,20.0,5000,44.0,1,0.0,0.0,0,0.0,0.0,98,5,5 keran stabil,stable
2026-05-25T01:10:47.387,607085,486,0.392,0.583,0.25,20.0,5000,44.0,1,0.0,0.0,0,0.0,0.0,98,5,5 keran stabil,stable
2026-05-25T01:10:47.886,607605,486,0.392,0.583,0.25,20.0,5000,44.0,1,0.0,0.0,0,0.0,0.0,98,5,5 keran stabil,stable
2026-05-25T01:10:48.445,608123,491,0.396,0.589,0.268,20.0,5000,44.0,1,0.0,0.0,0,0.0,0.0,98,5,5 keran stabil,stable
2026-05-25T01:10:48.944,608643,490,0.395,0.588,0.264,20.0,5000,44.0,1,0.0,0.0,0,0.0,0.0,98,5,5 keran stabil,stable
2026-05-25T01:10:49.503,609199,489,0.394,0.587,0.261,20.0,5000,44.0,1,0.0,0.0,0,0.0,0.0,98,5,5 keran stabil,stable
2026-05-25T01:10:50.006,609719,487,0.392,0.585,0.254,20.0,5000,44.0,1,0.0,0.0,0,0.0,0.0,98,5,5 keran stabil,stable
2026-05-25T01:10:50.510,610236,485,0.391,0.582,0.246,20.0,5000,44.0,1,0.0,0.0,0,0.0,0.0,98,5,5 keran stabil,stable
2026-05-25T01:10:51.071,610802,489,0.394,0.587,0.261,20.0,5000,44.0,1,0.0,0.0,0,0.0,0.0,98,5,5 keran stabil,stable
2026-05-25T01:10:51.631,611323,489,0.394,0.587,0.261,20.0,5000,44.0,1,0.0,0.0,0,0.0,0.0,98,5,5 keran stabil,stable
2026-05-25T01:10:52.130,611840,489,0.394,0.587,0.261,20.0,5000,44.0,1,0.0,0.0,0,0.0,0.0,98,5,5 keran stabil,stable
2026-05-25T01:10:52.624,612360,486,0.392,0.583,0.25,20.0,5000,44.0,1,0.0,0.0,0,0.0,0.0,98,5,5 keran stabil,stable
2026-05-25T01:10:53.122,612822,486,0.392,0.583,0.25,20.0,5000,44.0,1,0.0,0.0,0,0.0,0.0,98,5,5 keran stabil,stable
2026-05-25T01:10:53.745,613447,488,0.393,0.586,0.257,20.0,5000,44.0,1,0.0,0.0,0,0.0,0.0,98,5,5 keran stabil,stable
2026-05-25T01:10:54.367,614068,488,0.393,0.586,0.257,20.0,5000,44.0,1,0.0,0.0,0,0.0,0.0,98,5,5 keran stabil,stable
2026-05-25T01:10:54.865,614588,489,0.394,0.587,0.261,20.0,5000,44.0,1,0.0,0.0,0,0.0,0.0,98,5,5 keran stabil,stable
2026-05-25T01:10:55.426,615154,487,0.392,0.585,0.254,20.0,5000,44.0,1,0.0,0.0,0,0.0,0.0,98,5,5 keran stabil,stable
2026-05-25T01:10:55.927,615674,494,0.398,0.593,0.279,20.0,5000,44.0,1,0.0,0.0,0,0.0,0.0,98,5,5 keran stabil,stable
2026-05-25T01:10:56.488,616192,489,0.394,0.587,0.261,20.0,5000,44.0,1,0.0,0.0,0,0.0,0.0,98,5,5 keran stabil,stable
2026-05-25T01:10:56.986,616712,490,0.395,0.588,0.264,20.0,5000,44.0,1,0.0,0.0,0,0.0,0.0,98,5,5 keran stabil,stable
2026-05-25T01:10:57.548,617268,484,0.39,0.581,0.243,20.0,5000,44.0,1,0.0,0.0,0,0.0,0.0,98,5,5 keran stabil,stable
2026-05-25T01:10:58.045,617788,484,0.39,0.581,0.243,20.0,5000,44.0,1,0.0,0.0,0,0.0,0.0,98,5,5 keran stabil,stable
2026-05-25T01:10:58.543,618305,490,0.395,0.588,0.264,20.0,5000,44.0,1,0.0,0.0,0,0.0,0.0,98,5,5 keran stabil,stable
2026-05-25T01:10:59.100,618871,490,0.395,0.588,0.264,20.0,5000,44.0,1,0.0,0.0,0,0.0,0.0,98,5,5 keran stabil,stable
2026-05-25T01:10:59.665,619392,489,0.394,0.587,0.261,20.0,5000,44.0,1,0.0,0.0,0,0.0,0.0,98,5,5 keran stabil,stable
2026-05-25T01:11:00.162,619909,487,0.392,0.585,0.254,20.0,5000,44.0,1,0.0,0.0,0,0.0,0.0,98,5,5 keran stabil,stable
2026-05-25T01:11:00.659,620429,486,0.392,0.583,0.25,20.0,5000,44.0,1,0.0,0.0,0,0.0,0.0,98,5,5 keran stabil,stable
2026-05-25T01:11:01.157,620891,491,0.396,0.589,0.268,20.0,5000,44.0,1,0.0,0.0,0,0.0,0.0,98,5,5 keran stabil,stable
2026-05-25T01:11:01.658,621411,467,0.376,0.561,0.182,20.0,5000,44.0,1,0.0,0.0,0,0.0,0.0,98,5,5 keran stabil,stable
2026-05-25T01:11:02.157,621929,495,0.399,0.594,0.282,20.0,5000,44.0,1,0.0,0.0,0,0.0,0.0,98,5,5 keran stabil,stable
2026-05-25T01:11:02.720,622449,490,0.395,0.588,0.264,20.0,5000,44.0,1,0.0,0.0,0,0.0,0.0,98,5,5 keran stabil,stable
2026-05-25T01:11:03.217,623005,487,0.392,0.585,0.254,20.0,5000,44.0,1,0.0,0.0,0,0.0,0.0,98,5,5 keran stabil,stable
2026-05-25T01:11:03.778,623525,485,0.391,0.582,0.246,20.0,5000,44.0,1,0.0,0.0,0,0.0,0.0,98,5,5 keran stabil,stable
2026-05-25T01:11:04.399,624146,495,0.399,0.594,0.282,20.0,5000,44.0,1,0.0,0.0,0,0.0,0.0,98,5,5 keran stabil,stable
2026-05-25T01:11:04.896,624666,493,0.397,0.592,0.275,20.0,5000,44.0,1,0.0,0.0,0,0.0,0.0,98,5,5 keran stabil,stable
2026-05-25T01:11:05.395,625129,490,0.395,0.588,0.264,20.0,5000,44.0,1,0.0,0.0,0,0.0,0.0,98,5,5 keran stabil,stable
2026-05-25T01:11:05.891,625649,489,0.394,0.587,0.261,20.0,5000,44.0,1,0.0,0.0,0,0.0,0.0,98,5,5 keran stabil,stable
2026-05-25T01:11:06.391,626166,490,0.395,0.588,0.264,20.0,5000,44.0,1,0.0,0.0,0,0.0,0.0,98,5,5 keran stabil,stable
2026-05-25T01:11:06.889,626686,486,0.392,0.583,0.25,20.0,5000,44.0,1,0.0,0.0,0,0.0,0.0,98,5,5 keran stabil,stable
2026-05-25T01:11:07.508,627253,490,0.395,0.588,0.264,20.0,5000,44.0,1,0.0,0.0,0,0.0,0.0,98,5,5 keran stabil,stable
2026-05-25T01:11:08.010,627773,491,0.396,0.589,0.268,20.0,5000,44.0,1,0.0,0.0,0,0.0,0.0,98,5,5 keran stabil,stable
2026-05-25T01:11:08.511,628290,490,0.395,0.588,0.264,20.0,5000,44.0,1,0.0,0.0,0,0.0,0.0,98,5,5 keran stabil,stable
2026-05-25T01:11:09.017,628810,488,0.393,0.586,0.257,20.0,5000,44.0,1,0.0,0.0,0,0.0,0.0,98,5,5 keran stabil,stable
2026-05-25T01:11:09.515,629272,486,0.392,0.583,0.25,20.0,5000,44.0,1,0.0,0.0,0,0.0,0.0,98,5,5 keran stabil,stable
2026-05-25T01:11:10.012,629792,487,0.392,0.585,0.254,20.0,5000,44.0,1,0.0,0.0,0,0.0,0.0,98,5,5 keran stabil,stable
2026-05-25T01:11:10.634,630414,490,0.395,0.588,0.264,20.0,5000,44.0,1,0.0,0.0,0,0.0,0.0,98,5,5 keran stabil,stable
2026-05-25T01:11:11.194,630970,485,0.391,0.582,0.246,20.0,5000,44.0,1,0.0,0.0,0,0.0,0.0,98,5,5 keran stabil,stable
2026-05-25T01:11:11.692,631490,491,0.396,0.589,0.268,20.0,5000,44.0,1,0.0,0.0,0,0.0,0.0,98,5,5 keran stabil,stable
2026-05-25T01:11:12.189,632007,489,0.394,0.587,0.261,20.0,5000,44.0,1,0.0,0.0,0,0.0,0.0,98,5,5 keran stabil,stable
2026-05-25T01:11:12.751,632527,484,0.39,0.581,0.243,20.0,5000,44.0,1,0.0,0.0,0,0.0,0.0,98,5,5 keran stabil,stable
2026-05-25T01:11:13.313,633094,493,0.397,0.592,0.275,20.0,5000,44.0,1,0.0,0.0,0,0.0,0.0,98,5,5 keran stabil,stable
2026-05-25T01:11:13.811,633614,488,0.393,0.586,0.257,20.0,5000,44.0,1,0.0,0.0,0,0.0,0.0,98,5,5 keran stabil,stable
2026-05-25T01:11:14.311,634131,490,0.395,0.588,0.264,20.0,5000,44.0,1,0.0,0.0,0,0.0,0.0,98,5,5 keran stabil,stable
2026-05-25T01:11:14.876,634651,492,0.396,0.591,0.272,20.0,5000,44.0,1,0.0,0.0,0,0.0,0.0,98,5,5 keran stabil,stable
2026-05-25T01:11:15.435,635217,490,0.395,0.588,0.264,20.0,5000,44.0,1,0.0,0.0,0,0.0,0.0,98,5,5 keran stabil,stable
2026-05-25T01:11:15.935,635737,488,0.393,0.586,0.257,20.0,5000,44.0,1,0.0,0.0,0,0.0,0.0,98,5,5 keran stabil,stable
2026-05-25T01:11:16.555,636359,486,0.392,0.583,0.25,20.0,5000,44.0,1,0.0,0.0,0,0.0,0.0,98,5,5 keran stabil,stable
2026-05-25T01:11:17.054,636879,489,0.394,0.587,0.261,20.0,5000,44.0,1,0.0,0.0,0,0.0,0.0,98,5,5 keran stabil,stable
2026-05-25T01:11:17.614,637435,488,0.393,0.586,0.257,20.0,5000,44.0,1,0.0,0.0,0,0.0,0.0,98,5,5 keran stabil,stable
2026-05-25T01:11:18.111,637955,486,0.392,0.583,0.25,20.0,5000,44.0,1,0.0,0.0,0,0.0,0.0,98,5,5 keran stabil,stable
2026-05-25T01:11:18.669,638472,488,0.393,0.586,0.257,20.0,5000,44.0,1,0.0,0.0,0,0.0,0.0,98,5,5 keran stabil,stable
2026-05-25T01:11:19.229,639038,487,0.392,0.585,0.254,20.0,5000,44.0,1,0.0,0.0,0,0.0,0.0,98,5,5 keran stabil,stable
2026-05-25T01:11:19.727,639558,490,0.395,0.588,0.264,20.0,5000,44.0,1,0.0,0.0,0,0.0,0.0,98,5,5 keran stabil,stable
2026-05-25T01:11:20.230,640076,486,0.392,0.583,0.25,20.0,5000,44.0,1,0.0,0.0,0,0.0,0.0,98,5,5 keran stabil,stable
2026-05-25T01:11:20.790,640596,489,0.394,0.587,0.261,20.0,5000,44.0,1,0.0,0.0,0,0.0,0.0,98,5,5 keran stabil,stable
2026-05-25T01:11:21.345,641152,481,0.388,0.577,0.232,20.0,5000,44.0,1,0.0,0.0,0,0.0,0.0,98,5,5 keran stabil,stable
2026-05-25T01:11:21.844,641672,488,0.393,0.586,0.257,20.0,5000,44.0,1,0.0,0.0,0,0.0,0.0,98,5,5 keran stabil,stable
2026-05-25T01:11:22.340,642189,490,0.395,0.588,0.264,20.0,5000,44.0,1,0.0,0.0,0,0.0,0.0,98,5,5 keran stabil,stable
2026-05-25T01:11:22.901,642709,490,0.395,0.588,0.264,20.0,5000,44.0,1,0.0,0.0,0,0.0,0.0,98,5,5 keran stabil,stable
2026-05-25T01:11:23.466,643276,490,0.395,0.588,0.264,20.0,5000,44.0,1,0.0,0.0,0,0.0,0.0,98,5,5 keran stabil,stable
2026-05-25T01:11:24.087,643900,488,0.393,0.586,0.257,20.0,5000,44.0,1,0.0,0.0,0,0.0,0.0,98,5,5 keran stabil,stable
2026-05-25T01:11:24.585,644417,485,0.391,0.582,0.246,20.0,5000,44.0,1,0.0,0.0,0,0.0,0.0,98,5,5 keran stabil,stable
2026-05-25T01:11:25.082,644937,489,0.394,0.587,0.261,20.0,5000,44.0,1,0.0,0.0,0,0.0,0.0,98,5,5 keran stabil,stable
2026-05-25T01:11:25.578,645399,487,0.392,0.585,0.254,20.0,5000,44.0,1,0.0,0.0,0,0.0,0.0,98,5,5 keran stabil,stable
2026-05-25T01:11:26.078,645919,489,0.394,0.587,0.261,20.0,5000,44.0,1,0.0,0.0,0,0.0,0.0,98,5,5 keran stabil,stable
2026-05-25T01:11:26.576,646437,483,0.389,0.58,0.239,20.0,5000,44.0,1,0.0,0.0,0,0.0,0.0,98,5,5 keran stabil,stable
2026-05-25T01:11:27.134,646957,486,0.392,0.583,0.25,20.0,5000,44.0,1,0.0,0.0,0,0.0,0.0,98,5,5 keran stabil,stable
2026-05-25T01:11:27.629,647513,489,0.394,0.587,0.261,20.0,5000,44.0,1,0.0,0.0,0,0.0,0.0,98,5,5 keran stabil,stable
2026-05-25T01:11:28.194,648033,487,0.392,0.585,0.254,20.0,5000,44.0,1,0.0,0.0,0,0.0,0.0,98,5,5 keran stabil,stable
2026-05-25T01:11:28.695,648551,509,0.41,0.611,0.333,20.0,5000,44.0,1,0.0,0.0,0,0.0,0.0,98,5,5 keran stabil,stable
2026-05-25T01:11:29.257,649106,488,0.393,0.586,0.257,20.0,5000,44.0,1,0.0,0.0,0,0.0,0.0,98,5,5 keran stabil,stable
2026-05-25T01:11:29.757,649627,485,0.391,0.582,0.246,20.0,5000,44.0,1,0.0,0.0,0,0.0,0.0,98,5,5 keran stabil,stable
2026-05-25T01:11:30.258,650144,489,0.394,0.587,0.261,20.0,5000,44.0,1,0.0,0.0,0,0.0,0.0,98,5,5 keran stabil,stable
2026-05-25T01:11:30.816,650664,488,0.393,0.586,0.257,20.0,5000,44.0,1,0.0,0.0,0,0.0,0.0,98,5,5 keran stabil,stable
2026-05-25T01:11:31.378,651230,488,0.393,0.586,0.257,20.0,5000,44.0,1,0.0,0.0,0,0.0,0.0,98,5,5 keran stabil,stable
2026-05-25T01:11:31.876,651750,488,0.393,0.586,0.257,20.0,5000,44.0,1,0.0,0.0,0,0.0,0.0,98,5,5 keran stabil,stable
2026-05-25T01:11:32.374,652268,489,0.394,0.587,0.261,20.0,5000,44.0,1,0.0,0.0,0,0.0,0.0,98,5,5 keran stabil,stable
2026-05-25T01:11:32.936,652788,466,0.376,0.559,0.178,20.0,5000,44.0,1,0.0,0.0,0,0.0,0.0,98,5,5 keran stabil,stable
2026-05-25T01:11:33.496,653344,484,0.39,0.581,0.243,20.0,5000,44.0,1,0.0,0.0,0,0.0,0.0,98,5,5 keran stabil,stable
2026-05-25T01:11:33.995,653864,490,0.395,0.588,0.264,20.0,5000,44.0,1,0.0,0.0,0,0.0,0.0,98,5,5 keran stabil,stable
2026-05-25T01:11:34.495,654382,489,0.394,0.587,0.261,20.0,5000,44.0,1,0.0,0.0,0,0.0,0.0,98,5,5 keran stabil,stable
2026-05-25T01:11:35.116,655006,490,0.395,0.588,0.264,20.0,5000,44.0,1,0.0,0.0,0,0.0,0.0,98,5,5 keran stabil,stable
2026-05-25T01:11:35.676,655562,488,0.393,0.586,0.257,20.0,5000,44.0,1,0.0,0.0,0,0.0,0.0,98,5,5 keran stabil,stable
2026-05-25T01:11:36.172,656082,490,0.395,0.588,0.264,20.0,5000,44.0,1,0.0,0.0,0,0.0,0.0,98,5,5 keran stabil,stable
2026-05-25T01:11:36.735,656599,489,0.394,0.587,0.261,20.0,5000,44.0,1,0.0,0.0,0,0.0,0.0,98,5,5 keran stabil,stable
2026-05-25T01:11:37.298,657165,490,0.395,0.588,0.264,20.0,5000,44.0,1,0.0,0.0,0,0.0,0.0,98,5,5 keran stabil,stable
2026-05-25T01:11:37.795,657686,490,0.395,0.588,0.264,20.0,5000,44.0,1,0.0,0.0,0,0.0,0.0,98,5,5 keran stabil,stable
2026-05-25T01:11:38.416,658307,490,0.395,0.588,0.264,20.0,5000,44.0,1,0.0,0.0,0,0.0,0.0,98,5,5 keran stabil,stable
2026-05-25T01:11:38.915,658827,482,0.388,0.579,0.236,20.0,5000,44.0,1,0.0,0.0,0,0.0,0.0,98,5,5 keran stabil,stable
2026-05-25T01:11:39.410,659289,490,0.395,0.588,0.264,20.0,5000,44.0,1,0.0,0.0,0,0.0,0.0,98,5,5 keran stabil,stable
2026-05-25T01:11:39.909,659809,490,0.395,0.588,0.264,20.0,5000,44.0,1,0.0,0.0,0,0.0,0.0,98,5,5 keran stabil,stable
2026-05-25T01:11:40.410,660327,498,0.401,0.598,0.293,20.0,5000,44.0,1,0.0,0.0,0,0.0,0.0,98,5,5 keran stabil,stable
2026-05-25T01:11:40.913,660847,484,0.39,0.581,0.243,20.0,5000,44.0,1,0.0,0.0,0,0.0,0.0,98,5,5 keran stabil,stable
2026-05-25T01:11:41.411,661299,490,0.395,0.588,0.264,20.0,5000,44.0,1,0.0,0.0,0,0.0,0.0,98,5,5 keran stabil,stable
2026-05-25T01:11:41.908,661819,486,0.392,0.583,0.25,20.0,5000,44.0,1,0.0,0.0,0,0.0,0.0,98,5,5 keran stabil,stable
2026-05-25T01:11:42.405,662336,484,0.39,0.581,0.243,20.0,5000,44.0,1,0.0,0.0,0,0.0,0.0,98,5,5 keran stabil,stable
2026-05-25T01:11:42.971,662856,490,0.395,0.588,0.264,20.0,5000,44.0,1,0.0,0.0,0,0.0,0.0,98,5,5 keran stabil,stable
2026-05-25T01:11:43.533,663423,485,0.391,0.582,0.246,20.0,5000,44.0,1,0.0,0.0,0,0.0,0.0,98,5,5 keran stabil,stable
2026-05-25T01:11:44.037,663943,486,0.392,0.583,0.25,20.0,5000,44.0,1,0.0,0.0,0,0.0,0.0,98,5,5 keran stabil,stable
2026-05-25T01:11:44.538,664460,489,0.394,0.587,0.261,20.0,5000,44.0,1,0.0,0.0,0,0.0,0.0,98,5,5 keran stabil,stable
2026-05-25T01:11:45.037,664980,490,0.395,0.588,0.264,20.0,5000,44.0,1,0.0,0.0,0,0.0,0.0,98,5,5 keran stabil,stable
2026-05-25T01:11:45.536,665442,492,0.396,0.591,0.272,20.0,5000,44.0,1,0.0,0.0,0,0.0,0.0,98,5,5 keran stabil,stable
2026-05-25T01:11:46.032,665962,490,0.395,0.588,0.264,20.0,5000,44.0,1,0.0,0.0,0,0.0,0.0,98,5,5 keran stabil,stable
2026-05-25T01:11:46.531,666480,491,0.396,0.589,0.268,20.0,5000,44.0,1,0.0,0.0,0,0.0,0.0,98,5,5 keran stabil,stable
2026-05-25T01:11:47.093,667000,490,0.395,0.588,0.264,20.0,5000,44.0,1,0.0,0.0,0,0.0,0.0,98,5,5 keran stabil,stable
2026-05-25T01:11:47.653,667556,479,0.386,0.575,0.225,20.0,5000,44.0,1,0.0,0.0,0,0.0,0.0,98,5,5 keran stabil,stable
2026-05-25T01:11:48.214,668180,482,0.388,0.579,0.236,20.0,5000,44.0,1,0.0,0.0,0,0.0,0.0,98,5,5 keran stabil,stable
2026-05-25T01:11:48.774,668697,488,0.393,0.586,0.257,20.0,5000,44.0,1,0.0,0.0,0,0.0,0.0,98,5,5 keran stabil,stable
2026-05-25T01:11:49.334,669263,490,0.395,0.588,0.264,20.0,5000,44.0,1,0.0,0.0,0,0.0,0.0,98,5,5 keran stabil,stable
2026-05-25T01:11:49.828,669784,489,0.394,0.587,0.261,20.0,5000,44.0,1,0.0,0.0,0,0.0,0.0,98,5,5 keran stabil,stable
2026-05-25T01:11:50.386,670301,490,0.395,0.588,0.264,20.0,5000,44.0,1,0.0,0.0,0,0.0,0.0,98,5,5 keran stabil,stable
2026-05-25T01:11:50.884,670821,491,0.396,0.589,0.268,20.0,5000,44.0,1,0.0,0.0,0,0.0,0.0,98,5,5 keran stabil,stable
2026-05-25T01:11:51.444,671387,490,0.395,0.588,0.264,20.0,5000,44.0,1,0.0,0.0,0,0.0,0.0,98,5,5 keran stabil,stable
2026-05-25T01:11:51.944,671907,490,0.395,0.588,0.264,20.0,5000,44.0,1,0.0,0.0,0,0.0,0.0,98,5,5 keran stabil,stable
2026-05-25T01:11:52.444,672425,469,0.378,0.563,0.189,20.0,5000,44.0,1,0.0,0.0,0,0.0,0.0,98,5,5 keran stabil,stable
2026-05-25T01:11:53.000,672945,490,0.395,0.588,0.264,20.0,5000,44.0,1,0.0,0.0,0,0.0,0.0,98,5,5 keran stabil,stable
2026-05-25T01:11:53.560,673501,482,0.388,0.579,0.236,20.0,5000,44.0,1,0.0,0.0,0,0.0,0.0,98,5,5 keran stabil,stable
2026-05-25T01:11:54.061,674021,493,0.397,0.592,0.275,20.0,5000,44.0,1,0.0,0.0,0,0.0,0.0,98,5,5 keran stabil,stable
2026-05-25T01:11:54.559,674539,484,0.39,0.581,0.243,20.0,5000,44.0,1,0.0,0.0,0,0.0,0.0,98,5,5 keran stabil,stable
2026-05-25T01:11:55.120,675059,490,0.395,0.588,0.264,20.0,5000,44.0,1,0.0,0.0,0,0.0,0.0,98,5,5 keran stabil,stable
2026-05-25T01:11:55.681,675615,490,0.395,0.588,0.264,20.0,5000,44.0,1,0.0,0.0,0,0.0,0.0,98,5,5 keran stabil,stable
2026-05-25T01:11:56.178,676135,492,0.396,0.591,0.272,20.0,5000,44.0,1,0.0,0.0,0,0.0,0.0,98,5,5 keran stabil,stable
2026-05-25T01:11:56.676,676652,487,0.392,0.585,0.254,20.0,5000,44.0,1,0.0,0.0,0,0.0,0.0,98,5,5 keran stabil,stable
2026-05-25T01:11:57.172,677172,488,0.393,0.586,0.257,20.0,5000,44.0,1,0.0,0.0,0,0.0,0.0,98,5,5 keran stabil,stable
2026-05-25T01:11:57.670,677635,494,0.398,0.593,0.279,20.0,5000,44.0,1,0.0,0.0,0,0.0,0.0,98,5,5 keran stabil,stable
2026-05-25T01:11:58.291,678259,488,0.393,0.586,0.257,20.0,5000,44.0,1,0.0,0.0,0,0.0,0.0,98,5,5 keran stabil,stable
2026-05-25T01:11:58.788,678776,485,0.391,0.582,0.246,20.0,5000,44.0,1,0.0,0.0,0,0.0,0.0,98,5,5 keran stabil,stable
2026-05-25T01:11:59.349,679342,489,0.394,0.587,0.261,20.0,5000,44.0,1,0.0,0.0,0,0.0,0.0,98,5,5 keran stabil,stable
2026-05-25T01:11:59.911,679862,490,0.395,0.588,0.264,20.0,5000,44.0,1,0.0,0.0,0,0.0,0.0,98,5,5 keran stabil,stable
2026-05-25T01:12:00.409,680380,489,0.394,0.587,0.261,20.0,5000,44.0,1,0.0,0.0,0,0.0,0.0,98,5,5 keran stabil,stable
2026-05-25T01:12:00.908,680900,490,0.395,0.588,0.264,20.0,5000,44.0,1,0.0,0.0,0,0.0,0.0,98,5,5 keran stabil,stable
2026-05-25T01:12:01.469,681461,464,0.374,0.557,0.171,20.0,5000,44.0,1,0.0,0.0,0,0.0,0.0,98,5,5 keran stabil,stable
2026-05-25T01:12:01.966,681981,491,0.396,0.589,0.268,20.0,5000,44.0,1,0.0,0.0,0,0.0,0.0,98,5,5 keran stabil,stable
2026-05-25T01:12:02.527,682504,491,0.396,0.589,0.268,20.0,5000,44.0,1,0.0,0.0,0,0.0,0.0,98,5,5 keran stabil,stable
2026-05-25T01:12:03.025,683024,490,0.395,0.588,0.264,20.0,5000,44.0,1,0.0,0.0,0,0.0,0.0,98,5,5 keran stabil,stable
2026-05-25T01:12:03.587,683580,489,0.394,0.587,0.261,20.0,5000,44.0,1,0.0,0.0,0,0.0,0.0,98,5,5 keran stabil,stable
2026-05-25T01:12:04.087,684100,483,0.389,0.58,0.239,20.0,5000,44.0,1,0.0,0.0,0,0.0,0.0,98,5,5 keran stabil,stable
2026-05-25T01:12:04.605,684617,491,0.396,0.589,0.268,20.0,5000,44.0,1,0.0,0.0,0,0.0,0.0,98,5,5 keran stabil,stable
2026-05-25T01:12:05.116,685137,488,0.393,0.586,0.257,20.0,5000,44.0,1,0.0,0.0,0,0.0,0.0,98,5,5 keran stabil,stable
2026-05-25T01:12:05.708,685704,488,0.393,0.586,0.257,20.0,5000,44.0,1,0.0,0.0,0,0.0,0.0,98,5,5 keran stabil,stable
2026-05-25T01:12:06.314,686328,503,0.405,0.604,0.311,20.0,5000,44.0,1,0.0,0.0,0,0.0,0.0,98,5,5 keran stabil,stable
2026-05-25T01:12:07.044,687053,490,0.395,0.588,0.264,20.0,5000,44.0,1,0.0,0.0,0,0.0,0.0,98,5,5 keran stabil,stable
2026-05-25T01:12:07.604,687619,490,0.395,0.588,0.264,20.0,5000,44.0,1,0.0,0.0,0,0.0,0.0,98,5,5 keran stabil,stable
2026-05-25T01:12:08.102,688139,488,0.393,0.586,0.257,20.0,5000,44.0,1,0.0,0.0,0,0.0,0.0,98,5,5 keran stabil,stable
2026-05-25T01:12:08.666,688657,496,0.4,0.595,0.286,20.0,5000,44.0,1,0.0,0.0,0,0.0,0.0,98,5,5 keran stabil,stable
2026-05-25T01:12:09.162,689177,487,0.392,0.585,0.254,20.0,5000,44.0,1,0.0,0.0,0,0.0,0.0,98,5,5 keran stabil,stable
2026-05-25T01:12:09.724,689733,489,0.394,0.587,0.261,20.0,5000,44.0,1,0.0,0.0,0,0.0,0.0,98,5,5 keran stabil,stable
2026-05-25T01:12:10.220,690253,467,0.376,0.561,0.182,20.0,5000,44.0,1,0.0,0.0,0,0.0,0.0,98,5,5 keran stabil,stable
2026-05-25T01:12:10.765,690770,493,0.397,0.592,0.275,20.0,5000,44.0,1,0.0,0.0,0,0.0,0.0,98,5,5 keran stabil,stable
2026-05-25T01:12:11.263,691290,490,0.395,0.588,0.264,20.0,5000,44.0,1,0.0,0.0,0,0.0,0.0,98,5,5 keran stabil,stable
2026-05-25T01:12:11.824,691857,487,0.392,0.585,0.254,20.0,5000,44.0,1,0.0,0.0,0,0.0,0.0,98,5,5 keran stabil,stable
2026-05-25T01:12:12.325,692377,485,0.391,0.582,0.246,20.0,5000,44.0,1,0.0,0.0,0,0.0,0.0,98,5,5 keran stabil,stable
2026-05-25T01:12:12.887,692894,475,0.383,0.57,0.21,20.0,5000,44.0,1,0.0,0.0,0,0.0,0.0,98,5,5 keran stabil,stable
2026-05-25T01:12:13.445,693460,493,0.397,0.592,0.275,20.0,5000,44.0,1,0.0,0.0,0,0.0,0.0,98,5,5 keran stabil,stable
2026-05-25T01:12:13.943,693980,488,0.393,0.586,0.257,20.0,5000,44.0,1,0.0,0.0,0,0.0,0.0,98,5,5 keran stabil,stable
2026-05-25T01:12:14.442,694498,489,0.394,0.587,0.261,20.0,5000,44.0,1,0.0,0.0,0,0.0,0.0,98,5,5 keran stabil,stable
2026-05-25T01:12:15.004,695018,490,0.395,0.588,0.264,20.0,5000,44.0,1,0.0,0.0,0,0.0,0.0,98,5,5 keran stabil,stable
2026-05-25T01:12:15.562,695574,494,0.398,0.593,0.279,20.0,5000,44.0,1,0.0,0.0,0,0.0,0.0,98,5,5 keran stabil,stable
2026-05-25T01:12:16.060,696094,489,0.394,0.587,0.261,20.0,5000,44.0,1,0.0,0.0,0,0.0,0.0,98,5,5 keran stabil,stable
2026-05-25T01:12:16.560,696611,488,0.393,0.586,0.257,20.0,5000,44.0,1,0.0,0.0,0,0.0,0.0,98,5,5 keran stabil,stable
2026-05-25T01:12:17.060,697131,479,0.386,0.575,0.225,20.0,5000,44.0,1,0.0,0.0,0,0.0,0.0,98,5,5 keran stabil,stable
2026-05-25T01:12:17.617,697698,485,0.391,0.582,0.246,20.0,5000,44.0,1,0.0,0.0,0,0.0,0.0,98,5,5 keran stabil,stable
2026-05-25T01:12:18.179,698218,484,0.39,0.581,0.243,20.0,5000,44.0,1,0.0,0.0,0,0.0,0.0,98,5,5 keran stabil,stable
2026-05-25T01:12:18.676,698735,489,0.394,0.587,0.261,20.0,5000,44.0,1,0.0,0.0,0,0.0,0.0,98,5,5 keran stabil,stable
2026-05-25T01:12:19.173,699255,489,0.394,0.587,0.261,20.0,5000,44.0,1,0.0,0.0,0,0.0,0.0,98,5,5 keran stabil,stable
2026-05-25T01:12:19.672,699717,485,0.391,0.582,0.246,20.0,5000,44.0,1,0.0,0.0,0,0.0,0.0,98,5,5 keran stabil,stable
2026-05-25T01:12:20.170,700237,491,0.396,0.589,0.268,20.0,5000,44.0,1,0.0,0.0,0,0.0,0.0,98,5,5 keran stabil,stable
2026-05-25T01:12:20.669,700754,490,0.395,0.588,0.264,20.0,5000,44.0,1,0.0,0.0,0,0.0,0.0,98,5,5 keran stabil,stable
2026-05-25T01:12:21.227,701274,489,0.394,0.587,0.261,20.0,5000,44.0,1,0.0,0.0,0,0.0,0.0,98,5,5 keran stabil,stable
2026-05-25T01:12:21.783,701841,489,0.394,0.587,0.261,20.0,5000,44.0,1,0.0,0.0,0,0.0,0.0,98,5,5 keran stabil,stable
2026-05-25T01:12:22.282,702361,491,0.396,0.589,0.268,20.0,5000,44.0,1,0.0,0.0,0,0.0,0.0,98,5,5 keran stabil,stable
2026-05-25T01:12:22.782,702878,486,0.392,0.583,0.25,20.0,5000,44.0,1,0.0,0.0,0,0.0,0.0,98,5,5 keran stabil,stable
2026-05-25T01:12:23.343,703398,489,0.394,0.587,0.261,20.0,5000,44.0,1,0.0,0.0,0,0.0,0.0,98,5,5 keran stabil,stable
2026-05-25T01:12:23.906,703964,492,0.396,0.591,0.272,20.0,5000,44.0,1,0.0,0.0,0,0.0,0.0,98,5,5 keran stabil,stable
2026-05-25T01:12:24.407,704484,486,0.392,0.583,0.25,20.0,5000,44.0,1,0.0,0.0,0,0.0,0.0,98,5,5 keran stabil,stable
2026-05-25T01:12:24.902,705002,492,0.396,0.591,0.272,20.0,5000,44.0,1,0.0,0.0,0,0.0,0.0,98,5,5 keran stabil,stable
2026-05-25T01:12:25.465,705562,490,0.395,0.588,0.264,20.0,5000,44.0,1,0.0,0.0,0,0.0,0.0,98,5,5 keran stabil,stable
2026-05-25T01:12:26.023,706082,490,0.395,0.588,0.264,20.0,5000,44.0,1,0.0,0.0,0,0.0,0.0,98,5,5 keran stabil,stable
2026-05-25T01:12:26.519,706605,489,0.394,0.587,0.261,20.0,5000,44.0,1,0.0,0.0,0,0.0,0.0,98,5,5 keran stabil,stable
2026-05-25T01:12:27.016,707125,489,0.394,0.587,0.261,20.0,5000,44.0,1,0.0,0.0,0,0.0,0.0,98,5,5 keran stabil,stable
2026-05-25T01:12:27.515,707577,494,0.398,0.593,0.279,20.0,5000,44.0,1,0.0,0.0,0,0.0,0.0,98,5,5 keran stabil,stable
2026-05-25T01:12:28.017,708097,490,0.395,0.588,0.264,20.0,5000,44.0,1,0.0,0.0,0,0.0,0.0,98,5,5 keran stabil,stable
2026-05-25T01:12:28.517,708615,487,0.392,0.585,0.254,20.0,5000,44.0,1,0.0,0.0,0,0.0,0.0,98,5,5 keran stabil,stable
2026-05-25T01:12:29.013,709135,490,0.395,0.588,0.264,20.0,5000,44.0,1,0.0,0.0,0,0.0,0.0,98,5,5 keran stabil,stable
2026-05-25T01:12:29.572,709691,481,0.388,0.577,0.232,20.0,5000,44.0,1,0.0,0.0,0,0.0,0.0,98,5,5 keran stabil,stable
2026-05-25T01:12:30.131,710211,490,0.395,0.588,0.264,20.0,5000,44.0,1,0.0,0.0,0,0.0,0.0,98,5,5 keran stabil,stable
2026-05-25T01:12:30.630,710728,489,0.394,0.587,0.261,20.0,5000,44.0,1,0.0,0.0,0,0.0,0.0,98,5,5 keran stabil,stable
2026-05-25T01:12:31.126,711248,502,0.405,0.603,0.308,20.0,5000,44.0,1,0.0,0.0,0,0.0,0.0,98,5,5 keran stabil,stable
2026-05-25T01:12:31.625,711711,493,0.397,0.592,0.275,20.0,5000,44.0,1,0.0,0.0,0,0.0,0.0,98,5,5 keran stabil,stable
2026-05-25T01:12:32.124,712231,496,0.4,0.595,0.286,20.0,5000,44.0,1,0.0,0.0,0,0.0,0.0,98,5,5 keran stabil,stable
2026-05-25T01:12:32.621,712748,492,0.396,0.591,0.272,20.0,5000,44.0,1,0.0,0.0,0,0.0,0.0,98,5,5 keran stabil,stable
2026-05-25T01:12:33.181,713268,495,0.399,0.594,0.282,20.0,5000,44.0,1,0.0,0.0,0,0.0,0.0,98,5,5 keran stabil,stable
2026-05-25T01:12:33.745,713834,494,0.398,0.593,0.279,20.0,5000,44.0,1,0.0,0.0,0,0.0,0.0,98,5,5 keran stabil,stable
2026-05-25T01:12:34.243,714354,491,0.396,0.589,0.268,20.0,5000,44.0,1,0.0,0.0,0,0.0,0.0,98,5,5 keran stabil,stable
2026-05-25T01:12:34.743,714872,506,0.408,0.607,0.322,20.0,5000,44.0,1,0.0,0.0,0,0.0,0.0,98,5,5 keran stabil,stable
2026-05-25T01:12:35.304,715392,493,0.397,0.592,0.275,20.0,5000,44.0,1,0.0,0.0,0,0.0,0.0,98,5,5 keran stabil,stable
2026-05-25T01:12:35.801,715948,509,0.41,0.611,0.333,20.0,5000,44.0,1,0.0,0.0,0,0.0,0.0,98,5,5 keran stabil,stable
2026-05-25T01:12:36.361,716468,496,0.4,0.595,0.286,20.0,5000,44.0,1,0.0,0.0,0,0.0,0.0,98,5,5 keran stabil,stable
2026-05-25T01:12:36.860,716985,495,0.399,0.594,0.282,20.0,5000,44.0,1,0.0,0.0,0,0.0,0.0,98,5,5 keran stabil,stable
2026-05-25T01:12:37.359,717505,492,0.396,0.591,0.272,20.0,5000,44.0,1,0.0,0.0,0,0.0,0.0,98,5,5 keran stabil,stable
2026-05-25T01:12:37.917,718072,494,0.398,0.593,0.279,20.0,5000,44.0,1,0.0,0.0,0,0.0,0.0,98,5,5 keran stabil,stable
2026-05-25T01:12:38.478,718592,495,0.399,0.594,0.282,20.0,5000,44.0,1,0.0,0.0,0,0.0,0.0,98,5,5 keran stabil,stable
2026-05-25T01:12:38.976,719109,494,0.398,0.593,0.279,20.0,5000,44.0,1,0.0,0.0,0,0.0,0.0,98,5,5 keran stabil,stable
2026-05-25T01:12:39.538,719675,480,0.387,0.576,0.228,20.0,5000,44.0,1,0.0,0.0,0,0.0,0.0,98,5,5 keran stabil,stable
2026-05-25T01:12:40.036,720195,485,0.391,0.582,0.246,20.0,5000,44.0,1,0.0,0.0,0,0.0,0.0,98,5,5 keran stabil,stable
2026-05-25T01:12:40.595,720713,496,0.4,0.595,0.286,20.0,5000,44.0,1,0.0,0.0,0,0.0,0.0,98,5,5 keran stabil,stable
2026-05-25T01:12:41.090,721233,493,0.397,0.592,0.275,20.0,5000,44.0,1,0.0,0.0,0,0.0,0.0,98,5,5 keran stabil,stable
2026-05-25T01:12:41.651,721789,492,0.396,0.591,0.272,20.0,5000,44.0,1,0.0,0.0,0,0.0,0.0,98,5,5 keran stabil,stable
2026-05-25T01:12:42.148,722309,494,0.398,0.593,0.279,20.0,5000,44.0,1,0.0,0.0,0,0.0,0.0,98,5,5 keran stabil,stable
2026-05-25T01:12:42.707,722827,485,0.391,0.582,0.246,20.0,5000,44.0,1,2.62,0.034,0,0.0,0.0,98,5,5 keran stabil,stable
2026-05-25T01:12:43.204,723347,492,0.396,0.591,0.272,20.0,5000,44.0,1,2.62,0.034,0,0.0,0.0,98,5,5 keran stabil,stable
2026-05-25T01:12:43.764,723903,501,0.404,0.601,0.304,20.0,5000,44.0,1,2.11,0.022,0,0.0,0.0,98,5,5 keran stabil,stable
2026-05-25T01:12:44.264,724423,498,0.401,0.598,0.293,20.0,5000,44.0,1,2.11,0.022,0,0.0,0.0,98,5,5 keran stabil,stable
2026-05-25T01:12:44.883,725044,498,0.401,0.598,0.293,20.0,5000,44.0,1,5.76,0.039,0,0.0,0.0,98,5,5 keran stabil,stable
2026-05-25T01:12:45.381,725564,501,0.404,0.601,0.304,20.0,5000,44.0,1,5.76,0.039,0,0.0,0.0,98,5,5 keran stabil,stable
2026-05-25T01:12:45.879,726027,510,0.411,0.612,0.337,20.0,5000,44.0,1,5.18,0.034,0,0.0,0.0,98,5,5 keran stabil,stable
2026-05-25T01:12:46.377,726547,497,0.401,0.597,0.29,20.0,5000,44.0,1,5.18,0.034,0,0.0,0.0,98,5,5 keran stabil,stable
2026-05-25T01:12:46.875,727064,500,0.403,0.6,0.3,20.0,5000,44.0,1,0.29,0.0,0,0.0,0.0,98,5,5 keran stabil,stable
2026-05-25T01:12:47.435,727584,481,0.388,0.577,0.232,20.0,5000,44.0,1,0.29,0.0,0,0.0,0.0,98,5,5 keran stabil,stable
2026-05-25T01:12:47.994,728150,496,0.4,0.595,0.286,20.0,5000,44.0,1,0.0,0.0,0,0.0,0.0,98,5,5 keran stabil,stable
2026-05-25T01:12:48.490,728670,499,0.402,0.599,0.297,20.0,5000,44.0,1,0.0,0.0,0,0.0,0.0,98,5,5 keran stabil,stable
2026-05-25T01:12:48.987,729188,503,0.405,0.604,0.311,20.0,5000,44.0,1,0.0,0.0,0,0.0,0.0,98,5,5 keran stabil,stable
2026-05-25T01:12:49.548,729743,499,0.402,0.599,0.297,20.0,5000,44.0,1,0.0,0.0,0,0.0,0.0,98,5,5 keran stabil,stable
2026-05-25T01:12:50.108,730264,496,0.4,0.595,0.286,20.0,5000,44.0,1,0.0,0.0,0,0.0,0.0,98,5,5 keran stabil,stable
2026-05-25T01:12:50.605,730781,496,0.4,0.595,0.286,20.0,5000,44.0,1,0.0,0.0,0,0.0,0.0,98,5,5 keran stabil,stable
2026-05-25T01:12:51.228,731405,499,0.402,0.599,0.297,20.0,5000,44.0,1,0.0,0.0,0,0.0,0.0,98,5,5 keran stabil,stable
2026-05-25T01:12:51.788,731971,495,0.399,0.594,0.282,20.0,5000,44.0,1,0.0,0.0,0,0.0,0.0,98,5,5 keran stabil,stable
2026-05-25T01:12:52.287,732491,500,0.403,0.6,0.3,20.0,5000,44.0,1,0.0,0.0,0,0.0,0.0,98,5,5 keran stabil,stable
2026-05-25T01:12:52.845,733009,500,0.403,0.6,0.3,20.0,5000,44.0,1,0.0,0.0,0,0.0,0.0,98,5,5 keran stabil,stable
2026-05-25T01:12:53.344,733529,500,0.403,0.6,0.3,20.0,5000,44.0,1,0.0,0.0,0,0.0,0.0,98,5,5 keran stabil,stable
2026-05-25T01:12:53.906,734085,499,0.402,0.599,0.297,20.0,5000,44.0,1,0.0,0.0,0,0.0,0.0,98,5,5 keran stabil,stable
2026-05-25T01:12:54.404,734605,500,0.403,0.6,0.3,20.0,5000,44.0,1,0.0,0.0,0,0.0,0.0,98,5,5 keran stabil,stable
2026-05-25T01:12:54.905,735122,496,0.4,0.595,0.286,20.0,5000,44.0,1,0.0,0.0,0,0.0,0.0,98,5,5 keran stabil,stable
2026-05-25T01:12:55.464,735642,498,0.401,0.598,0.293,20.0,5000,44.0,1,0.0,0.0,0,0.0,0.0,98,5,5 keran stabil,stable
2026-05-25T01:12:56.024,736209,496,0.4,0.595,0.286,20.0,5000,44.0,1,0.0,0.0,0,0.0,0.0,98,5,5 keran stabil,stable
2026-05-25T01:12:56.522,736729,496,0.4,0.595,0.286,20.0,5000,44.0,1,0.0,0.0,0,0.0,0.0,98,5,5 keran stabil,stable
2026-05-25T01:12:57.019,737246,498,0.401,0.598,0.293,20.0,5000,44.0,1,0.0,0.0,0,0.0,0.0,98,5,5 keran stabil,stable
2026-05-25T01:12:57.582,737812,497,0.401,0.597,0.29,20.0,5000,44.0,1,0.0,0.0,0,0.0,0.0,98,5,5 keran stabil,stable
2026-05-25T01:12:58.139,738333,496,0.4,0.595,0.286,20.0,5000,44.0,1,0.0,0.0,0,0.0,0.0,98,5,5 keran stabil,stable
2026-05-25T01:12:58.762,738954,479,0.386,0.575,0.225,20.0,5000,44.0,1,0.0,0.0,0,0.0,0.0,98,5,5 keran stabil,stable
2026-05-25T01:12:59.379,739578,499,0.402,0.599,0.297,20.0,5000,44.0,1,0.0,0.0,0,0.0,0.0,98,5,5 keran stabil,stable
2026-05-25T01:12:59.937,740144,496,0.4,0.595,0.286,20.0,5000,44.0,1,0.0,0.0,0,0.0,0.0,98,5,5 keran stabil,stable
2026-05-25T01:13:00.435,740664,500,0.403,0.6,0.3,20.0,5000,44.0,1,0.0,0.0,0,0.0,0.0,98,5,5 keran stabil,stable
2026-05-25T01:13:00.993,741182,499,0.402,0.599,0.297,20.0,5000,44.0,1,0.0,0.0,0,0.0,0.0,98,5,5 keran stabil,stable
2026-05-25T01:13:01.491,741702,497,0.401,0.597,0.29,20.0,5000,44.0,1,0.0,0.0,0,0.0,0.0,98,5,5 keran stabil,stable
2026-05-25T01:13:02.053,742258,498,0.401,0.598,0.293,20.0,5000,44.0,1,0.0,0.0,0,0.0,0.0,98,5,5 keran stabil,stable
2026-05-25T01:13:02.550,742778,495,0.399,0.594,0.282,20.0,5000,44.0,1,0.0,0.0,0,0.0,0.0,98,5,5 keran stabil,stable
2026-05-25T01:13:03.046,743296,500,0.403,0.6,0.3,20.0,5000,44.0,1,0.0,0.0,0,0.0,0.0,98,5,5 keran stabil,stable
2026-05-25T01:13:03.605,743851,495,0.399,0.594,0.282,20.0,5000,44.0,1,0.0,0.0,0,0.0,0.0,98,5,5 keran stabil,stable
2026-05-25T01:13:04.167,744372,499,0.402,0.599,0.297,20.0,5000,44.0,1,0.0,0.0,0,0.0,0.0,98,5,5 keran stabil,stable
2026-05-25T01:13:04.789,744993,497,0.401,0.597,0.29,20.0,5000,44.0,1,0.0,0.0,0,0.0,0.0,98,5,5 keran stabil,stable
2026-05-25T01:13:05.288,745513,498,0.401,0.598,0.293,20.0,5000,44.0,1,0.0,0.0,0,0.0,0.0,98,5,5 keran stabil,stable
2026-05-25T01:13:05.849,746080,460,0.371,0.552,0.156,20.0,5000,44.0,1,0.0,0.0,0,0.0,0.0,98,5,5 keran stabil,stable
2026-05-25T01:13:06.348,746600,498,0.401,0.598,0.293,20.0,5000,44.0,1,0.0,0.0,0,0.0,0.0,98,5,5 keran stabil,stable
2026-05-25T01:13:06.908,747117,499,0.402,0.599,0.297,20.0,5000,44.0,1,0.0,0.0,0,0.0,0.0,98,5,5 keran stabil,stable
2026-05-25T01:13:07.405,747637,499,0.402,0.599,0.297,20.0,5000,44.0,1,0.0,0.0,0,0.0,0.0,98,5,5 keran stabil,stable
2026-05-25T01:13:07.967,748203,500,0.403,0.6,0.3,20.0,5000,44.0,1,0.0,0.0,0,0.0,0.0,98,5,5 keran stabil,stable
2026-05-25T01:13:08.467,748723,499,0.402,0.599,0.297,20.0,5000,44.0,1,0.0,0.0,0,0.0,0.0,98,5,5 keran stabil,stable
2026-05-25T01:13:08.963,749241,501,0.404,0.601,0.304,20.0,5000,44.0,1,0.0,0.0,0,0.0,0.0,98,5,5 keran stabil,stable
2026-05-25T01:13:09.526,749761,489,0.394,0.587,0.261,20.0,5000,44.0,1,0.0,0.0,0,0.0,0.0,98,5,5 keran stabil,stable
2026-05-25T01:13:10.083,750317,491,0.396,0.589,0.268,20.0,5000,44.0,1,0.0,0.0,0,0.0,0.0,98,5,5 keran stabil,stable
2026-05-25T01:13:10.580,750837,496,0.4,0.595,0.286,20.0,5000,44.0,1,0.0,0.0,0,0.0,0.0,98,5,5 keran stabil,stable
2026-05-25T01:13:11.078,751355,499,0.402,0.599,0.297,20.0,5000,44.0,1,0.0,0.0,0,0.0,0.0,98,5,5 keran stabil,stable
2026-05-25T01:13:11.639,751910,509,0.41,0.611,0.333,20.0,5000,44.0,1,0.0,0.0,0,0.0,0.0,98,5,5 keran stabil,stable
2026-05-25T01:13:12.200,752431,499,0.402,0.599,0.297,20.0,5000,44.0,1,0.0,0.0,0,0.0,0.0,98,5,5 keran stabil,stable
2026-05-25T01:13:12.759,753052,499,0.402,0.599,0.297,20.0,5000,44.0,1,0.0,0.0,0,0.0,0.0,98,5,5 keran stabil,stable
2026-05-25T01:13:13.323,753572,494,0.398,0.593,0.279,20.0,5000,44.0,1,0.0,0.0,0,0.0,0.0,98,5,5 keran stabil,stable
2026-05-25T01:13:13.883,754139,494,0.398,0.593,0.279,20.0,5000,44.0,1,1.56,0.023,0,0.0,0.0,98,5,5 keran stabil,stable
2026-05-25T01:13:14.381,754659,497,0.401,0.597,0.29,20.0,5000,44.0,1,1.56,0.023,0,0.0,0.0,98,5,5 keran stabil,stable
2026-05-25T01:13:14.880,755176,490,0.395,0.588,0.264,20.0,5000,44.0,1,3.62,0.035,0,0.0,0.0,98,5,5 keran stabil,stable
2026-05-25T01:13:15.437,755696,496,0.4,0.595,0.286,20.0,5000,44.0,1,3.62,0.035,0,0.0,0.0,98,5,5 keran stabil,stable
2026-05-25T01:13:15.996,756263,496,0.4,0.595,0.286,20.0,5000,44.0,1,4.0,0.034,0,0.0,0.0,98,5,5 keran stabil,stable
2026-05-25T01:13:16.618,756887,499,0.402,0.599,0.297,20.0,5000,44.0,1,4.0,0.034,0,0.0,0.0,98,5,5 keran stabil,stable
2026-05-25T01:13:17.115,757404,509,0.41,0.611,0.333,20.0,5000,44.0,1,4.05,0.033,0,0.0,0.0,98,5,5 keran stabil,stable
2026-05-25T01:13:17.675,757970,496,0.4,0.595,0.286,20.0,5000,44.0,1,4.05,0.032,0,0.0,0.0,98,5,5 keran stabil,stable
2026-05-25T01:13:18.175,758490,495,0.399,0.594,0.282,20.0,5000,44.0,1,4.05,0.032,0,0.0,0.0,98,5,5 keran stabil,stable
2026-05-25T01:13:18.735,759008,494,0.398,0.593,0.279,20.0,5000,44.0,1,4.05,0.032,0,0.0,0.0,98,5,5 keran stabil,stable
2026-05-25T01:13:19.236,759528,495,0.399,0.594,0.282,20.0,5000,44.0,1,4.05,0.032,0,0.0,0.0,98,5,5 keran stabil,stable
2026-05-25T01:13:19.800,760084,493,0.397,0.592,0.275,20.0,5000,44.0,1,4.05,0.032,0,0.0,0.0,98,5,5 keran stabil,stable
2026-05-25T01:13:20.298,760604,499,0.402,0.599,0.297,20.0,5000,44.0,1,4.05,0.032,0,0.0,0.0,98,5,5 keran stabil,stable
2026-05-25T01:13:20.858,761122,495,0.399,0.594,0.282,20.0,5000,44.0,1,4.05,0.032,0,0.0,0.0,98,5,5 keran stabil,stable
2026-05-25T01:13:21.477,761746,496,0.4,0.595,0.286,20.0,5000,44.0,1,4.05,0.032,0,0.0,0.0,98,5,5 keran stabil,stable
2026-05-25T01:13:21.977,762302,500,0.403,0.6,0.3,20.0,5000,44.0,1,4.05,0.033,0,0.0,0.0,98,5,5 keran stabil,stable
2026-05-25T01:13:22.539,762822,496,0.4,0.595,0.286,20.0,5000,44.0,1,4.05,0.033,0,0.0,0.0,98,5,5 keran stabil,stable
2026-05-25T01:13:23.038,763339,502,0.405,0.603,0.308,20.0,5000,44.0,1,3.99,0.032,0,0.0,0.0,98,5,5 keran stabil,stable
2026-05-25T01:13:23.537,763859,493,0.397,0.592,0.275,20.0,5000,44.0,1,3.99,0.032,0,0.0,0.0,98,5,5 keran stabil,stable
2026-05-25T01:13:24.036,764322,493,0.397,0.592,0.275,20.0,5000,44.0,1,4.05,0.033,0,0.0,0.0,98,5,5 keran stabil,stable
2026-05-25T01:13:24.540,764842,498,0.401,0.598,0.293,20.0,5000,44.0,1,4.05,0.033,0,0.0,0.0,98,5,5 keran stabil,stable
2026-05-25T01:13:25.038,765359,496,0.4,0.595,0.286,20.0,5000,44.0,1,4.05,0.033,0,0.0,0.0,98,5,5 keran stabil,stable
2026-05-25T01:13:25.537,765879,489,0.394,0.587,0.261,20.0,5000,44.0,1,4.05,0.033,0,0.0,0.0,98,5,5 keran stabil,stable
2026-05-25T01:13:26.033,766342,497,0.401,0.597,0.29,20.0,5000,44.0,1,4.05,0.032,0,0.0,0.0,98,5,5 keran stabil,stable
2026-05-25T01:13:26.530,766862,495,0.399,0.594,0.282,20.0,5000,44.0,1,4.05,0.032,0,0.0,0.0,98,5,5 keran stabil,stable
2026-05-25T01:13:27.089,767379,498,0.401,0.598,0.293,20.0,5000,44.0,1,4.05,0.032,0,0.0,0.0,98,5,5 keran stabil,stable
2026-05-25T01:13:27.587,767899,499,0.402,0.599,0.297,20.0,5000,44.0,1,4.05,0.032,0,0.0,0.0,98,5,5 keran stabil,stable
2026-05-25T01:13:28.148,768466,499,0.402,0.599,0.297,20.0,5000,44.0,1,1.38,0.012,0,0.0,0.0,98,5,5 keran stabil,stable
2026-05-25T01:13:28.646,768986,494,0.398,0.593,0.279,20.0,5000,44.0,1,1.38,0.012,0,0.0,0.0,98,5,5 keran stabil,stable
2026-05-25T01:13:29.145,769503,498,0.401,0.598,0.293,20.0,5000,44.0,1,0.0,0.0,0,0.0,0.0,98,5,5 keran stabil,stable
2026-05-25T01:13:29.768,770069,494,0.398,0.593,0.279,20.0,5000,44.0,1,0.0,0.0,0,0.0,0.0,98,5,5 keran stabil,stable
2026-05-25T01:13:30.271,770589,502,0.405,0.603,0.308,20.0,5000,44.0,1,0.0,0.0,0,0.0,0.0,98,5,5 keran stabil,stable
2026-05-25T01:13:30.767,771107,502,0.405,0.603,0.308,20.0,5000,44.0,1,0.0,0.0,0,0.0,0.0,98,5,5 keran stabil,stable
2026-05-25T01:13:31.263,771627,495,0.399,0.594,0.282,20.0,5000,44.0,1,0.0,0.0,0,0.0,0.0,98,5,5 keran stabil,stable
2026-05-25T01:13:31.763,772079,496,0.4,0.595,0.286,20.0,5000,44.0,1,0.0,0.0,0,0.0,0.0,98,5,5 keran stabil,stable
2026-05-25T01:13:32.383,772703,497,0.401,0.597,0.29,20.0,5000,44.0,1,0.0,0.0,0,0.0,0.0,98,5,5 keran stabil,stable
2026-05-25T01:13:32.882,773221,496,0.4,0.595,0.286,20.0,5000,44.0,1,0.0,0.0,0,0.0,0.0,98,5,5 keran stabil,stable
2026-05-25T01:13:33.378,773741,500,0.403,0.6,0.3,20.0,5000,44.0,1,0.0,0.0,0,0.0,0.0,98,5,5 keran stabil,stable
2026-05-25T01:13:33.874,774193,446,0.359,0.535,0.106,20.0,5000,44.0,1,0.0,0.0,0,0.0,0.0,98,5,5 keran stabil,stable
2026-05-25T01:13:34.373,774713,494,0.398,0.593,0.279,20.0,5000,44.0,1,0.0,0.0,0,0.0,0.0,98,5,5 keran stabil,stable
2026-05-25T01:13:34.994,775335,497,0.401,0.597,0.29,20.0,5000,44.0,1,0.0,0.0,0,0.0,0.0,98,5,5 keran stabil,stable
2026-05-25T01:13:35.494,775855,499,0.402,0.599,0.297,20.0,5000,44.0,1,0.0,0.0,0,0.0,0.0,98,5,5 keran stabil,stable
2026-05-25T01:13:36.054,776411,495,0.399,0.594,0.282,20.0,5000,44.0,1,0.0,0.0,0,0.0,0.0,98,5,5 keran stabil,stable
2026-05-25T01:13:36.554,776931,501,0.404,0.601,0.304,20.0,5000,44.0,1,0.0,0.0,0,0.0,0.0,98,5,5 keran stabil,stable
2026-05-25T01:13:37.113,777448,503,0.405,0.604,0.311,20.0,5000,44.0,1,0.0,0.0,0,0.0,0.0,98,5,5 keran stabil,stable
2026-05-25T01:13:37.611,777968,499,0.402,0.599,0.297,20.0,5000,44.0,1,0.0,0.0,0,0.0,0.0,98,5,5 keran stabil,stable
2026-05-25T01:13:38.169,778534,501,0.404,0.601,0.304,20.0,5000,44.0,1,0.0,0.0,0,0.0,0.0,98,5,5 keran stabil,stable
2026-05-25T01:13:38.788,779156,496,0.4,0.595,0.286,20.0,5000,44.0,1,0.0,0.0,0,0.0,0.0,98,5,5 keran stabil,stable
2026-05-25T01:13:39.287,779676,490,0.395,0.588,0.264,20.0,5000,44.0,1,0.0,0.0,0,0.0,0.0,98,5,5 keran stabil,stable
2026-05-25T01:13:39.784,780128,500,0.403,0.6,0.3,20.0,5000,44.0,1,0.0,0.0,0,0.0,0.0,98,5,5 keran stabil,stable
2026-05-25T01:13:40.279,780648,499,0.402,0.599,0.297,20.0,5000,44.0,1,0.0,0.0,0,0.0,0.0,98,5,5 keran stabil,stable
2026-05-25T01:13:40.779,781166,486,0.392,0.583,0.25,20.0,5000,44.0,1,0.0,0.0,0,0.0,0.0,98,5,5 keran stabil,stable
2026-05-25T01:13:41.341,781686,508,0.409,0.61,0.329,20.0,5000,44.0,1,0.0,0.0,0,0.0,0.0,98,5,5 keran stabil,stable
2026-05-25T01:13:41.963,782346,496,0.4,0.595,0.286,20.0,5000,44.0,1,0.0,0.0,0,0.0,0.0,98,5,5 keran stabil,stable
2026-05-25T01:13:42.462,782866,502,0.405,0.603,0.308,20.0,5000,44.0,1,0.0,0.0,0,0.0,0.0,98,5,5 keran stabil,stable
2026-05-25T01:13:43.023,783383,502,0.405,0.603,0.308,20.0,5000,44.0,1,0.0,0.0,0,0.0,0.0,98,5,5 keran stabil,stable
2026-05-25T01:13:43.519,783903,503,0.405,0.604,0.311,20.0,5000,44.0,1,0.0,0.0,0,0.0,0.0,98,5,5 keran stabil,stable
2026-05-25T01:13:44.078,784470,506,0.408,0.607,0.322,20.0,5000,44.0,1,0.0,0.0,0,0.0,0.0,98,5,5 keran stabil,stable
2026-05-25T01:13:44.576,784990,511,0.412,0.613,0.34,20.0,5000,44.0,1,0.0,0.0,0,0.0,0.0,98,5,5 keran stabil,stable
2026-05-25T01:13:45.137,785507,502,0.405,0.603,0.308,20.0,5000,44.0,1,0.0,0.0,0,0.0,0.0,98,5,5 keran stabil,stable
2026-05-25T01:13:45.636,786027,502,0.405,0.603,0.308,20.0,5000,44.0,1,0.0,0.0,0,0.0,0.0,98,5,5 keran stabil,stable
2026-05-25T01:13:46.195,786593,502,0.405,0.603,0.308,20.0,5000,44.0,1,0.0,0.0,0,0.0,0.0,98,5,5 keran stabil,stable
2026-05-25T01:13:46.694,787113,503,0.405,0.604,0.311,20.0,5000,44.0,1,0.0,0.0,0,0.0,0.0,98,5,5 keran stabil,stable
2026-05-25T01:13:47.258,787631,505,0.407,0.606,0.318,20.0,5000,44.0,1,0.0,0.0,0,0.0,0.0,98,5,5 keran stabil,stable
2026-05-25T01:13:47.818,788187,503,0.405,0.604,0.311,20.0,5000,44.0,1,0.0,0.0,0,0.0,0.0,98,5,5 keran stabil,stable
2026-05-25T01:13:48.317,788707,510,0.411,0.612,0.337,20.0,5000,44.0,1,0.0,0.0,0,0.0,0.0,98,5,5 keran stabil,stable
2026-05-25T01:13:48.816,789225,503,0.405,0.604,0.311,20.0,5000,44.0,1,0.0,0.0,0,0.0,0.0,98,5,5 keran stabil,stable
2026-05-25T01:13:49.314,789745,503,0.405,0.604,0.311,20.0,5000,44.0,1,0.0,0.0,0,0.0,0.0,98,5,5 keran stabil,stable
2026-05-25T01:13:49.810,790196,502,0.405,0.603,0.308,20.0,5000,44.0,1,0.0,0.0,0,0.0,0.0,98,5,5 keran stabil,stable
2026-05-25T01:13:50.311,790717,503,0.405,0.604,0.311,20.0,5000,44.0,1,0.0,0.0,0,0.0,0.0,98,5,5 keran stabil,stable
2026-05-25T01:13:50.933,791338,505,0.407,0.606,0.318,20.0,5000,44.0,1,0.0,0.0,0,0.0,0.0,98,5,5 keran stabil,stable
2026-05-25T01:13:51.432,791858,495,0.399,0.594,0.282,20.0,5000,44.0,1,0.0,0.0,0,0.0,0.0,98,5,5 keran stabil,stable
2026-05-25T01:13:51.934,792320,501,0.404,0.601,0.304,20.0,5000,44.0,1,0.0,0.0,0,0.0,0.0,98,5,5 keran stabil,stable
2026-05-25T01:13:52.496,792944,509,0.41,0.611,0.333,20.0,5000,44.0,1,0.0,0.0,0,0.0,0.0,98,5,5 keran stabil,stable
2026-05-25T01:13:53.055,793462,500,0.403,0.6,0.3,20.0,5000,44.0,1,0.0,0.0,0,0.0,0.0,98,5,5 keran stabil,stable
2026-05-25T01:13:53.550,793982,500,0.403,0.6,0.3,20.0,5000,44.0,1,0.0,0.0,0,0.0,0.0,98,5,5 keran stabil,stable
2026-05-25T01:13:54.107,794538,501,0.404,0.601,0.304,20.0,5000,44.0,1,0.0,0.0,0,0.0,0.0,98,5,5 keran stabil,stable
2026-05-25T01:13:54.607,795058,503,0.405,0.604,0.311,20.0,5000,44.0,1,0.0,0.0,0,0.0,0.0,98,5,5 keran stabil,stable
2026-05-25T01:13:55.166,795576,504,0.406,0.605,0.315,20.0,5000,44.0,1,0.0,0.0,0,0.0,0.0,98,5,5 keran stabil,stable
2026-05-25T01:13:55.665,796096,503,0.405,0.604,0.311,20.0,5000,44.0,1,0.0,0.0,0,0.0,0.0,98,5,5 keran stabil,stable
2026-05-25T01:13:56.226,796652,500,0.403,0.6,0.3,20.0,5000,44.0,1,0.0,0.0,0,0.0,0.0,98,5,5 keran stabil,stable
2026-05-25T01:13:56.723,797172,502,0.405,0.603,0.308,20.0,5000,44.0,1,0.0,0.0,0,0.0,0.0,98,5,5 keran stabil,stable
2026-05-25T01:13:57.283,797689,501,0.404,0.601,0.304,20.0,5000,44.0,1,0.0,0.0,0,0.0,0.0,98,5,5 keran stabil,stable
2026-05-25T01:13:57.841,798255,501,0.404,0.601,0.304,20.0,5000,44.0,1,0.0,0.0,0,0.0,0.0,98,5,5 keran stabil,stable
2026-05-25T01:13:58.340,798775,501,0.404,0.601,0.304,20.0,5000,44.0,1,0.0,0.0,0,0.0,0.0,98,5,5 keran stabil,stable
2026-05-25T01:13:58.963,799397,503,0.405,0.604,0.311,20.0,5000,44.0,1,0.0,0.0,0,0.0,0.0,98,5,5 keran stabil,stable
2026-05-25T01:13:59.464,799917,503,0.405,0.604,0.311,20.0,5000,44.0,1,0.0,0.0,0,0.0,0.0,98,5,5 keran stabil,stable
2026-05-25T01:14:00.025,800473,503,0.405,0.604,0.311,20.0,5000,44.0,1,0.0,0.0,0,0.0,0.0,98,5,5 keran stabil,stable
2026-05-25T01:14:00.526,800993,501,0.404,0.601,0.304,20.0,5000,44.0,1,0.0,0.0,0,0.0,0.0,98,5,5 keran stabil,stable
2026-05-25T01:14:01.086,801511,502,0.405,0.603,0.308,20.0,5000,44.0,1,0.0,0.0,0,0.0,0.0,98,5,5 keran stabil,stable
2026-05-25T01:14:01.584,802031,500,0.403,0.6,0.3,20.0,5000,44.0,1,0.0,0.0,0,0.0,0.0,98,5,5 keran stabil,stable
2026-05-25T01:14:02.145,802587,504,0.406,0.605,0.315,20.0,5000,44.0,1,0.0,0.0,0,0.0,0.0,98,5,5 keran stabil,stable
2026-05-25T01:14:02.640,803107,502,0.405,0.603,0.308,20.0,5000,44.0,1,0.0,0.0,0,0.0,0.0,98,5,5 keran stabil,stable
2026-05-25T01:14:03.140,803624,502,0.405,0.603,0.308,20.0,5000,44.0,1,0.0,0.0,0,0.0,0.0,98,5,5 keran stabil,stable
2026-05-25T01:14:03.701,804144,502,0.405,0.603,0.308,20.0,5000,44.0,1,0.0,0.0,0,0.0,0.0,98,5,5 keran stabil,stable
2026-05-25T01:14:04.263,804711,500,0.403,0.6,0.3,20.0,5000,44.0,1,0.0,0.0,0,0.0,0.0,98,5,5 keran stabil,stable
2026-05-25T01:14:04.883,805332,501,0.404,0.601,0.304,20.0,5000,44.0,1,0.0,0.0,0,0.0,0.0,98,5,5 keran stabil,stable
2026-05-25T01:14:05.382,805852,501,0.404,0.601,0.304,20.0,5000,44.0,1,0.0,0.0,0,0.0,0.0,98,5,5 keran stabil,stable
2026-05-25T01:14:05.930,806419,504,0.406,0.605,0.315,20.0,5000,44.0,1,0.0,0.0,0,0.0,0.0,98,5,5 keran stabil,stable
2026-05-25T01:14:06.469,806939,508,0.409,0.61,0.329,20.0,5000,44.0,1,0.0,0.0,0,0.0,0.0,98,5,5 keran stabil,stable
2026-05-25T01:14:07.065,807560,504,0.406,0.605,0.315,20.0,5000,44.0,1,0.0,0.0,0,0.0,0.0,98,5,5 keran stabil,stable
2026-05-25T01:14:07.608,808080,500,0.403,0.6,0.3,20.0,5000,44.0,1,0.0,0.0,0,0.0,0.0,98,5,5 keran stabil,stable
2026-05-25T01:14:08.169,808646,503,0.405,0.604,0.311,20.0,5000,44.0,1,0.0,0.0,0,0.0,0.0,98,5,5 keran stabil,stable
2026-05-25T01:14:08.787,809270,503,0.405,0.604,0.311,20.0,5000,44.0,1,0.0,0.0,0,0.0,0.0,98,5,5 keran stabil,stable
2026-05-25T01:14:09.286,809788,504,0.406,0.605,0.315,20.0,5000,44.0,1,0.0,0.0,0,0.0,0.0,98,5,5 keran stabil,stable
2026-05-25T01:14:09.846,810344,488,0.393,0.586,0.257,20.0,5000,44.0,1,0.0,0.0,0,0.0,0.0,98,5,5 keran stabil,stable
2026-05-25T01:14:10.405,810864,500,0.403,0.6,0.3,20.0,5000,44.0,1,0.0,0.0,0,0.0,0.0,98,5,5 keran stabil,stable
2026-05-25T01:14:10.905,811382,499,0.402,0.599,0.297,20.0,5000,44.0,1,0.0,0.0,0,0.0,0.0,98,5,5 keran stabil,stable
2026-05-25T01:14:11.526,812006,502,0.405,0.603,0.308,20.0,5000,44.0,1,0.0,0.0,0,0.0,0.0,98,5,5 keran stabil,stable
2026-05-25T01:14:12.087,812562,502,0.405,0.603,0.308,20.0,5000,44.0,1,0.0,0.0,0,0.0,0.0,98,5,5 keran stabil,stable
2026-05-25T01:14:12.588,813082,508,0.409,0.61,0.329,20.0,5000,44.0,1,0.0,0.0,0,0.0,0.0,98,5,5 keran stabil,stable
2026-05-25T01:14:13.086,813599,500,0.403,0.6,0.3,20.0,5000,44.0,1,0.0,0.0,0,0.0,0.0,98,5,5 keran stabil,stable
2026-05-25T01:14:13.645,814119,504,0.406,0.605,0.315,20.0,5000,44.0,1,0.0,0.0,0,0.0,0.0,98,5,5 keran stabil,stable
2026-05-25T01:14:14.205,814686,500,0.403,0.6,0.3,20.0,5000,44.0,1,0.0,0.0,0,0.0,0.0,98,5,5 keran stabil,stable
2026-05-25T01:14:14.703,815206,508,0.409,0.61,0.329,20.0,5000,44.0,1,0.0,0.0,0,0.0,0.0,98,5,5 keran stabil,stable
2026-05-25T01:14:15.200,815723,501,0.404,0.601,0.304,20.0,5000,44.0,1,0.0,0.0,0,0.0,0.0,98,5,5 keran stabil,stable
2026-05-25T01:14:15.759,816243,502,0.405,0.603,0.308,20.0,5000,44.0,1,0.0,0.0,0,0.0,0.0,98,5,5 keran stabil,stable
2026-05-25T01:14:16.318,816809,505,0.407,0.606,0.318,20.0,5000,44.0,1,0.0,0.0,0,0.0,0.0,98,5,5 keran stabil,stable
2026-05-25T01:14:16.816,817329,500,0.403,0.6,0.3,20.0,5000,44.0,1,0.0,0.0,0,0.0,0.0,98,5,5 keran stabil,stable
2026-05-25T01:14:17.314,817847,501,0.404,0.601,0.304,20.0,5000,44.0,1,0.0,0.0,0,0.0,0.0,98,5,5 keran stabil,stable
2026-05-25T01:14:17.874,818403,502,0.405,0.603,0.308,20.0,5000,44.0,1,0.0,0.0,0,0.0,0.0,98,5,5 keran stabil,stable
2026-05-25T01:14:18.373,818923,500,0.403,0.6,0.3,20.0,5000,44.0,1,0.0,0.0,0,0.0,0.0,98,5,5 keran stabil,stable
2026-05-25T01:14:18.936,819440,503,0.405,0.604,0.311,20.0,5000,44.0,1,0.0,0.0,0,0.0,0.0,98,5,5 keran stabil,stable
2026-05-25T01:14:19.434,819960,502,0.405,0.603,0.308,20.0,5000,44.0,1,0.0,0.0,0,0.0,0.0,98,5,5 keran stabil,stable
2026-05-25T01:14:19.995,820527,502,0.405,0.603,0.308,20.0,5000,44.0,1,0.0,0.0,0,0.0,0.0,98,5,5 keran stabil,stable
2026-05-25T01:14:20.491,821047,505,0.407,0.606,0.318,20.0,5000,44.0,1,0.0,0.0,0,0.0,0.0,98,5,5 keran stabil,stable
2026-05-25T01:14:21.053,821564,501,0.404,0.601,0.304,20.0,5000,44.0,1,0.0,0.0,0,0.0,0.0,98,5,5 keran stabil,stable
2026-05-25T01:14:21.551,822084,500,0.403,0.6,0.3,20.0,5000,44.0,1,0.0,0.0,0,0.0,0.0,98,5,5 keran stabil,stable
2026-05-25T01:14:22.113,822651,503,0.405,0.604,0.311,20.0,5000,44.0,1,0.0,0.0,0,0.0,0.0,98,5,5 keran stabil,stable
2026-05-25T01:14:22.610,823171,500,0.403,0.6,0.3,20.0,5000,44.0,1,0.0,0.0,0,0.0,0.0,98,5,5 keran stabil,stable
2026-05-25T01:14:23.168,823688,501,0.404,0.601,0.304,20.0,5000,44.0,1,0.0,0.0,0,0.0,0.0,98,5,5 keran stabil,stable
2026-05-25T01:14:23.790,824312,503,0.405,0.604,0.311,20.0,5000,44.0,1,0.0,0.0,0,0.0,0.0,98,5,5 keran stabil,stable
2026-05-25T01:14:24.349,824878,504,0.406,0.605,0.315,20.0,5000,44.0,1,0.0,0.0,0,0.0,0.0,98,5,5 keran stabil,stable
2026-05-25T01:14:24.850,825398,502,0.405,0.603,0.308,20.0,5000,44.0,1,0.0,0.0,0,0.0,0.0,98,5,5 keran stabil,stable
2026-05-25T01:14:25.346,825916,499,0.402,0.599,0.297,20.0,5000,44.0,1,0.0,0.0,0,0.0,0.0,98,5,5 keran stabil,stable
2026-05-25T01:14:25.905,826472,509,0.41,0.611,0.333,20.0,5000,44.0,1,0.0,0.0,0,0.0,0.0,98,5,5 keran stabil,stable
2026-05-25T01:14:26.466,826992,501,0.404,0.601,0.304,20.0,5000,44.0,1,0.0,0.0,0,0.0,0.0,98,5,5 keran stabil,stable
2026-05-25T01:14:26.965,827510,506,0.408,0.607,0.322,20.0,5000,44.0,1,0.0,0.0,0,0.0,0.0,98,5,5 keran stabil,stable
2026-05-25T01:14:27.588,828134,503,0.405,0.604,0.311,20.0,5000,44.0,1,0.0,0.0,0,0.0,0.0,98,5,5 keran stabil,stable
2026-05-25T01:14:28.148,828690,505,0.407,0.606,0.318,20.0,5000,44.0,1,0.0,0.0,0,0.0,0.0,98,5,5 keran stabil,stable
2026-05-25T01:14:28.647,829210,503,0.405,0.604,0.311,20.0,5000,44.0,1,0.0,0.0,0,0.0,0.0,98,5,5 keran stabil,stable
2026-05-25T01:14:29.145,829727,500,0.403,0.6,0.3,20.0,5000,44.0,1,0.0,0.0,0,0.0,0.0,98,5,5 keran stabil,stable
2026-05-25T01:14:29.703,830247,508,0.409,0.61,0.329,20.0,5000,44.0,1,0.0,0.0,0,0.0,0.0,98,5,5 keran stabil,stable
2026-05-25T01:14:30.263,830814,501,0.404,0.601,0.304,20.0,5000,44.0,1,0.0,0.0,0,0.0,0.0,98,5,5 keran stabil,stable
2026-05-25T01:14:30.763,831334,500,0.403,0.6,0.3,20.0,5000,44.0,1,0.0,0.0,0,0.0,0.0,98,5,5 keran stabil,stable
2026-05-25T01:14:31.261,831851,501,0.404,0.601,0.304,20.0,5000,44.0,1,0.0,0.0,0,0.0,0.0,98,5,5 keran stabil,stable
2026-05-25T01:14:31.817,832371,501,0.404,0.601,0.304,20.0,5000,44.0,1,0.0,0.0,0,0.0,0.0,98,5,5 keran stabil,stable
2026-05-25T01:14:32.378,832937,502,0.405,0.603,0.308,20.0,5000,44.0,1,0.0,0.0,0,0.0,0.0,98,5,5 keran stabil,stable
2026-05-25T01:14:32.877,833457,501,0.404,0.601,0.304,20.0,5000,44.0,1,0.0,0.0,0,0.0,0.0,98,5,5 keran stabil,stable
2026-05-25T01:14:33.376,833975,501,0.404,0.601,0.304,20.0,5000,44.0,1,0.0,0.0,0,0.0,0.0,98,5,5 keran stabil,stable
2026-05-25T01:14:33.935,834531,501,0.404,0.601,0.304,20.0,5000,44.0,1,0.0,0.0,0,0.0,0.0,98,5,5 keran stabil,stable
2026-05-25T01:14:34.496,835051,504,0.406,0.605,0.315,20.0,5000,44.0,1,0.0,0.0,0,0.0,0.0,98,5,5 keran stabil,stable
2026-05-25T01:14:35.115,835672,501,0.404,0.601,0.304,20.0,5000,44.0,1,0.0,0.0,0,0.0,0.0,98,5,5 keran stabil,stable
2026-05-25T01:14:35.613,836192,503,0.405,0.604,0.311,20.0,5000,44.0,1,0.0,0.0,0,0.0,0.0,98,5,5 keran stabil,stable
2026-05-25T01:14:36.171,836759,497,0.401,0.597,0.29,20.0,5000,44.0,1,0.0,0.0,0,0.0,0.0,98,5,5 keran stabil,stable
2026-05-25T01:14:36.670,837279,492,0.396,0.591,0.272,20.0,5000,44.0,1,0.0,0.0,0,0.0,0.0,98,5,5 keran stabil,stable
2026-05-25T01:14:37.233,837796,782,0.63,0.939,1.316,20.0,5000,44.0,1,0.0,0.0,0,0.0,0.0,98,5,5 keran stabil,stable
2026-05-25T01:14:37.731,838316,758,0.611,0.91,1.23,20.0,5000,44.0,1,0.0,0.0,0,0.0,0.0,98,5,5 keran stabil,stable
2026-05-25T01:14:38.291,838883,554,0.446,0.665,0.495,20.0,5000,44.0,1,0.0,0.0,0,0.0,0.0,98,5,5 keran stabil,stable
2026-05-25T01:14:38.791,839403,558,0.45,0.67,0.509,20.0,5000,44.0,1,0.0,0.0,0,0.0,0.0,98,5,5 keran stabil,stable
2026-05-25T01:14:39.348,839920,502,0.405,0.603,0.308,20.0,5000,44.0,1,0.0,0.0,0,0.0,0.0,98,5,5 keran stabil,stable
2026-05-25T01:14:39.845,840440,493,0.397,0.592,0.275,20.0,5000,44.0,1,0.0,0.0,0,0.0,0.0,98,5,5 keran stabil,stable
2026-05-25T01:14:40.406,841006,489,0.394,0.587,0.261,20.0,5000,44.0,1,0.0,0.0,0,0.0,0.0,98,5,5 keran stabil,stable
2026-05-25T01:14:40.904,841526,502,0.405,0.603,0.308,20.0,5000,44.0,1,0.0,0.0,0,0.0,0.0,98,5,5 keran stabil,stable
2026-05-25T01:14:41.464,842044,493,0.397,0.592,0.275,20.0,5000,44.0,1,0.0,0.0,0,0.0,0.0,98,5,5 keran stabil,stable
2026-05-25T01:14:42.088,842704,489,0.394,0.587,0.261,20.0,5000,44.0,1,0.0,0.0,0,0.0,0.0,98,5,5 keran stabil,stable
2026-05-25T01:14:42.584,843224,496,0.4,0.595,0.286,20.0,5000,44.0,1,0.0,0.0,0,0.0,0.0,98,5,5 keran stabil,stable
2026-05-25T01:14:43.142,843741,490,0.395,0.588,0.264,20.0,5000,44.0,1,0.0,0.0,0,0.0,0.0,98,5,5 keran stabil,stable
2026-05-25T01:14:43.645,844261,489,0.394,0.587,0.261,20.0,5000,44.0,1,0.0,0.0,0,0.0,0.0,98,5,5 keran stabil,stable
2026-05-25T01:14:44.204,844827,489,0.394,0.587,0.261,20.0,5000,44.0,1,0.0,0.0,0,0.0,0.0,98,5,5 keran stabil,stable
2026-05-25T01:14:44.703,845347,493,0.397,0.592,0.275,20.0,5000,44.0,1,0.0,0.0,0,0.0,0.0,98,5,5 keran stabil,stable
2026-05-25T01:14:45.264,845865,486,0.392,0.583,0.25,20.0,5000,44.0,1,0.0,0.0,0,0.0,0.0,98,5,5 keran stabil,stable
2026-05-25T01:14:45.762,846385,489,0.394,0.587,0.261,20.0,5000,44.0,1,0.0,0.0,0,0.0,0.0,98,5,5 keran stabil,stable
2026-05-25T01:14:46.322,846941,487,0.392,0.585,0.254,20.0,5000,44.0,1,0.0,0.0,0,0.0,0.0,98,5,5 keran stabil,stable
2026-05-25T01:14:46.821,847461,492,0.396,0.591,0.272,20.0,5000,44.0,1,0.0,0.0,0,0.0,0.0,98,5,5 keran stabil,stable
2026-05-25T01:14:47.319,847979,486,0.392,0.583,0.25,20.0,5000,44.0,1,0.0,0.0,0,0.0,0.0,98,5,5 keran stabil,stable
2026-05-25T01:14:47.879,848499,491,0.396,0.589,0.268,20.0,5000,44.0,1,0.0,0.0,0,0.0,0.0,98,5,5 keran stabil,stable
2026-05-25T01:14:48.442,849055,488,0.393,0.586,0.257,20.0,5000,44.0,1,0.0,0.0,0,0.0,0.0,98,5,5 keran stabil,stable
2026-05-25T01:14:48.943,849575,506,0.408,0.607,0.322,20.0,5000,44.0,1,0.0,0.0,0,0.0,0.0,98,5,5 keran stabil,stable
2026-05-25T01:14:49.440,850092,491,0.396,0.589,0.268,20.0,5000,44.0,1,0.0,0.0,0,0.0,0.0,98,5,5 keran stabil,stable
2026-05-25T01:14:50.001,850658,489,0.394,0.587,0.261,20.0,5000,44.0,1,0.0,0.0,0,0.0,0.0,98,5,5 keran stabil,stable
2026-05-25T01:14:50.561,851179,490,0.395,0.588,0.264,20.0,5000,44.0,1,0.0,0.0,0,0.0,0.0,98,5,5 keran stabil,stable
2026-05-25T01:14:51.179,851800,489,0.394,0.587,0.261,20.0,5000,44.0,1,0.0,0.0,0,0.0,0.0,98,5,5 keran stabil,stable
2026-05-25T01:14:51.675,852320,489,0.394,0.587,0.261,20.0,5000,44.0,1,0.0,0.0,0,0.0,0.0,98,5,5 keran stabil,stable
2026-05-25T01:14:52.237,852886,489,0.394,0.587,0.261,20.0,5000,44.0,1,0.0,0.0,0,0.0,0.0,98,5,5 keran stabil,stable
2026-05-25T01:14:52.735,853406,490,0.395,0.588,0.264,20.0,5000,44.0,1,0.0,0.0,0,0.0,0.0,98,5,5 keran stabil,stable
2026-05-25T01:14:53.296,853924,491,0.396,0.589,0.268,20.0,5000,44.0,1,0.0,0.0,0,0.0,0.0,98,5,5 keran stabil,stable
2026-05-25T01:14:53.793,854444,503,0.405,0.604,0.311,20.0,5000,44.0,1,0.0,0.0,0,0.0,0.0,98,5,5 keran stabil,stable
2026-05-25T01:14:54.354,855000,485,0.391,0.582,0.246,20.0,5000,44.0,1,0.0,0.0,0,0.0,0.0,98,5,5 keran stabil,stable
2026-05-25T01:14:54.852,855520,490,0.395,0.588,0.264,20.0,5000,44.0,1,0.0,0.0,0,0.0,0.0,98,5,5 keran stabil,stable
2026-05-25T01:14:55.348,856038,490,0.395,0.588,0.264,20.0,5000,44.0,1,0.0,0.0,0,0.0,0.0,98,5,5 keran stabil,stable
2026-05-25T01:14:55.908,856558,490,0.395,0.588,0.264,20.0,5000,44.0,1,0.0,0.0,0,0.0,0.0,98,5,5 keran stabil,stable
2026-05-25T01:14:56.467,857114,488,0.393,0.586,0.257,20.0,5000,44.0,1,0.0,0.0,0,0.0,0.0,98,5,5 keran stabil,stable
2026-05-25T01:14:56.965,857634,492,0.396,0.591,0.272,20.0,5000,44.0,1,0.0,0.0,0,0.0,0.0,98,5,5 keran stabil,stable
2026-05-25T01:14:57.589,858255,485,0.391,0.582,0.246,20.0,5000,44.0,1,0.0,0.0,0,0.0,0.0,98,5,5 keran stabil,stable
2026-05-25T01:14:58.153,858822,491,0.396,0.589,0.268,20.0,5000,44.0,1,0.0,0.0,0,0.0,0.0,98,5,5 keran stabil,stable
2026-05-25T01:14:58.652,859342,503,0.405,0.604,0.311,20.0,5000,44.0,1,0.0,0.0,0,0.0,0.0,98,5,5 keran stabil,stable
2026-05-25T01:14:59.212,859859,488,0.393,0.586,0.257,20.0,5000,44.0,1,0.0,0.0,0,0.0,0.0,98,5,5 keran stabil,stable
2026-05-25T01:14:59.708,860379,485,0.391,0.582,0.246,20.0,5000,44.0,1,0.0,0.0,0,0.0,0.0,98,5,5 keran stabil,stable
2026-05-25T01:15:00.269,860946,488,0.393,0.586,0.257,20.0,5000,44.0,1,0.0,0.0,0,0.0,0.0,98,5,5 keran stabil,stable
2026-05-25T01:15:00.770,861466,488,0.393,0.586,0.257,20.0,5000,44.0,1,0.0,0.0,0,0.0,0.0,98,5,5 keran stabil,stable
2026-05-25T01:15:01.329,861988,493,0.397,0.592,0.275,20.0,5000,44.0,1,0.0,0.0,0,0.0,0.0,98,5,5 keran stabil,stable
2026-05-25T01:15:01.829,862508,490,0.395,0.588,0.264,20.0,5000,44.0,1,0.0,0.0,0,0.0,0.0,98,5,5 keran stabil,stable
2026-05-25T01:15:02.391,863059,497,0.401,0.597,0.29,20.0,5000,44.0,1,0.0,0.0,0,0.0,0.0,98,5,5 keran stabil,stable
2026-05-25T01:15:02.893,863579,493,0.397,0.592,0.275,20.0,5000,44.0,1,0.0,0.0,0,0.0,0.0,98,5,5 keran stabil,stable
2026-05-25T01:15:03.387,864097,489,0.394,0.587,0.261,20.0,5000,44.0,1,0.0,0.0,0,0.0,0.0,98,5,5 keran stabil,stable
2026-05-25T01:15:03.948,864617,490,0.395,0.588,0.264,20.0,5000,44.0,1,0.0,0.0,0,0.0,0.0,98,5,5 keran stabil,stable
2026-05-25T01:15:04.508,865173,490,0.395,0.588,0.264,20.0,5000,44.0,1,0.0,0.0,0,0.0,0.0,98,5,5 keran stabil,stable
2026-05-25T01:15:05.005,865693,489,0.394,0.587,0.261,20.0,5000,44.0,1,0.0,0.0,0,0.0,0.0,98,5,5 keran stabil,stable
2026-05-25T01:15:05.502,866211,490,0.395,0.588,0.264,20.0,5000,44.0,1,0.0,0.0,0,0.0,0.0,98,5,5 keran stabil,stable
2026-05-25T01:15:06.063,866767,493,0.397,0.592,0.275,20.0,5000,44.0,1,0.0,0.0,0,0.0,0.0,98,5,5 keran stabil,stable
2026-05-25T01:15:06.563,867287,485,0.391,0.582,0.246,20.0,5000,44.0,1,0.0,0.0,0,0.0,0.0,98,5,5 keran stabil,stable
2026-05-25T01:15:07.123,867804,503,0.405,0.604,0.311,20.0,5000,44.0,1,0.0,0.0,0,0.0,0.0,98,5,5 keran stabil,stable
2026-05-25T01:15:07.621,868324,491,0.396,0.589,0.268,20.0,5000,44.0,1,0.0,0.0,0,0.0,0.0,98,5,5 keran stabil,stable
2026-05-25T01:15:08.179,868891,488,0.393,0.586,0.257,20.0,5000,44.0,1,0.0,0.0,0,0.0,0.0,98,5,5 keran stabil,stable
2026-05-25T01:15:08.678,869411,489,0.394,0.587,0.261,20.0,5000,44.0,1,0.0,0.0,0,0.0,0.0,98,5,5 keran stabil,stable
2026-05-25T01:15:09.238,869928,489,0.394,0.587,0.261,20.0,5000,44.0,1,0.0,0.0,0,0.0,0.0,98,5,5 keran stabil,stable
2026-05-25T01:15:09.735,870448,491,0.396,0.589,0.268,20.0,5000,44.0,1,0.0,0.0,0,0.0,0.0,98,5,5 keran stabil,stable
2026-05-25T01:15:10.295,871014,491,0.396,0.589,0.268,20.0,5000,44.0,1,0.0,0.0,0,0.0,0.0,98,5,5 keran stabil,stable
2026-05-25T01:15:10.917,871638,490,0.395,0.588,0.264,20.0,5000,44.0,1,0.0,0.0,0,0.0,0.0,98,5,5 keran stabil,stable
2026-05-25T01:15:11.413,872156,493,0.397,0.592,0.275,20.0,5000,44.0,1,0.0,0.0,0,0.0,0.0,98,5,5 keran stabil,stable
2026-05-25T01:15:11.976,872676,491,0.396,0.589,0.268,20.0,5000,44.0,1,0.0,0.0,0,0.0,0.0,98,5,5 keran stabil,stable
2026-05-25T01:15:12.476,873232,491,0.396,0.589,0.268,20.0,5000,44.0,1,0.0,0.0,0,0.0,0.0,98,5,5 keran stabil,stable
2026-05-25T01:15:13.037,873752,490,0.395,0.588,0.264,20.0,5000,44.0,1,0.0,0.0,0,0.0,0.0,98,5,5 keran stabil,stable
2026-05-25T01:15:13.534,874270,487,0.392,0.585,0.254,20.0,5000,44.0,1,0.0,0.0,0,0.0,0.0,98,5,5 keran stabil,stable
2026-05-25T01:15:14.095,874826,489,0.394,0.587,0.261,20.0,5000,44.0,1,0.0,0.0,0,0.0,0.0,98,5,5 keran stabil,stable
2026-05-25T01:15:14.595,875346,493,0.397,0.592,0.275,20.0,5000,44.0,1,0.0,0.0,0,0.0,0.0,98,5,5 keran stabil,stable
2026-05-25T01:15:15.153,875863,488,0.393,0.586,0.257,20.0,5000,44.0,1,0.0,0.0,0,0.0,0.0,98,5,5 keran stabil,stable
2026-05-25T01:15:15.775,876487,488,0.393,0.586,0.257,20.0,5000,44.0,1,0.0,0.0,0,0.0,0.0,98,5,5 keran stabil,stable
2026-05-25T01:15:16.333,877054,486,0.392,0.583,0.25,20.0,5000,44.0,1,0.0,0.0,0,0.0,0.0,98,5,5 keran stabil,stable
2026-05-25T01:15:16.834,877574,490,0.395,0.588,0.264,20.0,5000,44.0,1,0.0,0.0,0,0.0,0.0,98,5,5 keran stabil,stable
2026-05-25T01:15:17.332,878091,489,0.394,0.587,0.261,20.0,5000,44.0,1,0.0,0.0,0,0.0,0.0,98,5,5 keran stabil,stable
2026-05-25T01:15:17.893,878611,488,0.393,0.586,0.257,20.0,5000,44.0,1,0.0,0.0,0,0.0,0.0,98,5,5 keran stabil,stable
2026-05-25T01:15:18.453,879177,490,0.395,0.588,0.264,20.0,5000,44.0,1,0.0,0.0,0,0.0,0.0,98,5,5 keran stabil,stable
2026-05-25T01:15:18.951,879697,486,0.392,0.583,0.25,20.0,5000,44.0,1,0.0,0.0,0,0.0,0.0,98,5,5 keran stabil,stable
2026-05-25T01:15:19.449,880215,489,0.394,0.587,0.261,20.0,5000,44.0,1,0.18,0.0,0,0.0,0.0,98,5,5 keran stabil,stable
2026-05-25T01:15:19.949,880735,477,0.384,0.573,0.218,20.0,5000,44.0,1,0.18,0.0,0,0.0,0.0,98,5,5 keran stabil,stable
2026-05-25T01:15:20.510,881291,492,0.396,0.591,0.272,20.0,5000,44.0,1,0.18,0.0,0,0.0,0.0,98,5,5 keran stabil,stable
2026-05-25T01:15:21.071,881811,489,0.394,0.587,0.261,20.0,5000,44.0,1,0.18,0.0,0,0.0,0.0,98,5,5 keran stabil,stable
2026-05-25T01:15:21.570,882329,490,0.395,0.588,0.264,20.0,5000,44.0,1,0.18,0.0,0,0.0,0.0,98,5,5 keran stabil,stable
2026-05-25T01:15:22.132,882884,490,0.395,0.588,0.264,20.0,5000,44.0,1,0.18,0.0,0,0.0,0.0,98,5,5 keran stabil,stable
2026-05-25T01:15:22.631,883405,494,0.398,0.593,0.279,20.0,5000,44.0,1,0.18,0.0,0,0.0,0.0,98,5,5 keran stabil,stable
2026-05-25T01:15:23.129,883922,490,0.395,0.588,0.264,20.0,5000,44.0,1,0.18,0.0,0,0.0,0.0,98,5,5 keran stabil,stable
2026-05-25T01:15:23.690,884442,494,0.398,0.593,0.279,20.0,5000,44.0,1,0.18,0.0,0,0.0,0.0,98,5,5 keran stabil,stable
2026-05-25T01:15:24.252,885009,491,0.396,0.589,0.268,20.0,5000,44.0,1,0.18,0.0,0,0.0,0.0,98,5,5 keran stabil,stable
2026-05-25T01:15:24.753,885529,489,0.394,0.587,0.261,20.0,5000,44.0,1,0.18,0.0,0,0.0,0.0,98,5,5 keran stabil,stable
2026-05-25T01:15:25.252,886046,508,0.409,0.61,0.329,20.0,5000,44.0,1,0.18,0.0,0,0.0,0.0,98,5,5 keran stabil,stable
2026-05-25T01:15:25.811,886566,490,0.395,0.588,0.264,20.0,5000,44.0,1,0.18,0.0,0,0.0,0.0,98,5,5 keran stabil,stable
2026-05-25T01:15:26.372,887132,490,0.395,0.588,0.264,20.0,5000,44.0,1,0.18,0.0,0,0.0,0.0,98,5,5 keran stabil,stable
2026-05-25T01:15:26.993,887756,489,0.394,0.587,0.261,20.0,5000,44.0,1,0.18,0.0,0,0.0,0.0,98,5,5 keran stabil,stable
2026-05-25T01:15:27.488,888274,495,0.399,0.594,0.282,20.0,5000,44.0,1,0.18,0.0,0,0.0,0.0,98,5,5 keran stabil,stable
2026-05-25T01:15:27.988,888794,497,0.401,0.597,0.29,20.0,5000,44.0,1,0.18,0.0,0,0.0,0.0,98,5,5 keran stabil,stable
2026-05-25T01:15:28.486,889246,492,0.396,0.591,0.272,20.0,5000,44.0,1,0.18,0.0,0,0.0,0.0,98,5,5 keran stabil,stable
2026-05-25T01:15:28.986,889766,486,0.392,0.583,0.25,20.0,5000,44.0,1,0.18,0.0,0,0.0,0.0,98,5,5 keran stabil,stable
2026-05-25T01:15:29.487,890283,490,0.395,0.588,0.264,20.0,5000,44.0,1,0.18,0.0,0,0.0,0.0,98,5,5 keran stabil,stable
2026-05-25T01:15:29.983,890803,491,0.396,0.589,0.268,20.0,5000,44.0,1,0.18,0.0,0,0.0,0.0,98,5,5 keran stabil,stable
2026-05-25T01:15:30.481,891265,490,0.395,0.588,0.264,20.0,5000,44.0,1,0.18,0.0,0,0.0,0.0,98,5,5 keran stabil,stable
2026-05-25T01:15:31.104,891889,489,0.394,0.587,0.261,20.0,5000,44.0,1,0.18,0.0,0,0.0,0.0,98,5,5 keran stabil,stable
2026-05-25T01:15:31.724,892511,440,0.355,0.528,0.084,20.0,5000,44.0,1,0.19,0.0,0,0.0,0.0,98,5,5 keran stabil,stable
2026-05-25T01:15:32.285,893067,494,0.398,0.593,0.279,20.0,5000,44.0,1,0.18,0.0,0,0.0,0.0,98,5,5 keran stabil,stable
2026-05-25T01:15:32.782,893587,488,0.393,0.586,0.257,20.0,5000,44.0,1,0.18,0.0,0,0.0,0.0,98,5,5 keran stabil,stable
2026-05-25T01:15:33.279,894104,489,0.394,0.587,0.261,20.0,5000,44.0,1,0.18,0.0,0,0.0,0.0,98,5,5 keran stabil,stable
2026-05-25T01:15:33.836,894624,489,0.394,0.587,0.261,20.0,5000,44.0,1,0.18,0.0,0,0.0,0.0,98,5,5 keran stabil,stable
2026-05-25T01:15:34.395,895191,469,0.378,0.563,0.189,20.0,5000,44.0,1,0.18,0.0,0,0.0,0.0,98,5,5 keran stabil,stable
2026-05-25T01:15:34.895,895711,491,0.396,0.589,0.268,20.0,5000,44.0,1,0.18,0.0,0,0.0,0.0,98,5,5 keran stabil,stable
2026-05-25T01:15:35.391,896228,490,0.395,0.588,0.264,20.0,5000,44.0,1,0.19,0.0,0,0.0,0.0,98,5,5 keran stabil,stable
2026-05-25T01:15:35.951,896748,485,0.391,0.582,0.246,20.0,5000,44.0,1,0.19,0.0,0,0.0,0.0,98,5,5 keran stabil,stable
2026-05-25T01:15:36.509,897314,489,0.394,0.587,0.261,20.0,5000,44.0,1,0.19,0.0,0,0.0,0.0,98,5,5 keran stabil,stable
2026-05-25T01:15:37.005,897834,492,0.396,0.591,0.272,20.0,5000,44.0,1,0.19,0.0,0,0.0,0.0,98,5,5 keran stabil,stable
2026-05-25T01:15:37.505,898352,485,0.391,0.582,0.246,20.0,5000,44.0,1,0.19,0.0,0,0.0,0.0,98,5,5 keran stabil,stable
2026-05-25T01:15:38.064,898872,491,0.396,0.589,0.268,20.0,5000,44.0,1,0.19,0.0,0,0.0,0.0,98,5,5 keran stabil,stable
2026-05-25T01:15:38.626,899428,489,0.394,0.587,0.261,20.0,5000,44.0,1,0.19,0.0,0,0.0,0.0,98,5,5 keran stabil,stable
2026-05-25T01:15:39.125,899948,489,0.394,0.587,0.261,20.0,5000,44.0,1,0.19,0.0,0,0.0,0.0,98,5,5 keran stabil,stable
2026-05-25T01:15:39.624,900465,495,0.399,0.594,0.282,20.0,5000,44.0,1,0.19,0.0,0,0.0,0.0,98,5,5 keran stabil,stable
2026-05-25T01:15:40.189,901031,462,0.372,0.555,0.164,20.0,5000,44.0,1,0.19,0.0,0,0.0,0.0,98,5,5 keran stabil,stable
2026-05-25T01:15:40.688,901552,488,0.393,0.586,0.257,20.0,5000,44.0,1,0.19,0.0,0,0.0,0.0,98,5,5 keran stabil,stable
2026-05-25T01:15:41.250,902069,488,0.393,0.586,0.257,20.0,5000,44.0,1,0.18,0.0,0,0.0,0.0,98,5,5 keran stabil,stable
2026-05-25T01:15:41.745,902589,492,0.396,0.591,0.272,20.0,5000,44.0,1,0.18,0.0,0,0.0,0.0,98,5,5 keran stabil,stable
2026-05-25T01:15:42.305,903155,491,0.396,0.589,0.268,20.0,5000,44.0,1,0.19,0.0,0,0.0,0.0,98,5,5 keran stabil,stable
2026-05-25T01:15:42.860,903675,490,0.395,0.588,0.264,20.0,5000,44.0,1,0.19,0.0,0,0.0,0.0,98,5,5 keran stabil,stable
2026-05-25T01:15:43.362,904193,490,0.395,0.588,0.264,20.0,5000,44.0,1,0.19,0.0,0,0.0,0.0,98,5,5 keran stabil,stable
2026-05-25T01:15:43.860,904713,490,0.395,0.588,0.264,20.0,5000,44.0,1,0.19,0.0,0,0.0,0.0,98,5,5 keran stabil,stable
2026-05-25T01:15:44.421,905269,496,0.4,0.595,0.286,20.0,5000,44.0,1,0.19,0.0,0,0.0,0.0,98,5,5 keran stabil,stable
2026-05-25T01:15:44.919,905789,489,0.394,0.587,0.261,20.0,5000,44.0,1,0.19,0.0,0,0.0,0.0,98,5,5 keran stabil,stable
2026-05-25T01:15:45.482,906307,491,0.396,0.589,0.268,20.0,5000,44.0,1,0.19,0.0,0,0.0,0.0,98,5,5 keran stabil,stable
2026-05-25T01:15:45.981,906827,491,0.396,0.589,0.268,20.0,5000,44.0,1,0.19,0.0,0,0.0,0.0,98,5,5 keran stabil,stable
2026-05-25T01:15:46.541,907383,491,0.396,0.589,0.268,20.0,5000,44.0,1,0.19,0.0,0,0.0,0.0,98,5,5 keran stabil,stable
2026-05-25T01:15:47.039,907903,484,0.39,0.581,0.243,20.0,5000,44.0,1,0.19,0.0,0,0.0,0.0,98,5,5 keran stabil,stable
2026-05-25T01:15:47.537,908420,491,0.396,0.589,0.268,20.0,5000,44.0,1,0.19,0.0,0,0.0,0.0,98,5,5 keran stabil,stable
2026-05-25T01:15:48.096,908940,483,0.389,0.58,0.239,20.0,5000,44.0,1,0.19,0.0,0,0.0,0.0,98,5,5 keran stabil,stable
2026-05-25T01:15:48.653,909507,487,0.392,0.585,0.254,20.0,5000,44.0,1,0.18,0.0,0,0.0,0.0,98,5,5 keran stabil,stable
2026-05-25T01:15:49.153,910027,481,0.388,0.577,0.232,20.0,5000,44.0,1,0.18,0.0,0,0.0,0.0,98,5,5 keran stabil,stable
2026-05-25T01:15:49.777,910648,493,0.397,0.592,0.275,20.0,5000,44.0,1,0.19,0.0,0,0.0,0.0,98,5,5 keran stabil,stable
2026-05-25T01:15:50.334,911215,490,0.395,0.588,0.264,20.0,5000,44.0,1,0.19,0.0,0,0.0,0.0,98,5,5 keran stabil,stable
2026-05-25T01:15:50.832,911735,454,0.366,0.545,0.135,20.0,5000,44.0,1,0.19,0.0,0,0.0,0.0,98,5,5 keran stabil,stable
2026-05-25T01:15:51.390,912252,489,0.394,0.587,0.261,20.0,5000,44.0,1,0.19,0.0,0,0.0,0.0,98,5,5 keran stabil,stable
2026-05-25T01:15:51.890,912772,492,0.396,0.591,0.272,20.0,5000,44.0,1,0.19,0.0,0,0.0,0.0,98,5,5 keran stabil,stable
2026-05-25T01:15:52.449,913339,492,0.396,0.591,0.272,20.0,5000,44.0,1,0.19,0.0,0,0.0,0.0,98,5,5 keran stabil,stable
2026-05-25T01:15:53.074,913963,473,0.381,0.568,0.203,20.0,5000,44.0,1,0.19,0.0,0,0.0,0.0,98,5,5 keran stabil,stable
2026-05-25T01:15:53.573,914480,490,0.395,0.588,0.264,20.0,5000,44.0,1,0.19,0.0,0,0.0,0.0,98,5,5 keran stabil,stable
2026-05-25T01:15:54.135,915000,490,0.395,0.588,0.264,20.0,5000,44.0,1,0.19,0.0,0,0.0,0.0,98,5,5 keran stabil,stable
2026-05-25T01:15:54.698,915566,491,0.396,0.589,0.268,20.0,5000,44.0,1,0.19,0.0,0,0.0,0.0,98,5,5 keran stabil,stable
2026-05-25T01:15:55.196,916086,488,0.393,0.586,0.257,20.0,5000,44.0,1,0.19,0.0,0,0.0,0.0,98,5,5 keran stabil,stable
2026-05-25T01:15:55.694,916604,488,0.393,0.586,0.257,20.0,5000,44.0,1,0.18,0.0,0,0.0,0.0,98,5,5 keran stabil,stable
2026-05-25T01:15:56.255,917160,489,0.394,0.587,0.261,20.0,5000,44.0,1,0.18,0.0,0,0.0,0.0,98,5,5 keran stabil,stable
2026-05-25T01:15:56.754,917680,491,0.396,0.589,0.268,20.0,5000,44.0,1,0.18,0.0,0,0.0,0.0,98,5,5 keran stabil,stable
2026-05-25T01:15:57.316,918198,488,0.393,0.586,0.257,20.0,5000,44.0,1,0.18,0.0,0,0.0,0.0,98,5,5 keran stabil,stable
2026-05-25T01:15:57.815,918718,491,0.396,0.589,0.268,20.0,5000,44.0,1,0.18,0.0,0,0.0,0.0,98,5,5 keran stabil,stable
2026-05-25T01:15:58.377,919274,490,0.395,0.588,0.264,20.0,5000,44.0,1,0.18,0.0,0,0.0,0.0,98,5,5 keran stabil,stable
2026-05-25T01:15:58.874,919794,492,0.396,0.591,0.272,20.0,5000,44.0,1,0.18,0.0,0,0.0,0.0,98,5,5 keran stabil,stable
2026-05-25T01:15:59.374,920311,489,0.394,0.587,0.261,20.0,5000,44.0,1,0.18,0.0,0,0.0,0.0,98,5,5 keran stabil,stable
2026-05-25T01:15:59.933,920831,488,0.393,0.586,0.257,20.0,5000,44.0,1,0.18,0.0,0,0.0,0.0,98,5,5 keran stabil,stable
2026-05-25T01:16:00.493,921398,487,0.392,0.585,0.254,20.0,5000,44.0,1,0.18,0.0,0,0.0,0.0,98,5,5 keran stabil,stable
2026-05-25T01:16:00.990,921918,488,0.393,0.586,0.257,20.0,5000,44.0,1,0.18,0.0,0,0.0,0.0,98,5,5 keran stabil,stable
2026-05-25T01:16:01.550,922435,494,0.398,0.593,0.279,20.0,5000,44.0,1,0.18,0.0,0,0.0,0.0,98,5,5 keran stabil,stable
2026-05-25T01:16:02.049,922955,491,0.396,0.589,0.268,20.0,5000,44.0,1,0.18,0.0,0,0.0,0.0,98,5,5 keran stabil,stable
2026-05-25T01:16:02.609,923522,490,0.395,0.588,0.264,20.0,5000,44.0,1,0.18,0.0,0,0.0,0.0,98,5,5 keran stabil,stable
2026-05-25T01:16:03.108,924042,487,0.392,0.585,0.254,20.0,5000,44.0,1,0.18,0.0,0,0.0,0.0,98,5,5 keran stabil,stable
2026-05-25T01:16:03.606,924559,488,0.393,0.586,0.257,20.0,5000,44.0,1,0.2,0.0,0,0.0,0.0,98,5,5 keran stabil,stable
2026-05-25T01:16:04.167,925079,491,0.396,0.589,0.268,20.0,5000,44.0,1,0.2,0.0,0,0.0,0.0,98,5,5 keran stabil,stable
2026-05-25T01:16:04.729,925646,490,0.395,0.588,0.264,20.0,5000,44.0,1,0.21,0.0,0,0.0,0.0,98,5,5 keran stabil,stable
2026-05-25T01:16:05.224,926166,494,0.398,0.593,0.279,20.0,5000,44.0,1,0.21,0.0,0,0.0,0.0,98,5,5 keran stabil,stable
2026-05-25T01:16:05.722,926683,489,0.394,0.587,0.261,20.0,5000,44.0,1,0.19,0.0,0,0.0,0.0,98,5,5 keran stabil,stable
2026-05-25T01:16:06.344,927249,485,0.391,0.582,0.246,20.0,5000,44.0,1,0.18,0.0,0,0.0,0.0,98,5,5 keran stabil,stable
2026-05-25T01:16:06.841,927770,493,0.397,0.592,0.275,20.0,5000,44.0,1,0.18,0.0,0,0.0,0.0,98,5,5 keran stabil,stable
2026-05-25T01:16:07.460,928391,486,0.392,0.583,0.25,20.0,5000,44.0,1,0.18,0.0,0,0.0,0.0,98,5,5 keran stabil,stable
2026-05-25T01:16:07.958,928911,468,0.377,0.562,0.185,20.0,5000,44.0,1,0.18,0.0,0,0.0,0.0,98,5,5 keran stabil,stable
2026-05-25T01:16:08.456,929374,491,0.396,0.589,0.268,20.0,5000,44.0,1,0.19,0.0,0,0.0,0.0,98,5,5 keran stabil,stable
2026-05-25T01:16:08.954,929894,495,0.399,0.594,0.282,20.0,5000,44.0,1,0.19,0.0,0,0.0,0.0,98,5,5 keran stabil,stable
2026-05-25T01:16:09.454,930411,489,0.394,0.587,0.261,20.0,5000,44.0,1,0.18,0.0,0,0.0,0.0,98,5,5 keran stabil,stable
2026-05-25T01:16:10.010,930931,490,0.395,0.588,0.264,20.0,5000,44.0,1,0.18,0.0,0,0.0,0.0,98,5,5 keran stabil,stable
2026-05-25T01:16:10.570,931498,488,0.393,0.586,0.257,20.0,5000,44.0,1,0.18,0.0,0,0.0,0.0,98,5,5 keran stabil,stable
2026-05-25T01:16:11.068,932018,488,0.393,0.586,0.257,20.0,5000,44.0,1,0.18,0.0,0,0.0,0.0,98,5,5 keran stabil,stable
2026-05-25T01:16:11.567,932535,489,0.394,0.587,0.261,20.0,5000,44.0,1,0.17,0.0,0,0.0,0.0,98,5,5 keran stabil,stable
2026-05-25T01:16:12.127,933055,488,0.393,0.586,0.257,20.0,5000,44.0,1,0.17,0.0,0,0.0,0.0,98,5,5 keran stabil,stable
2026-05-25T01:16:12.689,933621,491,0.396,0.589,0.268,20.0,5000,44.0,1,0.17,0.0,0,0.0,0.0,98,5,5 keran stabil,stable
2026-05-25T01:16:13.186,934141,498,0.401,0.598,0.293,20.0,5000,44.0,1,0.17,0.0,0,0.0,0.0,98,5,5 keran stabil,stable
2026-05-25T01:16:13.684,934659,490,0.395,0.588,0.264,20.0,5000,44.0,1,0.17,0.0,0,0.0,0.0,98,5,5 keran stabil,stable
2026-05-25T01:16:14.244,935179,483,0.389,0.58,0.239,20.0,5000,44.0,1,0.17,0.0,0,0.0,0.0,98,5,5 keran stabil,stable
2026-05-25T01:16:14.742,935735,490,0.395,0.588,0.264,20.0,5000,44.0,1,0.17,0.0,0,0.0,0.0,98,5,5 keran stabil,stable
2026-05-25T01:16:15.303,936255,489,0.394,0.587,0.261,20.0,5000,44.0,1,0.17,0.0,0,0.0,0.0,98,5,5 keran stabil,stable
2026-05-25T01:16:15.801,936773,490,0.395,0.588,0.264,20.0,5000,44.0,1,0.17,0.0,0,0.0,0.0,98,5,5 keran stabil,stable
2026-05-25T01:16:16.359,937329,488,0.393,0.586,0.257,20.0,5000,44.0,1,0.17,0.0,0,0.0,0.0,98,5,5 keran stabil,stable
2026-05-25T01:16:16.856,937849,494,0.398,0.593,0.279,20.0,5000,44.0,1,0.17,0.0,0,0.0,0.0,98,5,5 keran stabil,stable
2026-05-25T01:16:17.417,938367,477,0.384,0.573,0.218,20.0,5000,44.0,1,0.17,0.0,0,0.0,0.0,98,5,5 keran stabil,stable
2026-05-25T01:16:18.039,938991,487,0.392,0.585,0.254,20.0,5000,44.0,1,0.17,0.0,0,0.0,0.0,98,5,5 keran stabil,stable
2026-05-25T01:16:18.599,939552,500,0.403,0.6,0.3,20.0,5000,44.0,1,0.17,0.0,0,0.0,0.0,98,5,5 keran stabil,stable
2026-05-25T01:16:19.099,940072,490,0.395,0.588,0.264,20.0,5000,44.0,1,0.17,0.0,0,0.0,0.0,98,5,5 keran stabil,stable
2026-05-25T01:16:19.596,940595,488,0.393,0.586,0.257,20.0,5000,44.0,1,0.17,0.0,0,0.0,0.0,98,5,5 keran stabil,stable
2026-05-25T01:16:20.156,941115,489,0.394,0.587,0.261,20.0,5000,44.0,1,0.17,0.0,0,0.0,0.0,98,5,5 keran stabil,stable
2026-05-25T01:16:20.657,941671,494,0.398,0.593,0.279,20.0,5000,44.0,1,0.17,0.0,0,0.0,0.0,98,5,5 keran stabil,stable
2026-05-25T01:16:21.216,942191,488,0.393,0.586,0.257,20.0,5000,44.0,1,0.17,0.0,0,0.0,0.0,98,5,5 keran stabil,stable
2026-05-25T01:16:21.716,942708,490,0.395,0.588,0.264,20.0,5000,44.0,1,0.17,0.0,0,0.0,0.0,98,5,5 keran stabil,stable
2026-05-25T01:16:22.216,943228,489,0.394,0.587,0.261,20.0,5000,44.0,1,0.17,0.0,0,0.0,0.0,98,5,5 keran stabil,stable
2026-05-25T01:16:22.774,943795,488,0.393,0.586,0.257,20.0,5000,44.0,1,0.17,0.0,0,0.0,0.0,98,5,5 keran stabil,stable
2026-05-25T01:16:23.334,944315,490,0.395,0.588,0.264,20.0,5000,44.0,1,0.17,0.0,0,0.0,0.0,98,5,5 keran stabil,stable
2026-05-25T01:16:23.834,944832,490,0.395,0.588,0.264,20.0,5000,44.0,1,0.17,0.0,0,0.0,0.0,98,5,5 keran stabil,stable
2026-05-25T01:16:24.395,945398,489,0.394,0.587,0.261,20.0,5000,44.0,1,0.17,0.0,0,0.0,0.0,98,5,5 keran stabil,stable
2026-05-25T01:16:24.894,945919,491,0.396,0.589,0.268,20.0,5000,44.0,1,0.17,0.0,0,0.0,0.0,98,5,5 keran stabil,stable
2026-05-25T01:16:25.455,946436,493,0.397,0.592,0.275,20.0,5000,44.0,1,0.17,0.0,0,0.0,0.0,98,5,5 keran stabil,stable
2026-05-25T01:16:25.953,946956,488,0.393,0.586,0.257,20.0,5000,44.0,1,0.17,0.0,0,0.0,0.0,98,5,5 keran stabil,stable
2026-05-25T01:16:26.513,947523,491,0.396,0.589,0.268,20.0,5000,44.0,1,0.17,0.0,0,0.0,0.0,98,5,5 keran stabil,stable
2026-05-25T01:16:27.014,948043,488,0.393,0.586,0.257,20.0,5000,44.0,1,0.17,0.0,0,0.0,0.0,98,5,5 keran stabil,stable
2026-05-25T01:16:27.572,948560,485,0.391,0.582,0.246,20.0,5000,44.0,1,0.17,0.0,0,0.0,0.0,98,5,5 keran stabil,stable
2026-05-25T01:16:28.069,949080,438,0.353,0.526,0.077,20.0,5000,44.0,1,0.17,0.0,0,0.0,0.0,98,5,5 keran stabil,stable
2026-05-25T01:16:28.630,949647,492,0.396,0.591,0.272,20.0,5000,44.0,1,0.17,0.0,0,0.0,0.0,98,5,5 keran stabil,stable
2026-05-25T01:16:29.128,950167,489,0.394,0.587,0.261,20.0,5000,44.0,1,0.17,0.0,0,0.0,0.0,98,5,5 keran stabil,stable
2026-05-25T01:16:29.688,950684,491,0.396,0.589,0.268,20.0,5000,44.0,1,0.17,0.0,0,0.0,0.0,98,5,5 keran stabil,stable
2026-05-25T01:16:30.189,951204,490,0.395,0.588,0.264,20.0,5000,44.0,1,0.17,0.0,0,0.0,0.0,98,5,5 keran stabil,stable
2026-05-25T01:16:30.753,951771,495,0.399,0.594,0.282,20.0,5000,44.0,1,0.17,0.0,0,0.0,0.0,98,5,5 keran stabil,stable
2026-05-25T01:16:31.256,952291,490,0.395,0.588,0.264,20.0,5000,44.0,1,0.17,0.0,0,0.0,0.0,98,5,5 keran stabil,stable
2026-05-25T01:16:31.749,952808,492,0.396,0.591,0.272,20.0,5000,44.0,1,0.17,0.0,0,0.0,0.0,98,5,5 keran stabil,stable
2026-05-25T01:16:32.310,953328,506,0.408,0.607,0.322,20.0,5000,44.0,1,0.17,0.0,0,0.0,0.0,98,5,5 keran stabil,stable
2026-05-25T01:16:32.868,953895,487,0.392,0.585,0.254,20.0,5000,44.0,1,0.17,0.0,0,0.0,0.0,98,5,5 keran stabil,stable
2026-05-25T01:16:33.368,954415,492,0.396,0.591,0.272,20.0,5000,44.0,1,0.17,0.0,0,0.0,0.0,98,5,5 keran stabil,stable
2026-05-25T01:16:33.868,954932,490,0.395,0.588,0.264,20.0,5000,44.0,1,0.17,0.0,0,0.0,0.0,98,5,5 keran stabil,stable
2026-05-25T01:16:34.427,955498,488,0.393,0.586,0.257,20.0,5000,44.0,1,0.17,0.0,0,0.0,0.0,98,5,5 keran stabil,stable
2026-05-25T01:16:34.990,956019,489,0.394,0.587,0.261,20.0,5000,44.0,1,0.17,0.0,0,0.0,0.0,98,5,5 keran stabil,stable
2026-05-25T01:16:35.489,956536,484,0.39,0.581,0.243,20.0,5000,44.0,1,0.17,0.0,0,0.0,0.0,98,5,5 keran stabil,stable
2026-05-25T01:16:35.988,957056,485,0.391,0.582,0.246,20.0,5000,44.0,1,0.17,0.0,0,0.0,0.0,98,5,5 keran stabil,stable
2026-05-25T01:16:36.487,957518,490,0.395,0.588,0.264,20.0,5000,44.0,1,0.17,0.0,0,0.0,0.0,98,5,5 keran stabil,stable
2026-05-25T01:16:36.983,958039,483,0.389,0.58,0.239,20.0,5000,44.0,1,0.17,0.0,0,0.0,0.0,98,5,5 keran stabil,stable
2026-05-25T01:16:37.482,958557,478,0.385,0.574,0.221,20.0,5000,44.0,1,0.17,0.0,0,0.0,0.0,98,5,5 keran stabil,stable
2026-05-25T01:16:38.040,959077,488,0.393,0.586,0.257,20.0,5000,44.0,1,0.17,0.0,0,0.0,0.0,98,5,5 keran stabil,stable
2026-05-25T01:16:38.602,959633,490,0.395,0.588,0.264,20.0,5000,44.0,1,0.18,0.0,0,0.0,0.0,98,5,5 keran stabil,stable
2026-05-25T01:16:39.100,960153,479,0.386,0.575,0.225,20.0,5000,44.0,1,0.18,0.0,0,0.0,0.0,98,5,5 keran stabil,stable
2026-05-25T01:16:39.596,960671,489,0.394,0.587,0.261,20.0,5000,44.0,1,0.18,0.0,0,0.0,0.0,98,5,5 keran stabil,stable
2026-05-25T01:16:40.095,961191,488,0.393,0.586,0.257,20.0,5000,44.0,1,0.18,0.0,0,0.0,0.0,98,5,5 keran stabil,stable
2026-05-25T01:16:40.593,961643,496,0.4,0.595,0.286,20.0,5000,44.0,1,0.18,0.0,0,0.0,0.0,98,5,5 keran stabil,stable
2026-05-25T01:16:41.091,962163,495,0.399,0.594,0.282,20.0,5000,44.0,1,0.18,0.0,0,0.0,0.0,98,5,5 keran stabil,stable
2026-05-25T01:16:41.590,962681,486,0.392,0.583,0.25,20.0,5000,44.0,1,0.49,0.0,0,0.0,0.0,98,5,5 keran stabil,stable
2026-05-25T01:16:42.153,963201,487,0.392,0.585,0.254,20.0,5000,44.0,1,0.49,0.0,0,0.0,0.0,98,5,5 keran stabil,stable
2026-05-25T01:16:42.714,963762,483,0.389,0.58,0.239,20.0,5000,44.0,1,0.48,0.0,0,0.0,0.0,98,5,5 keran stabil,stable
2026-05-25T01:16:43.213,964282,485,0.391,0.582,0.246,20.0,5000,44.0,1,0.48,0.0,0,0.0,0.0,98,5,5 keran stabil,stable
2026-05-25T01:16:43.707,964805,483,0.389,0.58,0.239,20.0,5000,44.0,1,0.47,0.0,0,0.0,0.0,98,5,5 keran stabil,stable
2026-05-25T01:16:44.270,965325,480,0.387,0.576,0.228,20.0,5000,44.0,1,0.47,0.0,0,0.0,0.0,98,5,5 keran stabil,stable
2026-05-25T01:16:44.766,965881,484,0.39,0.581,0.243,20.0,5000,44.0,1,2.31,0.0,0,0.0,0.0,98,5,5 keran stabil,stable
2026-05-25T01:16:45.324,966401,485,0.391,0.582,0.246,20.0,5000,44.0,1,2.31,0.0,0,0.0,0.0,98,5,5 keran stabil,stable
2026-05-25T01:16:45.945,967023,483,0.389,0.58,0.239,20.0,5000,44.0,1,4.67,0.0,0,0.0,0.0,98,5,5 keran stabil,stable
2026-05-25T01:16:46.504,967579,486,0.392,0.583,0.25,20.0,5000,44.0,1,4.94,0.0,0,0.0,0.0,98,5,5 keran stabil,stable
2026-05-25T01:16:47.002,968099,481,0.388,0.577,0.232,20.0,5000,44.0,1,4.94,0.0,0,0.0,0.0,98,5,5 keran stabil,stable
2026-05-25T01:16:47.501,968617,479,0.386,0.575,0.225,20.0,5000,44.0,1,4.94,0.0,0,0.0,0.0,98,5,5 keran stabil,stable
2026-05-25T01:16:48.060,969137,483,0.389,0.58,0.239,20.0,5000,44.0,1,4.94,0.0,0,0.0,0.0,98,5,5 keran stabil,stable
2026-05-25T01:16:48.620,969693,487,0.392,0.585,0.254,20.0,5000,44.0,1,4.94,0.0,0,0.0,0.0,98,5,5 keran stabil,stable
2026-05-25T01:16:49.118,970213,467,0.376,0.561,0.182,20.0,5000,44.0,1,4.94,0.0,0,0.0,0.0,98,5,5 keran stabil,stable
2026-05-25T01:16:49.620,970730,481,0.388,0.577,0.232,20.0,5000,44.0,1,4.95,0.0,0,0.0,0.0,98,5,5 keran stabil,stable
2026-05-25T01:16:50.116,971250,486,0.392,0.583,0.25,20.0,5000,44.0,1,4.95,0.0,0,0.0,0.0,98,5,5 keran stabil,stable
2026-05-25T01:16:50.610,971713,481,0.388,0.577,0.232,20.0,5000,44.0,1,4.94,0.0,0,0.0,0.0,98,5,5 keran stabil,stable
2026-05-25T01:16:51.107,972233,484,0.39,0.581,0.243,20.0,5000,44.0,1,4.94,0.0,0,0.0,0.0,98,5,5 keran stabil,stable
2026-05-25T01:16:51.667,972750,483,0.389,0.58,0.239,20.0,5000,44.0,1,4.93,0.0,0,0.0,0.0,98,5,5 keran stabil,stable
2026-05-25T01:16:52.163,973270,486,0.392,0.583,0.25,20.0,5000,44.0,1,4.93,0.0,0,0.0,0.0,98,5,5 keran stabil,stable
2026-05-25T01:16:52.723,973837,479,0.386,0.575,0.225,20.0,5000,44.0,1,4.94,0.0,0,0.0,0.0,98,5,5 keran stabil,stable
2026-05-25T01:16:53.221,974357,481,0.388,0.577,0.232,20.0,5000,44.0,1,4.94,0.0,0,0.0,0.0,98,5,5 keran stabil,stable
2026-05-25T01:16:53.784,974874,486,0.392,0.583,0.25,20.0,5000,44.0,1,4.94,0.0,0,0.0,0.0,98,5,5 keran stabil,stable
2026-05-25T01:16:54.283,975394,484,0.39,0.581,0.243,20.0,5000,44.0,1,4.94,0.0,0,0.0,0.0,98,5,5 keran stabil,stable
2026-05-25T01:16:54.844,975961,488,0.393,0.586,0.257,20.0,5000,44.0,1,5.04,0.0,0,0.0,0.0,98,5,5 keran stabil,stable
2026-05-25T01:16:55.343,976481,484,0.39,0.581,0.243,20.0,5000,44.0,1,5.04,0.0,0,0.0,0.0,98,5,5 keran stabil,stable
2026-05-25T01:16:55.840,976998,485,0.391,0.582,0.246,20.0,5000,44.0,1,5.09,0.0,0,0.0,0.0,98,5,5 keran stabil,stable
2026-05-25T01:16:56.401,977518,485,0.391,0.582,0.246,20.0,5000,44.0,1,5.09,0.0,0,0.0,0.0,98,5,5 keran stabil,stable
2026-05-25T01:16:56.961,978085,489,0.394,0.587,0.261,20.0,5000,44.0,1,5.54,0.0,0,0.0,0.0,98,5,5 keran stabil,stable
2026-05-25T01:16:57.458,978605,485,0.391,0.582,0.246,20.0,5000,44.0,1,5.54,0.0,0,0.0,0.0,98,5,5 keran stabil,stable
2026-05-25T01:16:57.956,979122,488,0.393,0.586,0.257,20.0,5000,44.0,1,7.81,0.0,0,0.0,0.0,98,5,5 keran stabil,stable
2026-05-25T01:16:58.577,979688,482,0.388,0.579,0.236,20.0,5000,44.0,1,8.54,0.0,0,0.0,0.0,98,5,5 keran stabil,stable
2026-05-25T01:16:59.076,980208,486,0.392,0.583,0.25,20.0,5000,44.0,1,8.54,0.0,0,0.0,0.0,98,5,5 keran stabil,stable
2026-05-25T01:16:59.697,980830,482,0.388,0.579,0.236,20.0,5000,44.0,1,9.56,0.016,0,0.0,0.0,98,5,5 keran stabil,stable
2026-05-25T01:17:00.195,981350,480,0.387,0.576,0.228,20.0,5000,44.0,1,9.56,0.016,0,0.0,0.0,98,5,5 keran stabil,stable
2026-05-25T01:17:00.758,981906,490,0.395,0.588,0.264,20.0,5000,44.0,1,10.18,0.024,0,0.0,0.0,98,5,5 keran stabil,stable
2026-05-25T01:17:01.255,982426,485,0.391,0.582,0.246,20.0,5000,44.0,1,10.18,0.024,0,0.0,0.0,98,5,5 keran stabil,stable
2026-05-25T01:17:01.813,982943,491,0.396,0.589,0.268,20.0,5000,44.0,1,10.32,0.026,0,0.0,0.0,98,5,5 keran stabil,stable
2026-05-25T01:17:02.313,983463,488,0.393,0.586,0.257,20.0,5000,44.0,1,10.32,0.026,0,0.0,0.0,98,5,5 keran stabil,stable
2026-05-25T01:17:02.873,984030,483,0.389,0.58,0.239,20.0,5000,44.0,1,10.32,0.026,0,0.0,0.0,98,5,5 keran stabil,stable
2026-05-25T01:17:03.494,984654,487,0.392,0.585,0.254,20.0,5000,44.0,1,10.32,0.026,0,0.0,0.0,98,5,5 keran stabil,stable
2026-05-25T01:17:03.990,985171,486,0.392,0.583,0.25,20.0,5000,44.0,1,10.32,0.026,0,0.0,0.0,98,5,5 keran stabil,stable
2026-05-25T01:17:04.553,985737,490,0.395,0.588,0.264,20.0,5000,44.0,1,10.32,0.026,0,0.0,0.0,98,5,5 keran stabil,stable
2026-05-25T01:17:05.116,986258,486,0.392,0.583,0.25,20.0,5000,44.0,1,10.32,0.026,0,0.0,0.0,98,5,5 keran stabil,stable
2026-05-25T01:17:05.616,986775,483,0.389,0.58,0.239,20.0,5000,44.0,1,10.33,0.026,0,0.0,0.0,98,5,5 keran stabil,stable
2026-05-25T01:17:06.114,987295,480,0.387,0.576,0.228,20.0,5000,44.0,1,10.33,0.026,0,0.0,0.0,98,5,5 keran stabil,stable
2026-05-25T01:17:06.609,987762,483,0.389,0.58,0.239,20.0,5000,44.0,1,10.32,0.026,0,0.0,0.0,98,5,5 keran stabil,stable
2026-05-25T01:17:07.109,988282,484,0.39,0.581,0.243,20.0,5000,44.0,1,10.32,0.026,0,0.0,0.0,98,5,5 keran stabil,stable
2026-05-25T01:17:07.606,988805,486,0.392,0.583,0.25,20.0,5000,44.0,1,10.32,0.026,0,0.0,0.0,98,5,5 keran stabil,stable
2026-05-25T01:17:08.167,989325,483,0.389,0.58,0.239,20.0,5000,44.0,1,10.32,0.026,0,0.0,0.0,98,5,5 keran stabil,stable
2026-05-25T01:17:08.726,989882,483,0.389,0.58,0.239,20.0,5000,44.0,1,10.32,0.026,0,0.0,0.0,98,5,5 keran stabil,stable
2026-05-25T01:17:09.221,990402,469,0.378,0.563,0.189,20.0,5000,44.0,1,10.32,0.026,0,0.0,0.0,98,5,5 keran stabil,stable
2026-05-25T01:17:09.720,990919,489,0.394,0.587,0.261,20.0,5000,44.0,1,10.33,0.026,0,0.0,0.0,98,5,5 keran stabil,stable
2026-05-25T01:17:10.282,991439,483,0.389,0.58,0.239,20.0,5000,44.0,1,10.33,0.026,0,0.0,0.0,98,5,5 keran stabil,stable
2026-05-25T01:17:10.842,992006,485,0.391,0.582,0.246,20.0,5000,44.0,1,10.32,0.026,0,0.0,0.0,98,5,5 keran stabil,stable
2026-05-25T01:17:11.340,992526,484,0.39,0.581,0.243,20.0,5000,44.0,1,10.32,0.026,0,0.0,0.0,98,5,5 keran stabil,stable
2026-05-25T01:17:11.965,993147,482,0.388,0.579,0.236,20.0,5000,44.0,1,10.32,0.026,0,0.0,0.0,98,5,5 keran stabil,stable
2026-05-25T01:17:12.649,993817,481,0.388,0.577,0.232,20.0,5000,44.0,1,10.09,0.023,0,0.0,0.0,98,5,5 keran stabil,stable
2026-05-25T01:17:13.148,994337,486,0.392,0.583,0.25,20.0,5000,44.0,1,10.09,0.023,0,0.0,0.0,98,5,5 keran stabil,stable
2026-05-25T01:17:13.645,994855,485,0.391,0.582,0.246,20.0,5000,44.0,1,6.97,0.0,0,0.0,0.0,98,5,5 keran stabil,stable
2026-05-25T01:17:14.204,995375,484,0.39,0.581,0.243,20.0,5000,44.0,1,6.97,0.0,0,0.0,0.0,98,5,5 keran stabil,stable
2026-05-25T01:17:14.701,995931,485,0.391,0.582,0.246,20.0,5000,44.0,1,5.22,0.0,0,0.0,0.0,98,5,5 keran stabil,stable
2026-05-25T01:17:15.261,996451,481,0.388,0.577,0.232,20.0,5000,44.0,1,5.22,0.0,0,0.0,0.0,98,5,5 keran stabil,stable
2026-05-25T01:17:15.884,997072,485,0.391,0.582,0.246,20.0,5000,44.0,1,2.41,0.0,0,0.0,0.0,98,5,5 keran stabil,stable
2026-05-25T01:17:16.382,997592,490,0.395,0.588,0.264,20.0,5000,44.0,1,2.41,0.0,0,0.0,0.0,98,5,5 keran stabil,stable
2026-05-25T01:17:16.943,998159,481,0.388,0.577,0.232,20.0,5000,44.0,1,0.62,0.0,0,0.0,0.0,98,5,5 keran stabil,stable
2026-05-25T01:17:17.439,998679,485,0.391,0.582,0.246,20.0,5000,44.0,1,0.62,0.0,0,0.0,0.0,98,5,5 keran stabil,stable
2026-05-25T01:17:17.998,999196,480,0.387,0.576,0.228,20.0,5000,44.0,1,0.62,0.0,0,0.0,0.0,98,5,5 keran stabil,stable
2026-05-25T01:17:18.497,999716,487,0.392,0.585,0.254,20.0,5000,44.0,1,0.62,0.0,0,0.0,0.0,98,5,5 keran stabil,stable
2026-05-25T01:17:19.057,1000283,482,0.388,0.579,0.236,20.0,5000,44.0,1,0.61,0.0,0,0.0,0.0,98,5,5 keran stabil,stable
2026-05-25T01:17:19.551,1000803,489,0.394,0.587,0.261,20.0,5000,44.0,1,0.61,0.0,0,0.0,0.0,98,5,5 keran stabil,stable
2026-05-25T01:17:20.110,1001320,483,0.389,0.58,0.239,20.0,5000,44.0,1,0.61,0.0,0,0.0,0.0,98,5,5 keran stabil,stable
2026-05-25T01:17:20.671,1001886,482,0.388,0.579,0.236,20.0,5000,44.0,1,0.62,0.0,0,0.0,0.0,98,5,5 keran stabil,stable
2026-05-25T01:17:21.169,1002407,485,0.391,0.582,0.246,20.0,5000,44.0,1,0.62,0.0,0,0.0,0.0,98,5,5 keran stabil,stable
2026-05-25T01:17:21.670,1002924,462,0.372,0.555,0.164,20.0,5000,44.0,1,0.62,0.0,0,0.0,0.0,98,5,5 keran stabil,stable
2026-05-25T01:17:22.229,1003444,485,0.391,0.582,0.246,20.0,5000,44.0,1,0.62,0.0,0,0.0,0.0,98,5,5 keran stabil,stable
2026-05-25T01:17:22.789,1004011,489,0.394,0.587,0.261,20.0,5000,44.0,1,0.62,0.0,0,0.0,0.0,98,5,5 keran stabil,stable
2026-05-25T01:17:23.289,1004531,485,0.391,0.582,0.246,20.0,5000,44.0,1,0.62,0.0,0,0.0,0.0,98,5,5 keran stabil,stable
2026-05-25T01:17:23.786,1005048,485,0.391,0.582,0.246,20.0,5000,44.0,1,0.61,0.0,0,0.0,0.0,98,5,5 keran stabil,stable
2026-05-25T01:17:24.344,1005568,494,0.398,0.593,0.279,20.0,5000,44.0,1,0.61,0.0,0,0.0,0.0,98,5,5 keran stabil,stable
2026-05-25T01:17:24.905,1006135,484,0.39,0.581,0.243,20.0,5000,44.0,1,0.62,0.0,0,0.0,0.0,98,5,5 keran stabil,stable
2026-05-25T01:17:25.403,1006655,485,0.391,0.582,0.246,20.0,5000,44.0,1,0.62,0.0,0,0.0,0.0,98,5,5 keran stabil,stable
2026-05-25T01:17:26.022,1007276,486,0.392,0.583,0.25,20.0,5000,44.0,1,0.62,0.0,0,0.0,0.0,98,5,5 keran stabil,stable
2026-05-25T01:17:26.524,1007796,472,0.38,0.567,0.2,20.0,5000,44.0,1,0.62,0.0,0,0.0,0.0,98,5,5 keran stabil,stable
2026-05-25T01:17:27.026,1008259,487,0.392,0.585,0.254,20.0,5000,44.0,1,0.62,0.0,0,0.0,0.0,98,5,5 keran stabil,stable
2026-05-25T01:17:27.525,1008779,479,0.386,0.575,0.225,20.0,5000,44.0,1,0.62,0.0,0,0.0,0.0,98,5,5 keran stabil,stable
2026-05-25T01:17:28.020,1009296,491,0.396,0.589,0.268,20.0,5000,44.0,1,0.62,0.0,0,0.0,0.0,98,5,5 keran stabil,stable
2026-05-25T01:17:28.577,1009816,481,0.388,0.577,0.232,20.0,5000,44.0,1,0.62,0.0,0,0.0,0.0,98,5,5 keran stabil,stable
2026-05-25T01:17:29.141,1010383,480,0.387,0.576,0.228,20.0,5000,44.0,1,0.62,0.0,0,0.0,0.0,98,5,5 keran stabil,stable
2026-05-25T01:17:29.636,1010903,481,0.388,0.577,0.232,20.0,5000,44.0,1,0.62,0.0,0,0.0,0.0,98,5,5 keran stabil,stable
2026-05-25T01:17:30.256,1011524,488,0.393,0.586,0.257,20.0,5000,44.0,1,0.62,0.0,0,0.0,0.0,98,5,5 keran stabil,stable
2026-05-25T01:17:30.753,1011986,485,0.391,0.582,0.246,20.0,5000,44.0,1,0.62,0.0,0,0.0,0.0,98,5,5 keran stabil,stable
2026-05-25T01:17:31.253,1012507,486,0.392,0.583,0.25,20.0,5000,44.0,1,0.62,0.0,0,0.0,0.0,98,5,5 keran stabil,stable
2026-05-25T01:17:31.752,1013024,486,0.392,0.583,0.25,20.0,5000,44.0,1,0.85,0.0,0,0.0,0.0,98,5,5 keran stabil,stable
2026-05-25T01:17:32.250,1013544,484,0.39,0.581,0.243,20.0,5000,44.0,1,0.85,0.0,0,0.0,0.0,98,5,5 keran stabil,stable
2026-05-25T01:17:32.750,1014006,485,0.391,0.582,0.246,20.0,5000,44.0,1,0.84,0.0,0,0.0,0.0,98,5,5 keran stabil,stable
2026-05-25T01:17:33.248,1014526,483,0.389,0.58,0.239,20.0,5000,44.0,1,0.84,0.0,0,0.0,0.0,98,5,5 keran stabil,stable
2026-05-25T01:17:33.750,1015044,490,0.395,0.588,0.264,20.0,5000,44.0,1,0.84,0.0,0,0.0,0.0,98,5,5 keran stabil,stable
2026-05-25T01:17:34.308,1015564,486,0.392,0.583,0.25,20.0,5000,44.0,1,0.84,0.0,0,0.0,0.0,98,5,5 keran stabil,stable
2026-05-25T01:17:34.869,1016120,484,0.39,0.581,0.243,20.0,5000,44.0,1,0.85,0.0,0,0.0,0.0,98,5,5 keran stabil,stable
2026-05-25T01:17:35.365,1016640,481,0.388,0.577,0.232,20.0,5000,44.0,1,0.85,0.0,0,0.0,0.0,98,5,5 keran stabil,stable
2026-05-25T01:17:35.861,1017158,470,0.379,0.564,0.192,20.0,5000,44.0,1,0.84,0.0,0,0.0,0.0,98,5,5 keran stabil,stable
2026-05-25T01:17:36.420,1017678,483,0.389,0.58,0.239,20.0,5000,44.0,1,0.84,0.0,0,0.0,0.0,98,5,5 keran stabil,stable
2026-05-25T01:17:36.920,1018234,483,0.389,0.58,0.239,20.0,5000,44.0,1,0.84,0.0,0,0.0,0.0,98,5,5 keran stabil,stable
2026-05-25T01:17:37.482,1018754,480,0.387,0.576,0.228,20.0,5000,44.0,1,0.84,0.0,0,0.0,0.0,98,5,5 keran stabil,stable
2026-05-25T01:17:38.104,1019376,490,0.395,0.588,0.264,20.0,5000,44.0,1,0.84,0.0,0,0.0,0.0,98,5,5 keran stabil,stable
2026-05-25T01:17:38.603,1019896,483,0.389,0.58,0.239,20.0,5000,44.0,1,0.84,0.0,0,0.0,0.0,98,5,5 keran stabil,stable
2026-05-25T01:17:39.165,1020452,480,0.387,0.576,0.228,20.0,5000,44.0,1,0.84,0.0,0,0.0,0.0,98,5,5 keran stabil,stable
2026-05-25T01:17:39.665,1020972,472,0.38,0.567,0.2,20.0,5000,44.0,1,0.84,0.0,0,0.0,0.0,98,5,5 keran stabil,stable
2026-05-25T01:17:40.164,1021490,486,0.392,0.583,0.25,20.0,5000,44.0,1,0.85,0.0,0,0.0,0.0,98,5,5 keran stabil,stable
2026-05-25T01:17:40.724,1022046,480,0.387,0.576,0.228,20.0,5000,44.0,1,0.84,0.0,0,0.0,0.0,98,5,5 keran stabil,stable
2026-05-25T01:17:41.285,1022566,485,0.391,0.582,0.246,20.0,5000,44.0,1,0.84,0.0,0,0.0,0.0,98,5,5 keran stabil,stable
2026-05-25T01:17:41.783,1023084,482,0.388,0.579,0.236,20.0,5000,44.0,1,0.85,0.0,0,0.0,0.0,98,5,5 keran stabil,stable
2026-05-25T01:17:42.279,1023604,487,0.392,0.585,0.254,20.0,5000,44.0,1,0.85,0.0,0,0.0,0.0,98,5,5 keran stabil,stable
2026-05-25T01:17:42.839,1024160,484,0.39,0.581,0.243,20.0,5000,44.0,1,2.16,0.0,0,0.0,0.0,98,5,5 keran stabil,stable
2026-05-25T01:17:43.463,1024784,480,0.387,0.576,0.228,20.0,5000,44.0,1,2.16,0.0,0,0.0,0.0,98,5,5 keran stabil,stable
2026-05-25T01:17:43.964,1025302,485,0.391,0.582,0.246,20.0,5000,44.0,1,3.85,0.0,0,0.0,0.0,98,5,5 keran stabil,stable
2026-05-25T01:17:44.524,1025822,488,0.393,0.586,0.257,20.0,5000,44.0,1,3.85,0.0,0,0.0,0.0,98,5,5 keran stabil,stable
2026-05-25T01:17:45.085,1026378,504,0.406,0.605,0.315,20.0,5000,44.0,1,4.99,0.0,0,0.0,0.0,98,5,5 keran stabil,stable
2026-05-25T01:17:45.584,1026898,482,0.388,0.579,0.236,20.0,5000,44.0,1,4.99,0.0,0,0.0,0.0,98,5,5 keran stabil,stable
2026-05-25T01:17:46.083,1027415,483,0.389,0.58,0.239,20.0,5000,44.0,1,7.59,0.0,0,0.0,0.0,98,5,5 keran stabil,stable
2026-05-25T01:17:46.584,1027935,491,0.396,0.589,0.268,20.0,5000,44.0,1,7.59,0.0,0,0.0,0.0,98,5,5 keran stabil,stable
2026-05-25T01:17:47.086,1028398,482,0.388,0.579,0.236,20.0,5000,44.0,1,8.78,0.0,0,0.0,0.0,98,5,5 keran stabil,stable
2026-05-25T01:17:47.586,1028918,496,0.4,0.595,0.286,20.0,5000,44.0,1,8.78,0.0,0,0.0,0.0,98,5,5 keran stabil,stable
2026-05-25T01:17:48.084,1029435,484,0.39,0.581,0.243,20.0,5000,44.0,1,10.09,0.023,0,0.0,0.0,98,5,5 keran stabil,stable
2026-05-25T01:17:48.643,1029955,480,0.387,0.576,0.228,20.0,5000,44.0,1,10.09,0.023,0,0.0,0.0,98,5,5 keran stabil,stable
2026-05-25T01:17:49.206,1030522,483,0.389,0.58,0.239,20.0,5000,44.0,1,10.64,0.03,0,0.0,0.0,98,5,5 keran stabil,stable
2026-05-25T01:17:49.703,1031042,479,0.386,0.575,0.225,20.0,5000,44.0,1,10.64,0.03,0,0.0,0.0,98,5,5 keran stabil,stable
2026-05-25T01:17:50.201,1031559,482,0.388,0.579,0.236,20.0,5000,44.0,1,10.7,0.031,0,0.0,0.0,98,5,5 keran stabil,stable
2026-05-25T01:17:50.759,1032125,484,0.39,0.581,0.243,20.0,5000,44.0,1,10.7,0.031,0,0.0,0.0,98,5,5 keran stabil,stable
2026-05-25T01:17:51.324,1032646,485,0.391,0.582,0.246,20.0,5000,44.0,1,10.7,0.031,0,0.0,0.0,98,5,5 keran stabil,stable
2026-05-25T01:17:51.821,1033163,484,0.39,0.581,0.243,20.0,5000,44.0,1,10.71,0.031,0,0.0,0.0,98,5,5 keran stabil,stable
2026-05-25T01:17:52.319,1033683,489,0.394,0.587,0.261,20.0,5000,44.0,1,10.71,0.031,0,0.0,0.0,98,5,5 keran stabil,stable
2026-05-25T01:17:52.814,1034145,483,0.389,0.58,0.239,20.0,5000,44.0,1,10.71,0.031,0,0.0,0.0,98,5,5 keran stabil,stable
2026-05-25T01:17:53.311,1034666,487,0.392,0.585,0.254,20.0,5000,44.0,1,10.71,0.031,0,0.0,0.0,98,5,5 keran stabil,stable
2026-05-25T01:17:53.811,1035183,488,0.393,0.586,0.257,20.0,5000,44.0,1,10.71,0.031,0,0.0,0.0,98,5,5 keran stabil,stable
2026-05-25T01:17:54.373,1035703,483,0.389,0.58,0.239,20.0,5000,44.0,1,10.71,0.031,0,0.0,0.0,98,5,5 keran stabil,stable
2026-05-25T01:17:54.934,1036270,480,0.387,0.576,0.228,20.0,5000,44.0,1,10.71,0.031,0,0.0,0.0,98,5,5 keran stabil,stable
2026-05-25T01:17:55.430,1036790,481,0.388,0.577,0.232,20.0,5000,44.0,1,10.71,0.031,0,0.0,0.0,98,5,5 keran stabil,stable
2026-05-25T01:17:55.929,1037312,482,0.388,0.579,0.236,20.0,5000,44.0,1,10.7,0.031,0,0.0,0.0,98,5,5 keran stabil,stable
2026-05-25T01:17:56.489,1037832,485,0.391,0.582,0.246,20.0,5000,44.0,1,10.7,0.031,0,0.0,0.0,98,5,5 keran stabil,stable
2026-05-25T01:17:57.046,1038384,487,0.392,0.585,0.254,20.0,5000,44.0,1,10.7,0.031,0,0.0,0.0,98,5,5 keran stabil,stable
2026-05-25T01:17:57.544,1038904,491,0.396,0.589,0.268,20.0,5000,44.0,1,10.7,0.031,0,0.0,0.0,98,5,5 keran stabil,stable
2026-05-25T01:17:58.168,1039525,490,0.395,0.588,0.264,20.0,5000,44.0,1,10.7,0.031,0,0.0,0.0,98,5,5 keran stabil,stable
2026-05-25T01:17:58.849,1040195,479,0.386,0.575,0.225,20.0,5000,44.0,1,10.7,0.031,0,0.0,0.0,98,5,5 keran stabil,stable
2026-05-25T01:17:59.347,1040716,479,0.386,0.575,0.225,20.0,5000,44.0,1,10.7,0.031,0,0.0,0.0,98,5,5 keran stabil,stable
2026-05-25T01:17:59.846,1041233,489,0.394,0.587,0.261,20.0,5000,44.0,1,10.7,0.031,0,0.0,0.0,98,5,5 keran stabil,stable
2026-05-25T01:18:00.406,1041753,483,0.389,0.58,0.239,20.0,5000,44.0,1,10.7,0.031,0,0.0,0.0,98,5,5 keran stabil,stable
2026-05-25T01:18:00.969,1042320,483,0.389,0.58,0.239,20.0,5000,44.0,1,10.7,0.031,0,0.0,0.0,98,5,5 keran stabil,stable
2026-05-25T01:18:01.589,1042944,482,0.388,0.579,0.236,20.0,5000,44.0,1,10.7,0.031,0,0.0,0.0,98,5,5 keran stabil,stable
2026-05-25T01:18:02.150,1043565,482,0.388,0.579,0.236,20.0,5000,44.0,1,10.7,0.032,0,0.0,0.0,98,5,5 keran stabil,stable
2026-05-25T01:18:02.710,1044085,483,0.389,0.58,0.239,20.0,5000,44.0,1,10.7,0.032,0,0.0,0.0,98,5,5 keran stabil,stable
2026-05-25T01:18:03.268,1044652,485,0.391,0.582,0.246,20.0,5000,44.0,1,10.7,0.031,0,0.0,0.0,98,5,5 keran stabil,stable
2026-05-25T01:18:03.769,1045172,482,0.388,0.579,0.236,20.0,5000,44.0,1,10.7,0.031,0,0.0,0.0,98,5,5 keran stabil,stable
2026-05-25T01:18:04.266,1045689,479,0.386,0.575,0.225,20.0,5000,44.0,1,9.9,0.02,0,0.0,0.0,98,5,5 keran stabil,stable
2026-05-25T01:18:04.889,1046255,485,0.391,0.582,0.246,20.0,5000,44.0,1,8.49,0.0,0,0.0,0.0,98,5,5 keran stabil,stable
2026-05-25T01:18:05.509,1046879,481,0.388,0.577,0.232,20.0,5000,44.0,1,8.49,0.0,0,0.0,0.0,98,5,5 keran stabil,stable
2026-05-25T01:18:06.007,1047397,482,0.388,0.579,0.236,20.0,5000,44.0,1,6.12,0.0,0,0.0,0.0,98,5,5 keran stabil,stable
2026-05-25T01:18:06.507,1047917,485,0.391,0.582,0.246,20.0,5000,44.0,1,6.12,0.0,0,0.0,0.0,98,5,5 keran stabil,stable
2026-05-25T01:18:07.065,1048473,485,0.391,0.582,0.246,20.0,5000,44.0,1,3.64,0.0,0,0.0,0.0,98,5,5 keran stabil,stable
2026-05-25T01:18:07.565,1048993,484,0.39,0.581,0.243,20.0,5000,44.0,1,3.64,0.0,0,0.0,0.0,98,5,5 keran stabil,stable
2026-05-25T01:18:08.125,1049510,468,0.377,0.562,0.185,20.0,5000,44.0,1,3.12,0.0,0,0.0,0.0,98,5,5 keran stabil,stable
2026-05-25T01:18:08.625,1050030,483,0.389,0.58,0.239,20.0,5000,44.0,1,3.12,0.0,0,0.0,0.0,98,5,5 keran stabil,stable
2026-05-25T01:18:09.185,1050597,485,0.391,0.582,0.246,20.0,5000,44.0,1,3.12,0.0,0,0.0,0.0,98,5,5 keran stabil,stable
2026-05-25T01:18:09.688,1051117,490,0.395,0.588,0.264,20.0,5000,44.0,1,3.12,0.0,0,0.0,0.0,98,5,5 keran stabil,stable
2026-05-25T01:18:10.248,1051634,481,0.388,0.577,0.232,20.0,5000,44.0,1,1.62,0.0,0,0.0,0.0,98,5,5 keran stabil,stable
2026-05-25T01:18:10.746,1052154,490,0.395,0.588,0.264,20.0,5000,44.0,1,1.62,0.0,0,0.0,0.0,98,5,5 keran stabil,stable
2026-05-25T01:18:11.307,1052720,483,0.389,0.58,0.239,20.0,5000,44.0,1,0.62,0.0,0,0.0,0.0,98,5,5 keran stabil,stable
2026-05-25T01:18:11.932,1053342,487,0.392,0.585,0.254,20.0,5000,44.0,1,0.62,0.0,0,0.0,0.0,98,5,5 keran stabil,stable
2026-05-25T01:18:12.436,1053862,482,0.388,0.579,0.236,20.0,5000,44.0,1,0.62,0.0,0,0.0,0.0,98,5,5 keran stabil,stable
2026-05-25T01:18:12.999,1054418,481,0.388,0.577,0.232,20.0,5000,44.0,1,0.62,0.0,0,0.0,0.0,98,5,5 keran stabil,stable
2026-05-25T01:18:13.500,1054938,508,0.409,0.61,0.329,20.0,5000,44.0,1,0.62,0.0,0,0.0,0.0,98,5,5 keran stabil,stable
2026-05-25T01:18:13.995,1055455,486,0.392,0.583,0.25,20.0,5000,44.0,1,0.62,0.0,0,0.0,0.0,98,5,5 keran stabil,stable
2026-05-25T01:18:14.558,1055975,485,0.391,0.582,0.246,20.0,5000,44.0,1,0.62,0.0,0,0.0,0.0,98,5,5 keran stabil,stable
2026-05-25T01:18:15.114,1056542,484,0.39,0.581,0.243,20.0,5000,44.0,1,0.62,0.0,0,0.0,0.0,98,5,5 keran stabil,stable
2026-05-25T01:18:15.613,1057062,482,0.388,0.579,0.236,20.0,5000,44.0,1,0.62,0.0,0,0.0,0.0,98,5,5 keran stabil,stable
2026-05-25T01:18:16.111,1057579,486,0.392,0.583,0.25,20.0,5000,44.0,1,0.61,0.0,0,0.0,0.0,98,5,5 keran stabil,stable
2026-05-25T01:18:16.671,1058099,489,0.394,0.587,0.261,20.0,5000,44.0,1,0.61,0.0,0,0.0,0.0,98,5,5 keran stabil,stable
2026-05-25T01:18:17.232,1058666,484,0.39,0.581,0.243,20.0,5000,44.0,1,0.55,0.0,0,0.0,0.0,98,5,5 keran stabil,stable
2026-05-25T01:18:17.730,1059186,486,0.392,0.583,0.25,20.0,5000,44.0,1,0.55,0.0,0,0.0,0.0,98,5,5 keran stabil,stable
2026-05-25T01:18:18.231,1059703,491,0.396,0.589,0.268,20.0,5000,44.0,1,0.55,0.0,0,0.0,0.0,98,5,5 keran stabil,stable
2026-05-25T01:18:18.795,1060223,488,0.393,0.586,0.257,20.0,5000,44.0,1,0.55,0.0,0,0.0,0.0,98,5,5 keran stabil,stable
2026-05-25T01:18:19.357,1060790,482,0.388,0.579,0.236,20.0,5000,44.0,1,0.62,0.0,0,0.0,0.0,98,5,5 keran stabil,stable
2026-05-25T01:18:19.855,1061310,487,0.392,0.585,0.254,20.0,5000,44.0,1,0.62,0.0,0,0.0,0.0,98,5,5 keran stabil,stable
2026-05-25T01:18:20.476,1061931,483,0.389,0.58,0.239,20.0,5000,44.0,1,0.62,0.0,0,0.0,0.0,98,5,5 keran stabil,stable
2026-05-25T01:18:21.036,1062497,488,0.393,0.586,0.257,20.0,5000,44.0,1,0.55,0.0,0,0.0,0.0,98,5,5 keran stabil,stable
2026-05-25T01:18:21.535,1063017,485,0.391,0.582,0.246,20.0,5000,44.0,1,0.55,0.0,0,0.0,0.0,98,5,5 keran stabil,stable
2026-05-25T01:18:22.096,1063535,498,0.401,0.598,0.293,20.0,5000,44.0,1,0.55,0.0,0,0.0,0.0,98,5,5 keran stabil,stable
2026-05-25T01:18:22.593,1064055,486,0.392,0.583,0.25,20.0,5000,44.0,1,0.55,0.0,0,0.0,0.0,98,5,5 keran stabil,stable
2026-05-25T01:18:23.154,1064611,483,0.389,0.58,0.239,20.0,5000,44.0,1,0.55,0.0,0,0.0,0.0,98,5,5 keran stabil,stable
2026-05-25T01:18:23.655,1065131,481,0.388,0.577,0.232,20.0,5000,44.0,1,0.55,0.0,0,0.0,0.0,98,5,5 keran stabil,stable
2026-05-25T01:18:24.153,1065649,488,0.393,0.586,0.257,20.0,5000,44.0,1,0.55,0.0,0,0.0,0.0,98,5,5 keran stabil,stable
2026-05-25T01:18:24.715,1066169,484,0.39,0.581,0.243,20.0,5000,44.0,1,0.55,0.0,0,0.0,0.0,98,5,5 keran stabil,stable
2026-05-25T01:18:25.275,1066725,483,0.389,0.58,0.239,20.0,5000,44.0,1,0.55,0.0,0,0.0,0.0,98,5,5 keran stabil,stable
2026-05-25T01:18:25.777,1067245,488,0.393,0.586,0.257,20.0,5000,44.0,1,0.55,0.0,0,0.0,0.0,98,5,5 keran stabil,stable
2026-05-25T01:18:26.278,1067762,483,0.389,0.58,0.239,20.0,5000,44.0,1,0.55,0.0,0,0.0,0.0,98,5,5 keran stabil,stable
2026-05-25T01:18:26.963,1068432,483,0.389,0.58,0.239,20.0,5000,44.0,1,0.55,0.0,0,0.0,0.0,98,5,5 keran stabil,stable
2026-05-25T01:18:27.587,1069057,484,0.39,0.581,0.243,20.0,5000,44.0,1,0.55,0.0,0,0.0,0.0,98,5,5 keran stabil,stable
2026-05-25T01:18:28.086,1069574,489,0.394,0.587,0.261,20.0,5000,44.0,1,0.55,0.0,0,0.0,0.0,98,5,5 keran stabil,stable
2026-05-25T01:18:28.585,1070094,485,0.391,0.582,0.246,20.0,5000,44.0,1,0.55,0.0,0,0.0,0.0,98,5,5 keran stabil,stable
2026-05-25T01:18:29.085,1070557,471,0.38,0.565,0.196,20.0,5000,44.0,1,0.98,0.0,0,0.0,0.0,98,5,5 keran stabil,stable
2026-05-25T01:18:29.580,1071077,481,0.388,0.577,0.232,20.0,5000,44.0,1,0.98,0.0,0,0.0,0.0,98,5,5 keran stabil,stable
2026-05-25T01:18:30.082,1071594,484,0.39,0.581,0.243,20.0,5000,44.0,1,2.51,0.0,0,0.0,0.0,98,5,5 keran stabil,stable
2026-05-25T01:18:30.643,1072114,446,0.359,0.535,0.106,20.0,5000,44.0,1,2.51,0.0,0,0.0,0.0,98,5,5 keran stabil,stable
2026-05-25T01:18:31.204,1072681,484,0.39,0.581,0.243,20.0,5000,44.0,1,2.58,0.0,0,0.0,0.0,98,5,5 keran stabil,stable
2026-05-25T01:18:31.704,1073201,490,0.395,0.588,0.264,20.0,5000,44.0,1,2.58,0.0,0,0.0,0.0,98,5,5 keran stabil,stable
2026-05-25T01:18:32.201,1073718,487,0.392,0.585,0.254,20.0,5000,44.0,1,2.99,0.0,0,0.0,0.0,98,5,5 keran stabil,stable
2026-05-25T01:18:32.763,1074238,501,0.404,0.601,0.304,20.0,5000,44.0,1,2.99,0.0,0,0.0,0.0,98,5,5 keran stabil,stable
2026-05-25T01:18:33.324,1074805,484,0.39,0.581,0.243,20.0,5000,44.0,1,2.95,0.0,0,0.0,0.0,98,5,5 keran stabil,stable
2026-05-25T01:18:33.946,1075429,486,0.392,0.583,0.25,20.0,5000,44.0,1,2.95,0.0,0,0.0,0.0,98,5,5 keran stabil,stable
2026-05-25T01:18:34.442,1075946,480,0.387,0.576,0.228,20.0,5000,44.0,1,2.96,0.0,0,0.0,0.0,98,5,5 keran stabil,stable
2026-05-25T01:18:35.004,1076512,480,0.387,0.576,0.228,20.0,5000,44.0,1,2.96,0.0,0,0.0,0.0,98,5,5 keran stabil,stable
2026-05-25T01:18:35.504,1077033,482,0.388,0.579,0.236,20.0,5000,44.0,1,2.96,0.0,0,0.0,0.0,98,5,5 keran stabil,stable
2026-05-25T01:18:36.065,1077550,483,0.389,0.58,0.239,20.0,5000,44.0,1,2.96,0.0,0,0.0,0.0,98,5,5 keran stabil,stable
2026-05-25T01:18:36.564,1078070,482,0.388,0.579,0.236,20.0,5000,44.0,1,2.96,0.0,0,0.0,0.0,98,5,5 keran stabil,stable
2026-05-25T01:18:37.126,1078637,484,0.39,0.581,0.243,20.0,5000,44.0,1,2.96,0.0,0,0.0,0.0,98,5,5 keran stabil,stable
2026-05-25T01:18:37.624,1079157,483,0.389,0.58,0.239,20.0,5000,44.0,1,2.96,0.0,0,0.0,0.0,98,5,5 keran stabil,stable
2026-05-25T01:18:38.122,1079674,481,0.388,0.577,0.232,20.0,5000,44.0,1,3.01,0.0,0,0.0,0.0,98,5,5 keran stabil,stable
2026-05-25T01:18:38.683,1080194,484,0.39,0.581,0.243,20.0,5000,44.0,1,3.01,0.0,0,0.0,0.0,98,5,5 keran stabil,stable
2026-05-25T01:18:39.245,1080761,481,0.388,0.577,0.232,20.0,5000,44.0,1,5.36,0.0,0,0.0,0.0,98,5,5 keran stabil,stable
2026-05-25T01:18:39.740,1081281,483,0.389,0.58,0.239,20.0,5000,44.0,1,5.36,0.0,0,0.0,0.0,98,5,5 keran stabil,stable
2026-05-25T01:18:40.237,1081798,486,0.392,0.583,0.25,20.0,5000,44.0,1,8.84,0.01,0,0.0,0.0,98,5,5 keran stabil,stable
2026-05-25T01:18:40.797,1082318,486,0.392,0.583,0.25,20.0,5000,44.0,1,8.84,0.01,0,0.0,0.0,98,5,5 keran stabil,stable
2026-05-25T01:18:41.357,1082885,491,0.396,0.589,0.268,20.0,5000,44.0,1,10.49,0.029,0,0.0,0.0,98,5,5 keran stabil,stable
2026-05-25T01:18:41.854,1083405,483,0.389,0.58,0.239,20.0,5000,44.0,1,10.49,0.029,0,0.0,0.0,98,5,5 keran stabil,stable
2026-05-25T01:18:42.477,1084026,480,0.387,0.576,0.228,20.0,5000,44.0,1,10.92,0.035,0,0.0,0.0,98,5,5 keran stabil,stable
2026-05-25T01:18:43.039,1084596,484,0.39,0.581,0.243,20.0,5000,44.0,1,12.16,0.054,0,0.0,0.0,98,5,5 keran stabil,stable
2026-05-25T01:18:43.600,1085117,481,0.388,0.577,0.232,20.0,5000,44.0,1,12.16,0.054,0,0.0,0.0,98,5,5 keran stabil,stable
2026-05-25T01:18:44.097,1085639,486,0.392,0.583,0.25,20.0,5000,44.0,1,12.69,0.063,0,0.0,0.0,98,5,5 keran stabil,stable
2026-05-25T01:18:44.594,1086159,480,0.387,0.576,0.228,20.0,5000,44.0,1,12.69,0.063,0,0.0,0.0,98,5,5 keran stabil,stable
2026-05-25T01:18:45.153,1086716,484,0.39,0.581,0.243,20.0,5000,44.0,1,12.67,0.063,0,0.0,0.0,98,5,5 keran stabil,stable
2026-05-25T01:18:45.651,1087236,487,0.392,0.585,0.254,20.0,5000,44.0,1,12.67,0.063,0,0.0,0.0,98,5,5 keran stabil,stable
2026-05-25T01:18:46.211,1087753,484,0.39,0.581,0.243,20.0,5000,44.0,1,12.67,0.063,0,0.0,0.0,98,5,5 keran stabil,stable
2026-05-25T01:18:46.708,1088273,486,0.392,0.583,0.25,20.0,5000,44.0,1,12.67,0.063,0,0.0,0.0,98,5,5 keran stabil,stable
2026-05-25T01:18:47.270,1088840,481,0.388,0.577,0.232,20.0,5000,44.0,1,12.66,0.063,0,0.0,0.0,98,5,5 keran stabil,stable
2026-05-25T01:18:47.770,1089360,483,0.389,0.58,0.239,20.0,5000,44.0,1,12.66,0.063,0,0.0,0.0,98,5,5 keran stabil,stable
2026-05-25T01:18:48.334,1089877,495,0.399,0.594,0.282,20.0,5000,44.0,1,12.66,0.063,0,0.0,0.0,98,5,5 keran stabil,stable
2026-05-25T01:18:48.833,1090397,483,0.389,0.58,0.239,20.0,5000,44.0,1,12.66,0.063,0,0.0,0.0,98,5,5 keran stabil,stable
2026-05-25T01:18:49.395,1090964,486,0.392,0.583,0.25,20.0,5000,44.0,1,12.66,0.063,0,0.0,0.0,98,5,5 keran stabil,stable
2026-05-25T01:18:49.895,1091484,481,0.388,0.577,0.232,20.0,5000,44.0,1,12.66,0.063,0,0.0,0.0,98,5,5 keran stabil,stable
2026-05-25T01:18:50.458,1092001,481,0.388,0.577,0.232,20.0,5000,44.0,1,12.66,0.063,0,0.0,0.0,98,5,5 keran stabil,stable
2026-05-25T01:18:50.956,1092521,486,0.392,0.583,0.25,20.0,5000,44.0,1,12.66,0.063,0,0.0,0.0,98,5,5 keran stabil,stable
2026-05-25T01:18:51.518,1093088,485,0.391,0.582,0.246,20.0,5000,44.0,1,12.65,0.063,0,0.0,0.0,98,5,5 keran stabil,stable
2026-05-25T01:18:52.016,1093608,485,0.391,0.582,0.246,20.0,5000,44.0,1,12.65,0.063,0,0.0,0.0,98,5,5 keran stabil,stable
2026-05-25T01:18:52.514,1094125,483,0.389,0.58,0.239,20.0,5000,44.0,1,12.37,0.059,0,0.0,0.0,98,5,5 keran stabil,stable
2026-05-25T01:18:53.136,1094691,482,0.388,0.579,0.236,20.0,5000,44.0,1,7.71,0.0,0,0.0,0.0,98,5,5 keran stabil,stable
2026-05-25T01:18:53.636,1095211,483,0.389,0.58,0.239,20.0,5000,44.0,1,7.71,0.0,0,0.0,0.0,98,5,5 keran stabil,stable
2026-05-25T01:18:54.137,1095728,460,0.371,0.552,0.156,20.0,5000,44.0,1,1.71,0.0,0,0.0,0.0,98,5,5 keran stabil,stable
2026-05-25T01:18:54.637,1096248,486,0.392,0.583,0.25,20.0,5000,44.0,1,1.71,0.0,0,0.0,0.0,98,5,5 keran stabil,stable
2026-05-25T01:18:55.197,1096815,485,0.391,0.582,0.246,20.0,5000,44.0,1,0.3,0.0,0,0.0,0.0,98,5,5 keran stabil,stable
2026-05-25T01:18:55.757,1097335,479,0.386,0.575,0.225,20.0,5000,44.0,1,0.3,0.0,0,0.0,0.0,98,5,5 keran stabil,stable
2026-05-25T01:18:56.255,1097852,450,0.363,0.54,0.12,20.0,5000,44.0,1,0.3,0.0,0,0.0,0.0,98,5,5 keran stabil,stable
2026-05-25T01:18:56.752,1098372,484,0.39,0.581,0.243,20.0,5000,44.0,1,0.3,0.0,0,0.0,0.0,98,5,5 keran stabil,stable
2026-05-25T01:18:57.250,1098834,482,0.388,0.579,0.236,20.0,5000,44.0,1,0.3,0.0,0,0.0,0.0,98,5,5 keran stabil,stable
2026-05-25T01:18:57.747,1099354,483,0.389,0.58,0.239,20.0,5000,44.0,1,0.3,0.0,0,0.0,0.0,98,5,5 keran stabil,stable
2026-05-25T01:18:58.369,1099976,483,0.389,0.58,0.239,20.0,5000,44.0,1,0.29,0.0,0,0.0,0.0,98,5,5 keran stabil,stable
2026-05-25T01:18:58.870,1100496,486,0.392,0.583,0.25,20.0,5000,44.0,1,0.29,0.0,0,0.0,0.0,98,5,5 keran stabil,stable
2026-05-25T01:18:59.427,1101052,482,0.388,0.579,0.236,20.0,5000,44.0,1,0.29,0.0,0,0.0,0.0,98,5,5 keran stabil,stable
2026-05-25T01:18:59.989,1101572,485,0.391,0.582,0.246,20.0,5000,44.0,1,0.29,0.0,0,0.0,0.0,98,5,5 keran stabil,stable
2026-05-25T01:19:00.487,1102089,487,0.392,0.585,0.254,20.0,5000,44.0,1,0.29,0.0,0,0.0,0.0,98,5,5 keran stabil,stable
2026-05-25T01:19:00.985,1102609,41,0.033,0.049,0.0,20.0,5000,44.0,1,0.29,0.0,0,0.0,0.0,98,5,5 keran stabil,stable
2026-05-25T01:19:01.549,1103172,42,0.034,0.05,0.0,20.0,5000,44.0,0,0.29,0.0,0,0.0,0.0,99,5,5 keran stabil,stable
2026-05-25T01:19:02.045,1103692,43,0.035,0.052,0.0,20.0,5000,44.0,0,0.29,0.0,0,0.0,0.0,99,5,5 keran stabil,stable
2026-05-25T01:19:02.544,1104178,42,0.034,0.05,0.0,20.0,5000,44.0,0,0.29,0.0,0,0.0,0.0,100,5,5 keran stabil,stable
2026-05-25T01:19:03.104,1104698,45,0.036,0.054,0.0,20.0,5000,44.0,0,0.29,0.0,0,0.0,0.0,100,5,5 keran stabil,stable
2026-05-25T01:19:03.665,1105288,43,0.035,0.052,0.0,20.0,5000,44.0,0,0.29,0.0,0,0.0,0.0,101,5,5 keran stabil,stable
2026-05-25T01:19:04.351,1105982,47,0.038,0.056,0.0,20.0,5000,44.0,0,0.29,0.0,0,0.0,0.0,102,5,5 keran stabil,stable
2026-05-25T01:19:04.845,1106502,46,0.037,0.055,0.0,20.0,5000,44.0,0,0.29,0.0,0,0.0,0.0,102,5,5 keran stabil,stable
2026-05-25T01:19:05.343,1106988,46,0.037,0.055,0.0,20.0,5000,44.0,0,0.29,0.0,0,0.0,0.0,103,5,5 keran stabil,stable
2026-05-25T01:19:05.903,1107508,45,0.036,0.054,0.0,20.0,5000,44.0,0,0.29,0.0,0,0.0,0.0,103,5,5 keran stabil,stable
2026-05-25T01:19:06.463,1108098,43,0.035,0.052,0.0,20.0,5000,44.0,0,0.29,0.0,0,0.0,0.0,104,5,5 keran stabil,stable
2026-05-25T01:19:06.961,1108618,44,0.035,0.053,0.0,20.0,5000,44.0,0,0.29,0.0,0,0.0,0.0,104,5,5 keran stabil,stable
2026-05-25T01:19:07.464,1109104,42,0.034,0.05,0.0,20.0,5000,44.0,0,0.29,0.0,0,0.0,0.0,105,5,5 keran stabil,stable
2026-05-25T01:19:07.960,1109624,43,0.035,0.052,0.0,20.0,5000,44.0,0,0.29,0.0,0,0.0,0.0,105,5,5 keran stabil,stable
2026-05-25T01:19:08.459,1110110,46,0.037,0.055,0.0,20.0,5000,44.0,0,0.29,0.0,0,0.0,0.0,106,5,5 keran stabil,stable
2026-05-25T01:19:08.956,1110630,42,0.034,0.05,0.0,20.0,5000,44.0,0,0.29,0.0,0,0.0,0.0,106,5,5 keran stabil,stable
2026-05-25T01:19:09.457,1111116,44,0.035,0.053,0.0,20.0,5000,44.0,0,0.29,0.0,0,0.0,0.0,107,5,5 keran stabil,stable
2026-05-25T01:19:10.015,1111636,45,0.036,0.054,0.0,20.0,5000,44.0,0,0.29,0.0,0,0.0,0.0,107,5,5 keran stabil,stable
2026-05-25T01:19:10.574,1112226,44,0.035,0.053,0.0,20.0,5000,44.0,0,0.29,0.0,0,0.0,0.0,108,5,5 keran stabil,stable
2026-05-25T01:19:11.384,1113024,46,0.037,0.055,0.0,20.0,5000,44.0,0,0.29,0.0,0,0.0,0.0,109,5,5 keran stabil,stable
2026-05-25T01:19:11.884,1113544,45,0.036,0.054,0.0,20.0,5000,44.0,0,0.29,0.0,0,0.0,0.0,109,5,5 keran stabil,stable
2026-05-25T01:19:12.380,1114030,46,0.037,0.055,0.0,20.0,5000,44.0,0,0.29,0.0,0,0.0,0.0,110,5,5 keran stabil,stable
2026-05-25T01:19:12.879,1114550,44,0.035,0.053,0.0,20.0,5000,44.0,0,0.29,0.0,0,0.0,0.0,110,5,5 keran stabil,stable
2026-05-25T01:19:13.382,1115036,46,0.037,0.055,0.0,20.0,5000,44.0,0,0.29,0.0,0,0.0,0.0,111,5,5 keran stabil,stable
2026-05-25T01:19:13.879,1115556,43,0.035,0.052,0.0,20.0,5000,44.0,0,0.29,0.0,0,0.0,0.0,111,5,5 keran stabil,stable
2026-05-25T01:19:14.375,1116042,43,0.035,0.052,0.0,20.0,5000,44.0,0,0.29,0.0,0,0.0,0.0,112,5,5 keran stabil,stable
2026-05-25T01:19:14.873,1116562,42,0.034,0.05,0.0,20.0,5000,44.0,0,0.29,0.0,0,0.0,0.0,112,5,5 keran stabil,stable
2026-05-25T01:19:15.494,1117152,41,0.033,0.049,0.0,20.0,5000,44.0,0,0.29,0.0,0,0.0,0.0,113,5,5 keran stabil,stable
2026-05-25T01:19:15.993,1117672,45,0.036,0.054,0.0,20.0,5000,44.0,0,0.29,0.0,0,0.0,0.0,113,5,5 keran stabil,stable
2026-05-25T01:19:16.491,1118158,43,0.035,0.052,0.0,20.0,5000,44.0,0,0.29,0.0,0,0.0,0.0,114,5,5 keran stabil,stable
2026-05-25T01:19:16.991,1118678,43,0.035,0.052,0.0,20.0,5000,44.0,0,0.29,0.0,0,0.0,0.0,114,5,5 keran stabil,stable
2026-05-25T01:19:17.487,1119164,42,0.034,0.05,0.0,20.0,5000,44.0,0,0.29,0.0,0,0.0,0.0,115,5,5 keran stabil,stable
2026-05-25T01:19:17.986,1119684,43,0.035,0.052,0.0,20.0,5000,44.0,0,0.29,0.0,0,0.0,0.0,115,5,5 keran stabil,stable
2026-05-25T01:19:18.484,1120170,43,0.035,0.052,0.0,20.0,5000,44.0,0,0.29,0.0,0,0.0,0.0,116,5,5 keran stabil,stable
2026-05-25T01:19:18.984,1120690,43,0.035,0.052,0.0,20.0,5000,44.0,0,0.29,0.0,0,0.0,0.0,116,5,5 keran stabil,stable
2026-05-25T01:19:19.485,1121176,43,0.035,0.052,0.0,20.0,5000,44.0,0,0.29,0.0,0,0.0,0.0,117,5,5 keran stabil,stable
2026-05-25T01:19:19.980,1121696,43,0.035,0.052,0.0,20.0,5000,44.0,0,0.29,0.0,0,0.0,0.0,117,5,5 keran stabil,stable
2026-05-25T01:19:20.603,1122286,41,0.033,0.049,0.0,20.0,5000,44.0,0,0.29,0.0,0,0.0,0.0,118,5,5 keran stabil,stable
2026-05-25T01:19:21.101,1122806,42,0.034,0.05,0.0,20.0,5000,44.0,0,0.29,0.0,0,0.0,0.0,118,5,5 keran stabil,stable
2026-05-25T01:19:21.604,1123292,43,0.035,0.052,0.0,20.0,5000,44.0,0,0.29,0.0,0,0.0,0.0,119,5,5 keran stabil,stable
2026-05-25T01:19:22.097,1123812,43,0.035,0.052,0.0,20.0,5000,44.0,0,0.29,0.0,0,0.0,0.0,119,5,5 keran stabil,stable
2026-05-25T01:19:22.594,1124298,43,0.035,0.052,0.0,20.0,5000,44.0,0,0.29,0.0,0,0.0,0.0,120,5,5 keran stabil,stable
2026-05-25T01:19:23.092,1124818,43,0.035,0.052,0.0,20.0,5000,44.0,0,0.29,0.0,0,0.0,0.0,120,5,5 keran stabil,stable
2026-05-25T01:19:23.715,1125408,44,0.035,0.053,0.0,20.0,5000,44.0,0,0.29,0.0,0,0.0,0.0,121,5,5 keran stabil,stable
2026-05-25T01:19:24.401,1126102,42,0.034,0.05,0.0,20.0,5000,44.0,0,0.29,0.0,0,0.0,0.0,122,5,5 keran stabil,stable
2026-05-25T01:19:24.900,1126622,44,0.035,0.053,0.0,20.0,5000,44.0,0,0.29,0.0,0,0.0,0.0,122,5,5 keran stabil,stable
2026-05-25T01:19:25.399,1127108,42,0.034,0.05,0.0,20.0,5000,44.0,0,0.29,0.0,0,0.0,0.0,123,5,5 keran stabil,stable
2026-05-25T01:19:25.897,1127628,46,0.037,0.055,0.0,20.0,5000,44.0,0,0.29,0.0,0,0.0,0.0,123,5,5 keran stabil,stable
2026-05-25T01:19:26.396,1128114,43,0.035,0.052,0.0,20.0,5000,44.0,0,0.29,0.0,0,0.0,0.0,124,5,5 keran stabil,stable
2026-05-25T01:19:26.893,1128634,43,0.035,0.052,0.0,20.0,5000,44.0,0,0.29,0.0,0,0.0,0.0,124,5,5 keran stabil,stable
2026-05-25T01:19:27.390,1129120,45,0.036,0.054,0.0,20.0,5000,44.0,0,0.29,0.0,0,0.0,0.0,125,5,5 keran stabil,stable
2026-05-25T01:19:27.948,1129640,47,0.038,0.056,0.0,20.0,5000,44.0,0,0.29,0.0,0,0.0,0.0,125,5,5 keran stabil,stable
2026-05-25T01:19:28.510,1130230,43,0.035,0.052,0.0,20.0,5000,44.0,0,0.29,0.0,0,0.0,0.0,126,5,5 keran stabil,stable
2026-05-25T01:19:29.010,1130750,43,0.035,0.052,0.0,20.0,5000,44.0,0,0.29,0.0,0,0.0,0.0,126,5,5 keran stabil,stable
2026-05-25T01:19:29.508,1131236,44,0.035,0.053,0.0,20.0,5000,44.0,0,0.29,0.0,0,0.0,0.0,127,5,5 keran stabil,stable
2026-05-25T01:19:30.006,1131756,45,0.036,0.054,0.0,20.0,5000,44.0,0,0.29,0.0,0,0.0,0.0,127,5,5 keran stabil,stable
2026-05-25T01:19:30.506,1132242,42,0.034,0.05,0.0,20.0,5000,44.0,0,0.29,0.0,0,0.0,0.0,128,5,5 keran stabil,stable
2026-05-25T01:19:31.005,1132762,42,0.034,0.05,0.0,20.0,5000,44.0,0,0.29,0.0,0,0.0,0.0,128,5,5 keran stabil,stable
2026-05-25T01:19:31.505,1133248,44,0.035,0.053,0.0,20.0,5000,44.0,0,0.29,0.0,0,0.0,0.0,129,5,5 keran stabil,stable
2026-05-25T01:19:32.006,1133768,44,0.035,0.053,0.0,20.0,5000,44.0,0,0.29,0.0,0,0.0,0.0,129,5,5 keran stabil,stable
2026-05-25T01:19:32.504,1134254,45,0.036,0.054,0.0,20.0,5000,44.0,0,0.29,0.0,0,0.0,0.0,130,5,5 keran stabil,stable
2026-05-25T01:19:33.063,1134774,47,0.038,0.056,0.0,20.0,5000,44.0,0,0.29,0.0,0,0.0,0.0,130,5,5 keran stabil,stable
2026-05-25T01:19:33.626,1135364,42,0.034,0.05,0.0,20.0,5000,44.0,0,0.29,0.0,0,0.0,0.0,131,5,5 keran stabil,stable
2026-05-25T01:19:34.123,1135884,45,0.036,0.054,0.0,20.0,5000,44.0,0,0.29,0.0,0,0.0,0.0,131,5,5 keran stabil,stable
2026-05-25T01:19:34.621,1136370,43,0.035,0.052,0.0,20.0,5000,44.0,0,0.29,0.0,0,0.0,0.0,132,5,5 keran stabil,stable
2026-05-25T01:19:35.426,1137168,44,0.035,0.053,0.0,20.0,5000,44.0,0,0.29,0.0,0,0.0,0.0,133,5,5 keran stabil,stable
2026-05-25T01:19:35.925,1137688,44,0.035,0.053,0.0,20.0,5000,44.0,0,0.29,0.0,0,0.0,0.0,133,5,5 keran stabil,stable
2026-05-25T01:19:36.423,1138174,43,0.035,0.052,0.0,20.0,5000,44.0,0,0.29,0.0,0,0.0,0.0,134,5,5 keran stabil,stable
2026-05-25T01:19:36.924,1138694,43,0.035,0.052,0.0,20.0,5000,44.0,0,0.29,0.0,0,0.0,0.0,134,5,5 keran stabil,stable
2026-05-25T01:19:37.421,1139180,44,0.035,0.053,0.0,20.0,5000,44.0,0,0.29,0.0,0,0.0,0.0,135,5,5 keran stabil,stable
2026-05-25T01:19:37.921,1139700,44,0.035,0.053,0.0,20.0,5000,44.0,0,0.29,0.0,0,0.0,0.0,135,5,5 keran stabil,stable
2026-05-25T01:19:38.540,1140290,44,0.035,0.053,0.0,20.0,5000,44.0,0,0.29,0.0,0,0.0,0.0,136,5,5 keran stabil,stable
2026-05-25T01:19:39.038,1140810,44,0.035,0.053,0.0,20.0,5000,44.0,0,0.29,0.0,0,0.0,0.0,136,5,5 keran stabil,stable
2026-05-25T01:19:39.538,1141296,46,0.037,0.055,0.0,20.0,5000,44.0,0,0.29,0.0,0,0.0,0.0,137,5,5 keran stabil,stable
2026-05-25T01:19:40.035,1141816,46,0.037,0.055,0.0,20.0,5000,44.0,0,0.29,0.0,0,0.0,0.0,137,5,5 keran stabil,stable
2026-05-25T01:19:40.534,1142302,45,0.036,0.054,0.0,20.0,5000,44.0,0,0.29,0.0,0,0.0,0.0,138,5,5 keran stabil,stable
2026-05-25T01:19:41.032,1142822,45,0.036,0.054,0.0,20.0,5000,44.0,0,0.29,0.0,0,0.0,0.0,138,5,5 keran stabil,stable
2026-05-25T01:19:41.531,1143308,44,0.035,0.053,0.0,20.0,5000,44.0,0,0.29,0.0,0,0.0,0.0,139,5,5 keran stabil,stable
2026-05-25T01:19:42.028,1143828,44,0.035,0.053,0.0,20.0,5000,44.0,0,0.29,0.0,0,0.0,0.0,139,5,5 keran stabil,stable
2026-05-25T01:19:42.530,1144314,43,0.035,0.052,0.0,20.0,5000,44.0,0,0.29,0.0,0,0.0,0.0,140,5,5 keran stabil,stable
2026-05-25T01:19:43.029,1144834,42,0.034,0.05,0.0,20.0,5000,44.0,0,0.29,0.0,0,0.0,0.0,140,5,5 keran stabil,stable
2026-05-25T01:19:43.652,1145424,43,0.035,0.052,0.0,20.0,5000,44.0,0,0.29,0.0,0,0.0,0.0,141,5,5 keran stabil,stable
2026-05-25T01:19:44.461,1146222,46,0.037,0.055,0.0,20.0,5000,44.0,0,0.29,0.0,0,0.0,0.0,142,5,5 keran stabil,stable
2026-05-25T01:19:44.960,1146742,42,0.034,0.05,0.0,20.0,5000,44.0,0,0.29,0.0,0,0.0,0.0,142,5,5 keran stabil,stable
2026-05-25T01:19:45.457,1147228,44,0.035,0.053,0.0,20.0,5000,44.0,0,0.29,0.0,0,0.0,0.0,143,5,5 keran stabil,stable
2026-05-25T01:19:45.952,1147748,42,0.034,0.05,0.0,20.0,5000,44.0,0,0.29,0.0,0,0.0,0.0,143,5,5 keran stabil,stable
2026-05-25T01:19:46.573,1148338,45,0.036,0.054,0.0,20.0,5000,44.0,0,0.29,0.0,0,0.0,0.0,144,5,5 keran stabil,stable
2026-05-25T01:19:47.072,1148858,44,0.035,0.053,0.0,20.0,5000,44.0,0,0.29,0.0,0,0.0,0.0,144,5,5 keran stabil,stable
2026-05-25T01:19:47.570,1149344,45,0.036,0.054,0.0,20.0,5000,44.0,0,0.29,0.0,0,0.0,0.0,145,5,5 keran stabil,stable
2026-05-25T01:19:48.068,1149864,46,0.037,0.055,0.0,20.0,5000,44.0,0,0.29,0.0,0,0.0,0.0,145,5,5 keran stabil,stable
2026-05-25T01:19:48.568,1150350,45,0.036,0.054,0.0,20.0,5000,44.0,0,0.29,0.0,0,0.0,0.0,146,5,5 keran stabil,stable
2026-05-25T01:19:49.067,1150870,45,0.036,0.054,0.0,20.0,5000,44.0,0,0.29,0.0,0,0.0,0.0,146,5,5 keran stabil,stable
2026-05-25T01:19:49.566,1151356,42,0.034,0.05,0.0,20.0,5000,44.0,0,0.29,0.0,0,0.0,0.0,147,5,5 keran stabil,stable
2026-05-25T01:19:50.063,1151876,43,0.035,0.052,0.0,20.0,5000,44.0,0,0.29,0.0,0,0.0,0.0,147,5,5 keran stabil,stable
2026-05-25T01:19:50.562,1152362,42,0.034,0.05,0.0,20.0,5000,44.0,0,0.29,0.0,0,0.0,0.0,148,5,5 keran stabil,stable
2026-05-25T01:19:51.183,1152986,42,0.034,0.05,0.0,20.0,5000,44.0,0,0.29,0.0,0,0.0,0.0,148,5,5 keran stabil,stable
2026-05-25T01:19:51.681,1153472,43,0.035,0.052,0.0,20.0,5000,44.0,0,0.29,0.0,0,0.0,0.0,149,5,5 keran stabil,stable
2026-05-25T01:19:52.176,1153992,42,0.034,0.05,0.0,20.0,5000,44.0,0,0.29,0.0,0,0.0,0.0,149,5,5 keran stabil,stable
2026-05-25T01:19:52.674,1154478,47,0.038,0.056,0.0,20.0,5000,44.0,0,0.29,0.0,0,0.0,0.0,150,5,5 keran stabil,stable
2026-05-25T01:19:53.171,1154998,43,0.035,0.052,0.0,20.0,5000,44.0,0,0.29,0.0,0,0.0,0.0,150,5,5 keran stabil,stable
2026-05-25T01:19:53.669,1155484,45,0.036,0.054,0.0,20.0,5000,44.0,0,0.29,0.0,0,0.0,0.0,151,5,5 keran stabil,stable
2026-05-25T01:19:54.480,1156282,43,0.035,0.052,0.0,20.0,5000,44.0,0,0.29,0.0,0,0.0,0.0,152,5,5 keran stabil,stable
2026-05-25T01:19:55.103,1156906,45,0.036,0.054,0.0,20.0,5000,44.0,0,0.29,0.0,0,0.0,0.0,152,5,5 keran stabil,stable
2026-05-25T01:19:55.665,1157496,43,0.035,0.052,0.0,20.0,5000,44.0,0,0.29,0.0,0,0.0,0.0,153,5,5 keran stabil,stable
2026-05-25T01:19:56.163,1158016,44,0.035,0.053,0.0,20.0,5000,44.0,0,0.29,0.0,0,0.0,0.0,153,5,5 keran stabil,stable
2026-05-25T01:19:56.659,1158502,45,0.036,0.054,0.0,20.0,5000,44.0,0,0.29,0.0,0,0.0,0.0,154,5,5 keran stabil,stable
2026-05-25T01:19:57.221,1159022,44,0.035,0.053,0.0,20.0,5000,44.0,0,0.29,0.0,0,0.0,0.0,154,5,5 keran stabil,stable
2026-05-25T01:19:57.781,1159612,45,0.036,0.054,0.0,20.0,5000,44.0,0,0.29,0.0,0,0.0,0.0,155,5,5 keran stabil,stable
2026-05-25T01:19:58.466,1160306,44,0.035,0.053,0.0,20.0,5000,44.0,0,0.29,0.0,0,0.0,0.0,156,5,5 keran stabil,stable
2026-05-25T01:19:59.091,1160930,45,0.036,0.054,0.0,20.0,5000,44.0,0,0.29,0.0,0,0.0,0.0,156,5,5 keran stabil,stable
2026-05-25T01:19:59.589,1161416,42,0.034,0.05,0.0,20.0,5000,44.0,0,0.29,0.0,0,0.0,0.0,157,5,5 keran stabil,stable
2026-05-25T01:20:00.213,1162040,42,0.034,0.05,0.0,20.0,5000,44.0,0,0.29,0.0,0,0.0,0.0,157,5,5 keran stabil,stable
2026-05-25T01:20:00.758,1162630,45,0.036,0.054,0.0,20.0,5000,44.0,0,0.29,0.0,0,0.0,0.0,158,5,5 keran stabil,stable
2026-05-25T01:20:01.505,1163324,42,0.034,0.05,0.0,20.0,5000,44.0,0,0.29,0.0,0,0.0,0.0,159,5,5 keran stabil,stable
2026-05-25T01:20:02.001,1163844,44,0.035,0.053,0.0,20.0,5000,44.0,0,0.29,0.0,0,0.0,0.0,159,5,5 keran stabil,stable
2026-05-25T01:20:02.499,1164330,44,0.035,0.053,0.0,20.0,5000,44.0,0,0.29,0.0,0,0.0,0.0,160,5,5 keran stabil,stable
2026-05-25T01:20:03.122,1164954,46,0.037,0.055,0.0,20.0,5000,44.0,0,0.29,0.0,0,0.0,0.0,160,5,5 keran stabil,stable
2026-05-25T01:20:03.680,1165544,43,0.035,0.052,0.0,20.0,5000,44.0,0,0.29,0.0,0,0.0,0.0,161,5,5 keran stabil,stable
2026-05-25T01:20:04.178,1166064,45,0.036,0.054,0.0,20.0,5000,44.0,0,0.29,0.0,0,0.0,0.0,161,5,5 keran stabil,stable
2026-05-25T01:20:04.677,1166550,45,0.036,0.054,0.0,20.0,5000,44.0,0,0.29,0.0,0,0.0,0.0,162,5,5 keran stabil,stable
2026-05-25T01:20:05.238,1167070,44,0.035,0.053,0.0,20.0,5000,44.0,0,0.29,0.0,0,0.0,0.0,162,5,5 keran stabil,stable
2026-05-25T01:20:05.800,1167660,44,0.035,0.053,0.0,20.0,5000,44.0,0,0.29,0.0,0,0.0,0.0,163,5,5 keran stabil,stable
2026-05-25T01:20:06.482,1168354,47,0.038,0.056,0.0,20.0,5000,44.0,0,0.29,0.0,0,0.0,0.0,164,5,5 keran stabil,stable
2026-05-25T01:20:06.981,1168874,44,0.035,0.053,0.0,20.0,5000,44.0,0,0.29,0.0,0,0.0,0.0,164,5,5 keran stabil,stable
2026-05-25T01:20:07.602,1169464,43,0.035,0.052,0.0,20.0,5000,44.0,0,0.29,0.0,0,0.0,0.0,165,5,5 keran stabil,stable
2026-05-25T01:20:08.099,1169984,43,0.035,0.052,0.0,20.0,5000,44.0,0,0.29,0.0,0,0.0,0.0,165,5,5 keran stabil,stable
2026-05-25T01:20:08.596,1170470,46,0.037,0.055,0.0,20.0,5000,44.0,0,0.29,0.0,0,0.0,0.0,166,5,5 keran stabil,stable
2026-05-25T01:20:09.095,1170990,48,0.039,0.058,0.0,20.0,5000,44.0,0,0.29,0.0,0,0.0,0.0,166,5,5 keran stabil,stable
2026-05-25T01:20:09.594,1171476,47,0.038,0.056,0.0,20.0,5000,44.0,0,0.29,0.0,0,0.0,0.0,167,5,5 keran stabil,stable
2026-05-25T01:20:10.094,1171996,46,0.037,0.055,0.0,20.0,5000,44.0,0,0.29,0.0,0,0.0,0.0,167,5,5 keran stabil,stable
2026-05-25T01:20:10.591,1172482,49,0.039,0.059,0.0,20.0,5000,44.0,0,0.29,0.0,0,0.0,0.0,168,5,5 keran stabil,stable
2026-05-25T01:20:11.214,1173106,48,0.039,0.058,0.0,20.0,5000,44.0,0,0.29,0.0,0,0.0,0.0,168,5,5 keran stabil,stable
2026-05-25T01:20:11.714,1173592,47,0.038,0.056,0.0,20.0,5000,44.0,0,0.29,0.0,0,0.0,0.0,169,5,5 keran stabil,stable
2026-05-25T01:20:12.210,1174112,46,0.037,0.055,0.0,20.0,5000,44.0,0,0.29,0.0,0,0.0,0.0,169,5,5 keran stabil,stable
2026-05-25T01:20:12.708,1174598,45,0.036,0.054,0.0,20.0,5000,44.0,0,0.29,0.0,0,0.0,0.0,170,5,5 keran stabil,stable
2026-05-25T01:20:13.205,1175118,49,0.039,0.059,0.0,20.0,5000,44.0,0,0.29,0.0,0,0.0,0.0,170,5,5 keran stabil,stable
2026-05-25T01:20:13.704,1175604,48,0.039,0.058,0.0,20.0,5000,44.0,0,0.29,0.0,0,0.0,0.0,171,5,5 keran stabil,stable
2026-05-25T01:20:14.205,1176124,46,0.037,0.055,0.0,20.0,5000,44.0,0,0.29,0.0,0,0.0,0.0,171,5,5 keran stabil,stable
2026-05-25T01:20:14.700,1176610,45,0.036,0.054,0.0,20.0,5000,44.0,0,0.29,0.0,0,0.0,0.0,172,5,5 keran stabil,stable
2026-05-25T01:20:15.260,1177130,45,0.036,0.054,0.0,20.0,5000,44.0,0,0.29,0.0,0,0.0,0.0,172,5,5 keran stabil,stable
2026-05-25T01:20:15.820,1177720,47,0.038,0.056,0.0,20.0,5000,44.0,0,0.29,0.0,0,0.0,0.0,173,5,5 keran stabil,stable
2026-05-25T01:20:16.504,1178414,46,0.037,0.055,0.0,20.0,5000,44.0,0,0.29,0.0,0,0.0,0.0,174,5,5 keran stabil,stable
2026-05-25T01:20:17.001,1178934,46,0.037,0.055,0.0,20.0,5000,44.0,0,0.29,0.0,0,0.0,0.0,174,5,5 keran stabil,stable
2026-05-25T01:20:17.500,1179420,45,0.036,0.054,0.0,20.0,5000,44.0,0,0.29,0.0,0,0.0,0.0,175,5,5 keran stabil,stable
2026-05-25T01:20:18.060,1179940,47,0.038,0.056,0.0,20.0,5000,44.0,0,0.29,0.0,0,0.0,0.0,175,5,5 keran stabil,stable
2026-05-25T01:20:18.619,1180530,45,0.036,0.054,0.0,20.0,5000,44.0,0,0.29,0.0,0,0.0,0.0,176,5,5 keran stabil,stable
2026-05-25T01:20:19.116,1181050,46,0.037,0.055,0.0,20.0,5000,44.0,0,0.29,0.0,0,0.0,0.0,176,5,5 keran stabil,stable
2026-05-25T01:20:19.615,1181536,49,0.039,0.059,0.0,20.0,5000,44.0,0,0.29,0.0,0,0.0,0.0,177,5,5 keran stabil,stable
2026-05-25T01:20:20.110,1182056,46,0.037,0.055,0.0,20.0,5000,44.0,0,0.29,0.0,0,0.0,0.0,177,5,5 keran stabil,stable
2026-05-25T01:20:20.610,1182542,49,0.039,0.059,0.0,20.0,5000,44.0,0,0.29,0.0,0,0.0,0.0,178,5,5 keran stabil,stable
2026-05-25T01:20:21.108,1183062,48,0.039,0.058,0.0,20.0,5000,44.0,0,0.29,0.0,0,0.0,0.0,178,5,5 keran stabil,stable
2026-05-25T01:20:21.607,1183548,47,0.038,0.056,0.0,20.0,5000,44.0,0,0.29,0.0,0,0.0,0.0,179,5,5 keran stabil,stable
2026-05-25T01:20:22.168,1184068,50,0.04,0.06,0.0,20.0,5000,44.0,0,0.29,0.0,0,0.0,0.0,179,5,5 keran stabil,stable
2026-05-25T01:20:22.728,1184658,47,0.038,0.056,0.0,20.0,5000,44.0,0,0.29,0.0,0,0.0,0.0,180,5,5 keran stabil,stable
2026-05-25T01:20:23.230,1185178,45,0.036,0.054,0.0,20.0,5000,44.0,0,0.29,0.0,0,0.0,0.0,180,5,5 keran stabil,stable
2026-05-25T01:20:23.729,1185664,45,0.036,0.054,0.0,20.0,5000,44.0,0,0.29,0.0,0,0.0,0.0,181,5,5 keran stabil,stable
2026-05-25T01:20:24.227,1186184,46,0.037,0.055,0.0,20.0,5000,44.0,0,0.29,0.0,0,0.0,0.0,181,5,5 keran stabil,stable
2026-05-25T01:20:24.723,1186670,46,0.037,0.055,0.0,20.0,5000,44.0,0,0.29,0.0,0,0.0,0.0,182,5,5 keran stabil,stable
2026-05-25T01:20:25.220,1187190,46,0.037,0.055,0.0,20.0,5000,44.0,0,0.29,0.0,0,0.0,0.0,182,5,5 keran stabil,stable
2026-05-25T01:20:25.719,1187676,46,0.037,0.055,0.0,20.0,5000,44.0,0,0.29,0.0,0,0.0,0.0,183,5,5 keran stabil,stable
2026-05-25T01:20:26.279,1188196,47,0.038,0.056,0.0,20.0,5000,44.0,0,0.29,0.0,0,0.0,0.0,183,5,5 keran stabil,stable
2026-05-25T01:20:26.836,1188786,49,0.039,0.059,0.0,20.0,5000,44.0,0,0.29,0.0,0,0.0,0.0,184,5,5 keran stabil,stable
2026-05-25T01:20:27.520,1189480,44,0.035,0.053,0.0,20.0,5000,44.0,0,0.29,0.0,0,0.0,0.0,185,5,5 keran stabil,stable
2026-05-25T01:20:28.080,1190000,47,0.038,0.056,0.0,20.0,5000,44.0,0,0.29,0.0,0,0.0,0.0,185,5,5 keran stabil,stable
2026-05-25T01:20:28.641,1190590,49,0.039,0.059,0.0,20.0,5000,44.0,0,0.29,0.0,0,0.0,0.0,186,5,5 keran stabil,stable
2026-05-25T01:20:29.140,1191110,47,0.038,0.056,0.0,20.0,5000,44.0,0,0.29,0.0,0,0.0,0.0,186,5,5 keran stabil,stable
2026-05-25T01:20:29.638,1191596,46,0.037,0.055,0.0,20.0,5000,44.0,0,0.29,0.0,0,0.0,0.0,187,5,5 keran stabil,stable
2026-05-25T01:20:30.261,1192220,48,0.039,0.058,0.0,20.0,5000,44.0,0,0.29,0.0,0,0.0,0.0,187,5,5 keran stabil,stable
2026-05-25T01:20:30.759,1192706,44,0.035,0.053,0.0,20.0,5000,44.0,0,0.29,0.0,0,0.0,0.0,188,5,5 keran stabil,stable
2026-05-25T01:20:31.256,1193226,46,0.037,0.055,0.0,20.0,5000,44.0,0,0.29,0.0,0,0.0,0.0,188,5,5 keran stabil,stable
2026-05-25T01:20:31.753,1193712,45,0.036,0.054,0.0,20.0,5000,44.0,0,0.29,0.0,0,0.0,0.0,189,5,5 keran stabil,stable
2026-05-25T01:20:32.251,1194232,46,0.037,0.055,0.0,20.0,5000,44.0,0,0.29,0.0,0,0.0,0.0,189,5,5 keran stabil,stable
2026-05-25T01:20:32.749,1194718,47,0.038,0.056,0.0,20.0,5000,44.0,0,0.29,0.0,0,0.0,0.0,190,5,5 keran stabil,stable
2026-05-25T01:20:33.247,1195238,47,0.038,0.056,0.0,20.0,5000,44.0,0,0.29,0.0,0,0.0,0.0,190,5,5 keran stabil,stable
2026-05-25T01:20:33.868,1195828,48,0.039,0.058,0.0,20.0,5000,44.0,0,0.29,0.0,0,0.0,0.0,191,5,5 keran stabil,stable
2026-05-25T01:20:34.553,1196522,45,0.036,0.054,0.0,20.0,5000,44.0,0,0.29,0.0,0,0.0,0.0,192,5,5 keran stabil,stable
2026-05-25T01:20:35.053,1197042,58,0.047,0.07,0.0,20.0,5000,44.0,0,0.29,0.0,0,0.0,0.0,192,5,5 keran stabil,stable
2026-05-25T01:20:35.550,1197528,490,0.395,0.588,0.264,20.0,5000,44.0,0,0.29,0.0,0,0.0,0.0,193,5,5 keran stabil,stable
2026-05-25T01:20:36.047,1198048,484,0.39,0.581,0.243,20.0,5000,44.0,0,0.29,0.0,0,0.0,0.0,193,5,5 keran stabil,stable
2026-05-25T01:20:36.608,1198574,509,0.41,0.611,0.333,20.0,5000,44.0,1,0.0,0.0,0,0.0,0.0,193,5,5 keran stabil,stable
2026-05-25T01:20:37.228,1199198,490,0.395,0.588,0.264,20.0,5000,44.0,1,0.0,0.0,0,0.0,0.0,193,5,5 keran stabil,stable
2026-05-25T01:20:37.788,1199754,490,0.395,0.588,0.264,20.0,5000,44.0,1,0.5,0.026,0,0.0,0.0,193,5,5 keran stabil,stable
2026-05-25T01:20:38.288,1200274,490,0.395,0.588,0.264,20.0,5000,44.0,1,0.5,0.026,0,0.0,0.0,193,5,5 keran stabil,stable
2026-05-25T01:20:38.786,1200791,493,0.397,0.592,0.275,20.0,5000,44.0,1,0.38,0.0,0,0.0,0.0,193,5,5 keran stabil,stable
2026-05-25T01:20:39.345,1201357,490,0.395,0.588,0.264,20.0,5000,44.0,1,0.18,0.0,0,0.0,0.0,193,5,5 keran stabil,stable
2026-05-25T01:20:39.908,1201877,486,0.392,0.583,0.25,20.0,5000,44.0,1,0.18,0.0,0,0.0,0.0,193,5,5 keran stabil,stable
2026-05-25T01:20:40.407,1202395,489,0.394,0.587,0.261,20.0,5000,44.0,1,1.17,0.0,0,0.0,0.0,193,5,5 keran stabil,stable
2026-05-25T01:20:40.906,1202915,490,0.395,0.588,0.264,20.0,5000,44.0,1,1.17,0.0,0,0.0,0.0,193,5,5 keran stabil,stable
2026-05-25T01:20:41.466,1203471,495,0.399,0.594,0.282,20.0,5000,44.0,1,2.91,0.0,0,0.0,0.0,193,5,5 keran stabil,stable
2026-05-25T01:20:42.088,1204095,487,0.392,0.585,0.254,20.0,5000,44.0,1,2.91,0.0,0,0.0,0.0,193,5,5 keran stabil,stable
2026-05-25T01:20:42.586,1204612,491,0.396,0.589,0.268,20.0,5000,44.0,1,2.98,0.0,0,0.0,0.0,193,5,5 keran stabil,stable
2026-05-25T01:20:43.143,1205132,491,0.396,0.589,0.268,20.0,5000,44.0,1,2.98,0.0,0,0.0,0.0,193,5,5 keran stabil,stable
2026-05-25T01:20:43.705,1205699,488,0.393,0.586,0.257,20.0,5000,44.0,1,4.63,0.0,0,0.0,0.0,193,5,5 keran stabil,stable
2026-05-25T01:20:44.204,1206219,490,0.395,0.588,0.264,20.0,5000,44.0,1,4.63,0.0,0,0.0,0.0,193,5,5 keran stabil,stable
2026-05-25T01:20:44.701,1206736,488,0.393,0.586,0.257,20.0,5000,44.0,1,7.18,0.0,0,0.0,0.0,193,5,5 keran stabil,stable
2026-05-25T01:20:45.262,1207256,488,0.393,0.586,0.257,20.0,5000,44.0,1,7.18,0.0,0,0.0,0.0,193,5,5 keran stabil,stable
2026-05-25T01:20:45.826,1207823,509,0.41,0.611,0.333,20.0,5000,44.0,1,8.89,0.01,0,0.0,0.0,193,5,5 keran stabil,stable
2026-05-25T01:20:46.449,1208444,488,0.393,0.586,0.257,20.0,5000,44.0,1,10.16,0.025,0,0.0,0.0,193,5,5 keran stabil,stable
2026-05-25T01:20:47.070,1209068,490,0.395,0.588,0.264,20.0,5000,44.0,1,10.16,0.025,0,0.0,0.0,193,5,5 keran stabil,stable
2026-05-25T01:20:47.633,1209635,491,0.396,0.589,0.268,20.0,5000,44.0,1,10.32,0.027,0,0.0,0.0,193,5,5 keran stabil,stable
2026-05-25T01:20:48.129,1210155,489,0.394,0.587,0.261,20.0,5000,44.0,1,10.32,0.027,0,0.0,0.0,193,5,5 keran stabil,stable
2026-05-25T01:20:48.629,1210672,492,0.396,0.591,0.272,20.0,5000,44.0,1,10.48,0.03,0,0.0,0.0,193,5,5 keran stabil,stable
2026-05-25T01:20:49.140,1211192,489,0.394,0.587,0.261,20.0,5000,44.0,1,10.48,0.03,0,0.0,0.0,193,5,5 keran stabil,stable
2026-05-25T01:20:49.714,1211759,488,0.393,0.586,0.257,20.0,5000,44.0,1,10.7,0.033,0,0.0,0.0,193,5,5 keran stabil,stable
2026-05-25T01:20:50.223,1212279,494,0.398,0.593,0.279,20.0,5000,44.0,1,10.7,0.033,0,0.0,0.0,193,5,5 keran stabil,stable
2026-05-25T01:20:50.737,1212800,490,0.395,0.588,0.264,20.0,5000,44.0,1,10.71,0.033,0,0.0,0.0,193,5,5 keran stabil,stable
2026-05-25T01:20:51.302,1213320,493,0.397,0.592,0.275,20.0,5000,44.0,1,10.71,0.033,0,0.0,0.0,193,5,5 keran stabil,stable
2026-05-25T01:20:51.861,1213872,491,0.396,0.589,0.268,20.0,5000,44.0,1,10.71,0.033,0,0.0,0.0,193,5,5 keran stabil,stable
2026-05-25T01:20:52.360,1214392,490,0.395,0.588,0.264,20.0,5000,44.0,1,10.71,0.033,0,0.0,0.0,193,5,5 keran stabil,stable
2026-05-25T01:20:52.889,1214909,491,0.396,0.589,0.268,20.0,5000,44.0,1,10.71,0.033,0,0.0,0.0,193,5,5 keran stabil,stable
2026-05-25T01:20:53.450,1215475,490,0.395,0.588,0.264,20.0,5000,44.0,1,10.71,0.033,0,0.0,0.0,193,5,5 keran stabil,stable
2026-05-25T01:20:54.055,1216100,490,0.395,0.588,0.264,20.0,5000,44.0,1,10.71,0.033,0,0.0,0.0,193,5,5 keran stabil,stable
2026-05-25T01:20:54.556,1216617,508,0.409,0.61,0.329,20.0,5000,44.0,1,10.71,0.033,0,0.0,0.0,193,5,5 keran stabil,stable
2026-05-25T01:20:55.113,1217137,493,0.397,0.592,0.275,20.0,5000,44.0,1,10.71,0.033,0,0.0,0.0,193,5,5 keran stabil,stable
2026-05-25T01:20:55.672,1217704,486,0.392,0.583,0.25,20.0,5000,44.0,1,10.71,0.033,0,0.0,0.0,193,5,5 keran stabil,stable
2026-05-25T01:20:56.172,1218224,484,0.39,0.581,0.243,20.0,5000,44.0,1,10.71,0.033,0,0.0,0.0,193,5,5 keran stabil,stable
2026-05-25T01:20:56.672,1218741,483,0.389,0.58,0.239,20.0,5000,44.0,1,10.71,0.033,0,0.0,0.0,193,5,5 keran stabil,stable
2026-05-25T01:20:57.173,1219261,481,0.388,0.577,0.232,20.0,5000,44.0,1,10.71,0.033,0,0.0,0.0,193,5,5 keran stabil,stable
2026-05-25T01:20:57.671,1219724,477,0.384,0.573,0.218,20.0,5000,44.0,1,11.19,0.041,0,0.0,0.0,193,5,5 keran stabil,stable
2026-05-25T01:20:58.169,1220244,480,0.387,0.576,0.228,20.0,5000,44.0,1,11.19,0.041,0,0.0,0.0,193,5,5 keran stabil,stable
2026-05-25T01:20:58.791,1220865,481,0.388,0.577,0.232,20.0,5000,44.0,1,12.09,0.056,0,0.0,0.0,193,5,5 keran stabil,stable
2026-05-25T01:20:59.290,1221385,471,0.38,0.565,0.196,20.0,5000,44.0,1,12.09,0.056,0,0.0,0.0,193,5,5 keran stabil,stable
2026-05-25T01:20:59.786,1221847,480,0.387,0.576,0.228,20.0,5000,44.0,1,12.4,0.061,0,0.0,0.0,193,5,5 keran stabil,stable
2026-05-25T01:21:00.286,1222367,485,0.391,0.582,0.246,20.0,5000,44.0,1,12.4,0.061,0,0.0,0.0,193,5,5 keran stabil,stable
2026-05-25T01:21:00.782,1222885,488,0.393,0.586,0.257,20.0,5000,44.0,1,12.95,0.067,0,0.0,0.0,193,5,5 keran stabil,stable
2026-05-25T01:21:01.339,1223405,482,0.388,0.579,0.236,20.0,5000,44.0,1,12.95,0.067,0,0.0,0.0,193,5,5 keran stabil,stable
2026-05-25T01:21:01.902,1223961,477,0.384,0.573,0.218,20.0,5000,44.0,1,15.18,0.068,0,0.0,0.0,193,5,5 keran stabil,stable
2026-05-25T01:21:02.400,1224481,481,0.388,0.577,0.232,20.0,5000,44.0,1,15.18,0.068,0,0.0,0.0,193,5,5 keran stabil,stable
2026-05-25T01:21:02.898,1224998,481,0.388,0.577,0.232,20.0,5000,44.0,1,17.82,0.07,0,0.0,0.0,193,5,5 keran stabil,stable
2026-05-25T01:21:03.460,1225569,455,0.367,0.546,0.138,20.0,5000,44.0,1,19.82,0.073,1,0.691,0.0,193,5,5 keran stabil,stable
2026-05-25T01:21:04.019,1226094,473,0.381,0.568,0.203,20.0,5000,44.0,1,19.82,0.073,1,0.691,0.0,193,5,5 keran stabil,stable
2026-05-25T01:21:04.576,1226674,484,0.39,0.581,0.243,20.0,5000,44.0,1,20.55,0.074,1,0.657,0.0,193,5,5 keran stabil,stable
2026-05-25T01:21:05.137,1227199,480,0.387,0.576,0.228,20.0,5000,44.0,1,20.55,0.074,1,0.657,0.0,193,5,5 keran stabil,stable
2026-05-25T01:21:05.758,1227827,480,0.387,0.576,0.228,20.0,5000,44.0,1,20.48,0.074,1,0.659,0.0,193,5,5 keran stabil,stable
2026-05-25T01:21:06.260,1228352,480,0.387,0.576,0.228,20.0,5000,44.0,1,20.48,0.074,1,0.659,0.0,193,5,5 keran stabil,stable
2026-05-25T01:21:06.819,1228904,486,0.392,0.583,0.25,20.0,5000,44.0,1,20.51,0.074,1,0.658,0.0,193,5,5 keran stabil,stable
2026-05-25T01:21:07.315,1229429,485,0.391,0.582,0.246,20.0,5000,44.0,1,20.51,0.074,1,0.658,0.0,193,5,5 keran stabil,stable
2026-05-25T01:21:07.879,1229952,481,0.388,0.577,0.232,20.0,5000,44.0,1,20.48,0.074,1,0.659,0.0,193,5,5 keran stabil,stable
2026-05-25T01:21:08.375,1230477,482,0.388,0.579,0.236,20.0,5000,44.0,1,20.48,0.074,1,0.659,0.0,193,5,5 keran stabil,stable
2026-05-25T01:21:08.934,1231030,485,0.391,0.582,0.246,20.0,5000,44.0,1,20.44,0.074,1,0.661,0.0,193,5,5 keran stabil,stable
2026-05-25T01:21:09.545,1231658,484,0.39,0.581,0.243,20.0,5000,44.0,1,20.5,0.074,1,0.659,0.0,193,5,5 keran stabil,stable
2026-05-25T01:21:10.043,1232183,484,0.39,0.581,0.243,20.0,5000,44.0,1,20.5,0.074,1,0.659,0.0,193,5,5 keran stabil,stable
2026-05-25T01:21:10.603,1232745,480,0.387,0.576,0.228,20.0,5000,44.0,1,20.5,0.074,1,0.659,0.0,193,5,5 keran stabil,stable
2026-05-25T01:21:11.163,1233270,486,0.392,0.583,0.25,20.0,5000,44.0,1,20.5,0.074,1,0.659,0.0,193,5,5 keran stabil,stable
2026-05-25T01:21:11.725,1233845,494,0.398,0.593,0.279,20.0,5000,44.0,1,20.52,0.074,1,0.658,0.0,193,5,5 keran stabil,stable
2026-05-25T01:21:12.223,1234370,485,0.391,0.582,0.246,20.0,5000,44.0,1,20.52,0.074,1,0.658,0.0,193,5,5 keran stabil,stable
2026-05-25T01:21:12.784,1234893,483,0.389,0.58,0.239,20.0,5000,44.0,1,20.41,0.074,1,0.662,0.0,193,5,5 keran stabil,stable
2026-05-25T01:21:13.283,1235418,485,0.391,0.582,0.246,20.0,5000,44.0,1,20.41,0.074,1,0.662,0.0,193,5,5 keran stabil,stable
2026-05-25T01:21:13.845,1235980,482,0.388,0.579,0.236,20.0,5000,44.0,1,20.13,0.073,1,0.68,0.0,193,5,5 keran stabil,stable
2026-05-25T01:21:14.406,1236505,484,0.39,0.581,0.243,20.0,5000,44.0,1,20.13,0.073,1,0.68,0.0,193,5,5 keran stabil,stable
2026-05-25T01:21:14.963,1237080,486,0.392,0.583,0.25,20.0,5000,44.0,1,20.13,0.073,1,0.68,0.0,193,5,5 keran stabil,stable
2026-05-25T01:21:15.462,1237605,483,0.389,0.58,0.239,20.0,5000,44.0,1,20.13,0.073,1,0.68,0.0,193,5,5 keran stabil,stable
2026-05-25T01:21:16.022,1238128,485,0.391,0.582,0.246,20.0,5000,44.0,1,20.34,0.074,1,0.664,0.0,193,5,5 keran stabil,stable
2026-05-25T01:21:16.581,1238690,485,0.391,0.582,0.246,20.0,5000,44.0,1,20.28,0.073,1,0.675,0.0,193,5,5 keran stabil,stable
2026-05-25T01:21:17.078,1239215,482,0.388,0.579,0.236,20.0,5000,44.0,1,20.28,0.073,1,0.675,0.0,193,5,5 keran stabil,stable
2026-05-25T01:21:17.576,1239685,479,0.386,0.575,0.225,20.0,5000,44.0,1,20.27,0.074,1,0.666,0.0,193,5,5 keran stabil,stable
2026-05-25T01:21:18.197,1240314,480,0.387,0.576,0.228,20.0,5000,44.0,1,20.27,0.074,1,0.666,0.0,193,5,5 keran stabil,stable
2026-05-25T01:21:18.694,1240838,490,0.395,0.588,0.264,20.0,5000,44.0,1,20.28,0.074,1,0.666,0.0,193,5,5 keran stabil,stable
2026-05-25T01:21:19.191,1241363,480,0.387,0.576,0.228,20.0,5000,44.0,1,20.28,0.074,1,0.666,0.0,193,5,5 keran stabil,stable
2026-05-25T01:21:19.688,1241820,486,0.392,0.583,0.25,20.0,5000,44.0,1,20.29,0.074,1,0.666,0.0,193,5,5 keran stabil,stable
2026-05-25T01:21:20.186,1242345,478,0.385,0.574,0.221,20.0,5000,44.0,1,20.29,0.074,1,0.666,0.0,193,5,5 keran stabil,stable
2026-05-25T01:21:20.684,1242815,485,0.391,0.582,0.246,20.0,5000,44.0,1,20.27,0.074,1,0.666,0.0,193,5,5 keran stabil,stable
2026-05-25T01:21:21.183,1243340,482,0.388,0.579,0.236,20.0,5000,44.0,1,20.27,0.074,1,0.666,0.0,193,5,5 keran stabil,stable
2026-05-25T01:21:21.804,1243968,485,0.391,0.582,0.246,20.0,5000,44.0,1,20.25,0.074,1,0.667,0.0,193,5,5 keran stabil,stable
2026-05-25T01:21:22.367,1244493,484,0.39,0.581,0.243,20.0,5000,44.0,1,20.25,0.074,1,0.667,0.0,193,5,5 keran stabil,stable
2026-05-25T01:21:22.867,1245055,484,0.39,0.581,0.243,20.0,5000,44.0,1,20.26,0.073,1,0.676,0.0,193,5,5 keran stabil,stable
2026-05-25T01:21:23.426,1245580,480,0.387,0.576,0.228,20.0,5000,44.0,1,20.26,0.073,1,0.676,0.0,193,5,5 keran stabil,stable
2026-05-25T01:21:23.985,1246155,486,0.392,0.583,0.25,20.0,5000,44.0,1,20.29,0.073,1,0.675,0.0,193,5,5 keran stabil,stable
2026-05-25T01:21:24.486,1246680,485,0.391,0.582,0.246,20.0,5000,44.0,1,20.29,0.073,1,0.675,0.0,193,5,5 keran stabil,stable
2026-05-25T01:21:25.048,1247203,484,0.39,0.581,0.243,20.0,5000,44.0,1,20.3,0.074,1,0.665,0.0,193,5,5 keran stabil,stable
2026-05-25T01:21:25.606,1247764,482,0.388,0.579,0.236,20.0,5000,44.0,1,20.3,0.073,1,0.674,0.0,193,5,5 keran stabil,stable
2026-05-25T01:21:26.229,1248394,483,0.389,0.58,0.239,20.0,5000,44.0,1,20.3,0.073,1,0.674,0.0,193,5,5 keran stabil,stable
2026-05-25T01:21:26.791,1248968,480,0.387,0.576,0.228,20.0,5000,44.0,1,20.31,0.074,1,0.665,0.0,193,5,5 keran stabil,stable
2026-05-25T01:21:27.287,1249493,482,0.388,0.579,0.236,20.0,5000,44.0,1,20.31,0.074,1,0.665,0.0,193,5,5 keran stabil,stable
2026-05-25T01:21:27.847,1250017,481,0.388,0.577,0.232,20.0,5000,44.0,1,20.28,0.074,1,0.666,0.0,193,5,5 keran stabil,stable
2026-05-25T01:21:28.345,1250542,481,0.388,0.577,0.232,20.0,5000,44.0,1,20.28,0.074,1,0.666,0.0,193,5,5 keran stabil,stable
2026-05-25T01:21:28.845,1250999,483,0.389,0.58,0.239,20.0,5000,44.0,1,20.31,0.074,1,0.665,0.0,193,5,5 keran stabil,stable
2026-05-25T01:21:29.343,1251524,482,0.388,0.579,0.236,20.0,5000,44.0,1,20.31,0.074,1,0.665,0.0,193,5,5 keran stabil,stable
2026-05-25T01:21:29.901,1252099,484,0.39,0.581,0.243,20.0,5000,44.0,1,20.3,0.074,1,0.665,0.0,193,5,5 keran stabil,stable
2026-05-25T01:21:30.464,1252624,483,0.389,0.58,0.239,20.0,5000,44.0,1,20.3,0.074,1,0.665,0.0,193,5,5 keran stabil,stable
2026-05-25T01:21:30.961,1253147,481,0.388,0.577,0.232,20.0,5000,44.0,1,20.29,0.074,1,0.666,0.0,193,5,5 keran stabil,stable
2026-05-25T01:21:31.458,1253672,481,0.388,0.577,0.232,20.0,5000,44.0,1,20.29,0.074,1,0.666,0.0,193,5,5 keran stabil,stable
2026-05-25T01:21:31.957,1254129,485,0.391,0.582,0.246,20.0,5000,44.0,1,20.29,0.074,1,0.666,0.0,193,5,5 keran stabil,stable
2026-05-25T01:21:32.459,1254654,483,0.389,0.58,0.239,20.0,5000,44.0,1,20.29,0.074,1,0.666,0.0,193,5,5 keran stabil,stable
2026-05-25T01:21:33.020,1255229,485,0.391,0.582,0.246,20.0,5000,44.0,1,20.29,0.074,1,0.666,0.0,193,5,5 keran stabil,stable
2026-05-25T01:21:33.580,1255754,485,0.391,0.582,0.246,20.0,5000,44.0,1,20.29,0.074,1,0.666,0.0,193,5,5 keran stabil,stable
2026-05-25T01:21:34.081,1256277,487,0.392,0.585,0.254,20.0,5000,44.0,1,20.29,0.074,1,0.666,0.0,193,5,5 keran stabil,stable
2026-05-25T01:21:34.644,1256839,484,0.39,0.581,0.243,20.0,5000,44.0,1,20.29,0.074,1,0.666,0.0,193,5,5 keran stabil,stable
2026-05-25T01:21:35.144,1257364,485,0.391,0.582,0.246,20.0,5000,44.0,1,20.29,0.074,1,0.666,0.0,193,5,5 keran stabil,stable
2026-05-25T01:21:35.648,1257833,484,0.39,0.581,0.243,20.0,5000,44.0,1,20.29,0.074,1,0.666,0.0,193,5,5 keran stabil,stable
2026-05-25T01:21:36.144,1258358,483,0.389,0.58,0.239,20.0,5000,44.0,1,20.29,0.074,1,0.666,0.0,193,5,5 keran stabil,stable
2026-05-25T01:21:36.643,1258881,483,0.389,0.58,0.239,20.0,5000,44.0,1,20.27,0.074,1,0.666,0.0,193,5,5 keran stabil,stable
2026-05-25T01:21:37.203,1259406,485,0.391,0.582,0.246,20.0,5000,44.0,1,20.27,0.074,1,0.666,0.0,193,5,5 keran stabil,stable
2026-05-25T01:21:37.745,1259958,485,0.391,0.582,0.246,20.0,5000,44.0,1,20.26,0.074,1,0.667,0.0,193,5,5 keran stabil,stable
2026-05-25T01:21:38.367,1260588,485,0.391,0.582,0.246,20.0,5000,44.0,1,20.26,0.074,1,0.667,0.0,193,5,5 keran stabil,stable
2026-05-25T01:21:38.865,1261111,485,0.391,0.582,0.246,20.0,5000,44.0,1,20.28,0.074,1,0.666,0.0,193,5,5 keran stabil,stable
2026-05-25T01:21:39.423,1261636,422,0.34,0.507,0.02,20.0,5000,44.0,1,20.28,0.074,1,0.666,0.0,193,5,5 keran stabil,stable
2026-05-25T01:21:39.983,1262188,480,0.387,0.576,0.228,20.0,5000,44.0,1,20.28,0.074,1,0.666,0.0,193,5,5 keran stabil,stable
2026-05-25T01:21:40.481,1262713,485,0.391,0.582,0.246,20.0,5000,44.0,1,20.28,0.074,1,0.666,0.0,193,5,5 keran stabil,stable
2026-05-25T01:21:41.103,1263341,483,0.389,0.58,0.239,20.0,5000,44.0,1,20.27,0.074,1,0.666,0.0,193,5,5 keran stabil,stable
2026-05-25T01:21:41.665,1263903,482,0.388,0.579,0.236,20.0,5000,44.0,1,20.27,0.074,1,0.666,0.0,193,5,5 keran stabil,stable
2026-05-25T01:21:42.163,1264428,490,0.395,0.588,0.264,20.0,5000,44.0,1,20.27,0.074,1,0.666,0.0,193,5,5 keran stabil,stable
2026-05-25T01:21:42.661,1264898,484,0.39,0.581,0.243,20.0,5000,44.0,1,20.29,0.074,1,0.666,0.0,193,5,5 keran stabil,stable
2026-05-25T01:21:43.160,1265423,480,0.387,0.576,0.228,20.0,5000,44.0,1,20.29,0.074,1,0.666,0.0,193,5,5 keran stabil,stable
2026-05-25T01:21:43.717,1265946,484,0.39,0.581,0.243,20.0,5000,44.0,1,20.28,0.074,1,0.666,0.0,193,5,5 keran stabil,stable
2026-05-25T01:21:44.215,1266471,481,0.388,0.577,0.232,20.0,5000,44.0,1,20.28,0.074,1,0.666,0.0,193,5,5 keran stabil,stable
2026-05-25T01:21:44.776,1267033,480,0.387,0.576,0.228,20.0,5000,44.0,1,20.15,0.074,1,0.67,0.0,193,5,5 keran stabil,stable
2026-05-25T01:21:45.336,1267558,486,0.392,0.583,0.25,20.0,5000,44.0,1,20.15,0.074,1,0.67,0.0,193,5,5 keran stabil,stable
2026-05-25T01:21:45.895,1268131,482,0.388,0.579,0.236,20.0,5000,44.0,1,17.97,0.07,0,0.0,0.0,193,5,5 keran stabil,stable
2026-05-25T01:21:46.393,1268651,484,0.39,0.581,0.243,20.0,5000,44.0,1,17.97,0.07,0,0.0,0.0,193,5,5 keran stabil,stable
2026-05-25T01:21:46.889,1269168,482,0.388,0.579,0.236,20.0,5000,44.0,1,14.87,0.068,0,0.0,0.0,193,5,5 keran stabil,stable
2026-05-25T01:21:47.451,1269688,480,0.387,0.576,0.228,20.0,5000,44.0,1,14.87,0.068,0,0.0,0.0,193,5,5 keran stabil,stable
2026-05-25T01:21:48.013,1270255,483,0.389,0.58,0.239,20.0,5000,44.0,1,12.86,0.068,0,0.0,0.0,193,5,5 keran stabil,stable
2026-05-25T01:21:48.637,1270879,484,0.39,0.581,0.243,20.0,5000,44.0,1,12.86,0.068,0,0.0,0.0,193,5,5 keran stabil,stable
2026-05-25T01:21:49.260,1271500,481,0.388,0.577,0.232,20.0,5000,44.0,1,12.17,0.06,0,0.0,0.0,193,5,5 keran stabil,stable
2026-05-25T01:21:49.818,1272067,484,0.39,0.581,0.243,20.0,5000,44.0,1,11.68,0.051,0,0.0,0.0,193,5,5 keran stabil,stable
2026-05-25T01:21:50.317,1272587,483,0.389,0.58,0.239,20.0,5000,44.0,1,11.68,0.051,0,0.0,0.0,193,5,5 keran stabil,stable
2026-05-25T01:21:50.814,1273104,459,0.37,0.551,0.153,20.0,5000,44.0,1,11.65,0.051,0,0.0,0.0,193,5,5 keran stabil,stable
2026-05-25T01:21:51.375,1273624,492,0.396,0.591,0.272,20.0,5000,44.0,1,11.65,0.051,0,0.0,0.0,193,5,5 keran stabil,stable
2026-05-25T01:21:51.938,1274191,480,0.387,0.576,0.228,20.0,5000,44.0,1,11.65,0.051,0,0.0,0.0,193,5,5 keran stabil,stable
2026-05-25T01:21:52.435,1274711,479,0.386,0.575,0.225,20.0,5000,44.0,1,11.65,0.051,0,0.0,0.0,193,5,5 keran stabil,stable
2026-05-25T01:21:53.059,1275332,483,0.389,0.58,0.239,20.0,5000,44.0,1,11.66,0.051,0,0.0,0.0,193,5,5 keran stabil,stable
2026-05-25T01:21:53.742,1276002,482,0.388,0.579,0.236,20.0,5000,44.0,1,11.66,0.051,0,0.0,0.0,193,5,5 keran stabil,stable
2026-05-25T01:21:54.241,1276523,482,0.388,0.579,0.236,20.0,5000,44.0,1,11.66,0.051,0,0.0,0.0,193,5,5 keran stabil,stable
2026-05-25T01:21:54.739,1277040,483,0.389,0.58,0.239,20.0,5000,44.0,1,11.65,0.05,0,0.0,0.0,193,5,5 keran stabil,stable
2026-05-25T01:21:55.300,1277560,479,0.386,0.575,0.225,20.0,5000,44.0,1,11.65,0.05,0,0.0,0.0,193,5,5 keran stabil,stable
2026-05-25T01:21:55.860,1278127,485,0.391,0.582,0.246,20.0,5000,44.0,1,11.67,0.051,0,0.0,0.0,193,5,5 keran stabil,stable
2026-05-25T01:21:56.357,1278647,485,0.391,0.582,0.246,20.0,5000,44.0,1,11.67,0.051,0,0.0,0.0,193,5,5 keran stabil,stable
2026-05-25T01:21:56.980,1279268,485,0.391,0.582,0.246,20.0,5000,44.0,1,11.69,0.051,0,0.0,0.0,193,5,5 keran stabil,stable
2026-05-25T01:21:57.602,1279892,485,0.391,0.582,0.246,20.0,5000,44.0,1,11.69,0.051,0,0.0,0.0,193,5,5 keran stabil,stable
2026-05-25T01:21:58.161,1280459,482,0.388,0.579,0.236,20.0,5000,44.0,1,11.69,0.051,0,0.0,0.0,193,5,5 keran stabil,stable
2026-05-25T01:21:58.664,1280979,484,0.39,0.581,0.243,20.0,5000,44.0,1,11.69,0.051,0,0.0,0.0,193,5,5 keran stabil,stable
2026-05-25T01:21:59.223,1281496,481,0.388,0.577,0.232,20.0,5000,44.0,1,11.67,0.051,0,0.0,0.0,193,5,5 keran stabil,stable
2026-05-25T01:21:59.786,1282062,481,0.388,0.577,0.232,20.0,5000,44.0,1,11.68,0.051,0,0.0,0.0,193,5,5 keran stabil,stable
2026-05-25T01:22:00.285,1282582,485,0.391,0.582,0.246,20.0,5000,44.0,1,11.68,0.051,0,0.0,0.0,193,5,5 keran stabil,stable
2026-05-25T01:22:00.782,1283100,421,0.339,0.505,0.016,20.0,5000,44.0,1,11.68,0.051,0,0.0,0.0,193,5,5 keran stabil,stable
2026-05-25T01:22:01.281,1283620,483,0.389,0.58,0.239,20.0,5000,44.0,1,11.68,0.051,0,0.0,0.0,193,5,5 keran stabil,stable
2026-05-25T01:22:01.781,1284072,470,0.379,0.564,0.192,20.0,5000,44.0,1,11.68,0.051,0,0.0,0.0,193,5,5 keran stabil,stable
2026-05-25T01:22:02.400,1284696,458,0.369,0.55,0.149,20.0,5000,44.0,1,11.68,0.051,0,0.0,0.0,193,5,5 keran stabil,stable
2026-05-25T01:22:02.899,1285214,483,0.389,0.58,0.239,20.0,5000,44.0,1,11.68,0.051,0,0.0,0.0,193,5,5 keran stabil,stable
2026-05-25T01:22:03.397,1285734,485,0.391,0.582,0.246,20.0,5000,44.0,1,11.68,0.051,0,0.0,0.0,193,5,5 keran stabil,stable
2026-05-25T01:22:03.895,1286186,456,0.367,0.547,0.142,20.0,5000,44.0,1,11.68,0.051,0,0.0,0.0,193,5,5 keran stabil,stable
2026-05-25T01:22:04.394,1286706,481,0.388,0.577,0.232,20.0,5000,44.0,1,11.68,0.051,0,0.0,0.0,193,5,5 keran stabil,stable
2026-05-25T01:22:04.893,1287223,478,0.385,0.574,0.221,20.0,5000,44.0,1,11.68,0.051,0,0.0,0.0,193,5,5 keran stabil,stable
2026-05-25T01:22:05.391,1287743,489,0.394,0.587,0.261,20.0,5000,44.0,1,11.68,0.051,0,0.0,0.0,193,5,5 keran stabil,stable
2026-05-25T01:22:05.891,1288206,483,0.389,0.58,0.239,20.0,5000,44.0,1,11.68,0.051,0,0.0,0.0,193,5,5 keran stabil,stable
2026-05-25T01:22:06.390,1288726,483,0.389,0.58,0.239,20.0,5000,44.0,1,11.68,0.051,0,0.0,0.0,193,5,5 keran stabil,stable
2026-05-25T01:22:06.890,1289243,484,0.39,0.581,0.243,20.0,5000,44.0,1,11.68,0.051,0,0.0,0.0,193,5,5 keran stabil,stable
2026-05-25T01:22:07.450,1289763,482,0.388,0.579,0.236,20.0,5000,44.0,1,11.68,0.051,0,0.0,0.0,193,5,5 keran stabil,stable
2026-05-25T01:22:08.009,1290330,483,0.389,0.58,0.239,20.0,5000,44.0,1,11.69,0.051,0,0.0,0.0,193,5,5 keran stabil,stable
2026-05-25T01:22:08.508,1290850,485,0.391,0.582,0.246,20.0,5000,44.0,1,11.69,0.051,0,0.0,0.0,193,5,5 keran stabil,stable
2026-05-25T01:22:09.005,1291367,480,0.387,0.576,0.228,20.0,5000,44.0,1,11.69,0.051,0,0.0,0.0,193,5,5 keran stabil,stable
2026-05-25T01:22:09.564,1291887,481,0.388,0.577,0.232,20.0,5000,44.0,1,11.69,0.051,0,0.0,0.0,193,5,5 keran stabil,stable
2026-05-25T01:22:10.121,1292454,480,0.387,0.576,0.228,20.0,5000,44.0,1,11.68,0.051,0,0.0,0.0,193,5,5 keran stabil,stable
2026-05-25T01:22:10.621,1292974,483,0.389,0.58,0.239,20.0,5000,44.0,1,11.68,0.051,0,0.0,0.0,193,5,5 keran stabil,stable
2026-05-25T01:22:11.244,1293595,483,0.389,0.58,0.239,20.0,5000,44.0,1,11.68,0.051,0,0.0,0.0,193,5,5 keran stabil,stable
2026-05-25T01:22:11.797,1294161,480,0.387,0.576,0.228,20.0,5000,44.0,1,11.69,0.051,0,0.0,0.0,193,5,5 keran stabil,stable
2026-05-25T01:22:12.360,1294682,480,0.387,0.576,0.228,20.0,5000,44.0,1,11.69,0.051,0,0.0,0.0,193,5,5 keran stabil,stable
2026-05-25T01:22:12.858,1295199,479,0.386,0.575,0.225,20.0,5000,44.0,1,11.69,0.051,0,0.0,0.0,193,5,5 keran stabil,stable
2026-05-25T01:22:13.356,1295719,486,0.392,0.583,0.25,20.0,5000,44.0,1,11.69,0.051,0,0.0,0.0,193,5,5 keran stabil,stable
2026-05-25T01:22:13.916,1296286,487,0.392,0.585,0.254,20.0,5000,44.0,1,11.69,0.051,0,0.0,0.0,193,5,5 keran stabil,stable
2026-05-25T01:22:14.476,1296806,485,0.391,0.582,0.246,20.0,5000,44.0,1,11.69,0.051,0,0.0,0.0,193,5,5 keran stabil,stable
2026-05-25T01:22:14.975,1297323,486,0.392,0.583,0.25,20.0,5000,44.0,1,11.68,0.051,0,0.0,0.0,193,5,5 keran stabil,stable
2026-05-25T01:22:15.474,1297843,484,0.39,0.581,0.243,20.0,5000,44.0,1,11.68,0.051,0,0.0,0.0,193,5,5 keran stabil,stable
2026-05-25T01:22:15.971,1298306,487,0.392,0.585,0.254,20.0,5000,44.0,1,11.68,0.051,0,0.0,0.0,193,5,5 keran stabil,stable
2026-05-25T01:22:16.469,1298826,487,0.392,0.585,0.254,20.0,5000,44.0,1,11.68,0.051,0,0.0,0.0,193,5,5 keran stabil,stable
2026-05-25T01:22:16.966,1299343,483,0.389,0.58,0.239,20.0,5000,44.0,1,11.69,0.051,0,0.0,0.0,193,5,5 keran stabil,stable
2026-05-25T01:22:17.466,1299863,488,0.393,0.586,0.257,20.0,5000,44.0,1,11.69,0.051,0,0.0,0.0,193,5,5 keran stabil,stable
2026-05-25T01:22:18.087,1300430,486,0.392,0.583,0.25,20.0,5000,44.0,1,11.68,0.051,0,0.0,0.0,193,5,5 keran stabil,stable
2026-05-25T01:22:18.584,1300950,490,0.395,0.588,0.264,20.0,5000,44.0,1,11.68,0.051,0,0.0,0.0,193,5,5 keran stabil,stable
2026-05-25T01:22:19.083,1301467,480,0.387,0.576,0.228,20.0,5000,44.0,1,11.69,0.051,0,0.0,0.0,193,5,5 keran stabil,stable
2026-05-25T01:22:19.579,1301987,488,0.393,0.586,0.257,20.0,5000,44.0,1,11.69,0.051,0,0.0,0.0,193,5,5 keran stabil,stable
2026-05-25T01:22:20.078,1302450,488,0.393,0.586,0.257,20.0,5000,44.0,1,11.69,0.051,0,0.0,0.0,193,5,5 keran stabil,stable
2026-05-25T01:22:20.576,1302970,481,0.388,0.577,0.232,20.0,5000,44.0,1,11.69,0.051,0,0.0,0.0,193,5,5 keran stabil,stable
2026-05-25T01:22:21.077,1303487,485,0.391,0.582,0.246,20.0,5000,44.0,1,11.69,0.051,0,0.0,0.0,193,5,5 keran stabil,stable
2026-05-25T01:22:21.634,1304007,488,0.393,0.586,0.257,20.0,5000,44.0,1,11.69,0.051,0,0.0,0.0,193,5,5 keran stabil,stable
2026-05-25T01:22:22.193,1304574,488,0.393,0.586,0.257,20.0,5000,44.0,1,11.67,0.051,0,0.0,0.0,193,5,5 keran stabil,stable
2026-05-25T01:22:22.694,1305094,486,0.392,0.583,0.25,20.0,5000,44.0,1,11.67,0.051,0,0.0,0.0,193,5,5 keran stabil,stable
2026-05-25T01:22:23.191,1305611,491,0.396,0.589,0.268,20.0,5000,44.0,1,12.14,0.059,0,0.0,0.0,193,5,5 keran stabil,stable
2026-05-25T01:22:23.750,1306131,490,0.395,0.588,0.264,20.0,5000,44.0,1,12.14,0.059,0,0.0,0.0,193,5,5 keran stabil,stable
2026-05-25T01:22:24.310,1306698,483,0.389,0.58,0.239,20.0,5000,44.0,1,12.16,0.059,0,0.0,0.0,193,5,5 keran stabil,stable
2026-05-25T01:22:24.917,1307319,487,0.392,0.585,0.254,20.0,5000,44.0,1,12.35,0.062,0,0.0,0.0,193,5,5 keran stabil,stable
2026-05-25T01:22:25.413,1307839,486,0.392,0.583,0.25,20.0,5000,44.0,1,12.35,0.062,0,0.0,0.0,193,5,5 keran stabil,stable
2026-05-25T01:22:25.910,1308301,487,0.392,0.585,0.254,20.0,5000,44.0,1,13.69,0.069,0,0.0,0.0,193,5,5 keran stabil,stable
2026-05-25T01:22:26.409,1308822,483,0.389,0.58,0.239,20.0,5000,44.0,1,13.69,0.069,0,0.0,0.0,193,5,5 keran stabil,stable
2026-05-25T01:22:26.906,1309339,490,0.395,0.588,0.264,20.0,5000,44.0,1,14.74,0.068,0,0.0,0.0,193,5,5 keran stabil,stable
2026-05-25T01:22:27.468,1309859,489,0.394,0.587,0.261,20.0,5000,44.0,1,14.74,0.068,0,0.0,0.0,193,5,5 keran stabil,stable
2026-05-25T01:22:28.029,1310426,490,0.395,0.588,0.264,20.0,5000,44.0,1,16.33,0.069,0,0.0,0.0,193,5,5 keran stabil,stable
2026-05-25T01:22:28.650,1311050,488,0.393,0.586,0.257,20.0,5000,44.0,1,16.33,0.069,0,0.0,0.0,193,5,5 keran stabil,stable
2026-05-25T01:22:29.148,1311567,485,0.391,0.582,0.246,20.0,5000,44.0,1,16.88,0.069,0,0.0,0.0,193,5,5 keran stabil,stable
2026-05-25T01:22:29.645,1312087,485,0.391,0.582,0.246,20.0,5000,44.0,1,16.88,0.069,0,0.0,0.0,193,5,5 keran stabil,stable
2026-05-25T01:22:30.142,1312550,485,0.391,0.582,0.246,20.0,5000,44.0,1,17.71,0.07,0,0.0,0.0,193,5,5 keran stabil,stable
2026-05-25T01:22:30.641,1313070,485,0.391,0.582,0.246,20.0,5000,44.0,1,17.71,0.07,0,0.0,0.0,193,5,5 keran stabil,stable
2026-05-25T01:22:31.138,1313587,483,0.389,0.58,0.239,20.0,5000,44.0,1,18.08,0.07,0,0.0,0.0,193,5,5 keran stabil,stable
2026-05-25T01:22:31.697,1314107,486,0.392,0.583,0.25,20.0,5000,44.0,1,18.08,0.07,0,0.0,0.0,193,5,5 keran stabil,stable
2026-05-25T01:22:32.257,1314674,484,0.39,0.581,0.243,20.0,5000,44.0,1,18.2,0.07,0,0.0,0.0,193,5,5 keran stabil,stable
2026-05-25T01:22:32.757,1315194,496,0.4,0.595,0.286,20.0,5000,44.0,1,18.2,0.07,0,0.0,0.0,193,5,5 keran stabil,stable
2026-05-25T01:22:33.256,1315711,488,0.393,0.586,0.257,20.0,5000,44.0,1,18.22,0.071,0,0.0,0.0,193,5,5 keran stabil,stable
2026-05-25T01:22:33.815,1316231,489,0.394,0.587,0.261,20.0,5000,44.0,1,18.22,0.071,0,0.0,0.0,193,5,5 keran stabil,stable
2026-05-25T01:22:34.371,1316798,486,0.392,0.583,0.25,20.0,5000,44.0,1,18.24,0.07,0,0.0,0.0,193,5,5 keran stabil,stable
2026-05-25T01:22:34.994,1317419,487,0.392,0.585,0.254,20.0,5000,44.0,1,18.38,0.071,0,0.0,0.0,193,5,5 keran stabil,stable
2026-05-25T01:22:35.494,1317939,489,0.394,0.587,0.261,20.0,5000,44.0,1,18.38,0.071,0,0.0,0.0,193,5,5 keran stabil,stable
2026-05-25T01:22:36.053,1318506,486,0.392,0.583,0.25,20.0,5000,44.0,1,18.36,0.071,0,0.0,0.0,193,5,5 keran stabil,stable
2026-05-25T01:22:36.609,1319026,485,0.391,0.582,0.246,20.0,5000,44.0,1,18.36,0.071,0,0.0,0.0,193,5,5 keran stabil,stable
2026-05-25T01:22:37.111,1319543,485,0.391,0.582,0.246,20.0,5000,44.0,1,18.38,0.071,0,0.0,0.0,193,5,5 keran stabil,stable
2026-05-25T01:22:37.729,1320167,485,0.391,0.582,0.246,20.0,5000,44.0,1,18.38,0.071,0,0.0,0.0,193,5,5 keran stabil,stable
2026-05-25T01:22:38.289,1320736,468,0.377,0.562,0.185,20.0,5000,44.0,1,21.04,0.075,1,0.633,0.0,193,5,5 keran stabil,stable
2026-05-25T01:22:38.790,1321261,481,0.388,0.577,0.232,20.0,5000,44.0,1,21.04,0.075,1,0.633,0.0,193,5,5 keran stabil,stable
2026-05-25T01:22:39.285,1321731,486,0.392,0.583,0.25,20.0,5000,44.0,1,22.71,0.074,1,0.595,0.0,193,5,5 keran stabil,stable
2026-05-25T01:22:39.781,1322256,485,0.391,0.582,0.246,20.0,5000,44.0,1,22.71,0.074,1,0.595,0.0,193,5,5 keran stabil,stable
2026-05-25T01:22:40.343,1322779,485,0.391,0.582,0.246,20.0,5000,44.0,1,24.08,0.069,1,0.601,0.0,193,5,5 keran stabil,stable
2026-05-25T01:22:40.841,1323304,480,0.387,0.576,0.228,20.0,5000,44.0,1,24.08,0.069,1,0.601,0.0,193,5,5 keran stabil,stable
2026-05-25T01:22:41.401,1323866,486,0.392,0.583,0.25,20.0,5000,44.0,1,24.09,0.069,1,0.601,0.0,193,5,5 keran stabil,stable
2026-05-25T01:22:41.960,1324441,485,0.391,0.582,0.246,20.0,5000,44.0,1,24.08,0.069,1,0.601,0.0,193,5,5 keran stabil,stable
2026-05-25T01:22:42.519,1324966,482,0.388,0.579,0.236,20.0,5000,44.0,1,24.08,0.069,1,0.601,0.0,193,5,5 keran stabil,stable
2026-05-25T01:22:43.019,1325489,489,0.394,0.587,0.261,20.0,5000,44.0,1,24.1,0.069,1,0.601,0.0,193,5,5 keran stabil,stable
2026-05-25T01:22:43.518,1326014,489,0.394,0.587,0.261,20.0,5000,44.0,1,24.1,0.069,1,0.601,0.0,193,5,5 keran stabil,stable
2026-05-25T01:22:44.018,1326471,479,0.386,0.575,0.225,20.0,5000,44.0,1,24.11,0.069,1,0.601,0.0,193,5,5 keran stabil,stable
2026-05-25T01:22:44.515,1326996,488,0.393,0.586,0.257,20.0,5000,44.0,1,24.11,0.069,1,0.601,0.0,193,5,5 keran stabil,stable
2026-05-25T01:22:45.013,1327466,482,0.388,0.579,0.236,20.0,5000,44.0,1,25.07,0.067,1,0.595,0.0,193,5,5 keran stabil,stable
2026-05-25T01:22:45.513,1327991,480,0.387,0.576,0.228,20.0,5000,44.0,1,25.07,0.067,1,0.595,0.0,193,5,5 keran stabil,stable
2026-05-25T01:22:46.135,1328619,490,0.395,0.588,0.264,20.0,5000,44.0,1,28.42,0.054,1,0.651,0.0,193,5,5 keran stabil,stable
2026-05-25T01:22:46.633,1329144,485,0.391,0.582,0.246,20.0,5000,44.0,1,28.42,0.054,1,0.651,0.0,193,5,5 keran stabil,stable
2026-05-25T01:22:47.130,1329601,489,0.394,0.587,0.261,20.0,5000,44.0,1,29.06,0.052,1,0.661,0.0,193,5,5 keran stabil,stable
2026-05-25T01:22:47.626,1330126,485,0.391,0.582,0.246,20.0,5000,44.0,1,29.06,0.052,1,0.661,0.0,193,5,5 keran stabil,stable
2026-05-25T01:22:48.125,1330596,483,0.389,0.58,0.239,20.0,5000,44.0,1,29.06,0.052,1,0.661,0.0,193,5,5 keran stabil,stable
2026-05-25T01:22:48.619,1331121,485,0.391,0.582,0.246,20.0,5000,44.0,1,29.06,0.052,1,0.661,0.0,193,5,5 keran stabil,stable
2026-05-25T01:22:49.244,1331748,477,0.384,0.573,0.218,20.0,5000,44.0,1,30.15,0.05,1,0.663,0.0,193,5,5 keran stabil,stable
2026-05-25T01:22:49.748,1332273,485,0.391,0.582,0.246,20.0,5000,44.0,1,30.15,0.05,1,0.663,0.0,193,5,5 keran stabil,stable
2026-05-25T01:22:50.308,1332825,487,0.392,0.585,0.254,20.0,5000,44.0,1,32.18,0.047,1,0.661,0.0,193,5,5 keran stabil,stable
2026-05-25T01:22:50.868,1333350,483,0.389,0.58,0.239,20.0,5000,44.0,1,32.18,0.047,1,0.661,0.0,193,5,5 keran stabil,stable
2026-05-25T01:22:51.368,1333873,485,0.391,0.582,0.246,20.0,5000,44.0,1,33.79,0.045,1,0.657,0.0,193,5,5 keran stabil,stable
2026-05-25T01:22:51.863,1334398,485,0.391,0.582,0.246,20.0,5000,44.0,1,33.79,0.045,1,0.657,0.0,193,5,5 keran stabil,stable
2026-05-25T01:22:52.363,1334846,484,0.39,0.581,0.243,20.0,5000,44.0,1,34.84,0.044,1,0.652,0.0,193,5,5 keran stabil,stable
2026-05-25T01:22:52.861,1335371,488,0.393,0.586,0.257,20.0,5000,44.0,1,34.84,0.044,1,0.652,0.0,193,5,5 keran stabil,stable
2026-05-25T01:22:53.360,1335894,470,0.379,0.564,0.192,20.0,5000,44.0,1,34.92,0.044,1,0.65,0.0,193,5,5 keran stabil,stable
2026-05-25T01:22:53.917,1336419,486,0.392,0.583,0.25,20.0,5000,44.0,1,34.92,0.044,1,0.65,0.0,193,5,5 keran stabil,stable
2026-05-25T01:22:54.477,1336981,483,0.389,0.58,0.239,20.0,5000,44.0,1,34.93,0.044,1,0.65,0.0,193,5,5 keran stabil,stable
2026-05-25T01:22:55.044,1337556,485,0.391,0.582,0.246,20.0,5000,44.0,1,34.93,0.044,1,0.65,0.0,193,5,5 keran stabil,stable
2026-05-25T01:22:55.665,1338186,490,0.395,0.588,0.264,20.0,5000,44.0,1,34.93,0.044,1,0.65,0.0,193,5,5 keran stabil,stable
2026-05-25T01:22:56.161,1338709,482,0.388,0.579,0.236,20.0,5000,44.0,1,34.97,0.044,1,0.649,0.0,193,5,5 keran stabil,stable
2026-05-25T01:22:56.721,1339234,488,0.393,0.586,0.257,20.0,5000,44.0,1,34.97,0.044,1,0.649,0.0,193,5,5 keran stabil,stable
2026-05-25T01:22:57.278,1339796,487,0.392,0.585,0.254,20.0,5000,44.0,1,35.63,0.043,1,0.652,0.0,193,5,5 keran stabil,stable
2026-05-25T01:22:57.899,1340426,488,0.393,0.586,0.257,20.0,5000,44.0,1,35.63,0.043,1,0.652,0.0,193,5,5 keran stabil,stable
2026-05-25T01:22:58.396,1340896,484,0.39,0.581,0.243,20.0,5000,44.0,1,35.61,0.044,1,0.638,0.0,193,5,5 keran stabil,stable
2026-05-25T01:22:58.895,1341421,487,0.392,0.585,0.254,20.0,5000,44.0,1,35.61,0.044,1,0.638,0.0,193,5,5 keran stabil,stable
2026-05-25T01:22:59.392,1341944,486,0.392,0.583,0.25,20.0,5000,44.0,1,35.62,0.043,1,0.652,0.0,193,5,5 keran stabil,stable
2026-05-25T01:22:59.957,1342469,484,0.39,0.581,0.243,20.0,5000,44.0,1,35.62,0.043,1,0.652,0.0,193,5,5 keran stabil,stable
2026-05-25T01:23:00.518,1343031,484,0.39,0.581,0.243,20.0,5000,44.0,1,35.63,0.043,1,0.652,0.0,193,5,5 keran stabil,stable
2026-05-25T01:23:01.080,1343606,487,0.392,0.585,0.254,20.0,5000,44.0,1,35.61,0.043,1,0.653,0.0,193,5,5 keran stabil,stable
2026-05-25T01:23:01.576,1344131,485,0.391,0.582,0.246,20.0,5000,44.0,1,35.61,0.043,1,0.653,0.0,193,5,5 keran stabil,stable
2026-05-25T01:23:02.138,1344654,489,0.394,0.587,0.261,20.0,5000,44.0,1,35.62,0.043,1,0.652,0.0,193,5,5 keran stabil,stable
2026-05-25T01:23:02.760,1345284,491,0.396,0.589,0.268,20.0,5000,44.0,1,35.62,0.043,1,0.652,0.0,193,5,5 keran stabil,stable
2026-05-25T01:23:03.321,1345846,485,0.391,0.582,0.246,20.0,5000,44.0,1,35.62,0.044,1,0.638,0.0,193,5,5 keran stabil,stable
2026-05-25T01:23:03.818,1346371,468,0.377,0.562,0.185,20.0,5000,44.0,1,35.62,0.044,1,0.638,0.0,193,5,5 keran stabil,stable
2026-05-25T01:23:04.317,1346841,486,0.392,0.583,0.25,20.0,5000,44.0,1,35.62,0.043,1,0.652,0.0,193,5,5 keran stabil,stable
2026-05-25T01:23:04.816,1347366,461,0.372,0.553,0.16,20.0,5000,44.0,1,35.62,0.043,1,0.652,0.0,193,5,5 keran stabil,stable
2026-05-25T01:23:05.311,1347889,487,0.392,0.585,0.254,20.0,5000,44.0,1,35.61,0.043,1,0.653,0.0,193,5,5 keran stabil,stable
2026-05-25T01:23:05.871,1348414,486,0.392,0.583,0.25,20.0,5000,44.0,1,35.61,0.043,1,0.653,0.0,193,5,5 keran stabil,stable
2026-05-25T01:23:06.433,1348966,486,0.392,0.583,0.25,20.0,5000,44.0,1,35.59,0.043,1,0.653,0.0,193,5,5 keran stabil,stable
2026-05-25T01:23:06.930,1349491,489,0.394,0.587,0.261,20.0,5000,44.0,1,35.59,0.043,1,0.653,0.0,193,5,5 keran stabil,stable
2026-05-25T01:23:07.429,1350014,486,0.392,0.583,0.25,20.0,5000,44.0,1,35.61,0.043,1,0.653,0.0,193,5,5 keran stabil,stable
2026-05-25T01:23:07.988,1350539,484,0.39,0.581,0.243,20.0,5000,44.0,1,35.61,0.043,1,0.653,0.0,193,5,5 keran stabil,stable
2026-05-25T01:23:08.547,1351091,489,0.394,0.587,0.261,20.0,5000,44.0,1,35.61,0.043,1,0.653,0.0,193,5,5 keran stabil,stable
2026-05-25T01:23:09.046,1351616,445,0.359,0.534,0.102,20.0,5000,44.0,1,35.61,0.043,1,0.653,0.0,193,5,5 keran stabil,stable
2026-05-25T01:23:09.546,1352139,485,0.391,0.582,0.246,20.0,5000,44.0,1,35.61,0.043,1,0.653,0.0,193,5,5 keran stabil,stable
2026-05-25T01:23:10.106,1352691,485,0.391,0.582,0.246,20.0,5000,44.0,1,35.61,0.043,1,0.653,0.0,193,5,5 keran stabil,stable
2026-05-25T01:23:10.667,1353216,490,0.395,0.588,0.264,20.0,5000,44.0,1,35.61,0.043,1,0.653,0.0,193,5,5 keran stabil,stable
2026-05-25T01:23:11.162,1353739,491,0.396,0.589,0.268,20.0,5000,44.0,1,35.61,0.043,1,0.653,0.0,193,5,5 keran stabil,stable
2026-05-25T01:23:11.658,1354264,486,0.392,0.583,0.25,20.0,5000,44.0,1,35.61,0.043,1,0.653,0.0,193,5,5 keran stabil,stable
2026-05-25T01:23:12.158,1354721,489,0.394,0.587,0.261,20.0,5000,44.0,1,35.61,0.044,1,0.638,0.0,193,5,5 keran stabil,stable
2026-05-25T01:23:12.658,1355246,485,0.391,0.582,0.246,20.0,5000,44.0,1,35.61,0.044,1,0.638,0.0,193,5,5 keran stabil,stable
2026-05-25T01:23:13.157,1355716,489,0.394,0.587,0.261,20.0,5000,44.0,1,35.6,0.044,1,0.638,0.0,193,5,5 keran stabil,stable
2026-05-25T01:23:13.761,1356346,488,0.393,0.586,0.257,20.0,5000,44.0,1,35.6,0.044,1,0.638,0.0,193,5,5 keran stabil,stable
2026-05-25T01:23:14.261,1356869,487,0.392,0.585,0.254,20.0,5000,44.0,1,35.61,0.043,1,0.653,0.0,193,5,5 keran stabil,stable
2026-05-25T01:23:14.819,1357394,490,0.395,0.588,0.264,20.0,5000,44.0,1,35.61,0.043,1,0.653,0.0,193,5,5 keran stabil,stable
2026-05-25T01:23:15.382,1357956,494,0.398,0.593,0.279,20.0,5000,44.0,1,35.6,0.043,1,0.653,0.0,193,5,5 keran stabil,stable
2026-05-25T01:23:15.881,1358481,488,0.393,0.586,0.257,20.0,5000,44.0,1,35.6,0.043,1,0.653,0.0,193,5,5 keran stabil,stable
2026-05-25T01:23:16.378,1358951,488,0.393,0.586,0.257,20.0,5000,44.0,1,35.6,0.043,1,0.653,0.0,193,5,5 keran stabil,stable
2026-05-25T01:23:16.878,1359476,486,0.392,0.583,0.25,20.0,5000,44.0,1,35.6,0.043,1,0.653,0.0,193,5,5 keran stabil,stable
2026-05-25T01:23:17.373,1359998,500,0.403,0.6,0.3,20.0,5000,44.0,1,35.61,0.043,1,0.653,0.0,193,5,5 keran stabil,stable
2026-05-25T01:23:17.931,1360523,488,0.393,0.586,0.257,20.0,5000,44.0,1,35.61,0.043,1,0.653,0.0,193,5,5 keran stabil,stable
2026-05-25T01:23:18.491,1361075,475,0.383,0.57,0.21,20.0,5000,44.0,1,35.6,0.043,1,0.653,0.0,193,5,5 keran stabil,stable
2026-05-25T01:23:18.990,1361600,485,0.391,0.582,0.246,20.0,5000,44.0,1,35.6,0.043,1,0.653,0.0,193,5,5 keran stabil,stable
2026-05-25T01:23:19.488,1362123,488,0.393,0.586,0.257,20.0,5000,44.0,1,35.62,0.043,1,0.652,0.0,193,5,5 keran stabil,stable
2026-05-25T01:23:20.050,1362648,485,0.391,0.582,0.246,20.0,5000,44.0,1,35.62,0.043,1,0.652,0.0,193,5,5 keran stabil,stable
2026-05-25T01:23:20.613,1363210,485,0.391,0.582,0.246,20.0,5000,44.0,1,35.62,0.043,1,0.652,0.0,193,5,5 keran stabil,stable
2026-05-25T01:23:21.170,1363785,484,0.39,0.581,0.243,20.0,5000,44.0,1,35.62,0.043,1,0.652,0.0,193,5,5 keran stabil,stable
2026-05-25T01:23:21.668,1364310,483,0.389,0.58,0.239,20.0,5000,44.0,1,35.62,0.043,1,0.652,0.0,193,5,5 keran stabil,stable
2026-05-25T01:23:22.230,1364833,485,0.391,0.582,0.246,20.0,5000,44.0,1,35.61,0.043,1,0.653,0.0,193,5,5 keran stabil,stable
2026-05-25T01:23:22.729,1365358,462,0.372,0.555,0.164,20.0,5000,44.0,1,35.61,0.043,1,0.653,0.0,193,5,5 keran stabil,stable
2026-05-25T01:23:23.288,1365920,485,0.391,0.582,0.246,20.0,5000,44.0,1,35.61,0.043,1,0.653,0.0,193,5,5 keran stabil,stable
2026-05-25T01:23:23.787,1366445,484,0.39,0.581,0.243,20.0,5000,44.0,1,35.61,0.043,1,0.653,0.0,193,5,5 keran stabil,stable
2026-05-25T01:23:24.287,1366915,485,0.391,0.582,0.246,20.0,5000,44.0,1,35.6,0.043,1,0.653,0.0,193,5,5 keran stabil,stable
2026-05-25T01:23:24.784,1367440,485,0.391,0.582,0.246,20.0,5000,44.0,1,35.6,0.043,1,0.653,0.0,193,5,5 keran stabil,stable
2026-05-25T01:23:25.346,1367963,490,0.395,0.588,0.264,20.0,5000,44.0,1,35.61,0.043,1,0.653,0.0,193,5,5 keran stabil,stable
2026-05-25T01:23:25.844,1368488,487,0.392,0.585,0.254,20.0,5000,44.0,1,35.61,0.043,1,0.653,0.0,193,5,5 keran stabil,stable
2026-05-25T01:23:26.404,1369050,484,0.39,0.581,0.243,20.0,5000,44.0,1,35.6,0.043,1,0.653,0.0,193,5,5 keran stabil,stable
2026-05-25T01:23:26.964,1369575,490,0.395,0.588,0.264,20.0,5000,44.0,1,35.6,0.043,1,0.653,0.0,193,5,5 keran stabil,stable
2026-05-25T01:23:27.523,1370150,486,0.392,0.583,0.25,20.0,5000,44.0,1,35.6,0.043,1,0.653,0.0,193,5,5 keran stabil,stable
2026-05-25T01:23:28.018,1370675,486,0.392,0.583,0.25,20.0,5000,44.0,1,35.6,0.043,1,0.653,0.0,193,5,5 keran stabil,stable
2026-05-25T01:23:28.582,1371197,474,0.382,0.569,0.207,20.0,5000,44.0,1,35.61,0.043,1,0.653,0.0,193,5,5 keran stabil,stable
2026-05-25T01:23:29.081,1371722,486,0.392,0.583,0.25,20.0,5000,44.0,1,35.61,0.043,1,0.653,0.0,193,5,5 keran stabil,stable
2026-05-25T01:23:29.644,1372274,490,0.395,0.588,0.264,20.0,5000,44.0,1,35.6,0.043,1,0.653,0.0,193,5,5 keran stabil,stable
2026-05-25T01:23:30.141,1372799,489,0.394,0.587,0.261,20.0,5000,44.0,1,35.6,0.043,1,0.653,0.0,193,5,5 keran stabil,stable
2026-05-25T01:23:30.637,1373322,485,0.391,0.582,0.246,20.0,5000,44.0,1,35.62,0.043,1,0.652,0.0,193,5,5 keran stabil,stable
2026-05-25T01:23:31.199,1373884,485,0.391,0.582,0.246,20.0,5000,44.0,1,35.6,0.043,1,0.653,0.0,193,5,5 keran stabil,stable
2026-05-25T01:23:31.754,1374409,487,0.392,0.585,0.254,20.0,5000,44.0,1,35.6,0.043,1,0.653,0.0,193,5,5 keran stabil,stable
2026-05-25T01:23:32.315,1374984,489,0.394,0.587,0.261,20.0,5000,44.0,1,35.62,0.043,1,0.652,0.0,193,5,5 keran stabil,stable
2026-05-25T01:23:32.874,1375508,490,0.395,0.588,0.264,20.0,5000,44.0,1,35.62,0.043,1,0.652,0.0,193,5,5 keran stabil,stable
2026-05-25T01:23:33.373,1376032,489,0.394,0.587,0.261,20.0,5000,44.0,1,35.61,0.043,1,0.653,0.0,193,5,5 keran stabil,stable
2026-05-25T01:23:33.997,1376662,486,0.392,0.583,0.25,20.0,5000,44.0,1,35.61,0.043,1,0.653,0.0,193,5,5 keran stabil,stable
2026-05-25T01:23:34.561,1377224,492,0.396,0.591,0.272,20.0,5000,44.0,1,35.61,0.043,1,0.653,0.0,193,5,5 keran stabil,stable
2026-05-25T01:23:35.244,1377904,486,0.392,0.583,0.25,20.0,5000,44.0,1,35.62,0.043,1,0.652,0.0,193,5,5 keran stabil,stable
2026-05-25T01:23:35.744,1378429,485,0.391,0.582,0.246,20.0,5000,44.0,1,35.62,0.043,1,0.652,0.0,193,5,5 keran stabil,stable
2026-05-25T01:23:36.304,1378952,464,0.374,0.557,0.171,20.0,5000,44.0,1,35.61,0.043,1,0.653,0.0,193,5,5 keran stabil,stable
2026-05-25T01:23:36.799,1379477,489,0.394,0.587,0.261,20.0,5000,44.0,1,35.61,0.043,1,0.653,0.0,193,5,5 keran stabil,stable
2026-05-25T01:23:37.360,1380038,489,0.394,0.587,0.261,20.0,5000,44.0,1,35.62,0.043,1,0.652,0.0,193,5,5 keran stabil,stable
2026-05-25T01:23:37.858,1380563,487,0.392,0.585,0.254,20.0,5000,44.0,1,35.62,0.043,1,0.652,0.0,193,5,5 keran stabil,stable
2026-05-25T01:23:38.355,1381033,488,0.393,0.586,0.257,20.0,5000,44.0,1,35.6,0.044,1,0.638,0.0,193,5,5 keran stabil,stable
2026-05-25T01:23:38.980,1381663,484,0.39,0.581,0.243,20.0,5000,44.0,1,35.6,0.044,1,0.638,0.0,193,5,5 keran stabil,stable
2026-05-25T01:23:39.604,1382291,484,0.39,0.581,0.243,20.0,5000,44.0,1,35.59,0.043,1,0.653,0.0,193,5,5 keran stabil,stable
2026-05-25T01:23:40.104,1382816,491,0.396,0.589,0.268,20.0,5000,44.0,1,35.59,0.043,1,0.653,0.0,193,5,5 keran stabil,stable
2026-05-25T01:23:40.667,1383368,490,0.395,0.588,0.264,20.0,5000,44.0,1,35.59,0.043,1,0.653,0.0,193,5,5 keran stabil,stable
2026-05-25T01:23:41.229,1383893,486,0.392,0.583,0.25,20.0,5000,44.0,1,35.59,0.043,1,0.653,0.0,193,5,5 keran stabil,stable
2026-05-25T01:23:41.725,1384416,486,0.392,0.583,0.25,20.0,5000,44.0,1,35.58,0.043,1,0.653,0.0,193,5,5 keran stabil,stable
2026-05-25T01:23:42.288,1384968,489,0.394,0.587,0.261,20.0,5000,44.0,1,36.04,0.043,1,0.645,0.0,193,5,5 keran stabil,stable
2026-05-25T01:23:42.787,1385493,485,0.391,0.582,0.246,20.0,5000,44.0,1,36.04,0.043,1,0.645,0.0,193,5,5 keran stabil,stable
2026-05-25T01:23:43.285,1386016,489,0.394,0.587,0.261,20.0,5000,44.0,1,36.4,0.043,1,0.638,0.0,193,5,5 keran stabil,stable
2026-05-25T01:23:43.846,1386541,484,0.39,0.581,0.243,20.0,5000,44.0,1,36.4,0.043,1,0.638,0.0,193,5,5 keran stabil,stable
2026-05-25T01:23:44.405,1387093,485,0.391,0.582,0.246,20.0,5000,44.0,1,37.6,0.042,1,0.633,0.0,193,5,5 keran stabil,stable
2026-05-25T01:23:44.902,1387618,469,0.378,0.563,0.189,20.0,5000,44.0,1,37.6,0.042,1,0.633,0.0,193,5,5 keran stabil,stable
2026-05-25T01:23:45.403,1388141,480,0.387,0.576,0.228,20.0,5000,44.0,1,39.26,0.041,1,0.621,0.0,193,5,5 keran stabil,stable
2026-05-25T01:23:45.962,1388666,487,0.392,0.585,0.254,20.0,5000,44.0,1,39.26,0.041,1,0.621,0.0,193,5,5 keran stabil,stable
2026-05-25T01:23:46.522,1389218,485,0.391,0.582,0.246,20.0,5000,44.0,1,40.42,0.04,1,0.618,0.0,193,5,5 keran stabil,stable
2026-05-25T01:23:47.020,1389743,489,0.394,0.587,0.261,20.0,5000,44.0,1,40.42,0.04,1,0.618,0.0,193,5,5 keran stabil,stable
2026-05-25T01:23:47.518,1390266,487,0.392,0.585,0.254,20.0,5000,44.0,1,41.16,0.04,1,0.607,0.0,193,5,5 keran stabil,stable
2026-05-25T01:23:48.080,1390791,486,0.392,0.583,0.25,20.0,5000,44.0,1,41.16,0.04,1,0.607,0.0,193,5,5 keran stabil,stable
2026-05-25T01:23:48.638,1391353,489,0.394,0.587,0.261,20.0,5000,44.0,1,41.16,0.04,1,0.607,0.0,193,5,5 keran stabil,stable
2026-05-25T01:23:49.137,1391878,490,0.395,0.588,0.264,20.0,5000,44.0,1,41.16,0.04,1,0.607,0.0,193,5,5 keran stabil,stable
2026-05-25T01:23:49.697,1392453,488,0.393,0.586,0.257,20.0,5000,44.0,1,41.18,0.04,1,0.607,0.0,193,5,5 keran stabil,stable
2026-05-25T01:23:50.257,1392978,488,0.393,0.586,0.257,20.0,5000,44.0,1,41.18,0.04,1,0.607,0.0,193,5,5 keran stabil,stable
2026-05-25T01:23:50.754,1393501,488,0.393,0.586,0.257,20.0,5000,44.0,1,41.17,0.04,1,0.607,0.0,193,5,5 keran stabil,stable
2026-05-25T01:23:51.317,1394062,485,0.391,0.582,0.246,20.0,5000,44.0,1,41.14,0.04,1,0.607,0.0,193,5,5 keran stabil,stable
2026-05-25T01:23:51.876,1394587,490,0.395,0.588,0.264,20.0,5000,44.0,1,41.14,0.04,1,0.607,0.0,193,5,5 keran stabil,stable
2026-05-25T01:23:52.436,1395162,486,0.392,0.583,0.25,20.0,5000,44.0,1,41.16,0.04,1,0.607,0.0,193,5,5 keran stabil,stable
2026-05-25T01:23:52.937,1395687,485,0.391,0.582,0.246,20.0,5000,44.0,1,41.16,0.04,1,0.607,0.0,193,5,5 keran stabil,stable
2026-05-25T01:23:53.497,1396210,485,0.391,0.582,0.246,20.0,5000,44.0,1,41.15,0.04,1,0.607,0.0,193,5,5 keran stabil,stable
2026-05-25T01:23:54.120,1396840,485,0.391,0.582,0.246,20.0,5000,44.0,1,41.15,0.04,1,0.607,0.0,193,5,5 keran stabil,stable
2026-05-25T01:23:54.683,1397402,486,0.392,0.583,0.25,20.0,5000,44.0,1,41.16,0.04,1,0.607,0.0,193,5,5 keran stabil,stable
2026-05-25T01:23:55.187,1397927,478,0.385,0.574,0.221,20.0,5000,44.0,1,41.16,0.04,1,0.607,0.0,193,5,5 keran stabil,stable
2026-05-25T01:23:55.752,1398502,489,0.394,0.587,0.261,20.0,5000,44.0,1,41.15,0.04,1,0.607,0.0,193,5,5 keran stabil,stable
2026-05-25T01:23:56.295,1399027,484,0.39,0.581,0.243,20.0,5000,44.0,1,41.15,0.04,1,0.607,0.0,193,5,5 keran stabil,stable
2026-05-25T01:23:56.810,1399550,490,0.395,0.588,0.264,20.0,5000,44.0,1,41.15,0.04,1,0.607,0.0,193,5,5 keran stabil,stable
2026-05-25T01:23:57.326,1400112,487,0.392,0.585,0.254,20.0,5000,44.0,1,41.15,0.04,1,0.607,0.0,193,5,5 keran stabil,stable
2026-05-25T01:23:57.871,1400637,490,0.395,0.588,0.264,20.0,5000,44.0,1,41.15,0.04,1,0.607,0.0,193,5,5 keran stabil,stable
2026-05-25T01:23:58.430,1401212,482,0.388,0.579,0.236,20.0,5000,44.0,1,41.14,0.04,1,0.607,0.0,193,5,5 keran stabil,stable
2026-05-25T01:23:58.990,1401737,488,0.393,0.586,0.257,20.0,5000,44.0,1,41.14,0.04,1,0.607,0.0,193,5,5 keran stabil,stable
2026-05-25T01:23:59.488,1402260,488,0.393,0.586,0.257,20.0,5000,44.0,1,41.14,0.04,1,0.607,0.0,193,5,5 keran stabil,stable
2026-05-25T01:24:00.048,1402785,489,0.394,0.587,0.261,20.0,5000,44.0,1,41.14,0.04,1,0.607,0.0,193,5,5 keran stabil,stable
2026-05-25T01:24:00.546,1403347,492,0.396,0.591,0.272,20.0,5000,44.0,1,41.14,0.04,1,0.607,0.0,193,5,5 keran stabil,stable
2026-05-25T01:24:01.106,1403872,488,0.393,0.586,0.257,20.0,5000,44.0,1,41.14,0.04,1,0.607,0.0,193,5,5 keran stabil,stable
2026-05-25T01:24:01.667,1404446,486,0.392,0.583,0.25,20.0,5000,44.0,1,41.13,0.04,1,0.607,0.0,193,5,5 keran stabil,stable
2026-05-25T01:24:02.225,1404970,493,0.397,0.592,0.275,20.0,5000,44.0,1,41.13,0.04,1,0.607,0.0,193,5,5 keran stabil,stable
2026-05-25T01:24:02.723,1405494,480,0.387,0.576,0.228,20.0,5000,44.0,1,41.14,0.04,1,0.607,0.0,193,5,5 keran stabil,stable
2026-05-25T01:24:03.219,1406019,487,0.392,0.585,0.254,20.0,5000,44.0,1,41.14,0.04,1,0.607,0.0,193,5,5 keran stabil,stable
2026-05-25T01:24:03.779,1406571,487,0.392,0.585,0.254,20.0,5000,44.0,1,41.14,0.04,1,0.607,0.0,193,5,5 keran stabil,stable
2026-05-25T01:24:04.339,1407096,488,0.393,0.586,0.257,20.0,5000,44.0,1,41.14,0.04,1,0.607,0.0,193,5,5 keran stabil,stable
2026-05-25T01:24:04.959,1407724,487,0.392,0.585,0.254,20.0,5000,44.0,1,41.14,0.04,1,0.607,0.0,193,5,5 keran stabil,stable
2026-05-25T01:24:05.518,1408276,490,0.395,0.588,0.264,20.0,5000,44.0,1,41.14,0.04,1,0.607,0.0,193,5,5 keran stabil,stable
2026-05-25T01:24:06.018,1408801,490,0.395,0.588,0.264,20.0,5000,44.0,1,41.14,0.04,1,0.607,0.0,193,5,5 keran stabil,stable
2026-05-25T01:24:06.516,1409324,488,0.393,0.586,0.257,20.0,5000,44.0,1,41.13,0.04,1,0.607,0.0,193,5,5 keran stabil,stable
2026-05-25T01:24:07.080,1409849,488,0.393,0.586,0.257,20.0,5000,44.0,1,41.13,0.04,1,0.607,0.0,193,5,5 keran stabil,stable
2026-05-25T01:24:07.638,1410411,489,0.394,0.587,0.261,20.0,5000,44.0,1,41.14,0.04,1,0.607,0.0,193,5,5 keran stabil,stable
2026-05-25T01:24:08.137,1410936,488,0.393,0.586,0.257,20.0,5000,44.0,1,41.14,0.04,1,0.607,0.0,193,5,5 keran stabil,stable
2026-05-25T01:24:08.699,1411511,490,0.395,0.588,0.264,20.0,5000,44.0,1,41.14,0.04,1,0.607,0.0,193,5,5 keran stabil,stable
2026-05-25T01:24:09.258,1412036,490,0.395,0.588,0.264,20.0,5000,44.0,1,41.14,0.04,1,0.607,0.0,193,5,5 keran stabil,stable
2026-05-25T01:24:09.752,1412559,489,0.394,0.587,0.261,20.0,5000,44.0,1,41.13,0.04,1,0.607,0.0,193,5,5 keran stabil,stable
2026-05-25T01:24:10.251,1413084,489,0.394,0.587,0.261,20.0,5000,44.0,1,41.13,0.04,1,0.607,0.0,193,5,5 keran stabil,stable
2026-05-25T01:24:10.751,1413541,490,0.395,0.588,0.264,20.0,5000,44.0,1,41.13,0.04,1,0.607,0.0,193,5,5 keran stabil,stable
2026-05-25T01:24:11.247,1414066,491,0.396,0.589,0.268,20.0,5000,44.0,1,41.13,0.04,1,0.607,0.0,193,5,5 keran stabil,stable
2026-05-25T01:24:11.746,1414536,488,0.393,0.586,0.257,20.0,5000,44.0,1,41.1,0.04,1,0.608,0.0,193,5,5 keran stabil,stable
2026-05-25T01:24:12.368,1415166,502,0.405,0.603,0.308,20.0,5000,44.0,1,41.1,0.04,1,0.608,0.0,193,5,5 keran stabil,stable
2026-05-25T01:24:12.866,1415689,466,0.376,0.559,0.178,20.0,5000,44.0,1,41.11,0.04,1,0.608,0.0,193,5,5 keran stabil,stable
2026-05-25T01:24:13.427,1416256,489,0.394,0.587,0.261,20.0,5000,44.0,1,41.11,0.04,1,0.608,0.0,193,5,5 keran stabil,stable
2026-05-25T01:24:13.988,1416781,487,0.392,0.585,0.254,20.0,5000,44.0,1,41.11,0.04,1,0.608,0.0,193,5,5 keran stabil,stable
2026-05-25T01:24:14.550,1417361,488,0.393,0.586,0.257,20.0,5000,44.0,1,41.1,0.04,1,0.608,0.0,193,5,5 keran stabil,stable
2026-05-25T01:24:15.051,1417886,488,0.393,0.586,0.257,20.0,5000,44.0,1,41.1,0.04,1,0.608,0.0,193,5,5 keran stabil,stable
2026-05-25T01:24:15.549,1418356,485,0.391,0.582,0.246,20.0,5000,44.0,1,41.11,0.04,1,0.608,0.0,193,5,5 keran stabil,stable
2026-05-25T01:24:16.046,1418881,488,0.393,0.586,0.257,20.0,5000,44.0,1,41.11,0.04,1,0.608,0.0,193,5,5 keran stabil,stable
2026-05-25T01:24:16.544,1419404,488,0.393,0.586,0.257,20.0,5000,44.0,1,41.11,0.04,1,0.608,0.0,193,5,5 keran stabil,stable
2026-05-25T01:24:17.092,1419929,477,0.384,0.573,0.218,20.0,5000,44.0,1,41.11,0.04,1,0.608,0.0,193,5,5 keran stabil,stable
2026-05-25T01:24:17.651,1420491,477,0.384,0.573,0.218,20.0,5000,44.0,1,41.11,0.04,1,0.608,0.0,193,5,5 keran stabil,stable
2026-05-25T01:24:18.148,1421016,492,0.396,0.591,0.272,20.0,5000,44.0,1,41.11,0.04,1,0.608,0.0,193,5,5 keran stabil,stable
2026-05-25T01:24:18.645,1421486,481,0.388,0.577,0.232,20.0,5000,44.0,1,41.12,0.04,1,0.607,0.0,193,5,5 keran stabil,stable
2026-05-25T01:24:19.143,1422011,485,0.391,0.582,0.246,20.0,5000,44.0,1,41.12,0.04,1,0.607,0.0,193,5,5 keran stabil,stable
2026-05-25T01:24:19.703,1422534,486,0.392,0.583,0.25,20.0,5000,44.0,1,41.11,0.04,1,0.608,0.0,193,5,5 keran stabil,stable
2026-05-25T01:24:20.203,1423059,488,0.393,0.586,0.257,20.0,5000,44.0,1,41.11,0.04,1,0.608,0.0,193,5,5 keran stabil,stable
2026-05-25T01:24:20.764,1423621,486,0.392,0.583,0.25,20.0,5000,44.0,1,41.12,0.04,1,0.607,0.0,193,5,5 keran stabil,stable
2026-05-25T01:24:21.321,1424146,486,0.392,0.583,0.25,20.0,5000,44.0,1,41.12,0.04,1,0.607,0.0,193,5,5 keran stabil,stable
2026-05-25T01:24:21.880,1424721,507,0.409,0.609,0.326,20.0,5000,44.0,1,41.1,0.04,1,0.608,0.0,193,5,5 keran stabil,stable
2026-05-25T01:24:22.376,1425246,483,0.389,0.58,0.239,20.0,5000,44.0,1,41.1,0.04,1,0.608,0.0,193,5,5 keran stabil,stable
2026-05-25T01:24:22.936,1425769,486,0.392,0.583,0.25,20.0,5000,44.0,1,41.13,0.04,1,0.607,0.0,193,5,5 keran stabil,stable
2026-05-25T01:24:23.495,1426331,493,0.397,0.592,0.275,20.0,5000,44.0,1,41.12,0.04,1,0.607,0.0,193,5,5 keran stabil,stable
2026-05-25T01:24:23.992,1426856,490,0.395,0.588,0.264,20.0,5000,44.0,1,41.12,0.04,1,0.607,0.0,193,5,5 keran stabil,stable
2026-05-25T01:24:24.490,1427326,485,0.391,0.582,0.246,20.0,5000,44.0,1,41.13,0.04,1,0.607,0.0,193,5,5 keran stabil,stable
2026-05-25T01:24:24.989,1427851,488,0.393,0.586,0.257,20.0,5000,44.0,1,41.13,0.04,1,0.607,0.0,193,5,5 keran stabil,stable
2026-05-25T01:24:25.493,1428374,490,0.395,0.588,0.264,20.0,5000,44.0,1,41.13,0.04,1,0.607,0.0,193,5,5 keran stabil,stable
2026-05-25T01:24:26.057,1428899,491,0.396,0.589,0.268,20.0,5000,44.0,1,41.13,0.04,1,0.607,0.0,193,5,5 keran stabil,stable
2026-05-25T01:24:26.617,1429461,490,0.395,0.588,0.264,20.0,5000,44.0,1,41.13,0.04,1,0.607,0.0,193,5,5 keran stabil,stable
2026-05-25T01:24:27.118,1429986,483,0.389,0.58,0.239,20.0,5000,44.0,1,41.13,0.04,1,0.607,0.0,193,5,5 keran stabil,stable
2026-05-25T01:24:27.679,1430561,488,0.393,0.586,0.257,20.0,5000,44.0,1,41.13,0.04,1,0.607,0.0,193,5,5 keran stabil,stable
2026-05-25T01:24:28.239,1431086,483,0.389,0.58,0.239,20.0,5000,44.0,1,41.13,0.04,1,0.607,0.0,193,5,5 keran stabil,stable
2026-05-25T01:24:28.735,1431609,487,0.392,0.585,0.254,20.0,5000,44.0,1,41.14,0.04,1,0.607,0.0,193,5,5 keran stabil,stable
2026-05-25T01:24:29.236,1432134,499,0.402,0.599,0.297,20.0,5000,44.0,1,41.14,0.04,1,0.607,0.0,193,5,5 keran stabil,stable
2026-05-25T01:24:29.734,1432591,499,0.402,0.599,0.297,20.0,5000,44.0,1,41.13,0.04,1,0.607,0.0,193,5,5 keran stabil,stable
2026-05-25T01:24:30.231,1433116,500,0.403,0.6,0.3,20.0,5000,44.0,1,41.13,0.04,1,0.607,0.0,193,5,5 keran stabil,stable
2026-05-25T01:24:30.794,1433691,511,0.412,0.613,0.34,20.0,5000,44.0,1,41.14,0.04,1,0.607,0.0,193,5,5 keran stabil,stable
2026-05-25T01:24:31.353,1434216,501,0.404,0.601,0.304,20.0,5000,44.0,1,41.14,0.04,1,0.607,0.0,193,5,5 keran stabil,stable
2026-05-25T01:24:31.852,1434738,499,0.402,0.599,0.297,20.0,5000,44.0,1,41.14,0.04,1,0.607,0.0,193,5,5 keran stabil,stable
2026-05-25T01:24:32.349,1435263,500,0.403,0.6,0.3,20.0,5000,44.0,1,41.14,0.04,1,0.607,0.0,193,5,5 keran stabil,stable
2026-05-25T01:24:32.845,1435710,490,0.395,0.588,0.264,20.0,5000,44.0,1,41.13,0.04,1,0.607,0.0,193,5,5 keran stabil,stable
2026-05-25T01:24:33.343,1436235,497,0.401,0.597,0.29,20.0,5000,44.0,1,41.13,0.04,1,0.607,0.0,193,5,5 keran stabil,stable
2026-05-25T01:24:33.841,1436758,500,0.403,0.6,0.3,20.0,5000,44.0,1,41.13,0.04,1,0.607,0.0,193,5,5 keran stabil,stable
2026-05-25T01:24:34.400,1437283,498,0.401,0.598,0.293,20.0,5000,44.0,1,41.13,0.04,1,0.607,0.0,193,5,5 keran stabil,stable
2026-05-25T01:24:34.959,1437835,500,0.403,0.6,0.3,20.0,5000,44.0,1,41.14,0.04,1,0.607,0.0,193,5,5 keran stabil,stable
2026-05-25T01:24:35.460,1438360,500,0.403,0.6,0.3,20.0,5000,44.0,1,41.14,0.04,1,0.607,0.0,193,5,5 keran stabil,stable
2026-05-25T01:24:35.958,1438883,499,0.402,0.599,0.297,20.0,5000,44.0,1,41.14,0.04,1,0.607,0.0,193,5,5 keran stabil,stable
2026-05-25T01:24:36.523,1439435,508,0.409,0.61,0.329,20.0,5000,44.0,1,41.14,0.04,1,0.607,0.0,193,5,5 keran stabil,stable
2026-05-25T01:24:37.020,1439960,495,0.399,0.594,0.282,20.0,5000,44.0,1,41.14,0.04,1,0.607,0.0,193,5,5 keran stabil,stable
2026-05-25T01:24:37.578,1440483,480,0.387,0.576,0.228,20.0,5000,44.0,1,41.14,0.04,1,0.607,0.0,193,5,5 keran stabil,stable
2026-05-25T01:24:38.078,1441008,500,0.403,0.6,0.3,20.0,5000,44.0,1,41.14,0.04,1,0.607,0.0,193,5,5 keran stabil,stable
2026-05-25T01:24:38.638,1441565,497,0.401,0.597,0.29,20.0,5000,44.0,1,41.15,0.04,1,0.607,0.0,193,5,5 keran stabil,stable
2026-05-25T01:24:39.198,1442090,498,0.401,0.598,0.293,20.0,5000,44.0,1,41.15,0.04,1,0.607,0.0,193,5,5 keran stabil,stable
2026-05-25T01:24:39.696,1442618,499,0.402,0.599,0.297,20.0,5000,44.0,1,41.14,0.04,1,0.607,0.0,193,5,5 keran stabil,stable
2026-05-25T01:24:40.195,1443143,501,0.404,0.601,0.304,20.0,5000,44.0,1,41.14,0.04,1,0.607,0.0,193,5,5 keran stabil,stable
2026-05-25T01:24:40.753,1443685,499,0.402,0.599,0.297,20.0,5000,44.0,1,41.17,0.04,1,0.607,0.0,193,5,5 keran stabil,stable
2026-05-25T01:24:41.312,1444210,496,0.4,0.595,0.286,20.0,5000,44.0,1,41.17,0.04,1,0.607,0.0,193,5,5 keran stabil,stable
2026-05-25T01:24:41.817,1444733,500,0.403,0.6,0.3,20.0,5000,44.0,1,41.15,0.04,1,0.607,0.0,193,5,5 keran stabil,stable
2026-05-25T01:24:42.317,1445258,497,0.401,0.597,0.29,20.0,5000,44.0,1,41.15,0.04,1,0.607,0.0,193,5,5 keran stabil,stable
2026-05-25T01:24:42.878,1445820,496,0.4,0.595,0.286,20.0,5000,44.0,1,41.16,0.04,1,0.607,0.0,193,5,5 keran stabil,stable
2026-05-25T01:24:43.439,1446345,495,0.399,0.594,0.282,20.0,5000,44.0,1,41.16,0.04,1,0.607,0.0,193,5,5 keran stabil,stable
2026-05-25T01:24:44.000,1446920,497,0.401,0.597,0.29,20.0,5000,44.0,1,41.16,0.04,1,0.607,0.0,193,5,5 keran stabil,stable
2026-05-25T01:24:44.499,1447445,494,0.398,0.593,0.279,20.0,5000,44.0,1,41.16,0.04,1,0.607,0.0,193,5,5 keran stabil,stable
2026-05-25T01:24:45.055,1447967,474,0.382,0.569,0.207,20.0,5000,44.0,1,41.17,0.04,1,0.607,0.0,193,5,5 keran stabil,stable
2026-05-25T01:24:45.554,1448519,494,0.398,0.593,0.279,20.0,5000,44.0,1,41.18,0.04,1,0.607,0.0,193,5,5 keran stabil,stable
2026-05-25T01:24:46.113,1449044,496,0.4,0.595,0.286,20.0,5000,44.0,1,41.18,0.04,1,0.607,0.0,193,5,5 keran stabil,stable
2026-05-25T01:24:46.613,1449567,490,0.395,0.588,0.264,20.0,5000,44.0,1,41.17,0.04,1,0.607,0.0,193,5,5 keran stabil,stable
2026-05-25T01:24:47.111,1450092,496,0.4,0.595,0.286,20.0,5000,44.0,1,41.17,0.04,1,0.607,0.0,193,5,5 keran stabil,stable
2026-05-25T01:24:47.610,1450549,482,0.388,0.579,0.236,20.0,5000,44.0,1,41.18,0.04,1,0.607,0.0,193,5,5 keran stabil,stable
2026-05-25T01:24:48.110,1451074,497,0.401,0.597,0.29,20.0,5000,44.0,1,41.18,0.04,1,0.607,0.0,193,5,5 keran stabil,stable
2026-05-25T01:24:48.605,1451544,499,0.402,0.599,0.297,20.0,5000,44.0,1,41.19,0.04,1,0.606,0.0,193,5,5 keran stabil,stable
2026-05-25T01:24:49.213,1452174,497,0.401,0.597,0.29,20.0,5000,44.0,1,41.19,0.04,1,0.606,0.0,193,5,5 keran stabil,stable
2026-05-25T01:24:49.713,1452697,499,0.402,0.599,0.297,20.0,5000,44.0,1,41.18,0.04,1,0.607,0.0,193,5,5 keran stabil,stable
2026-05-25T01:24:50.272,1453222,498,0.401,0.598,0.293,20.0,5000,44.0,1,41.18,0.04,1,0.607,0.0,193,5,5 keran stabil,stable
2026-05-25T01:24:50.833,1453783,500,0.403,0.6,0.3,20.0,5000,44.0,1,41.18,0.04,1,0.607,0.0,193,5,5 keran stabil,stable
2026-05-25T01:24:51.330,1454308,494,0.398,0.593,0.279,20.0,5000,44.0,1,41.18,0.04,1,0.607,0.0,193,5,5 keran stabil,stable
2026-05-25T01:24:51.828,1454778,500,0.403,0.6,0.3,20.0,5000,44.0,1,41.18,0.04,1,0.607,0.0,193,5,5 keran stabil,stable
2026-05-25T01:24:52.325,1455303,500,0.403,0.6,0.3,20.0,5000,44.0,1,41.18,0.04,1,0.607,0.0,193,5,5 keran stabil,stable
2026-05-25T01:24:52.824,1455826,496,0.4,0.595,0.286,20.0,5000,44.0,1,41.18,0.04,1,0.607,0.0,193,5,5 keran stabil,stable
2026-05-25T01:24:53.385,1456351,497,0.401,0.597,0.29,20.0,5000,44.0,1,41.18,0.04,1,0.607,0.0,193,5,5 keran stabil,stable
2026-05-25T01:24:53.946,1456913,495,0.399,0.594,0.282,20.0,5000,44.0,1,41.17,0.04,1,0.607,0.0,193,5,5 keran stabil,stable
2026-05-25T01:24:54.446,1457438,496,0.4,0.595,0.286,20.0,5000,44.0,1,41.17,0.04,1,0.607,0.0,193,5,5 keran stabil,stable
2026-05-25T01:24:54.949,1457908,497,0.401,0.597,0.29,20.0,5000,44.0,1,41.18,0.04,1,0.607,0.0,193,5,5 keran stabil,stable
2026-05-25T01:24:55.571,1458538,497,0.401,0.597,0.29,20.0,5000,44.0,1,41.18,0.04,1,0.607,0.0,193,5,5 keran stabil,stable
2026-05-25T01:24:56.070,1459061,496,0.4,0.595,0.286,20.0,5000,44.0,1,41.17,0.04,1,0.607,0.0,193,5,5 keran stabil,stable
2026-05-25T01:24:56.629,1459623,498,0.401,0.598,0.293,20.0,5000,44.0,1,41.17,0.04,1,0.607,0.0,193,5,5 keran stabil,stable
2026-05-25T01:24:57.189,1460148,497,0.401,0.597,0.29,20.0,5000,44.0,1,41.17,0.04,1,0.607,0.0,193,5,5 keran stabil,stable
2026-05-25T01:24:57.749,1460723,502,0.405,0.603,0.308,20.0,5000,44.0,1,41.18,0.04,1,0.607,0.0,193,5,5 keran stabil,stable
2026-05-25T01:24:58.251,1461248,497,0.401,0.597,0.29,20.0,5000,44.0,1,41.18,0.04,1,0.607,0.0,193,5,5 keran stabil,stable
2026-05-25T01:24:58.751,1461770,499,0.402,0.599,0.297,20.0,5000,44.0,1,41.18,0.04,1,0.607,0.0,193,5,5 keran stabil,stable
2026-05-25T01:24:59.311,1462295,499,0.402,0.599,0.297,20.0,5000,44.0,1,41.18,0.04,1,0.607,0.0,193,5,5 keran stabil,stable
2026-05-25T01:24:59.872,1462847,499,0.402,0.599,0.297,20.0,5000,44.0,1,41.18,0.04,1,0.607,0.0,193,5,5 keran stabil,stable
2026-05-25T01:25:00.497,1463477,502,0.405,0.603,0.308,20.0,5000,44.0,1,41.18,0.04,1,0.607,0.0,193,5,5 keran stabil,stable
2026-05-25T01:25:01.117,1464105,501,0.404,0.601,0.304,20.0,5000,44.0,1,41.18,0.04,1,0.607,0.0,193,5,5 keran stabil,stable
2026-05-25T01:25:01.679,1464657,485,0.391,0.582,0.246,20.0,5000,44.0,1,41.18,0.04,1,0.607,0.0,193,5,5 keran stabil,stable
2026-05-25T01:25:02.175,1465182,495,0.399,0.594,0.282,20.0,5000,44.0,1,41.18,0.04,1,0.607,0.0,193,5,5 keran stabil,stable
2026-05-25T01:25:02.672,1465705,497,0.401,0.597,0.29,20.0,5000,44.0,1,41.19,0.04,1,0.606,0.0,193,5,5 keran stabil,stable
2026-05-25T01:25:03.231,1466230,497,0.401,0.597,0.29,20.0,5000,44.0,1,41.19,0.04,1,0.606,0.0,193,5,5 keran stabil,stable
2026-05-25T01:25:03.790,1466792,496,0.4,0.595,0.286,20.0,5000,44.0,1,41.18,0.04,1,0.607,0.0,193,5,5 keran stabil,stable
2026-05-25T01:25:04.284,1467317,501,0.404,0.601,0.304,20.0,5000,44.0,1,41.18,0.04,1,0.607,0.0,193,5,5 keran stabil,stable
2026-05-25T01:25:04.784,1467787,498,0.401,0.598,0.293,20.0,5000,44.0,1,41.2,0.039,1,0.622,0.0,193,5,5 keran stabil,stable
2026-05-25T01:25:05.283,1468312,498,0.401,0.598,0.293,20.0,5000,44.0,1,41.2,0.039,1,0.622,0.0,193,5,5 keran stabil,stable
2026-05-25T01:25:05.840,1468835,497,0.401,0.597,0.29,20.0,5000,44.0,1,41.18,0.04,1,0.607,0.0,193,5,5 keran stabil,stable
2026-05-25T01:25:06.341,1469360,500,0.403,0.6,0.3,20.0,5000,44.0,1,41.18,0.04,1,0.607,0.0,193,5,5 keran stabil,stable
2026-05-25T01:25:06.899,1469922,499,0.402,0.599,0.297,20.0,5000,44.0,1,41.19,0.04,1,0.606,0.0,193,5,5 keran stabil,stable
2026-05-25T01:25:07.396,1470447,494,0.398,0.593,0.279,20.0,5000,44.0,1,41.19,0.04,1,0.606,0.0,193,5,5 keran stabil,stable
2026-05-25T01:25:07.896,1470917,493,0.397,0.592,0.275,20.0,5000,44.0,1,41.19,0.04,1,0.606,0.0,193,5,5 keran stabil,stable
2026-05-25T01:25:08.392,1471442,496,0.4,0.595,0.286,20.0,5000,44.0,1,41.19,0.04,1,0.606,0.0,193,5,5 keran stabil,stable
2026-05-25T01:25:08.952,1471965,500,0.403,0.6,0.3,20.0,5000,44.0,1,41.19,0.04,1,0.606,0.0,193,5,5 keran stabil,stable
2026-05-25T01:25:09.453,1472490,499,0.402,0.599,0.297,20.0,5000,44.0,1,41.19,0.04,1,0.606,0.0,193,5,5 keran stabil,stable
2026-05-25T01:25:10.015,1473052,496,0.4,0.595,0.286,20.0,5000,44.0,1,41.18,0.04,1,0.607,0.0,193,5,5 keran stabil,stable
2026-05-25T01:25:10.516,1473577,494,0.398,0.593,0.279,20.0,5000,44.0,1,41.18,0.04,1,0.607,0.0,193,5,5 keran stabil,stable
2026-05-25T01:25:11.013,1474047,496,0.4,0.595,0.286,20.0,5000,44.0,1,41.18,0.04,1,0.607,0.0,193,5,5 keran stabil,stable
2026-05-25T01:25:11.635,1474677,499,0.402,0.599,0.297,20.0,5000,44.0,1,41.18,0.04,1,0.607,0.0,193,5,5 keran stabil,stable
2026-05-25T01:25:12.133,1475200,499,0.402,0.599,0.297,20.0,5000,44.0,1,41.17,0.04,1,0.607,0.0,193,5,5 keran stabil,stable
2026-05-25T01:25:12.693,1475762,496,0.4,0.595,0.286,20.0,5000,44.0,1,41.18,0.04,1,0.607,0.0,193,5,5 keran stabil,stable
2026-05-25T01:25:13.255,1476287,497,0.401,0.597,0.29,20.0,5000,44.0,1,41.18,0.04,1,0.607,0.0,193,5,5 keran stabil,stable
2026-05-25T01:25:13.810,1476861,503,0.405,0.604,0.311,20.0,5000,44.0,1,41.17,0.04,1,0.607,0.0,193,5,5 keran stabil,stable
2026-05-25T01:25:14.309,1477386,496,0.4,0.595,0.286,20.0,5000,44.0,1,41.17,0.04,1,0.607,0.0,193,5,5 keran stabil,stable
2026-05-25T01:25:14.872,1477909,494,0.398,0.593,0.279,20.0,5000,44.0,1,41.17,0.04,1,0.607,0.0,193,5,5 keran stabil,stable
2026-05-25T01:25:15.492,1478539,497,0.401,0.597,0.29,20.0,5000,44.0,1,41.17,0.04,1,0.607,0.0,193,5,5 keran stabil,stable
2026-05-25T01:25:16.054,1479091,496,0.4,0.595,0.286,20.0,5000,44.0,1,41.17,0.04,1,0.607,0.0,193,5,5 keran stabil,stable
2026-05-25T01:25:16.552,1479616,498,0.401,0.598,0.293,20.0,5000,44.0,1,41.17,0.04,1,0.607,0.0,193,5,5 keran stabil,stable
2026-05-25T01:25:17.048,1480138,494,0.398,0.593,0.279,20.0,5000,44.0,1,41.17,0.04,1,0.607,0.0,193,5,5 keran stabil,stable
2026-05-25T01:25:17.609,1480663,501,0.404,0.601,0.304,20.0,5000,44.0,1,41.17,0.04,1,0.607,0.0,193,5,5 keran stabil,stable
2026-05-25T01:25:18.169,1481216,495,0.399,0.594,0.282,20.0,5000,44.0,1,41.16,0.04,1,0.607,0.0,193,5,5 keran stabil,stable
2026-05-25T01:25:18.793,1481844,494,0.398,0.593,0.279,20.0,5000,44.0,1,41.17,0.04,1,0.607,0.0,193,5,5 keran stabil,stable
2026-05-25T01:25:19.412,1482474,497,0.401,0.597,0.29,20.0,5000,44.0,1,41.17,0.04,1,0.607,0.0,193,5,5 keran stabil,stable
2026-05-25T01:25:19.972,1483036,495,0.399,0.594,0.282,20.0,5000,44.0,1,41.16,0.04,1,0.607,0.0,193,5,5 keran stabil,stable
2026-05-25T01:25:20.467,1483561,496,0.4,0.595,0.286,20.0,5000,44.0,1,41.16,0.04,1,0.607,0.0,193,5,5 keran stabil,stable
2026-05-25T01:25:20.966,1484031,471,0.38,0.565,0.196,20.0,5000,44.0,1,41.17,0.04,1,0.607,0.0,193,5,5 keran stabil,stable
2026-05-25T01:25:21.589,1484661,495,0.399,0.594,0.282,20.0,5000,44.0,1,41.17,0.04,1,0.607,0.0,193,5,5 keran stabil,stable
2026-05-25T01:25:22.084,1485184,496,0.4,0.595,0.286,20.0,5000,44.0,1,41.16,0.04,1,0.607,0.0,193,5,5 keran stabil,stable
2026-05-25T01:25:22.644,1485709,497,0.401,0.597,0.29,20.0,5000,44.0,1,41.16,0.04,1,0.607,0.0,193,5,5 keran stabil,stable
2026-05-25T01:25:23.144,1486261,498,0.401,0.598,0.293,20.0,5000,44.0,1,41.17,0.04,1,0.607,0.0,193,5,5 keran stabil,stable
2026-05-25T01:25:23.705,1486786,495,0.399,0.594,0.282,20.0,5000,44.0,1,41.17,0.04,1,0.607,0.0,193,5,5 keran stabil,stable
2026-05-25T01:25:24.202,1487309,490,0.395,0.588,0.264,20.0,5000,44.0,1,41.16,0.04,1,0.607,0.0,193,5,5 keran stabil,stable
2026-05-25T01:25:24.764,1487871,494,0.398,0.593,0.279,20.0,5000,44.0,1,41.17,0.04,1,0.607,0.0,193,5,5 keran stabil,stable
2026-05-25T01:25:25.326,1488396,496,0.4,0.595,0.286,20.0,5000,44.0,1,41.17,0.04,1,0.607,0.0,193,5,5 keran stabil,stable
2026-05-25T01:25:25.887,1488971,496,0.4,0.595,0.286,20.0,5000,44.0,1,41.17,0.04,1,0.607,0.0,193,5,5 keran stabil,stable
2026-05-25T01:25:26.510,1489601,496,0.4,0.595,0.286,20.0,5000,44.0,1,41.17,0.04,1,0.607,0.0,193,5,5 keran stabil,stable
2026-05-25T01:25:27.006,1490124,497,0.401,0.597,0.29,20.0,5000,44.0,1,41.18,0.04,1,0.607,0.0,193,5,5 keran stabil,stable
2026-05-25T01:25:27.567,1490649,497,0.401,0.597,0.29,20.0,5000,44.0,1,41.18,0.04,1,0.607,0.0,193,5,5 keran stabil,stable
2026-05-25T01:25:28.123,1491211,496,0.4,0.595,0.286,20.0,5000,44.0,1,41.18,0.04,1,0.607,0.0,193,5,5 keran stabil,stable
2026-05-25T01:25:28.624,1491736,496,0.4,0.595,0.286,20.0,5000,44.0,1,41.18,0.04,1,0.607,0.0,193,5,5 keran stabil,stable
2026-05-25T01:25:29.122,1492206,489,0.394,0.587,0.261,20.0,5000,44.0,1,41.19,0.04,1,0.606,0.0,193,5,5 keran stabil,stable
2026-05-25T01:25:29.743,1492836,496,0.4,0.595,0.286,20.0,5000,44.0,1,41.19,0.04,1,0.606,0.0,193,5,5 keran stabil,stable
2026-05-25T01:25:30.240,1493359,485,0.391,0.582,0.246,20.0,5000,44.0,1,41.18,0.04,1,0.607,0.0,193,5,5 keran stabil,stable
2026-05-25T01:25:30.801,1493921,499,0.402,0.599,0.297,20.0,5000,44.0,1,41.18,0.04,1,0.607,0.0,193,5,5 keran stabil,stable
2026-05-25T01:25:31.293,1494446,497,0.401,0.597,0.29,20.0,5000,44.0,1,41.18,0.04,1,0.607,0.0,193,5,5 keran stabil,stable
2026-05-25T01:25:31.792,1494915,492,0.396,0.591,0.272,20.0,5000,44.0,1,41.17,0.04,1,0.607,0.0,193,5,5 keran stabil,stable
2026-05-25T01:25:32.412,1495545,501,0.404,0.601,0.304,20.0,5000,44.0,1,41.17,0.04,1,0.607,0.0,193,5,5 keran stabil,stable
2026-05-25T01:25:32.914,1496068,494,0.398,0.593,0.279,20.0,5000,44.0,1,41.18,0.04,1,0.607,0.0,193,5,5 keran stabil,stable
2026-05-25T01:25:33.478,1496593,498,0.401,0.598,0.293,20.0,5000,44.0,1,41.18,0.04,1,0.607,0.0,193,5,5 keran stabil,stable
2026-05-25T01:25:34.038,1497155,499,0.402,0.599,0.297,20.0,5000,44.0,1,41.18,0.04,1,0.607,0.0,193,5,5 keran stabil,stable
2026-05-25T01:25:34.535,1497680,493,0.397,0.592,0.275,20.0,5000,44.0,1,41.18,0.04,1,0.607,0.0,193,5,5 keran stabil,stable
2026-05-25T01:25:35.034,1498150,496,0.4,0.595,0.286,20.0,5000,44.0,1,41.18,0.04,1,0.607,0.0,193,5,5 keran stabil,stable
2026-05-25T01:25:35.530,1498675,496,0.4,0.595,0.286,20.0,5000,44.0,1,41.18,0.04,1,0.607,0.0,193,5,5 keran stabil,stable
2026-05-25T01:25:36.028,1499198,500,0.403,0.6,0.3,20.0,5000,44.0,1,41.17,0.04,1,0.607,0.0,193,5,5 keran stabil,stable
2026-05-25T01:25:36.588,1499723,494,0.398,0.593,0.279,20.0,5000,44.0,1,41.17,0.04,1,0.607,0.0,193,5,5 keran stabil,stable
2026-05-25T01:25:37.148,1500285,492,0.396,0.591,0.272,20.0,5000,44.0,1,41.17,0.04,1,0.607,0.0,193,5,5 keran stabil,stable
2026-05-25T01:25:37.643,1500810,497,0.401,0.597,0.29,20.0,5000,44.0,1,41.17,0.04,1,0.607,0.0,193,5,5 keran stabil,stable
2026-05-25T01:25:38.142,1501279,496,0.4,0.595,0.286,20.0,5000,44.0,1,41.16,0.04,1,0.607,0.0,193,5,5 keran stabil,stable
2026-05-25T01:25:38.642,1501804,501,0.404,0.601,0.304,20.0,5000,44.0,1,41.16,0.04,1,0.607,0.0,193,5,5 keran stabil,stable
2026-05-25T01:25:39.203,1502327,490,0.395,0.588,0.264,20.0,5000,44.0,1,41.17,0.04,1,0.607,0.0,193,5,5 keran stabil,stable
2026-05-25T01:25:39.704,1502852,495,0.399,0.594,0.282,20.0,5000,44.0,1,41.17,0.04,1,0.607,0.0,193,5,5 keran stabil,stable
2026-05-25T01:25:40.264,1503404,499,0.402,0.599,0.297,20.0,5000,44.0,1,41.17,0.04,1,0.607,0.0,193,5,5 keran stabil,stable
2026-05-25T01:25:40.886,1504032,498,0.401,0.598,0.293,20.0,5000,44.0,1,41.19,0.04,1,0.606,0.0,193,5,5 keran stabil,stable
2026-05-25T01:25:41.386,1504557,501,0.404,0.601,0.304,20.0,5000,44.0,1,41.19,0.04,1,0.606,0.0,193,5,5 keran stabil,stable
2026-05-25T01:25:41.946,1505109,499,0.402,0.599,0.297,20.0,5000,44.0,1,41.17,0.04,1,0.607,0.0,193,5,5 keran stabil,stable
2026-05-25T01:25:42.444,1505634,482,0.388,0.579,0.236,20.0,5000,44.0,1,41.17,0.04,1,0.607,0.0,193,5,5 keran stabil,stable
2026-05-25T01:25:43.003,1506157,500,0.403,0.6,0.3,20.0,5000,44.0,1,41.19,0.04,1,0.606,0.0,193,5,5 keran stabil,stable
2026-05-25T01:25:43.503,1506682,491,0.396,0.589,0.268,20.0,5000,44.0,1,41.19,0.04,1,0.606,0.0,193,5,5 keran stabil,stable
2026-05-25T01:25:44.065,1507244,505,0.407,0.606,0.318,20.0,5000,44.0,1,41.19,0.04,1,0.606,0.0,193,5,5 keran stabil,stable
2026-05-25T01:25:44.623,1507769,485,0.391,0.582,0.246,20.0,5000,44.0,1,41.19,0.04,1,0.606,0.0,193,5,5 keran stabil,stable
2026-05-25T01:25:45.185,1508344,495,0.399,0.594,0.282,20.0,5000,44.0,1,41.2,0.039,1,0.622,0.0,193,5,5 keran stabil,stable
2026-05-25T01:25:45.803,1508974,495,0.399,0.594,0.282,20.0,5000,44.0,1,41.2,0.039,1,0.622,0.0,193,5,5 keran stabil,stable
2026-05-25T01:25:46.303,1509497,497,0.401,0.597,0.29,20.0,5000,44.0,1,41.18,0.04,1,0.607,0.0,193,5,5 keran stabil,stable
2026-05-25T01:25:46.864,1510059,499,0.402,0.599,0.297,20.0,5000,44.0,1,41.19,0.04,1,0.606,0.0,193,5,5 keran stabil,stable
2026-05-25T01:25:47.420,1510584,496,0.4,0.595,0.286,20.0,5000,44.0,1,41.19,0.04,1,0.606,0.0,193,5,5 keran stabil,stable
2026-05-25T01:25:47.980,1511159,492,0.396,0.591,0.272,20.0,5000,44.0,1,41.18,0.04,1,0.607,0.0,193,5,5 keran stabil,stable
2026-05-25T01:25:48.477,1511684,496,0.4,0.595,0.286,20.0,5000,44.0,1,41.18,0.04,1,0.607,0.0,193,5,5 keran stabil,stable
2026-05-25T01:25:49.041,1512207,500,0.403,0.6,0.3,20.0,5000,44.0,1,41.19,0.04,1,0.606,0.0,193,5,5 keran stabil,stable
2026-05-25T01:25:49.540,1512732,497,0.401,0.597,0.29,20.0,5000,44.0,1,41.19,0.04,1,0.606,0.0,193,5,5 keran stabil,stable
2026-05-25T01:25:50.101,1513294,497,0.401,0.597,0.29,20.0,5000,44.0,1,41.18,0.04,1,0.607,0.0,193,5,5 keran stabil,stable
2026-05-25T01:25:50.600,1513819,479,0.386,0.575,0.225,20.0,5000,44.0,1,41.18,0.04,1,0.607,0.0,193,5,5 keran stabil,stable
2026-05-25T01:25:51.098,1514289,512,0.413,0.615,0.344,20.0,5000,44.0,1,41.18,0.04,1,0.607,0.0,193,5,5 keran stabil,stable
2026-05-25T01:25:51.595,1514814,499,0.402,0.599,0.297,20.0,5000,44.0,1,41.18,0.04,1,0.607,0.0,193,5,5 keran stabil,stable
2026-05-25T01:25:52.153,1515336,497,0.401,0.597,0.29,20.0,5000,44.0,1,41.17,0.039,1,0.622,0.0,193,5,5 keran stabil,stable
2026-05-25T01:25:52.772,1515966,479,0.386,0.575,0.225,20.0,5000,44.0,1,41.17,0.039,1,0.622,0.0,193,5,5 keran stabil,stable
2026-05-25T01:25:53.330,1516518,495,0.399,0.594,0.282,20.0,5000,44.0,1,41.18,0.04,1,0.607,0.0,193,5,5 keran stabil,stable
2026-05-25T01:25:53.827,1517043,494,0.398,0.593,0.279,20.0,5000,44.0,1,41.18,0.04,1,0.607,0.0,193,5,5 keran stabil,stable
2026-05-25T01:25:54.326,1517566,497,0.401,0.597,0.29,20.0,5000,44.0,1,41.17,0.04,1,0.607,0.0,193,5,5 keran stabil,stable
2026-05-25T01:25:54.891,1518128,493,0.397,0.592,0.275,20.0,5000,44.0,1,41.17,0.04,1,0.607,0.0,193,5,5 keran stabil,stable
2026-05-25T01:25:55.452,1518653,497,0.401,0.597,0.29,20.0,5000,44.0,1,41.17,0.04,1,0.607,0.0,193,5,5 keran stabil,stable
2026-05-25T01:25:56.014,1519228,499,0.402,0.599,0.297,20.0,5000,44.0,1,41.17,0.04,1,0.607,0.0,193,5,5 keran stabil,stable
2026-05-25T01:25:56.513,1519753,495,0.399,0.594,0.282,20.0,5000,44.0,1,41.17,0.04,1,0.607,0.0,193,5,5 keran stabil,stable
2026-05-25T01:25:57.071,1520276,514,0.414,0.617,0.351,20.0,5000,44.0,1,41.18,0.04,1,0.607,0.0,193,5,5 keran stabil,stable
2026-05-25T01:25:57.573,1520801,495,0.399,0.594,0.282,20.0,5000,44.0,1,41.18,0.04,1,0.607,0.0,193,5,5 keran stabil,stable
2026-05-25T01:25:58.131,1521363,495,0.399,0.594,0.282,20.0,5000,44.0,1,41.18,0.04,1,0.607,0.0,193,5,5 keran stabil,stable
2026-05-25T01:25:58.689,1521888,495,0.399,0.594,0.282,20.0,5000,44.0,1,41.18,0.04,1,0.607,0.0,193,5,5 keran stabil,stable
2026-05-25T01:25:59.249,1522463,500,0.403,0.6,0.3,20.0,5000,44.0,1,41.2,0.04,1,0.606,0.0,193,5,5 keran stabil,stable
2026-05-25T01:25:59.870,1523093,497,0.401,0.597,0.29,20.0,5000,44.0,1,41.2,0.04,1,0.606,0.0,193,5,5 keran stabil,stable
2026-05-25T01:26:00.366,1523616,489,0.394,0.587,0.261,20.0,5000,44.0,1,41.19,0.04,1,0.606,0.0,193,5,5 keran stabil,stable
2026-05-25T01:26:00.912,1524178,494,0.398,0.593,0.279,20.0,5000,44.0,1,41.19,0.039,1,0.622,0.0,193,5,5 keran stabil,stable
2026-05-25T01:26:01.474,1524703,497,0.401,0.597,0.29,20.0,5000,44.0,1,41.19,0.039,1,0.622,0.0,193,5,5 keran stabil,stable
2026-05-25T01:26:02.036,1525278,493,0.397,0.592,0.275,20.0,5000,44.0,1,41.18,0.039,1,0.622,0.0,193,5,5 keran stabil,stable
2026-05-25T01:26:02.532,1525803,497,0.401,0.597,0.29,20.0,5000,44.0,1,41.18,0.039,1,0.622,0.0,193,5,5 keran stabil,stable
2026-05-25T01:26:03.092,1526326,495,0.399,0.594,0.282,20.0,5000,44.0,1,41.19,0.04,1,0.606,0.0,193,5,5 keran stabil,stable
2026-05-25T01:26:03.590,1526851,500,0.403,0.6,0.3,20.0,5000,44.0,1,41.19,0.04,1,0.606,0.0,193,5,5 keran stabil,stable
2026-05-25T01:26:04.154,1527413,497,0.401,0.597,0.29,20.0,5000,44.0,1,41.19,0.04,1,0.606,0.0,193,5,5 keran stabil,stable
2026-05-25T01:26:04.713,1527938,502,0.405,0.603,0.308,20.0,5000,44.0,1,41.19,0.04,1,0.606,0.0,193,5,5 keran stabil,stable
2026-05-25T01:26:05.271,1528513,500,0.403,0.6,0.3,20.0,5000,44.0,1,41.19,0.04,1,0.606,0.0,193,5,5 keran stabil,stable
2026-05-25T01:26:05.769,1529038,499,0.402,0.599,0.297,20.0,5000,44.0,1,41.19,0.04,1,0.606,0.0,193,5,5 keran stabil,stable
2026-05-25T01:26:06.328,1529561,496,0.4,0.595,0.286,20.0,5000,44.0,1,41.17,0.04,1,0.607,0.0,193,5,5 keran stabil,stable
2026-05-25T01:26:06.826,1530086,499,0.402,0.599,0.297,20.0,5000,44.0,1,41.17,0.04,1,0.607,0.0,193,5,5 keran stabil,stable
2026-05-25T01:26:07.386,1530648,497,0.401,0.597,0.29,20.0,5000,44.0,1,41.19,0.04,1,0.606,0.0,193,5,5 keran stabil,stable
2026-05-25T01:26:07.944,1531223,494,0.398,0.593,0.279,20.0,5000,44.0,1,41.18,0.04,1,0.607,0.0,193,5,5 keran stabil,stable
2026-05-25T01:26:08.505,1531748,496,0.4,0.595,0.286,20.0,5000,44.0,1,41.18,0.04,1,0.607,0.0,193,5,5 keran stabil,stable
2026-05-25T01:26:09.003,1532271,501,0.404,0.601,0.304,20.0,5000,44.0,1,41.19,0.04,1,0.606,0.0,193,5,5 keran stabil,stable
2026-05-25T01:26:09.499,1532796,497,0.401,0.597,0.29,20.0,5000,44.0,1,41.19,0.04,1,0.606,0.0,193,5,5 keran stabil,stable
2026-05-25T01:26:09.997,1533253,456,0.367,0.547,0.142,20.0,5000,44.0,1,41.18,0.04,1,0.607,0.0,193,5,5 keran stabil,stable
2026-05-25T01:26:10.620,1533883,491,0.396,0.589,0.268,20.0,5000,44.0,1,41.18,0.04,1,0.607,0.0,193,5,5 keran stabil,stable
2026-05-25T01:26:11.180,1534458,496,0.4,0.595,0.286,20.0,5000,44.0,1,41.18,0.04,1,0.607,0.0,193,5,5 keran stabil,stable
2026-05-25T01:26:11.681,1534983,495,0.399,0.594,0.282,20.0,5000,44.0,1,41.18,0.04,1,0.607,0.0,193,5,5 keran stabil,stable
2026-05-25T01:26:12.241,1535506,496,0.4,0.595,0.286,20.0,5000,44.0,1,41.17,0.04,1,0.607,0.0,193,5,5 keran stabil,stable
2026-05-25T01:26:12.735,1536031,496,0.4,0.595,0.286,20.0,5000,44.0,1,41.17,0.04,1,0.607,0.0,193,5,5 keran stabil,stable
2026-05-25T01:26:13.234,1536488,495,0.399,0.594,0.282,20.0,5000,44.0,1,41.18,0.04,1,0.607,0.0,193,5,5 keran stabil,stable
2026-05-25T01:26:13.732,1537013,496,0.4,0.595,0.286,20.0,5000,44.0,1,41.18,0.04,1,0.607,0.0,193,5,5 keran stabil,stable
2026-05-25T01:26:14.292,1537588,499,0.402,0.599,0.297,20.0,5000,44.0,1,41.18,0.04,1,0.607,0.0,193,5,5 keran stabil,stable
2026-05-25T01:26:14.852,1538113,494,0.398,0.593,0.279,20.0,5000,44.0,1,41.18,0.04,1,0.607,0.0,193,5,5 keran stabil,stable
2026-05-25T01:26:15.349,1538636,497,0.401,0.597,0.29,20.0,5000,44.0,1,41.19,0.04,1,0.606,0.0,193,5,5 keran stabil,stable
2026-05-25T01:26:15.846,1539161,490,0.395,0.588,0.264,20.0,5000,44.0,1,41.19,0.04,1,0.606,0.0,193,5,5 keran stabil,stable
2026-05-25T01:26:16.345,1539618,499,0.402,0.599,0.297,20.0,5000,44.0,1,41.18,0.039,1,0.622,0.0,193,5,5 keran stabil,stable
2026-05-25T01:26:16.843,1540143,500,0.403,0.6,0.3,20.0,5000,44.0,1,41.18,0.039,1,0.622,0.0,193,5,5 keran stabil,stable
2026-05-25T01:26:17.339,1540613,499,0.402,0.599,0.297,20.0,5000,44.0,1,41.17,0.04,1,0.607,0.0,193,5,5 keran stabil,stable
2026-05-25T01:26:17.962,1541243,501,0.404,0.601,0.304,20.0,5000,44.0,1,41.17,0.04,1,0.607,0.0,193,5,5 keran stabil,stable
2026-05-25T01:26:18.459,1541766,498,0.401,0.598,0.293,20.0,5000,44.0,1,41.18,0.04,1,0.607,0.0,193,5,5 keran stabil,stable
2026-05-25T01:26:19.022,1542328,495,0.399,0.594,0.282,20.0,5000,44.0,1,41.17,0.04,1,0.607,0.0,193,5,5 keran stabil,stable
2026-05-25T01:26:19.519,1542853,500,0.403,0.6,0.3,20.0,5000,44.0,1,41.17,0.04,1,0.607,0.0,193,5,5 keran stabil,stable
2026-05-25T01:26:20.016,1543323,481,0.388,0.577,0.232,20.0,5000,44.0,1,40.83,0.039,1,0.627,0.0,193,5,5 keran stabil,stable
2026-05-25T01:26:20.517,1543848,494,0.398,0.593,0.279,20.0,5000,44.0,1,40.83,0.039,1,0.627,0.0,193,5,5 keran stabil,stable
2026-05-25T01:26:21.077,1544371,498,0.401,0.598,0.293,20.0,5000,44.0,1,37.23,0.042,1,0.639,0.0,193,5,5 keran stabil,stable
2026-05-25T01:26:21.575,1544896,496,0.4,0.595,0.286,20.0,5000,44.0,1,37.23,0.042,1,0.639,0.0,193,5,5 keran stabil,stable
2026-05-25T01:26:22.136,1545458,496,0.4,0.595,0.286,20.0,5000,44.0,1,36.75,0.042,1,0.647,0.0,193,5,5 keran stabil,stable
2026-05-25T01:26:22.637,1545983,498,0.401,0.598,0.293,20.0,5000,44.0,1,36.75,0.042,1,0.647,0.0,193,5,5 keran stabil,stable
2026-05-25T01:26:23.258,1546558,495,0.399,0.594,0.282,20.0,5000,44.0,1,31.48,0.047,1,0.675,0.0,193,5,5 keran stabil,stable
2026-05-25T01:26:23.759,1547083,500,0.403,0.6,0.3,20.0,5000,44.0,1,31.48,0.047,1,0.675,0.0,193,5,5 keran stabil,stable
2026-05-25T01:26:24.255,1547606,464,0.374,0.557,0.171,20.0,5000,44.0,1,26.89,0.058,1,0.641,0.0,193,5,5 keran stabil,stable
2026-05-25T01:26:24.816,1548131,481,0.388,0.577,0.232,20.0,5000,44.0,1,26.89,0.058,1,0.641,0.0,193,5,5 keran stabil,stable
2026-05-25T01:26:25.376,1548693,496,0.4,0.595,0.286,20.0,5000,44.0,1,24.9,0.067,1,0.599,0.0,193,5,5 keran stabil,stable
2026-05-25T01:26:25.873,1549218,499,0.402,0.599,0.297,20.0,5000,44.0,1,24.9,0.067,1,0.599,0.0,193,5,5 keran stabil,stable
2026-05-25T01:26:26.433,1549793,498,0.401,0.598,0.293,20.0,5000,44.0,1,20.36,0.074,1,0.663,0.0,193,5,5 keran stabil,stable
2026-05-25T01:26:26.993,1550318,480,0.387,0.576,0.228,20.0,5000,44.0,1,20.36,0.074,1,0.663,0.0,193,5,5 keran stabil,stable
2026-05-25T01:26:27.488,1550837,500,0.403,0.6,0.3,20.0,5000,44.0,1,16.73,0.069,0,0.0,0.0,193,5,5 keran stabil,stable
2026-05-25T01:26:28.047,1551393,496,0.4,0.595,0.286,20.0,5000,44.0,1,13.08,0.069,0,0.0,0.0,193,5,5 keran stabil,stable
2026-05-25T01:26:28.543,1551914,500,0.403,0.6,0.3,20.0,5000,44.0,1,13.08,0.069,0,0.0,0.0,193,5,5 keran stabil,stable
2026-05-25T01:26:29.106,1552431,497,0.401,0.597,0.29,20.0,5000,44.0,1,10.65,0.036,0,0.0,0.0,193,5,5 keran stabil,stable
2026-05-25T01:26:29.731,1553055,493,0.397,0.592,0.275,20.0,5000,44.0,1,10.65,0.036,0,0.0,0.0,193,5,5 keran stabil,stable
2026-05-25T01:26:30.292,1553622,499,0.402,0.599,0.297,20.0,5000,44.0,1,7.88,0.0,0,0.0,0.0,193,5,5 keran stabil,stable
2026-05-25T01:26:30.790,1554142,497,0.401,0.597,0.29,20.0,5000,44.0,1,7.88,0.0,0,0.0,0.0,193,5,5 keran stabil,stable
2026-05-25T01:26:31.289,1554660,470,0.379,0.564,0.192,20.0,5000,44.0,1,3.33,0.0,0,0.0,0.0,193,5,5 keran stabil,stable
2026-05-25T01:26:31.848,1555180,492,0.396,0.591,0.272,20.0,5000,44.0,1,3.33,0.0,0,0.0,0.0,193,5,5 keran stabil,stable
2026-05-25T01:26:32.345,1555736,476,0.384,0.571,0.214,20.0,5000,44.0,1,0.5,0.0,0,0.0,0.0,193,5,5 keran stabil,stable
2026-05-25T01:26:32.903,1556256,498,0.401,0.598,0.293,20.0,5000,44.0,1,0.5,0.0,0,0.0,0.0,193,5,5 keran stabil,stable
2026-05-25T01:26:33.402,1556774,497,0.401,0.597,0.29,20.0,5000,44.0,1,0.48,0.0,0,0.0,0.0,193,5,5 keran stabil,stable
2026-05-25T01:26:34.089,1557434,499,0.402,0.599,0.297,20.0,5000,44.0,1,0.48,0.0,0,0.0,0.0,193,5,5 keran stabil,stable
2026-05-25T01:26:34.586,1557954,497,0.401,0.597,0.29,20.0,5000,44.0,1,0.48,0.0,0,0.0,0.0,193,5,5 keran stabil,stable
2026-05-25T01:26:35.087,1558472,495,0.399,0.594,0.282,20.0,5000,44.0,1,0.48,0.0,0,0.0,0.0,193,5,5 keran stabil,stable
2026-05-25T01:26:35.586,1558992,497,0.401,0.597,0.29,20.0,5000,44.0,1,0.48,0.0,0,0.0,0.0,193,5,5 keran stabil,stable
2026-05-25T01:26:36.085,1559444,497,0.401,0.597,0.29,20.0,5000,44.0,1,0.48,0.0,0,0.0,0.0,193,5,5 keran stabil,stable
2026-05-25T01:26:36.586,1559964,499,0.402,0.599,0.297,20.0,5000,44.0,1,0.48,0.0,0,0.0,0.0,193,5,5 keran stabil,stable
2026-05-25T01:26:37.085,1560481,499,0.402,0.599,0.297,20.0,5000,44.0,1,0.49,0.0,0,0.0,0.0,193,5,5 keran stabil,stable
2026-05-25T01:26:37.645,1561001,502,0.405,0.603,0.308,20.0,5000,44.0,1,0.49,0.0,0,0.0,0.0,193,5,5 keran stabil,stable
2026-05-25T01:26:38.203,1561568,502,0.405,0.603,0.308,20.0,5000,44.0,1,0.49,0.0,0,0.0,0.0,193,5,5 keran stabil,stable
2026-05-25T01:26:38.699,1562088,499,0.402,0.599,0.297,20.0,5000,44.0,1,0.49,0.0,0,0.0,0.0,193,5,5 keran stabil,stable
2026-05-25T01:26:39.323,1562710,495,0.399,0.594,0.282,20.0,5000,44.0,1,0.0,0.0,0,0.0,0.0,193,5,5 keran stabil,stable
2026-05-25T01:26:39.817,1563230,497,0.401,0.597,0.29,20.0,5000,44.0,1,0.0,0.0,0,0.0,0.0,193,5,5 keran stabil,stable
2026-05-25T01:26:40.316,1563682,496,0.4,0.595,0.286,20.0,5000,44.0,1,0.0,0.0,0,0.0,0.0,193,5,5 keran stabil,stable
2026-05-25T01:26:40.817,1564202,500,0.403,0.6,0.3,20.0,5000,44.0,1,0.0,0.0,0,0.0,0.0,193,5,5 keran stabil,stable
2026-05-25T01:26:41.316,1564720,498,0.401,0.598,0.293,20.0,5000,44.0,1,0.0,0.0,0,0.0,0.0,193,5,5 keran stabil,stable
2026-05-25T01:26:41.814,1565240,497,0.401,0.597,0.29,20.0,5000,44.0,1,0.0,0.0,0,0.0,0.0,193,5,5 keran stabil,stable
2026-05-25T01:26:42.313,1565697,497,0.401,0.597,0.29,20.0,5000,44.0,1,0.0,0.0,0,0.0,0.0,193,5,5 keran stabil,stable
2026-05-25T01:26:42.808,1566217,496,0.4,0.595,0.286,20.0,5000,44.0,1,0.0,0.0,0,0.0,0.0,193,5,5 keran stabil,stable
2026-05-25T01:26:43.366,1566740,497,0.401,0.597,0.29,20.0,5000,44.0,1,0.0,0.0,0,0.0,0.0,193,5,5 keran stabil,stable
2026-05-25T01:26:43.862,1567260,495,0.399,0.594,0.282,20.0,5000,44.0,1,0.0,0.0,0,0.0,0.0,193,5,5 keran stabil,stable
2026-05-25T01:26:44.420,1567816,500,0.403,0.6,0.3,20.0,5000,44.0,1,0.0,0.0,0,0.0,0.0,193,5,5 keran stabil,stable
2026-05-25T01:26:45.036,1568440,496,0.4,0.595,0.286,20.0,5000,44.0,1,0.0,0.0,0,0.0,0.0,193,5,5 keran stabil,stable
2026-05-25T01:26:45.648,1569062,499,0.402,0.599,0.297,20.0,5000,44.0,1,0.0,0.0,0,0.0,0.0,193,5,5 keran stabil,stable
2026-05-25T01:26:46.210,1569618,497,0.401,0.597,0.29,20.0,5000,44.0,1,0.0,0.0,0,0.0,0.0,193,5,5 keran stabil,stable
2026-05-25T01:26:46.709,1570138,499,0.402,0.599,0.297,20.0,5000,44.0,1,0.0,0.0,0,0.0,0.0,193,5,5 keran stabil,stable
2026-05-25T01:26:47.206,1570656,497,0.401,0.597,0.29,20.0,5000,44.0,1,0.0,0.0,0,0.0,0.0,193,5,5 keran stabil,stable
2026-05-25T01:26:47.764,1571176,491,0.396,0.589,0.268,20.0,5000,44.0,1,0.0,0.0,0,0.0,0.0,193,5,5 keran stabil,stable
2026-05-25T01:26:48.323,1571732,493,0.397,0.592,0.275,20.0,5000,44.0,1,0.0,0.0,0,0.0,0.0,193,5,5 keran stabil,stable
2026-05-25T01:26:48.820,1572252,494,0.398,0.593,0.279,20.0,5000,44.0,1,0.0,0.0,0,0.0,0.0,193,5,5 keran stabil,stable
2026-05-25T01:26:49.320,1572770,497,0.401,0.597,0.29,20.0,5000,44.0,1,0.0,0.0,0,0.0,0.0,193,5,5 keran stabil,stable
2026-05-25T01:26:49.879,1573290,498,0.401,0.598,0.293,20.0,5000,44.0,1,0.0,0.0,0,0.0,0.0,193,5,5 keran stabil,stable
2026-05-25T01:26:50.441,1573846,498,0.401,0.598,0.293,20.0,5000,44.0,1,0.0,0.0,0,0.0,0.0,193,5,5 keran stabil,stable
2026-05-25T01:26:50.938,1574366,496,0.4,0.595,0.286,20.0,5000,44.0,1,0.0,0.0,0,0.0,0.0,193,5,5 keran stabil,stable
2026-05-25T01:26:51.439,1574884,496,0.4,0.595,0.286,20.0,5000,44.0,1,0.0,0.0,0,0.0,0.0,193,5,5 keran stabil,stable
2026-05-25T01:26:51.936,1575404,462,0.372,0.555,0.164,20.0,5000,44.0,1,0.0,0.0,0,0.0,0.0,193,5,5 keran stabil,stable
2026-05-25T01:26:52.495,1575960,495,0.399,0.594,0.282,20.0,5000,44.0,1,0.0,0.0,0,0.0,0.0,193,5,5 keran stabil,stable
2026-05-25T01:26:53.056,1576480,499,0.402,0.599,0.297,20.0,5000,44.0,1,0.0,0.0,0,0.0,0.0,193,5,5 keran stabil,stable
2026-05-25T01:26:53.556,1576997,499,0.402,0.599,0.297,20.0,5000,44.0,1,0.0,0.0,0,0.0,0.0,193,5,5 keran stabil,stable
2026-05-25T01:26:54.118,1577563,501,0.404,0.601,0.304,20.0,5000,44.0,1,0.0,0.0,0,0.0,0.0,193,5,5 keran stabil,stable
2026-05-25T01:26:54.613,1578084,495,0.399,0.594,0.282,20.0,5000,44.0,1,0.0,0.0,0,0.0,0.0,193,5,5 keran stabil,stable
2026-05-25T01:26:55.172,1578601,497,0.401,0.597,0.29,20.0,5000,44.0,1,0.0,0.0,0,0.0,0.0,193,5,5 keran stabil,stable
2026-05-25T01:26:55.673,1579121,505,0.407,0.606,0.318,20.0,5000,44.0,1,0.0,0.0,0,0.0,0.0,193,5,5 keran stabil,stable
2026-05-25T01:26:56.232,1579688,496,0.4,0.595,0.286,20.0,5000,44.0,1,0.0,0.0,0,0.0,0.0,193,5,5 keran stabil,stable
2026-05-25T01:26:56.854,1580312,498,0.401,0.598,0.293,20.0,5000,44.0,1,0.0,0.0,0,0.0,0.0,193,5,5 keran stabil,stable
2026-05-25T01:26:57.352,1580829,497,0.401,0.597,0.29,20.0,5000,44.0,1,0.0,0.0,0,0.0,0.0,193,5,5 keran stabil,stable
2026-05-25T01:26:57.911,1581349,498,0.401,0.598,0.293,20.0,5000,44.0,1,0.0,0.0,0,0.0,0.0,193,5,5 keran stabil,stable
2026-05-25T01:26:58.473,1581916,498,0.401,0.598,0.293,20.0,5000,44.0,1,0.0,0.0,0,0.0,0.0,193,5,5 keran stabil,stable
2026-05-25T01:26:58.973,1582436,500,0.403,0.6,0.3,20.0,5000,44.0,1,0.0,0.0,0,0.0,0.0,193,5,5 keran stabil,stable
2026-05-25T01:26:59.467,1582953,497,0.401,0.597,0.29,20.0,5000,44.0,1,0.0,0.0,0,0.0,0.0,193,5,5 keran stabil,stable
2026-05-25T01:27:00.027,1583473,497,0.401,0.597,0.29,20.0,5000,44.0,1,0.0,0.0,0,0.0,0.0,193,5,5 keran stabil,stable
2026-05-25T01:27:00.587,1584040,499,0.402,0.599,0.297,20.0,5000,44.0,1,0.0,0.0,0,0.0,0.0,193,5,5 keran stabil,stable
2026-05-25T01:27:01.088,1584560,500,0.403,0.6,0.3,20.0,5000,44.0,1,0.0,0.0,0,0.0,0.0,193,5,5 keran stabil,stable
2026-05-25T01:27:01.584,1585078,491,0.396,0.589,0.268,20.0,5000,44.0,1,0.0,0.0,0,0.0,0.0,193,5,5 keran stabil,stable
2026-05-25T01:27:02.141,1585634,498,0.401,0.598,0.293,20.0,5000,44.0,1,0.0,0.0,0,0.0,0.0,193,5,5 keran stabil,stable
2026-05-25T01:27:02.642,1586154,496,0.4,0.595,0.286,20.0,5000,44.0,1,0.0,0.0,0,0.0,0.0,193,5,5 keran stabil,stable
2026-05-25T01:27:03.202,1586672,498,0.401,0.598,0.293,20.0,5000,44.0,1,0.0,0.0,0,0.0,0.0,193,5,5 keran stabil,stable
2026-05-25T01:27:03.700,1587192,502,0.405,0.603,0.308,20.0,5000,44.0,1,0.0,0.0,0,0.0,0.0,193,5,5 keran stabil,stable
2026-05-25T01:27:04.258,1587748,496,0.4,0.595,0.286,20.0,5000,44.0,1,0.0,0.0,0,0.0,0.0,193,5,5 keran stabil,stable
2026-05-25T01:27:04.754,1588268,461,0.372,0.553,0.16,20.0,5000,44.0,1,0.0,0.0,0,0.0,0.0,193,5,5 keran stabil,stable
2026-05-25T01:27:05.316,1588786,497,0.401,0.597,0.29,20.0,5000,44.0,1,0.0,0.0,0,0.0,0.0,193,5,5 keran stabil,stable
2026-05-25T01:27:05.816,1589306,496,0.4,0.595,0.286,20.0,5000,44.0,1,0.0,0.0,0,0.0,0.0,193,5,5 keran stabil,stable
2026-05-25T01:27:06.379,1589862,493,0.397,0.592,0.275,20.0,5000,44.0,1,0.0,0.0,0,0.0,0.0,193,5,5 keran stabil,stable
2026-05-25T01:27:06.877,1590382,496,0.4,0.595,0.286,20.0,5000,44.0,1,0.0,0.0,0,0.0,0.0,193,5,5 keran stabil,stable
2026-05-25T01:27:07.374,1590900,497,0.401,0.597,0.29,20.0,5000,44.0,1,0.0,0.0,0,0.0,0.0,193,5,5 keran stabil,stable
2026-05-25T01:27:07.937,1591420,497,0.401,0.597,0.29,20.0,5000,44.0,1,0.0,0.0,0,0.0,0.0,193,5,5 keran stabil,stable
2026-05-25T01:27:08.497,1591976,497,0.401,0.597,0.29,20.0,5000,44.0,1,0.0,0.0,0,0.0,0.0,193,5,5 keran stabil,stable
2026-05-25T01:27:08.997,1592496,495,0.399,0.594,0.282,20.0,5000,44.0,1,0.0,0.0,0,0.0,0.0,193,5,5 keran stabil,stable
2026-05-25T01:27:09.617,1593118,495,0.399,0.594,0.282,20.0,5000,44.0,1,0.0,0.0,0,0.0,0.0,193,5,5 keran stabil,stable
2026-05-25T01:27:10.178,1593673,501,0.404,0.601,0.304,20.0,5000,44.0,1,0.0,0.0,0,0.0,0.0,193,5,5 keran stabil,stable
2026-05-25T01:27:10.674,1594194,496,0.4,0.595,0.286,20.0,5000,44.0,1,0.0,0.0,0,0.0,0.0,193,5,5 keran stabil,stable
2026-05-25T01:27:11.172,1594711,498,0.401,0.598,0.293,20.0,5000,44.0,1,0.0,0.0,0,0.0,0.0,193,5,5 keran stabil,stable
2026-05-25T01:27:11.732,1595231,521,0.42,0.625,0.376,20.0,5000,44.0,1,0.0,0.0,0,0.0,0.0,193,5,5 keran stabil,stable
2026-05-25T01:27:12.294,1595798,497,0.401,0.597,0.29,20.0,5000,44.0,1,0.0,0.0,0,0.0,0.0,193,5,5 keran stabil,stable
2026-05-25T01:27:12.916,1596422,498,0.401,0.598,0.293,20.0,5000,44.0,1,0.0,0.0,0,0.0,0.0,193,5,5 keran stabil,stable
2026-05-25T01:27:13.412,1596939,497,0.401,0.597,0.29,20.0,5000,44.0,1,0.0,0.0,0,0.0,0.0,193,5,5 keran stabil,stable
2026-05-25T01:27:13.911,1597459,499,0.402,0.599,0.297,20.0,5000,44.0,1,0.0,0.0,0,0.0,0.0,193,5,5 keran stabil,stable
2026-05-25T01:27:14.411,1597922,497,0.401,0.597,0.29,20.0,5000,44.0,1,0.0,0.0,0,0.0,0.0,193,5,5 keran stabil,stable
2026-05-25T01:27:14.910,1598442,499,0.402,0.599,0.297,20.0,5000,44.0,1,0.0,0.0,0,0.0,0.0,193,5,5 keran stabil,stable
2026-05-25T01:27:15.405,1598959,495,0.399,0.594,0.282,20.0,5000,44.0,1,0.0,0.0,0,0.0,0.0,193,5,5 keran stabil,stable
2026-05-25T01:27:15.963,1599479,499,0.402,0.599,0.297,20.0,5000,44.0,1,0.0,0.0,0,0.0,0.0,193,5,5 keran stabil,stable
2026-05-25T01:27:16.525,1600046,499,0.402,0.599,0.297,20.0,5000,44.0,1,0.0,0.0,0,0.0,0.0,193,5,5 keran stabil,stable
2026-05-25T01:27:17.024,1600566,493,0.397,0.592,0.275,20.0,5000,44.0,1,0.0,0.0,0,0.0,0.0,193,5,5 keran stabil,stable
2026-05-25T01:27:17.522,1601083,495,0.399,0.594,0.282,20.0,5000,44.0,1,0.0,0.0,0,0.0,0.0,193,5,5 keran stabil,stable
2026-05-25T01:27:18.082,1601603,500,0.403,0.6,0.3,20.0,5000,44.0,1,0.0,0.0,0,0.0,0.0,193,5,5 keran stabil,stable
2026-05-25T01:27:18.643,1602170,497,0.401,0.597,0.29,20.0,5000,44.0,1,0.0,0.0,0,0.0,0.0,193,5,5 keran stabil,stable
2026-05-25T01:27:19.142,1602690,496,0.4,0.595,0.286,20.0,5000,44.0,1,0.0,0.0,0,0.0,0.0,193,5,5 keran stabil,stable
2026-05-25T01:27:19.644,1603208,498,0.401,0.598,0.293,20.0,5000,44.0,1,0.0,0.0,0,0.0,0.0,193,5,5 keran stabil,stable
2026-05-25T01:27:20.205,1603764,501,0.404,0.601,0.304,20.0,5000,44.0,1,0.0,0.0,0,0.0,0.0,193,5,5 keran stabil,stable
2026-05-25T01:27:20.704,1604284,500,0.403,0.6,0.3,20.0,5000,44.0,1,0.0,0.0,0,0.0,0.0,193,5,5 keran stabil,stable
2026-05-25T01:27:21.264,1604802,499,0.402,0.599,0.297,20.0,5000,44.0,1,0.0,0.0,0,0.0,0.0,193,5,5 keran stabil,stable
2026-05-25T01:27:21.763,1605322,495,0.399,0.594,0.282,20.0,5000,44.0,1,0.0,0.0,0,0.0,0.0,193,5,5 keran stabil,stable
2026-05-25T01:27:22.322,1605878,498,0.401,0.598,0.293,20.0,5000,44.0,1,0.0,0.0,0,0.0,0.0,193,5,5 keran stabil,stable
2026-05-25T01:27:22.820,1606398,496,0.4,0.595,0.286,20.0,5000,44.0,1,0.0,0.0,0,0.0,0.0,193,5,5 keran stabil,stable
2026-05-25T01:27:23.383,1606916,512,0.413,0.615,0.344,20.0,5000,44.0,1,0.0,0.0,0,0.0,0.0,193,5,5 keran stabil,stable
2026-05-25T01:27:23.880,1607436,496,0.4,0.595,0.286,20.0,5000,44.0,1,0.0,0.0,0,0.0,0.0,193,5,5 keran stabil,stable
2026-05-25T01:27:24.441,1607992,499,0.402,0.599,0.297,20.0,5000,44.0,1,0.0,0.0,0,0.0,0.0,193,5,5 keran stabil,stable
2026-05-25T01:27:24.939,1608512,497,0.401,0.597,0.29,20.0,5000,44.0,1,0.0,0.0,0,0.0,0.0,193,5,5 keran stabil,stable
2026-05-25T01:27:25.439,1609030,490,0.395,0.588,0.264,20.0,5000,44.0,1,0.0,0.0,0,0.0,0.0,193,5,5 keran stabil,stable
2026-05-25T01:27:26.001,1609550,499,0.402,0.599,0.297,20.0,5000,44.0,1,0.0,0.0,0,0.0,0.0,193,5,5 keran stabil,stable
2026-05-25T01:27:26.501,1610106,496,0.4,0.595,0.286,20.0,5000,44.0,1,0.0,0.0,0,0.0,0.0,193,5,5 keran stabil,stable
2026-05-25T01:27:27.060,1610626,498,0.401,0.598,0.293,20.0,5000,44.0,1,0.0,0.0,0,0.0,0.0,193,5,5 keran stabil,stable
2026-05-25T01:27:27.559,1611144,495,0.399,0.594,0.282,20.0,5000,44.0,1,0.0,0.0,0,0.0,0.0,193,5,5 keran stabil,stable
2026-05-25T01:27:28.059,1611664,500,0.403,0.6,0.3,20.0,5000,44.0,1,0.0,0.0,0,0.0,0.0,193,5,5 keran stabil,stable
2026-05-25T01:27:28.618,1612220,499,0.402,0.599,0.297,20.0,5000,44.0,1,0.0,0.0,0,0.0,0.0,193,5,5 keran stabil,stable
2026-05-25T01:27:29.179,1612740,499,0.402,0.599,0.297,20.0,5000,44.0,1,0.0,0.0,0,0.0,0.0,193,5,5 keran stabil,stable
2026-05-25T01:27:29.678,1613258,501,0.404,0.601,0.304,20.0,5000,44.0,1,0.0,0.0,0,0.0,0.0,193,5,5 keran stabil,stable
2026-05-25T01:27:30.240,1613814,507,0.409,0.609,0.326,20.0,5000,44.0,1,0.0,0.0,0,0.0,0.0,193,5,5 keran stabil,stable
2026-05-25T01:27:30.739,1614334,497,0.401,0.597,0.29,20.0,5000,44.0,1,0.0,0.0,0,0.0,0.0,193,5,5 keran stabil,stable
2026-05-25T01:27:31.239,1614852,501,0.404,0.601,0.304,20.0,5000,44.0,1,0.0,0.0,0,0.0,0.0,193,5,5 keran stabil,stable
2026-05-25T01:27:31.801,1615372,501,0.404,0.601,0.304,20.0,5000,44.0,1,0.0,0.0,0,0.0,0.0,193,5,5 keran stabil,stable
2026-05-25T01:27:32.359,1615928,496,0.4,0.595,0.286,20.0,5000,44.0,1,0.0,0.0,0,0.0,0.0,193,5,5 keran stabil,stable
2026-05-25T01:27:32.857,1616448,494,0.398,0.593,0.279,20.0,5000,44.0,1,0.0,0.0,0,0.0,0.0,193,5,5 keran stabil,stable
2026-05-25T01:27:33.357,1616966,502,0.405,0.603,0.308,20.0,5000,44.0,1,0.0,0.0,0,0.0,0.0,193,5,5 keran stabil,stable
2026-05-25T01:27:33.856,1617486,497,0.401,0.597,0.29,20.0,5000,44.0,1,0.0,0.0,0,0.0,0.0,193,5,5 keran stabil,stable
2026-05-25T01:27:34.355,1617938,495,0.399,0.594,0.282,20.0,5000,44.0,1,0.0,0.0,0,0.0,0.0,193,5,5 keran stabil,stable
2026-05-25T01:27:34.976,1618562,499,0.402,0.599,0.297,20.0,5000,44.0,1,0.0,0.0,0,0.0,0.0,193,5,5 keran stabil,stable
2026-05-25T01:27:35.479,1619080,498,0.401,0.598,0.293,20.0,5000,44.0,1,0.0,0.0,0,0.0,0.0,193,5,5 keran stabil,stable
2026-05-25T01:27:35.977,1619600,495,0.399,0.594,0.282,20.0,5000,44.0,1,0.0,0.0,0,0.0,0.0,193,5,5 keran stabil,stable
2026-05-25T01:27:36.539,1620156,490,0.395,0.588,0.264,20.0,5000,44.0,1,0.0,0.0,0,0.0,0.0,193,5,5 keran stabil,stable
2026-05-25T01:27:37.037,1620676,495,0.399,0.594,0.282,20.0,5000,44.0,1,0.0,0.0,0,0.0,0.0,193,5,5 keran stabil,stable
2026-05-25T01:27:37.599,1621193,501,0.404,0.601,0.304,20.0,5000,44.0,1,0.0,0.0,0,0.0,0.0,193,5,5 keran stabil,stable
2026-05-25T01:27:38.098,1621713,498,0.401,0.598,0.293,20.0,5000,44.0,1,0.0,0.0,0,0.0,0.0,193,5,5 keran stabil,stable
2026-05-25T01:27:38.659,1622280,495,0.399,0.594,0.282,20.0,5000,44.0,1,0.0,0.0,0,0.0,0.0,193,5,5 keran stabil,stable
2026-05-25T01:27:39.157,1622800,497,0.401,0.597,0.29,20.0,5000,44.0,1,0.0,0.0,0,0.0,0.0,193,5,5 keran stabil,stable
2026-05-25T01:27:39.717,1623317,498,0.401,0.598,0.293,20.0,5000,44.0,1,0.0,0.0,0,0.0,0.0,193,5,5 keran stabil,stable
2026-05-25T01:27:40.278,1623884,497,0.401,0.597,0.29,20.0,5000,44.0,1,0.0,0.0,0,0.0,0.0,193,5,5 keran stabil,stable
2026-05-25T01:27:40.870,1624508,493,0.397,0.592,0.275,20.0,5000,44.0,1,0.0,0.0,0,0.0,0.0,193,5,5 keran stabil,stable
2026-05-25T01:27:41.387,1625026,497,0.401,0.597,0.29,20.0,5000,44.0,1,0.0,0.0,0,0.0,0.0,193,5,5 keran stabil,stable
