pc_timestamp,stm32_ms,adc_raw,adc_voltage_v,sensor_voltage_v,pressure_bar,duty_percent,frequency_hz,estimated_output_rms_v,jsy_online,jsy_voltage_rms_v,jsy_current_rms_a,jsy_active_power_w,jsy_power_factor,jsy_energy_kwh,jsy_error_count,valve_open_count,valve_state_label,valve_phase
2026-05-31T22:24:46.633,244596,156,0.12546666666666667,0.18646666666666667,0.0,70.0,5000,154.0,1,12.06,0.025,0,0.0,0.0,45,-,Belum ditandai,unset
2026-05-31T22:24:47.166,245152,159,0.126,0.18726666666666666,0.0,70.0,5000,154.0,1,12.06,0.025,0,0.0,0.0,45,-,Belum ditandai,unset
2026-05-31T22:24:47.709,245672,155,0.12606666666666666,0.18746666666666664,0.0,70.0,5000,154.0,1,12.06,0.025,0,0.0,0.0,45,-,Belum ditandai,unset
2026-05-31T22:24:48.206,246190,154,0.1262,0.18760000000000002,0.0,70.0,5000,154.0,1,12.06,0.025,0,0.0,0.0,45,-,Belum ditandai,unset
2026-05-31T22:24:48.886,246606,157,0.1258,0.18706666666666666,0.0,70.0,5000,154.0,1,12.06,0.025,0,0.0,0.0,45,-,Belum ditandai,unset
2026-05-31T22:24:49.410,247371,156,0.12613333333333332,0.18766666666666668,0.0,70.0,5000,154.0,1,12.05,0.025,0,0.0,0.0,45,-,Belum ditandai,unset
2026-05-31T22:24:49.911,247888,156,0.1262,0.18773333333333334,0.0,70.0,5000,154.0,1,12.05,0.025,0,0.0,0.0,45,-,Belum ditandai,unset
2026-05-31T22:24:50.410,248408,156,0.12613333333333332,0.18766666666666668,0.0,70.0,5000,154.0,1,12.05,0.025,0,0.0,0.0,45,-,Belum ditandai,unset
2026-05-31T22:24:50.910,248871,158,0.12586666666666665,0.18726666666666666,0.0,70.0,5000,154.0,1,12.05,0.025,0,0.0,0.0,45,-,Belum ditandai,unset
2026-05-31T22:24:51.408,249391,158,0.12633333333333333,0.188,0.0,70.0,5000,154.0,1,12.05,0.025,0,0.0,0.0,45,-,Belum ditandai,unset
2026-05-31T22:24:51.909,249909,155,0.12626666666666667,0.18780000000000002,0.0,70.0,5000,154.0,1,12.06,0.025,0,0.0,0.0,45,-,Belum ditandai,unset
2026-05-31T22:24:52.405,250429,155,0.12639999999999998,0.18780000000000002,0.0,70.0,5000,154.0,1,12.06,0.025,0,0.0,0.0,45,-,Belum ditandai,unset
2026-05-31T22:24:52.904,250881,155,0.12573333333333334,0.1869333333333333,0.0,70.0,5000,154.0,1,12.06,0.025,0,0.0,0.0,45,-,Belum ditandai,unset
2026-05-31T22:24:53.405,251401,156,0.1258,0.18686666666666665,0.0,70.0,5000,154.0,1,12.06,0.025,0,0.0,0.0,45,-,Belum ditandai,unset
2026-05-31T22:24:53.906,251919,158,0.12573333333333334,0.18706666666666666,0.0,70.0,5000,154.0,1,12.05,0.025,0,0.0,0.0,45,-,Belum ditandai,unset
2026-05-31T22:24:54.467,252439,157,0.1266,0.18826666666666667,0.0,70.0,5000,154.0,1,12.05,0.025,0,0.0,0.0,45,-,Belum ditandai,unset
2026-05-31T22:24:54.969,252996,155,0.12653333333333333,0.18846666666666667,0.0,70.0,5000,154.0,1,12.06,0.025,0,0.0,0.0,45,-,Belum ditandai,unset
2026-05-31T22:24:55.535,253516,156,0.1268,0.18860000000000002,0.0,70.0,5000,154.0,1,12.06,0.025,0,0.0,0.0,45,-,Belum ditandai,unset
2026-05-31T22:24:56.034,254033,156,0.12626666666666667,0.18780000000000002,0.0,70.0,5000,154.0,1,12.06,0.025,0,0.0,0.0,45,-,Belum ditandai,unset
2026-05-31T22:24:56.533,254553,157,0.12646666666666667,0.18760000000000002,0.0,70.0,5000,154.0,1,12.06,0.025,0,0.0,0.0,45,-,Belum ditandai,unset
2026-05-31T22:24:57.095,255120,154,0.12646666666666667,0.18773333333333334,0.0,70.0,5000,154.0,1,12.05,0.025,0,0.0,0.0,45,-,Belum ditandai,unset
2026-05-31T22:24:57.656,255640,158,0.1270666666666667,0.18886666666666668,0.0,70.0,5000,154.0,1,12.05,0.025,0,0.0,0.0,45,-,Belum ditandai,unset
2026-05-31T22:24:58.154,256157,157,0.127,0.1892,0.0,70.0,5000,154.0,1,12.06,0.025,0,0.0,0.0,45,-,Belum ditandai,unset
2026-05-31T22:24:58.657,256677,159,0.1268,0.18886666666666668,0.0,70.0,5000,154.0,1,12.06,0.025,0,0.0,0.0,45,-,Belum ditandai,unset
2026-05-31T22:24:59.218,257244,155,0.12666666666666665,0.18860000000000002,0.0,70.0,5000,154.0,1,12.06,0.025,0,0.0,0.0,45,-,Belum ditandai,unset
2026-05-31T22:24:59.715,257764,154,0.12646666666666667,0.188,0.0,70.0,5000,154.0,1,12.06,0.025,0,0.0,0.0,45,-,Belum ditandai,unset
2026-05-31T22:25:00.276,258282,156,0.1262,0.18760000000000002,0.0,70.0,5000,154.0,1,12.06,0.025,0,0.0,0.0,45,-,Belum ditandai,unset
2026-05-31T22:25:00.838,258838,161,0.12646666666666667,0.18773333333333334,0.0,70.0,5000,154.0,1,12.06,0.025,0,0.0,0.0,45,-,Belum ditandai,unset
2026-05-31T22:25:01.338,259358,156,0.12646666666666667,0.188,0.0,70.0,5000,154.0,1,12.06,0.025,0,0.0,0.0,45,-,Belum ditandai,unset
2026-05-31T22:25:01.834,259876,159,0.12713333333333335,0.18906666666666666,0.0,70.0,5000,154.0,1,12.06,0.025,0,0.0,0.0,45,-,Belum ditandai,unset
2026-05-31T22:25:02.336,260396,156,0.1268,0.18873333333333334,0.0,70.0,5000,154.0,1,12.06,0.025,0,0.0,0.0,45,-,Belum ditandai,unset
2026-05-31T22:25:02.839,260848,160,0.12713333333333335,0.18906666666666666,0.0,70.0,5000,154.0,1,12.06,0.025,0,0.0,0.0,45,-,Belum ditandai,unset
2026-05-31T22:25:03.336,261369,159,0.1272,0.18926666666666667,0.0,70.0,5000,154.0,1,12.06,0.025,0,0.0,0.0,45,-,Belum ditandai,unset
2026-05-31T22:25:03.836,261886,157,0.1272,0.18913333333333335,0.0,70.0,5000,154.0,1,12.06,0.025,0,0.0,0.0,45,-,Belum ditandai,unset
2026-05-31T22:25:04.335,262406,158,0.1272,0.1894,0.0,70.0,5000,154.0,1,12.06,0.025,0,0.0,0.0,45,-,Belum ditandai,unset
2026-05-31T22:25:04.837,262868,156,0.1268,0.18873333333333334,0.0,70.0,5000,154.0,1,12.05,0.025,0,0.0,0.0,45,-,Belum ditandai,unset
2026-05-31T22:25:05.337,263389,157,0.1262,0.18766666666666668,0.0,70.0,5000,154.0,1,12.05,0.025,0,0.0,0.0,45,-,Belum ditandai,unset
2026-05-31T22:25:05.838,263906,157,0.126,0.18706666666666666,0.0,70.0,5000,154.0,1,12.05,0.025,0,0.0,0.0,45,-,Belum ditandai,unset
2026-05-31T22:25:06.395,264426,158,0.126,0.18706666666666666,0.0,70.0,5000,154.0,1,12.05,0.025,0,0.0,0.0,45,-,Belum ditandai,unset
2026-05-31T22:25:06.954,264993,155,0.12626666666666667,0.18753333333333336,0.0,70.0,5000,154.0,1,12.05,0.025,0,0.0,0.0,45,-,Belum ditandai,unset
2026-05-31T22:25:07.456,265513,156,0.12626666666666667,0.18753333333333336,0.0,70.0,5000,154.0,1,12.05,0.025,0,0.0,0.0,45,-,Belum ditandai,unset
2026-05-31T22:25:07.958,266030,159,0.12666666666666665,0.1882,0.0,70.0,5000,154.0,1,12.06,0.025,0,0.0,0.0,45,-,Belum ditandai,unset
2026-05-31T22:25:08.518,266550,157,0.12686666666666666,0.18853333333333333,0.0,70.0,5000,154.0,1,12.06,0.025,0,0.0,0.0,45,-,Belum ditandai,unset
2026-05-31T22:25:09.084,267117,157,0.1266,0.18826666666666667,0.0,70.0,5000,154.0,1,12.05,0.025,0,0.0,0.0,45,-,Belum ditandai,unset
2026-05-31T22:25:09.584,267637,157,0.1266,0.18786666666666668,0.0,70.0,5000,154.0,1,12.05,0.025,0,0.0,0.0,45,-,Belum ditandai,unset
2026-05-31T22:25:10.089,268154,158,0.12666666666666665,0.1882,0.0,70.0,5000,154.0,1,12.05,0.025,0,0.0,0.0,45,-,Belum ditandai,unset
2026-05-31T22:25:10.588,268674,156,0.12713333333333335,0.18893333333333334,0.0,70.0,5000,154.0,1,12.05,0.025,0,0.0,0.0,45,-,Belum ditandai,unset
2026-05-31T22:25:11.149,269241,157,0.12726666666666667,0.18933333333333333,0.0,70.0,5000,154.0,1,12.05,0.025,0,0.0,0.0,45,-,Belum ditandai,unset
2026-05-31T22:25:11.708,269761,154,0.1266,0.18813333333333335,0.0,70.0,5000,154.0,1,12.05,0.025,0,0.0,0.0,45,-,Belum ditandai,unset
2026-05-31T22:25:12.208,270278,157,0.12633333333333333,0.18760000000000002,0.0,70.0,5000,154.0,1,12.05,0.025,0,0.0,0.0,45,-,Belum ditandai,unset
2026-05-31T22:25:12.706,270798,156,0.126,0.187,0.0,70.0,5000,154.0,1,12.05,0.025,0,0.0,0.0,45,-,Belum ditandai,unset
2026-05-31T22:25:13.204,271261,155,0.1258,0.1868,0.0,70.0,5000,154.0,1,12.05,0.025,0,0.0,0.0,45,-,Belum ditandai,unset
2026-05-31T22:25:13.702,271781,155,0.126,0.187,0.0,70.0,5000,154.0,1,12.05,0.025,0,0.0,0.0,45,-,Belum ditandai,unset
2026-05-31T22:25:14.202,272298,159,0.12613333333333332,0.18766666666666668,0.0,70.0,5000,154.0,1,12.05,0.025,0,0.0,0.0,45,-,Belum ditandai,unset
2026-05-31T22:25:14.763,272818,158,0.12666666666666665,0.18846666666666667,0.0,70.0,5000,154.0,1,12.05,0.025,0,0.0,0.0,45,-,Belum ditandai,unset
2026-05-31T22:25:15.327,273385,156,0.12673333333333334,0.18853333333333333,0.0,70.0,5000,154.0,1,12.05,0.025,0,0.0,0.0,45,-,Belum ditandai,unset
2026-05-31T22:25:15.826,273905,152,0.126,0.18733333333333332,0.0,70.0,5000,154.0,1,12.05,0.025,0,0.0,0.0,45,-,Belum ditandai,unset
2026-05-31T22:25:16.326,274422,156,0.126,0.18719999999999998,0.0,70.0,5000,154.0,1,12.05,0.025,0,0.0,0.0,45,-,Belum ditandai,unset
2026-05-31T22:25:16.888,274988,159,0.126,0.18746666666666664,0.0,70.0,5000,154.0,1,12.05,0.025,0,0.0,0.0,45,-,Belum ditandai,unset
2026-05-31T22:25:17.511,275613,157,0.12686666666666666,0.18893333333333334,0.0,70.0,5000,154.0,1,12.05,0.025,0,0.0,0.0,45,-,Belum ditandai,unset
2026-05-31T22:25:18.008,276130,156,0.127,0.1892,0.0,70.0,5000,154.0,1,12.05,0.025,0,0.0,0.0,45,-,Belum ditandai,unset
2026-05-31T22:25:18.568,276650,154,0.1268,0.18886666666666668,0.0,70.0,5000,154.0,1,12.05,0.025,0,0.0,0.0,45,-,Belum ditandai,unset
2026-05-31T22:25:19.131,277217,157,0.12653333333333333,0.1882,0.0,70.0,5000,154.0,1,12.04,0.025,0,0.0,0.0,45,-,Belum ditandai,unset
2026-05-31T22:25:19.626,277737,157,0.12653333333333333,0.1882,0.0,70.0,5000,154.0,1,12.04,0.025,0,0.0,0.0,45,-,Belum ditandai,unset
2026-05-31T22:25:20.126,278254,157,0.12666666666666665,0.18846666666666667,0.0,70.0,5000,154.0,1,12.05,0.025,0,0.0,0.0,45,-,Belum ditandai,unset
2026-05-31T22:25:20.690,278774,157,0.12673333333333334,0.18866666666666668,0.0,70.0,5000,154.0,1,12.05,0.025,0,0.0,0.0,45,-,Belum ditandai,unset
2026-05-31T22:25:21.235,279341,157,0.12646666666666667,0.18826666666666667,0.0,70.0,5000,154.0,1,12.05,0.025,0,0.0,0.0,45,-,Belum ditandai,unset
2026-05-31T22:25:21.735,279861,158,0.12606666666666666,0.18760000000000002,0.0,70.0,5000,154.0,1,12.05,0.025,0,0.0,0.0,45,-,Belum ditandai,unset
2026-05-31T22:25:22.234,280378,159,0.12613333333333332,0.18766666666666668,0.0,70.0,5000,154.0,1,12.05,0.025,0,0.0,0.0,45,-,Belum ditandai,unset
2026-05-31T22:25:22.795,280898,158,0.12639999999999998,0.18833333333333335,0.0,70.0,5000,154.0,1,12.05,0.025,0,0.0,0.0,45,-,Belum ditandai,unset
2026-05-31T22:25:23.359,281465,153,0.12653333333333333,0.18846666666666667,0.0,70.0,5000,154.0,1,12.05,0.025,0,0.0,0.0,45,-,Belum ditandai,unset
2026-05-31T22:25:23.855,281985,153,0.12633333333333333,0.18813333333333335,0.0,70.0,5000,154.0,1,12.05,0.025,0,0.0,0.0,45,-,Belum ditandai,unset
2026-05-31T22:25:24.356,282502,155,0.12593333333333334,0.18733333333333332,0.0,70.0,5000,154.0,1,12.05,0.025,0,0.0,0.0,45,-,Belum ditandai,unset
2026-05-31T22:25:24.917,283068,157,0.1258,0.18706666666666666,0.0,70.0,5000,154.0,1,12.06,0.025,0,0.0,0.0,45,-,Belum ditandai,unset
2026-05-31T22:25:25.475,283589,157,0.12586666666666665,0.18713333333333332,0.0,70.0,5000,154.0,1,12.06,0.025,0,0.0,0.0,45,-,Belum ditandai,unset
2026-05-31T22:25:25.977,284106,156,0.12586666666666665,0.187,0.0,70.0,5000,154.0,1,12.06,0.025,0,0.0,0.0,45,-,Belum ditandai,unset
2026-05-31T22:25:26.477,284626,158,0.12633333333333333,0.188,0.0,70.0,5000,154.0,1,12.06,0.025,0,0.0,0.0,45,-,Belum ditandai,unset
2026-05-31T22:25:26.976,285088,157,0.12653333333333333,0.1880666666666667,0.0,70.0,5000,154.0,1,12.05,0.025,0,0.0,0.0,45,-,Belum ditandai,unset
2026-05-31T22:25:27.474,285609,158,0.12673333333333334,0.1884,0.0,70.0,5000,154.0,1,12.05,0.025,0,0.0,0.0,45,-,Belum ditandai,unset
2026-05-31T22:25:27.974,286126,155,0.12593333333333334,0.18719999999999998,0.0,70.0,5000,154.0,1,12.06,0.025,0,0.0,0.0,45,-,Belum ditandai,unset
2026-05-31T22:25:28.536,286646,156,0.12566666666666668,0.18706666666666666,0.0,70.0,5000,154.0,1,12.06,0.025,0,0.0,0.0,45,-,Belum ditandai,unset
2026-05-31T22:25:29.095,287213,157,0.1256,0.187,0.0,70.0,5000,154.0,1,12.06,0.025,0,0.0,0.0,45,-,Belum ditandai,unset
2026-05-31T22:25:29.594,287733,159,0.12653333333333333,0.1882,0.0,70.0,5000,154.0,1,12.06,0.025,0,0.0,0.0,45,-,Belum ditandai,unset
2026-05-31T22:25:30.092,288250,157,0.1268,0.18846666666666667,0.0,70.0,5000,154.0,1,12.06,0.025,0,0.0,0.0,45,-,Belum ditandai,unset
2026-05-31T22:25:30.596,288770,155,0.1268,0.18833333333333335,0.0,70.0,5000,154.0,1,12.06,0.025,0,0.0,0.0,45,-,Belum ditandai,unset
2026-05-31T22:25:31.092,289233,158,0.1266,0.18813333333333335,0.0,70.0,5000,154.0,1,12.06,0.025,0,0.0,0.0,45,-,Belum ditandai,unset
2026-05-31T22:25:31.595,289753,158,0.12646666666666667,0.18786666666666668,0.0,70.0,5000,154.0,1,12.06,0.025,0,0.0,0.0,45,-,Belum ditandai,unset
2026-05-31T22:25:32.091,290270,159,0.12686666666666666,0.18893333333333334,0.0,70.0,5000,154.0,1,12.05,0.025,0,0.0,0.0,45,-,Belum ditandai,unset
2026-05-31T22:25:32.654,290790,153,0.12693333333333331,0.18926666666666667,0.0,70.0,5000,154.0,1,12.05,0.025,0,0.0,0.0,45,-,Belum ditandai,unset
2026-05-31T22:25:33.213,291357,158,0.12666666666666665,0.189,0.0,70.0,5000,154.0,1,12.05,0.025,0,0.0,0.0,45,-,Belum ditandai,unset
2026-05-31T22:25:33.714,291877,158,0.12633333333333333,0.18826666666666667,0.0,70.0,5000,154.0,1,12.05,0.025,0,0.0,0.0,45,-,Belum ditandai,unset
2026-05-31T22:25:34.214,292395,157,0.1266,0.18826666666666667,0.0,70.0,5000,154.0,1,12.23,0.025,0,0.0,0.0,45,-,Belum ditandai,unset
2026-05-31T22:25:34.775,292915,153,0.12633333333333333,0.18780000000000002,0.0,70.0,5000,154.0,1,12.23,0.025,0,0.0,0.0,45,-,Belum ditandai,unset
2026-05-31T22:25:35.274,293471,157,0.12613333333333332,0.18746666666666664,0.0,70.0,5000,154.0,1,15.59,0.028,0,0.0,0.0,45,-,Belum ditandai,unset
2026-05-31T22:25:35.832,293991,158,0.1262,0.1880666666666667,0.0,70.0,5000,154.0,1,15.59,0.028,0,0.0,0.0,45,-,Belum ditandai,unset
2026-05-31T22:25:36.333,294509,157,0.127,0.18933333333333333,0.0,70.0,5000,154.0,1,22.36,0.029,0,0.0,0.0,45,-,Belum ditandai,unset
2026-05-31T22:25:36.831,295029,157,0.1272,0.1894,0.0,70.0,5000,154.0,1,22.36,0.029,0,0.0,0.0,45,-,Belum ditandai,unset
2026-05-31T22:25:37.335,295481,159,0.1272,0.18926666666666667,0.0,70.0,5000,154.0,1,28.36,0.03,0,0.0,0.0,45,-,Belum ditandai,unset
2026-05-31T22:25:37.833,296001,159,0.12693333333333331,0.18860000000000002,0.0,70.0,5000,154.0,1,28.36,0.03,0,0.0,0.0,45,-,Belum ditandai,unset
2026-05-31T22:25:38.332,296519,157,0.127,0.1888,0.0,70.0,5000,154.0,1,29.28,0.03,0,0.0,0.0,45,-,Belum ditandai,unset
2026-05-31T22:25:38.830,297039,157,0.12693333333333331,0.18860000000000002,0.0,70.0,5000,154.0,1,29.28,0.03,0,0.0,0.0,45,-,Belum ditandai,unset
2026-05-31T22:25:39.328,297491,157,0.12693333333333331,0.18860000000000002,0.0,70.0,5000,154.0,1,29.09,0.03,0,0.0,0.0,45,-,Belum ditandai,unset
2026-05-31T22:25:39.828,298011,157,0.1266,0.188,0.0,70.0,5000,154.0,1,29.09,0.03,0,0.0,0.0,45,-,Belum ditandai,unset
2026-05-31T22:25:40.329,298529,160,0.12686666666666666,0.1884,0.0,70.0,5000,154.0,1,29.11,0.03,0,0.0,0.0,45,-,Belum ditandai,unset
2026-05-31T22:25:40.890,299049,156,0.12686666666666666,0.18826666666666667,0.0,70.0,5000,154.0,1,29.11,0.03,0,0.0,0.0,45,-,Belum ditandai,unset
2026-05-31T22:25:41.389,299606,158,0.1270666666666667,0.18886666666666668,0.0,70.0,5000,154.0,1,28.83,0.03,0,0.0,0.0,45,-,Belum ditandai,unset
2026-05-31T22:25:41.949,300126,158,0.12673333333333334,0.18826666666666667,0.0,70.0,5000,154.0,1,28.83,0.03,0,0.0,0.0,45,-,Belum ditandai,unset
2026-05-31T22:25:42.451,300643,156,0.12653333333333333,0.1882,0.0,70.0,5000,154.0,1,28.82,0.03,0,0.0,0.0,45,-,Belum ditandai,unset
2026-05-31T22:25:43.011,301209,157,0.1266,0.188,0.0,70.0,5000,154.0,1,28.79,0.03,0,0.0,0.0,45,-,Belum ditandai,unset
2026-05-31T22:25:43.511,301730,155,0.12653333333333333,0.18793333333333334,0.0,70.0,5000,154.0,1,28.79,0.03,0,0.0,0.0,45,-,Belum ditandai,unset
2026-05-31T22:25:44.072,302247,159,0.12686666666666666,0.1884,0.0,70.0,5000,154.0,1,28.81,0.03,0,0.0,0.0,45,-,Belum ditandai,unset
2026-05-31T22:25:44.570,302767,158,0.1268,0.18860000000000002,0.0,70.0,5000,154.0,1,28.81,0.03,0,0.0,0.0,45,-,Belum ditandai,unset
2026-05-31T22:25:45.135,303334,158,0.1270666666666667,0.1894,0.0,70.0,5000,154.0,1,28.85,0.03,0,0.0,0.0,45,-,Belum ditandai,unset
2026-05-31T22:25:45.635,303854,157,0.12693333333333331,0.189,0.0,70.0,5000,154.0,1,28.85,0.03,0,0.0,0.0,45,-,Belum ditandai,unset
2026-05-31T22:25:46.132,304371,156,0.12666666666666665,0.18833333333333335,0.0,70.0,5000,154.0,1,28.85,0.03,0,0.0,0.0,45,-,Belum ditandai,unset
2026-05-31T22:25:46.691,304891,153,0.126,0.187,0.0,70.0,5000,154.0,1,28.85,0.03,0,0.0,0.0,45,-,Belum ditandai,unset
2026-05-31T22:25:47.256,305458,156,0.12553333333333333,0.18653333333333333,0.0,70.0,5000,154.0,1,28.85,0.03,0,0.0,0.0,45,-,Belum ditandai,unset
2026-05-31T22:25:47.756,305978,152,0.12533333333333332,0.18639999999999998,0.0,70.0,5000,154.0,1,28.85,0.03,0,0.0,0.0,45,-,Belum ditandai,unset
2026-05-31T22:25:48.255,306495,157,0.12573333333333334,0.1869333333333333,0.0,70.0,5000,154.0,1,28.84,0.03,0,0.0,0.0,45,-,Belum ditandai,unset
2026-05-31T22:25:48.821,307015,157,0.12593333333333334,0.18726666666666666,0.0,70.0,5000,154.0,1,28.84,0.03,0,0.0,0.0,45,-,Belum ditandai,unset
2026-05-31T22:25:49.382,307582,158,0.12626666666666667,0.18766666666666668,0.0,70.0,5000,154.0,1,28.84,0.03,0,0.0,0.0,45,-,Belum ditandai,unset
2026-05-31T22:25:49.878,308102,152,0.1256,0.1868,0.0,70.0,5000,154.0,1,28.84,0.03,0,0.0,0.0,45,-,Belum ditandai,unset
2026-05-31T22:25:50.379,308620,155,0.1254,0.18646666666666667,0.0,70.0,5000,154.0,1,28.83,0.03,0,0.0,0.0,45,-,Belum ditandai,unset
2026-05-31T22:25:50.942,309140,157,0.12513333333333335,0.18606666666666666,0.0,70.0,5000,154.0,1,28.83,0.03,0,0.0,0.0,45,-,Belum ditandai,unset
2026-05-31T22:25:51.441,309696,158,0.1254,0.18653333333333333,0.0,70.0,5000,154.0,1,22.81,0.024,0,0.0,0.0,45,-,Belum ditandai,unset
2026-05-31T22:25:52.004,310216,157,0.12606666666666666,0.18760000000000002,0.0,70.0,5000,154.0,1,22.81,0.024,0,0.0,0.0,45,-,Belum ditandai,unset
2026-05-31T22:25:52.507,310734,157,0.12639999999999998,0.1880666666666667,0.0,70.0,5000,154.0,1,7.76,0.016,0,0.0,0.0,45,-,Belum ditandai,unset
2026-05-31T22:25:53.069,311289,156,0.12673333333333334,0.18853333333333333,0.0,70.0,5000,154.0,1,2.96,0.01,0,0.0,0.0,45,-,Belum ditandai,unset
2026-05-31T22:25:53.567,311810,155,0.1266,0.1884,0.0,70.0,5000,154.0,1,2.96,0.01,0,0.0,0.0,45,-,Belum ditandai,unset
2026-05-31T22:25:54.068,312328,157,0.12653333333333333,0.1882,0.0,70.0,5000,154.0,1,0.76,0.0,0,0.0,0.0,45,-,Belum ditandai,unset
2026-05-31T22:25:54.635,312848,157,0.12673333333333334,0.18813333333333335,0.0,70.0,5000,154.0,1,0.76,0.0,0,0.0,0.0,45,-,Belum ditandai,unset
2026-05-31T22:25:55.135,313404,160,0.1268,0.18793333333333334,0.0,70.0,5000,154.0,1,0.76,0.0,0,0.0,0.0,45,-,Belum ditandai,unset
2026-05-31T22:25:55.697,313924,158,0.12726666666666667,0.18906666666666666,0.0,70.0,5000,154.0,1,0.76,0.0,0,0.0,0.0,45,-,Belum ditandai,unset
2026-05-31T22:25:56.197,314442,156,0.1272,0.18913333333333335,0.0,70.0,5000,154.0,1,0.76,0.0,0,0.0,0.0,45,-,Belum ditandai,unset
2026-05-31T22:25:56.698,314962,158,0.1272,0.18913333333333335,0.0,70.0,5000,154.0,1,0.76,0.0,0,0.0,0.0,45,-,Belum ditandai,unset
2026-05-31T22:25:57.258,315518,158,0.1272,0.189,0.0,70.0,5000,154.0,1,0.76,0.0,0,0.0,0.0,45,-,Belum ditandai,unset
2026-05-31T22:25:57.758,316038,158,0.1274,0.1896,0.0,70.0,5000,154.0,1,0.76,0.0,0,0.0,0.0,45,-,Belum ditandai,unset
2026-05-31T22:25:58.318,316556,155,0.1270666666666667,0.18913333333333335,0.0,70.0,5000,154.0,1,0.76,0.0,0,0.0,0.0,45,-,Belum ditandai,unset
2026-05-31T22:25:58.819,317076,158,0.1266,0.1884,0.0,70.0,5000,154.0,1,0.76,0.0,0,0.0,0.0,45,-,Belum ditandai,unset
2026-05-31T22:25:59.378,317632,158,0.12633333333333333,0.188,0.0,70.0,5000,154.0,1,0.76,0.0,0,0.0,0.0,45,-,Belum ditandai,unset
2026-05-31T22:25:59.879,318152,159,0.12673333333333334,0.18866666666666668,0.0,70.0,5000,154.0,1,0.76,0.0,0,0.0,0.0,45,-,Belum ditandai,unset
2026-05-31T22:26:00.379,318670,158,0.127,0.1892,0.0,70.0,5000,154.0,1,0.76,0.0,0,0.0,0.0,45,-,Belum ditandai,unset
2026-05-31T22:26:00.941,319190,159,0.12726666666666667,0.18973333333333334,0.0,70.0,5000,154.0,1,0.76,0.0,0,0.0,0.0,45,-,Belum ditandai,unset
2026-05-31T22:26:01.500,319746,158,0.12726666666666667,0.19013333333333332,0.0,70.0,5000,154.0,1,0.76,0.0,0,0.0,0.0,45,-,Belum ditandai,unset
2026-05-31T22:26:02.003,320266,156,0.12686666666666666,0.18946666666666667,0.0,70.0,5000,154.0,1,0.76,0.0,0,0.0,0.0,45,-,Belum ditandai,unset
2026-05-31T22:26:02.499,320784,158,0.12693333333333331,0.18926666666666667,0.0,70.0,5000,154.0,1,0.76,0.0,0,0.0,0.0,45,-,Belum ditandai,unset
2026-05-31T22:26:03.063,321340,156,0.12673333333333334,0.18853333333333333,0.0,70.0,5000,154.0,1,0.76,0.0,0,0.0,0.0,45,-,Belum ditandai,unset
2026-05-31T22:26:03.560,321861,156,0.12673333333333334,0.18826666666666667,0.0,70.0,5000,154.0,1,0.76,0.0,0,0.0,0.0,45,-,Belum ditandai,unset
2026-05-31T22:26:04.118,322378,156,0.12626666666666667,0.18739999999999998,0.0,70.0,5000,154.0,1,0.76,0.0,0,0.0,0.0,45,-,Belum ditandai,unset
2026-05-31T22:26:04.620,322898,158,0.12613333333333332,0.18753333333333336,0.0,70.0,5000,154.0,1,0.76,0.0,0,0.0,0.0,45,-,Belum ditandai,unset
2026-05-31T22:26:05.180,323465,157,0.12653333333333333,0.18833333333333335,0.0,70.0,5000,154.0,1,0.76,0.0,0,0.0,0.0,45,-,Belum ditandai,unset
2026-05-31T22:26:05.683,323985,157,0.1268,0.18886666666666668,0.0,70.0,5000,154.0,1,0.76,0.0,0,0.0,0.0,45,-,Belum ditandai,unset
2026-05-31T22:26:06.242,324502,158,0.1272,0.1894,0.0,70.0,5000,154.0,1,0.76,0.0,0,0.0,0.0,45,-,Belum ditandai,unset
2026-05-31T22:26:06.739,325022,156,0.12686666666666666,0.1888,0.0,70.0,5000,154.0,1,0.76,0.0,0,0.0,0.0,45,-,Belum ditandai,unset
2026-05-31T22:26:07.302,325589,157,0.1268,0.18873333333333334,0.0,70.0,5000,154.0,1,0.76,0.0,0,0.0,0.0,45,-,Belum ditandai,unset
2026-05-31T22:26:07.805,326109,159,0.12653333333333333,0.1880666666666667,0.0,70.0,5000,154.0,1,0.76,0.0,0,0.0,0.0,45,-,Belum ditandai,unset
2026-05-31T22:26:08.305,326627,156,0.12639999999999998,0.18793333333333334,0.0,70.0,5000,154.0,1,0.76,0.0,0,0.0,0.0,45,-,Belum ditandai,unset
2026-05-31T22:26:08.866,327147,155,0.12626666666666667,0.18766666666666668,0.0,70.0,5000,154.0,1,0.76,0.0,0,0.0,0.0,45,-,Belum ditandai,unset
2026-05-31T22:26:09.427,327703,159,0.12613333333333332,0.18753333333333336,0.0,70.0,5000,154.0,1,0.76,0.0,0,0.0,0.0,45,-,Belum ditandai,unset
2026-05-31T22:26:09.928,328223,156,0.12613333333333332,0.18739999999999998,0.0,70.0,5000,154.0,1,0.76,0.0,0,0.0,0.0,45,-,Belum ditandai,unset
2026-05-31T22:26:10.427,328741,156,0.126,0.18713333333333332,0.0,70.0,5000,154.0,1,0.76,0.0,0,0.0,0.0,45,-,Belum ditandai,unset
2026-05-31T22:26:10.929,329261,158,0.1262,0.18733333333333332,0.0,70.0,5000,154.0,1,0.76,0.0,0,0.0,0.0,45,-,Belum ditandai,unset
2026-05-31T22:26:11.427,329713,156,0.12613333333333332,0.18726666666666666,0.0,70.0,5000,154.0,1,0.76,0.0,0,0.0,0.0,45,-,Belum ditandai,unset
2026-05-31T22:26:11.925,330233,156,0.12613333333333332,0.18746666666666664,0.0,70.0,5000,154.0,1,0.76,0.0,0,0.0,0.0,45,-,Belum ditandai,unset
2026-05-31T22:26:12.425,330751,158,0.12606666666666666,0.18766666666666668,0.0,70.0,5000,154.0,1,0.76,0.0,0,0.0,0.0,45,-,Belum ditandai,unset
2026-05-31T22:26:12.923,331271,156,0.12593333333333334,0.18739999999999998,0.0,70.0,5000,154.0,1,0.76,0.0,0,0.0,0.0,45,-,Belum ditandai,unset
2026-05-31T22:26:13.427,331723,157,0.126,0.18726666666666666,0.0,70.0,5000,154.0,1,0.76,0.0,0,0.0,0.0,45,-,Belum ditandai,unset
2026-05-31T22:26:13.921,332243,157,0.12633333333333333,0.18773333333333334,0.0,70.0,5000,154.0,1,0.76,0.0,0,0.0,0.0,45,-,Belum ditandai,unset
2026-05-31T22:26:14.421,332761,156,0.1268,0.18833333333333335,0.0,70.0,5000,154.0,1,0.76,0.0,0,0.0,0.0,45,-,Belum ditandai,unset
2026-05-31T22:26:14.987,333281,157,0.12686666666666666,0.1884,0.0,70.0,5000,154.0,1,0.76,0.0,0,0.0,0.0,45,-,Belum ditandai,unset
2026-05-31T22:26:15.488,333837,159,0.12686666666666666,0.18853333333333333,0.0,70.0,5000,154.0,1,0.76,0.0,0,0.0,0.0,45,-,Belum ditandai,unset
2026-05-31T22:26:16.049,334357,157,0.12693333333333331,0.18873333333333334,0.0,70.0,5000,154.0,1,0.76,0.0,0,0.0,0.0,45,-,Belum ditandai,unset
2026-05-31T22:26:16.546,334875,157,0.12673333333333334,0.18853333333333333,0.0,70.0,5000,154.0,1,0.76,0.0,0,0.0,0.0,45,-,Belum ditandai,unset
2026-05-31T22:26:17.109,335431,157,0.12693333333333331,0.18873333333333334,0.0,70.0,5000,154.0,1,0.76,0.0,0,0.0,0.0,45,-,Belum ditandai,unset
2026-05-31T22:26:17.608,335951,157,0.12673333333333334,0.18813333333333335,0.0,70.0,5000,154.0,1,0.76,0.0,0,0.0,0.0,45,-,Belum ditandai,unset
2026-05-31T22:26:18.107,336469,162,0.1274,0.18893333333333334,0.0,70.0,5000,154.0,1,0.76,0.0,0,0.0,0.0,45,-,Belum ditandai,unset
2026-05-31T22:26:18.668,336989,157,0.12713333333333335,0.18853333333333333,0.0,70.0,5000,154.0,1,0.76,0.0,0,0.0,0.0,45,-,Belum ditandai,unset
2026-05-31T22:26:19.229,337546,158,0.1270666666666667,0.18860000000000002,0.0,70.0,5000,154.0,1,0.76,0.0,0,0.0,0.0,45,-,Belum ditandai,unset
2026-05-31T22:26:19.855,338170,155,0.12626666666666667,0.18766666666666668,0.0,70.0,5000,154.0,1,0.76,0.0,0,0.0,0.0,45,-,Belum ditandai,unset
2026-05-31T22:26:20.355,338687,157,0.12626666666666667,0.18780000000000002,0.0,70.0,5000,154.0,1,0.76,0.0,0,0.0,0.0,45,-,Belum ditandai,unset
2026-05-31T22:26:20.976,339311,159,0.12673333333333334,0.1884,0.0,70.0,5000,154.0,1,0.76,0.0,0,0.0,0.0,45,-,Belum ditandai,unset
2026-05-31T22:26:21.538,339878,157,0.12726666666666667,0.18906666666666666,0.0,70.0,5000,154.0,1,0.76,0.0,0,0.0,0.0,45,-,Belum ditandai,unset
2026-05-31T22:26:22.036,340398,155,0.127,0.18853333333333333,0.0,70.0,5000,154.0,1,0.76,0.0,0,0.0,0.0,45,-,Belum ditandai,unset
2026-05-31T22:26:22.538,340915,156,0.12633333333333333,0.18760000000000002,0.0,70.0,5000,154.0,1,0.76,0.0,0,0.0,0.0,45,-,Belum ditandai,unset
2026-05-31T22:26:23.102,341481,155,0.12593333333333334,0.1869333333333333,0.0,70.0,5000,154.0,1,0.76,0.0,0,0.0,0.0,45,-,Belum ditandai,unset
2026-05-31T22:26:23.662,342002,158,0.12626666666666667,0.18780000000000002,0.0,70.0,5000,154.0,1,0.76,0.0,0,0.0,0.0,45,-,Belum ditandai,unset
2026-05-31T22:26:24.161,342519,157,0.12653333333333333,0.1880666666666667,0.0,70.0,5000,154.0,1,0.76,0.0,0,0.0,0.0,45,-,Belum ditandai,unset
2026-05-31T22:26:24.661,343039,159,0.1270666666666667,0.18926666666666667,0.0,70.0,5000,154.0,1,0.76,0.0,0,0.0,0.0,45,-,Belum ditandai,unset
2026-05-31T22:26:25.165,343501,157,0.12693333333333331,0.18873333333333334,0.0,70.0,5000,154.0,1,0.76,0.0,0,0.0,0.0,45,-,Belum ditandai,unset
2026-05-31T22:26:25.664,344022,157,0.12693333333333331,0.18860000000000002,0.0,70.0,5000,154.0,1,0.76,0.0,0,0.0,0.0,45,-,Belum ditandai,unset
2026-05-31T22:26:26.160,344539,157,0.12693333333333331,0.18833333333333335,0.0,70.0,5000,154.0,1,0.76,0.0,0,0.0,0.0,45,-,Belum ditandai,unset
2026-05-31T22:26:26.662,345059,158,0.12760000000000002,0.18953333333333333,0.0,70.0,5000,154.0,1,0.76,0.0,0,0.0,0.0,45,-,Belum ditandai,unset
2026-05-31T22:26:27.161,345522,159,0.1282,0.19066666666666665,0.0,70.0,5000,154.0,1,0.76,0.0,0,0.0,0.0,45,-,Belum ditandai,unset
2026-05-31T22:26:27.660,346042,158,0.1282,0.19093333333333332,0.0,70.0,5000,154.0,1,0.76,0.0,0,0.0,0.0,45,-,Belum ditandai,unset
2026-05-31T22:26:28.158,346560,156,0.12713333333333335,0.18946666666666667,0.0,70.0,5000,154.0,1,0.76,0.0,0,0.0,0.0,45,-,Belum ditandai,unset
2026-05-31T22:26:28.720,347080,157,0.12666666666666665,0.18860000000000002,0.0,70.0,5000,154.0,1,0.76,0.0,0,0.0,0.0,45,-,Belum ditandai,unset
2026-05-31T22:26:29.280,347636,157,0.12593333333333334,0.18733333333333332,0.0,70.0,5000,154.0,1,0.76,0.0,0,0.0,0.0,45,-,Belum ditandai,unset
2026-05-31T22:26:29.781,348156,155,0.12566666666666668,0.1869333333333333,0.0,70.0,5000,154.0,1,0.76,0.0,0,0.0,0.0,45,-,Belum ditandai,unset
2026-05-31T22:26:30.280,348674,158,0.1252,0.18633333333333332,0.0,70.0,5000,154.0,1,0.76,0.0,0,0.0,0.0,45,-,Belum ditandai,unset
2026-05-31T22:26:30.778,349194,156,0.1258,0.18719999999999998,0.0,70.0,5000,154.0,1,0.76,0.0,0,0.0,0.0,45,-,Belum ditandai,unset
2026-05-31T22:26:31.338,349750,157,0.12633333333333333,0.18786666666666668,0.0,70.0,5000,154.0,1,0.76,0.0,0,0.0,0.0,45,-,Belum ditandai,unset
2026-05-31T22:26:31.903,350270,156,0.12673333333333334,0.18813333333333335,0.0,70.0,5000,154.0,1,0.76,0.0,0,0.0,0.0,45,-,Belum ditandai,unset
2026-05-31T22:26:32.526,350891,157,0.12666666666666665,0.18780000000000002,0.0,70.0,5000,154.0,1,0.76,0.0,0,0.0,0.0,45,-,Belum ditandai,unset
2026-05-31T22:26:33.028,351411,158,0.12639999999999998,0.18773333333333334,0.0,70.0,5000,154.0,1,0.76,0.0,0,0.0,0.0,45,-,Belum ditandai,unset
2026-05-31T22:26:33.588,351978,158,0.12646666666666667,0.1880666666666667,0.0,70.0,5000,154.0,1,0.76,0.0,0,0.0,0.0,45,-,Belum ditandai,unset
2026-05-31T22:26:34.088,352498,158,0.12626666666666667,0.188,0.0,70.0,5000,154.0,1,0.76,0.0,0,0.0,0.0,45,-,Belum ditandai,unset
2026-05-31T22:26:34.587,353015,158,0.12666666666666665,0.18846666666666667,0.0,70.0,5000,154.0,1,0.76,0.0,0,0.0,0.0,45,-,Belum ditandai,unset
2026-05-31T22:26:35.144,353582,158,0.12653333333333333,0.18846666666666667,0.0,70.0,5000,154.0,1,0.76,0.0,0,0.0,0.0,45,-,Belum ditandai,unset
2026-05-31T22:26:35.707,354102,157,0.12693333333333331,0.189,0.0,70.0,5000,154.0,1,0.76,0.0,0,0.0,0.0,45,-,Belum ditandai,unset
2026-05-31T22:26:36.206,354619,157,0.12653333333333333,0.18833333333333335,0.0,70.0,5000,154.0,1,0.76,0.0,0,0.0,0.0,45,-,Belum ditandai,unset
2026-05-31T22:26:36.705,355139,156,0.12653333333333333,0.1880666666666667,0.0,70.0,5000,154.0,1,0.76,0.0,0,0.0,0.0,45,-,Belum ditandai,unset
2026-05-31T22:26:37.205,355601,158,0.12639999999999998,0.18793333333333334,0.0,70.0,5000,154.0,1,0.76,0.0,0,0.0,0.0,45,-,Belum ditandai,unset
2026-05-31T22:26:37.706,356122,158,0.12653333333333333,0.1882,0.0,70.0,5000,154.0,1,0.76,0.0,0,0.0,0.0,45,-,Belum ditandai,unset
2026-05-31T22:26:38.206,356644,160,0.12693333333333331,0.18913333333333335,0.0,70.0,5000,154.0,1,0.76,0.0,0,0.0,0.0,45,-,Belum ditandai,unset
2026-05-31T22:26:38.767,357164,154,0.12686666666666666,0.1888,0.0,70.0,5000,154.0,1,0.76,0.0,0,0.0,0.0,45,-,Belum ditandai,unset
2026-05-31T22:26:39.266,357716,155,0.12673333333333334,0.18866666666666668,0.0,70.0,5000,154.0,1,0.76,0.0,0,0.0,0.0,45,-,Belum ditandai,unset
2026-05-31T22:26:39.829,358236,156,0.126,0.18726666666666666,0.0,70.0,5000,154.0,1,0.76,0.0,0,0.0,0.0,45,-,Belum ditandai,unset
2026-05-31T22:26:40.328,358753,155,0.1258,0.1869333333333333,0.0,70.0,5000,154.0,1,0.76,0.0,0,0.0,0.0,45,-,Belum ditandai,unset
2026-05-31T22:26:40.827,359273,158,0.126,0.18739999999999998,0.0,70.0,5000,154.0,1,0.76,0.0,0,0.0,0.0,45,-,Belum ditandai,unset
2026-05-31T22:26:41.328,359736,157,0.12653333333333333,0.18833333333333335,0.0,70.0,5000,154.0,1,0.76,0.0,0,0.0,0.0,45,-,Belum ditandai,unset
2026-05-31T22:26:41.826,360256,156,0.12633333333333333,0.18813333333333335,0.0,70.0,5000,154.0,1,0.76,0.0,0,0.0,0.0,45,-,Belum ditandai,unset
2026-05-31T22:26:42.325,360773,155,0.12573333333333334,0.18713333333333332,0.0,70.0,5000,154.0,1,0.76,0.0,0,0.0,0.0,45,-,Belum ditandai,unset
2026-05-31T22:26:42.884,361293,158,0.12533333333333332,0.18646666666666667,0.0,70.0,5000,154.0,1,0.76,0.0,0,0.0,0.0,45,-,Belum ditandai,unset
2026-05-31T22:26:43.444,361860,159,0.12593333333333334,0.18773333333333334,0.0,70.0,5000,154.0,1,0.76,0.0,0,0.0,0.0,45,-,Belum ditandai,unset
2026-05-31T22:26:43.944,362380,155,0.12673333333333334,0.1892,0.0,70.0,5000,154.0,1,0.76,0.0,0,0.0,0.0,45,-,Belum ditandai,unset
2026-05-31T22:26:44.442,362898,157,0.12626666666666667,0.18846666666666667,0.0,70.0,5000,154.0,1,2.66,0.012,0,0.0,0.0,45,-,Belum ditandai,unset
2026-05-31T22:26:45.004,363418,155,0.126,0.18793333333333334,0.0,70.0,5000,154.0,1,2.66,0.012,0,0.0,0.0,45,-,Belum ditandai,unset
2026-05-31T22:26:45.500,363974,159,0.12613333333333332,0.18793333333333334,0.0,70.0,5000,154.0,1,8.73,0.026,0,0.0,0.0,45,-,Belum ditandai,unset
2026-05-31T22:26:46.062,364494,158,0.12673333333333334,0.18906666666666666,0.0,70.0,5000,154.0,1,8.73,0.026,0,0.0,0.0,45,-,Belum ditandai,unset
2026-05-31T22:26:46.562,365012,156,0.12673333333333334,0.18893333333333334,0.0,70.0,5000,154.0,1,14.09,0.027,0,0.0,0.0,45,-,Belum ditandai,unset
2026-05-31T22:26:47.060,365532,156,0.12553333333333333,0.18706666666666666,0.0,70.0,5000,154.0,1,14.09,0.027,0,0.0,0.0,45,-,Belum ditandai,unset
2026-05-31T22:26:47.620,366088,162,0.1258,0.18706666666666666,0.0,70.0,5000,154.0,1,17.55,0.029,0,0.0,0.0,45,-,Belum ditandai,unset
2026-05-31T22:26:48.121,366608,158,0.12586666666666665,0.18713333333333332,0.0,70.0,5000,154.0,1,17.55,0.029,0,0.0,0.0,45,-,Belum ditandai,unset
2026-05-31T22:26:48.681,367126,158,0.12686666666666666,0.18853333333333333,0.0,70.0,5000,154.0,1,25.92,0.03,0,0.0,0.0,45,-,Belum ditandai,unset
2026-05-31T22:26:49.249,367682,158,0.12666666666666665,0.18833333333333335,0.0,70.0,5000,154.0,1,30.05,0.03,0,0.0,0.0,45,-,Belum ditandai,unset
2026-05-31T22:26:49.751,368202,157,0.12673333333333334,0.18813333333333335,0.0,70.0,5000,154.0,1,30.05,0.03,0,0.0,0.0,45,-,Belum ditandai,unset
2026-05-31T22:26:50.248,368720,157,0.12693333333333331,0.18833333333333335,0.0,70.0,5000,154.0,1,30.38,0.03,0,0.0,0.0,45,-,Belum ditandai,unset
2026-05-31T22:26:50.746,369240,157,0.12686666666666666,0.18813333333333335,0.0,70.0,5000,154.0,1,30.38,0.03,0,0.0,0.0,45,-,Belum ditandai,unset
2026-05-31T22:26:51.306,369796,157,0.12646666666666667,0.18773333333333334,0.0,70.0,5000,154.0,1,30.38,0.03,0,0.0,0.0,45,-,Belum ditandai,unset
2026-05-31T22:26:51.866,370316,159,0.1266,0.18826666666666667,0.0,70.0,5000,154.0,1,30.38,0.03,0,0.0,0.0,45,-,Belum ditandai,unset
2026-05-31T22:26:52.370,370834,156,0.12639999999999998,0.1880666666666667,0.0,70.0,5000,154.0,1,30.38,0.03,0,0.0,0.0,45,-,Belum ditandai,unset
2026-05-31T22:26:52.873,371354,157,0.1268,0.18873333333333334,0.0,70.0,5000,154.0,1,30.38,0.03,0,0.0,0.0,45,-,Belum ditandai,unset
2026-05-31T22:26:53.435,371910,155,0.12593333333333334,0.18726666666666666,0.0,70.0,5000,154.0,1,30.38,0.03,0,0.0,0.0,45,-,Belum ditandai,unset
2026-05-31T22:26:54.058,372534,156,0.12593333333333334,0.18713333333333332,0.0,70.0,5000,154.0,1,30.38,0.03,0,0.0,0.0,45,-,Belum ditandai,unset
2026-05-31T22:26:54.558,373051,158,0.12626666666666667,0.18766666666666668,0.0,70.0,5000,154.0,1,30.38,0.03,0,0.0,0.0,45,-,Belum ditandai,unset
2026-05-31T22:26:55.243,373721,158,0.12673333333333334,0.1884,0.0,70.0,5000,154.0,1,30.38,0.03,0,0.0,0.0,45,-,Belum ditandai,unset
2026-05-31T22:26:55.746,374242,157,0.1266,0.18813333333333335,0.0,70.0,5000,154.0,1,30.38,0.03,0,0.0,0.0,45,-,Belum ditandai,unset
2026-05-31T22:26:56.249,374759,156,0.12646666666666667,0.188,0.0,70.0,5000,154.0,1,30.38,0.03,0,0.0,0.0,45,-,Belum ditandai,unset
2026-05-31T22:26:56.815,375279,156,0.12633333333333333,0.18773333333333334,0.0,70.0,5000,154.0,1,30.38,0.03,0,0.0,0.0,45,-,Belum ditandai,unset
2026-05-31T22:26:57.378,375846,155,0.12606666666666666,0.18739999999999998,0.0,70.0,5000,154.0,1,30.38,0.03,0,0.0,0.0,45,-,Belum ditandai,unset
2026-05-31T22:26:57.878,376366,156,0.12593333333333334,0.187,0.0,70.0,5000,154.0,1,30.38,0.03,0,0.0,0.0,45,-,Belum ditandai,unset
2026-05-31T22:26:58.381,376883,157,0.1258,0.1868,0.0,70.0,5000,154.0,1,30.37,0.03,0,0.0,0.0,45,-,Belum ditandai,unset
2026-05-31T22:26:58.882,377403,156,0.12613333333333332,0.18733333333333332,0.0,70.0,5000,154.0,1,30.37,0.03,0,0.0,0.0,45,-,Belum ditandai,unset
2026-05-31T22:26:59.385,377866,158,0.12626666666666667,0.18773333333333334,0.0,70.0,5000,154.0,1,30.39,0.03,0,0.0,0.0,45,-,Belum ditandai,unset
2026-05-31T22:27:00.009,378490,156,0.1262,0.18773333333333334,0.0,70.0,5000,154.0,1,30.39,0.03,0,0.0,0.0,45,-,Belum ditandai,unset
2026-05-31T22:27:00.508,379007,161,0.12653333333333333,0.1880666666666667,0.0,70.0,5000,154.0,1,30.38,0.03,0,0.0,0.0,45,-,Belum ditandai,unset
2026-05-31T22:27:01.010,379527,159,0.12673333333333334,0.18813333333333335,0.0,70.0,5000,154.0,1,30.38,0.03,0,0.0,0.0,45,-,Belum ditandai,unset
2026-05-31T22:27:01.509,379990,157,0.12693333333333331,0.18846666666666667,0.0,70.0,5000,154.0,1,30.38,0.03,0,0.0,0.0,45,-,Belum ditandai,unset
2026-05-31T22:27:02.010,380510,154,0.12653333333333333,0.1880666666666667,0.0,70.0,5000,154.0,1,30.38,0.03,0,0.0,0.0,45,-,Belum ditandai,unset
2026-05-31T22:27:02.508,381027,156,0.12573333333333334,0.187,0.0,70.0,5000,154.0,1,30.38,0.03,0,0.0,0.0,45,-,Belum ditandai,unset
2026-05-31T22:27:03.009,381547,155,0.12533333333333332,0.18633333333333332,0.0,70.0,5000,154.0,1,30.38,0.03,0,0.0,0.0,45,-,Belum ditandai,unset
2026-05-31T22:27:03.515,382010,153,0.12526666666666667,0.18639999999999998,0.0,70.0,5000,154.0,1,30.38,0.03,0,0.0,0.0,45,-,Belum ditandai,unset
2026-05-31T22:27:04.014,382530,157,0.12606666666666666,0.18733333333333332,0.0,70.0,5000,154.0,1,30.38,0.03,0,0.0,0.0,45,-,Belum ditandai,unset
2026-05-31T22:27:04.515,383047,156,0.12639999999999998,0.18766666666666668,0.0,70.0,5000,154.0,1,30.38,0.03,0,0.0,0.0,45,-,Belum ditandai,unset
2026-05-31T22:27:05.017,383567,157,0.1270666666666667,0.18860000000000002,0.0,70.0,5000,154.0,1,30.38,0.03,0,0.0,0.0,45,-,Belum ditandai,unset
2026-05-31T22:27:05.521,384030,158,0.127,0.18866666666666668,0.0,70.0,5000,154.0,1,30.38,0.03,0,0.0,0.0,45,-,Belum ditandai,unset
2026-05-31T22:27:06.022,384550,157,0.12693333333333331,0.18886666666666668,0.0,70.0,5000,154.0,1,30.38,0.03,0,0.0,0.0,45,-,Belum ditandai,unset
2026-05-31T22:27:06.523,385068,156,0.1266,0.18826666666666667,0.0,70.0,5000,154.0,1,30.39,0.03,0,0.0,0.0,45,-,Belum ditandai,unset
2026-05-31T22:27:07.084,385588,159,0.12639999999999998,0.18793333333333334,0.0,70.0,5000,154.0,1,30.39,0.03,0,0.0,0.0,45,-,Belum ditandai,unset
2026-05-31T22:27:07.582,386144,157,0.12626666666666667,0.18753333333333336,0.0,70.0,5000,154.0,1,30.38,0.03,0,0.0,0.0,45,-,Belum ditandai,unset
2026-05-31T22:27:08.147,386664,157,0.1266,0.18786666666666668,0.0,70.0,5000,154.0,1,30.38,0.03,0,0.0,0.0,45,-,Belum ditandai,unset
2026-05-31T22:27:08.647,387182,157,0.1266,0.18786666666666668,0.0,70.0,5000,154.0,1,30.38,0.03,0,0.0,0.0,45,-,Belum ditandai,unset
2026-05-31T22:27:09.147,387702,157,0.12606666666666666,0.18733333333333332,0.0,70.0,5000,154.0,1,30.38,0.03,0,0.0,0.0,45,-,Belum ditandai,unset
2026-05-31T22:27:09.707,388258,158,0.12573333333333334,0.187,0.0,70.0,5000,154.0,1,30.38,0.03,0,0.0,0.0,45,-,Belum ditandai,unset
2026-05-31T22:27:10.206,388778,156,0.1258,0.18706666666666666,0.0,70.0,5000,154.0,1,30.38,0.03,0,0.0,0.0,45,-,Belum ditandai,unset
2026-05-31T22:27:10.769,389296,157,0.12646666666666667,0.18786666666666668,0.0,70.0,5000,154.0,1,30.38,0.03,0,0.0,0.0,45,-,Belum ditandai,unset
2026-05-31T22:27:11.333,389852,157,0.12633333333333333,0.18773333333333334,0.0,70.0,5000,154.0,1,30.38,0.03,0,0.0,0.0,45,-,Belum ditandai,unset
2026-05-31T22:27:11.854,390372,157,0.12626666666666667,0.18753333333333336,0.0,70.0,5000,154.0,1,30.38,0.03,0,0.0,0.0,45,-,Belum ditandai,unset
2026-05-31T22:27:12.411,390994,157,0.12633333333333333,0.18746666666666664,0.0,70.0,5000,154.0,1,30.38,0.03,0,0.0,0.0,45,-,Belum ditandai,unset
2026-05-31T22:27:12.970,391514,157,0.12673333333333334,0.188,0.0,70.0,5000,154.0,1,30.38,0.03,0,0.0,0.0,45,-,Belum ditandai,unset
2026-05-31T22:27:13.531,392070,157,0.12673333333333334,0.18813333333333335,0.0,70.0,5000,154.0,1,30.38,0.03,0,0.0,0.0,45,-,Belum ditandai,unset
2026-05-31T22:27:14.033,392590,157,0.12693333333333331,0.18846666666666667,0.0,70.0,5000,154.0,1,30.38,0.03,0,0.0,0.0,45,-,Belum ditandai,unset
2026-05-31T22:27:14.535,393108,158,0.1266,0.18813333333333335,0.0,70.0,5000,154.0,1,30.39,0.03,0,0.0,0.0,45,-,Belum ditandai,unset
2026-05-31T22:27:15.034,393628,157,0.1268,0.18833333333333335,0.0,70.0,5000,154.0,1,30.39,0.03,0,0.0,0.0,45,-,Belum ditandai,unset
2026-05-31T22:27:15.533,394080,156,0.12633333333333333,0.18760000000000002,0.0,70.0,5000,154.0,1,30.39,0.03,0,0.0,0.0,45,-,Belum ditandai,unset
2026-05-31T22:27:16.029,394600,157,0.12653333333333333,0.18780000000000002,0.0,70.0,5000,154.0,1,30.39,0.03,0,0.0,0.0,45,-,Belum ditandai,unset
2026-05-31T22:27:16.527,395118,156,0.12626666666666667,0.18739999999999998,0.0,70.0,5000,154.0,1,30.4,0.03,0,0.0,0.0,45,-,Belum ditandai,unset
2026-05-31T22:27:17.088,395638,155,0.12606666666666666,0.18733333333333332,0.0,70.0,5000,154.0,1,30.4,0.03,0,0.0,0.0,45,-,Belum ditandai,unset
2026-05-31T22:27:17.589,396195,158,0.12606666666666666,0.18746666666666664,0.0,70.0,5000,154.0,1,30.4,0.03,0,0.0,0.0,45,-,Belum ditandai,unset
2026-05-31T22:27:18.148,396715,157,0.1262,0.18746666666666664,0.0,70.0,5000,154.0,1,30.4,0.03,0,0.0,0.0,45,-,Belum ditandai,unset
2026-05-31T22:27:18.647,397232,158,0.12666666666666665,0.1880666666666667,0.0,70.0,5000,154.0,1,30.4,0.03,0,0.0,0.0,45,-,Belum ditandai,unset
2026-05-31T22:27:19.148,397752,158,0.1268,0.18833333333333335,0.0,70.0,5000,154.0,1,30.4,0.03,0,0.0,0.0,45,-,Belum ditandai,unset
2026-05-31T22:27:19.647,398215,156,0.12686666666666666,0.18853333333333333,0.0,70.0,5000,154.0,1,30.4,0.03,0,0.0,0.0,45,-,Belum ditandai,unset
2026-05-31T22:27:20.147,398735,157,0.1268,0.18846666666666667,0.0,70.0,5000,154.0,1,30.4,0.03,0,0.0,0.0,45,-,Belum ditandai,unset
2026-05-31T22:27:20.648,399252,155,0.12653333333333333,0.1880666666666667,0.0,70.0,5000,154.0,1,30.4,0.03,0,0.0,0.0,45,-,Belum ditandai,unset
2026-05-31T22:27:21.206,399772,157,0.12646666666666667,0.18786666666666668,0.0,70.0,5000,154.0,1,30.4,0.03,0,0.0,0.0,45,-,Belum ditandai,unset
2026-05-31T22:27:21.768,400339,157,0.1266,0.18826666666666667,0.0,70.0,5000,154.0,1,30.39,0.03,0,0.0,0.0,45,-,Belum ditandai,unset
2026-05-31T22:27:22.268,400859,155,0.12653333333333333,0.18793333333333334,0.0,70.0,5000,154.0,1,30.39,0.03,0,0.0,0.0,45,-,Belum ditandai,unset
2026-05-31T22:27:22.771,401376,157,0.12626666666666667,0.18753333333333336,0.0,70.0,5000,154.0,1,30.39,0.03,0,0.0,0.0,45,-,Belum ditandai,unset
2026-05-31T22:27:23.331,401942,156,0.12613333333333332,0.18713333333333332,0.0,70.0,5000,154.0,1,30.39,0.03,0,0.0,0.0,45,-,Belum ditandai,unset
2026-05-31T22:27:23.833,402463,158,0.12633333333333333,0.18773333333333334,0.0,70.0,5000,154.0,1,30.39,0.03,0,0.0,0.0,45,-,Belum ditandai,unset
2026-05-31T22:27:24.396,402980,159,0.12653333333333333,0.1880666666666667,0.0,70.0,5000,154.0,1,30.4,0.03,0,0.0,0.0,45,-,Belum ditandai,unset
2026-05-31T22:27:24.896,403500,155,0.1266,0.18826666666666667,0.0,70.0,5000,154.0,1,30.4,0.03,0,0.0,0.0,45,-,Belum ditandai,unset
2026-05-31T22:27:25.458,404067,157,0.12666666666666665,0.1880666666666667,0.0,70.0,5000,154.0,1,30.4,0.03,0,0.0,0.0,45,-,Belum ditandai,unset
2026-05-31T22:27:25.952,404587,158,0.12693333333333331,0.18873333333333334,0.0,70.0,5000,154.0,1,30.4,0.03,0,0.0,0.0,45,-,Belum ditandai,unset
2026-05-31T22:27:26.517,405104,157,0.12693333333333331,0.18860000000000002,0.0,70.0,5000,154.0,1,30.4,0.03,0,0.0,0.0,45,-,Belum ditandai,unset
2026-05-31T22:27:27.017,405624,156,0.12666666666666665,0.18833333333333335,0.0,70.0,5000,154.0,1,30.4,0.03,0,0.0,0.0,45,-,Belum ditandai,unset
2026-05-31T22:27:27.578,406191,155,0.12646666666666667,0.18773333333333334,0.0,70.0,5000,154.0,1,30.39,0.03,0,0.0,0.0,45,-,Belum ditandai,unset
2026-05-31T22:27:28.076,406711,156,0.12626666666666667,0.18753333333333336,0.0,70.0,5000,154.0,1,30.39,0.03,0,0.0,0.0,45,-,Belum ditandai,unset
2026-05-31T22:27:28.637,407228,158,0.1266,0.188,0.0,70.0,5000,154.0,1,30.39,0.03,0,0.0,0.0,45,-,Belum ditandai,unset
2026-05-31T22:27:29.137,407748,156,0.12666666666666665,0.18833333333333335,0.0,70.0,5000,154.0,1,30.39,0.03,0,0.0,0.0,45,-,Belum ditandai,unset
2026-05-31T22:27:29.698,408315,156,0.1266,0.18853333333333333,0.0,70.0,5000,154.0,1,30.4,0.03,0,0.0,0.0,45,-,Belum ditandai,unset
2026-05-31T22:27:30.198,408835,156,0.12593333333333334,0.18760000000000002,0.0,70.0,5000,154.0,1,30.4,0.03,0,0.0,0.0,45,-,Belum ditandai,unset
2026-05-31T22:27:30.761,409357,157,0.126,0.18739999999999998,0.0,70.0,5000,154.0,1,30.39,0.03,0,0.0,0.0,45,-,Belum ditandai,unset
2026-05-31T22:27:31.257,409877,158,0.12626666666666667,0.18766666666666668,0.0,70.0,5000,154.0,1,30.39,0.03,0,0.0,0.0,45,-,Belum ditandai,unset
2026-05-31T22:27:31.817,410429,156,0.1268,0.18833333333333335,0.0,70.0,5000,154.0,1,30.39,0.03,0,0.0,0.0,45,-,Belum ditandai,unset
2026-05-31T22:27:32.317,410949,158,0.12639999999999998,0.18793333333333334,0.0,70.0,5000,154.0,1,30.39,0.03,0,0.0,0.0,45,-,Belum ditandai,unset
2026-05-31T22:27:32.819,411466,156,0.12626666666666667,0.18753333333333336,0.0,70.0,5000,154.0,1,30.39,0.03,0,0.0,0.0,45,-,Belum ditandai,unset
2026-05-31T22:27:33.378,412032,157,0.1262,0.18733333333333332,0.0,70.0,5000,154.0,1,30.38,0.03,0,0.0,0.0,45,-,Belum ditandai,unset
2026-05-31T22:27:33.940,412552,154,0.126,0.18686666666666665,0.0,70.0,5000,154.0,1,30.38,0.03,0,0.0,0.0,45,-,Belum ditandai,unset
2026-05-31T22:27:34.439,413070,155,0.12566666666666668,0.18653333333333333,0.0,70.0,5000,154.0,1,30.38,0.03,0,0.0,0.0,45,-,Belum ditandai,unset
2026-05-31T22:27:34.939,413590,156,0.12566666666666668,0.18653333333333333,0.0,70.0,5000,154.0,1,30.38,0.03,0,0.0,0.0,45,-,Belum ditandai,unset
2026-05-31T22:27:35.501,414146,158,0.1262,0.18760000000000002,0.0,70.0,5000,154.0,1,30.39,0.03,0,0.0,0.0,45,-,Belum ditandai,unset
2026-05-31T22:27:36.002,414666,156,0.1266,0.18813333333333335,0.0,70.0,5000,154.0,1,30.39,0.03,0,0.0,0.0,45,-,Belum ditandai,unset
2026-05-31T22:27:36.502,415184,153,0.12573333333333334,0.18739999999999998,0.0,70.0,5000,154.0,1,30.39,0.03,0,0.0,0.0,45,-,Belum ditandai,unset
2026-05-31T22:27:37.063,415704,157,0.12573333333333334,0.18713333333333332,0.0,70.0,5000,154.0,1,30.39,0.03,0,0.0,0.0,45,-,Belum ditandai,unset
2026-05-31T22:27:37.622,416260,156,0.12573333333333334,0.187,0.0,70.0,5000,154.0,1,30.39,0.03,0,0.0,0.0,45,-,Belum ditandai,unset
2026-05-31T22:27:38.243,416884,157,0.12666666666666665,0.18780000000000002,0.0,70.0,5000,154.0,1,30.39,0.03,0,0.0,0.0,45,-,Belum ditandai,unset
2026-05-31T22:27:38.742,417401,153,0.12573333333333334,0.1866,0.0,70.0,5000,154.0,1,30.39,0.03,0,0.0,0.0,45,-,Belum ditandai,unset
2026-05-31T22:27:39.240,417921,155,0.125,0.18586666666666665,0.0,70.0,5000,154.0,1,30.39,0.03,0,0.0,0.0,45,-,Belum ditandai,unset
2026-05-31T22:27:39.737,418384,156,0.12493333333333334,0.18593333333333334,0.0,70.0,5000,154.0,1,30.39,0.03,0,0.0,0.0,45,-,Belum ditandai,unset
2026-05-31T22:27:40.238,418904,155,0.12533333333333332,0.1866,0.0,70.0,5000,154.0,1,30.39,0.03,0,0.0,0.0,45,-,Belum ditandai,unset
2026-05-31T22:27:40.737,419421,159,0.12646666666666667,0.188,0.0,70.0,5000,154.0,1,30.4,0.03,0,0.0,0.0,45,-,Belum ditandai,unset
2026-05-31T22:27:41.301,419941,155,0.1266,0.18826666666666667,0.0,70.0,5000,154.0,1,30.4,0.03,0,0.0,0.0,45,-,Belum ditandai,unset
2026-05-31T22:27:41.860,420508,156,0.1268,0.18860000000000002,0.0,70.0,5000,154.0,1,30.4,0.03,0,0.0,0.0,45,-,Belum ditandai,unset
2026-05-31T22:27:42.361,421028,166,0.12753333333333333,0.18973333333333334,0.0,70.0,5000,154.0,1,30.4,0.03,0,0.0,0.0,45,-,Belum ditandai,unset
2026-05-31T22:27:42.862,421545,164,0.12946666666666667,0.19273333333333334,0.0,70.0,5000,154.0,1,30.39,0.03,0,0.0,0.0,45,-,Belum ditandai,unset
2026-05-31T22:27:43.421,422111,159,0.13046666666666668,0.19426666666666667,0.0,70.0,5000,154.0,1,30.39,0.03,0,0.0,0.0,45,-,Belum ditandai,unset
2026-05-31T22:27:43.922,422632,158,0.1296,0.193,0.0,70.0,5000,154.0,1,30.39,0.03,0,0.0,0.0,45,-,Belum ditandai,unset
2026-05-31T22:27:44.487,423149,159,0.1282,0.19093333333333332,0.0,70.0,5000,154.0,1,30.4,0.03,0,0.0,0.0,45,-,Belum ditandai,unset
2026-05-31T22:27:44.987,423669,157,0.12713333333333335,0.18933333333333333,0.0,70.0,5000,154.0,1,30.4,0.03,0,0.0,0.0,45,-,Belum ditandai,unset
2026-05-31T22:27:45.547,424236,159,0.1270666666666667,0.18926666666666667,0.0,70.0,5000,154.0,1,30.39,0.03,0,0.0,0.0,45,-,Belum ditandai,unset
2026-05-31T22:27:46.044,424756,158,0.12686666666666666,0.1888,0.0,70.0,5000,154.0,1,30.39,0.03,0,0.0,0.0,45,-,Belum ditandai,unset
2026-05-31T22:27:46.604,425273,156,0.12686666666666666,0.18866666666666668,0.0,70.0,5000,154.0,1,30.4,0.03,0,0.0,0.0,45,-,Belum ditandai,unset
2026-05-31T22:27:47.105,425793,162,0.12806666666666666,0.19039999999999999,0.0,70.0,5000,154.0,1,30.4,0.03,0,0.0,0.0,45,-,Belum ditandai,unset
2026-05-31T22:27:47.667,426360,163,0.129,0.19173333333333334,0.0,70.0,5000,154.0,1,30.4,0.03,0,0.0,0.0,45,-,Belum ditandai,unset
2026-05-31T22:27:48.287,426984,161,0.13046666666666668,0.19386666666666666,0.0,70.0,5000,154.0,1,30.4,0.03,0,0.0,0.0,45,-,Belum ditandai,unset
2026-05-31T22:27:48.784,427501,160,0.12973333333333334,0.19260000000000002,0.0,70.0,5000,154.0,1,30.39,0.03,0,0.0,0.0,45,-,Belum ditandai,unset
2026-05-31T22:27:49.345,428021,158,0.129,0.19173333333333334,0.0,70.0,5000,154.0,1,30.39,0.03,0,0.0,0.0,45,-,Belum ditandai,unset
2026-05-31T22:27:49.906,428588,160,0.12846666666666667,0.19106666666666666,0.0,70.0,5000,154.0,1,30.4,0.03,0,0.0,0.0,45,-,Belum ditandai,unset
2026-05-31T22:27:50.408,429108,159,0.12833333333333333,0.19093333333333332,0.0,70.0,5000,154.0,1,30.4,0.03,0,0.0,0.0,45,-,Belum ditandai,unset
2026-05-31T22:27:50.909,429625,157,0.12793333333333334,0.19026666666666667,0.0,70.0,5000,154.0,1,30.4,0.03,0,0.0,0.0,45,-,Belum ditandai,unset
2026-05-31T22:27:51.473,430191,159,0.12766666666666668,0.19013333333333332,0.0,70.0,5000,154.0,1,30.39,0.03,0,0.0,0.0,45,-,Belum ditandai,unset
2026-05-31T22:27:51.971,430712,159,0.12773333333333334,0.19046666666666667,0.0,70.0,5000,154.0,1,30.39,0.03,0,0.0,0.0,45,-,Belum ditandai,unset
2026-05-31T22:27:52.532,431229,163,0.12873333333333334,0.192,0.0,70.0,5000,154.0,1,30.39,0.03,0,0.0,0.0,45,-,Belum ditandai,unset
2026-05-31T22:27:53.030,431749,159,0.129,0.19226666666666667,0.0,70.0,5000,154.0,1,30.39,0.03,0,0.0,0.0,45,-,Belum ditandai,unset
2026-05-31T22:27:53.592,432316,158,0.12853333333333333,0.19153333333333336,0.0,70.0,5000,154.0,1,30.39,0.03,0,0.0,0.0,45,-,Belum ditandai,unset
2026-05-31T22:27:54.091,432836,156,0.12766666666666668,0.19026666666666667,0.0,70.0,5000,154.0,1,30.39,0.03,0,0.0,0.0,45,-,Belum ditandai,unset
2026-05-31T22:27:54.653,433354,160,0.1274,0.18986666666666666,0.0,70.0,5000,154.0,1,30.39,0.03,0,0.0,0.0,45,-,Belum ditandai,unset
2026-05-31T22:27:55.152,433874,158,0.12753333333333333,0.19013333333333332,0.0,70.0,5000,154.0,1,30.39,0.03,0,0.0,0.0,45,-,Belum ditandai,unset
2026-05-31T22:27:55.717,434430,158,0.12773333333333334,0.19033333333333333,0.0,70.0,5000,154.0,1,30.39,0.03,0,0.0,0.0,45,-,Belum ditandai,unset
2026-05-31T22:27:56.217,434950,158,0.12760000000000002,0.19033333333333333,0.0,70.0,5000,154.0,1,30.39,0.03,0,0.0,0.0,45,-,Belum ditandai,unset
2026-05-31T22:27:56.716,435468,161,0.12813333333333335,0.191,0.0,70.0,5000,154.0,1,30.39,0.03,0,0.0,0.0,45,-,Belum ditandai,unset
2026-05-31T22:27:57.278,435988,159,0.12833333333333333,0.19133333333333333,0.0,70.0,5000,154.0,1,30.39,0.03,0,0.0,0.0,45,-,Belum ditandai,unset
2026-05-31T22:27:57.777,436544,158,0.1286,0.19160000000000002,0.0,70.0,5000,154.0,1,30.39,0.03,0,0.0,0.0,45,-,Belum ditandai,unset
2026-05-31T22:27:58.339,437064,159,0.12866666666666668,0.19166666666666668,0.0,70.0,5000,154.0,1,30.39,0.03,0,0.0,0.0,45,-,Belum ditandai,unset
2026-05-31T22:27:58.961,437686,158,0.12833333333333333,0.19133333333333333,0.0,70.0,5000,154.0,1,30.39,0.03,0,0.0,0.0,45,-,Belum ditandai,unset
2026-05-31T22:27:59.524,438242,160,0.1282,0.19106666666666666,0.0,70.0,5000,154.0,1,30.39,0.03,0,0.0,0.0,45,-,Belum ditandai,unset
2026-05-31T22:28:00.023,438762,159,0.12766666666666668,0.19039999999999999,0.0,70.0,5000,154.0,1,30.39,0.03,0,0.0,0.0,45,-,Belum ditandai,unset
2026-05-31T22:28:00.517,439280,160,0.12773333333333334,0.19046666666666667,0.0,70.0,5000,154.0,1,30.39,0.03,0,0.0,0.0,45,-,Belum ditandai,unset
2026-05-31T22:28:01.079,439800,159,0.12766666666666668,0.19039999999999999,0.0,70.0,5000,154.0,1,30.39,0.03,0,0.0,0.0,45,-,Belum ditandai,unset
2026-05-31T22:28:01.580,440356,160,0.12826666666666667,0.19113333333333332,0.0,70.0,5000,154.0,1,30.39,0.03,0,0.0,0.0,45,-,Belum ditandai,unset
2026-05-31T22:28:02.141,440876,160,0.12833333333333333,0.19119999999999998,0.0,70.0,5000,154.0,1,30.39,0.03,0,0.0,0.0,45,-,Belum ditandai,unset
2026-05-31T22:28:02.643,441394,160,0.1288,0.19180000000000003,0.0,70.0,5000,154.0,1,30.39,0.03,0,0.0,0.0,45,-,Belum ditandai,unset
2026-05-31T22:28:03.142,441914,159,0.12873333333333334,0.19173333333333334,0.0,70.0,5000,154.0,1,30.39,0.03,0,0.0,0.0,45,-,Belum ditandai,unset
2026-05-31T22:28:03.707,442470,159,0.12873333333333334,0.19173333333333334,0.0,70.0,5000,154.0,1,30.38,0.03,0,0.0,0.0,45,-,Belum ditandai,unset
2026-05-31T22:28:04.204,442990,156,0.12833333333333333,0.19106666666666666,0.0,70.0,5000,154.0,1,30.38,0.03,0,0.0,0.0,45,-,Belum ditandai,unset
2026-05-31T22:28:04.769,443507,162,0.12826666666666667,0.191,0.0,70.0,5000,154.0,1,30.39,0.03,0,0.0,0.0,45,-,Belum ditandai,unset
2026-05-31T22:28:05.267,444027,160,0.12813333333333335,0.19073333333333334,0.0,70.0,5000,154.0,1,30.39,0.03,0,0.0,0.0,45,-,Belum ditandai,unset
2026-05-31T22:28:05.828,444594,158,0.12813333333333335,0.19086666666666666,0.0,70.0,5000,154.0,1,30.39,0.03,0,0.0,0.0,45,-,Belum ditandai,unset
2026-05-31T22:28:06.334,445114,160,0.12786666666666668,0.1906,0.0,70.0,5000,154.0,1,30.39,0.03,0,0.0,0.0,45,-,Belum ditandai,unset
2026-05-31T22:28:06.834,445631,158,0.12773333333333334,0.19046666666666667,0.0,70.0,5000,154.0,1,30.4,0.03,0,0.0,0.0,45,-,Belum ditandai,unset
2026-05-31T22:28:07.394,446151,159,0.12793333333333334,0.1908,0.0,70.0,5000,154.0,1,30.4,0.03,0,0.0,0.0,45,-,Belum ditandai,unset
2026-05-31T22:28:07.954,446718,161,0.1278,0.19053333333333333,0.0,70.0,5000,154.0,1,30.4,0.03,0,0.0,0.0,45,-,Belum ditandai,unset
2026-05-31T22:28:08.454,447238,160,0.1278,0.19053333333333333,0.0,70.0,5000,154.0,1,30.4,0.03,0,0.0,0.0,45,-,Belum ditandai,unset
2026-05-31T22:28:08.955,447755,158,0.12726666666666667,0.1896,0.0,70.0,5000,154.0,1,30.39,0.03,0,0.0,0.0,45,-,Belum ditandai,unset
2026-05-31T22:28:09.516,448321,159,0.12746666666666667,0.18993333333333334,0.0,70.0,5000,154.0,1,30.4,0.03,0,0.0,0.0,45,-,Belum ditandai,unset
2026-05-31T22:28:10.079,448842,159,0.12760000000000002,0.1902,0.0,70.0,5000,154.0,1,30.4,0.03,0,0.0,0.0,45,-,Belum ditandai,unset
2026-05-31T22:28:10.577,449359,159,0.128,0.191,0.0,70.0,5000,154.0,1,30.4,0.03,0,0.0,0.0,45,-,Belum ditandai,unset
2026-05-31T22:28:11.075,449879,159,0.1282,0.19119999999999998,0.0,70.0,5000,154.0,1,30.4,0.03,0,0.0,0.0,45,-,Belum ditandai,unset
2026-05-31T22:28:11.576,450341,155,0.12773333333333334,0.19033333333333333,0.0,70.0,5000,154.0,1,30.4,0.03,0,0.0,0.0,45,-,Belum ditandai,unset
2026-05-31T22:28:12.073,450862,155,0.12746666666666667,0.18993333333333334,0.0,70.0,5000,154.0,1,30.4,0.03,0,0.0,0.0,45,-,Belum ditandai,unset
2026-05-31T22:28:12.698,451483,158,0.12746666666666667,0.1898,0.0,70.0,5000,154.0,1,30.4,0.03,0,0.0,0.0,45,-,Belum ditandai,unset
2026-05-31T22:28:13.311,452107,160,0.1278,0.19039999999999999,0.0,70.0,5000,154.0,1,30.4,0.03,0,0.0,0.0,45,-,Belum ditandai,unset
2026-05-31T22:28:13.870,452674,159,0.12813333333333335,0.191,0.0,70.0,5000,154.0,1,30.4,0.03,0,0.0,0.0,45,-,Belum ditandai,unset
2026-05-31T22:28:14.371,453194,158,0.12753333333333333,0.19013333333333332,0.0,70.0,5000,154.0,1,30.4,0.03,0,0.0,0.0,45,-,Belum ditandai,unset
2026-05-31T22:28:14.934,453711,160,0.12773333333333334,0.19046666666666667,0.0,70.0,5000,154.0,1,30.4,0.03,0,0.0,0.0,45,-,Belum ditandai,unset
2026-05-31T22:28:15.431,454231,160,0.12786666666666668,0.1906,0.0,70.0,5000,154.0,1,30.4,0.03,0,0.0,0.0,45,-,Belum ditandai,unset
2026-05-31T22:28:15.993,454798,156,0.12793333333333334,0.19066666666666665,0.0,70.0,5000,154.0,1,30.39,0.03,0,0.0,0.0,45,-,Belum ditandai,unset
2026-05-31T22:28:16.492,455318,159,0.12793333333333334,0.19053333333333333,0.0,70.0,5000,154.0,1,30.39,0.03,0,0.0,0.0,45,-,Belum ditandai,unset
2026-05-31T22:28:16.992,455836,161,0.1286,0.19119999999999998,0.0,70.0,5000,154.0,1,30.4,0.03,0,0.0,0.0,45,-,Belum ditandai,unset
2026-05-31T22:28:17.552,456392,155,0.12873333333333334,0.19133333333333333,0.0,70.0,5000,154.0,1,30.4,0.03,0,0.0,0.0,45,-,Belum ditandai,unset
2026-05-31T22:28:18.118,456912,160,0.12866666666666668,0.19126666666666667,0.0,70.0,5000,154.0,1,30.4,0.03,0,0.0,0.0,45,-,Belum ditandai,unset
2026-05-31T22:28:18.620,457430,159,0.12793333333333334,0.19053333333333333,0.0,70.0,5000,154.0,1,30.4,0.03,0,0.0,0.0,45,-,Belum ditandai,unset
2026-05-31T22:28:19.123,457950,159,0.12793333333333334,0.19053333333333333,0.0,70.0,5000,154.0,1,30.4,0.03,0,0.0,0.0,45,-,Belum ditandai,unset
2026-05-31T22:28:19.686,458506,157,0.12786666666666668,0.19046666666666667,0.0,70.0,5000,154.0,1,30.4,0.03,0,0.0,0.0,45,-,Belum ditandai,unset
2026-05-31T22:28:20.186,459026,159,0.12733333333333335,0.18966666666666668,0.0,70.0,5000,154.0,1,30.4,0.03,0,0.0,0.0,45,-,Belum ditandai,unset
2026-05-31T22:28:20.690,459544,160,0.1272,0.18966666666666668,0.0,70.0,5000,154.0,1,30.41,0.03,0,0.0,0.0,45,-,Belum ditandai,unset
2026-05-31T22:28:21.247,460064,159,0.12726666666666667,0.18973333333333334,0.0,70.0,5000,154.0,1,30.41,0.03,0,0.0,0.0,45,-,Belum ditandai,unset
2026-05-31T22:28:21.810,460620,160,0.12753333333333333,0.19013333333333332,0.0,70.0,5000,154.0,1,30.41,0.03,0,0.0,0.0,45,-,Belum ditandai,unset
2026-05-31T22:28:22.431,461244,159,0.128,0.19073333333333334,0.0,70.0,5000,154.0,1,30.41,0.03,0,0.0,0.0,45,-,Belum ditandai,unset
2026-05-31T22:28:22.930,461762,159,0.1282,0.19119999999999998,0.0,70.0,5000,154.0,1,30.41,0.03,0,0.0,0.0,45,-,Belum ditandai,unset
2026-05-31T22:28:23.429,462282,159,0.1282,0.19119999999999998,0.0,70.0,5000,154.0,1,30.41,0.03,0,0.0,0.0,45,-,Belum ditandai,unset
2026-05-31T22:28:23.993,462838,159,0.12813333333333335,0.191,0.0,70.0,5000,154.0,1,30.4,0.03,0,0.0,0.0,45,-,Belum ditandai,unset
2026-05-31T22:28:24.493,463358,159,0.12773333333333334,0.19033333333333333,0.0,70.0,5000,154.0,1,30.4,0.03,0,0.0,0.0,45,-,Belum ditandai,unset
2026-05-31T22:28:25.053,463876,161,0.12813333333333335,0.19073333333333334,0.0,70.0,5000,154.0,1,30.41,0.03,0,0.0,0.0,45,-,Belum ditandai,unset
2026-05-31T22:28:25.611,464432,158,0.12760000000000002,0.1902,0.0,70.0,5000,154.0,1,30.4,0.03,0,0.0,0.0,45,-,Belum ditandai,unset
2026-05-31T22:28:26.108,464952,159,0.12793333333333334,0.19066666666666665,0.0,70.0,5000,154.0,1,30.4,0.03,0,0.0,0.0,45,-,Belum ditandai,unset
2026-05-31T22:28:26.608,465470,159,0.1274,0.19013333333333332,0.0,70.0,5000,154.0,1,30.41,0.03,0,0.0,0.0,45,-,Belum ditandai,unset
2026-05-31T22:28:27.106,465990,158,0.12786666666666668,0.19073333333333334,0.0,70.0,5000,154.0,1,30.41,0.03,0,0.0,0.0,45,-,Belum ditandai,unset
2026-05-31T22:28:27.666,466546,158,0.1278,0.1908,0.0,70.0,5000,154.0,1,30.41,0.03,0,0.0,0.0,45,-,Belum ditandai,unset
2026-05-31T22:28:28.232,467066,159,0.12760000000000002,0.19006666666666666,0.0,70.0,5000,154.0,1,30.41,0.03,0,0.0,0.0,45,-,Belum ditandai,unset
2026-05-31T22:28:28.732,467584,158,0.1274,0.18986666666666666,0.0,70.0,5000,154.0,1,30.41,0.03,0,0.0,0.0,45,-,Belum ditandai,unset
2026-05-31T22:28:29.229,468104,159,0.12733333333333335,0.18966666666666668,0.0,70.0,5000,154.0,1,30.41,0.03,0,0.0,0.0,45,-,Belum ditandai,unset
2026-05-31T22:28:29.789,468660,159,0.12766666666666668,0.19053333333333333,0.0,70.0,5000,154.0,1,30.41,0.03,0,0.0,0.0,45,-,Belum ditandai,unset
2026-05-31T22:28:30.286,469180,160,0.12793333333333334,0.1908,0.0,70.0,5000,154.0,1,30.41,0.03,0,0.0,0.0,45,-,Belum ditandai,unset
2026-05-31T22:28:30.847,469698,158,0.12813333333333335,0.19113333333333332,0.0,70.0,5000,154.0,1,30.41,0.03,0,0.0,0.0,45,-,Belum ditandai,unset
2026-05-31T22:28:31.346,470218,159,0.1282,0.19119999999999998,0.0,70.0,5000,154.0,1,30.41,0.03,0,0.0,0.0,45,-,Belum ditandai,unset
2026-05-31T22:28:31.909,470774,160,0.128,0.191,0.0,70.0,5000,154.0,1,30.41,0.03,0,0.0,0.0,45,-,Belum ditandai,unset
2026-05-31T22:28:32.406,471294,160,0.1282,0.19119999999999998,0.0,70.0,5000,154.0,1,30.41,0.03,0,0.0,0.0,45,-,Belum ditandai,unset
2026-05-31T22:28:32.905,471812,159,0.1282,0.19106666666666666,0.0,70.0,5000,154.0,1,30.41,0.03,0,0.0,0.0,45,-,Belum ditandai,unset
2026-05-31T22:28:33.465,472332,157,0.12833333333333333,0.19106666666666666,0.0,70.0,5000,154.0,1,30.41,0.03,0,0.0,0.0,45,-,Belum ditandai,unset
2026-05-31T22:28:34.028,472888,158,0.12786666666666668,0.1906,0.0,70.0,5000,154.0,1,30.4,0.03,0,0.0,0.0,45,-,Belum ditandai,unset
2026-05-31T22:28:34.529,473408,158,0.12760000000000002,0.19033333333333333,0.0,70.0,5000,154.0,1,30.4,0.03,0,0.0,0.0,45,-,Belum ditandai,unset
2026-05-31T22:28:35.027,473926,157,0.12773333333333334,0.19046666666666667,0.0,70.0,5000,154.0,1,30.4,0.03,0,0.0,0.0,45,-,Belum ditandai,unset
2026-05-31T22:28:35.591,474482,160,0.12806666666666666,0.1908,0.0,70.0,5000,154.0,1,30.4,0.03,0,0.0,0.0,45,-,Belum ditandai,unset
2026-05-31T22:28:36.092,475002,161,0.12840000000000001,0.19126666666666667,0.0,70.0,5000,154.0,1,30.4,0.03,0,0.0,0.0,45,-,Belum ditandai,unset
2026-05-31T22:28:36.657,475520,159,0.12840000000000001,0.1914,0.0,70.0,5000,154.0,1,30.4,0.03,0,0.0,0.0,45,-,Belum ditandai,unset
2026-05-31T22:28:37.158,476040,159,0.12833333333333333,0.19133333333333333,0.0,70.0,5000,154.0,1,30.4,0.03,0,0.0,0.0,45,-,Belum ditandai,unset
2026-05-31T22:28:37.719,476596,159,0.12813333333333335,0.19113333333333332,0.0,70.0,5000,154.0,1,30.41,0.03,0,0.0,0.0,45,-,Belum ditandai,unset
2026-05-31T22:28:38.217,477116,158,0.1282,0.19119999999999998,0.0,70.0,5000,154.0,1,30.41,0.03,0,0.0,0.0,45,-,Belum ditandai,unset
2026-05-31T22:28:38.840,477738,158,0.12793333333333334,0.19066666666666665,0.0,70.0,5000,154.0,1,30.41,0.03,0,0.0,0.0,45,-,Belum ditandai,unset
2026-05-31T22:28:39.461,478362,159,0.12760000000000002,0.19006666666666666,0.0,70.0,5000,154.0,1,30.41,0.03,0,0.0,0.0,45,-,Belum ditandai,unset
2026-05-31T22:28:40.022,478918,157,0.1274,0.18973333333333334,0.0,70.0,5000,154.0,1,30.4,0.03,0,0.0,0.0,45,-,Belum ditandai,unset
2026-05-31T22:28:40.523,479438,159,0.12773333333333334,0.19033333333333333,0.0,70.0,5000,154.0,1,30.4,0.03,0,0.0,0.0,45,-,Belum ditandai,unset
2026-05-31T22:28:41.022,479956,158,0.1278,0.19053333333333333,0.0,70.0,5000,154.0,1,30.41,0.03,0,0.0,0.0,45,-,Belum ditandai,unset
2026-05-31T22:28:41.587,480512,158,0.12753333333333333,0.19053333333333333,0.0,70.0,5000,154.0,1,30.41,0.03,0,0.0,0.0,45,-,Belum ditandai,unset
2026-05-31T22:28:42.093,481032,160,0.12746666666666667,0.19046666666666667,0.0,70.0,5000,154.0,1,30.41,0.03,0,0.0,0.0,45,-,Belum ditandai,unset
2026-05-31T22:28:42.653,481550,159,0.12773333333333334,0.19073333333333334,0.0,70.0,5000,154.0,1,30.41,0.03,0,0.0,0.0,45,-,Belum ditandai,unset
2026-05-31T22:28:43.266,482174,161,0.12840000000000001,0.19126666666666667,0.0,70.0,5000,154.0,1,30.41,0.03,0,0.0,0.0,45,-,Belum ditandai,unset
2026-05-31T22:28:43.828,482730,160,0.12853333333333333,0.1914,0.0,70.0,5000,154.0,1,30.4,0.03,0,0.0,0.0,45,-,Belum ditandai,unset
2026-05-31T22:28:44.327,483250,159,0.1282,0.19093333333333332,0.0,70.0,5000,154.0,1,30.4,0.03,0,0.0,0.0,45,-,Belum ditandai,unset
2026-05-31T22:28:44.826,483768,159,0.12773333333333334,0.19033333333333333,0.0,70.0,5000,154.0,1,30.4,0.03,0,0.0,0.0,45,-,Belum ditandai,unset
2026-05-31T22:28:45.387,484288,155,0.12753333333333333,0.19,0.0,70.0,5000,154.0,1,30.4,0.03,0,0.0,0.0,45,-,Belum ditandai,unset
2026-05-31T22:28:45.888,484844,159,0.12813333333333335,0.19086666666666666,0.0,70.0,5000,154.0,1,30.4,0.03,0,0.0,0.0,45,-,Belum ditandai,unset
2026-05-31T22:28:46.456,485364,158,0.12793333333333334,0.19053333333333333,0.0,70.0,5000,154.0,1,30.4,0.03,0,0.0,0.0,45,-,Belum ditandai,unset
2026-05-31T22:28:46.959,485882,153,0.12733333333333335,0.1898,0.0,70.0,5000,154.0,1,30.4,0.03,0,0.0,0.0,45,-,Belum ditandai,unset
2026-05-31T22:28:47.460,486402,159,0.1268,0.18913333333333335,0.0,70.0,5000,154.0,1,30.4,0.03,0,0.0,0.0,45,-,Belum ditandai,unset
2026-05-31T22:28:48.020,486958,159,0.127,0.1896,0.0,70.0,5000,154.0,1,30.39,0.03,0,0.0,0.0,45,-,Belum ditandai,unset
2026-05-31T22:28:48.523,487478,158,0.1278,0.1908,0.0,70.0,5000,154.0,1,30.39,0.03,0,0.0,0.0,45,-,Belum ditandai,unset
2026-05-31T22:28:49.081,487996,159,0.12813333333333335,0.19113333333333332,0.0,70.0,5000,154.0,1,30.39,0.03,0,0.0,0.0,45,-,Belum ditandai,unset
2026-05-31T22:28:49.581,488552,159,0.12846666666666667,0.19146666666666665,0.0,70.0,5000,154.0,1,30.39,0.03,0,0.0,0.0,45,-,Belum ditandai,unset
2026-05-31T22:28:50.147,489072,160,0.12840000000000001,0.19126666666666667,0.0,70.0,5000,154.0,1,30.39,0.03,0,0.0,0.0,45,-,Belum ditandai,unset
2026-05-31T22:28:50.642,489590,157,0.12833333333333333,0.19106666666666666,0.0,70.0,5000,154.0,1,30.4,0.03,0,0.0,0.0,45,-,Belum ditandai,unset
2026-05-31T22:28:51.141,490110,158,0.12793333333333334,0.19066666666666665,0.0,70.0,5000,154.0,1,30.4,0.03,0,0.0,0.0,45,-,Belum ditandai,unset
2026-05-31T22:28:51.704,490666,157,0.12753333333333333,0.19,0.0,70.0,5000,154.0,1,30.39,0.03,0,0.0,0.0,45,-,Belum ditandai,unset
2026-05-31T22:28:52.203,491186,159,0.1274,0.19013333333333332,0.0,70.0,5000,154.0,1,30.39,0.03,0,0.0,0.0,45,-,Belum ditandai,unset
2026-05-31T22:28:52.766,491704,160,0.12760000000000002,0.19033333333333333,0.0,70.0,5000,154.0,1,30.41,0.03,0,0.0,0.0,45,-,Belum ditandai,unset
2026-05-31T22:28:53.262,492224,159,0.12726666666666667,0.18966666666666668,0.0,70.0,5000,154.0,1,30.41,0.03,0,0.0,0.0,45,-,Belum ditandai,unset
2026-05-31T22:28:53.825,492780,160,0.1278,0.1902,0.0,70.0,5000,154.0,1,30.4,0.03,0,0.0,0.0,45,-,Belum ditandai,unset
2026-05-31T22:28:54.445,493404,161,0.1288,0.1914,0.0,70.0,5000,154.0,1,30.4,0.03,0,0.0,0.0,45,-,Belum ditandai,unset
2026-05-31T22:28:54.940,493922,158,0.12873333333333334,0.19160000000000002,0.0,70.0,5000,154.0,1,30.39,0.03,0,0.0,0.0,45,-,Belum ditandai,unset
2026-05-31T22:28:55.501,494442,160,0.12873333333333334,0.19160000000000002,0.0,70.0,5000,154.0,1,30.39,0.03,0,0.0,0.0,45,-,Belum ditandai,unset
2026-05-31T22:28:56.001,494998,160,0.12833333333333333,0.19119999999999998,0.0,70.0,5000,154.0,1,30.4,0.03,0,0.0,0.0,45,-,Belum ditandai,unset
2026-05-31T22:28:56.562,495518,160,0.1288,0.19180000000000003,0.0,70.0,5000,154.0,1,30.4,0.03,0,0.0,0.0,45,-,Belum ditandai,unset
2026-05-31T22:28:57.057,496036,157,0.12733333333333335,0.18953333333333333,0.0,70.0,5000,154.0,1,30.4,0.03,0,0.0,0.0,45,-,Belum ditandai,unset
2026-05-31T22:28:57.623,496592,159,0.1274,0.1896,0.0,70.0,5000,154.0,1,30.4,0.03,0,0.0,0.0,45,-,Belum ditandai,unset
2026-05-31T22:28:58.244,497216,159,0.12713333333333335,0.18933333333333333,0.0,70.0,5000,154.0,1,30.4,0.03,0,0.0,0.0,45,-,Belum ditandai,unset
2026-05-31T22:28:58.744,497734,160,0.1282,0.19119999999999998,0.0,70.0,5000,154.0,1,30.39,0.03,0,0.0,0.0,45,-,Belum ditandai,unset
2026-05-31T22:28:59.369,498358,158,0.128,0.191,0.0,70.0,5000,154.0,1,30.39,0.03,0,0.0,0.0,45,-,Belum ditandai,unset
2026-05-31T22:28:59.930,498914,158,0.12786666666666668,0.19086666666666666,0.0,70.0,5000,154.0,1,30.39,0.03,0,0.0,0.0,45,-,Belum ditandai,unset
2026-05-31T22:29:00.431,499434,159,0.12786666666666668,0.19086666666666666,0.0,70.0,5000,154.0,1,30.39,0.03,0,0.0,0.0,45,-,Belum ditandai,unset
2026-05-31T22:29:00.993,499952,159,0.12786666666666668,0.19086666666666666,0.0,70.0,5000,154.0,1,30.38,0.03,0,0.0,0.0,45,-,Belum ditandai,unset
2026-05-31T22:29:01.492,500472,158,0.12773333333333334,0.19073333333333334,0.0,70.0,5000,154.0,1,30.38,0.03,0,0.0,0.0,45,-,Belum ditandai,unset
2026-05-31T22:29:02.055,501028,158,0.12753333333333333,0.19053333333333333,0.0,70.0,5000,154.0,1,30.38,0.03,0,0.0,0.0,45,-,Belum ditandai,unset
2026-05-31T22:29:02.552,501548,158,0.12713333333333335,0.18973333333333334,0.0,70.0,5000,154.0,1,30.38,0.03,0,0.0,0.0,45,-,Belum ditandai,unset
2026-05-31T22:29:03.054,502065,158,0.1272,0.1898,0.0,70.0,5000,154.0,1,30.39,0.03,0,0.0,0.0,45,-,Belum ditandai,unset
2026-05-31T22:29:03.614,502631,159,0.12713333333333335,0.1896,0.0,70.0,5000,154.0,1,30.39,0.03,0,0.0,0.0,45,-,Belum ditandai,unset
2026-05-31T22:29:04.173,503152,159,0.12746666666666667,0.1902,0.0,70.0,5000,154.0,1,30.39,0.03,0,0.0,0.0,45,-,Belum ditandai,unset
2026-05-31T22:29:04.672,503669,156,0.12766666666666668,0.19026666666666667,0.0,70.0,5000,154.0,1,30.4,0.03,0,0.0,0.0,45,-,Belum ditandai,unset
2026-05-31T22:29:05.174,504189,157,0.12760000000000002,0.1902,0.0,70.0,5000,154.0,1,30.4,0.03,0,0.0,0.0,45,-,Belum ditandai,unset
2026-05-31T22:29:05.672,504651,160,0.12786666666666668,0.19046666666666667,0.0,70.0,5000,154.0,1,30.4,0.03,0,0.0,0.0,45,-,Belum ditandai,unset
2026-05-31T22:29:06.173,505172,159,0.12746666666666667,0.19006666666666666,0.0,70.0,5000,154.0,1,30.4,0.03,0,0.0,0.0,45,-,Belum ditandai,unset
2026-05-31T22:29:06.673,505689,158,0.12786666666666668,0.1906,0.0,70.0,5000,154.0,1,30.4,0.03,0,0.0,0.0,45,-,Belum ditandai,unset
2026-05-31T22:29:07.168,506209,161,0.128,0.191,0.0,70.0,5000,154.0,1,30.4,0.03,0,0.0,0.0,45,-,Belum ditandai,unset
2026-05-31T22:29:07.729,506776,158,0.12813333333333335,0.191,0.0,70.0,5000,154.0,1,30.39,0.03,0,0.0,0.0,45,-,Belum ditandai,unset
2026-05-31T22:29:08.293,507296,158,0.12786666666666668,0.19073333333333334,0.0,70.0,5000,154.0,1,30.39,0.03,0,0.0,0.0,45,-,Belum ditandai,unset
2026-05-31T22:29:08.916,507917,158,0.127,0.18966666666666668,0.0,70.0,5000,154.0,1,30.39,0.03,0,0.0,0.0,45,-,Belum ditandai,unset
2026-05-31T22:29:09.416,508437,160,0.1270666666666667,0.18973333333333334,0.0,70.0,5000,154.0,1,30.39,0.03,0,0.0,0.0,45,-,Belum ditandai,unset
2026-05-31T22:29:09.977,509004,158,0.1272,0.18986666666666666,0.0,70.0,5000,154.0,1,30.38,0.03,0,0.0,0.0,45,-,Belum ditandai,unset
2026-05-31T22:29:10.476,509524,159,0.12766666666666668,0.19039999999999999,0.0,70.0,5000,154.0,1,30.38,0.03,0,0.0,0.0,45,-,Belum ditandai,unset
2026-05-31T22:29:11.037,510041,158,0.12773333333333334,0.1906,0.0,70.0,5000,154.0,1,30.4,0.03,0,0.0,0.0,45,-,Belum ditandai,unset
2026-05-31T22:29:11.535,510561,159,0.1272,0.18966666666666668,0.0,70.0,5000,154.0,1,30.4,0.03,0,0.0,0.0,45,-,Belum ditandai,unset
2026-05-31T22:29:12.095,511128,159,0.12753333333333333,0.19013333333333332,0.0,70.0,5000,154.0,1,30.39,0.03,0,0.0,0.0,45,-,Belum ditandai,unset
2026-05-31T22:29:12.595,511648,154,0.12726666666666667,0.18973333333333334,0.0,70.0,5000,154.0,1,30.39,0.03,0,0.0,0.0,45,-,Belum ditandai,unset
2026-05-31T22:29:13.156,512165,158,0.12753333333333333,0.19013333333333332,0.0,70.0,5000,154.0,1,30.4,0.03,0,0.0,0.0,45,-,Belum ditandai,unset
2026-05-31T22:29:13.718,512731,160,0.12760000000000002,0.1902,0.0,70.0,5000,154.0,1,30.4,0.03,0,0.0,0.0,45,-,Belum ditandai,unset
2026-05-31T22:29:14.217,513251,159,0.12813333333333335,0.19086666666666666,0.0,70.0,5000,154.0,1,30.4,0.03,0,0.0,0.0,45,-,Belum ditandai,unset
2026-05-31T22:29:14.720,513769,158,0.12833333333333333,0.19133333333333333,0.0,70.0,5000,154.0,1,30.4,0.03,0,0.0,0.0,45,-,Belum ditandai,unset
2026-05-31T22:29:15.217,514289,159,0.12813333333333335,0.19113333333333332,0.0,70.0,5000,154.0,1,30.4,0.03,0,0.0,0.0,45,-,Belum ditandai,unset
2026-05-31T22:29:15.776,514845,158,0.12806666666666666,0.19106666666666666,0.0,70.0,5000,154.0,1,30.4,0.03,0,0.0,0.0,45,-,Belum ditandai,unset
2026-05-31T22:29:16.335,515365,158,0.128,0.19086666666666666,0.0,70.0,5000,154.0,1,30.4,0.03,0,0.0,0.0,45,-,Belum ditandai,unset
2026-05-31T22:29:16.836,515883,153,0.12693333333333331,0.1892,0.0,70.0,5000,154.0,1,30.4,0.03,0,0.0,0.0,45,-,Belum ditandai,unset
2026-05-31T22:29:17.337,516403,158,0.12653333333333333,0.18866666666666668,0.0,70.0,5000,154.0,1,30.4,0.03,0,0.0,0.0,45,-,Belum ditandai,unset
2026-05-31T22:29:17.896,516959,159,0.12653333333333333,0.1888,0.0,70.0,5000,154.0,1,30.4,0.03,0,0.0,0.0,45,-,Belum ditandai,unset
2026-05-31T22:29:18.395,517479,158,0.1272,0.19006666666666666,0.0,70.0,5000,154.0,1,30.4,0.03,0,0.0,0.0,45,-,Belum ditandai,unset
2026-05-31T22:29:18.957,517997,159,0.1270666666666667,0.18966666666666668,0.0,70.0,5000,154.0,1,30.4,0.03,0,0.0,0.0,45,-,Belum ditandai,unset
2026-05-31T22:29:19.452,518517,158,0.12693333333333331,0.18926666666666667,0.0,70.0,5000,154.0,1,30.4,0.03,0,0.0,0.0,45,-,Belum ditandai,unset
2026-05-31T22:29:20.012,519073,158,0.12726666666666667,0.1896,0.0,70.0,5000,154.0,1,30.4,0.03,0,0.0,0.0,45,-,Belum ditandai,unset
2026-05-31T22:29:20.513,519593,166,0.12786666666666668,0.19073333333333334,0.0,70.0,5000,154.0,1,30.4,0.03,0,0.0,0.0,45,-,Belum ditandai,unset
2026-05-31T22:29:21.138,520214,158,0.12840000000000001,0.19153333333333336,0.0,70.0,5000,154.0,1,30.41,0.03,0,0.0,0.0,45,-,Belum ditandai,unset
2026-05-31T22:29:21.693,520780,158,0.12813333333333335,0.191,0.0,70.0,5000,154.0,1,30.41,0.03,0,0.0,0.0,45,-,Belum ditandai,unset
2026-05-31T22:29:22.256,521301,158,0.12753333333333333,0.19026666666666667,0.0,70.0,5000,154.0,1,30.41,0.03,0,0.0,0.0,45,-,Belum ditandai,unset
2026-05-31T22:29:22.754,521818,158,0.1272,0.1898,0.0,70.0,5000,154.0,1,30.41,0.03,0,0.0,0.0,45,-,Belum ditandai,unset
2026-05-31T22:29:23.255,522338,158,0.12733333333333335,0.1902,0.0,70.0,5000,154.0,1,30.41,0.03,0,0.0,0.0,45,-,Belum ditandai,unset
2026-05-31T22:29:23.818,522905,157,0.12733333333333335,0.19006666666666666,0.0,70.0,5000,154.0,1,30.4,0.03,0,0.0,0.0,45,-,Belum ditandai,unset
2026-05-31T22:29:24.320,523425,159,0.12760000000000002,0.19046666666666667,0.0,70.0,5000,154.0,1,30.4,0.03,0,0.0,0.0,45,-,Belum ditandai,unset
2026-05-31T22:29:24.882,523942,161,0.1278,0.19039999999999999,0.0,70.0,5000,154.0,1,30.4,0.03,0,0.0,0.0,45,-,Belum ditandai,unset
2026-05-31T22:29:25.380,524462,161,0.12793333333333334,0.19053333333333333,0.0,70.0,5000,154.0,1,30.4,0.03,0,0.0,0.0,45,-,Belum ditandai,unset
2026-05-31T22:29:25.942,525029,158,0.1278,0.19039999999999999,0.0,70.0,5000,154.0,1,30.4,0.03,0,0.0,0.0,45,-,Belum ditandai,unset
2026-05-31T22:29:26.442,525549,159,0.12766666666666668,0.19053333333333333,0.0,70.0,5000,154.0,1,30.4,0.03,0,0.0,0.0,45,-,Belum ditandai,unset
2026-05-31T22:29:27.001,526066,158,0.12773333333333334,0.19073333333333334,0.0,70.0,5000,154.0,1,30.4,0.03,0,0.0,0.0,45,-,Belum ditandai,unset
2026-05-31T22:29:27.498,526586,161,0.12786666666666668,0.19086666666666666,0.0,70.0,5000,154.0,1,30.4,0.03,0,0.0,0.0,45,-,Belum ditandai,unset
2026-05-31T22:29:28.056,527153,158,0.12773333333333334,0.19073333333333334,0.0,70.0,5000,154.0,1,30.4,0.03,0,0.0,0.0,45,-,Belum ditandai,unset
2026-05-31T22:29:28.558,527673,159,0.12760000000000002,0.19046666666666667,0.0,70.0,5000,154.0,1,30.4,0.03,0,0.0,0.0,45,-,Belum ditandai,unset
2026-05-31T22:29:29.062,528190,158,0.12766666666666668,0.19053333333333333,0.0,70.0,5000,154.0,1,30.4,0.03,0,0.0,0.0,45,-,Belum ditandai,unset
2026-05-31T22:29:29.626,528710,158,0.12773333333333334,0.19046666666666667,0.0,70.0,5000,154.0,1,30.4,0.03,0,0.0,0.0,45,-,Belum ditandai,unset
2026-05-31T22:29:30.186,529277,158,0.12773333333333334,0.19046666666666667,0.0,70.0,5000,154.0,1,30.4,0.03,0,0.0,0.0,45,-,Belum ditandai,unset
2026-05-31T22:29:30.684,529797,158,0.12766666666666668,0.19039999999999999,0.0,70.0,5000,154.0,1,30.4,0.03,0,0.0,0.0,45,-,Belum ditandai,unset
2026-05-31T22:29:31.307,530418,159,0.12760000000000002,0.1902,0.0,70.0,5000,154.0,1,30.4,0.03,0,0.0,0.0,45,-,Belum ditandai,unset
2026-05-31T22:29:31.869,530985,157,0.127,0.18906666666666666,0.0,70.0,5000,154.0,1,30.41,0.03,0,0.0,0.0,45,-,Belum ditandai,unset
2026-05-31T22:29:32.370,531505,159,0.12726666666666667,0.18946666666666667,0.0,70.0,5000,154.0,1,30.41,0.03,0,0.0,0.0,45,-,Belum ditandai,unset
2026-05-31T22:29:32.932,532022,157,0.1274,0.1896,0.0,70.0,5000,154.0,1,30.41,0.03,0,0.0,0.0,45,-,Belum ditandai,unset
2026-05-31T22:29:33.430,532542,159,0.12766666666666668,0.19013333333333332,0.0,70.0,5000,154.0,1,30.41,0.03,0,0.0,0.0,45,-,Belum ditandai,unset
2026-05-31T22:29:33.992,533109,159,0.127,0.1892,0.0,70.0,5000,154.0,1,30.41,0.03,0,0.0,0.0,45,-,Belum ditandai,unset
2026-05-31T22:29:34.606,533733,157,0.12753333333333333,0.19,0.0,70.0,5000,154.0,1,30.41,0.03,0,0.0,0.0,45,-,Belum ditandai,unset
2026-05-31T22:29:35.228,534355,160,0.12833333333333333,0.19119999999999998,0.0,70.0,5000,154.0,1,30.41,0.03,0,0.0,0.0,45,-,Belum ditandai,unset
2026-05-31T22:29:35.784,534911,161,0.12846666666666667,0.19119999999999998,0.0,70.0,5000,154.0,1,30.41,0.03,0,0.0,0.0,45,-,Belum ditandai,unset
2026-05-31T22:29:36.282,535431,158,0.12833333333333333,0.19119999999999998,0.0,70.0,5000,154.0,1,30.41,0.03,0,0.0,0.0,45,-,Belum ditandai,unset
2026-05-31T22:29:36.843,535949,159,0.12793333333333334,0.19066666666666665,0.0,70.0,5000,154.0,1,30.42,0.03,0,0.0,0.0,45,-,Belum ditandai,unset
2026-05-31T22:29:37.343,536469,158,0.12753333333333333,0.19039999999999999,0.0,70.0,5000,154.0,1,30.42,0.03,0,0.0,0.0,45,-,Belum ditandai,unset
2026-05-31T22:29:37.905,537025,158,0.12773333333333334,0.1906,0.0,70.0,5000,154.0,1,30.41,0.03,0,0.0,0.0,45,-,Belum ditandai,unset
2026-05-31T22:29:38.402,537545,159,0.12773333333333334,0.1906,0.0,70.0,5000,154.0,1,30.41,0.03,0,0.0,0.0,45,-,Belum ditandai,unset
2026-05-31T22:29:38.904,538063,158,0.12746666666666667,0.1902,0.0,70.0,5000,154.0,1,30.41,0.03,0,0.0,0.0,45,-,Belum ditandai,unset
2026-05-31T22:29:39.467,538583,159,0.12713333333333335,0.18973333333333334,0.0,70.0,5000,154.0,1,30.41,0.03,0,0.0,0.0,45,-,Belum ditandai,unset
2026-05-31T22:29:39.967,539139,163,0.1274,0.19026666666666667,0.0,70.0,5000,154.0,1,30.4,0.03,0,0.0,0.0,45,-,Belum ditandai,unset
2026-05-31T22:29:40.531,539659,159,0.1282,0.19119999999999998,0.0,70.0,5000,154.0,1,30.4,0.03,0,0.0,0.0,45,-,Belum ditandai,unset
2026-05-31T22:29:41.029,540177,160,0.12853333333333333,0.19166666666666668,0.0,70.0,5000,154.0,1,30.4,0.03,0,0.0,0.0,45,-,Belum ditandai,unset
2026-05-31T22:29:41.530,540697,160,0.12833333333333333,0.19119999999999998,0.0,70.0,5000,154.0,1,30.4,0.03,0,0.0,0.0,45,-,Belum ditandai,unset
2026-05-31T22:29:42.093,541254,159,0.12793333333333334,0.19066666666666665,0.0,70.0,5000,154.0,1,30.4,0.03,0,0.0,0.0,45,-,Belum ditandai,unset
2026-05-31T22:29:42.592,541774,160,0.12746666666666667,0.1898,0.0,70.0,5000,154.0,1,30.4,0.03,0,0.0,0.0,45,-,Belum ditandai,unset
2026-05-31T22:29:43.152,542291,160,0.12753333333333333,0.18986666666666666,0.0,70.0,5000,154.0,1,30.41,0.03,0,0.0,0.0,45,-,Belum ditandai,unset
2026-05-31T22:29:43.825,542961,157,0.1274,0.18946666666666667,0.0,70.0,5000,154.0,1,30.41,0.03,0,0.0,0.0,45,-,Belum ditandai,unset
2026-05-31T22:29:44.327,543482,157,0.12726666666666667,0.18946666666666667,0.0,70.0,5000,154.0,1,30.41,0.03,0,0.0,0.0,45,-,Belum ditandai,unset
2026-05-31T22:29:44.823,543999,156,0.1270666666666667,0.18926666666666667,0.0,70.0,5000,154.0,1,30.41,0.03,0,0.0,0.0,45,-,Belum ditandai,unset
2026-05-31T22:29:45.325,544519,156,0.12673333333333334,0.1888,0.0,70.0,5000,154.0,1,30.41,0.03,0,0.0,0.0,45,-,Belum ditandai,unset
2026-05-31T22:29:45.824,544986,158,0.12673333333333334,0.1888,0.0,70.0,5000,154.0,1,30.42,0.03,0,0.0,0.0,45,-,Belum ditandai,unset
2026-05-31T22:29:46.324,545507,158,0.12726666666666667,0.1896,0.0,70.0,5000,154.0,1,30.42,0.03,0,0.0,0.0,45,-,Belum ditandai,unset
2026-05-31T22:29:46.885,546029,156,0.1274,0.18973333333333334,0.0,70.0,5000,154.0,1,30.42,0.03,0,0.0,0.0,45,-,Belum ditandai,unset
2026-05-31T22:29:47.385,546549,158,0.12693333333333331,0.18906666666666666,0.0,70.0,5000,154.0,1,30.42,0.03,0,0.0,0.0,45,-,Belum ditandai,unset
2026-05-31T22:29:47.946,547106,158,0.1262,0.18780000000000002,0.0,70.0,5000,154.0,1,30.42,0.03,0,0.0,0.0,45,-,Belum ditandai,unset
2026-05-31T22:29:48.447,547626,159,0.12639999999999998,0.18826666666666667,0.0,70.0,5000,154.0,1,30.42,0.03,0,0.0,0.0,45,-,Belum ditandai,unset
2026-05-31T22:29:48.947,548143,156,0.12693333333333331,0.189,0.0,70.0,5000,154.0,1,30.42,0.03,0,0.0,0.0,45,-,Belum ditandai,unset
2026-05-31T22:29:49.506,548663,160,0.1274,0.19,0.0,70.0,5000,154.0,1,30.42,0.03,0,0.0,0.0,45,-,Belum ditandai,unset
2026-05-31T22:29:50.070,549230,161,0.12786666666666668,0.1906,0.0,70.0,5000,154.0,1,30.42,0.03,0,0.0,0.0,45,-,Belum ditandai,unset
2026-05-31T22:29:50.570,549750,160,0.12833333333333333,0.19133333333333333,0.0,70.0,5000,154.0,1,30.42,0.03,0,0.0,0.0,45,-,Belum ditandai,unset
2026-05-31T22:29:51.070,550267,159,0.12833333333333333,0.19133333333333333,0.0,70.0,5000,154.0,1,30.42,0.03,0,0.0,0.0,45,-,Belum ditandai,unset
2026-05-31T22:29:51.571,550787,157,0.128,0.19086666666666666,0.0,70.0,5000,154.0,1,30.42,0.03,0,0.0,0.0,45,-,Belum ditandai,unset
2026-05-31T22:29:52.068,551250,159,0.12773333333333334,0.19033333333333333,0.0,70.0,5000,154.0,1,30.41,0.03,0,0.0,0.0,45,-,Belum ditandai,unset
2026-05-31T22:29:52.570,551770,157,0.12760000000000002,0.18993333333333334,0.0,70.0,5000,154.0,1,30.41,0.03,0,0.0,0.0,45,-,Belum ditandai,unset
2026-05-31T22:29:53.071,552288,159,0.12733333333333335,0.18953333333333333,0.0,70.0,5000,154.0,1,30.41,0.03,0,0.0,0.0,45,-,Belum ditandai,unset
2026-05-31T22:29:53.633,552808,158,0.12733333333333335,0.18966666666666668,0.0,70.0,5000,154.0,1,30.41,0.03,0,0.0,0.0,45,-,Belum ditandai,unset
2026-05-31T22:29:54.193,553364,159,0.12746666666666667,0.19006666666666666,0.0,70.0,5000,154.0,1,30.41,0.03,0,0.0,0.0,45,-,Belum ditandai,unset
2026-05-31T22:29:54.692,553884,159,0.12753333333333333,0.19013333333333332,0.0,70.0,5000,154.0,1,30.41,0.03,0,0.0,0.0,45,-,Belum ditandai,unset
2026-05-31T22:29:55.192,554402,158,0.12766666666666668,0.19053333333333333,0.0,70.0,5000,154.0,1,30.41,0.03,0,0.0,0.0,45,-,Belum ditandai,unset
2026-05-31T22:29:55.693,554922,158,0.12733333333333335,0.1898,0.0,70.0,5000,154.0,1,30.41,0.03,0,0.0,0.0,45,-,Belum ditandai,unset
2026-05-31T22:29:56.192,555374,159,0.12733333333333335,0.1898,0.0,70.0,5000,154.0,1,30.41,0.03,0,0.0,0.0,45,-,Belum ditandai,unset
2026-05-31T22:29:56.693,555894,158,0.12713333333333335,0.1896,0.0,70.0,5000,154.0,1,30.41,0.03,0,0.0,0.0,45,-,Belum ditandai,unset
2026-05-31T22:29:57.191,556412,157,0.1270666666666667,0.18953333333333333,0.0,70.0,5000,154.0,1,30.41,0.03,0,0.0,0.0,45,-,Belum ditandai,unset
2026-05-31T22:29:57.689,556932,160,0.12713333333333335,0.18946666666666667,0.0,70.0,5000,154.0,1,30.41,0.03,0,0.0,0.0,45,-,Belum ditandai,unset
2026-05-31T22:29:58.188,557384,160,0.12733333333333335,0.18966666666666668,0.0,70.0,5000,154.0,1,30.41,0.03,0,0.0,0.0,45,-,Belum ditandai,unset
2026-05-31T22:29:58.691,557904,159,0.12766666666666668,0.19026666666666667,0.0,70.0,5000,154.0,1,30.41,0.03,0,0.0,0.0,45,-,Belum ditandai,unset
2026-05-31T22:29:59.187,558422,157,0.12786666666666668,0.19073333333333334,0.0,70.0,5000,154.0,1,30.42,0.03,0,0.0,0.0,45,-,Belum ditandai,unset
2026-05-31T22:29:59.749,558942,156,0.12766666666666668,0.19039999999999999,0.0,70.0,5000,154.0,1,30.42,0.03,0,0.0,0.0,45,-,Belum ditandai,unset
2026-05-31T22:30:00.249,559499,157,0.12753333333333333,0.19013333333333332,0.0,70.0,5000,154.0,1,30.41,0.03,0,0.0,0.0,45,-,Belum ditandai,unset
2026-05-31T22:30:00.811,560019,158,0.12713333333333335,0.18933333333333333,0.0,70.0,5000,154.0,1,30.41,0.03,0,0.0,0.0,45,-,Belum ditandai,unset
2026-05-31T22:30:01.310,560536,158,0.12746666666666667,0.1898,0.0,70.0,5000,154.0,1,30.42,0.03,0,0.0,0.0,45,-,Belum ditandai,unset
2026-05-31T22:30:01.873,561102,159,0.12760000000000002,0.19006666666666666,0.0,70.0,5000,154.0,1,30.42,0.03,0,0.0,0.0,45,-,Belum ditandai,unset
2026-05-31T22:30:02.484,561727,158,0.1282,0.19119999999999998,0.0,70.0,5000,154.0,1,30.42,0.03,0,0.0,0.0,45,-,Belum ditandai,unset
2026-05-31T22:30:02.989,562244,160,0.12813333333333335,0.19113333333333332,0.0,70.0,5000,154.0,1,30.41,0.03,0,0.0,0.0,45,-,Belum ditandai,unset
2026-05-31T22:30:03.554,562764,159,0.12833333333333333,0.19119999999999998,0.0,70.0,5000,154.0,1,30.41,0.03,0,0.0,0.0,45,-,Belum ditandai,unset
2026-05-31T22:30:04.115,563331,158,0.12793333333333334,0.19066666666666665,0.0,70.0,5000,154.0,1,30.41,0.03,0,0.0,0.0,45,-,Belum ditandai,unset
2026-05-31T22:30:04.614,563851,158,0.12760000000000002,0.19033333333333333,0.0,70.0,5000,154.0,1,30.41,0.03,0,0.0,0.0,45,-,Belum ditandai,unset
2026-05-31T22:30:05.113,564368,161,0.12786666666666668,0.19086666666666666,0.0,70.0,5000,154.0,1,30.41,0.03,0,0.0,0.0,45,-,Belum ditandai,unset
2026-05-31T22:30:05.616,564888,159,0.12806666666666666,0.19119999999999998,0.0,70.0,5000,154.0,1,30.41,0.03,0,0.0,0.0,45,-,Belum ditandai,unset
2026-05-31T22:30:06.115,565351,160,0.12826666666666667,0.19126666666666667,0.0,70.0,5000,154.0,1,30.41,0.03,0,0.0,0.0,45,-,Belum ditandai,unset
2026-05-31T22:30:06.613,565871,160,0.12813333333333335,0.191,0.0,70.0,5000,154.0,1,30.41,0.03,0,0.0,0.0,45,-,Belum ditandai,unset
2026-05-31T22:30:07.114,566388,159,0.12786666666666668,0.19033333333333333,0.0,70.0,5000,154.0,1,30.42,0.03,0,0.0,0.0,45,-,Belum ditandai,unset
2026-05-31T22:30:07.673,566908,159,0.12793333333333334,0.19053333333333333,0.0,70.0,5000,154.0,1,30.42,0.03,0,0.0,0.0,45,-,Belum ditandai,unset
2026-05-31T22:30:08.236,567475,159,0.128,0.1906,0.0,70.0,5000,154.0,1,30.42,0.03,0,0.0,0.0,45,-,Belum ditandai,unset
2026-05-31T22:30:08.737,567995,157,0.1278,0.19066666666666665,0.0,70.0,5000,154.0,1,30.42,0.03,0,0.0,0.0,45,-,Belum ditandai,unset
2026-05-31T22:30:09.232,568512,157,0.1274,0.19,0.0,70.0,5000,154.0,1,30.42,0.03,0,0.0,0.0,45,-,Belum ditandai,unset
2026-05-31T22:30:09.794,569032,158,0.12653333333333333,0.18886666666666668,0.0,70.0,5000,154.0,1,30.42,0.03,0,0.0,0.0,45,-,Belum ditandai,unset
2026-05-31T22:30:10.357,569599,158,0.12666666666666665,0.189,0.0,70.0,5000,154.0,1,30.41,0.03,0,0.0,0.0,45,-,Belum ditandai,unset
2026-05-31T22:30:10.979,570220,158,0.127,0.18933333333333333,0.0,70.0,5000,154.0,1,30.42,0.03,0,0.0,0.0,45,-,Belum ditandai,unset
2026-05-31T22:30:11.478,570740,159,0.12746666666666667,0.19006666666666666,0.0,70.0,5000,154.0,1,30.42,0.03,0,0.0,0.0,45,-,Belum ditandai,unset
2026-05-31T22:30:12.042,571307,159,0.12753333333333333,0.19013333333333332,0.0,70.0,5000,154.0,1,30.41,0.03,0,0.0,0.0,45,-,Belum ditandai,unset
2026-05-31T22:30:12.541,571827,158,0.12753333333333333,0.19026666666666667,0.0,70.0,5000,154.0,1,30.41,0.03,0,0.0,0.0,45,-,Belum ditandai,unset
2026-05-31T22:30:13.091,572344,157,0.12760000000000002,0.1902,0.0,70.0,5000,154.0,1,30.42,0.03,0,0.0,0.0,45,-,Belum ditandai,unset
2026-05-31T22:30:13.590,572864,159,0.12773333333333334,0.19033333333333333,0.0,70.0,5000,154.0,1,30.42,0.03,0,0.0,0.0,45,-,Belum ditandai,unset
2026-05-31T22:30:14.150,573431,159,0.1274,0.1896,0.0,70.0,5000,154.0,1,30.42,0.03,0,0.0,0.0,45,-,Belum ditandai,unset
2026-05-31T22:30:14.651,573951,158,0.12746666666666667,0.18966666666666668,0.0,70.0,5000,154.0,1,30.42,0.03,0,0.0,0.0,45,-,Belum ditandai,unset
2026-05-31T22:30:15.208,574468,159,0.12726666666666667,0.18946666666666667,0.0,70.0,5000,154.0,1,30.42,0.03,0,0.0,0.0,45,-,Belum ditandai,unset
2026-05-31T22:30:15.713,574988,159,0.12746666666666667,0.18993333333333334,0.0,70.0,5000,154.0,1,30.42,0.03,0,0.0,0.0,45,-,Belum ditandai,unset
2026-05-31T22:30:16.274,575555,158,0.12766666666666668,0.19013333333333332,0.0,70.0,5000,154.0,1,30.42,0.03,0,0.0,0.0,45,-,Belum ditandai,unset
2026-05-31T22:30:16.772,576075,161,0.12786666666666668,0.19046666666666667,0.0,70.0,5000,154.0,1,30.42,0.03,0,0.0,0.0,45,-,Belum ditandai,unset
2026-05-31T22:30:17.274,576592,159,0.128,0.19073333333333334,0.0,70.0,5000,154.0,1,30.42,0.03,0,0.0,0.0,45,-,Belum ditandai,unset
2026-05-31T22:30:17.833,577112,159,0.1274,0.19,0.0,70.0,5000,154.0,1,30.42,0.03,0,0.0,0.0,45,-,Belum ditandai,unset
2026-05-31T22:30:18.398,577679,162,0.12753333333333333,0.19026666666666667,0.0,70.0,5000,154.0,1,30.42,0.03,0,0.0,0.0,45,-,Belum ditandai,unset
2026-05-31T22:30:18.893,578199,160,0.12753333333333333,0.19013333333333332,0.0,70.0,5000,154.0,1,30.42,0.03,0,0.0,0.0,45,-,Belum ditandai,unset
2026-05-31T22:30:19.395,578716,152,0.12760000000000002,0.19013333333333332,0.0,70.0,5000,154.0,1,30.42,0.03,0,0.0,0.0,45,-,Belum ditandai,unset
2026-05-31T22:30:19.961,579282,158,0.12713333333333335,0.18953333333333333,0.0,70.0,5000,154.0,1,30.41,0.03,0,0.0,0.0,45,-,Belum ditandai,unset
2026-05-31T22:30:20.523,579803,158,0.1268,0.18906666666666666,0.0,70.0,5000,154.0,1,30.41,0.03,0,0.0,0.0,45,-,Belum ditandai,unset
2026-05-31T22:30:21.021,580320,159,0.127,0.1896,0.0,70.0,5000,154.0,1,30.42,0.03,0,0.0,0.0,45,-,Belum ditandai,unset
2026-05-31T22:30:21.521,580840,160,0.12786666666666668,0.1906,0.0,70.0,5000,154.0,1,30.42,0.03,0,0.0,0.0,45,-,Belum ditandai,unset
2026-05-31T22:30:22.018,581302,155,0.12766666666666668,0.19039999999999999,0.0,70.0,5000,154.0,1,30.42,0.03,0,0.0,0.0,45,-,Belum ditandai,unset
2026-05-31T22:30:22.521,581823,158,0.12766666666666668,0.19013333333333332,0.0,70.0,5000,154.0,1,30.42,0.03,0,0.0,0.0,45,-,Belum ditandai,unset
2026-05-31T22:30:23.018,582340,160,0.12746666666666667,0.18993333333333334,0.0,70.0,5000,154.0,1,30.41,0.03,0,0.0,0.0,45,-,Belum ditandai,unset
2026-05-31T22:30:23.520,582860,159,0.12786666666666668,0.19046666666666667,0.0,70.0,5000,154.0,1,30.41,0.03,0,0.0,0.0,45,-,Belum ditandai,unset
2026-05-31T22:30:24.021,583322,157,0.12793333333333334,0.19053333333333333,0.0,70.0,5000,154.0,1,30.42,0.03,0,0.0,0.0,45,-,Belum ditandai,unset
2026-05-31T22:30:24.523,583843,161,0.12786666666666668,0.1902,0.0,70.0,5000,154.0,1,30.42,0.03,0,0.0,0.0,45,-,Belum ditandai,unset
2026-05-31T22:30:25.023,584360,157,0.12760000000000002,0.18966666666666668,0.0,70.0,5000,154.0,1,30.41,0.03,0,0.0,0.0,45,-,Belum ditandai,unset
2026-05-31T22:30:25.520,584880,156,0.12746666666666667,0.18966666666666668,0.0,70.0,5000,154.0,1,30.41,0.03,0,0.0,0.0,45,-,Belum ditandai,unset
2026-05-31T22:30:26.022,585342,157,0.1272,0.18913333333333335,0.0,70.0,5000,154.0,1,30.41,0.03,0,0.0,0.0,45,-,Belum ditandai,unset
2026-05-31T22:30:26.520,585863,161,0.127,0.18893333333333334,0.0,70.0,5000,154.0,1,30.41,0.03,0,0.0,0.0,45,-,Belum ditandai,unset
2026-05-31T22:30:27.022,586380,159,0.1270666666666667,0.18913333333333335,0.0,70.0,5000,154.0,1,30.41,0.03,0,0.0,0.0,45,-,Belum ditandai,unset
2026-05-31T22:30:27.580,586900,161,0.1278,0.19039999999999999,0.0,70.0,5000,154.0,1,30.41,0.03,0,0.0,0.0,45,-,Belum ditandai,unset
2026-05-31T22:30:28.144,587467,157,0.12773333333333334,0.19046666666666667,0.0,70.0,5000,154.0,1,30.41,0.03,0,0.0,0.0,45,-,Belum ditandai,unset
2026-05-31T22:30:28.640,587987,157,0.12760000000000002,0.19006666666666666,0.0,70.0,5000,154.0,1,30.41,0.03,0,0.0,0.0,45,-,Belum ditandai,unset
2026-05-31T22:30:29.138,588504,157,0.12726666666666667,0.1896,0.0,70.0,5000,154.0,1,30.41,0.03,0,0.0,0.0,45,-,Belum ditandai,unset
2026-05-31T22:30:29.699,589024,160,0.12786666666666668,0.19033333333333333,0.0,70.0,5000,154.0,1,30.41,0.03,0,0.0,0.0,45,-,Belum ditandai,unset
2026-05-31T22:30:30.263,589591,158,0.1282,0.1908,0.0,70.0,5000,154.0,1,30.41,0.03,0,0.0,0.0,45,-,Belum ditandai,unset
2026-05-31T22:30:30.763,590111,159,0.12840000000000001,0.19126666666666667,0.0,70.0,5000,154.0,1,30.41,0.03,0,0.0,0.0,45,-,Belum ditandai,unset
2026-05-31T22:30:31.262,590628,158,0.1278,0.19053333333333333,0.0,70.0,5000,154.0,1,30.41,0.03,0,0.0,0.0,45,-,Belum ditandai,unset
2026-05-31T22:30:31.825,591148,158,0.12746666666666667,0.18993333333333334,0.0,70.0,5000,154.0,1,30.41,0.03,0,0.0,0.0,45,-,Belum ditandai,unset
2026-05-31T22:30:32.384,591715,157,0.1274,0.18973333333333334,0.0,70.0,5000,154.0,1,30.41,0.03,0,0.0,0.0,45,-,Belum ditandai,unset
2026-05-31T22:30:32.884,592235,157,0.12766666666666668,0.19,0.0,70.0,5000,154.0,1,30.41,0.03,0,0.0,0.0,45,-,Belum ditandai,unset
2026-05-31T22:30:33.385,592752,158,0.12786666666666668,0.19046666666666667,0.0,70.0,5000,154.0,1,30.41,0.03,0,0.0,0.0,45,-,Belum ditandai,unset
2026-05-31T22:30:34.070,593422,157,0.12766666666666668,0.19039999999999999,0.0,70.0,5000,154.0,1,30.42,0.03,0,0.0,0.0,45,-,Belum ditandai,unset
2026-05-31T22:30:34.571,593942,158,0.1274,0.19013333333333332,0.0,70.0,5000,154.0,1,30.42,0.03,0,0.0,0.0,45,-,Belum ditandai,unset
2026-05-31T22:30:35.068,594460,158,0.127,0.18933333333333333,0.0,70.0,5000,154.0,1,30.41,0.03,0,0.0,0.0,45,-,Belum ditandai,unset
2026-05-31T22:30:35.632,594980,158,0.127,0.18906666666666666,0.0,70.0,5000,154.0,1,30.41,0.03,0,0.0,0.0,45,-,Belum ditandai,unset
2026-05-31T22:30:36.192,595536,160,0.1270666666666667,0.189,0.0,70.0,5000,154.0,1,30.42,0.03,0,0.0,0.0,45,-,Belum ditandai,unset
2026-05-31T22:30:36.688,596056,159,0.12753333333333333,0.19,0.0,70.0,5000,154.0,1,30.42,0.03,0,0.0,0.0,45,-,Belum ditandai,unset
2026-05-31T22:30:37.187,596574,156,0.12746666666666667,0.18993333333333334,0.0,70.0,5000,154.0,1,30.42,0.03,0,0.0,0.0,45,-,Belum ditandai,unset
2026-05-31T22:30:37.688,597094,159,0.12746666666666667,0.19006666666666666,0.0,70.0,5000,154.0,1,30.42,0.03,0,0.0,0.0,45,-,Belum ditandai,unset
2026-05-31T22:30:38.187,597546,159,0.12753333333333333,0.19013333333333332,0.0,70.0,5000,154.0,1,30.42,0.03,0,0.0,0.0,45,-,Belum ditandai,unset
2026-05-31T22:30:38.689,598066,158,0.12746666666666667,0.19006666666666666,0.0,70.0,5000,154.0,1,30.42,0.03,0,0.0,0.0,45,-,Belum ditandai,unset
2026-05-31T22:30:39.188,598584,153,0.1262,0.18813333333333335,0.0,70.0,5000,154.0,1,30.42,0.03,0,0.0,0.0,45,-,Belum ditandai,unset
2026-05-31T22:30:39.690,599104,159,0.126,0.18766666666666668,0.0,70.0,5000,154.0,1,30.42,0.03,0,0.0,0.0,45,-,Belum ditandai,unset
2026-05-31T22:30:40.187,599556,159,0.1264,0.18833333333333335,0.0,70.0,5000,154.0,1,30.41,0.03,0,0.0,0.0,45,-,Belum ditandai,unset
2026-05-31T22:30:40.685,600076,161,0.12760000000000002,0.1902,0.0,70.0,5000,154.0,1,30.41,0.03,0,0.0,0.0,45,-,Belum ditandai,unset
2026-05-31T22:30:41.190,600594,158,0.12806666666666666,0.19106666666666666,0.0,70.0,5000,154.0,1,30.41,0.03,0,0.0,0.0,45,-,Belum ditandai,unset
2026-05-31T22:30:41.750,601114,159,0.12786666666666668,0.19086666666666666,0.0,70.0,5000,154.0,1,30.41,0.03,0,0.0,0.0,45,-,Belum ditandai,unset
2026-05-31T22:30:42.249,601670,159,0.128,0.191,0.0,70.0,5000,154.0,1,30.41,0.03,0,0.0,0.0,45,-,Belum ditandai,unset
2026-05-31T22:30:42.808,602190,158,0.1278,0.19066666666666665,0.0,70.0,5000,154.0,1,30.41,0.03,0,0.0,0.0,45,-,Belum ditandai,unset
2026-05-31T22:30:43.432,602811,159,0.12753333333333333,0.19013333333333332,0.0,70.0,5000,154.0,1,30.41,0.03,0,0.0,0.0,45,-,Belum ditandai,unset
2026-05-31T22:30:44.054,603481,152,0.12666666666666665,0.18893333333333334,0.0,70.0,5000,154.0,1,30.41,0.03,0,0.0,0.0,45,-,Belum ditandai,unset
2026-05-31T22:30:44.616,604002,158,0.12673333333333334,0.18913333333333335,0.0,70.0,5000,154.0,1,30.41,0.03,0,0.0,0.0,45,-,Belum ditandai,unset
2026-05-31T22:30:45.115,604519,161,0.127,0.1894,0.0,70.0,5000,154.0,1,30.41,0.03,0,0.0,0.0,45,-,Belum ditandai,unset
2026-05-31T22:30:45.612,605039,160,0.12833333333333333,0.19119999999999998,0.0,70.0,5000,154.0,1,30.41,0.03,0,0.0,0.0,45,-,Belum ditandai,unset
2026-05-31T22:30:46.110,605501,160,0.12853333333333333,0.19153333333333336,0.0,70.0,5000,154.0,1,30.42,0.03,0,0.0,0.0,45,-,Belum ditandai,unset
2026-05-31T22:30:46.608,606022,158,0.12840000000000001,0.19126666666666667,0.0,70.0,5000,154.0,1,30.42,0.03,0,0.0,0.0,45,-,Belum ditandai,unset
2026-05-31T22:30:47.111,606539,158,0.12760000000000002,0.19033333333333333,0.0,70.0,5000,154.0,1,30.41,0.03,0,0.0,0.0,45,-,Belum ditandai,unset
2026-05-31T22:30:47.670,607059,158,0.12760000000000002,0.19046666666666667,0.0,70.0,5000,154.0,1,30.41,0.03,0,0.0,0.0,45,-,Belum ditandai,unset
2026-05-31T22:30:48.230,607626,158,0.12773333333333334,0.19073333333333334,0.0,70.0,5000,154.0,1,30.41,0.03,0,0.0,0.0,45,-,Belum ditandai,unset
2026-05-31T22:30:48.731,608146,159,0.12786666666666668,0.191,0.0,70.0,5000,154.0,1,30.41,0.03,0,0.0,0.0,45,-,Belum ditandai,unset
2026-05-31T22:30:49.354,608767,159,0.12766666666666668,0.19066666666666665,0.0,70.0,5000,154.0,1,30.42,0.03,0,0.0,0.0,45,-,Belum ditandai,unset
2026-05-31T22:30:49.852,609287,159,0.128,0.191,0.0,70.0,5000,154.0,1,30.42,0.03,0,0.0,0.0,45,-,Belum ditandai,unset
2026-05-31T22:30:50.352,609749,158,0.12793333333333334,0.19093333333333332,0.0,70.0,5000,154.0,1,30.41,0.03,0,0.0,0.0,45,-,Belum ditandai,unset
2026-05-31T22:30:50.850,610269,158,0.12773333333333334,0.1906,0.0,70.0,5000,154.0,1,30.41,0.03,0,0.0,0.0,45,-,Belum ditandai,unset
2026-05-31T22:30:51.351,610787,158,0.1274,0.19013333333333332,0.0,70.0,5000,154.0,1,30.41,0.03,0,0.0,0.0,45,-,Belum ditandai,unset
2026-05-31T22:30:51.847,611307,157,0.12693333333333331,0.18926666666666667,0.0,70.0,5000,154.0,1,30.41,0.03,0,0.0,0.0,45,-,Belum ditandai,unset
2026-05-31T22:30:52.344,611759,159,0.12713333333333335,0.1896,0.0,70.0,5000,154.0,1,30.42,0.03,0,0.0,0.0,45,-,Belum ditandai,unset
2026-05-31T22:30:52.841,612279,157,0.1272,0.1894,0.0,70.0,5000,154.0,1,30.42,0.03,0,0.0,0.0,45,-,Belum ditandai,unset
2026-05-31T22:30:53.342,612796,158,0.1274,0.18973333333333334,0.0,70.0,5000,154.0,1,30.41,0.03,0,0.0,0.0,45,-,Belum ditandai,unset
2026-05-31T22:30:53.904,613316,159,0.12733333333333335,0.18953333333333333,0.0,70.0,5000,154.0,1,30.41,0.03,0,0.0,0.0,45,-,Belum ditandai,unset
2026-05-31T22:30:54.465,613883,157,0.12753333333333333,0.19,0.0,70.0,5000,154.0,1,30.42,0.03,0,0.0,0.0,45,-,Belum ditandai,unset
2026-05-31T22:30:54.967,614403,158,0.12760000000000002,0.1902,0.0,70.0,5000,154.0,1,30.42,0.03,0,0.0,0.0,45,-,Belum ditandai,unset
2026-05-31T22:30:55.588,615024,158,0.12793333333333334,0.1908,0.0,70.0,5000,154.0,1,30.42,0.03,0,0.0,0.0,45,-,Belum ditandai,unset
2026-05-31T22:30:56.151,615590,158,0.12760000000000002,0.1902,0.0,70.0,5000,154.0,1,30.41,0.03,0,0.0,0.0,45,-,Belum ditandai,unset
2026-05-31T22:30:56.761,616215,159,0.1270666666666667,0.18926666666666667,0.0,70.0,5000,154.0,1,30.41,0.03,0,0.0,0.0,45,-,Belum ditandai,unset
2026-05-31T22:30:57.260,616732,158,0.12693333333333331,0.18913333333333335,0.0,70.0,5000,154.0,1,30.42,0.03,0,0.0,0.0,45,-,Belum ditandai,unset
2026-05-31T22:30:57.821,617252,158,0.12733333333333335,0.18993333333333334,0.0,70.0,5000,154.0,1,30.42,0.03,0,0.0,0.0,45,-,Belum ditandai,unset
2026-05-31T22:30:58.380,617819,156,0.12746666666666667,0.1902,0.0,70.0,5000,154.0,1,30.42,0.03,0,0.0,0.0,45,-,Belum ditandai,unset
2026-05-31T22:30:58.883,618339,158,0.1278,0.19066666666666665,0.0,70.0,5000,154.0,1,30.42,0.03,0,0.0,0.0,45,-,Belum ditandai,unset
2026-05-31T22:30:59.383,618856,158,0.1274,0.19006666666666666,0.0,70.0,5000,154.0,1,30.42,0.03,0,0.0,0.0,45,-,Belum ditandai,unset
2026-05-31T22:30:59.942,619376,160,0.12726666666666667,0.1898,0.0,70.0,5000,154.0,1,30.42,0.03,0,0.0,0.0,45,-,Belum ditandai,unset
2026-05-31T22:31:00.504,619943,155,0.12686666666666666,0.18926666666666667,0.0,70.0,5000,154.0,1,30.42,0.03,0,0.0,0.0,45,-,Belum ditandai,unset
2026-05-31T22:31:01.007,620463,157,0.12726666666666667,0.18973333333333334,0.0,70.0,5000,154.0,1,30.42,0.03,0,0.0,0.0,45,-,Belum ditandai,unset
2026-05-31T22:31:01.504,620980,158,0.12726666666666667,0.18973333333333334,0.0,70.0,5000,154.0,1,30.42,0.03,0,0.0,0.0,45,-,Belum ditandai,unset
2026-05-31T22:31:02.009,621500,160,0.12746666666666667,0.1898,0.0,70.0,5000,154.0,1,30.42,0.03,0,0.0,0.0,45,-,Belum ditandai,unset
2026-05-31T22:31:02.509,621963,160,0.12773333333333334,0.19006666666666666,0.0,70.0,5000,154.0,1,30.42,0.03,0,0.0,0.0,45,-,Belum ditandai,unset
2026-05-31T22:31:03.011,622483,158,0.12773333333333334,0.1902,0.0,70.0,5000,154.0,1,30.42,0.03,0,0.0,0.0,45,-,Belum ditandai,unset
2026-05-31T22:31:03.510,623000,157,0.12773333333333334,0.1902,0.0,70.0,5000,154.0,1,30.42,0.03,0,0.0,0.0,45,-,Belum ditandai,unset
2026-05-31T22:31:04.070,623520,160,0.12733333333333335,0.18966666666666668,0.0,70.0,5000,154.0,1,30.42,0.03,0,0.0,0.0,45,-,Belum ditandai,unset
2026-05-31T22:31:04.629,624087,158,0.12733333333333335,0.18993333333333334,0.0,70.0,5000,154.0,1,30.42,0.03,0,0.0,0.0,45,-,Belum ditandai,unset
2026-05-31T22:31:05.126,624607,159,0.12753333333333333,0.19026666666666667,0.0,70.0,5000,154.0,1,30.42,0.03,0,0.0,0.0,45,-,Belum ditandai,unset
2026-05-31T22:31:05.625,625124,158,0.12760000000000002,0.19033333333333333,0.0,70.0,5000,154.0,1,30.42,0.03,0,0.0,0.0,45,-,Belum ditandai,unset
2026-05-31T22:31:06.184,625690,157,0.1278,0.19039999999999999,0.0,70.0,5000,154.0,1,30.42,0.03,0,0.0,0.0,45,-,Belum ditandai,unset
2026-05-31T22:31:06.749,626210,159,0.1278,0.19053333333333333,0.0,70.0,5000,154.0,1,30.42,0.03,0,0.0,0.0,45,-,Belum ditandai,unset
2026-05-31T22:31:07.250,626728,161,0.12760000000000002,0.19033333333333333,0.0,70.0,5000,154.0,1,30.42,0.03,0,0.0,0.0,45,-,Belum ditandai,unset
2026-05-31T22:31:07.750,627248,161,0.1278,0.19066666666666665,0.0,70.0,5000,154.0,1,30.42,0.03,0,0.0,0.0,45,-,Belum ditandai,unset
2026-05-31T22:31:08.315,627804,159,0.12753333333333333,0.19026666666666667,0.0,70.0,5000,154.0,1,30.42,0.03,0,0.0,0.0,45,-,Belum ditandai,unset
2026-05-31T22:31:08.812,628324,158,0.12760000000000002,0.19046666666666667,0.0,70.0,5000,154.0,1,30.42,0.03,0,0.0,0.0,45,-,Belum ditandai,unset
2026-05-31T22:31:09.312,628842,157,0.1272,0.18993333333333334,0.0,70.0,5000,154.0,1,30.42,0.03,0,0.0,0.0,45,-,Belum ditandai,unset
2026-05-31T22:31:09.876,629362,159,0.12733333333333335,0.1902,0.0,70.0,5000,154.0,1,30.42,0.03,0,0.0,0.0,45,-,Belum ditandai,unset
2026-05-31T22:31:10.437,629918,157,0.1272,0.18953333333333333,0.0,70.0,5000,154.0,1,30.42,0.03,0,0.0,0.0,45,-,Belum ditandai,unset
2026-05-31T22:31:10.933,630438,158,0.1274,0.18986666666666666,0.0,70.0,5000,154.0,1,30.42,0.03,0,0.0,0.0,45,-,Belum ditandai,unset
2026-05-31T22:31:11.449,630956,159,0.12746666666666667,0.1898,0.0,70.0,5000,154.0,1,30.41,0.03,0,0.0,0.0,45,-,Belum ditandai,unset
2026-05-31T22:31:12.074,631580,157,0.12726666666666667,0.1896,0.0,70.0,5000,154.0,1,30.41,0.03,0,0.0,0.0,45,-,Belum ditandai,unset
2026-05-31T22:31:12.633,632136,159,0.1274,0.18986666666666666,0.0,70.0,5000,154.0,1,30.42,0.03,0,0.0,0.0,45,-,Belum ditandai,unset
2026-05-31T22:31:13.131,632656,157,0.1274,0.1896,0.0,70.0,5000,154.0,1,30.42,0.03,0,0.0,0.0,45,-,Belum ditandai,unset
2026-05-31T22:31:13.630,633173,158,0.12766666666666668,0.19026666666666667,0.0,70.0,5000,154.0,1,30.42,0.03,0,0.0,0.0,45,-,Belum ditandai,unset
2026-05-31T22:31:14.193,633739,158,0.12773333333333334,0.19033333333333333,0.0,70.0,5000,154.0,1,30.42,0.03,0,0.0,0.0,45,-,Belum ditandai,unset
2026-05-31T22:31:14.751,634260,161,0.12766666666666668,0.19026666666666667,0.0,70.0,5000,154.0,1,30.42,0.03,0,0.0,0.0,45,-,Belum ditandai,unset
2026-05-31T22:31:15.250,634777,159,0.1282,0.19093333333333332,0.0,70.0,5000,154.0,1,30.41,0.03,0,0.0,0.0,45,-,Belum ditandai,unset
2026-05-31T22:31:15.748,635297,158,0.12793333333333334,0.19053333333333333,0.0,70.0,5000,154.0,1,30.41,0.03,0,0.0,0.0,45,-,Belum ditandai,unset
2026-05-31T22:31:16.306,635864,159,0.12786666666666668,0.1906,0.0,70.0,5000,154.0,1,30.41,0.03,0,0.0,0.0,45,-,Belum ditandai,unset
2026-05-31T22:31:16.865,636384,158,0.1272,0.18966666666666668,0.0,70.0,5000,154.0,1,30.41,0.03,0,0.0,0.0,45,-,Belum ditandai,unset
2026-05-31T22:31:17.365,636901,153,0.12693333333333331,0.18926666666666667,0.0,70.0,5000,154.0,1,30.41,0.03,0,0.0,0.0,45,-,Belum ditandai,unset
2026-05-31T22:31:17.866,637421,158,0.12673333333333334,0.1888,0.0,70.0,5000,154.0,1,30.41,0.03,0,0.0,0.0,45,-,Belum ditandai,unset
2026-05-31T22:31:18.363,637884,159,0.12693333333333331,0.18926666666666667,0.0,70.0,5000,154.0,1,30.42,0.03,0,0.0,0.0,45,-,Belum ditandai,unset
2026-05-31T22:31:18.865,638404,158,0.12693333333333331,0.1894,0.0,70.0,5000,154.0,1,30.42,0.03,0,0.0,0.0,45,-,Belum ditandai,unset
2026-05-31T22:31:19.364,638921,157,0.12760000000000002,0.19046666666666667,0.0,70.0,5000,154.0,1,30.41,0.03,0,0.0,0.0,45,-,Belum ditandai,unset
2026-05-31T22:31:19.924,639441,157,0.12726666666666667,0.18973333333333334,0.0,70.0,5000,154.0,1,30.41,0.03,0,0.0,0.0,45,-,Belum ditandai,unset
2026-05-31T22:31:20.486,640008,155,0.1270666666666667,0.18913333333333335,0.0,70.0,5000,154.0,1,30.41,0.03,0,0.0,0.0,45,-,Belum ditandai,unset
2026-05-31T22:31:20.988,640528,160,0.12693333333333331,0.18873333333333334,0.0,70.0,5000,154.0,1,30.41,0.03,0,0.0,0.0,45,-,Belum ditandai,unset
2026-05-31T22:31:21.486,641045,159,0.1272,0.18926666666666667,0.0,70.0,5000,154.0,1,30.42,0.03,0,0.0,0.0,45,-,Belum ditandai,unset
2026-05-31T22:31:21.985,641565,158,0.1274,0.18986666666666666,0.0,70.0,5000,154.0,1,30.42,0.03,0,0.0,0.0,45,-,Belum ditandai,unset
2026-05-31T22:31:22.486,642032,157,0.12733333333333335,0.1898,0.0,70.0,5000,154.0,1,30.42,0.03,0,0.0,0.0,45,-,Belum ditandai,unset
2026-05-31T22:31:22.984,642552,155,0.12726666666666667,0.1896,0.0,70.0,5000,154.0,1,30.42,0.03,0,0.0,0.0,45,-,Belum ditandai,unset
2026-05-31T22:31:23.546,643075,159,0.12713333333333335,0.18933333333333333,0.0,70.0,5000,154.0,1,30.42,0.03,0,0.0,0.0,45,-,Belum ditandai,unset
2026-05-31T22:31:24.047,643595,157,0.12726666666666667,0.1896,0.0,70.0,5000,154.0,1,30.42,0.03,0,0.0,0.0,45,-,Belum ditandai,unset
2026-05-31T22:31:24.606,644151,158,0.1272,0.1898,0.0,70.0,5000,154.0,1,30.42,0.03,0,0.0,0.0,45,-,Belum ditandai,unset
2026-05-31T22:31:25.228,644775,159,0.12733333333333335,0.19006666666666666,0.0,70.0,5000,154.0,1,30.42,0.03,0,0.0,0.0,45,-,Belum ditandai,unset
2026-05-31T22:31:25.725,645293,158,0.12733333333333335,0.19033333333333333,0.0,70.0,5000,154.0,1,30.42,0.03,0,0.0,0.0,45,-,Belum ditandai,unset
2026-05-31T22:31:26.290,645849,156,0.12760000000000002,0.19046666666666667,0.0,70.0,5000,154.0,1,30.42,0.03,0,0.0,0.0,45,-,Belum ditandai,unset
2026-05-31T22:31:26.912,646473,160,0.1278,0.19066666666666665,0.0,70.0,5000,154.0,1,30.42,0.03,0,0.0,0.0,45,-,Belum ditandai,unset
2026-05-31T22:31:27.412,646990,159,0.12773333333333334,0.19033333333333333,0.0,70.0,5000,154.0,1,30.42,0.03,0,0.0,0.0,45,-,Belum ditandai,unset
2026-05-31T22:31:27.906,647510,160,0.12773333333333334,0.19046666666666667,0.0,70.0,5000,154.0,1,30.42,0.03,0,0.0,0.0,45,-,Belum ditandai,unset
2026-05-31T22:31:28.404,647973,158,0.12773333333333334,0.19046666666666667,0.0,70.0,5000,154.0,1,30.42,0.03,0,0.0,0.0,45,-,Belum ditandai,unset
2026-05-31T22:31:28.902,648493,159,0.1278,0.1908,0.0,70.0,5000,154.0,1,30.42,0.03,0,0.0,0.0,45,-,Belum ditandai,unset
2026-05-31T22:31:29.527,649114,159,0.12786666666666668,0.19086666666666666,0.0,70.0,5000,154.0,1,30.41,0.03,0,0.0,0.0,45,-,Belum ditandai,unset
2026-05-31T22:31:30.149,649738,160,0.1278,0.19066666666666665,0.0,70.0,5000,154.0,1,30.41,0.03,0,0.0,0.0,45,-,Belum ditandai,unset
2026-05-31T22:31:30.648,650201,161,0.128,0.19086666666666666,0.0,70.0,5000,154.0,1,30.42,0.03,0,0.0,0.0,45,-,Belum ditandai,unset
2026-05-31T22:31:31.148,650721,158,0.12773333333333334,0.19046666666666667,0.0,70.0,5000,154.0,1,30.42,0.03,0,0.0,0.0,45,-,Belum ditandai,unset
2026-05-31T22:31:31.649,651238,159,0.12766666666666668,0.19053333333333333,0.0,70.0,5000,154.0,1,30.42,0.03,0,0.0,0.0,45,-,Belum ditandai,unset
2026-05-31T22:31:32.147,651758,158,0.1272,0.18993333333333334,0.0,70.0,5000,154.0,1,30.42,0.03,0,0.0,0.0,45,-,Belum ditandai,unset
2026-05-31T22:31:32.645,652221,157,0.1272,0.18966666666666668,0.0,70.0,5000,154.0,1,30.43,0.03,0,0.0,0.0,45,-,Belum ditandai,unset
2026-05-31T22:31:33.143,652741,159,0.12726666666666667,0.1896,0.0,70.0,5000,154.0,1,30.43,0.03,0,0.0,0.0,45,-,Belum ditandai,unset
2026-05-31T22:31:33.646,653258,160,0.12746666666666667,0.18966666666666668,0.0,70.0,5000,154.0,1,30.42,0.03,0,0.0,0.0,45,-,Belum ditandai,unset
2026-05-31T22:31:34.207,653778,158,0.12746666666666667,0.1898,0.0,70.0,5000,154.0,1,30.42,0.03,0,0.0,0.0,45,-,Belum ditandai,unset
2026-05-31T22:31:34.770,654345,158,0.1274,0.18973333333333334,0.0,70.0,5000,154.0,1,30.42,0.03,0,0.0,0.0,45,-,Belum ditandai,unset
2026-05-31T22:31:35.268,654865,160,0.12753333333333333,0.19,0.0,70.0,5000,154.0,1,30.42,0.03,0,0.0,0.0,45,-,Belum ditandai,unset
2026-05-31T22:31:35.771,655382,160,0.12773333333333334,0.19033333333333333,0.0,70.0,5000,154.0,1,30.41,0.03,0,0.0,0.0,45,-,Belum ditandai,unset
2026-05-31T22:31:36.331,655948,160,0.12793333333333334,0.19039999999999999,0.0,70.0,5000,154.0,1,30.42,0.03,0,0.0,0.0,45,-,Belum ditandai,unset
2026-05-31T22:31:36.831,656469,159,0.12760000000000002,0.19006666666666666,0.0,70.0,5000,154.0,1,30.42,0.03,0,0.0,0.0,45,-,Belum ditandai,unset
2026-05-31T22:31:37.392,656986,159,0.12760000000000002,0.1902,0.0,70.0,5000,154.0,1,30.42,0.03,0,0.0,0.0,45,-,Belum ditandai,unset
2026-05-31T22:31:37.892,657506,162,0.12813333333333335,0.191,0.0,70.0,5000,154.0,1,30.42,0.03,0,0.0,0.0,45,-,Belum ditandai,unset
2026-05-31T22:31:38.453,658073,159,0.12840000000000001,0.19126666666666667,0.0,70.0,5000,154.0,1,30.42,0.03,0,0.0,0.0,45,-,Belum ditandai,unset
2026-05-31T22:31:38.951,658593,159,0.12840000000000001,0.191,0.0,70.0,5000,154.0,1,30.42,0.03,0,0.0,0.0,45,-,Belum ditandai,unset
2026-05-31T22:31:39.511,659110,157,0.12773333333333334,0.19006666666666666,0.0,70.0,5000,154.0,1,30.42,0.03,0,0.0,0.0,45,-,Belum ditandai,unset
2026-05-31T22:31:40.134,659734,156,0.12733333333333335,0.1894,0.0,70.0,5000,154.0,1,30.42,0.03,0,0.0,0.0,45,-,Belum ditandai,unset
2026-05-31T22:31:40.695,660301,158,0.12760000000000002,0.18993333333333334,0.0,70.0,5000,154.0,1,30.41,0.03,0,0.0,0.0,45,-,Belum ditandai,unset
2026-05-31T22:31:41.192,660821,157,0.12726666666666667,0.18946666666666667,0.0,70.0,5000,154.0,1,30.41,0.03,0,0.0,0.0,45,-,Belum ditandai,unset
2026-05-31T22:31:41.693,661338,157,0.12746666666666667,0.18993333333333334,0.0,70.0,5000,154.0,1,30.41,0.03,0,0.0,0.0,45,-,Belum ditandai,unset
2026-05-31T22:31:42.255,661858,158,0.12713333333333335,0.18933333333333333,0.0,70.0,5000,154.0,1,30.41,0.03,0,0.0,0.0,45,-,Belum ditandai,unset
2026-05-31T22:31:42.818,662425,159,0.12773333333333334,0.1902,0.0,70.0,5000,154.0,1,30.4,0.03,0,0.0,0.0,45,-,Belum ditandai,unset
2026-05-31T22:31:43.318,662945,158,0.12746666666666667,0.18966666666666668,0.0,70.0,5000,154.0,1,30.4,0.03,0,0.0,0.0,45,-,Belum ditandai,unset
2026-05-31T22:31:43.819,663462,158,0.1272,0.18953333333333333,0.0,70.0,5000,154.0,1,30.4,0.03,0,0.0,0.0,45,-,Belum ditandai,unset
2026-05-31T22:31:44.381,664028,159,0.1268,0.189,0.0,70.0,5000,154.0,1,30.41,0.03,0,0.0,0.0,45,-,Belum ditandai,unset
2026-05-31T22:31:44.881,664549,157,0.12733333333333335,0.1898,0.0,70.0,5000,154.0,1,30.41,0.03,0,0.0,0.0,45,-,Belum ditandai,unset
2026-05-31T22:31:45.443,665066,158,0.1274,0.18986666666666666,0.0,70.0,5000,154.0,1,30.41,0.03,0,0.0,0.0,45,-,Belum ditandai,unset
2026-05-31T22:31:45.944,665586,161,0.12786666666666668,0.1906,0.0,70.0,5000,154.0,1,30.41,0.03,0,0.0,0.0,45,-,Belum ditandai,unset
2026-05-31T22:31:46.506,666153,158,0.12760000000000002,0.19033333333333333,0.0,70.0,5000,154.0,1,30.41,0.03,0,0.0,0.0,45,-,Belum ditandai,unset
2026-05-31T22:31:47.004,666673,160,0.1278,0.19053333333333333,0.0,70.0,5000,154.0,1,30.41,0.03,0,0.0,0.0,45,-,Belum ditandai,unset
2026-05-31T22:31:47.566,667190,159,0.1278,0.19053333333333333,0.0,70.0,5000,154.0,1,30.41,0.03,0,0.0,0.0,45,-,Belum ditandai,unset
2026-05-31T22:31:48.063,667710,158,0.12793333333333334,0.1908,0.0,70.0,5000,154.0,1,30.41,0.03,0,0.0,0.0,45,-,Belum ditandai,unset
2026-05-31T22:31:48.625,668277,160,0.12786666666666668,0.1906,0.0,70.0,5000,154.0,1,30.41,0.03,0,0.0,0.0,45,-,Belum ditandai,unset
2026-05-31T22:31:49.124,668797,160,0.12766666666666668,0.19026666666666667,0.0,70.0,5000,154.0,1,30.41,0.03,0,0.0,0.0,45,-,Belum ditandai,unset
2026-05-31T22:31:49.624,669314,157,0.12746666666666667,0.18953333333333333,0.0,70.0,5000,154.0,1,30.42,0.03,0,0.0,0.0,45,-,Belum ditandai,unset
2026-05-31T22:31:50.185,669834,160,0.12766666666666668,0.18986666666666666,0.0,70.0,5000,154.0,1,30.42,0.03,0,0.0,0.0,45,-,Belum ditandai,unset
2026-05-31T22:31:50.745,670400,159,0.12746666666666667,0.18966666666666668,0.0,70.0,5000,154.0,1,30.41,0.03,0,0.0,0.0,45,-,Belum ditandai,unset
2026-05-31T22:31:51.244,670920,159,0.12760000000000002,0.1902,0.0,70.0,5000,154.0,1,30.41,0.03,0,0.0,0.0,45,-,Belum ditandai,unset
2026-05-31T22:31:51.867,671542,159,0.12786666666666668,0.19046666666666667,0.0,70.0,5000,154.0,1,30.41,0.03,0,0.0,0.0,45,-,Belum ditandai,unset
2026-05-31T22:31:52.427,672098,158,0.12826666666666667,0.19086666666666666,0.0,70.0,5000,154.0,1,30.41,0.03,0,0.0,0.0,45,-,Belum ditandai,unset
2026-05-31T22:31:52.927,672618,160,0.128,0.1906,0.0,70.0,5000,154.0,1,30.41,0.03,0,0.0,0.0,45,-,Belum ditandai,unset
2026-05-31T22:31:53.488,673136,160,0.1278,0.19066666666666665,0.0,70.0,5000,154.0,1,30.4,0.03,0,0.0,0.0,45,-,Belum ditandai,unset
2026-05-31T22:31:53.988,673656,159,0.12766666666666668,0.19053333333333333,0.0,70.0,5000,154.0,1,30.4,0.03,0,0.0,0.0,45,-,Belum ditandai,unset
2026-05-31T22:31:54.553,674212,154,0.12746666666666667,0.19033333333333333,0.0,70.0,5000,154.0,1,30.4,0.03,0,0.0,0.0,45,-,Belum ditandai,unset
2026-05-31T22:31:55.049,674732,157,0.1270666666666667,0.1894,0.0,70.0,5000,154.0,1,30.4,0.03,0,0.0,0.0,45,-,Belum ditandai,unset
2026-05-31T22:31:55.548,675250,158,0.12686666666666666,0.18906666666666666,0.0,70.0,5000,154.0,1,30.41,0.03,0,0.0,0.0,45,-,Belum ditandai,unset
2026-05-31T22:31:56.114,675770,160,0.12713333333333335,0.18933333333333333,0.0,70.0,5000,154.0,1,30.41,0.03,0,0.0,0.0,45,-,Belum ditandai,unset
2026-05-31T22:31:56.616,676326,158,0.12753333333333333,0.19013333333333332,0.0,70.0,5000,154.0,1,30.42,0.03,0,0.0,0.0,45,-,Belum ditandai,unset
2026-05-31T22:31:57.178,676846,160,0.12773333333333334,0.19046666666666667,0.0,70.0,5000,154.0,1,30.42,0.03,0,0.0,0.0,45,-,Belum ditandai,unset
2026-05-31T22:31:57.680,677364,158,0.12766666666666668,0.19039999999999999,0.0,70.0,5000,154.0,1,30.41,0.03,0,0.0,0.0,45,-,Belum ditandai,unset
2026-05-31T22:31:58.181,677884,159,0.12773333333333334,0.1906,0.0,70.0,5000,154.0,1,30.41,0.03,0,0.0,0.0,45,-,Belum ditandai,unset
2026-05-31T22:31:58.740,678440,159,0.12766666666666668,0.19026666666666667,0.0,70.0,5000,154.0,1,30.41,0.03,0,0.0,0.0,45,-,Belum ditandai,unset
2026-05-31T22:31:59.241,678960,158,0.12773333333333334,0.19046666666666667,0.0,70.0,5000,154.0,1,30.41,0.03,0,0.0,0.0,45,-,Belum ditandai,unset
2026-05-31T22:31:59.804,679478,157,0.12760000000000002,0.19006666666666666,0.0,70.0,5000,154.0,1,30.42,0.03,0,0.0,0.0,45,-,Belum ditandai,unset
2026-05-31T22:32:00.300,679998,158,0.1274,0.18986666666666666,0.0,70.0,5000,154.0,1,30.42,0.03,0,0.0,0.0,45,-,Belum ditandai,unset
2026-05-31T22:32:00.865,680554,155,0.12733333333333335,0.18966666666666668,0.0,70.0,5000,154.0,1,30.41,0.03,0,0.0,0.0,45,-,Belum ditandai,unset
2026-05-31T22:32:01.358,681074,158,0.12746666666666667,0.18993333333333334,0.0,70.0,5000,154.0,1,30.41,0.03,0,0.0,0.0,45,-,Belum ditandai,unset
2026-05-31T22:32:01.979,681696,160,0.128,0.1906,0.0,70.0,5000,154.0,1,30.42,0.03,0,0.0,0.0,45,-,Belum ditandai,unset
2026-05-31T22:32:02.539,682252,159,0.1282,0.19093333333333332,0.0,70.0,5000,154.0,1,30.42,0.03,0,0.0,0.0,45,-,Belum ditandai,unset
2026-05-31T22:32:03.036,682772,158,0.12840000000000001,0.1914,0.0,70.0,5000,154.0,1,30.42,0.03,0,0.0,0.0,45,-,Belum ditandai,unset
2026-05-31T22:32:03.597,683290,159,0.1282,0.19119999999999998,0.0,70.0,5000,154.0,1,30.41,0.03,0,0.0,0.0,45,-,Belum ditandai,unset
2026-05-31T22:32:04.095,683810,159,0.12786666666666668,0.1906,0.0,70.0,5000,154.0,1,30.41,0.03,0,0.0,0.0,45,-,Belum ditandai,unset
2026-05-31T22:32:04.656,684366,158,0.12753333333333333,0.19013333333333332,0.0,70.0,5000,154.0,1,30.42,0.03,0,0.0,0.0,45,-,Belum ditandai,unset
2026-05-31T22:32:05.155,684886,158,0.12713333333333335,0.1896,0.0,70.0,5000,154.0,1,30.42,0.03,0,0.0,0.0,45,-,Belum ditandai,unset
2026-05-31T22:32:05.659,685404,158,0.1272,0.18993333333333334,0.0,70.0,5000,154.0,1,30.41,0.03,0,0.0,0.0,45,-,Belum ditandai,unset
2026-05-31T22:32:06.225,685924,158,0.12726666666666667,0.19,0.0,70.0,5000,154.0,1,30.41,0.03,0,0.0,0.0,45,-,Belum ditandai,unset
2026-05-31T22:32:06.723,686480,159,0.127,0.18953333333333333,0.0,70.0,5000,154.0,1,30.41,0.03,0,0.0,0.0,45,-,Belum ditandai,unset
2026-05-31T22:32:07.282,687000,158,0.127,0.1894,0.0,70.0,5000,154.0,1,30.41,0.03,0,0.0,0.0,45,-,Belum ditandai,unset
2026-05-31T22:32:07.781,687518,160,0.1274,0.1898,0.0,70.0,5000,154.0,1,30.42,0.03,0,0.0,0.0,45,-,Belum ditandai,unset
2026-05-31T22:32:08.278,688038,158,0.1278,0.19039999999999999,0.0,70.0,5000,154.0,1,30.42,0.03,0,0.0,0.0,45,-,Belum ditandai,unset
2026-05-31T22:32:08.840,688594,158,0.1274,0.18973333333333334,0.0,70.0,5000,154.0,1,30.41,0.03,0,0.0,0.0,45,-,Belum ditandai,unset
2026-05-31T22:32:09.404,689114,160,0.1272,0.18953333333333333,0.0,70.0,5000,154.0,1,30.41,0.03,0,0.0,0.0,45,-,Belum ditandai,unset
2026-05-31T22:32:10.014,689736,159,0.1274,0.19,0.0,70.0,5000,154.0,1,30.4,0.03,0,0.0,0.0,45,-,Belum ditandai,unset
2026-05-31T22:32:10.576,690292,158,0.12786666666666668,0.19086666666666666,0.0,70.0,5000,154.0,1,30.39,0.03,0,0.0,0.0,45,-,Belum ditandai,unset
2026-05-31T22:32:11.199,690916,156,0.12793333333333334,0.1908,0.0,70.0,5000,154.0,1,30.39,0.03,0,0.0,0.0,45,-,Belum ditandai,unset
2026-05-31T22:32:11.695,691434,157,0.12793333333333334,0.19053333333333333,0.0,70.0,5000,154.0,1,30.41,0.03,0,0.0,0.0,45,-,Belum ditandai,unset
2026-05-31T22:32:12.194,691954,155,0.12753333333333333,0.19,0.0,70.0,5000,154.0,1,30.41,0.03,0,0.0,0.0,45,-,Belum ditandai,unset
2026-05-31T22:32:12.759,692510,159,0.1274,0.19,0.0,70.0,5000,154.0,1,30.41,0.03,0,0.0,0.0,45,-,Belum ditandai,unset
2026-05-31T22:32:13.261,693030,159,0.12746666666666667,0.1902,0.0,70.0,5000,154.0,1,30.41,0.03,0,0.0,0.0,45,-,Belum ditandai,unset
2026-05-31T22:32:13.821,693548,159,0.12766666666666668,0.19039999999999999,0.0,70.0,5000,154.0,1,30.42,0.03,0,0.0,0.0,45,-,Belum ditandai,unset
2026-05-31T22:32:14.321,694068,153,0.12733333333333335,0.18966666666666668,0.0,70.0,5000,154.0,1,30.42,0.03,0,0.0,0.0,45,-,Belum ditandai,unset
2026-05-31T22:32:14.884,694624,156,0.127,0.18906666666666666,0.0,70.0,5000,154.0,1,30.42,0.03,0,0.0,0.0,45,-,Belum ditandai,unset
2026-05-31T22:32:15.388,695144,158,0.1268,0.18860000000000002,0.0,70.0,5000,154.0,1,30.42,0.03,0,0.0,0.0,45,-,Belum ditandai,unset
2026-05-31T22:32:15.889,695666,159,0.1272,0.1894,0.0,70.0,5000,154.0,1,30.42,0.03,0,0.0,0.0,45,-,Belum ditandai,unset
2026-05-31T22:32:16.451,696217,158,0.1274,0.18986666666666666,0.0,70.0,5000,154.0,1,30.42,0.03,0,0.0,0.0,45,-,Belum ditandai,unset
2026-05-31T22:32:16.950,696738,160,0.128,0.19086666666666666,0.0,70.0,5000,154.0,1,30.42,0.03,0,0.0,0.0,45,-,Belum ditandai,unset
2026-05-31T22:32:17.514,697255,162,0.12840000000000001,0.19126666666666667,0.0,70.0,5000,154.0,1,30.42,0.03,0,0.0,0.0,45,-,Belum ditandai,unset
2026-05-31T22:32:18.015,697775,159,0.12873333333333334,0.19173333333333334,0.0,70.0,5000,154.0,1,30.42,0.03,0,0.0,0.0,45,-,Belum ditandai,unset
2026-05-31T22:32:18.575,698342,160,0.12826666666666667,0.19113333333333332,0.0,70.0,5000,154.0,1,30.42,0.03,0,0.0,0.0,45,-,Belum ditandai,unset
2026-05-31T22:32:19.075,698862,160,0.1278,0.19053333333333333,0.0,70.0,5000,154.0,1,30.42,0.03,0,0.0,0.0,45,-,Belum ditandai,unset
2026-05-31T22:32:19.695,699483,161,0.12793333333333334,0.19053333333333333,0.0,70.0,5000,154.0,1,30.42,0.03,0,0.0,0.0,45,-,Belum ditandai,unset
2026-05-31T22:32:20.194,700003,159,0.1282,0.19106666666666666,0.0,70.0,5000,154.0,1,30.42,0.03,0,0.0,0.0,45,-,Belum ditandai,unset
2026-05-31T22:32:20.689,700466,159,0.12813333333333335,0.19086666666666666,0.0,70.0,5000,154.0,1,30.42,0.03,0,0.0,0.0,45,-,Belum ditandai,unset
2026-05-31T22:32:21.188,700986,160,0.128,0.19086666666666666,0.0,70.0,5000,154.0,1,30.42,0.03,0,0.0,0.0,45,-,Belum ditandai,unset
2026-05-31T22:32:21.688,701503,159,0.12766666666666668,0.19026666666666667,0.0,70.0,5000,154.0,1,30.42,0.03,0,0.0,0.0,45,-,Belum ditandai,unset
2026-05-31T22:32:22.251,702023,156,0.12746666666666667,0.19006666666666666,0.0,70.0,5000,154.0,1,30.42,0.03,0,0.0,0.0,45,-,Belum ditandai,unset
2026-05-31T22:32:22.813,702590,160,0.12746666666666667,0.19006666666666666,0.0,70.0,5000,154.0,1,30.4,0.03,0,0.0,0.0,45,-,Belum ditandai,unset
2026-05-31T22:32:23.313,703110,160,0.12773333333333334,0.19046666666666667,0.0,70.0,5000,154.0,1,30.4,0.03,0,0.0,0.0,45,-,Belum ditandai,unset
2026-05-31T22:32:23.809,703627,160,0.12793333333333334,0.19053333333333333,0.0,70.0,5000,154.0,1,30.41,0.03,0,0.0,0.0,45,-,Belum ditandai,unset
2026-05-31T22:32:24.368,704147,158,0.12766666666666668,0.19,0.0,70.0,5000,154.0,1,30.41,0.03,0,0.0,0.0,45,-,Belum ditandai,unset
2026-05-31T22:32:24.929,704714,158,0.1274,0.18973333333333334,0.0,70.0,5000,154.0,1,30.42,0.03,0,0.0,0.0,45,-,Belum ditandai,unset
2026-05-31T22:32:25.429,705234,160,0.12760000000000002,0.1902,0.0,70.0,5000,154.0,1,30.42,0.03,0,0.0,0.0,45,-,Belum ditandai,unset
2026-05-31T22:32:25.931,705752,158,0.12786666666666668,0.19073333333333334,0.0,70.0,5000,154.0,1,30.42,0.03,0,0.0,0.0,45,-,Belum ditandai,unset
2026-05-31T22:32:26.493,706308,160,0.12826666666666667,0.19126666666666667,0.0,70.0,5000,154.0,1,30.43,0.03,0,0.0,0.0,45,-,Belum ditandai,unset
2026-05-31T22:32:26.991,706828,158,0.1282,0.19119999999999998,0.0,70.0,5000,154.0,1,30.43,0.03,0,0.0,0.0,45,-,Belum ditandai,unset
2026-05-31T22:32:27.550,707346,158,0.128,0.19073333333333334,0.0,70.0,5000,154.0,1,30.42,0.03,0,0.0,0.0,45,-,Belum ditandai,unset
2026-05-31T22:32:28.051,707866,161,0.12806666666666666,0.1908,0.0,70.0,5000,154.0,1,30.42,0.03,0,0.0,0.0,45,-,Belum ditandai,unset
2026-05-31T22:32:28.610,708422,160,0.12786666666666668,0.19046666666666667,0.0,70.0,5000,154.0,1,30.43,0.03,0,0.0,0.0,45,-,Belum ditandai,unset
2026-05-31T22:32:29.109,708942,158,0.1272,0.18966666666666668,0.0,70.0,5000,154.0,1,30.43,0.03,0,0.0,0.0,45,-,Belum ditandai,unset
2026-05-31T22:32:29.607,709459,158,0.12666666666666665,0.189,0.0,70.0,5000,154.0,1,30.42,0.03,0,0.0,0.0,45,-,Belum ditandai,unset
2026-05-31T22:32:30.168,709979,159,0.12666666666666665,0.18913333333333335,0.0,70.0,5000,154.0,1,30.42,0.03,0,0.0,0.0,45,-,Belum ditandai,unset
2026-05-31T22:32:30.727,710546,157,0.1272,0.18966666666666668,0.0,70.0,5000,154.0,1,30.41,0.03,0,0.0,0.0,45,-,Belum ditandai,unset
2026-05-31T22:32:31.222,711066,158,0.1272,0.18966666666666668,0.0,70.0,5000,154.0,1,30.41,0.03,0,0.0,0.0,45,-,Belum ditandai,unset
2026-05-31T22:32:31.725,711583,162,0.1274,0.1896,0.0,70.0,5000,154.0,1,30.41,0.03,0,0.0,0.0,45,-,Belum ditandai,unset
2026-05-31T22:32:32.290,712103,159,0.1278,0.19039999999999999,0.0,70.0,5000,154.0,1,30.41,0.03,0,0.0,0.0,45,-,Belum ditandai,unset
2026-05-31T22:32:32.853,712670,161,0.128,0.19073333333333334,0.0,70.0,5000,154.0,1,30.42,0.03,0,0.0,0.0,45,-,Belum ditandai,unset
2026-05-31T22:32:33.353,713190,160,0.12793333333333334,0.19093333333333332,0.0,70.0,5000,154.0,1,30.42,0.03,0,0.0,0.0,45,-,Belum ditandai,unset
2026-05-31T22:32:33.850,713707,159,0.12786666666666668,0.19086666666666666,0.0,70.0,5000,154.0,1,30.42,0.03,0,0.0,0.0,45,-,Belum ditandai,unset
2026-05-31T22:32:34.409,714227,158,0.12766666666666668,0.19053333333333333,0.0,70.0,5000,154.0,1,30.42,0.03,0,0.0,0.0,45,-,Belum ditandai,unset
2026-05-31T22:32:34.970,714794,160,0.1278,0.19053333333333333,0.0,70.0,5000,154.0,1,30.41,0.03,0,0.0,0.0,45,-,Belum ditandai,unset
2026-05-31T22:32:35.470,715314,158,0.12753333333333333,0.18986666666666666,0.0,70.0,5000,154.0,1,30.41,0.03,0,0.0,0.0,45,-,Belum ditandai,unset
2026-05-31T22:32:35.969,715831,157,0.12760000000000002,0.18993333333333334,0.0,70.0,5000,154.0,1,30.4,0.03,0,0.0,0.0,45,-,Belum ditandai,unset
2026-05-31T22:32:36.532,716397,158,0.12733333333333335,0.1898,0.0,70.0,5000,154.0,1,30.41,0.03,0,0.0,0.0,45,-,Belum ditandai,unset
2026-05-31T22:32:37.093,716918,159,0.12733333333333335,0.1902,0.0,70.0,5000,154.0,1,30.41,0.03,0,0.0,0.0,45,-,Belum ditandai,unset
2026-05-31T22:32:37.591,717435,158,0.12733333333333335,0.19033333333333333,0.0,70.0,5000,154.0,1,30.41,0.03,0,0.0,0.0,45,-,Belum ditandai,unset
2026-05-31T22:32:38.094,717955,157,0.1270666666666667,0.1894,0.0,70.0,5000,154.0,1,30.41,0.03,0,0.0,0.0,45,-,Belum ditandai,unset
2026-05-31T22:32:38.593,718417,156,0.127,0.18906666666666666,0.0,70.0,5000,154.0,1,30.41,0.03,0,0.0,0.0,45,-,Belum ditandai,unset
2026-05-31T22:32:39.092,718938,159,0.12693333333333331,0.18873333333333334,0.0,70.0,5000,154.0,1,30.41,0.03,0,0.0,0.0,45,-,Belum ditandai,unset
2026-05-31T22:32:39.593,719455,160,0.12753333333333333,0.18973333333333334,0.0,70.0,5000,154.0,1,30.41,0.03,0,0.0,0.0,45,-,Belum ditandai,unset
2026-05-31T22:32:40.091,719975,159,0.12746666666666667,0.1898,0.0,70.0,5000,154.0,1,30.41,0.03,0,0.0,0.0,45,-,Belum ditandai,unset
2026-05-31T22:32:40.589,720437,159,0.12746666666666667,0.18993333333333334,0.0,70.0,5000,154.0,1,30.41,0.03,0,0.0,0.0,45,-,Belum ditandai,unset
2026-05-31T22:32:41.216,721062,158,0.1270666666666667,0.18966666666666668,0.0,70.0,5000,154.0,1,30.41,0.03,0,0.0,0.0,45,-,Belum ditandai,unset
2026-05-31T22:32:41.837,721683,157,0.12673333333333334,0.18906666666666666,0.0,70.0,5000,154.0,1,30.42,0.03,0,0.0,0.0,45,-,Belum ditandai,unset
2026-05-31T22:32:42.335,722203,159,0.12686666666666666,0.1892,0.0,70.0,5000,154.0,1,30.42,0.03,0,0.0,0.0,45,-,Belum ditandai,unset
2026-05-31T22:32:42.898,722770,153,0.127,0.1892,0.0,70.0,5000,154.0,1,30.41,0.03,0,0.0,0.0,45,-,Belum ditandai,unset
2026-05-31T22:32:43.395,723290,159,0.12753333333333333,0.19013333333333332,0.0,70.0,5000,154.0,1,30.41,0.03,0,0.0,0.0,45,-,Belum ditandai,unset
2026-05-31T22:32:43.954,723807,158,0.1274,0.18973333333333334,0.0,70.0,5000,154.0,1,30.41,0.03,0,0.0,0.0,45,-,Belum ditandai,unset
2026-05-31T22:32:44.460,724327,158,0.12766666666666668,0.19013333333333332,0.0,70.0,5000,154.0,1,30.41,0.03,0,0.0,0.0,45,-,Belum ditandai,unset
2026-05-31T22:32:45.021,724894,158,0.12766666666666668,0.19,0.0,70.0,5000,154.0,1,30.4,0.03,0,0.0,0.0,45,-,Belum ditandai,unset
2026-05-31T22:32:45.521,725414,157,0.128,0.1906,0.0,70.0,5000,154.0,1,30.4,0.03,0,0.0,0.0,45,-,Belum ditandai,unset
2026-05-31T22:32:46.023,725931,157,0.12746666666666667,0.18966666666666668,0.0,70.0,5000,154.0,1,30.41,0.03,0,0.0,0.0,45,-,Belum ditandai,unset
2026-05-31T22:32:46.584,726497,159,0.12773333333333334,0.1902,0.0,70.0,5000,154.0,1,30.41,0.03,0,0.0,0.0,45,-,Belum ditandai,unset
2026-05-31T22:32:47.143,727018,156,0.12753333333333333,0.18986666666666666,0.0,70.0,5000,154.0,1,30.41,0.03,0,0.0,0.0,45,-,Belum ditandai,unset
2026-05-31T22:32:47.645,727535,158,0.12760000000000002,0.19033333333333333,0.0,70.0,5000,154.0,1,30.4,0.03,0,0.0,0.0,45,-,Belum ditandai,unset
2026-05-31T22:32:48.143,728055,159,0.12773333333333334,0.19046666666666667,0.0,70.0,5000,154.0,1,30.4,0.03,0,0.0,0.0,45,-,Belum ditandai,unset
2026-05-31T22:32:48.641,728517,160,0.1282,0.19106666666666666,0.0,70.0,5000,154.0,1,30.41,0.03,0,0.0,0.0,45,-,Belum ditandai,unset
2026-05-31T22:32:49.140,729038,159,0.12866666666666668,0.19153333333333336,0.0,70.0,5000,154.0,1,30.41,0.03,0,0.0,0.0,45,-,Belum ditandai,unset
2026-05-31T22:32:49.639,729555,158,0.12840000000000001,0.19126666666666667,0.0,70.0,5000,154.0,1,30.41,0.03,0,0.0,0.0,45,-,Belum ditandai,unset
2026-05-31T22:32:50.198,730075,156,0.12793333333333334,0.19066666666666665,0.0,70.0,5000,154.0,1,30.41,0.03,0,0.0,0.0,45,-,Belum ditandai,unset
2026-05-31T22:32:50.742,730642,159,0.12733333333333335,0.18993333333333334,0.0,70.0,5000,154.0,1,30.41,0.03,0,0.0,0.0,45,-,Belum ditandai,unset
2026-05-31T22:32:51.240,731162,157,0.12726666666666667,0.18946666666666667,0.0,70.0,5000,154.0,1,30.41,0.03,0,0.0,0.0,45,-,Belum ditandai,unset
2026-05-31T22:32:51.804,731680,160,0.1274,0.1896,0.0,70.0,5000,154.0,1,30.42,0.03,0,0.0,0.0,45,-,Belum ditandai,unset
2026-05-31T22:32:52.303,732200,158,0.12766666666666668,0.19,0.0,70.0,5000,154.0,1,30.42,0.03,0,0.0,0.0,45,-,Belum ditandai,unset
2026-05-31T22:32:52.860,732756,158,0.128,0.19073333333333334,0.0,70.0,5000,154.0,1,30.42,0.03,0,0.0,0.0,45,-,Belum ditandai,unset
2026-05-31T22:32:53.360,733276,159,0.12793333333333334,0.1908,0.0,70.0,5000,154.0,1,30.42,0.03,0,0.0,0.0,45,-,Belum ditandai,unset
2026-05-31T22:32:53.861,733794,158,0.12786666666666668,0.19086666666666666,0.0,70.0,5000,154.0,1,30.42,0.03,0,0.0,0.0,45,-,Belum ditandai,unset
2026-05-31T22:32:54.420,734314,159,0.12786666666666668,0.19086666666666666,0.0,70.0,5000,154.0,1,30.42,0.03,0,0.0,0.0,45,-,Belum ditandai,unset
2026-05-31T22:32:54.979,734870,159,0.1278,0.1908,0.0,70.0,5000,154.0,1,30.42,0.03,0,0.0,0.0,45,-,Belum ditandai,unset
2026-05-31T22:32:55.479,735390,160,0.12833333333333333,0.19133333333333333,0.0,70.0,5000,154.0,1,30.42,0.03,0,0.0,0.0,45,-,Belum ditandai,unset
2026-05-31T22:32:55.984,735908,160,0.1282,0.19106666666666666,0.0,70.0,5000,154.0,1,30.42,0.03,0,0.0,0.0,45,-,Belum ditandai,unset
2026-05-31T22:32:56.484,736428,156,0.12746666666666667,0.1898,0.0,70.0,5000,154.0,1,30.42,0.03,0,0.0,0.0,45,-,Belum ditandai,unset
2026-05-31T22:32:56.984,736880,159,0.12726666666666667,0.1896,0.0,70.0,5000,154.0,1,30.41,0.03,0,0.0,0.0,45,-,Belum ditandai,unset
2026-05-31T22:32:57.483,737400,158,0.12726666666666667,0.18973333333333334,0.0,70.0,5000,154.0,1,30.41,0.03,0,0.0,0.0,45,-,Belum ditandai,unset
2026-05-31T22:32:57.981,737918,159,0.12773333333333334,0.19046666666666667,0.0,70.0,5000,154.0,1,30.41,0.03,0,0.0,0.0,45,-,Belum ditandai,unset
2026-05-31T22:32:58.664,738578,159,0.128,0.19086666666666666,0.0,70.0,5000,154.0,1,30.42,0.03,0,0.0,0.0,45,-,Belum ditandai,unset
2026-05-31T22:32:59.163,739098,159,0.12806666666666666,0.19106666666666666,0.0,70.0,5000,154.0,1,30.42,0.03,0,0.0,0.0,45,-,Belum ditandai,unset
2026-05-31T22:32:59.663,739616,159,0.12826666666666667,0.19126666666666667,0.0,70.0,5000,154.0,1,30.42,0.03,0,0.0,0.0,45,-,Belum ditandai,unset
2026-05-31T22:33:00.221,740136,158,0.12786666666666668,0.19086666666666666,0.0,70.0,5000,154.0,1,30.42,0.03,0,0.0,0.0,45,-,Belum ditandai,unset
2026-05-31T22:33:00.722,740693,158,0.12793333333333334,0.19093333333333332,0.0,70.0,5000,154.0,1,30.4,0.03,0,0.0,0.0,45,-,Belum ditandai,unset
2026-05-31T22:33:01.280,741213,158,0.12746666666666667,0.19033333333333333,0.0,70.0,5000,154.0,1,30.4,0.03,0,0.0,0.0,45,-,Belum ditandai,unset
2026-05-31T22:33:01.780,741730,158,0.12766666666666668,0.19039999999999999,0.0,70.0,5000,154.0,1,30.41,0.03,0,0.0,0.0,45,-,Belum ditandai,unset
2026-05-31T22:33:02.282,742250,158,0.12753333333333333,0.19013333333333332,0.0,70.0,5000,154.0,1,30.41,0.03,0,0.0,0.0,45,-,Belum ditandai,unset
2026-05-31T22:33:02.778,742713,160,0.12766666666666668,0.19026666666666667,0.0,70.0,5000,154.0,1,30.42,0.03,0,0.0,0.0,45,-,Belum ditandai,unset
2026-05-31T22:33:03.277,743233,160,0.12746666666666667,0.1902,0.0,70.0,5000,154.0,1,30.42,0.03,0,0.0,0.0,45,-,Belum ditandai,unset
2026-05-31T22:33:03.900,743854,161,0.12760000000000002,0.1902,0.0,70.0,5000,154.0,1,30.42,0.03,0,0.0,0.0,45,-,Belum ditandai,unset
2026-05-31T22:33:04.398,744374,158,0.12766666666666668,0.19026666666666667,0.0,70.0,5000,154.0,1,30.42,0.03,0,0.0,0.0,45,-,Belum ditandai,unset
2026-05-31T22:33:04.900,744842,159,0.12766666666666668,0.19,0.0,70.0,5000,154.0,1,30.42,0.03,0,0.0,0.0,45,-,Belum ditandai,unset
2026-05-31T22:33:05.400,745362,159,0.12773333333333334,0.19033333333333333,0.0,70.0,5000,154.0,1,30.42,0.03,0,0.0,0.0,45,-,Belum ditandai,unset
2026-05-31T22:33:05.897,745884,158,0.12753333333333333,0.19026666666666667,0.0,70.0,5000,154.0,1,30.42,0.03,0,0.0,0.0,45,-,Belum ditandai,unset
2026-05-31T22:33:06.460,746404,159,0.12746666666666667,0.1902,0.0,70.0,5000,154.0,1,30.42,0.03,0,0.0,0.0,45,-,Belum ditandai,unset
2026-05-31T22:33:07.023,746961,159,0.12733333333333335,0.1898,0.0,70.0,5000,154.0,1,30.43,0.03,0,0.0,0.0,45,-,Belum ditandai,unset
2026-05-31T22:33:07.523,747481,158,0.1274,0.18986666666666666,0.0,70.0,5000,154.0,1,30.43,0.03,0,0.0,0.0,45,-,Belum ditandai,unset
2026-05-31T22:33:08.023,747998,158,0.12753333333333333,0.19013333333333332,0.0,70.0,5000,154.0,1,30.44,0.03,0,0.0,0.0,45,-,Belum ditandai,unset
2026-05-31T22:33:08.521,748518,159,0.12786666666666668,0.1906,0.0,70.0,5000,154.0,1,30.44,0.03,0,0.0,0.0,45,-,Belum ditandai,unset
2026-05-31T22:33:09.022,748981,161,0.12840000000000001,0.19113333333333332,0.0,70.0,5000,154.0,1,30.43,0.03,0,0.0,0.0,45,-,Belum ditandai,unset
2026-05-31T22:33:09.521,749501,159,0.12846666666666667,0.19119999999999998,0.0,70.0,5000,154.0,1,30.43,0.03,0,0.0,0.0,45,-,Belum ditandai,unset
2026-05-31T22:33:10.020,750023,159,0.12833333333333333,0.19119999999999998,0.0,70.0,5000,154.0,1,30.42,0.03,0,0.0,0.0,45,-,Belum ditandai,unset
2026-05-31T22:33:10.587,750543,161,0.12766666666666668,0.19013333333333332,0.0,70.0,5000,154.0,1,30.42,0.03,0,0.0,0.0,45,-,Belum ditandai,unset
2026-05-31T22:33:11.086,751095,158,0.12766666666666668,0.19026666666666667,0.0,70.0,5000,154.0,1,30.42,0.03,0,0.0,0.0,45,-,Belum ditandai,unset
2026-05-31T22:33:11.646,751615,158,0.12753333333333333,0.19013333333333332,0.0,70.0,5000,154.0,1,30.42,0.03,0,0.0,0.0,45,-,Belum ditandai,unset
2026-05-31T22:33:12.145,752132,159,0.12733333333333335,0.19006666666666666,0.0,70.0,5000,154.0,1,30.42,0.03,0,0.0,0.0,45,-,Belum ditandai,unset
2026-05-31T22:33:12.703,752698,160,0.1278,0.19053333333333333,0.0,70.0,5000,154.0,1,30.43,0.03,0,0.0,0.0,45,-,Belum ditandai,unset
2026-05-31T22:33:13.205,753219,157,0.128,0.19046666666666667,0.0,70.0,5000,154.0,1,30.43,0.03,0,0.0,0.0,45,-,Belum ditandai,unset
2026-05-31T22:33:13.770,753736,165,0.12840000000000001,0.19106666666666666,0.0,70.0,5000,154.0,1,30.42,0.03,0,0.0,0.0,45,-,Belum ditandai,unset
2026-05-31T22:33:14.272,754256,158,0.12793333333333334,0.19046666666666667,0.0,70.0,5000,154.0,1,30.42,0.03,0,0.0,0.0,45,-,Belum ditandai,unset
2026-05-31T22:33:14.837,754823,159,0.12806666666666666,0.19086666666666666,0.0,70.0,5000,154.0,1,30.42,0.03,0,0.0,0.0,45,-,Belum ditandai,unset
2026-05-31T22:33:15.337,755343,158,0.128,0.19086666666666666,0.0,70.0,5000,154.0,1,30.42,0.03,0,0.0,0.0,45,-,Belum ditandai,unset
2026-05-31T22:33:15.837,755860,161,0.12813333333333335,0.19113333333333332,0.0,70.0,5000,154.0,1,30.43,0.03,0,0.0,0.0,45,-,Belum ditandai,unset
2026-05-31T22:33:16.399,756380,158,0.12793333333333334,0.19093333333333332,0.0,70.0,5000,154.0,1,30.43,0.03,0,0.0,0.0,45,-,Belum ditandai,unset
2026-05-31T22:33:16.959,756947,158,0.12826666666666667,0.19126666666666667,0.0,70.0,5000,154.0,1,30.42,0.03,0,0.0,0.0,45,-,Belum ditandai,unset
2026-05-31T22:33:17.456,757467,159,0.1278,0.19066666666666665,0.0,70.0,5000,154.0,1,30.42,0.03,0,0.0,0.0,45,-,Belum ditandai,unset
2026-05-31T22:33:17.958,757984,159,0.1278,0.19053333333333333,0.0,70.0,5000,154.0,1,30.42,0.03,0,0.0,0.0,45,-,Belum ditandai,unset
2026-05-31T22:33:18.520,758504,158,0.1274,0.19,0.0,70.0,5000,154.0,1,30.42,0.03,0,0.0,0.0,45,-,Belum ditandai,unset
2026-05-31T22:33:19.082,759071,159,0.12766666666666668,0.19039999999999999,0.0,70.0,5000,154.0,1,30.41,0.03,0,0.0,0.0,45,-,Belum ditandai,unset
2026-05-31T22:33:19.581,759591,158,0.12766666666666668,0.19053333333333333,0.0,70.0,5000,154.0,1,30.41,0.03,0,0.0,0.0,45,-,Belum ditandai,unset
2026-05-31T22:33:20.082,760108,160,0.12773333333333334,0.19073333333333334,0.0,70.0,5000,154.0,1,30.41,0.03,0,0.0,0.0,45,-,Belum ditandai,unset
2026-05-31T22:33:20.581,760628,158,0.12773333333333334,0.1906,0.0,70.0,5000,154.0,1,30.41,0.03,0,0.0,0.0,45,-,Belum ditandai,unset
2026-05-31T22:33:21.080,761091,158,0.12760000000000002,0.19033333333333333,0.0,70.0,5000,154.0,1,30.37,0.03,0,0.0,0.0,45,-,Belum ditandai,unset
2026-05-31T22:33:21.580,761611,158,0.12766666666666668,0.19053333333333333,0.0,70.0,5000,154.0,1,30.37,0.03,0,0.0,0.0,45,-,Belum ditandai,unset
2026-05-31T22:33:22.079,762128,158,0.12766666666666668,0.19066666666666665,0.0,70.0,5000,154.0,1,32.32,0.031,0,0.0,0.0,45,-,Belum ditandai,unset
2026-05-31T22:33:22.642,762648,158,0.12760000000000002,0.1906,0.0,70.0,5000,154.0,1,32.32,0.031,0,0.0,0.0,45,-,Belum ditandai,unset
2026-05-31T22:33:23.202,763215,161,0.12766666666666668,0.19039999999999999,0.0,70.0,5000,154.0,1,36.23,0.032,1,0.862,0.0,45,-,Belum ditandai,unset
2026-05-31T22:33:23.699,763735,159,0.1278,0.19039999999999999,0.0,70.0,5000,154.0,1,36.23,0.032,1,0.862,0.0,45,-,Belum ditandai,unset
2026-05-31T22:33:24.325,764356,157,0.12773333333333334,0.18993333333333334,0.0,70.0,5000,154.0,1,42.28,0.034,1,0.695,0.0,45,-,Belum ditandai,unset
2026-05-31T22:33:24.885,764922,159,0.12726666666666667,0.1892,0.0,70.0,5000,154.0,1,48.94,0.036,1,0.567,0.0,45,-,Belum ditandai,unset
2026-05-31T22:33:25.385,765442,157,0.1270666666666667,0.189,0.0,70.0,5000,154.0,1,48.94,0.036,1,0.567,0.0,45,-,Belum ditandai,unset
2026-05-31T22:33:25.944,765959,159,0.12713333333333335,0.1892,0.0,70.0,5000,154.0,1,49.28,0.036,1,0.563,0.0,45,-,Belum ditandai,unset
2026-05-31T22:33:26.443,766479,158,0.12746666666666667,0.18993333333333334,0.0,70.0,5000,154.0,1,49.28,0.036,1,0.563,0.0,45,-,Belum ditandai,unset
2026-05-31T22:33:27.007,767046,160,0.1274,0.18973333333333334,0.0,70.0,5000,154.0,1,49.28,0.036,1,0.563,0.0,45,-,Belum ditandai,unset
2026-05-31T22:33:27.509,767566,156,0.1278,0.19026666666666667,0.0,70.0,5000,154.0,1,49.28,0.036,1,0.563,0.0,45,-,Belum ditandai,unset
2026-05-31T22:33:28.007,768083,160,0.12686666666666666,0.18886666666666668,0.0,70.0,5000,154.0,1,49.28,0.036,1,0.563,0.0,45,-,Belum ditandai,unset
2026-05-31T22:33:28.570,768603,157,0.12713333333333335,0.18913333333333335,0.0,70.0,5000,154.0,1,49.28,0.036,1,0.563,0.0,45,-,Belum ditandai,unset
2026-05-31T22:33:29.130,769170,157,0.1266,0.1882,0.0,70.0,5000,154.0,1,49.27,0.036,1,0.563,0.0,45,-,Belum ditandai,unset
2026-05-31T22:33:29.631,769690,157,0.12713333333333335,0.1888,0.0,70.0,5000,154.0,1,49.27,0.036,1,0.563,0.0,45,-,Belum ditandai,unset
2026-05-31T22:33:30.130,770207,158,0.1268,0.18833333333333335,0.0,70.0,5000,154.0,1,49.29,0.036,1,0.563,0.0,45,-,Belum ditandai,unset
2026-05-31T22:33:30.690,770727,157,0.12666666666666665,0.18833333333333335,0.0,70.0,5000,154.0,1,49.29,0.036,1,0.563,0.0,45,-,Belum ditandai,unset
2026-05-31T22:33:31.252,771294,157,0.1268,0.18860000000000002,0.0,70.0,5000,154.0,1,49.29,0.036,1,0.563,0.0,45,-,Belum ditandai,unset
2026-05-31T22:33:31.751,771814,159,0.127,0.18893333333333334,0.0,70.0,5000,154.0,1,49.29,0.036,1,0.563,0.0,45,-,Belum ditandai,unset
2026-05-31T22:33:32.251,772331,156,0.12713333333333335,0.1892,0.0,70.0,5000,154.0,1,49.28,0.036,1,0.563,0.0,45,-,Belum ditandai,unset
2026-05-31T22:33:32.811,772897,157,0.12726666666666667,0.18933333333333333,0.0,70.0,5000,154.0,1,49.29,0.036,1,0.563,0.0,45,-,Belum ditandai,unset
2026-05-31T22:33:33.375,773418,158,0.1270666666666667,0.18926666666666667,0.0,70.0,5000,154.0,1,49.29,0.036,1,0.563,0.0,45,-,Belum ditandai,unset
2026-05-31T22:33:33.874,773935,158,0.12733333333333335,0.18966666666666668,0.0,70.0,5000,154.0,1,49.29,0.036,1,0.563,0.0,45,-,Belum ditandai,unset
2026-05-31T22:33:34.375,774455,159,0.12693333333333331,0.18913333333333335,0.0,70.0,5000,154.0,1,49.29,0.036,1,0.563,0.0,45,-,Belum ditandai,unset
2026-05-31T22:33:34.935,775022,154,0.12633333333333333,0.188,0.0,70.0,5000,154.0,1,49.3,0.036,1,0.563,0.0,45,-,Belum ditandai,unset
2026-05-31T22:33:35.556,775646,155,0.12626666666666667,0.18793333333333334,0.0,70.0,5000,154.0,1,49.3,0.036,1,0.563,0.0,45,-,Belum ditandai,unset
2026-05-31T22:33:36.181,776267,156,0.12653333333333333,0.18846666666666667,0.0,70.0,5000,154.0,1,49.3,0.036,1,0.563,0.0,45,-,Belum ditandai,unset
2026-05-31T22:33:36.680,776787,157,0.12626666666666667,0.1880666666666667,0.0,70.0,5000,154.0,1,49.3,0.036,1,0.563,0.0,45,-,Belum ditandai,unset
2026-05-31T22:33:37.180,777250,155,0.12653333333333333,0.18846666666666667,0.0,70.0,5000,154.0,1,49.3,0.036,1,0.563,0.0,45,-,Belum ditandai,unset
2026-05-31T22:33:37.678,777770,156,0.12626666666666667,0.18766666666666668,0.0,70.0,5000,154.0,1,49.3,0.036,1,0.563,0.0,45,-,Belum ditandai,unset
2026-05-31T22:33:38.180,778287,157,0.12686666666666666,0.18826666666666667,0.0,70.0,5000,154.0,1,49.3,0.036,1,0.563,0.0,45,-,Belum ditandai,unset
2026-05-31T22:33:38.745,778807,157,0.12666666666666665,0.1880666666666667,0.0,70.0,5000,154.0,1,49.3,0.036,1,0.563,0.0,45,-,Belum ditandai,unset
2026-05-31T22:33:39.305,779373,158,0.1268,0.18860000000000002,0.0,70.0,5000,154.0,1,49.29,0.036,1,0.563,0.0,45,-,Belum ditandai,unset
2026-05-31T22:33:39.801,779893,158,0.1270666666666667,0.18913333333333335,0.0,70.0,5000,154.0,1,49.29,0.036,1,0.563,0.0,45,-,Belum ditandai,unset
2026-05-31T22:33:40.302,780410,156,0.12693333333333331,0.18886666666666668,0.0,70.0,5000,154.0,1,49.3,0.036,1,0.563,0.0,45,-,Belum ditandai,unset
2026-05-31T22:33:40.865,780976,158,0.127,0.18893333333333334,0.0,70.0,5000,154.0,1,49.3,0.036,1,0.563,0.0,45,-,Belum ditandai,unset
2026-05-31T22:33:41.365,781497,157,0.12673333333333334,0.1884,0.0,70.0,5000,154.0,1,49.3,0.036,1,0.563,0.0,45,-,Belum ditandai,unset
2026-05-31T22:33:41.924,782014,157,0.12686666666666666,0.18866666666666668,0.0,70.0,5000,154.0,1,49.3,0.036,1,0.563,0.0,45,-,Belum ditandai,unset
2026-05-31T22:33:42.423,782534,158,0.12686666666666666,0.18866666666666668,0.0,70.0,5000,154.0,1,49.3,0.036,1,0.563,0.0,45,-,Belum ditandai,unset
2026-05-31T22:33:42.983,783101,156,0.127,0.1888,0.0,70.0,5000,154.0,1,49.28,0.036,1,0.563,0.0,45,-,Belum ditandai,unset
2026-05-31T22:33:43.481,783621,156,0.12693333333333331,0.18873333333333334,0.0,70.0,5000,154.0,1,49.28,0.036,1,0.563,0.0,45,-,Belum ditandai,unset
2026-05-31T22:33:44.041,784138,158,0.12666666666666665,0.1882,0.0,70.0,5000,154.0,1,49.29,0.036,1,0.563,0.0,45,-,Belum ditandai,unset
2026-05-31T22:33:44.540,784658,157,0.12666666666666665,0.1880666666666667,0.0,70.0,5000,154.0,1,49.29,0.036,1,0.563,0.0,45,-,Belum ditandai,unset
2026-05-31T22:33:45.102,785225,156,0.1268,0.18833333333333335,0.0,70.0,5000,154.0,1,49.28,0.036,1,0.563,0.0,45,-,Belum ditandai,unset
2026-05-31T22:33:45.602,785745,157,0.12673333333333334,0.18826666666666667,0.0,70.0,5000,154.0,1,49.28,0.036,1,0.563,0.0,45,-,Belum ditandai,unset
2026-05-31T22:33:46.162,786262,156,0.12646666666666667,0.18813333333333335,0.0,70.0,5000,154.0,1,49.29,0.036,1,0.563,0.0,45,-,Belum ditandai,unset
2026-05-31T22:33:46.664,786782,157,0.12646666666666667,0.18786666666666668,0.0,70.0,5000,154.0,1,49.29,0.036,1,0.563,0.0,45,-,Belum ditandai,unset
2026-05-31T22:33:47.222,787348,158,0.12673333333333334,0.18826666666666667,0.0,70.0,5000,154.0,1,49.3,0.036,1,0.563,0.0,45,-,Belum ditandai,unset
2026-05-31T22:33:47.720,787868,158,0.1270666666666667,0.18886666666666668,0.0,70.0,5000,154.0,1,49.3,0.036,1,0.563,0.0,45,-,Belum ditandai,unset
2026-05-31T22:33:48.286,788386,160,0.12733333333333335,0.1894,0.0,70.0,5000,154.0,1,49.3,0.036,1,0.563,0.0,45,-,Belum ditandai,unset
2026-05-31T22:33:48.780,788906,158,0.12733333333333335,0.1894,0.0,70.0,5000,154.0,1,49.3,0.036,1,0.563,0.0,45,-,Belum ditandai,unset
2026-05-31T22:33:49.342,789462,158,0.12746666666666667,0.1898,0.0,70.0,5000,154.0,1,49.25,0.036,1,0.564,0.0,45,-,Belum ditandai,unset
2026-05-31T22:33:49.839,789982,156,0.12713333333333335,0.18933333333333333,0.0,70.0,5000,154.0,1,49.25,0.036,1,0.564,0.0,45,-,Belum ditandai,unset
2026-05-31T22:33:50.463,790603,157,0.12713333333333335,0.18933333333333333,0.0,70.0,5000,154.0,1,49.25,0.036,1,0.564,0.0,45,-,Belum ditandai,unset
2026-05-31T22:33:51.025,791170,157,0.1268,0.18846666666666667,0.0,70.0,5000,154.0,1,49.26,0.036,1,0.563,0.0,45,-,Belum ditandai,unset
2026-05-31T22:33:51.525,791690,155,0.12653333333333333,0.1882,0.0,70.0,5000,154.0,1,49.26,0.036,1,0.563,0.0,45,-,Belum ditandai,unset
2026-05-31T22:33:52.085,792207,156,0.12613333333333332,0.18766666666666668,0.0,70.0,5000,154.0,1,49.26,0.036,1,0.563,0.0,45,-,Belum ditandai,unset
2026-05-31T22:33:52.584,792727,158,0.12633333333333333,0.18826666666666667,0.0,70.0,5000,154.0,1,49.26,0.036,1,0.563,0.0,45,-,Belum ditandai,unset
2026-05-31T22:33:53.145,793294,158,0.1266,0.18866666666666668,0.0,70.0,5000,154.0,1,49.26,0.036,1,0.563,0.0,45,-,Belum ditandai,unset
2026-05-31T22:33:53.641,793814,158,0.12686666666666666,0.1892,0.0,70.0,5000,154.0,1,49.26,0.036,1,0.563,0.0,45,-,Belum ditandai,unset
2026-05-31T22:33:54.206,794331,158,0.12666666666666665,0.18873333333333334,0.0,70.0,5000,154.0,1,49.26,0.036,1,0.563,0.0,45,-,Belum ditandai,unset
2026-05-31T22:33:54.705,794851,158,0.12646666666666667,0.18853333333333333,0.0,70.0,5000,154.0,1,49.26,0.036,1,0.563,0.0,45,-,Belum ditandai,unset
2026-05-31T22:33:55.268,795418,159,0.12686666666666666,0.18906666666666666,0.0,70.0,5000,154.0,1,49.28,0.036,1,0.563,0.0,45,-,Belum ditandai,unset
2026-05-31T22:33:55.767,795938,157,0.12639999999999998,0.1884,0.0,70.0,5000,154.0,1,49.28,0.036,1,0.563,0.0,45,-,Belum ditandai,unset
2026-05-31T22:33:56.266,796455,157,0.12673333333333334,0.18860000000000002,0.0,70.0,5000,154.0,1,49.27,0.036,1,0.563,0.0,45,-,Belum ditandai,unset
2026-05-31T22:33:56.826,796975,156,0.12613333333333332,0.18760000000000002,0.0,70.0,5000,154.0,1,49.27,0.036,1,0.563,0.0,45,-,Belum ditandai,unset
2026-05-31T22:33:57.388,797542,157,0.1268,0.18833333333333335,0.0,70.0,5000,154.0,1,49.28,0.036,1,0.563,0.0,45,-,Belum ditandai,unset
2026-05-31T22:33:58.012,798163,158,0.1266,0.18813333333333335,0.0,70.0,5000,154.0,1,49.28,0.036,1,0.563,0.0,45,-,Belum ditandai,unset
2026-05-31T22:33:58.512,798683,157,0.12673333333333334,0.18826666666666667,0.0,70.0,5000,154.0,1,49.28,0.036,1,0.563,0.0,45,-,Belum ditandai,unset
2026-05-31T22:33:59.088,799250,157,0.12673333333333334,0.1884,0.0,70.0,5000,154.0,1,49.28,0.036,1,0.563,0.0,45,-,Belum ditandai,unset
2026-05-31T22:33:59.586,799770,156,0.12666666666666665,0.1882,0.0,70.0,5000,154.0,1,49.28,0.036,1,0.563,0.0,45,-,Belum ditandai,unset
2026-05-31T22:34:00.084,800287,159,0.1268,0.18846666666666667,0.0,70.0,5000,154.0,1,49.27,0.036,1,0.563,0.0,45,-,Belum ditandai,unset
2026-05-31T22:34:00.647,800807,157,0.1266,0.18826666666666667,0.0,70.0,5000,154.0,1,49.27,0.036,1,0.563,0.0,45,-,Belum ditandai,unset
2026-05-31T22:34:01.210,801374,160,0.1268,0.18873333333333334,0.0,70.0,5000,154.0,1,49.28,0.036,1,0.563,0.0,45,-,Belum ditandai,unset
2026-05-31T22:34:01.709,801894,159,0.12733333333333335,0.18953333333333333,0.0,70.0,5000,154.0,1,49.28,0.036,1,0.563,0.0,45,-,Belum ditandai,unset
2026-05-31T22:34:02.207,802411,158,0.127,0.18926666666666667,0.0,70.0,5000,154.0,1,49.26,0.036,1,0.563,0.0,45,-,Belum ditandai,unset
2026-05-31T22:34:02.768,802931,159,0.1266,0.18860000000000002,0.0,70.0,5000,154.0,1,49.26,0.036,1,0.563,0.0,45,-,Belum ditandai,unset
2026-05-31T22:34:03.332,803498,158,0.1262,0.1882,0.0,70.0,5000,154.0,1,49.26,0.036,1,0.563,0.0,45,-,Belum ditandai,unset
2026-05-31T22:34:03.826,804018,153,0.12646666666666667,0.18826666666666667,0.0,70.0,5000,154.0,1,49.26,0.036,1,0.563,0.0,45,-,Belum ditandai,unset
2026-05-31T22:34:04.325,804535,156,0.12686666666666666,0.1888,0.0,70.0,5000,154.0,1,49.25,0.036,1,0.564,0.0,45,-,Belum ditandai,unset
2026-05-31T22:34:04.888,805055,156,0.12666666666666665,0.18833333333333335,0.0,70.0,5000,154.0,1,49.25,0.036,1,0.564,0.0,45,-,Belum ditandai,unset
2026-05-31T22:34:05.391,805622,156,0.12673333333333334,0.18826666666666667,0.0,70.0,5000,154.0,1,49.28,0.036,1,0.563,0.0,45,-,Belum ditandai,unset
2026-05-31T22:34:05.949,806142,159,0.127,0.18866666666666668,0.0,70.0,5000,154.0,1,49.28,0.036,1,0.563,0.0,45,-,Belum ditandai,unset
2026-05-31T22:34:06.570,806763,159,0.1272,0.18913333333333335,0.0,70.0,5000,154.0,1,49.27,0.036,1,0.563,0.0,45,-,Belum ditandai,unset
2026-05-31T22:34:07.131,807330,157,0.12746666666666667,0.1898,0.0,70.0,5000,154.0,1,49.28,0.036,1,0.563,0.0,45,-,Belum ditandai,unset
2026-05-31T22:34:07.753,807954,159,0.12693333333333331,0.18873333333333334,0.0,70.0,5000,154.0,1,49.28,0.036,1,0.563,0.0,45,-,Belum ditandai,unset
2026-05-31T22:34:08.247,808471,157,0.12726666666666667,0.1892,0.0,70.0,5000,154.0,1,49.28,0.036,1,0.563,0.0,45,-,Belum ditandai,unset
2026-05-31T22:34:08.807,808991,158,0.1268,0.18860000000000002,0.0,70.0,5000,154.0,1,49.28,0.036,1,0.563,0.0,45,-,Belum ditandai,unset
2026-05-31T22:34:09.368,809558,161,0.12713333333333335,0.1892,0.0,70.0,5000,154.0,1,49.28,0.036,1,0.563,0.0,45,-,Belum ditandai,unset
2026-05-31T22:34:09.868,810078,156,0.12673333333333334,0.18866666666666668,0.0,70.0,5000,154.0,1,49.28,0.036,1,0.563,0.0,45,-,Belum ditandai,unset
2026-05-31T22:34:10.362,810595,159,0.1270666666666667,0.1894,0.0,70.0,5000,154.0,1,49.28,0.036,1,0.563,0.0,45,-,Belum ditandai,unset
2026-05-31T22:34:10.863,811115,158,0.12673333333333334,0.18893333333333334,0.0,70.0,5000,154.0,1,49.28,0.036,1,0.563,0.0,45,-,Belum ditandai,unset
2026-05-31T22:34:11.362,811577,159,0.12713333333333335,0.18973333333333334,0.0,70.0,5000,154.0,1,49.27,0.036,1,0.563,0.0,45,-,Belum ditandai,unset
2026-05-31T22:34:11.862,812097,157,0.12713333333333335,0.1896,0.0,70.0,5000,154.0,1,49.27,0.036,1,0.563,0.0,45,-,Belum ditandai,unset
2026-05-31T22:34:12.361,812614,158,0.12713333333333335,0.1896,0.0,70.0,5000,154.0,1,49.28,0.036,1,0.563,0.0,45,-,Belum ditandai,unset
2026-05-31T22:34:12.923,813134,158,0.12693333333333331,0.18913333333333335,0.0,70.0,5000,154.0,1,49.28,0.036,1,0.563,0.0,45,-,Belum ditandai,unset
2026-05-31T22:34:13.484,813701,158,0.12713333333333335,0.18933333333333333,0.0,70.0,5000,154.0,1,49.29,0.036,1,0.563,0.0,45,-,Belum ditandai,unset
2026-05-31T22:34:13.984,814221,157,0.1270666666666667,0.18913333333333335,0.0,70.0,5000,154.0,1,49.29,0.036,1,0.563,0.0,45,-,Belum ditandai,unset
2026-05-31T22:34:14.485,814738,156,0.1272,0.18926666666666667,0.0,70.0,5000,154.0,1,49.3,0.036,1,0.563,0.0,45,-,Belum ditandai,unset
2026-05-31T22:34:15.044,815304,155,0.12673333333333334,0.1884,0.0,70.0,5000,154.0,1,49.3,0.036,1,0.563,0.0,45,-,Belum ditandai,unset
2026-05-31T22:34:15.605,815825,155,0.12673333333333334,0.18853333333333333,0.0,70.0,5000,154.0,1,49.3,0.036,1,0.563,0.0,45,-,Belum ditandai,unset
2026-05-31T22:34:16.105,816342,158,0.12653333333333333,0.18833333333333335,0.0,70.0,5000,154.0,1,49.29,0.036,1,0.563,0.0,45,-,Belum ditandai,unset
2026-05-31T22:34:16.727,816966,157,0.12646666666666667,0.1884,0.0,70.0,5000,154.0,1,49.29,0.036,1,0.563,0.0,45,-,Belum ditandai,unset
2026-05-31T22:34:17.286,817533,157,0.1268,0.189,0.0,70.0,5000,154.0,1,49.3,0.036,1,0.563,0.0,45,-,Belum ditandai,unset
2026-05-31T22:34:17.787,818053,159,0.12733333333333335,0.1898,0.0,70.0,5000,154.0,1,49.3,0.036,1,0.563,0.0,45,-,Belum ditandai,unset
2026-05-31T22:34:18.348,818570,160,0.12773333333333334,0.19046666666666667,0.0,70.0,5000,154.0,1,49.29,0.036,1,0.563,0.0,45,-,Belum ditandai,unset
2026-05-31T22:34:18.845,819090,159,0.1274,0.18973333333333334,0.0,70.0,5000,154.0,1,49.29,0.036,1,0.563,0.0,45,-,Belum ditandai,unset
2026-05-31T22:34:19.407,819657,157,0.1272,0.18926666666666667,0.0,70.0,5000,154.0,1,49.29,0.036,1,0.563,0.0,45,-,Belum ditandai,unset
2026-05-31T22:34:19.905,820177,156,0.1266,0.18826666666666667,0.0,70.0,5000,154.0,1,49.29,0.036,1,0.563,0.0,45,-,Belum ditandai,unset
2026-05-31T22:34:20.449,820694,157,0.12673333333333334,0.18826666666666667,0.0,70.0,5000,154.0,1,49.27,0.036,1,0.563,0.0,45,-,Belum ditandai,unset
2026-05-31T22:34:21.132,821364,157,0.12666666666666665,0.18833333333333335,0.0,70.0,5000,154.0,1,49.26,0.036,1,0.563,0.0,45,-,Belum ditandai,unset
2026-05-31T22:34:21.632,821885,157,0.127,0.1888,0.0,70.0,5000,154.0,1,49.26,0.036,1,0.563,0.0,45,-,Belum ditandai,unset
2026-05-31T22:34:22.131,822402,159,0.12713333333333335,0.18906666666666666,0.0,70.0,5000,154.0,1,49.3,0.036,1,0.563,0.0,45,-,Belum ditandai,unset
2026-05-31T22:34:22.628,822922,158,0.1272,0.18926666666666667,0.0,70.0,5000,154.0,1,49.3,0.036,1,0.563,0.0,45,-,Belum ditandai,unset
2026-05-31T22:34:23.128,823384,157,0.1274,0.1896,0.0,70.0,5000,154.0,1,49.28,0.036,1,0.563,0.0,45,-,Belum ditandai,unset
2026-05-31T22:34:23.623,823905,158,0.12733333333333335,0.18993333333333334,0.0,70.0,5000,154.0,1,49.28,0.036,1,0.563,0.0,45,-,Belum ditandai,unset
2026-05-31T22:34:24.123,824422,156,0.1274,0.18973333333333334,0.0,70.0,5000,154.0,1,49.27,0.036,1,0.563,0.0,45,-,Belum ditandai,unset
2026-05-31T22:34:24.682,824942,160,0.12726666666666667,0.1896,0.0,70.0,5000,154.0,1,49.27,0.036,1,0.563,0.0,45,-,Belum ditandai,unset
2026-05-31T22:34:25.246,825509,158,0.12726666666666667,0.1896,0.0,70.0,5000,154.0,1,49.3,0.036,1,0.563,0.0,45,-,Belum ditandai,unset
2026-05-31T22:34:25.871,826133,156,0.1270666666666667,0.189,0.0,70.0,5000,154.0,1,49.3,0.036,1,0.563,0.0,45,-,Belum ditandai,unset
2026-05-31T22:34:26.371,826650,156,0.12686666666666666,0.18826666666666667,0.0,70.0,5000,154.0,1,49.3,0.036,1,0.563,0.0,45,-,Belum ditandai,unset
2026-05-31T22:34:26.990,827274,159,0.12693333333333331,0.18833333333333335,0.0,70.0,5000,154.0,1,49.3,0.036,1,0.563,0.0,45,-,Belum ditandai,unset
2026-05-31T22:34:27.554,827841,157,0.12666666666666665,0.1880666666666667,0.0,70.0,5000,154.0,1,49.3,0.036,1,0.563,0.0,45,-,Belum ditandai,unset
2026-05-31T22:34:28.098,828361,159,0.12693333333333331,0.18873333333333334,0.0,70.0,5000,154.0,1,49.3,0.036,1,0.563,0.0,45,-,Belum ditandai,unset
2026-05-31T22:34:28.599,828878,158,0.12673333333333334,0.1884,0.0,70.0,5000,154.0,1,49.3,0.036,1,0.563,0.0,45,-,Belum ditandai,unset
2026-05-31T22:34:29.144,829444,156,0.12686666666666666,0.18853333333333333,0.0,70.0,5000,154.0,1,49.31,0.036,1,0.563,0.0,45,-,Belum ditandai,unset
2026-05-31T22:34:29.645,829965,156,0.1268,0.18833333333333335,0.0,70.0,5000,154.0,1,49.31,0.036,1,0.563,0.0,45,-,Belum ditandai,unset
2026-05-31T22:34:30.208,830482,158,0.12693333333333331,0.18886666666666668,0.0,70.0,5000,154.0,1,49.3,0.036,1,0.563,0.0,45,-,Belum ditandai,unset
2026-05-31T22:34:30.707,831002,158,0.12713333333333335,0.18933333333333333,0.0,70.0,5000,154.0,1,49.3,0.036,1,0.563,0.0,45,-,Belum ditandai,unset
2026-05-31T22:34:31.268,831569,158,0.1270666666666667,0.1894,0.0,70.0,5000,154.0,1,49.3,0.036,1,0.563,0.0,45,-,Belum ditandai,unset
2026-05-31T22:34:31.767,832089,157,0.127,0.18893333333333334,0.0,70.0,5000,154.0,1,49.3,0.036,1,0.563,0.0,45,-,Belum ditandai,unset
2026-05-31T22:34:32.332,832606,155,0.12693333333333331,0.189,0.0,70.0,5000,154.0,1,49.3,0.036,1,0.563,0.0,45,-,Belum ditandai,unset
2026-05-31T22:34:32.832,833126,155,0.12639999999999998,0.1880666666666667,0.0,70.0,5000,154.0,1,49.3,0.036,1,0.563,0.0,45,-,Belum ditandai,unset
2026-05-31T22:34:33.394,833693,156,0.12633333333333333,0.18813333333333335,0.0,70.0,5000,154.0,1,49.31,0.036,1,0.563,0.0,45,-,Belum ditandai,unset
2026-05-31T22:34:33.893,834213,159,0.12646666666666667,0.18813333333333335,0.0,70.0,5000,154.0,1,49.31,0.036,1,0.563,0.0,45,-,Belum ditandai,unset
2026-05-31T22:34:34.392,834730,157,0.1274,0.1896,0.0,70.0,5000,154.0,1,49.32,0.036,1,0.563,0.0,45,-,Belum ditandai,unset
2026-05-31T22:34:34.954,835250,156,0.12753333333333333,0.18946666666666667,0.0,70.0,5000,154.0,1,49.32,0.036,1,0.563,0.0,45,-,Belum ditandai,unset
2026-05-31T22:34:35.513,835817,153,0.12606666666666666,0.18746666666666664,0.0,70.0,5000,154.0,1,52.21,0.037,1,0.517,0.0,45,-,Belum ditandai,unset
2026-05-31T22:34:36.012,836337,158,0.12560000000000002,0.18673333333333333,0.0,70.0,5000,154.0,1,52.21,0.037,1,0.517,0.0,45,-,Belum ditandai,unset
2026-05-31T22:34:36.511,836854,158,0.12560000000000002,0.187,0.0,70.0,5000,154.0,1,56.02,0.038,2,0.939,0.0,45,-,Belum ditandai,unset
2026-05-31T22:34:37.072,837374,155,0.12726666666666667,0.18933333333333333,0.0,70.0,5000,154.0,1,56.02,0.038,2,0.939,0.0,45,-,Belum ditandai,unset
2026-05-31T22:34:37.632,837941,156,0.1272,0.1894,0.0,70.0,5000,154.0,1,62.6,0.041,2,0.779,0.0,45,-,Belum ditandai,unset
2026-05-31T22:34:38.131,838461,156,0.12726666666666667,0.18933333333333333,0.0,70.0,5000,154.0,1,62.6,0.041,2,0.779,0.0,45,-,Belum ditandai,unset
2026-05-31T22:34:38.632,838978,158,0.12653333333333333,0.18833333333333335,0.0,70.0,5000,154.0,1,67.11,0.042,2,0.709,0.0,45,-,Belum ditandai,unset
2026-05-31T22:34:39.195,839544,160,0.12686666666666666,0.1888,0.0,70.0,5000,154.0,1,68.13,0.042,2,0.698,0.0,45,-,Belum ditandai,unset
2026-05-31T22:34:39.758,840065,157,0.12653333333333333,0.18833333333333335,0.0,70.0,5000,154.0,1,68.13,0.042,2,0.698,0.0,45,-,Belum ditandai,unset
2026-05-31T22:34:40.253,840582,157,0.12733333333333335,0.1894,0.0,70.0,5000,154.0,1,68.13,0.042,2,0.698,0.0,45,-,Belum ditandai,unset
2026-05-31T22:34:40.751,841102,155,0.12673333333333334,0.18826666666666667,0.0,70.0,5000,154.0,1,68.13,0.042,2,0.698,0.0,45,-,Belum ditandai,unset
2026-05-31T22:34:41.251,841564,154,0.1266,0.188,0.0,70.0,5000,154.0,1,68.12,0.042,2,0.699,0.0,45,-,Belum ditandai,unset
2026-05-31T22:34:41.864,842189,155,0.126,0.18739999999999998,0.0,70.0,5000,154.0,1,68.12,0.042,2,0.699,0.0,45,-,Belum ditandai,unset
2026-05-31T22:34:42.363,842706,156,0.126,0.18753333333333336,0.0,70.0,5000,154.0,1,68.12,0.042,2,0.699,0.0,45,-,Belum ditandai,unset
2026-05-31T22:34:42.863,843226,157,0.12639999999999998,0.1880666666666667,0.0,70.0,5000,154.0,1,68.12,0.042,2,0.699,0.0,45,-,Belum ditandai,unset
2026-05-31T22:34:43.365,843689,157,0.12613333333333332,0.18739999999999998,0.0,70.0,5000,154.0,1,68.14,0.042,2,0.698,0.0,45,-,Belum ditandai,unset
2026-05-31T22:34:43.864,844209,159,0.12653333333333333,0.1880666666666667,0.0,70.0,5000,154.0,1,68.14,0.042,2,0.698,0.0,45,-,Belum ditandai,unset
2026-05-31T22:34:44.362,844726,156,0.12666666666666665,0.18846666666666667,0.0,70.0,5000,154.0,1,68.16,0.042,2,0.698,0.0,45,-,Belum ditandai,unset
2026-05-31T22:34:45.658,845246,157,0.1266,0.1884,0.0,70.0,5000,154.0,1,68.16,0.042,2,0.698,0.0,45,-,Belum ditandai,unset
2026-05-31T22:34:46.174,846541,157,0.12693333333333331,0.18873333333333334,0.0,70.0,5000,154.0,1,68.16,0.042,2,0.698,0.0,45,-,Belum ditandai,unset
2026-05-31T22:34:46.670,847058,154,0.12646666666666667,0.188,0.0,70.0,5000,154.0,1,68.17,0.042,2,0.698,0.0,45,-,Belum ditandai,unset
2026-05-31T22:34:47.232,847624,155,0.1256,0.18673333333333333,0.0,70.0,5000,154.0,1,68.17,0.042,2,0.698,0.0,45,-,Belum ditandai,unset
2026-05-31T22:34:47.791,848145,155,0.12526666666666667,0.18639999999999998,0.0,70.0,5000,154.0,1,68.17,0.042,2,0.698,0.0,45,-,Belum ditandai,unset
2026-05-31T22:34:48.293,848662,157,0.12566666666666668,0.1868,0.0,70.0,5000,154.0,1,68.17,0.042,2,0.698,0.0,45,-,Belum ditandai,unset
2026-05-31T22:34:48.792,849182,158,0.12613333333333332,0.18753333333333336,0.0,70.0,5000,154.0,1,68.17,0.042,2,0.698,0.0,45,-,Belum ditandai,unset
2026-05-31T22:34:49.292,849644,159,0.12653333333333333,0.1880666666666667,0.0,70.0,5000,154.0,1,68.18,0.042,2,0.698,0.0,45,-,Belum ditandai,unset
2026-05-31T22:34:49.792,850165,159,0.12686666666666666,0.18853333333333333,0.0,70.0,5000,154.0,1,68.18,0.042,2,0.698,0.0,45,-,Belum ditandai,unset
2026-05-31T22:34:50.325,850682,157,0.1270666666666667,0.18873333333333334,0.0,70.0,5000,154.0,1,68.16,0.042,2,0.698,0.0,45,-,Belum ditandai,unset
2026-05-31T22:34:50.947,851306,157,0.1268,0.1882,0.0,70.0,5000,154.0,1,68.16,0.042,2,0.698,0.0,45,-,Belum ditandai,unset
2026-05-31T22:34:51.506,851873,155,0.12666666666666665,0.18833333333333335,0.0,70.0,5000,154.0,1,68.15,0.042,2,0.698,0.0,45,-,Belum ditandai,unset
2026-05-31T22:34:52.005,852393,158,0.1268,0.18860000000000002,0.0,70.0,5000,154.0,1,68.15,0.042,2,0.698,0.0,45,-,Belum ditandai,unset
2026-05-31T22:34:52.505,852910,156,0.12666666666666665,0.18833333333333335,0.0,70.0,5000,154.0,1,68.16,0.042,2,0.698,0.0,45,-,Belum ditandai,unset
2026-05-31T22:34:53.066,853430,159,0.12653333333333333,0.18793333333333334,0.0,70.0,5000,154.0,1,68.16,0.042,2,0.698,0.0,45,-,Belum ditandai,unset
2026-05-31T22:34:53.631,853997,156,0.12633333333333333,0.18760000000000002,0.0,70.0,5000,154.0,1,68.16,0.042,2,0.698,0.0,45,-,Belum ditandai,unset
2026-05-31T22:34:54.134,854517,157,0.12666666666666665,0.1882,0.0,70.0,5000,154.0,1,68.16,0.042,2,0.698,0.0,45,-,Belum ditandai,unset
2026-05-31T22:34:54.635,855034,158,0.1268,0.18846666666666667,0.0,70.0,5000,154.0,1,68.24,0.042,2,0.697,0.0,45,-,Belum ditandai,unset
2026-05-31T22:34:55.135,855554,157,0.1270666666666667,0.18886666666666668,0.0,70.0,5000,154.0,1,68.24,0.042,2,0.697,0.0,45,-,Belum ditandai,unset
2026-05-31T22:34:55.697,856121,159,0.1272,0.18926666666666667,0.0,70.0,5000,154.0,1,69.12,0.042,2,0.688,0.0,45,-,Belum ditandai,unset
2026-05-31T22:34:56.246,856641,157,0.12693333333333331,0.18873333333333334,0.0,70.0,5000,154.0,1,69.12,0.042,2,0.688,0.0,45,-,Belum ditandai,unset
2026-05-31T22:34:56.867,857262,157,0.126,0.18739999999999998,0.0,70.0,5000,154.0,1,75.66,0.045,3,0.881,0.0,45,-,Belum ditandai,unset
2026-05-31T22:34:57.428,857829,158,0.12593333333333334,0.18733333333333332,0.0,70.0,5000,154.0,1,88.54,0.049,4,0.921,0.0,45,-,Belum ditandai,unset
2026-05-31T22:34:57.925,858349,158,0.12613333333333332,0.18780000000000002,0.0,70.0,5000,154.0,1,88.54,0.049,4,0.921,0.0,45,-,Belum ditandai,unset
2026-05-31T22:34:58.490,858866,157,0.12673333333333334,0.18853333333333333,0.0,70.0,5000,154.0,1,88.64,0.049,4,0.92,0.0,45,-,Belum ditandai,unset
2026-05-31T22:34:58.984,859386,156,0.12653333333333333,0.18793333333333334,0.0,70.0,5000,154.0,1,88.64,0.049,4,0.92,0.0,45,-,Belum ditandai,unset
2026-05-31T22:34:59.540,859953,156,0.12626666666666667,0.18766666666666668,0.0,70.0,5000,154.0,1,88.66,0.049,4,0.92,0.0,45,-,Belum ditandai,unset
2026-05-31T22:35:00.040,860473,158,0.12626666666666667,0.18780000000000002,0.0,70.0,5000,154.0,1,88.66,0.049,4,0.92,0.0,45,-,Belum ditandai,unset
2026-05-31T22:35:00.601,860990,156,0.12613333333333332,0.18753333333333336,0.0,70.0,5000,154.0,1,88.63,0.049,4,0.921,0.0,45,-,Belum ditandai,unset
2026-05-31T22:35:01.100,861510,155,0.12639999999999998,0.18780000000000002,0.0,70.0,5000,154.0,1,88.63,0.049,4,0.921,0.0,45,-,Belum ditandai,unset
2026-05-31T22:35:01.661,862077,158,0.1266,0.18813333333333335,0.0,70.0,5000,154.0,1,88.64,0.049,4,0.92,0.0,45,-,Belum ditandai,unset
2026-05-31T22:35:02.160,862597,156,0.1266,0.18826666666666667,0.0,70.0,5000,154.0,1,88.64,0.049,4,0.92,0.0,45,-,Belum ditandai,unset
2026-05-31T22:35:02.659,863114,157,0.12666666666666665,0.1882,0.0,70.0,5000,154.0,1,88.66,0.049,4,0.92,0.0,45,-,Belum ditandai,unset
2026-05-31T22:35:03.222,863634,156,0.12639999999999998,0.18766666666666668,0.0,70.0,5000,154.0,1,88.66,0.049,4,0.92,0.0,45,-,Belum ditandai,unset
2026-05-31T22:35:03.784,864201,156,0.126,0.18713333333333332,0.0,70.0,5000,154.0,1,88.67,0.049,4,0.92,0.0,45,-,Belum ditandai,unset
2026-05-31T22:35:04.281,864721,156,0.126,0.18753333333333336,0.0,70.0,5000,154.0,1,88.67,0.049,4,0.92,0.0,45,-,Belum ditandai,unset
2026-05-31T22:35:04.782,865238,156,0.12606666666666666,0.18773333333333334,0.0,70.0,5000,154.0,1,88.66,0.049,4,0.92,0.0,45,-,Belum ditandai,unset
2026-05-31T22:35:05.348,865804,156,0.12653333333333333,0.18833333333333335,0.0,70.0,5000,154.0,1,88.67,0.049,4,0.92,0.0,45,-,Belum ditandai,unset
2026-05-31T22:35:05.906,866325,156,0.1262,0.18760000000000002,0.0,70.0,5000,154.0,1,88.67,0.049,4,0.92,0.0,45,-,Belum ditandai,unset
2026-05-31T22:35:06.406,866842,157,0.12633333333333333,0.18760000000000002,0.0,70.0,5000,154.0,1,88.67,0.049,4,0.92,0.0,45,-,Belum ditandai,unset
2026-05-31T22:35:06.906,867362,157,0.12633333333333333,0.18760000000000002,0.0,70.0,5000,154.0,1,88.67,0.049,4,0.92,0.0,45,-,Belum ditandai,unset
2026-05-31T22:35:07.465,867929,161,0.1266,0.188,0.0,70.0,5000,154.0,1,88.68,0.049,4,0.92,0.0,45,-,Belum ditandai,unset
2026-05-31T22:35:08.029,868449,156,0.12726666666666667,0.1892,0.0,70.0,5000,154.0,1,88.68,0.049,4,0.92,0.0,45,-,Belum ditandai,unset
2026-05-31T22:35:08.652,869070,158,0.12760000000000002,0.18966666666666668,0.0,70.0,5000,154.0,1,88.67,0.049,4,0.92,0.0,45,-,Belum ditandai,unset
2026-05-31T22:35:09.263,869694,157,0.1270666666666667,0.189,0.0,70.0,5000,154.0,1,88.67,0.049,4,0.92,0.0,45,-,Belum ditandai,unset
2026-05-31T22:35:09.825,870261,158,0.1268,0.18846666666666667,0.0,70.0,5000,154.0,1,88.68,0.049,4,0.92,0.0,45,-,Belum ditandai,unset
2026-05-31T22:35:10.447,870882,156,0.12653333333333333,0.1882,0.0,70.0,5000,154.0,1,88.66,0.049,4,0.92,0.0,45,-,Belum ditandai,unset
2026-05-31T22:35:11.072,871506,158,0.12633333333333333,0.18786666666666668,0.0,70.0,5000,154.0,1,88.66,0.049,4,0.92,0.0,45,-,Belum ditandai,unset
2026-05-31T22:35:11.633,872073,155,0.12626666666666667,0.18766666666666668,0.0,70.0,5000,154.0,1,88.67,0.049,4,0.92,0.0,45,-,Belum ditandai,unset
2026-05-31T22:35:12.132,872593,156,0.12626666666666667,0.18780000000000002,0.0,70.0,5000,154.0,1,88.67,0.049,4,0.92,0.0,45,-,Belum ditandai,unset
2026-05-31T22:35:12.632,873110,155,0.12526666666666667,0.18646666666666667,0.0,70.0,5000,154.0,1,88.67,0.049,4,0.92,0.0,45,-,Belum ditandai,unset
2026-05-31T22:35:13.134,873630,157,0.12546666666666667,0.18666666666666665,0.0,70.0,5000,154.0,1,88.67,0.049,4,0.92,0.0,45,-,Belum ditandai,unset
2026-05-31T22:35:13.632,874093,157,0.12546666666666667,0.18639999999999998,0.0,70.0,5000,154.0,1,88.67,0.049,4,0.92,0.0,45,-,Belum ditandai,unset
2026-05-31T22:35:14.137,874613,157,0.12633333333333333,0.18746666666666664,0.0,70.0,5000,154.0,1,88.67,0.049,4,0.92,0.0,45,-,Belum ditandai,unset
2026-05-31T22:35:14.636,875130,154,0.12646666666666667,0.18786666666666668,0.0,70.0,5000,154.0,1,88.67,0.049,4,0.92,0.0,45,-,Belum ditandai,unset
2026-05-31T22:35:15.199,875650,156,0.12646666666666667,0.18813333333333335,0.0,70.0,5000,154.0,1,88.67,0.049,4,0.92,0.0,45,-,Belum ditandai,unset
2026-05-31T22:35:15.761,876217,157,0.12653333333333333,0.1882,0.0,70.0,5000,154.0,1,88.69,0.049,4,0.92,0.0,45,-,Belum ditandai,unset
2026-05-31T22:35:16.261,876737,158,0.1266,0.18826666666666667,0.0,70.0,5000,154.0,1,88.69,0.049,4,0.92,0.0,45,-,Belum ditandai,unset
2026-05-31T22:35:16.884,877358,155,0.12666666666666665,0.18846666666666667,0.0,70.0,5000,154.0,1,88.68,0.049,4,0.92,0.0,45,-,Belum ditandai,unset
2026-05-31T22:35:17.445,877924,156,0.12653333333333333,0.18846666666666667,0.0,70.0,5000,154.0,1,88.69,0.049,4,0.92,0.0,45,-,Belum ditandai,unset
2026-05-31T22:35:17.942,878445,158,0.12633333333333333,0.18786666666666668,0.0,70.0,5000,154.0,1,88.69,0.049,4,0.92,0.0,45,-,Belum ditandai,unset
2026-05-31T22:35:18.444,878962,159,0.1262,0.18760000000000002,0.0,70.0,5000,154.0,1,88.68,0.049,4,0.92,0.0,45,-,Belum ditandai,unset
2026-05-31T22:35:19.007,879482,157,0.1266,0.18826666666666667,0.0,70.0,5000,154.0,1,88.68,0.049,4,0.92,0.0,45,-,Belum ditandai,unset
2026-05-31T22:35:19.572,880049,158,0.12686666666666666,0.18893333333333334,0.0,70.0,5000,154.0,1,88.69,0.049,4,0.92,0.0,45,-,Belum ditandai,unset
2026-05-31T22:35:20.073,880569,153,0.12686666666666666,0.18906666666666666,0.0,70.0,5000,154.0,1,88.69,0.049,4,0.92,0.0,45,-,Belum ditandai,unset
2026-05-31T22:35:20.573,881086,155,0.12693333333333331,0.18913333333333335,0.0,70.0,5000,154.0,1,88.64,0.049,4,0.92,0.0,45,-,Belum ditandai,unset
2026-05-31T22:35:21.138,881606,159,0.1270666666666667,0.18926666666666667,0.0,70.0,5000,154.0,1,88.64,0.049,4,0.92,0.0,45,-,Belum ditandai,unset
2026-05-31T22:35:21.701,882172,155,0.1268,0.18873333333333334,0.0,70.0,5000,154.0,1,88.64,0.049,4,0.92,0.0,45,-,Belum ditandai,unset
2026-05-31T22:35:22.200,882692,157,0.12666666666666665,0.18860000000000002,0.0,70.0,5000,154.0,1,88.64,0.049,4,0.92,0.0,45,-,Belum ditandai,unset
2026-05-31T22:35:22.823,883313,155,0.1262,0.18786666666666668,0.0,70.0,5000,154.0,1,92.08,0.05,4,0.868,0.0,45,-,Belum ditandai,unset
2026-05-31T22:35:23.448,883983,153,0.12639999999999998,0.1882,0.0,70.0,5000,154.0,1,96.71,0.051,4,0.81,0.0,45,-,Belum ditandai,unset
2026-05-31T22:35:24.009,884504,158,0.12646666666666667,0.18813333333333335,0.0,70.0,5000,154.0,1,96.71,0.051,4,0.81,0.0,45,-,Belum ditandai,unset
2026-05-31T22:35:24.509,885021,155,0.12626666666666667,0.18766666666666668,0.0,70.0,5000,154.0,1,100.2,0.052,5,0.959,0.0,45,-,Belum ditandai,unset
2026-05-31T22:35:25.134,885645,157,0.12646666666666667,0.188,0.0,70.0,5000,154.0,1,100.2,0.052,5,0.959,0.0,45,-,Belum ditandai,unset
2026-05-31T22:35:25.694,886212,158,0.1266,0.1884,0.0,70.0,5000,154.0,1,104.17,0.053,5,0.905,0.0,45,-,Belum ditandai,unset
2026-05-31T22:35:26.197,886732,158,0.12666666666666665,0.18860000000000002,0.0,70.0,5000,154.0,1,104.17,0.053,5,0.905,0.0,45,-,Belum ditandai,unset
2026-05-31T22:35:26.761,887249,158,0.1266,0.18866666666666668,0.0,70.0,5000,154.0,1,105.72,0.054,5,0.875,0.0,45,-,Belum ditandai,unset
2026-05-31T22:35:27.260,887769,158,0.12686666666666666,0.18893333333333334,0.0,70.0,5000,154.0,1,105.72,0.054,5,0.875,0.0,45,-,Belum ditandai,unset
2026-05-31T22:35:27.823,888336,158,0.127,0.1892,0.0,70.0,5000,154.0,1,105.75,0.054,5,0.875,0.0,45,-,Belum ditandai,unset
2026-05-31T22:35:28.325,888856,158,0.127,0.18893333333333334,0.0,70.0,5000,154.0,1,105.75,0.054,5,0.875,0.0,45,-,Belum ditandai,unset
2026-05-31T22:35:28.947,889477,158,0.12673333333333334,0.18853333333333333,0.0,70.0,5000,154.0,1,111.45,0.056,6,0.961,0.0,45,-,Belum ditandai,unset
2026-05-31T22:35:29.512,890043,154,0.12646666666666667,0.18826666666666667,0.0,70.0,5000,154.0,1,113.8,0.056,6,0.941,0.0,45,-,Belum ditandai,unset
2026-05-31T22:35:30.014,890564,157,0.12639999999999998,0.1880666666666667,0.0,70.0,5000,154.0,1,113.8,0.056,6,0.941,0.0,45,-,Belum ditandai,unset
2026-05-31T22:35:30.576,891081,156,0.12633333333333333,0.188,0.0,70.0,5000,154.0,1,113.83,0.056,6,0.941,0.0,45,-,Belum ditandai,unset
2026-05-31T22:35:31.076,891601,159,0.12666666666666665,0.18833333333333335,0.0,70.0,5000,154.0,1,113.83,0.056,6,0.941,0.0,45,-,Belum ditandai,unset
2026-05-31T22:35:31.637,892168,156,0.12673333333333334,0.18853333333333333,0.0,70.0,5000,154.0,1,113.85,0.056,6,0.941,0.0,45,-,Belum ditandai,unset
2026-05-31T22:35:32.137,892688,156,0.1268,0.18873333333333334,0.0,70.0,5000,154.0,1,113.85,0.056,6,0.941,0.0,45,-,Belum ditandai,unset
2026-05-31T22:35:32.760,893309,157,0.1268,0.18873333333333334,0.0,70.0,5000,154.0,1,113.79,0.056,6,0.941,0.0,45,-,Belum ditandai,unset
2026-05-31T22:35:33.385,893933,158,0.127,0.18906666666666666,0.0,70.0,5000,154.0,1,113.79,0.056,6,0.941,0.0,45,-,Belum ditandai,unset
2026-05-31T22:35:33.945,894500,157,0.12713333333333335,0.18893333333333334,0.0,70.0,5000,154.0,1,113.83,0.056,6,0.941,0.0,45,-,Belum ditandai,unset
2026-05-31T22:35:34.447,895020,157,0.12693333333333331,0.18833333333333335,0.0,70.0,5000,154.0,1,113.83,0.056,6,0.941,0.0,45,-,Belum ditandai,unset
2026-05-31T22:35:35.009,895537,157,0.12713333333333335,0.18866666666666668,0.0,70.0,5000,154.0,1,113.86,0.056,6,0.941,0.0,45,-,Belum ditandai,unset
2026-05-31T22:35:35.571,896103,156,0.1270666666666667,0.18873333333333334,0.0,70.0,5000,154.0,1,113.86,0.056,6,0.941,0.0,45,-,Belum ditandai,unset
2026-05-31T22:35:36.070,896624,157,0.127,0.18853333333333333,0.0,70.0,5000,154.0,1,113.86,0.056,6,0.941,0.0,45,-,Belum ditandai,unset
2026-05-31T22:35:36.574,897141,158,0.1268,0.18833333333333335,0.0,70.0,5000,154.0,1,113.85,0.056,6,0.941,0.0,45,-,Belum ditandai,unset
2026-05-31T22:35:37.075,897661,158,0.12693333333333331,0.18860000000000002,0.0,70.0,5000,154.0,1,113.85,0.056,6,0.941,0.0,45,-,Belum ditandai,unset
2026-05-31T22:35:37.571,898123,155,0.1268,0.18860000000000002,0.0,70.0,5000,154.0,1,113.85,0.056,6,0.941,0.0,45,-,Belum ditandai,unset
2026-05-31T22:35:38.194,898748,156,0.12666666666666665,0.1882,0.0,70.0,5000,154.0,1,113.85,0.056,6,0.941,0.0,45,-,Belum ditandai,unset
2026-05-31T22:35:38.693,899265,157,0.12653333333333333,0.18780000000000002,0.0,70.0,5000,154.0,1,113.86,0.056,6,0.941,0.0,45,-,Belum ditandai,unset
2026-05-31T22:35:39.197,899785,157,0.12653333333333333,0.18766666666666668,0.0,70.0,5000,154.0,1,113.86,0.056,6,0.941,0.0,45,-,Belum ditandai,unset
2026-05-31T22:35:39.697,900248,159,0.12673333333333334,0.18826666666666667,0.0,70.0,5000,154.0,1,113.85,0.056,6,0.941,0.0,45,-,Belum ditandai,unset
2026-05-31T22:35:40.197,900768,157,0.12673333333333334,0.1884,0.0,70.0,5000,154.0,1,113.85,0.056,6,0.941,0.0,45,-,Belum ditandai,unset
2026-05-31T22:35:40.698,901285,157,0.127,0.18893333333333334,0.0,70.0,5000,154.0,1,113.84,0.056,6,0.941,0.0,45,-,Belum ditandai,unset
2026-05-31T22:35:41.197,901805,157,0.1270666666666667,0.18886666666666668,0.0,70.0,5000,154.0,1,113.84,0.056,6,0.941,0.0,45,-,Belum ditandai,unset
2026-05-31T22:35:41.698,902268,160,0.12726666666666667,0.1892,0.0,70.0,5000,154.0,1,121.56,0.059,7,0.976,0.0,45,-,Belum ditandai,unset
2026-05-31T22:35:42.197,902788,157,0.127,0.18853333333333333,0.0,70.0,5000,154.0,1,121.56,0.059,7,0.976,0.0,45,-,Belum ditandai,unset
2026-05-31T22:35:42.693,903305,156,0.126,0.18713333333333332,0.0,70.0,5000,154.0,1,121.68,0.059,7,0.975,0.0,45,-,Belum ditandai,unset
2026-05-31T22:35:43.256,903825,160,0.12613333333333332,0.18726666666666666,0.0,70.0,5000,154.0,1,121.68,0.059,7,0.975,0.0,45,-,Belum ditandai,unset
2026-05-31T22:35:43.819,904392,159,0.12666666666666665,0.18846666666666667,0.0,70.0,5000,154.0,1,123.15,0.059,7,0.963,0.0,45,-,Belum ditandai,unset
2026-05-31T22:35:44.319,904912,159,0.12773333333333334,0.19033333333333333,0.0,70.0,5000,154.0,1,123.15,0.059,7,0.963,0.0,45,-,Belum ditandai,unset
2026-05-31T22:35:44.820,905429,158,0.12760000000000002,0.19033333333333333,0.0,70.0,5000,154.0,1,130.06,0.061,7,0.882,0.0,45,-,Belum ditandai,unset
2026-05-31T22:35:45.384,905949,159,0.1274,0.1896,0.0,70.0,5000,154.0,1,130.06,0.061,7,0.882,0.0,45,-,Belum ditandai,unset
2026-05-31T22:35:45.946,906516,158,0.12726666666666667,0.18933333333333333,0.0,70.0,5000,154.0,1,130.09,0.061,7,0.882,0.0,45,-,Belum ditandai,unset
2026-05-31T22:35:46.446,907036,161,0.1274,0.18973333333333334,0.0,70.0,5000,154.0,1,130.09,0.061,7,0.882,0.0,45,-,Belum ditandai,unset
2026-05-31T22:35:46.944,907554,158,0.12766666666666668,0.19053333333333333,0.0,70.0,5000,154.0,1,130.07,0.061,7,0.882,0.0,45,-,Belum ditandai,unset
2026-05-31T22:35:47.447,908074,157,0.12753333333333333,0.19039999999999999,0.0,70.0,5000,154.0,1,130.07,0.061,7,0.882,0.0,45,-,Belum ditandai,unset
2026-05-31T22:35:47.950,908527,159,0.12760000000000002,0.19033333333333333,0.0,70.0,5000,154.0,1,130.09,0.061,7,0.882,0.0,45,-,Belum ditandai,unset
2026-05-31T22:35:48.453,909047,158,0.12713333333333335,0.18973333333333334,0.0,70.0,5000,154.0,1,130.09,0.061,7,0.882,0.0,45,-,Belum ditandai,unset
2026-05-31T22:35:48.952,909564,158,0.12686666666666666,0.18906666666666666,0.0,70.0,5000,154.0,1,130.06,0.061,7,0.882,0.0,45,-,Belum ditandai,unset
2026-05-31T22:35:49.451,910084,157,0.12686666666666666,0.1892,0.0,70.0,5000,154.0,1,130.06,0.061,7,0.882,0.0,45,-,Belum ditandai,unset
2026-05-31T22:35:49.951,910547,161,0.12733333333333335,0.1898,0.0,70.0,5000,154.0,1,130.08,0.061,7,0.882,0.0,45,-,Belum ditandai,unset
2026-05-31T22:35:50.486,911067,158,0.12760000000000002,0.19033333333333333,0.0,70.0,5000,154.0,1,130.08,0.061,7,0.882,0.0,45,-,Belum ditandai,unset
2026-05-31T22:35:51.071,911688,158,0.128,0.19086666666666666,0.0,70.0,5000,154.0,1,130.08,0.061,7,0.882,0.0,45,-,Belum ditandai,unset
2026-05-31T22:35:51.632,912254,157,0.127,0.18933333333333333,0.0,70.0,5000,154.0,1,130.08,0.061,7,0.882,0.0,45,-,Belum ditandai,unset
2026-05-31T22:39:02.140,9863,162,0.12733333333333335,0.1898,0.0,50.0,5000,110.0,1,0.0,0.0,0,0.0,0.0,0,-,Belum ditandai,unset
2026-05-31T22:39:02.731,10485,158,0.12773333333333334,0.1902,0.0,50.0,5000,110.0,1,0.0,0.0,0,0.0,0.0,0,-,Belum ditandai,unset
2026-05-31T22:39:03.263,11005,158,0.12786666666666668,0.1902,0.0,50.0,5000,110.0,1,0.0,0.0,0,0.0,0.0,0,-,Belum ditandai,unset
2026-05-31T22:39:03.811,11561,159,0.1286,0.19146666666666665,0.0,50.0,5000,110.0,1,0.0,0.0,0,0.0,0.0,0,-,Belum ditandai,unset
2026-05-31T22:39:04.350,12081,161,0.12793333333333334,0.19053333333333333,0.0,50.0,5000,110.0,1,0.0,0.0,0,0.0,0.0,0,-,Belum ditandai,unset
2026-05-31T22:39:04.849,12598,162,0.12840000000000001,0.19113333333333332,0.0,50.0,5000,110.0,1,0.0,0.0,0,0.0,0.0,0,-,Belum ditandai,unset
2026-05-31T22:39:05.451,13164,162,0.12946666666666667,0.19260000000000002,0.0,50.0,5000,110.0,1,0.0,0.0,0,0.0,0.0,0,-,Belum ditandai,unset
2026-05-31T22:39:06.032,13788,158,0.1298,0.19313333333333335,0.0,50.0,5000,110.0,1,0.0,0.0,0,0.0,0.0,0,-,Belum ditandai,unset
2026-05-31T22:39:06.560,14305,161,0.12926666666666667,0.19246666666666667,0.0,50.0,5000,110.0,1,0.0,0.0,0,0.0,0.0,0,-,Belum ditandai,unset
2026-05-31T22:39:07.075,14825,160,0.12840000000000001,0.19119999999999998,0.0,50.0,5000,110.0,1,0.0,0.0,0,0.0,0.0,0,-,Belum ditandai,unset
2026-05-31T22:39:07.648,15391,162,0.12940000000000002,0.19253333333333333,0.0,50.0,5000,110.0,1,0.0,0.0,0,0.0,0.0,0,-,Belum ditandai,unset
2026-05-31T22:39:08.255,16015,160,0.12973333333333334,0.1928666666666667,0.0,50.0,5000,110.0,1,0.0,0.0,0,0.0,0.0,0,-,Belum ditandai,unset
2026-05-31T22:39:08.773,16533,160,0.12933333333333333,0.19246666666666667,0.0,50.0,5000,110.0,1,0.0,0.0,0,0.0,0.0,0,-,Belum ditandai,unset
2026-05-31T22:39:09.318,17053,161,0.12873333333333334,0.19186666666666669,0.0,50.0,5000,110.0,1,0.0,0.0,0,0.0,0.0,0,-,Belum ditandai,unset
2026-05-31T22:39:09.880,17608,162,0.1286,0.19173333333333334,0.0,50.0,5000,110.0,1,0.0,0.0,0,0.0,0.0,0,-,Belum ditandai,unset
2026-05-31T22:39:10.382,18128,160,0.1288,0.19193333333333334,0.0,50.0,5000,110.0,1,0.0,0.0,0,0.0,0.0,0,-,Belum ditandai,unset
2026-05-31T22:39:10.978,18750,159,0.12873333333333334,0.19173333333333334,0.0,50.0,5000,110.0,1,0.0,0.0,0,0.0,0.0,0,-,Belum ditandai,unset
2026-05-31T22:39:11.514,19306,158,0.1292,0.1922,0.0,50.0,5000,110.0,1,0.0,0.0,0,0.0,0.0,0,-,Belum ditandai,unset
2026-05-31T22:39:19.008,503,158,0.1288,0.19180000000000003,0.0,50.0,5000,110.0,0,0.0,0.0,0,0.0,0.0,0,-,Belum ditandai,unset
