pc_timestamp,stm32_ms,adc_raw,adc_voltage_v,sensor_voltage_v,pressure_bar,duty_percent,frequency_hz,estimated_output_rms_v,jsy_online,jsy_voltage_rms_v,jsy_current_rms_a,jsy_active_power_w,jsy_power_factor,jsy_energy_kwh,jsy_error_count,valve_open_count,valve_state_label,valve_phase
2026-06-04T01:24:10.931,5309813,159,0.12886666666666666,0.19226666666666667,0.0,60.0,5000,132.0,1,129.8,0.746,94,0.97,0.0,2075,-,Belum ditandai,unset
2026-06-04T01:24:11.458,5310336,181,0.1306,0.19466666666666665,0.0,60.0,5000,132.0,1,129.96,0.747,94,0.968,0.0,2075,-,Belum ditandai,unset
2026-06-04T01:24:11.963,5310897,158,0.13006666666666666,0.19386666666666666,0.0,60.0,5000,132.0,1,130.07,0.747,94,0.967,0.0,2075,-,Belum ditandai,unset
2026-06-04T01:24:12.524,5311423,162,0.12973333333333334,0.19313333333333335,0.0,60.0,5000,132.0,1,130.07,0.747,94,0.967,0.0,2075,-,Belum ditandai,unset
2026-06-04T01:24:13.091,5312007,159,0.12793333333333334,0.19053333333333333,0.0,60.0,5000,132.0,1,130.1,0.747,94,0.967,0.0,2075,-,Belum ditandai,unset
2026-06-04T01:24:13.648,5312532,145,0.1270666666666667,0.18913333333333335,0.0,60.0,5000,132.0,1,130.1,0.747,94,0.967,0.0,2075,-,Belum ditandai,unset
2026-06-04T01:24:14.211,5313107,160,0.12673333333333334,0.1888,0.0,60.0,5000,132.0,1,130.15,0.747,94,0.966,0.0,2075,-,Belum ditandai,unset
2026-06-04T01:24:14.712,5313632,160,0.12760000000000002,0.18993333333333334,0.0,60.0,5000,132.0,1,130.15,0.747,94,0.966,0.0,2075,-,Belum ditandai,unset
2026-06-04T01:24:15.210,5314154,158,0.12773333333333334,0.19006666666666666,0.0,60.0,5000,132.0,1,130.17,0.746,94,0.968,0.0,2075,-,Belum ditandai,unset
2026-06-04T01:24:15.760,5314679,160,0.12813333333333335,0.19073333333333334,0.0,60.0,5000,132.0,1,130.17,0.746,94,0.968,0.0,2075,-,Belum ditandai,unset
2026-06-04T01:24:16.304,5315241,160,0.12793333333333334,0.19053333333333333,0.0,60.0,5000,132.0,1,130.12,0.746,94,0.968,0.0,2075,-,Belum ditandai,unset
2026-06-04T01:24:16.850,5315766,166,0.12913333333333335,0.19226666666666667,0.0,60.0,5000,132.0,1,130.12,0.746,94,0.968,0.0,2075,-,Belum ditandai,unset
2026-06-04T01:24:17.435,5316341,159,0.12926666666666667,0.19253333333333333,0.0,60.0,5000,132.0,1,130.13,0.746,94,0.968,0.0,2075,-,Belum ditandai,unset
2026-06-04T01:24:18.037,5316969,158,0.12973333333333334,0.19326666666666667,0.0,60.0,5000,132.0,1,130.15,0.745,94,0.969,0.0,2075,-,Belum ditandai,unset
2026-06-04T01:24:18.535,5317494,160,0.12893333333333334,0.1920666666666667,0.0,60.0,5000,132.0,1,130.15,0.745,94,0.969,0.0,2075,-,Belum ditandai,unset
2026-06-04T01:24:19.114,5318056,156,0.12846666666666667,0.19133333333333333,0.0,60.0,5000,132.0,1,130.14,0.745,94,0.969,0.0,2075,-,Belum ditandai,unset
2026-06-04T01:24:19.677,5318581,161,0.1288,0.19166666666666668,0.0,60.0,5000,132.0,1,130.14,0.745,94,0.969,0.0,2075,-,Belum ditandai,unset
2026-06-04T01:24:20.236,5319165,158,0.1288,0.19180000000000003,0.0,60.0,5000,132.0,1,130.16,0.745,94,0.969,0.0,2075,-,Belum ditandai,unset
2026-06-04T01:24:20.846,5319795,154,0.12853333333333333,0.19153333333333336,0.0,60.0,5000,132.0,1,130.16,0.745,94,0.969,0.0,2075,-,Belum ditandai,unset
2026-06-04T01:24:21.346,5320265,157,0.1258,0.18760000000000002,0.0,60.0,5000,132.0,1,130.15,0.744,94,0.97,0.0,2075,-,Belum ditandai,unset
2026-06-04T01:24:21.958,5320895,158,0.12560000000000002,0.18726666666666666,0.0,70.0,5000,154.0,1,130.15,0.744,94,0.97,0.0,2075,-,Belum ditandai,unset
2026-06-04T01:24:22.458,5321418,158,0.12560000000000002,0.18713333333333332,0.0,70.0,5000,154.0,1,133.51,0.766,99,0.968,0.0,2075,-,Belum ditandai,unset
2026-06-04T01:24:23.021,5321979,155,0.1270666666666667,0.1894,0.0,70.0,5000,154.0,1,149.99,0.736,108,0.978,0.0,2075,-,Belum ditandai,unset
2026-06-04T01:24:23.583,5322505,162,0.12773333333333334,0.19033333333333333,0.0,70.0,5000,154.0,1,149.99,0.736,108,0.978,0.0,2075,-,Belum ditandai,unset
2026-06-04T01:24:24.145,5323089,157,0.128,0.1906,0.0,70.0,5000,154.0,1,150.17,0.698,103,0.982,0.0,2075,-,Belum ditandai,unset
2026-06-04T01:24:24.645,5323614,158,0.12933333333333333,0.19233333333333336,0.0,70.0,5000,154.0,1,150.17,0.698,103,0.982,0.0,2075,-,Belum ditandai,unset
2026-06-04T01:24:25.143,5324084,163,0.12940000000000002,0.19240000000000002,0.0,70.0,5000,154.0,1,150.03,0.696,102,0.976,0.0,2075,-,Belum ditandai,unset
2026-06-04T01:24:25.640,5324609,164,0.13046666666666668,0.19426666666666667,0.0,70.0,5000,154.0,1,150.03,0.696,102,0.976,0.0,2075,-,Belum ditandai,unset
2026-06-04T01:24:26.203,5325131,159,0.131,0.19546666666666665,0.0,70.0,5000,154.0,1,150.08,0.698,103,0.983,0.0,2075,-,Belum ditandai,unset
2026-06-04T01:24:26.702,5325656,159,0.13093333333333332,0.1954,0.0,70.0,5000,154.0,1,150.08,0.698,103,0.983,0.0,2075,-,Belum ditandai,unset
2026-06-04T01:24:27.265,5326209,161,0.13053333333333333,0.1946,0.0,70.0,5000,154.0,1,149.99,0.701,103,0.979,0.0,2075,-,Belum ditandai,unset
2026-06-04T01:24:27.765,5326734,161,0.1306,0.1944,0.0,70.0,5000,154.0,1,149.99,0.701,103,0.979,0.0,2075,-,Belum ditandai,unset
2026-06-04T01:24:28.266,5327256,155,0.13073333333333334,0.19426666666666667,0.0,70.0,5000,154.0,1,149.99,0.701,103,0.979,0.0,2075,-,Belum ditandai,unset
2026-06-04T01:24:28.825,5327781,164,0.13053333333333333,0.19406666666666667,0.0,70.0,5000,154.0,1,149.99,0.701,103,0.979,0.0,2075,-,Belum ditandai,unset
2026-06-04T01:24:29.390,5328343,155,0.12966666666666668,0.19293333333333335,0.0,70.0,5000,154.0,1,150.09,0.701,103,0.978,0.0,2075,-,Belum ditandai,unset
2026-06-04T01:24:29.888,5328868,158,0.12913333333333335,0.19226666666666667,0.0,70.0,5000,154.0,1,150.09,0.701,103,0.978,0.0,2075,-,Belum ditandai,unset
2026-06-04T01:24:30.448,5329443,161,0.12926666666666667,0.19226666666666667,0.0,70.0,5000,154.0,1,150.08,0.701,103,0.979,0.0,2075,-,Belum ditandai,unset
2026-06-04T01:24:31.007,5329968,162,0.12913333333333335,0.192,0.0,70.0,5000,154.0,1,150.08,0.701,103,0.979,0.0,2075,-,Belum ditandai,unset
2026-06-04T01:24:31.508,5330490,159,0.12966666666666668,0.1928,0.0,70.0,5000,154.0,1,150.12,0.7,103,0.98,0.0,2075,-,Belum ditandai,unset
2026-06-04T01:24:32.072,5331052,153,0.12873333333333334,0.19160000000000002,0.0,70.0,5000,154.0,1,150.18,0.697,103,0.983,0.0,2075,-,Belum ditandai,unset
2026-06-04T01:24:32.573,5331577,162,0.12873333333333334,0.19160000000000002,0.0,70.0,5000,154.0,1,150.18,0.697,103,0.983,0.0,2075,-,Belum ditandai,unset
2026-06-04T01:24:33.075,5332047,157,0.1272,0.18926666666666667,0.0,70.0,5000,154.0,1,150.04,0.695,102,0.978,0.0,2075,-,Belum ditandai,unset
2026-06-04T01:24:33.576,5332572,160,0.1272,0.18926666666666667,0.0,70.0,5000,154.0,1,150.04,0.695,102,0.978,0.0,2075,-,Belum ditandai,unset
2026-06-04T01:24:34.077,5333094,154,0.1278,0.19,0.0,70.0,5000,154.0,1,150.21,0.696,102,0.975,0.0,2075,-,Belum ditandai,unset
2026-06-04T01:24:34.639,5333619,158,0.12893333333333334,0.19193333333333334,0.0,70.0,5000,154.0,1,150.21,0.696,102,0.975,0.0,2075,-,Belum ditandai,unset
2026-06-04T01:24:35.202,5334181,164,0.12833333333333333,0.19119999999999998,0.0,70.0,5000,154.0,1,150.35,0.697,103,0.982,0.0,2075,-,Belum ditandai,unset
2026-06-04T01:24:35.700,5334706,160,0.12846666666666667,0.19146666666666665,0.0,70.0,5000,154.0,1,150.35,0.697,103,0.982,0.0,2075,-,Belum ditandai,unset
2026-06-04T01:24:36.200,5335176,160,0.12813333333333335,0.19086666666666666,0.0,70.0,5000,154.0,1,150.35,0.696,103,0.984,0.0,2075,-,Belum ditandai,unset
2026-06-04T01:24:36.700,5335701,158,0.12833333333333333,0.19106666666666666,0.0,70.0,5000,154.0,1,150.35,0.696,103,0.984,0.0,2075,-,Belum ditandai,unset
2026-06-04T01:24:37.326,5336328,162,0.12826666666666667,0.19086666666666666,0.0,70.0,5000,154.0,1,150.23,0.696,102,0.975,0.0,2075,-,Belum ditandai,unset
2026-06-04T01:24:37.950,5336958,162,0.1288,0.19166666666666668,0.0,70.0,5000,154.0,1,150.23,0.696,102,0.975,0.0,2075,-,Belum ditandai,unset
2026-06-04T01:24:38.518,5337521,160,0.12940000000000002,0.19226666666666667,0.0,70.0,5000,154.0,1,150.18,0.696,102,0.975,0.0,2075,-,Belum ditandai,unset
2026-06-04T01:24:39.081,5338105,157,0.1292,0.19193333333333334,0.0,70.0,5000,154.0,1,150.24,0.698,103,0.982,0.0,2075,-,Belum ditandai,unset
2026-06-04T01:24:39.647,5338630,160,0.12946666666666667,0.19233333333333336,0.0,70.0,5000,154.0,1,150.24,0.698,103,0.982,0.0,2075,-,Belum ditandai,unset
2026-06-04T01:24:40.203,5339205,158,0.1288,0.19153333333333336,0.0,70.0,5000,154.0,1,150.17,0.696,102,0.975,0.0,2075,-,Belum ditandai,unset
2026-06-04T01:24:40.704,5339730,162,0.12906666666666666,0.19193333333333334,0.0,70.0,5000,154.0,1,150.17,0.696,102,0.975,0.0,2075,-,Belum ditandai,unset
2026-06-04T01:24:41.265,5340252,159,0.128,0.19033333333333333,0.0,70.0,5000,154.0,1,150.23,0.695,102,0.976,0.0,2075,-,Belum ditandai,unset
2026-06-04T01:24:41.765,5340777,160,0.12833333333333333,0.1908,0.0,70.0,5000,154.0,1,150.23,0.695,102,0.976,0.0,2075,-,Belum ditandai,unset
2026-06-04T01:24:42.327,5341339,162,0.12773333333333334,0.19006666666666666,0.0,70.0,5000,154.0,1,150.17,0.694,102,0.978,0.0,2075,-,Belum ditandai,unset
2026-06-04T01:24:42.827,5341864,159,0.12813333333333335,0.1906,0.0,70.0,5000,154.0,1,150.17,0.694,102,0.978,0.0,2075,-,Belum ditandai,unset
2026-06-04T01:24:43.331,5342344,159,0.12813333333333335,0.19073333333333334,0.0,70.0,5000,154.0,1,150.25,0.694,102,0.978,0.0,2075,-,Belum ditandai,unset
2026-06-04T01:24:43.831,5342869,158,0.12826666666666667,0.19086666666666666,0.0,70.0,5000,154.0,1,150.25,0.694,102,0.978,0.0,2075,-,Belum ditandai,unset
2026-06-04T01:24:44.331,5343348,161,0.12813333333333335,0.19086666666666666,0.0,70.0,5000,154.0,1,150.25,0.691,102,0.982,0.0,2075,-,Belum ditandai,unset
2026-06-04T01:24:44.831,5343873,150,0.12726666666666667,0.1896,0.0,70.0,5000,154.0,1,150.25,0.691,102,0.982,0.0,2075,-,Belum ditandai,unset
2026-06-04T01:24:45.334,5344348,160,0.1274,0.1896,0.0,70.0,5000,154.0,1,150.38,0.691,102,0.981,0.0,2075,-,Belum ditandai,unset
2026-06-04T01:24:45.835,5344873,160,0.12746666666666667,0.18966666666666668,0.0,70.0,5000,154.0,1,150.38,0.691,102,0.981,0.0,2075,-,Belum ditandai,unset
2026-06-04T01:24:46.337,5345348,157,0.128,0.1902,0.0,70.0,5000,154.0,1,150.44,0.693,102,0.978,0.0,2075,-,Belum ditandai,unset
2026-06-04T01:24:46.840,5345873,159,0.12766666666666668,0.18986666666666666,0.0,70.0,5000,154.0,1,150.44,0.693,102,0.978,0.0,2075,-,Belum ditandai,unset
2026-06-04T01:24:47.343,5346352,160,0.12826666666666667,0.1906,0.0,70.0,5000,154.0,1,150.42,0.69,102,0.982,0.0,2075,-,Belum ditandai,unset
2026-06-04T01:24:47.844,5346877,160,0.1278,0.19026666666666667,0.0,70.0,5000,154.0,1,150.42,0.69,102,0.982,0.0,2075,-,Belum ditandai,unset
2026-06-04T01:24:48.407,5347452,152,0.1274,0.18993333333333334,0.0,70.0,5000,154.0,1,150.44,0.69,102,0.982,0.0,2075,-,Belum ditandai,unset
2026-06-04T01:24:48.905,5347977,158,0.12653333333333333,0.18886666666666668,0.0,70.0,5000,154.0,1,150.44,0.69,102,0.982,0.0,2075,-,Belum ditandai,unset
2026-06-04T01:24:49.462,5348499,157,0.12566666666666668,0.18726666666666666,0.0,70.0,5000,154.0,1,150.37,0.69,102,0.983,0.0,2075,-,Belum ditandai,unset
2026-06-04T01:24:49.956,5349024,161,0.12633333333333333,0.188,0.0,70.0,5000,154.0,1,150.37,0.69,102,0.983,0.0,2075,-,Belum ditandai,unset
2026-06-04T01:24:50.511,5349586,155,0.12693333333333331,0.18866666666666668,0.0,70.0,5000,154.0,1,150.36,0.689,101,0.974,0.0,2075,-,Belum ditandai,unset
2026-06-04T01:24:51.137,5350161,154,0.1272,0.189,0.0,70.0,5000,154.0,1,150.4,0.689,101,0.974,0.0,2075,-,Belum ditandai,unset
2026-06-04T01:24:51.636,5350686,156,0.12713333333333335,0.18893333333333334,0.0,70.0,5000,154.0,1,150.4,0.689,101,0.974,0.0,2075,-,Belum ditandai,unset
2026-06-04T01:24:52.139,5351208,168,0.12866666666666668,0.1914,0.0,75.0,5000,165.0,1,151.7,0.692,103,0.981,0.0,2075,-,Belum ditandai,unset
2026-06-04T01:24:52.701,5351733,167,0.13073333333333334,0.1948,0.0,75.0,5000,165.0,1,151.7,0.692,103,0.981,0.0,2075,-,Belum ditandai,unset
2026-06-04T01:24:53.201,5352286,166,0.13286666666666666,0.198,0.0,75.0,5000,165.0,1,160.42,0.674,106,0.98,0.0,2075,-,Belum ditandai,unset
2026-06-04T01:24:53.761,5352811,166,0.133,0.198,0.0,75.0,5000,165.0,1,160.42,0.674,106,0.98,0.0,2075,-,Belum ditandai,unset
2026-06-04T01:24:54.262,5353333,164,0.13353333333333334,0.19853333333333334,0.0,75.0,5000,165.0,1,160.39,0.675,106,0.979,0.0,2075,-,Belum ditandai,unset
2026-06-04T01:24:54.823,5353858,163,0.13313333333333335,0.198,0.0,75.0,5000,165.0,1,160.39,0.675,106,0.979,0.0,2075,-,Belum ditandai,unset
2026-06-04T01:24:55.324,5354420,163,0.13326666666666667,0.19826666666666667,0.0,75.0,5000,165.0,1,160.5,0.673,106,0.981,0.0,2075,-,Belum ditandai,unset
2026-06-04T01:24:55.854,5354945,165,0.1338,0.19906666666666667,0.0,75.0,5000,165.0,1,160.5,0.673,106,0.981,0.0,2075,-,Belum ditandai,unset
2026-06-04T01:24:56.435,5355520,165,0.13413333333333333,0.1996666666666667,0.0,75.0,5000,165.0,1,160.32,0.671,106,0.985,0.0,2075,-,Belum ditandai,unset
2026-06-04T01:24:56.984,5356045,165,0.134,0.1994,0.0,75.0,5000,165.0,1,160.32,0.671,106,0.985,0.0,2075,-,Belum ditandai,unset
2026-06-04T01:24:57.482,5356567,168,0.13373333333333334,0.19913333333333333,0.0,75.0,5000,165.0,1,160.43,0.67,106,0.986,0.0,2075,-,Belum ditandai,unset
2026-06-04T01:24:58.041,5357092,166,0.13393333333333335,0.1992,0.0,75.0,5000,165.0,1,160.43,0.67,106,0.986,0.0,2075,-,Belum ditandai,unset
2026-06-04T01:24:58.601,5357654,164,0.13433333333333333,0.1998666666666667,0.0,75.0,5000,165.0,1,160.52,0.67,106,0.985,0.0,2075,-,Belum ditandai,unset
2026-06-04T01:24:59.162,5358229,164,0.1346,0.20040000000000002,0.0,75.0,5000,165.0,1,160.52,0.669,106,0.987,0.0,2075,-,Belum ditandai,unset
2026-06-04T01:24:59.663,5358754,165,0.13419999999999999,0.1998666666666667,0.0,75.0,5000,165.0,1,160.52,0.669,106,0.987,0.0,2075,-,Belum ditandai,unset
2026-06-04T01:25:00.191,5359276,165,0.13373333333333334,0.19913333333333333,0.0,75.0,5000,165.0,1,160.4,0.669,106,0.987,0.0,2075,-,Belum ditandai,unset
2026-06-04T01:25:00.732,5359801,165,0.13293333333333335,0.19793333333333335,0.0,75.0,5000,165.0,1,160.4,0.669,106,0.987,0.0,2075,-,Belum ditandai,unset
2026-06-04T01:25:01.299,5360363,166,0.13340000000000002,0.1984,0.0,75.0,5000,165.0,1,160.4,0.669,106,0.987,0.0,2075,-,Belum ditandai,unset
2026-06-04T01:25:01.907,5360993,162,0.13306666666666667,0.1978,0.0,75.0,5000,165.0,1,160.4,0.669,106,0.987,0.0,2075,-,Belum ditandai,unset
2026-06-04T01:25:02.491,5361568,162,0.13146666666666668,0.19526666666666667,0.0,75.0,5000,165.0,1,160.61,0.669,106,0.986,0.0,2075,-,Belum ditandai,unset
2026-06-04T01:25:03.092,5362198,165,0.13153333333333334,0.19546666666666665,0.0,75.0,5000,165.0,1,160.61,0.669,106,0.986,0.0,2075,-,Belum ditandai,unset
2026-06-04T01:25:03.640,5362720,172,0.13286666666666666,0.19733333333333333,0.0,80.0,5000,176.0,1,160.47,0.667,105,0.981,0.0,2075,-,Belum ditandai,unset
2026-06-04T01:25:04.200,5363282,167,0.13366666666666666,0.1988,0.0,80.0,5000,176.0,1,164.01,0.673,109,0.987,0.0,2075,-,Belum ditandai,unset
2026-06-04T01:25:04.700,5363808,164,0.13293333333333335,0.19793333333333335,0.0,80.0,5000,176.0,1,164.01,0.673,109,0.987,0.0,2075,-,Belum ditandai,unset
2026-06-04T01:25:05.204,5364287,162,0.13213333333333335,0.19673333333333334,0.0,80.0,5000,176.0,1,170.8,0.662,112,0.99,0.0,2075,-,Belum ditandai,unset
2026-06-04T01:25:05.706,5364812,166,0.13206666666666667,0.19666666666666668,0.0,80.0,5000,176.0,1,170.8,0.662,112,0.99,0.0,2075,-,Belum ditandai,unset
2026-06-04T01:25:06.205,5365281,163,0.13160000000000002,0.1962,0.0,80.0,5000,176.0,1,170.62,0.662,112,0.991,0.0,2075,-,Belum ditandai,unset
2026-06-04T01:25:06.704,5365807,163,0.13253333333333334,0.19740000000000002,0.0,80.0,5000,176.0,1,170.62,0.662,112,0.991,0.0,2075,-,Belum ditandai,unset
2026-06-04T01:25:07.203,5366329,168,0.13253333333333334,0.19753333333333334,0.0,80.0,5000,176.0,1,170.53,0.661,111,0.984,0.0,2075,-,Belum ditandai,unset
2026-06-04T01:25:07.764,5366854,163,0.13246666666666668,0.19733333333333333,0.0,80.0,5000,176.0,1,170.53,0.661,111,0.984,0.0,2075,-,Belum ditandai,unset
2026-06-04T01:25:08.327,5367416,168,0.1322,0.19720000000000001,0.0,80.0,5000,176.0,1,170.64,0.662,111,0.982,0.0,2075,-,Belum ditandai,unset
2026-06-04T01:25:08.949,5368046,162,0.13293333333333335,0.19793333333333335,0.0,80.0,5000,176.0,1,170.64,0.662,111,0.982,0.0,2075,-,Belum ditandai,unset
2026-06-04T01:25:09.514,5368621,166,0.13286666666666666,0.19773333333333334,0.0,80.0,5000,176.0,1,170.81,0.661,112,0.991,0.0,2075,-,Belum ditandai,unset
2026-06-04T01:25:10.013,5369146,166,0.13246666666666668,0.19693333333333335,0.0,80.0,5000,176.0,1,170.81,0.661,112,0.991,0.0,2075,-,Belum ditandai,unset
2026-06-04T01:25:10.574,5369668,165,0.13206666666666667,0.19653333333333334,0.0,80.0,5000,176.0,1,170.8,0.662,112,0.99,0.0,2075,-,Belum ditandai,unset
2026-06-04T01:25:11.076,5370193,164,0.13266666666666668,0.19766666666666668,0.0,80.0,5000,176.0,1,170.8,0.662,112,0.99,0.0,2075,-,Belum ditandai,unset
2026-06-04T01:25:11.637,5370755,160,0.13213333333333335,0.1968666666666667,0.0,80.0,5000,176.0,1,170.78,0.664,112,0.987,0.0,2075,-,Belum ditandai,unset
2026-06-04T01:25:12.197,5371330,168,0.13333333333333333,0.1986,0.0,80.0,5000,176.0,1,170.76,0.662,112,0.99,0.0,2075,-,Belum ditandai,unset
2026-06-04T01:25:12.700,5371855,167,0.1338,0.19906666666666667,0.0,80.0,5000,176.0,1,170.76,0.662,112,0.99,0.0,2075,-,Belum ditandai,unset
2026-06-04T01:25:13.265,5372377,165,0.13453333333333334,0.20020000000000002,0.0,80.0,5000,176.0,1,170.71,0.662,112,0.991,0.0,2075,-,Belum ditandai,unset
2026-06-04T01:25:13.762,5372902,163,0.13293333333333335,0.19793333333333335,0.0,80.0,5000,176.0,1,170.71,0.662,112,0.991,0.0,2075,-,Belum ditandai,unset
2026-06-04T01:25:14.328,5373455,163,0.1318666666666667,0.19633333333333336,0.0,80.0,5000,176.0,1,170.7,0.661,111,0.983,0.0,2075,-,Belum ditandai,unset
2026-06-04T01:25:14.826,5373980,164,0.13113333333333335,0.19546666666666665,0.0,80.0,5000,176.0,1,170.7,0.661,111,0.983,0.0,2075,-,Belum ditandai,unset
2026-06-04T01:25:15.341,5374502,160,0.13166666666666668,0.19626666666666667,0.0,80.0,5000,176.0,1,170.6,0.661,111,0.984,0.0,2075,-,Belum ditandai,unset
2026-06-04T01:25:15.900,5375027,163,0.13173333333333334,0.19646666666666668,0.0,80.0,5000,176.0,1,170.6,0.661,111,0.984,0.0,2075,-,Belum ditandai,unset
2026-06-04T01:25:16.461,5375589,167,0.13233333333333333,0.19720000000000001,0.0,80.0,5000,176.0,1,170.7,0.661,111,0.983,0.0,2075,-,Belum ditandai,unset
2026-06-04T01:25:16.989,5376114,165,0.13240000000000002,0.19713333333333335,0.0,80.0,5000,176.0,1,170.7,0.661,111,0.983,0.0,2075,-,Belum ditandai,unset
2026-06-04T01:25:17.518,5376689,164,0.13286666666666666,0.1976,0.0,80.0,5000,176.0,1,170.71,0.662,112,0.991,0.0,2075,-,Belum ditandai,unset
2026-06-04T01:25:18.036,5377214,162,0.1328,0.19726666666666667,0.0,80.0,5000,176.0,1,170.71,0.662,112,0.991,0.0,2075,-,Belum ditandai,unset
2026-06-04T01:25:18.598,5377736,170,0.13306666666666667,0.19766666666666668,0.0,90.0,5000,198.0,1,170.66,0.662,112,0.991,0.0,2075,-,Belum ditandai,unset
2026-06-04T01:25:19.096,5378261,169,0.1338,0.19893333333333332,0.0,90.0,5000,198.0,1,170.66,0.662,112,0.991,0.0,2075,-,Belum ditandai,unset
2026-06-04T01:25:19.657,5378823,164,0.13306666666666667,0.19820000000000002,0.0,90.0,5000,198.0,1,190.51,0.673,128,0.998,0.0,2075,-,Belum ditandai,unset
2026-06-04T01:25:20.217,5379397,167,0.1328,0.19766666666666668,0.0,90.0,5000,198.0,1,191.58,0.671,128,0.995,0.0,2075,-,Belum ditandai,unset
2026-06-04T01:25:20.779,5379923,167,0.13240000000000002,0.197,0.0,90.0,5000,198.0,1,191.58,0.671,128,0.995,0.0,2075,-,Belum ditandai,unset
2026-06-04T01:25:21.402,5380550,163,0.13233333333333333,0.19693333333333335,0.0,90.0,5000,198.0,1,191.56,0.671,128,0.995,0.0,2075,-,Belum ditandai,unset
2026-06-04T01:25:21.901,5381075,165,0.133,0.19813333333333333,0.0,90.0,5000,198.0,1,191.56,0.671,128,0.995,0.0,2075,-,Belum ditandai,unset
2026-06-04T01:25:22.463,5381637,168,0.1326,0.19773333333333334,0.0,90.0,5000,198.0,1,191.59,0.67,128,0.997,0.0,2075,-,Belum ditandai,unset
2026-06-04T01:25:22.966,5382162,164,0.13326666666666667,0.19853333333333334,0.0,90.0,5000,198.0,1,191.59,0.67,128,0.997,0.0,2075,-,Belum ditandai,unset
2026-06-04T01:25:23.467,5382632,165,0.1318666666666667,0.19633333333333336,0.0,90.0,5000,198.0,1,191.61,0.668,127,0.992,0.0,2075,-,Belum ditandai,unset
2026-06-04T01:25:23.967,5383157,146,0.13086666666666666,0.19466666666666665,0.0,90.0,5000,198.0,1,191.61,0.668,127,0.992,0.0,2075,-,Belum ditandai,unset
2026-06-04T01:25:24.531,5383679,173,0.13,0.19353333333333333,0.0,90.0,5000,198.0,1,191.57,0.669,128,0.998,0.0,2075,-,Belum ditandai,unset
2026-06-04T01:25:25.030,5384204,168,0.13086666666666666,0.19493333333333332,0.0,90.0,5000,198.0,1,191.57,0.669,128,0.998,0.0,2075,-,Belum ditandai,unset
2026-06-04T01:25:25.592,5384766,162,0.13226666666666667,0.197,0.0,90.0,5000,198.0,1,191.55,0.67,128,0.997,0.0,2075,-,Belum ditandai,unset
2026-06-04T01:25:26.092,5385291,166,0.1338,0.19906666666666667,0.0,90.0,5000,198.0,1,191.55,0.67,128,0.997,0.0,2075,-,Belum ditandai,unset
2026-06-04T01:25:26.590,5385761,165,0.1336,0.19886666666666666,0.0,90.0,5000,198.0,1,191.58,0.67,128,0.997,0.0,2075,-,Belum ditandai,unset
2026-06-04T01:25:27.216,5386391,162,0.13346666666666668,0.19873333333333335,0.0,90.0,5000,198.0,1,191.58,0.67,128,0.997,0.0,2075,-,Belum ditandai,unset
2026-06-04T01:25:27.839,5387018,175,0.13346666666666668,0.1986,0.0,90.0,5000,198.0,1,191.54,0.671,128,0.995,0.0,2075,-,Belum ditandai,unset
2026-06-04T01:25:28.403,5387571,165,0.1334,0.19826666666666667,0.0,90.0,5000,198.0,1,191.48,0.67,128,0.997,0.0,2075,-,Belum ditandai,unset
2026-06-04T01:25:28.900,5388096,166,0.13326666666666667,0.198,0.0,90.0,5000,198.0,1,191.48,0.67,128,0.997,0.0,2075,-,Belum ditandai,unset
2026-06-04T01:25:29.402,5388618,167,0.13293333333333335,0.1978,0.0,90.0,5000,198.0,1,191.44,0.671,128,0.996,0.0,2075,-,Belum ditandai,unset
2026-06-04T01:25:29.963,5389143,164,0.13266666666666668,0.19740000000000002,0.0,90.0,5000,198.0,1,191.44,0.671,128,0.996,0.0,2075,-,Belum ditandai,unset
2026-06-04T01:25:30.525,5389705,166,0.13313333333333335,0.19813333333333333,0.0,90.0,5000,198.0,1,191.39,0.672,128,0.995,0.0,2075,-,Belum ditandai,unset
2026-06-04T01:25:31.026,5390230,165,0.13233333333333333,0.19666666666666668,0.0,90.0,5000,198.0,1,191.39,0.672,128,0.995,0.0,2075,-,Belum ditandai,unset
2026-06-04T01:25:31.526,5390700,164,0.13240000000000002,0.1968666666666667,0.0,90.0,5000,198.0,1,191.3,0.671,128,0.997,0.0,2075,-,Belum ditandai,unset
2026-06-04T01:25:32.023,5391225,165,0.1322,0.19653333333333334,0.0,90.0,5000,198.0,1,191.3,0.671,128,0.997,0.0,2075,-,Belum ditandai,unset
2026-06-04T01:25:32.520,5391747,162,0.132,0.19646666666666668,0.0,90.0,5000,198.0,1,191.16,0.671,128,0.997,0.0,2075,-,Belum ditandai,unset
2026-06-04T01:25:33.083,5392272,166,0.13193333333333335,0.19626666666666667,0.0,90.0,5000,198.0,1,191.16,0.671,128,0.997,0.0,2075,-,Belum ditandai,unset
2026-06-04T01:25:33.649,5392834,158,0.13193333333333335,0.19640000000000002,0.0,90.0,5000,198.0,1,191.14,0.671,128,0.998,0.0,2075,-,Belum ditandai,unset
2026-06-04T01:25:34.149,5393359,168,0.13240000000000002,0.19713333333333335,0.0,90.0,5000,198.0,1,191.14,0.671,128,0.998,0.0,2075,-,Belum ditandai,unset
2026-06-04T01:25:34.715,5393934,166,0.13126666666666667,0.19560000000000002,0.0,90.0,5000,198.0,1,191.21,0.672,128,0.996,0.0,2075,-,Belum ditandai,unset
2026-06-04T01:25:35.218,5394459,166,0.13153333333333334,0.1958666666666667,0.0,90.0,5000,198.0,1,191.21,0.672,128,0.996,0.0,2075,-,Belum ditandai,unset
2026-06-04T01:25:35.780,5394986,168,0.13173333333333334,0.1962,0.0,90.0,5000,198.0,1,191.25,0.672,128,0.995,0.0,2075,-,Belum ditandai,unset
2026-06-04T01:25:36.281,5395533,150,0.13266666666666668,0.19753333333333334,0.0,90.0,5000,198.0,1,191.23,0.671,128,0.997,0.0,2075,-,Belum ditandai,unset
2026-06-04T01:25:36.842,5396058,165,0.1332,0.1982,0.0,90.0,5000,198.0,1,191.23,0.671,128,0.997,0.0,2075,-,Belum ditandai,unset
2026-06-04T01:25:37.404,5396633,164,0.1326,0.19733333333333333,0.0,90.0,5000,198.0,1,191.35,0.672,128,0.995,0.0,2075,-,Belum ditandai,unset
2026-06-04T01:25:37.905,5397158,162,0.132,0.19646666666666668,0.0,90.0,5000,198.0,1,191.35,0.672,128,0.995,0.0,2075,-,Belum ditandai,unset
2026-06-04T01:25:38.470,5397680,166,0.1306,0.19466666666666665,0.0,90.0,5000,198.0,1,191.41,0.671,128,0.996,0.0,2075,-,Belum ditandai,unset
2026-06-04T01:25:38.970,5398205,165,0.1310666666666667,0.19526666666666667,0.0,90.0,5000,198.0,1,191.41,0.671,128,0.996,0.0,2075,-,Belum ditandai,unset
2026-06-04T01:25:39.534,5398767,158,0.13173333333333334,0.19633333333333336,0.0,90.0,5000,198.0,1,191.57,0.672,128,0.994,0.0,2075,-,Belum ditandai,unset
2026-06-04T01:25:40.029,5399292,158,0.13233333333333333,0.19720000000000001,0.0,90.0,5000,198.0,1,191.57,0.672,128,0.994,0.0,2075,-,Belum ditandai,unset
2026-06-04T01:25:40.528,5399762,164,0.13233333333333333,0.19733333333333333,0.0,90.0,5000,198.0,1,191.4,0.672,128,0.995,0.0,2075,-,Belum ditandai,unset
2026-06-04T01:25:41.030,5400287,165,0.1322,0.19706666666666667,0.0,90.0,5000,198.0,1,191.4,0.672,128,0.995,0.0,2075,-,Belum ditandai,unset
2026-06-04T01:25:41.597,5400809,168,0.13253333333333334,0.19740000000000002,0.0,90.0,5000,198.0,1,191.27,0.672,128,0.995,0.0,2075,-,Belum ditandai,unset
2026-06-04T01:25:42.096,5401334,165,0.13346666666666668,0.19846666666666668,0.0,90.0,5000,198.0,1,191.27,0.672,128,0.995,0.0,2075,-,Belum ditandai,unset
2026-06-04T01:25:42.657,5401896,166,0.13366666666666666,0.19866666666666666,0.0,90.0,5000,198.0,1,191.17,0.673,128,0.994,0.0,2075,-,Belum ditandai,unset
2026-06-04T01:25:43.158,5402421,160,0.13326666666666667,0.198,0.0,90.0,5000,198.0,1,191.17,0.673,128,0.994,0.0,2075,-,Belum ditandai,unset
2026-06-04T01:25:43.658,5402891,166,0.13293333333333335,0.19766666666666668,0.0,90.0,5000,198.0,1,191.33,0.674,128,0.992,0.0,2075,-,Belum ditandai,unset
2026-06-04T01:25:44.154,5403416,164,0.13206666666666667,0.19653333333333334,0.0,90.0,5000,198.0,1,191.33,0.674,128,0.992,0.0,2075,-,Belum ditandai,unset
2026-06-04T01:25:44.656,5403938,165,0.13233333333333333,0.19693333333333335,0.0,90.0,5000,198.0,1,191.34,0.674,128,0.992,0.0,2075,-,Belum ditandai,unset
2026-06-04T01:25:45.215,5404463,165,0.1326,0.19733333333333333,0.0,90.0,5000,198.0,1,191.34,0.674,128,0.992,0.0,2075,-,Belum ditandai,unset
2026-06-04T01:25:45.777,5405016,169,0.13353333333333334,0.1988,0.0,90.0,5000,198.0,1,191.45,0.673,128,0.993,0.0,2075,-,Belum ditandai,unset
2026-06-04T01:25:46.278,5405541,165,0.13346666666666668,0.19873333333333335,0.0,90.0,5000,198.0,1,191.45,0.673,128,0.993,0.0,2075,-,Belum ditandai,unset
2026-06-04T01:25:46.779,5406063,166,0.13346666666666668,0.1986,0.0,90.0,5000,198.0,1,191.54,0.673,128,0.992,0.0,2075,-,Belum ditandai,unset
2026-06-04T01:25:47.344,5406625,167,0.13326666666666667,0.19813333333333333,0.0,90.0,5000,198.0,1,191.46,0.673,128,0.993,0.0,2075,-,Belum ditandai,unset
2026-06-04T01:25:47.865,5407150,164,0.13313333333333335,0.198,0.0,90.0,5000,198.0,1,191.46,0.673,128,0.993,0.0,2075,-,Belum ditandai,unset
2026-06-04T01:25:48.467,5407725,164,0.13306666666666667,0.19806666666666667,0.0,90.0,5000,198.0,1,191.45,0.673,128,0.993,0.0,2075,-,Belum ditandai,unset
2026-06-04T01:25:48.986,5408250,164,0.13233333333333333,0.19693333333333335,0.0,90.0,5000,198.0,1,191.45,0.673,128,0.993,0.0,2075,-,Belum ditandai,unset
2026-06-04T01:25:49.485,5408773,163,0.13206666666666667,0.19653333333333334,0.0,90.0,5000,198.0,1,191.48,0.673,128,0.993,0.0,2075,-,Belum ditandai,unset
2026-06-04T01:25:50.011,5409298,168,0.1326,0.19733333333333333,0.0,90.0,5000,198.0,1,191.48,0.673,128,0.993,0.0,2075,-,Belum ditandai,unset
2026-06-04T01:25:50.573,5409860,165,0.13340000000000002,0.19866666666666666,0.0,95.0,5000,209.0,1,191.49,0.673,128,0.993,0.0,2075,-,Belum ditandai,unset
2026-06-04T01:25:51.135,5410385,163,0.13346666666666668,0.19886666666666666,0.0,95.0,5000,209.0,1,191.49,0.673,128,0.993,0.0,2075,-,Belum ditandai,unset
2026-06-04T01:25:51.697,5410960,164,0.13346666666666668,0.19873333333333335,0.0,95.0,5000,209.0,1,202.08,0.689,139,0.998,0.0,2075,-,Belum ditandai,unset
2026-06-04T01:25:52.197,5411485,172,0.13366666666666666,0.1988,0.0,95.0,5000,209.0,1,202.08,0.689,139,0.998,0.0,2075,-,Belum ditandai,unset
2026-06-04T01:25:52.695,5412007,165,0.134,0.19926666666666668,0.0,95.0,5000,209.0,1,202.18,0.69,139,0.996,0.0,2075,-,Belum ditandai,unset
2026-06-04T01:25:53.256,5412532,164,0.1336,0.19886666666666666,0.0,95.0,5000,209.0,1,202.18,0.69,139,0.996,0.0,2075,-,Belum ditandai,unset
2026-06-04T01:25:53.816,5413094,168,0.13286666666666666,0.198,0.0,95.0,5000,209.0,1,202.14,0.69,139,0.996,0.0,2075,-,Belum ditandai,unset
2026-06-04T01:25:54.377,5413669,164,0.1322,0.19706666666666667,0.0,95.0,5000,209.0,1,202.13,0.689,139,0.998,0.0,2075,-,Belum ditandai,unset
2026-06-04T01:25:54.877,5414194,164,0.1318666666666667,0.19633333333333336,0.0,95.0,5000,209.0,1,202.13,0.689,139,0.998,0.0,2075,-,Belum ditandai,unset
2026-06-04T01:25:55.437,5414717,162,0.132,0.19646666666666668,0.0,95.0,5000,209.0,1,202.12,0.689,139,0.998,0.0,2075,-,Belum ditandai,unset
2026-06-04T01:25:55.936,5415242,167,0.13293333333333335,0.1978,0.0,95.0,5000,209.0,1,202.12,0.689,139,0.998,0.0,2075,-,Belum ditandai,unset
2026-06-04T01:25:56.497,5415804,166,0.13346666666666668,0.1986,0.0,95.0,5000,209.0,1,202.03,0.69,139,0.997,0.0,2075,-,Belum ditandai,unset
2026-06-04T01:25:56.999,5416329,160,0.13340000000000002,0.1984,0.0,95.0,5000,209.0,1,202.03,0.69,139,0.997,0.0,2075,-,Belum ditandai,unset
2026-06-04T01:25:57.502,5416809,166,0.13366666666666666,0.19853333333333334,0.0,95.0,5000,209.0,1,201.95,0.69,139,0.997,0.0,2075,-,Belum ditandai,unset
2026-06-04T01:25:58.001,5417334,168,0.134,0.19926666666666668,0.0,95.0,5000,209.0,1,201.95,0.69,139,0.997,0.0,2075,-,Belum ditandai,unset
2026-06-04T01:25:58.499,5417813,166,0.13406666666666667,0.19933333333333333,0.0,95.0,5000,209.0,1,201.95,0.691,139,0.996,0.0,2075,-,Belum ditandai,unset
2026-06-04T01:25:58.998,5418338,164,0.1336,0.199,0.0,95.0,5000,209.0,1,201.95,0.691,139,0.996,0.0,2075,-,Belum ditandai,unset
2026-06-04T01:25:59.498,5418808,165,0.13333333333333333,0.19873333333333335,0.0,95.0,5000,209.0,1,201.89,0.69,139,0.997,0.0,2075,-,Belum ditandai,unset
2026-06-04T01:25:59.997,5419333,166,0.13253333333333334,0.19740000000000002,0.0,95.0,5000,209.0,1,201.89,0.69,139,0.997,0.0,2075,-,Belum ditandai,unset
2026-06-04T01:26:00.564,5419856,158,0.1306,0.19453333333333334,0.0,95.0,5000,209.0,1,201.98,0.689,139,0.998,0.0,2075,-,Belum ditandai,unset
2026-06-04T01:26:01.064,5420381,166,0.1304,0.19406666666666667,0.0,95.0,5000,209.0,1,201.98,0.689,139,0.998,0.0,2075,-,Belum ditandai,unset
2026-06-04T01:26:01.623,5420943,167,0.1302,0.19386666666666666,0.0,95.0,5000,209.0,1,201.94,0.69,139,0.997,0.0,2075,-,Belum ditandai,unset
2026-06-04T01:26:02.125,5421468,165,0.13226666666666667,0.1968666666666667,0.0,95.0,5000,209.0,1,201.94,0.69,139,0.997,0.0,2075,-,Belum ditandai,unset
2026-06-04T01:26:02.626,5421948,165,0.13226666666666667,0.1968666666666667,0.0,95.0,5000,209.0,1,202.02,0.69,139,0.997,0.0,2075,-,Belum ditandai,unset
2026-06-04T01:26:03.127,5422473,171,0.13366666666666666,0.1988,0.0,95.0,5000,209.0,1,202.02,0.69,139,0.997,0.0,2075,-,Belum ditandai,unset
2026-06-04T01:26:03.627,5422952,165,0.13346666666666668,0.19846666666666668,0.0,95.0,5000,209.0,1,201.97,0.69,139,0.997,0.0,2075,-,Belum ditandai,unset
2026-06-04T01:26:04.127,5423477,163,0.13386666666666666,0.19913333333333333,0.0,95.0,5000,209.0,1,201.97,0.69,139,0.997,0.0,2075,-,Belum ditandai,unset
2026-06-04T01:26:04.625,5423947,163,0.1336,0.19886666666666666,0.0,95.0,5000,209.0,1,201.91,0.69,139,0.997,0.0,2075,-,Belum ditandai,unset
2026-06-04T01:26:05.123,5424472,165,0.13306666666666667,0.19820000000000002,0.0,95.0,5000,209.0,1,201.91,0.69,139,0.997,0.0,2075,-,Belum ditandai,unset
2026-06-04T01:26:05.685,5424994,163,0.1318,0.19640000000000002,0.0,95.0,5000,209.0,1,201.98,0.691,139,0.995,0.0,2075,-,Belum ditandai,unset
2026-06-04T01:26:06.184,5425519,172,0.13226666666666667,0.197,0.0,95.0,5000,209.0,1,201.98,0.691,139,0.995,0.0,2075,-,Belum ditandai,unset
2026-06-04T01:26:06.751,5426072,166,0.1328,0.19793333333333335,0.0,95.0,5000,209.0,1,202.1,0.691,139,0.995,0.0,2075,-,Belum ditandai,unset
2026-06-04T01:26:07.248,5426597,179,0.1344,0.20020000000000002,0.0,95.0,5000,209.0,1,202.1,0.691,139,0.995,0.0,2075,-,Belum ditandai,unset
2026-06-04T01:26:07.749,5427119,163,0.13406666666666667,0.19960000000000003,0.0,95.0,5000,209.0,1,202.07,0.694,140,0.998,0.0,2075,-,Belum ditandai,unset
2026-06-04T01:26:08.313,5427644,164,0.13313333333333335,0.19813333333333333,0.0,95.0,5000,209.0,1,202.07,0.694,140,0.998,0.0,2075,-,Belum ditandai,unset
2026-06-04T01:26:08.876,5428206,166,0.13233333333333333,0.19693333333333335,0.0,95.0,5000,209.0,1,202.04,0.692,140,1.0,0.0,2075,-,Belum ditandai,unset
2026-06-04T01:26:09.442,5428781,159,0.13233333333333333,0.19693333333333335,0.0,95.0,5000,209.0,1,201.9,0.691,139,0.996,0.0,2075,-,Belum ditandai,unset
2026-06-04T01:26:09.943,5429306,163,0.1326,0.19733333333333333,0.0,95.0,5000,209.0,1,201.9,0.691,139,0.996,0.0,2075,-,Belum ditandai,unset
2026-06-04T01:26:10.445,5429828,167,0.133,0.198,0.0,95.0,5000,209.0,1,201.95,0.691,139,0.996,0.0,2075,-,Belum ditandai,unset
2026-06-04T01:26:11.011,5430353,165,0.13306666666666667,0.19806666666666667,0.0,95.0,5000,209.0,1,201.95,0.691,139,0.996,0.0,2075,-,Belum ditandai,unset
2026-06-04T01:26:11.573,5430906,166,0.1332,0.19833333333333333,0.0,95.0,5000,209.0,1,202.06,0.691,139,0.995,0.0,2075,-,Belum ditandai,unset
2026-06-04T01:26:12.071,5431431,163,0.13326666666666667,0.19853333333333334,0.0,95.0,5000,209.0,1,202.06,0.691,139,0.995,0.0,2075,-,Belum ditandai,unset
2026-06-04T01:26:12.569,5431953,164,0.13346666666666668,0.199,0.0,95.0,5000,209.0,1,202.19,0.691,139,0.994,0.0,2075,-,Belum ditandai,unset
2026-06-04T01:26:13.131,5432478,164,0.13406666666666667,0.1998666666666667,0.0,95.0,5000,209.0,1,202.19,0.691,139,0.994,0.0,2075,-,Belum ditandai,unset
2026-06-04T01:26:13.691,5433040,165,0.13353333333333334,0.19893333333333332,0.0,95.0,5000,209.0,1,202.27,0.691,140,1.0,0.0,2075,-,Belum ditandai,unset
2026-06-04T01:26:14.191,5433565,166,0.13340000000000002,0.19866666666666666,0.0,95.0,5000,209.0,1,202.27,0.691,140,1.0,0.0,2075,-,Belum ditandai,unset
2026-06-04T01:26:14.690,5434035,163,0.13293333333333335,0.19793333333333335,0.0,95.0,5000,209.0,1,202.19,0.691,139,0.994,0.0,2075,-,Belum ditandai,unset
2026-06-04T01:26:15.191,5434560,166,0.13366666666666666,0.19893333333333332,0.0,95.0,5000,209.0,1,202.19,0.691,139,0.994,0.0,2075,-,Belum ditandai,unset
2026-06-04T01:26:15.689,5435083,166,0.13306666666666667,0.19806666666666667,0.0,95.0,5000,209.0,1,202.25,0.69,139,0.996,0.0,2075,-,Belum ditandai,unset
2026-06-04T01:26:16.249,5435608,159,0.13246666666666668,0.19720000000000001,0.0,95.0,5000,209.0,1,202.25,0.69,139,0.996,0.0,2075,-,Belum ditandai,unset
2026-06-04T01:26:16.811,5436170,149,0.13086666666666666,0.19493333333333332,0.0,95.0,5000,209.0,1,202.22,0.69,139,0.996,0.0,2075,-,Belum ditandai,unset
2026-06-04T01:26:17.313,5436695,168,0.1312,0.1954,0.0,95.0,5000,209.0,1,202.22,0.69,139,0.996,0.0,2075,-,Belum ditandai,unset
2026-06-04T01:26:17.875,5437270,169,0.13213333333333335,0.1968666666666667,0.0,95.0,5000,209.0,1,202.18,0.69,139,0.996,0.0,2075,-,Belum ditandai,unset
2026-06-04T01:26:18.435,5437795,166,0.13313333333333335,0.19826666666666667,0.0,95.0,5000,209.0,1,202.18,0.69,139,0.996,0.0,2075,-,Belum ditandai,unset
2026-06-04T01:26:19.057,5438422,163,0.1338,0.1992,0.0,95.0,5000,209.0,1,201.94,0.69,139,0.997,0.0,2075,-,Belum ditandai,unset
2026-06-04T01:26:19.620,5438984,166,0.13373333333333334,0.19926666666666668,0.0,95.0,5000,209.0,1,202.06,0.689,139,0.998,0.0,2075,-,Belum ditandai,unset
2026-06-04T01:26:20.118,5439509,164,0.13306666666666667,0.19846666666666668,0.0,95.0,5000,209.0,1,202.06,0.689,139,0.998,0.0,2075,-,Belum ditandai,unset
2026-06-04T01:26:20.680,5440084,163,0.13306666666666667,0.19846666666666668,0.0,95.0,5000,209.0,1,201.94,0.689,139,0.999,0.0,2075,-,Belum ditandai,unset
2026-06-04T01:26:21.239,5440609,165,0.13333333333333333,0.19873333333333335,0.0,95.0,5000,209.0,1,201.94,0.689,139,0.999,0.0,2075,-,Belum ditandai,unset
2026-06-04T01:26:21.740,5441132,166,0.13366666666666666,0.19893333333333332,0.0,95.0,5000,209.0,1,201.84,0.689,139,0.999,0.0,2075,-,Belum ditandai,unset
2026-06-04T01:26:22.239,5441657,168,0.1338,0.19906666666666667,0.0,95.0,5000,209.0,1,201.84,0.689,139,0.999,0.0,2075,-,Belum ditandai,unset
2026-06-04T01:26:22.741,5442114,165,0.1336,0.19873333333333335,0.0,95.0,5000,209.0,1,201.79,0.689,139,0.999,0.0,2075,-,Belum ditandai,unset
2026-06-04T01:26:23.240,5442639,163,0.13366666666666666,0.19893333333333332,0.0,95.0,5000,209.0,1,201.79,0.689,139,0.999,0.0,2075,-,Belum ditandai,unset
2026-06-04T01:26:23.804,5443214,166,0.13353333333333334,0.1988,0.0,95.0,5000,209.0,1,201.96,0.691,139,0.996,0.0,2075,-,Belum ditandai,unset
2026-06-04T01:26:24.305,5443739,151,0.13253333333333334,0.19726666666666667,0.0,95.0,5000,209.0,1,201.96,0.691,139,0.996,0.0,2075,-,Belum ditandai,unset
2026-06-04T01:26:24.867,5444261,164,0.13160000000000002,0.19580000000000003,0.0,95.0,5000,209.0,1,201.79,0.689,139,0.999,0.0,2075,-,Belum ditandai,unset
2026-06-04T01:26:25.397,5444786,165,0.13173333333333334,0.19593333333333335,0.0,95.0,5000,209.0,1,201.79,0.689,139,0.999,0.0,2075,-,Belum ditandai,unset
2026-06-04T01:26:25.897,5445339,165,0.1322,0.19666666666666668,0.0,95.0,5000,209.0,1,201.9,0.69,139,0.997,0.0,2075,-,Belum ditandai,unset
2026-06-04T01:26:26.443,5445864,155,0.1318666666666667,0.1962,0.0,95.0,5000,209.0,1,201.9,0.69,139,0.997,0.0,2075,-,Belum ditandai,unset
2026-06-04T01:26:26.956,5446386,154,0.13086666666666666,0.19466666666666665,0.0,95.0,5000,209.0,1,201.92,0.69,139,0.997,0.0,2075,-,Belum ditandai,unset
2026-06-04T01:26:27.539,5446948,169,0.1318,0.19613333333333335,0.0,95.0,5000,209.0,1,201.8,0.689,139,0.999,0.0,2075,-,Belum ditandai,unset
2026-06-04T01:26:28.129,5447578,162,0.13293333333333335,0.1978,0.0,95.0,5000,209.0,1,201.8,0.689,139,0.999,0.0,2075,-,Belum ditandai,unset
2026-06-04T01:26:28.626,5448048,166,0.1336,0.19886666666666666,0.0,95.0,5000,209.0,1,201.7,0.69,139,0.998,0.0,2075,-,Belum ditandai,unset
2026-06-04T01:26:29.230,5448678,165,0.13326666666666667,0.19826666666666667,0.0,95.0,5000,209.0,1,201.7,0.69,139,0.998,0.0,2075,-,Belum ditandai,unset
2026-06-04T01:26:29.795,5449201,165,0.1322,0.1968,0.0,95.0,5000,209.0,1,201.62,0.69,139,0.999,0.0,2075,-,Belum ditandai,unset
2026-06-04T01:26:30.402,5449831,166,0.1318666666666667,0.19633333333333336,0.0,95.0,5000,209.0,1,201.62,0.69,139,0.999,0.0,2075,-,Belum ditandai,unset
2026-06-04T01:26:30.964,5450393,166,0.1322,0.19666666666666668,0.0,95.0,5000,209.0,1,201.59,0.69,139,0.999,0.0,2075,-,Belum ditandai,unset
2026-06-04T01:26:31.509,5450968,166,0.1336,0.19873333333333335,0.0,95.0,5000,209.0,1,201.64,0.69,139,0.999,0.0,2075,-,Belum ditandai,unset
2026-06-04T01:26:32.047,5451493,165,0.13366666666666666,0.19893333333333332,0.0,95.0,5000,209.0,1,201.64,0.69,139,0.999,0.0,2075,-,Belum ditandai,unset
2026-06-04T01:26:32.574,5452016,167,0.13373333333333334,0.199,0.0,95.0,5000,209.0,1,201.51,0.689,139,1.0,0.0,2075,-,Belum ditandai,unset
2026-06-04T01:26:33.088,5452541,169,0.13426666666666667,0.19993333333333335,0.0,95.0,5000,209.0,1,201.51,0.689,139,1.0,0.0,2075,-,Belum ditandai,unset
2026-06-04T01:26:33.656,5453103,167,0.13473333333333332,0.2006666666666667,0.0,95.0,5000,209.0,1,201.68,0.689,139,1.0,0.0,2075,-,Belum ditandai,unset
2026-06-04T01:26:34.154,5453628,168,0.13466666666666666,0.20060000000000003,0.0,95.0,5000,209.0,1,201.68,0.689,139,1.0,0.0,2075,-,Belum ditandai,unset
2026-06-04T01:26:34.653,5454098,165,0.13433333333333333,0.2,0.0,95.0,5000,209.0,1,201.57,0.69,139,0.999,0.0,2075,-,Belum ditandai,unset
2026-06-04T01:26:35.173,5454623,166,0.13393333333333335,0.19906666666666667,0.0,95.0,5000,209.0,1,201.57,0.69,139,0.999,0.0,2075,-,Belum ditandai,unset
2026-06-04T01:26:35.714,5455145,168,0.13493333333333332,0.201,0.0,95.0,5000,209.0,1,201.64,0.69,139,0.999,0.0,2075,-,Belum ditandai,unset
2026-06-04T01:26:36.212,5455670,165,0.13500000000000004,0.20093333333333335,0.0,95.0,5000,209.0,1,201.64,0.69,139,0.999,0.0,2075,-,Belum ditandai,unset
2026-06-04T01:26:36.774,5456233,172,0.13473333333333332,0.2006666666666667,0.0,95.0,5000,209.0,1,201.59,0.689,139,1.0,0.0,2075,-,Belum ditandai,unset
2026-06-04T01:26:37.312,5456758,165,0.13293333333333335,0.19793333333333335,0.0,95.0,5000,209.0,1,201.59,0.689,139,1.0,0.0,2075,-,Belum ditandai,unset
2026-06-04T01:26:37.900,5457342,167,0.13273333333333334,0.19786666666666666,0.0,95.0,5000,209.0,1,201.23,0.689,138,0.995,0.0,2075,-,Belum ditandai,unset
2026-06-04T01:26:38.429,5457867,166,0.133,0.19813333333333333,0.0,80.0,5000,176.0,1,201.23,0.689,138,0.995,0.0,2075,-,Belum ditandai,unset
2026-06-04T01:26:38.986,5458442,164,0.13273333333333334,0.1976,0.0,80.0,5000,176.0,1,201.42,0.689,138,0.994,0.0,2075,-,Belum ditandai,unset
2026-06-04T01:26:39.483,5458967,163,0.13246666666666668,0.19720000000000001,0.0,80.0,5000,176.0,1,201.42,0.689,138,0.994,0.0,2075,-,Belum ditandai,unset
2026-06-04T01:26:40.045,5459490,167,0.13233333333333333,0.19693333333333335,0.0,80.0,5000,176.0,1,170.29,0.669,113,0.991,0.0,2075,-,Belum ditandai,unset
2026-06-04T01:26:40.606,5460052,165,0.1328,0.19753333333333334,0.0,80.0,5000,176.0,1,170.27,0.667,112,0.986,0.0,2075,-,Belum ditandai,unset
2026-06-04T01:26:41.230,5460682,166,0.133,0.19773333333333334,0.0,80.0,5000,176.0,1,170.27,0.667,112,0.986,0.0,2075,-,Belum ditandai,unset
2026-06-04T01:26:41.798,5461257,163,0.13273333333333334,0.1976,0.0,80.0,5000,176.0,1,170.3,0.668,112,0.984,0.0,2075,-,Belum ditandai,unset
2026-06-04T01:26:42.404,5461887,159,0.13346666666666668,0.1986,0.0,80.0,5000,176.0,1,170.3,0.668,112,0.984,0.0,2075,-,Belum ditandai,unset
2026-06-04T01:26:43.028,5462514,167,0.13386666666666666,0.19913333333333333,0.0,80.0,5000,176.0,1,170.25,0.668,112,0.984,0.0,2075,-,Belum ditandai,unset
2026-06-04T01:26:43.592,5463076,170,0.1336,0.19873333333333332,0.0,80.0,5000,176.0,1,170.37,0.667,112,0.985,0.0,2075,-,Belum ditandai,unset
2026-06-04T01:26:44.214,5463706,165,0.13366666666666666,0.19906666666666667,0.0,80.0,5000,176.0,1,170.37,0.667,112,0.985,0.0,2075,-,Belum ditandai,unset
2026-06-04T01:26:44.715,5464176,166,0.1332,0.19846666666666668,0.0,80.0,5000,176.0,1,170.35,0.668,112,0.984,0.0,2075,-,Belum ditandai,unset
2026-06-04T01:26:45.320,5464806,166,0.13233333333333333,0.19706666666666667,0.0,80.0,5000,176.0,1,170.35,0.668,112,0.984,0.0,2075,-,Belum ditandai,unset
2026-06-04T01:26:45.821,5465329,167,0.13240000000000002,0.1968666666666667,0.0,80.0,5000,176.0,1,170.42,0.667,112,0.985,0.0,2075,-,Belum ditandai,unset
2026-06-04T01:26:46.384,5465854,167,0.1322,0.19653333333333334,0.0,80.0,5000,176.0,1,170.42,0.667,112,0.985,0.0,2075,-,Belum ditandai,unset
2026-06-04T01:26:46.946,5466416,160,0.13246666666666668,0.1968,0.0,80.0,5000,176.0,1,170.28,0.667,112,0.986,0.0,2075,-,Belum ditandai,unset
2026-06-04T01:26:47.448,5466941,165,0.13266666666666668,0.19713333333333335,0.0,80.0,5000,176.0,1,170.28,0.667,112,0.986,0.0,2075,-,Belum ditandai,unset
2026-06-04T01:26:47.946,5467420,156,0.13233333333333333,0.19653333333333334,0.0,80.0,5000,176.0,1,170.28,0.667,112,0.986,0.0,2075,-,Belum ditandai,unset
2026-06-04T01:26:48.445,5467945,167,0.1322,0.19666666666666668,0.0,80.0,5000,176.0,1,170.28,0.667,112,0.986,0.0,2075,-,Belum ditandai,unset
2026-06-04T01:26:48.943,5468415,168,0.1326,0.19733333333333333,0.0,80.0,5000,176.0,1,170.21,0.667,112,0.986,0.0,2075,-,Belum ditandai,unset
2026-06-04T01:26:49.529,5469045,165,0.13266666666666668,0.19766666666666668,0.0,80.0,5000,176.0,1,170.21,0.667,112,0.986,0.0,2075,-,Belum ditandai,unset
2026-06-04T01:26:50.069,5469568,166,0.13366666666666666,0.19906666666666667,0.0,80.0,5000,176.0,1,170.19,0.667,112,0.986,0.0,2075,-,Belum ditandai,unset
2026-06-04T01:26:50.649,5470129,163,0.13306666666666667,0.19820000000000002,0.0,80.0,5000,176.0,1,170.16,0.666,112,0.988,0.0,2075,-,Belum ditandai,unset
2026-06-04T01:26:51.146,5470655,154,0.13326666666666667,0.1984,0.0,80.0,5000,176.0,1,170.16,0.666,112,0.988,0.0,2075,-,Belum ditandai,unset
2026-06-04T01:26:51.646,5471134,162,0.13173333333333334,0.19593333333333335,0.0,80.0,5000,176.0,1,170.29,0.667,112,0.986,0.0,2075,-,Belum ditandai,unset
2026-06-04T01:26:52.148,5471659,163,0.13213333333333335,0.19660000000000002,0.0,80.0,5000,176.0,1,170.29,0.667,112,0.986,0.0,2075,-,Belum ditandai,unset
2026-06-04T01:26:52.708,5472234,171,0.13306666666666667,0.1978,0.0,80.0,5000,176.0,1,170.2,0.667,112,0.986,0.0,2075,-,Belum ditandai,unset
2026-06-04T01:26:53.272,5472759,167,0.13486666666666666,0.20053333333333334,0.0,80.0,5000,176.0,1,170.2,0.667,112,0.986,0.0,2075,-,Belum ditandai,unset
2026-06-04T01:26:53.773,5473282,164,0.13419999999999999,0.19973333333333335,0.0,80.0,5000,176.0,1,170.13,0.668,112,0.985,0.0,2075,-,Belum ditandai,unset
2026-06-04T01:26:54.300,5473807,165,0.13333333333333333,0.1986,0.0,80.0,5000,176.0,1,170.13,0.668,112,0.985,0.0,2075,-,Belum ditandai,unset
2026-06-04T01:26:54.849,5474369,166,0.13293333333333335,0.19806666666666667,0.0,80.0,5000,176.0,1,170.08,0.667,112,0.987,0.0,2075,-,Belum ditandai,unset
2026-06-04T01:26:55.359,5474894,163,0.13140000000000002,0.1958666666666667,0.0,80.0,5000,176.0,1,170.08,0.667,112,0.987,0.0,2075,-,Belum ditandai,unset
2026-06-04T01:26:55.865,5475364,168,0.13173333333333334,0.19646666666666668,0.0,80.0,5000,176.0,1,170.25,0.668,112,0.984,0.0,2075,-,Belum ditandai,unset
2026-06-04T01:26:56.379,5475889,163,0.1310666666666667,0.1954,0.0,80.0,5000,176.0,1,170.25,0.668,112,0.984,0.0,2075,-,Belum ditandai,unset
2026-06-04T01:26:56.903,5476411,163,0.13253333333333334,0.19753333333333334,0.0,80.0,5000,176.0,1,170.25,0.668,112,0.984,0.0,2075,-,Belum ditandai,unset
2026-06-04T01:26:57.407,5476936,163,0.13153333333333334,0.1958666666666667,0.0,80.0,5000,176.0,1,170.25,0.668,112,0.984,0.0,2075,-,Belum ditandai,unset
2026-06-04T01:26:57.936,5477489,163,0.13173333333333334,0.1960666666666667,0.0,80.0,5000,176.0,1,170.12,0.668,112,0.985,0.0,2075,-,Belum ditandai,unset
2026-06-04T01:26:58.449,5478014,167,0.13226666666666667,0.1968666666666667,0.0,80.0,5000,176.0,1,170.12,0.668,112,0.985,0.0,2075,-,Belum ditandai,unset
2026-06-04T01:26:59.013,5478536,167,0.1338,0.1992,0.0,80.0,5000,176.0,1,169.92,0.669,112,0.985,0.0,2075,-,Belum ditandai,unset
2026-06-04T01:26:59.535,5479061,165,0.1344,0.20020000000000002,0.0,80.0,5000,176.0,1,169.92,0.669,112,0.985,0.0,2075,-,Belum ditandai,unset
2026-06-04T01:27:00.076,5479623,163,0.13386666666666666,0.1994,0.0,80.0,5000,176.0,1,170.01,0.668,112,0.986,0.0,2075,-,Belum ditandai,unset
2026-06-04T01:27:00.635,5480198,163,0.1326,0.19733333333333333,0.0,80.0,5000,176.0,1,170.01,0.669,112,0.984,0.0,2075,-,Belum ditandai,unset
2026-06-04T01:27:01.198,5480723,169,0.13286666666666666,0.1976,0.0,80.0,5000,176.0,1,170.01,0.669,112,0.984,0.0,2075,-,Belum ditandai,unset
2026-06-04T01:27:01.770,5481351,162,0.13253333333333334,0.197,0.0,80.0,5000,176.0,1,169.9,0.669,112,0.985,0.0,2075,-,Belum ditandai,unset
2026-06-04T01:27:02.300,5481876,163,0.133,0.19786666666666666,0.0,70.0,5000,154.0,1,169.9,0.669,112,0.985,0.0,2075,-,Belum ditandai,unset
2026-06-04T01:27:02.800,5482333,158,0.13113333333333335,0.19533333333333333,0.0,70.0,5000,154.0,1,170.0,0.669,112,0.984,0.0,2075,-,Belum ditandai,unset
2026-06-04T01:27:03.301,5482858,158,0.12886666666666666,0.192,0.0,70.0,5000,154.0,1,170.0,0.669,112,0.984,0.0,2075,-,Belum ditandai,unset
2026-06-04T01:27:03.857,5483433,161,0.1274,0.18973333333333334,0.0,70.0,5000,154.0,1,149.91,0.692,102,0.983,0.0,2075,-,Belum ditandai,unset
2026-06-04T01:27:04.421,5483958,156,0.127,0.18893333333333334,0.0,70.0,5000,154.0,1,149.91,0.692,102,0.983,0.0,2075,-,Belum ditandai,unset
2026-06-04T01:27:05.030,5484585,159,0.12633333333333333,0.188,0.0,70.0,5000,154.0,1,149.86,0.695,102,0.979,0.0,2075,-,Belum ditandai,unset
2026-06-04T01:27:05.694,5485252,162,0.126,0.18739999999999998,0.0,70.0,5000,154.0,1,150.0,0.697,102,0.975,0.0,2075,-,Belum ditandai,unset
2026-06-04T01:27:06.196,5485777,159,0.12693333333333334,0.18873333333333334,0.0,70.0,5000,154.0,1,150.0,0.697,102,0.975,0.0,2075,-,Belum ditandai,unset
2026-06-04T01:27:06.786,5486352,157,0.12806666666666666,0.19039999999999999,0.0,70.0,5000,154.0,1,149.89,0.695,102,0.979,0.0,2075,-,Belum ditandai,unset
2026-06-04T01:27:07.304,5486877,159,0.128,0.19033333333333333,0.0,70.0,5000,154.0,1,149.89,0.695,102,0.979,0.0,2075,-,Belum ditandai,unset
2026-06-04T01:27:07.837,5487399,157,0.12766666666666668,0.18986666666666666,0.0,60.0,5000,132.0,1,149.93,0.695,102,0.978,0.0,2075,-,Belum ditandai,unset
2026-06-04T01:27:08.444,5488029,159,0.12753333333333333,0.1896,0.0,60.0,5000,132.0,1,149.93,0.695,102,0.978,0.0,2075,-,Belum ditandai,unset
2026-06-04T01:27:09.006,5488591,159,0.12686666666666666,0.18853333333333333,0.0,60.0,5000,132.0,1,131.11,0.661,84,0.969,0.0,2075,-,Belum ditandai,unset
2026-06-04T01:27:09.507,5489116,158,0.12753333333333333,0.18946666666666667,0.0,60.0,5000,132.0,1,131.11,0.661,84,0.969,0.0,2075,-,Belum ditandai,unset
2026-06-04T01:27:10.010,5489586,156,0.1278,0.19,0.0,60.0,5000,132.0,1,130.01,0.729,92,0.97,0.0,2075,-,Belum ditandai,unset
2026-06-04T01:27:10.509,5490111,158,0.128,0.1906,0.0,60.0,5000,132.0,1,130.01,0.729,92,0.97,0.0,2075,-,Belum ditandai,unset
2026-06-04T01:27:11.071,5490633,155,0.1272,0.18953333333333333,0.0,60.0,5000,132.0,1,129.97,0.737,93,0.97,0.0,2075,-,Belum ditandai,unset
2026-06-04T01:27:11.571,5491158,159,0.1262,0.18793333333333334,0.0,60.0,5000,132.0,1,129.97,0.737,93,0.97,0.0,2075,-,Belum ditandai,unset
2026-06-04T01:27:12.134,5491720,158,0.12666666666666665,0.18866666666666668,0.0,60.0,5000,132.0,1,126.89,0.717,88,0.967,0.0,2075,-,Belum ditandai,unset
2026-06-04T01:27:12.698,5492295,161,0.12653333333333333,0.18833333333333335,0.0,60.0,5000,132.0,1,121.3,0.687,80,0.96,0.0,2075,-,Belum ditandai,unset
2026-06-04T01:27:13.200,5492820,157,0.12766666666666668,0.19006666666666666,0.0,60.0,5000,132.0,1,121.3,0.687,80,0.96,0.0,2075,-,Belum ditandai,unset
2026-06-04T01:27:13.762,5493343,160,0.12786666666666668,0.19013333333333332,0.0,60.0,5000,132.0,1,115.14,0.652,72,0.959,0.0,2075,-,Belum ditandai,unset
2026-06-04T01:27:14.260,5493868,160,0.12866666666666668,0.19126666666666667,0.0,60.0,5000,132.0,1,115.14,0.652,72,0.959,0.0,2075,-,Belum ditandai,unset
2026-06-04T01:27:14.821,5494430,148,0.12853333333333333,0.19113333333333332,0.0,60.0,5000,132.0,1,107.66,0.607,63,0.964,0.0,2075,-,Belum ditandai,unset
2026-06-04T01:27:15.322,5494955,155,0.12786666666666668,0.19006666666666666,0.0,60.0,5000,132.0,1,107.66,0.607,63,0.964,0.0,2075,-,Belum ditandai,unset
2026-06-04T01:27:15.822,5495424,153,0.1272,0.18926666666666667,0.0,60.0,5000,132.0,1,99.61,0.559,53,0.951,0.0,2075,-,Belum ditandai,unset
2026-06-04T01:27:16.320,5495949,159,0.1270666666666667,0.18913333333333335,0.0,60.0,5000,132.0,1,99.61,0.559,53,0.951,0.0,2075,-,Belum ditandai,unset
2026-06-04T01:27:16.883,5496472,156,0.1274,0.18973333333333334,0.0,60.0,5000,132.0,1,83.05,0.46,36,0.942,0.0,2075,-,Belum ditandai,unset
2026-06-04T01:27:17.384,5496997,160,0.12786666666666668,0.19046666666666667,0.0,60.0,5000,132.0,1,83.05,0.46,36,0.942,0.0,2075,-,Belum ditandai,unset
2026-06-04T01:27:17.947,5497559,158,0.1274,0.18973333333333334,0.0,60.0,5000,132.0,1,75.53,0.416,30,0.954,0.0,2075,-,Belum ditandai,unset
2026-06-04T01:27:18.447,5498084,158,0.12713333333333335,0.1894,0.0,60.0,5000,132.0,1,75.53,0.416,30,0.954,0.0,2075,-,Belum ditandai,unset
2026-06-04T01:27:18.948,5498554,157,0.12673333333333334,0.18873333333333334,0.0,60.0,5000,132.0,1,58.01,0.313,17,0.936,0.0,2075,-,Belum ditandai,unset
2026-06-04T01:27:19.446,5499079,159,0.12693333333333331,0.1892,0.0,60.0,5000,132.0,1,58.01,0.313,17,0.936,0.0,2075,-,Belum ditandai,unset
2026-06-04T01:27:20.007,5499602,159,0.12693333333333331,0.18913333333333335,0.0,60.0,5000,132.0,1,48.44,0.257,11,0.883,0.0,2075,-,Belum ditandai,unset
2026-06-04T01:27:20.506,5500127,154,0.1264,0.18833333333333335,0.0,60.0,5000,132.0,1,48.44,0.257,11,0.883,0.0,2075,-,Belum ditandai,unset
2026-06-04T01:27:21.066,5500689,156,0.12586666666666668,0.18753333333333336,0.0,60.0,5000,132.0,1,35.96,0.184,6,0.906,0.0,2075,-,Belum ditandai,unset
2026-06-04T01:27:21.566,5501214,158,0.12566666666666668,0.18719999999999998,0.0,60.0,5000,132.0,1,35.96,0.184,6,0.906,0.0,2075,-,Belum ditandai,unset
2026-06-04T01:27:22.064,5501681,159,0.1262,0.188,0.0,60.0,5000,132.0,1,15.76,0.066,0,0.0,0.0,2075,-,Belum ditandai,unset
2026-06-04T01:27:22.567,5502201,158,0.1266,0.18866666666666668,0.0,60.0,5000,132.0,1,15.76,0.066,0,0.0,0.0,2075,-,Belum ditandai,unset
2026-06-04T01:27:23.068,5502718,157,0.12726666666666667,0.1896,0.0,60.0,5000,132.0,1,0.63,0.0,0,0.0,0.0,2075,-,Belum ditandai,unset
2026-06-04T01:27:23.633,5503238,159,0.12793333333333334,0.19053333333333333,0.0,60.0,5000,132.0,1,0.63,0.0,0,0.0,0.0,2075,-,Belum ditandai,unset
2026-06-04T01:27:24.198,5503804,161,0.128,0.19046666666666667,0.0,60.0,5000,132.0,1,0.0,0.0,0,0.0,0.0,2075,-,Belum ditandai,unset
2026-06-04T01:27:24.697,5504324,159,0.12753333333333333,0.19013333333333332,0.0,60.0,5000,132.0,1,0.0,0.0,0,0.0,0.0,2075,-,Belum ditandai,unset
2026-06-04T01:27:25.194,5504842,159,0.1268,0.1892,0.0,60.0,5000,132.0,1,0.0,0.0,0,0.0,0.0,2075,-,Belum ditandai,unset
2026-06-04T01:27:25.755,5505398,158,0.1254,0.18713333333333332,0.0,60.0,5000,132.0,1,0.0,0.0,0,0.0,0.0,2075,-,Belum ditandai,unset
2026-06-04T01:27:26.253,5505918,159,0.1258,0.18766666666666668,0.0,60.0,5000,132.0,1,0.0,0.0,0,0.0,0.0,2075,-,Belum ditandai,unset
2026-06-04T01:27:26.814,5506435,156,0.12646666666666667,0.18826666666666667,0.0,60.0,5000,132.0,1,0.0,0.0,0,0.0,0.0,2075,-,Belum ditandai,unset
2026-06-04T01:27:27.314,5506955,158,0.12773333333333334,0.1902,0.0,60.0,5000,132.0,1,0.0,0.0,0,0.0,0.0,2075,-,Belum ditandai,unset
2026-06-04T01:27:27.875,5507522,160,0.12786666666666668,0.1902,0.0,60.0,5000,132.0,1,0.0,0.0,0,0.0,0.0,2075,-,Belum ditandai,unset
2026-06-04T01:27:28.376,5508042,159,0.12806666666666666,0.1908,0.0,60.0,5000,132.0,1,0.0,0.0,0,0.0,0.0,2075,-,Belum ditandai,unset
2026-06-04T01:27:28.874,5508559,160,0.12946666666666667,0.1928666666666667,0.0,60.0,5000,132.0,1,0.0,0.0,0,0.0,0.0,2075,-,Belum ditandai,unset
2026-06-04T01:27:29.439,5509079,158,0.13,0.1938,0.0,60.0,5000,132.0,1,0.0,0.0,0,0.0,0.0,2075,-,Belum ditandai,unset
2026-06-04T01:27:30.002,5509646,142,0.12926666666666667,0.19246666666666667,0.0,60.0,5000,132.0,1,0.0,0.0,0,0.0,0.0,2075,-,Belum ditandai,unset
2026-06-04T01:27:30.502,5510166,133,0.1258,0.18726666666666666,0.0,60.0,5000,132.0,1,0.0,0.0,0,0.0,0.0,2075,-,Belum ditandai,unset
2026-06-04T01:27:31.003,5510683,157,0.12560000000000002,0.1868,0.0,60.0,5000,132.0,1,0.0,0.0,0,0.0,0.0,2075,-,Belum ditandai,unset
2026-06-04T01:27:31.566,5511203,156,0.12553333333333333,0.18666666666666665,0.0,60.0,5000,132.0,1,0.0,0.0,0,0.0,0.0,2075,-,Belum ditandai,unset
2026-06-04T01:27:32.128,5511769,156,0.12726666666666667,0.18906666666666666,0.0,60.0,5000,132.0,1,0.0,0.0,0,0.0,0.0,2075,-,Belum ditandai,unset
2026-06-04T01:27:32.627,5512289,169,0.12733333333333335,0.18913333333333335,0.0,60.0,5000,132.0,1,0.0,0.0,0,0.0,0.0,2075,-,Belum ditandai,unset
2026-06-04T01:27:33.125,5512807,158,0.128,0.19046666666666667,0.0,60.0,5000,132.0,1,0.0,0.0,0,0.0,0.0,2075,-,Belum ditandai,unset
2026-06-04T01:27:33.622,5513327,160,0.12846666666666667,0.19119999999999998,0.0,60.0,5000,132.0,1,0.0,0.0,0,0.0,0.0,2075,-,Belum ditandai,unset
2026-06-04T01:27:34.184,5513883,162,0.12833333333333333,0.19106666666666666,0.0,60.0,5000,132.0,1,0.0,0.0,0,0.0,0.0,2075,-,Belum ditandai,unset
2026-06-04T01:27:34.748,5514403,161,0.12813333333333335,0.19033333333333333,0.0,60.0,5000,132.0,1,0.0,0.0,0,0.0,0.0,2075,-,Belum ditandai,unset
2026-06-04T01:27:35.370,5515024,159,0.12826666666666667,0.19086666666666666,0.0,60.0,5000,132.0,1,0.0,0.0,0,0.0,0.0,2075,-,Belum ditandai,unset
2026-06-04T01:27:35.933,5515591,154,0.127,0.18913333333333335,0.0,60.0,5000,132.0,1,0.0,0.0,0,0.0,0.0,2075,-,Belum ditandai,unset
2026-06-04T01:27:36.433,5516111,159,0.12686666666666666,0.189,0.0,60.0,5000,132.0,1,0.0,0.0,0,0.0,0.0,2075,-,Belum ditandai,unset
2026-06-04T01:27:36.930,5516628,156,0.1266,0.18846666666666667,0.0,60.0,5000,132.0,1,0.0,0.0,0,0.0,0.0,2075,-,Belum ditandai,unset
2026-06-04T01:27:37.431,5517148,160,0.12826666666666667,0.19073333333333334,0.0,60.0,5000,132.0,1,0.0,0.0,0,0.0,0.0,2075,-,Belum ditandai,unset
2026-06-04T01:27:37.933,5517610,160,0.12826666666666667,0.19086666666666666,0.0,60.0,5000,132.0,1,0.0,0.0,0,0.0,0.0,2075,-,Belum ditandai,unset
2026-06-04T01:27:38.434,5518130,155,0.12793333333333334,0.19026666666666667,0.0,60.0,5000,132.0,1,0.0,0.0,0,0.0,0.0,2075,-,Belum ditandai,unset
2026-06-04T01:27:38.935,5518648,157,0.12773333333333334,0.1902,0.0,60.0,5000,132.0,1,0.0,0.0,0,0.0,0.0,2075,-,Belum ditandai,unset
2026-06-04T01:27:39.496,5519168,159,0.12760000000000002,0.18993333333333334,0.0,60.0,5000,132.0,1,0.0,0.0,0,0.0,0.0,2075,-,Belum ditandai,unset
2026-06-04T01:27:40.044,5519724,155,0.12726666666666667,0.18946666666666667,0.0,60.0,5000,132.0,1,0.0,0.0,0,0.0,0.0,2075,-,Belum ditandai,unset
2026-06-04T01:27:40.544,5520244,156,0.12793333333333334,0.19013333333333332,0.0,60.0,5000,132.0,1,0.0,0.0,0,0.0,0.0,2075,-,Belum ditandai,unset
2026-06-04T01:27:41.044,5520762,159,0.12813333333333335,0.19033333333333333,0.0,60.0,5000,132.0,1,0.0,0.0,0,0.0,0.0,2075,-,Belum ditandai,unset
2026-06-04T01:27:41.605,5521282,162,0.12940000000000002,0.19213333333333335,0.0,60.0,5000,132.0,1,0.0,0.0,0,0.0,0.0,2075,-,Belum ditandai,unset
2026-06-04T01:27:42.166,5521843,154,0.12886666666666666,0.19160000000000002,0.0,60.0,5000,132.0,1,0.0,0.0,0,0.0,0.0,2075,-,Belum ditandai,unset
2026-06-04T01:27:42.667,5522363,157,0.12813333333333335,0.19073333333333334,0.0,60.0,5000,132.0,1,0.0,0.0,0,0.0,0.0,2075,-,Belum ditandai,unset
2026-06-04T01:27:43.169,5522885,158,0.1272,0.18953333333333333,0.0,60.0,5000,132.0,1,0.0,0.0,0,0.0,0.0,2075,-,Belum ditandai,unset
2026-06-04T01:27:43.672,5523405,158,0.1270666666666667,0.1894,0.0,60.0,5000,132.0,1,0.0,0.0,0,0.0,0.0,2075,-,Belum ditandai,unset
2026-06-04T01:27:44.172,5523858,159,0.12766666666666668,0.19026666666666667,0.0,60.0,5000,132.0,1,0.0,0.0,0,0.0,0.0,2075,-,Belum ditandai,unset
2026-06-04T01:27:44.672,5524378,158,0.1278,0.19039999999999999,0.0,60.0,5000,132.0,1,0.0,0.0,0,0.0,0.0,2075,-,Belum ditandai,unset
2026-06-04T01:27:45.174,5524864,41,0.12153333333333333,0.18113333333333334,0.0,60.0,5000,132.0,0,0.0,0.0,0,0.0,0.0,2076,-,Belum ditandai,unset
2026-06-04T01:27:45.672,5525384,3,0.0806,0.12013333333333334,0.0,60.0,5000,132.0,0,0.0,0.0,0,0.0,0.0,2076,-,Belum ditandai,unset
2026-06-04T01:27:46.171,5525870,4,0.05566666666666666,0.083,0.0,60.0,5000,132.0,0,0.0,0.0,0,0.0,0.0,2077,-,Belum ditandai,unset
2026-06-04T01:27:46.671,5526390,3,0.014,0.021266666666666666,0.0,60.0,5000,132.0,0,0.0,0.0,0,0.0,0.0,2077,-,Belum ditandai,unset
2026-06-04T01:27:47.170,5526876,6,0.0033333333333333335,0.0054666666666666665,0.0,60.0,5000,132.0,0,0.0,0.0,0,0.0,0.0,2078,-,Belum ditandai,unset
2026-06-04T01:27:47.669,5527396,3,0.002866666666666667,0.004866666666666667,0.0,60.0,5000,132.0,0,0.0,0.0,0,0.0,0.0,2078,-,Belum ditandai,unset
2026-06-04T01:27:48.231,5527986,3,0.002533333333333333,0.004533333333333334,0.0,60.0,5000,132.0,0,0.0,0.0,0,0.0,0.0,2079,-,Belum ditandai,unset
2026-06-04T01:27:48.792,5528506,4,0.0026,0.004600000000000001,0.0,60.0,5000,132.0,0,0.0,0.0,0,0.0,0.0,2079,-,Belum ditandai,unset
2026-06-04T01:27:49.356,5529096,7,0.0026666666666666666,0.004666666666666667,0.0,60.0,5000,132.0,0,0.0,0.0,0,0.0,0.0,2080,-,Belum ditandai,unset
2026-06-04T01:27:50.043,5529790,6,0.0028,0.0048000000000000004,0.0,60.0,5000,132.0,0,0.0,0.0,0,0.0,0.0,2081,-,Belum ditandai,unset
2026-06-04T01:27:50.542,5530310,3,0.0029333333333333334,0.004933333333333333,0.0,60.0,5000,132.0,0,0.0,0.0,0,0.0,0.0,2081,-,Belum ditandai,unset
2026-06-04T01:27:51.046,5530796,3,0.0029333333333333334,0.004933333333333333,0.0,60.0,5000,132.0,0,0.0,0.0,0,0.0,0.0,2082,-,Belum ditandai,unset
2026-06-04T01:27:51.547,5531316,6,0.003266666666666667,0.0054,0.0,60.0,5000,132.0,0,0.0,0.0,0,0.0,0.0,2082,-,Belum ditandai,unset
2026-06-04T01:27:52.052,5531802,4,0.0033333333333333335,0.0054666666666666665,0.0,60.0,5000,132.0,0,0.0,0.0,0,0.0,0.0,2083,-,Belum ditandai,unset
2026-06-04T01:27:52.550,5532322,4,0.0032,0.005333333333333333,0.0,60.0,5000,132.0,0,0.0,0.0,0,0.0,0.0,2083,-,Belum ditandai,unset
2026-06-04T01:27:53.049,5532808,3,0.0028,0.0048000000000000004,0.0,60.0,5000,132.0,0,0.0,0.0,0,0.0,0.0,2084,-,Belum ditandai,unset
2026-06-04T01:27:53.552,5533328,3,0.002533333333333333,0.004533333333333334,0.0,60.0,5000,132.0,0,0.0,0.0,0,0.0,0.0,2084,-,Belum ditandai,unset
2026-06-04T01:27:54.053,5533814,4,0.002866666666666667,0.005,0.0,60.0,5000,132.0,0,0.0,0.0,0,0.0,0.0,2085,-,Belum ditandai,unset
2026-06-04T01:27:54.554,5534334,5,0.0032,0.005333333333333333,0.0,60.0,5000,132.0,0,0.0,0.0,0,0.0,0.0,2085,-,Belum ditandai,unset
2026-06-04T01:27:55.052,5534820,5,0.003466666666666667,0.0056,0.0,60.0,5000,132.0,0,0.0,0.0,0,0.0,0.0,2086,-,Belum ditandai,unset
2026-06-04T01:27:55.554,5535340,4,0.003,0.005,0.0,60.0,5000,132.0,0,0.0,0.0,0,0.0,0.0,2086,-,Belum ditandai,unset
2026-06-04T01:27:56.056,5535826,3,0.002866666666666667,0.004866666666666667,0.0,60.0,5000,132.0,0,0.0,0.0,0,0.0,0.0,2087,-,Belum ditandai,unset
2026-06-04T01:27:56.559,5536346,3,0.0028,0.0048000000000000004,0.0,60.0,5000,132.0,0,0.0,0.0,0,0.0,0.0,2087,-,Belum ditandai,unset
2026-06-04T01:27:57.183,5536936,3,0.0027333333333333333,0.004733333333333334,0.0,60.0,5000,132.0,0,0.0,0.0,0,0.0,0.0,2088,-,Belum ditandai,unset
2026-06-04T01:27:57.681,5537456,4,0.002866666666666667,0.004866666666666667,0.0,60.0,5000,132.0,0,0.0,0.0,0,0.0,0.0,2088,-,Belum ditandai,unset
2026-06-04T01:27:58.183,5537942,3,0.0026,0.004600000000000001,0.0,60.0,5000,132.0,0,0.0,0.0,0,0.0,0.0,2089,-,Belum ditandai,unset
2026-06-04T01:27:58.680,5538462,3,0.0024666666666666665,0.0044666666666666665,0.0,60.0,5000,132.0,0,0.0,0.0,0,0.0,0.0,2089,-,Belum ditandai,unset
2026-06-04T01:27:59.181,5538948,4,0.0023333333333333335,0.004333333333333333,0.0,60.0,5000,132.0,0,0.0,0.0,0,0.0,0.0,2090,-,Belum ditandai,unset
2026-06-04T01:27:59.681,5539468,7,0.0028,0.0048000000000000004,0.0,60.0,5000,132.0,0,0.0,0.0,0,0.0,0.0,2090,-,Belum ditandai,unset
2026-06-04T01:28:00.178,5539954,5,0.0032,0.0052,0.0,60.0,5000,132.0,0,0.0,0.0,0,0.0,0.0,2091,-,Belum ditandai,unset
2026-06-04T01:28:00.677,5540474,3,0.0034000000000000002,0.0054,0.0,60.0,5000,132.0,0,0.0,0.0,0,0.0,0.0,2091,-,Belum ditandai,unset
2026-06-04T01:28:01.174,5540960,5,0.003533333333333333,0.005533333333333334,0.0,60.0,5000,132.0,0,0.0,0.0,0,0.0,0.0,2092,-,Belum ditandai,unset
2026-06-04T01:28:01.674,5541480,4,0.003,0.005,0.0,60.0,5000,132.0,0,0.0,0.0,0,0.0,0.0,2092,-,Belum ditandai,unset
2026-06-04T01:28:02.176,5541966,4,0.0029333333333333334,0.004933333333333333,0.0,60.0,5000,132.0,0,0.0,0.0,0,0.0,0.0,2093,-,Belum ditandai,unset
2026-06-04T01:28:02.674,5542486,5,0.0029333333333333334,0.004933333333333333,0.0,60.0,5000,132.0,0,0.0,0.0,0,0.0,0.0,2093,-,Belum ditandai,unset
2026-06-04T01:28:03.177,5542972,3,0.0028,0.0048000000000000004,0.0,60.0,5000,132.0,0,0.0,0.0,0,0.0,0.0,2094,-,Belum ditandai,unset
2026-06-04T01:28:03.676,5543492,4,0.0031333333333333335,0.0051333333333333335,0.0,60.0,5000,132.0,0,0.0,0.0,0,0.0,0.0,2094,-,Belum ditandai,unset
2026-06-04T01:28:04.178,5543978,5,0.0031333333333333335,0.0051333333333333335,0.0,60.0,5000,132.0,0,0.0,0.0,0,0.0,0.0,2095,-,Belum ditandai,unset
2026-06-04T01:28:04.675,5544498,4,0.003466666666666667,0.0056,0.0,60.0,5000,132.0,0,0.0,0.0,0,0.0,0.0,2095,-,Belum ditandai,unset
2026-06-04T01:28:05.174,5544984,3,0.0034000000000000002,0.005533333333333334,0.0,60.0,5000,132.0,0,0.0,0.0,0,0.0,0.0,2096,-,Belum ditandai,unset
2026-06-04T01:28:05.737,5545504,3,0.0030666666666666668,0.0052,0.0,60.0,5000,132.0,0,0.0,0.0,0,0.0,0.0,2096,-,Belum ditandai,unset
2026-06-04T01:28:06.298,5546094,6,0.0031333333333333335,0.005266666666666667,0.0,60.0,5000,132.0,0,0.0,0.0,0,0.0,0.0,2097,-,Belum ditandai,unset
2026-06-04T01:28:06.802,5546614,4,0.0027333333333333333,0.004733333333333334,0.0,60.0,5000,132.0,0,0.0,0.0,0,0.0,0.0,2097,-,Belum ditandai,unset
2026-06-04T01:28:07.299,5547100,3,0.0026,0.004600000000000001,0.0,60.0,5000,132.0,0,0.0,0.0,0,0.0,0.0,2098,-,Belum ditandai,unset
2026-06-04T01:28:07.799,5547620,6,0.0028,0.0048000000000000004,0.0,60.0,5000,132.0,0,0.0,0.0,0,0.0,0.0,2098,-,Belum ditandai,unset
2026-06-04T01:28:08.300,5548106,3,0.0028,0.0048000000000000004,0.0,60.0,5000,132.0,0,0.0,0.0,0,0.0,0.0,2099,-,Belum ditandai,unset
2026-06-04T01:28:08.802,5548626,7,0.003,0.005,0.0,60.0,5000,132.0,0,0.0,0.0,0,0.0,0.0,2099,-,Belum ditandai,unset
2026-06-04T01:28:09.304,5549112,4,0.0033333333333333335,0.005333333333333333,0.0,60.0,5000,132.0,0,0.0,0.0,0,0.0,0.0,2100,-,Belum ditandai,unset
2026-06-04T01:28:09.806,5549632,3,0.003533333333333333,0.005666666666666667,0.0,60.0,5000,132.0,0,0.0,0.0,0,0.0,0.0,2100,-,Belum ditandai,unset
2026-06-04T01:28:10.310,5550118,3,0.003533333333333333,0.005666666666666667,0.0,60.0,5000,132.0,0,0.0,0.0,0,0.0,0.0,2101,-,Belum ditandai,unset
2026-06-04T01:28:10.809,5550638,3,0.0032,0.005333333333333333,0.0,60.0,5000,132.0,0,0.0,0.0,0,0.0,0.0,2101,-,Belum ditandai,unset
2026-06-04T01:28:11.433,5551228,4,0.0029333333333333334,0.004933333333333333,0.0,60.0,5000,132.0,0,0.0,0.0,0,0.0,0.0,2102,-,Belum ditandai,unset
2026-06-04T01:28:12.119,5551922,6,0.003,0.005,0.0,60.0,5000,132.0,0,0.0,0.0,0,0.0,0.0,2103,-,Belum ditandai,unset
2026-06-04T01:28:12.620,5552442,3,0.002866666666666667,0.004866666666666667,0.0,60.0,5000,132.0,0,0.0,0.0,0,0.0,0.0,2103,-,Belum ditandai,unset
2026-06-04T01:28:13.120,5552928,4,0.003,0.005,0.0,60.0,5000,132.0,0,0.0,0.0,0,0.0,0.0,2104,-,Belum ditandai,unset
2026-06-04T01:28:13.620,5553448,3,0.0029333333333333334,0.004933333333333333,0.0,60.0,5000,132.0,0,0.0,0.0,0,0.0,0.0,2104,-,Belum ditandai,unset
2026-06-04T01:28:14.119,5553934,3,0.002533333333333333,0.004533333333333334,0.0,60.0,5000,132.0,0,0.0,0.0,0,0.0,0.0,2105,-,Belum ditandai,unset
2026-06-04T01:28:14.616,5554454,4,0.0027333333333333333,0.004733333333333334,0.0,60.0,5000,132.0,0,0.0,0.0,0,0.0,0.0,2105,-,Belum ditandai,unset
2026-06-04T01:28:15.117,5554940,4,0.0028,0.0048000000000000004,0.0,60.0,5000,132.0,0,0.0,0.0,0,0.0,0.0,2106,-,Belum ditandai,unset
2026-06-04T01:28:15.617,5555460,9,0.003266666666666667,0.0054,0.0,60.0,5000,132.0,0,0.0,0.0,0,0.0,0.0,2106,-,Belum ditandai,unset
2026-06-04T01:28:16.117,5555946,3,0.0033333333333333335,0.0054666666666666665,0.0,60.0,5000,132.0,0,0.0,0.0,0,0.0,0.0,2107,-,Belum ditandai,unset
2026-06-04T01:28:16.621,5556466,4,0.0031333333333333335,0.005266666666666667,0.0,60.0,5000,132.0,0,0.0,0.0,0,0.0,0.0,2107,-,Belum ditandai,unset
2026-06-04T01:28:17.123,5556952,5,0.0030666666666666668,0.0052,0.0,60.0,5000,132.0,0,0.0,0.0,0,0.0,0.0,2108,-,Belum ditandai,unset
2026-06-04T01:28:17.624,5557472,3,0.0028,0.0048000000000000004,0.0,60.0,5000,132.0,0,0.0,0.0,0,0.0,0.0,2108,-,Belum ditandai,unset
2026-06-04T01:28:18.124,5557958,11,0.0033333333333333335,0.0054666666666666665,0.0,60.0,5000,132.0,0,0.0,0.0,0,0.0,0.0,2109,-,Belum ditandai,unset
2026-06-04T01:28:18.626,5558478,7,0.0036666666666666666,0.0058,0.0,60.0,5000,132.0,0,0.0,0.0,0,0.0,0.0,2109,-,Belum ditandai,unset
2026-06-04T01:28:19.125,5558964,4,0.0036,0.005733333333333334,0.0,60.0,5000,132.0,0,0.0,0.0,0,0.0,0.0,2110,-,Belum ditandai,unset
2026-06-04T01:28:19.623,5559484,3,0.0034000000000000002,0.005533333333333334,0.0,60.0,5000,132.0,0,0.0,0.0,0,0.0,0.0,2110,-,Belum ditandai,unset
2026-06-04T01:28:20.124,5559970,5,0.0033333333333333335,0.0054666666666666665,0.0,60.0,5000,132.0,0,0.0,0.0,0,0.0,0.0,2111,-,Belum ditandai,unset
2026-06-04T01:28:20.624,5560490,6,0.0033333333333333335,0.0054666666666666665,0.0,60.0,5000,132.0,0,0.0,0.0,0,0.0,0.0,2111,-,Belum ditandai,unset
2026-06-04T01:28:21.122,5560976,3,0.0036,0.005866666666666667,0.0,60.0,5000,132.0,0,0.0,0.0,0,0.0,0.0,2112,-,Belum ditandai,unset
2026-06-04T01:28:21.622,5561496,5,0.0036,0.005733333333333334,0.0,60.0,5000,132.0,0,0.0,0.0,0,0.0,0.0,2112,-,Belum ditandai,unset
2026-06-04T01:28:22.122,5561982,4,0.0033333333333333335,0.0054666666666666665,0.0,60.0,5000,132.0,0,0.0,0.0,0,0.0,0.0,2113,-,Belum ditandai,unset
2026-06-04T01:28:22.743,5562606,3,0.003,0.0051333333333333335,0.0,60.0,5000,132.0,0,0.0,0.0,0,0.0,0.0,2113,-,Belum ditandai,unset
2026-06-04T01:28:23.242,5563092,4,0.0029333333333333334,0.005066666666666666,0.0,60.0,5000,132.0,0,0.0,0.0,0,0.0,0.0,2114,-,Belum ditandai,unset
2026-06-04T01:28:23.743,5563612,6,0.0033333333333333335,0.0056,0.0,60.0,5000,132.0,0,0.0,0.0,0,0.0,0.0,2114,-,Belum ditandai,unset
2026-06-04T01:28:24.242,5564098,9,0.0033333333333333335,0.0056,0.0,60.0,5000,132.0,0,0.0,0.0,0,0.0,0.0,2115,-,Belum ditandai,unset
2026-06-04T01:28:24.746,5564618,3,0.0036,0.005866666666666667,0.0,60.0,5000,132.0,0,0.0,0.0,0,0.0,0.0,2115,-,Belum ditandai,unset
2026-06-04T01:28:25.247,5565104,3,0.003533333333333333,0.0058,0.0,60.0,5000,132.0,0,0.0,0.0,0,0.0,0.0,2116,-,Belum ditandai,unset
2026-06-04T01:28:25.744,5565624,3,0.0029333333333333334,0.005066666666666666,0.0,60.0,5000,132.0,0,0.0,0.0,0,0.0,0.0,2116,-,Belum ditandai,unset
2026-06-04T01:28:26.244,5566110,4,0.002533333333333333,0.004533333333333334,0.0,60.0,5000,132.0,0,0.0,0.0,0,0.0,0.0,2117,-,Belum ditandai,unset
2026-06-04T01:28:26.743,5566630,3,0.0024666666666666665,0.0044666666666666665,0.0,60.0,5000,132.0,0,0.0,0.0,0,0.0,0.0,2117,-,Belum ditandai,unset
2026-06-04T01:28:27.243,5567116,6,0.0026,0.004600000000000001,0.0,60.0,5000,132.0,0,0.0,0.0,0,0.0,0.0,2118,-,Belum ditandai,unset
2026-06-04T01:28:27.747,5567636,6,0.003533333333333333,0.005666666666666667,0.0,60.0,5000,132.0,0,0.0,0.0,0,0.0,0.0,2118,-,Belum ditandai,unset
2026-06-04T01:28:28.248,5568122,3,0.003466666666666667,0.0056,0.0,60.0,5000,132.0,0,0.0,0.0,0,0.0,0.0,2119,-,Belum ditandai,unset
2026-06-04T01:28:28.748,5568642,8,0.0036,0.005866666666666667,0.0,60.0,5000,132.0,0,0.0,0.0,0,0.0,0.0,2119,-,Belum ditandai,unset
2026-06-04T01:28:29.248,5569128,3,0.003466666666666667,0.005733333333333334,0.0,60.0,5000,132.0,0,0.0,0.0,0,0.0,0.0,2120,-,Belum ditandai,unset
2026-06-04T01:28:29.871,5569752,4,0.0030666666666666668,0.0052,0.0,60.0,5000,132.0,0,0.0,0.0,0,0.0,0.0,2120,-,Belum ditandai,unset
2026-06-04T01:28:30.431,5570342,3,0.0032,0.005333333333333333,0.0,60.0,5000,132.0,0,0.0,0.0,0,0.0,0.0,2121,-,Belum ditandai,unset
2026-06-04T01:28:31.174,5571036,3,0.003,0.005,0.0,60.0,5000,132.0,0,0.0,0.0,0,0.0,0.0,2122,-,Belum ditandai,unset
2026-06-04T01:28:31.675,5571556,13,0.0030666666666666668,0.005333333333333333,0.0,60.0,5000,132.0,0,0.0,0.0,0,0.0,0.0,2122,-,Belum ditandai,unset
2026-06-04T01:28:32.174,5572042,3,0.0032,0.0054666666666666665,0.0,60.0,5000,132.0,0,0.0,0.0,0,0.0,0.0,2123,-,Belum ditandai,unset
2026-06-04T01:28:32.676,5572562,5,0.003,0.005266666666666667,0.0,60.0,5000,132.0,0,0.0,0.0,0,0.0,0.0,2123,-,Belum ditandai,unset
2026-06-04T01:28:33.176,5573048,3,0.003,0.005266666666666667,0.0,60.0,5000,132.0,0,0.0,0.0,0,0.0,0.0,2124,-,Belum ditandai,unset
2026-06-04T01:28:33.673,5573568,3,0.0023333333333333335,0.004333333333333333,0.0,60.0,5000,132.0,0,0.0,0.0,0,0.0,0.0,2124,-,Belum ditandai,unset
2026-06-04T01:28:34.175,5574054,3,0.0026,0.004600000000000001,0.0,60.0,5000,132.0,0,0.0,0.0,0,0.0,0.0,2125,-,Belum ditandai,unset
2026-06-04T01:28:34.674,5574574,5,0.003,0.0051333333333333335,0.0,60.0,5000,132.0,0,0.0,0.0,0,0.0,0.0,2125,-,Belum ditandai,unset
2026-06-04T01:28:35.172,5575060,6,0.0032,0.005333333333333333,0.0,60.0,5000,132.0,0,0.0,0.0,0,0.0,0.0,2126,-,Belum ditandai,unset
2026-06-04T01:28:35.670,5575580,3,0.0030666666666666668,0.0052,0.0,60.0,5000,132.0,0,0.0,0.0,0,0.0,0.0,2126,-,Belum ditandai,unset
2026-06-04T01:28:36.231,5576170,3,0.0033333333333333335,0.0054666666666666665,0.0,60.0,5000,132.0,0,0.0,0.0,0,0.0,0.0,2127,-,Belum ditandai,unset
2026-06-04T01:28:36.796,5576690,3,0.0030666666666666668,0.005066666666666666,0.0,60.0,5000,132.0,0,0.0,0.0,0,0.0,0.0,2127,-,Belum ditandai,unset
2026-06-04T01:28:37.358,5577280,3,0.0030666666666666668,0.005066666666666666,0.0,60.0,5000,132.0,0,0.0,0.0,0,0.0,0.0,2128,-,Belum ditandai,unset
2026-06-04T01:28:38.167,5578078,3,0.0027333333333333333,0.004733333333333334,0.0,60.0,5000,132.0,0,0.0,0.0,0,0.0,0.0,2129,-,Belum ditandai,unset
2026-06-04T01:28:38.666,5578598,3,0.0024666666666666665,0.0044666666666666665,0.0,60.0,5000,132.0,0,0.0,0.0,0,0.0,0.0,2129,-,Belum ditandai,unset
2026-06-04T01:28:39.170,5579084,3,0.0022,0.0042,0.0,60.0,5000,132.0,0,0.0,0.0,0,0.0,0.0,2130,-,Belum ditandai,unset
2026-06-04T01:28:39.670,5579604,6,0.003266666666666667,0.0054,0.0,60.0,5000,132.0,0,0.0,0.0,0,0.0,0.0,2130,-,Belum ditandai,unset
2026-06-04T01:28:40.292,5580194,3,0.0031333333333333335,0.005266666666666667,0.0,60.0,5000,132.0,0,0.0,0.0,0,0.0,0.0,2131,-,Belum ditandai,unset
2026-06-04T01:28:40.792,5580714,4,0.0033333333333333335,0.0054666666666666665,0.0,60.0,5000,132.0,0,0.0,0.0,0,0.0,0.0,2131,-,Belum ditandai,unset
2026-06-04T01:28:41.292,5581200,3,0.0030666666666666668,0.0052,0.0,60.0,5000,132.0,0,0.0,0.0,0,0.0,0.0,2132,-,Belum ditandai,unset
2026-06-04T01:28:41.792,5581720,3,0.002533333333333333,0.004533333333333334,0.0,60.0,5000,132.0,0,0.0,0.0,0,0.0,0.0,2132,-,Belum ditandai,unset
2026-06-04T01:28:42.293,5582206,3,0.002533333333333333,0.004533333333333334,0.0,60.0,5000,132.0,0,0.0,0.0,0,0.0,0.0,2133,-,Belum ditandai,unset
2026-06-04T01:28:42.795,5582726,3,0.0024666666666666665,0.0044666666666666665,0.0,60.0,5000,132.0,0,0.0,0.0,0,0.0,0.0,2133,-,Belum ditandai,unset
2026-06-04T01:28:43.294,5583212,4,0.003,0.0051333333333333335,0.0,60.0,5000,132.0,0,0.0,0.0,0,0.0,0.0,2134,-,Belum ditandai,unset
2026-06-04T01:28:43.798,5583732,6,0.0038,0.006066666666666666,0.0,60.0,5000,132.0,0,0.0,0.0,0,0.0,0.0,2134,-,Belum ditandai,unset
2026-06-04T01:28:44.299,5584218,5,0.004533333333333334,0.007066666666666666,0.0,60.0,5000,132.0,0,0.0,0.0,0,0.0,0.0,2135,-,Belum ditandai,unset
2026-06-04T01:28:44.797,5584738,4,0.0044666666666666665,0.006866666666666666,0.0,60.0,5000,132.0,0,0.0,0.0,0,0.0,0.0,2135,-,Belum ditandai,unset
2026-06-04T01:28:45.297,5585224,5,0.004266666666666667,0.006666666666666667,0.0,60.0,5000,132.0,0,0.0,0.0,0,0.0,0.0,2136,-,Belum ditandai,unset
2026-06-04T01:28:45.799,5585744,3,0.003266666666666667,0.0054,0.0,60.0,5000,132.0,0,0.0,0.0,0,0.0,0.0,2136,-,Belum ditandai,unset
2026-06-04T01:28:46.304,5586230,3,0.0028,0.0048000000000000004,0.0,60.0,5000,132.0,0,0.0,0.0,0,0.0,0.0,2137,-,Belum ditandai,unset
2026-06-04T01:28:46.802,5586750,6,0.0030666666666666668,0.005066666666666666,0.0,60.0,5000,132.0,0,0.0,0.0,0,0.0,0.0,2137,-,Belum ditandai,unset
2026-06-04T01:28:47.299,5587236,4,0.002866666666666667,0.004866666666666667,0.0,60.0,5000,132.0,0,0.0,0.0,0,0.0,0.0,2138,-,Belum ditandai,unset
2026-06-04T01:28:47.798,5587756,5,0.003,0.005,0.0,60.0,5000,132.0,0,0.0,0.0,0,0.0,0.0,2138,-,Belum ditandai,unset
2026-06-04T01:28:48.297,5588242,9,0.0033333333333333335,0.0054666666666666665,0.0,60.0,5000,132.0,0,0.0,0.0,0,0.0,0.0,2139,-,Belum ditandai,unset
2026-06-04T01:28:48.795,5588762,3,0.004266666666666667,0.006933333333333333,0.0,60.0,5000,132.0,0,0.0,0.0,0,0.0,0.0,2139,-,Belum ditandai,unset
2026-06-04T01:28:49.297,5589248,3,0.004333333333333333,0.007,0.0,60.0,5000,132.0,0,0.0,0.0,0,0.0,0.0,2140,-,Belum ditandai,unset
2026-06-04T01:28:49.794,5589768,3,0.0042,0.006866666666666666,0.0,60.0,5000,132.0,0,0.0,0.0,0,0.0,0.0,2140,-,Belum ditandai,unset
2026-06-04T01:28:50.418,5590358,5,0.0029333333333333334,0.004933333333333333,0.0,60.0,5000,132.0,0,0.0,0.0,0,0.0,0.0,2141,-,Belum ditandai,unset
2026-06-04T01:28:50.916,5590878,4,0.0029333333333333334,0.004933333333333333,0.0,60.0,5000,132.0,0,0.0,0.0,0,0.0,0.0,2141,-,Belum ditandai,unset
2026-06-04T01:28:51.415,5591364,4,0.0029333333333333334,0.004933333333333333,0.0,60.0,5000,132.0,0,0.0,0.0,0,0.0,0.0,2142,-,Belum ditandai,unset
2026-06-04T01:28:51.915,5591884,3,0.0057333333333333325,0.009066666666666667,0.0,60.0,5000,132.0,0,0.0,0.0,0,0.0,0.0,2142,-,Belum ditandai,unset
2026-06-04T01:28:52.413,5592370,11,0.005866666666666667,0.009333333333333334,0.0,60.0,5000,132.0,0,0.0,0.0,0,0.0,0.0,2143,-,Belum ditandai,unset
2026-06-04T01:28:52.913,5592890,3,0.006333333333333333,0.0098,0.0,60.0,5000,132.0,0,0.0,0.0,0,0.0,0.0,2143,-,Belum ditandai,unset
2026-06-04T01:28:53.418,5593376,3,0.0061333333333333335,0.0096,0.0,60.0,5000,132.0,0,0.0,0.0,0,0.0,0.0,2144,-,Belum ditandai,unset
2026-06-04T01:28:53.916,5593896,3,0.0034666666666666665,0.005733333333333334,0.0,60.0,5000,132.0,0,0.0,0.0,0,0.0,0.0,2144,-,Belum ditandai,unset
2026-06-04T01:28:54.415,5594382,3,0.0027333333333333333,0.004866666666666667,0.0,60.0,5000,132.0,0,0.0,0.0,0,0.0,0.0,2145,-,Belum ditandai,unset
2026-06-04T01:28:54.916,5594902,3,0.0026,0.004733333333333334,0.0,60.0,5000,132.0,0,0.0,0.0,0,0.0,0.0,2145,-,Belum ditandai,unset
2026-06-04T01:28:55.415,5595388,4,0.002866666666666667,0.005,0.0,60.0,5000,132.0,0,0.0,0.0,0,0.0,0.0,2146,-,Belum ditandai,unset
2026-06-04T01:28:55.915,5595908,3,0.0028,0.0048000000000000004,0.0,60.0,5000,132.0,0,0.0,0.0,0,0.0,0.0,2146,-,Belum ditandai,unset
2026-06-04T01:28:56.413,5596394,3,0.0028,0.0048000000000000004,0.0,60.0,5000,132.0,0,0.0,0.0,0,0.0,0.0,2147,-,Belum ditandai,unset
2026-06-04T01:28:56.914,5596914,6,0.003266666666666667,0.005266666666666667,0.0,60.0,5000,132.0,0,0.0,0.0,0,0.0,0.0,2147,-,Belum ditandai,unset
2026-06-04T01:28:57.412,5597400,5,0.003466666666666667,0.0054666666666666665,0.0,60.0,5000,132.0,0,0.0,0.0,0,0.0,0.0,2148,-,Belum ditandai,unset
2026-06-04T01:28:57.911,5597920,3,0.0034000000000000002,0.0054,0.0,60.0,5000,132.0,0,0.0,0.0,0,0.0,0.0,2148,-,Belum ditandai,unset
2026-06-04T01:28:58.410,5598406,3,0.0033333333333333335,0.005333333333333333,0.0,60.0,5000,132.0,0,0.0,0.0,0,0.0,0.0,2149,-,Belum ditandai,unset
2026-06-04T01:28:58.910,5598926,3,0.0026666666666666666,0.004666666666666667,0.0,60.0,5000,132.0,0,0.0,0.0,0,0.0,0.0,2149,-,Belum ditandai,unset
2026-06-04T01:28:59.409,5599412,3,0.0022,0.0042,0.0,60.0,5000,132.0,0,0.0,0.0,0,0.0,0.0,2150,-,Belum ditandai,unset
2026-06-04T01:28:59.907,5599932,6,0.0024000000000000002,0.0044,0.0,60.0,5000,132.0,0,0.0,0.0,0,0.0,0.0,2150,-,Belum ditandai,unset
2026-06-04T01:29:00.405,5600418,3,0.002533333333333333,0.004533333333333334,0.0,60.0,5000,132.0,0,0.0,0.0,0,0.0,0.0,2151,-,Belum ditandai,unset
2026-06-04T01:29:01.214,5601216,19,0.0044,0.0072,0.0,60.0,5000,132.0,0,0.0,0.0,0,0.0,0.0,2152,-,Belum ditandai,unset
2026-06-04T01:29:01.714,5601736,3,0.004600000000000001,0.0074,0.0,60.0,5000,132.0,0,0.0,0.0,0,0.0,0.0,2152,-,Belum ditandai,unset
2026-06-04T01:29:02.210,5602222,3,0.0042,0.007,0.0,60.0,5000,132.0,0,0.0,0.0,0,0.0,0.0,2153,-,Belum ditandai,unset
2026-06-04T01:29:02.710,5602742,3,0.0038666666666666667,0.0064,0.0,60.0,5000,132.0,0,0.0,0.0,0,0.0,0.0,2153,-,Belum ditandai,unset
2026-06-04T01:29:03.208,5603228,4,0.0029333333333333334,0.005066666666666666,0.0,60.0,5000,132.0,0,0.0,0.0,0,0.0,0.0,2154,-,Belum ditandai,unset
2026-06-04T01:29:03.703,5603748,7,0.0032,0.005333333333333333,0.0,60.0,5000,132.0,0,0.0,0.0,0,0.0,0.0,2154,-,Belum ditandai,unset
2026-06-04T01:29:04.203,5604234,4,0.0033333333333333335,0.0054666666666666665,0.0,60.0,5000,132.0,0,0.0,0.0,0,0.0,0.0,2155,-,Belum ditandai,unset
2026-06-04T01:29:04.703,5604754,3,0.0026,0.004600000000000001,0.0,60.0,5000,132.0,0,0.0,0.0,0,0.0,0.0,2155,-,Belum ditandai,unset
2026-06-04T01:29:05.205,5605240,3,0.0026666666666666666,0.004666666666666667,0.0,60.0,5000,132.0,0,0.0,0.0,0,0.0,0.0,2156,-,Belum ditandai,unset
2026-06-04T01:29:05.764,5605760,3,0.0028,0.0048000000000000004,0.0,60.0,5000,132.0,0,0.0,0.0,0,0.0,0.0,2156,-,Belum ditandai,unset
2026-06-04T01:29:06.324,5606350,5,0.0028,0.0048000000000000004,0.0,60.0,5000,132.0,0,0.0,0.0,0,0.0,0.0,2157,-,Belum ditandai,unset
2026-06-04T01:29:06.826,5606870,4,0.003,0.005,0.0,60.0,5000,132.0,0,0.0,0.0,0,0.0,0.0,2157,-,Belum ditandai,unset
2026-06-04T01:29:07.326,5607356,3,0.0028,0.0048000000000000004,0.0,60.0,5000,132.0,0,0.0,0.0,0,0.0,0.0,2158,-,Belum ditandai,unset
2026-06-04T01:29:07.827,5607876,3,0.0029333333333333334,0.004933333333333333,0.0,60.0,5000,132.0,0,0.0,0.0,0,0.0,0.0,2158,-,Belum ditandai,unset
2026-06-04T01:29:08.327,5608362,3,0.0026,0.004600000000000001,0.0,60.0,5000,132.0,0,0.0,0.0,0,0.0,0.0,2159,-,Belum ditandai,unset
2026-06-04T01:29:08.826,5608882,4,0.0038,0.0062,0.0,60.0,5000,132.0,0,0.0,0.0,0,0.0,0.0,2159,-,Belum ditandai,unset
2026-06-04T01:29:09.326,5609368,3,0.004,0.0064,0.0,60.0,5000,132.0,0,0.0,0.0,0,0.0,0.0,2160,-,Belum ditandai,unset
2026-06-04T01:29:09.830,5609888,3,0.003933333333333333,0.006333333333333333,0.0,60.0,5000,132.0,0,0.0,0.0,0,0.0,0.0,2160,-,Belum ditandai,unset
2026-06-04T01:29:10.333,5610374,3,0.004066666666666666,0.006466666666666667,0.0,60.0,5000,132.0,0,0.0,0.0,0,0.0,0.0,2161,-,Belum ditandai,unset
2026-06-04T01:29:10.833,5610894,3,0.0024666666666666665,0.0044666666666666665,0.0,60.0,5000,132.0,0,0.0,0.0,0,0.0,0.0,2161,-,Belum ditandai,unset
2026-06-04T01:29:11.331,5611380,3,0.0026,0.004600000000000001,0.0,60.0,5000,132.0,0,0.0,0.0,0,0.0,0.0,2162,-,Belum ditandai,unset
2026-06-04T01:29:11.834,5611900,4,0.0027333333333333333,0.004733333333333334,0.0,60.0,5000,132.0,0,0.0,0.0,0,0.0,0.0,2162,-,Belum ditandai,unset
2026-06-04T01:29:12.334,5612386,3,0.0028,0.0048000000000000004,0.0,60.0,5000,132.0,0,0.0,0.0,0,0.0,0.0,2163,-,Belum ditandai,unset
2026-06-04T01:29:12.833,5612906,3,0.0026666666666666666,0.004666666666666667,0.0,60.0,5000,132.0,0,0.0,0.0,0,0.0,0.0,2163,-,Belum ditandai,unset
2026-06-04T01:29:13.335,5613392,3,0.0027333333333333333,0.004733333333333334,0.0,60.0,5000,132.0,0,0.0,0.0,0,0.0,0.0,2164,-,Belum ditandai,unset
2026-06-04T01:29:13.834,5613912,5,0.0030666666666666668,0.005066666666666666,0.0,60.0,5000,132.0,0,0.0,0.0,0,0.0,0.0,2164,-,Belum ditandai,unset
2026-06-04T01:29:14.331,5614398,3,0.0030666666666666668,0.005066666666666666,0.0,60.0,5000,132.0,0,0.0,0.0,0,0.0,0.0,2165,-,Belum ditandai,unset
2026-06-04T01:29:14.833,5614918,4,0.0032,0.0052,0.0,60.0,5000,132.0,0,0.0,0.0,0,0.0,0.0,2165,-,Belum ditandai,unset
2026-06-04T01:29:15.332,5615404,3,0.003266666666666667,0.005266666666666667,0.0,60.0,5000,132.0,0,0.0,0.0,0,0.0,0.0,2166,-,Belum ditandai,unset
2026-06-04T01:29:15.830,5615924,4,0.0031333333333333335,0.005266666666666667,0.0,60.0,5000,132.0,0,0.0,0.0,0,0.0,0.0,2166,-,Belum ditandai,unset
2026-06-04T01:29:16.334,5616410,5,0.003266666666666667,0.0054,0.0,60.0,5000,132.0,0,0.0,0.0,0,0.0,0.0,2167,-,Belum ditandai,unset
2026-06-04T01:29:16.836,5616930,3,0.0032,0.005333333333333333,0.0,60.0,5000,132.0,0,0.0,0.0,0,0.0,0.0,2167,-,Belum ditandai,unset
2026-06-04T01:29:17.338,5617416,5,0.003266666666666667,0.0054,0.0,60.0,5000,132.0,0,0.0,0.0,0,0.0,0.0,2168,-,Belum ditandai,unset
2026-06-04T01:29:17.836,5617936,3,0.002866666666666667,0.004866666666666667,0.0,60.0,5000,132.0,0,0.0,0.0,0,0.0,0.0,2168,-,Belum ditandai,unset
2026-06-04T01:29:18.335,5618422,4,0.0026,0.004600000000000001,0.0,60.0,5000,132.0,0,0.0,0.0,0,0.0,0.0,2169,-,Belum ditandai,unset
2026-06-04T01:29:18.897,5618942,4,0.0026,0.004600000000000001,0.0,60.0,5000,132.0,0,0.0,0.0,0,0.0,0.0,2169,-,Belum ditandai,unset
2026-06-04T01:29:19.460,5619532,3,0.0027333333333333333,0.004733333333333334,0.0,60.0,5000,132.0,0,0.0,0.0,0,0.0,0.0,2170,-,Belum ditandai,unset
2026-06-04T01:29:19.957,5620052,4,0.0030666666666666668,0.005066666666666666,0.0,60.0,5000,132.0,0,0.0,0.0,0,0.0,0.0,2170,-,Belum ditandai,unset
2026-06-04T01:29:20.456,5620538,3,0.0029333333333333334,0.004933333333333333,0.0,60.0,5000,132.0,0,0.0,0.0,0,0.0,0.0,2171,-,Belum ditandai,unset
2026-06-04T01:29:20.958,5621058,4,0.0032,0.0052,0.0,60.0,5000,132.0,0,0.0,0.0,0,0.0,0.0,2171,-,Belum ditandai,unset
2026-06-04T01:29:21.458,5621544,3,0.0030666666666666668,0.005066666666666666,0.0,60.0,5000,132.0,0,0.0,0.0,0,0.0,0.0,2172,-,Belum ditandai,unset
2026-06-04T01:29:21.960,5622064,3,0.0027333333333333333,0.004733333333333334,0.0,60.0,5000,132.0,0,0.0,0.0,0,0.0,0.0,2172,-,Belum ditandai,unset
2026-06-04T01:29:22.459,5622550,7,0.003,0.005,0.0,60.0,5000,132.0,0,0.0,0.0,0,0.0,0.0,2173,-,Belum ditandai,unset
2026-06-04T01:29:22.958,5623070,4,0.003,0.005,0.0,60.0,5000,132.0,0,0.0,0.0,0,0.0,0.0,2173,-,Belum ditandai,unset
2026-06-04T01:29:23.459,5623556,3,0.0031333333333333335,0.0051333333333333335,0.0,60.0,5000,132.0,0,0.0,0.0,0,0.0,0.0,2174,-,Belum ditandai,unset
2026-06-04T01:29:23.958,5624076,7,0.0037333333333333333,0.005733333333333334,0.0,60.0,5000,132.0,0,0.0,0.0,0,0.0,0.0,2174,-,Belum ditandai,unset
2026-06-04T01:29:24.458,5624562,3,0.003466666666666667,0.0054666666666666665,0.0,60.0,5000,132.0,0,0.0,0.0,0,0.0,0.0,2175,-,Belum ditandai,unset
2026-06-04T01:29:24.955,5625082,6,0.0034000000000000002,0.0054,0.0,60.0,5000,132.0,0,0.0,0.0,0,0.0,0.0,2175,-,Belum ditandai,unset
2026-06-04T01:29:25.459,5625568,3,0.0034000000000000002,0.0054,0.0,60.0,5000,132.0,0,0.0,0.0,0,0.0,0.0,2176,-,Belum ditandai,unset
2026-06-04T01:29:25.958,5626088,4,0.0031333333333333335,0.0051333333333333335,0.0,60.0,5000,132.0,0,0.0,0.0,0,0.0,0.0,2176,-,Belum ditandai,unset
2026-06-04T01:29:26.458,5626574,5,0.0032,0.0052,0.0,60.0,5000,132.0,0,0.0,0.0,0,0.0,0.0,2177,-,Belum ditandai,unset
2026-06-04T01:29:26.956,5627094,3,0.0029333333333333334,0.004933333333333333,0.0,60.0,5000,132.0,0,0.0,0.0,0,0.0,0.0,2177,-,Belum ditandai,unset
2026-06-04T01:29:27.457,5627580,3,0.0029333333333333334,0.004933333333333333,0.0,60.0,5000,132.0,0,0.0,0.0,0,0.0,0.0,2178,-,Belum ditandai,unset
2026-06-04T01:29:27.960,5628100,3,0.002533333333333333,0.004533333333333334,0.0,60.0,5000,132.0,0,0.0,0.0,0,0.0,0.0,2178,-,Belum ditandai,unset
2026-06-04T01:29:28.458,5628586,3,0.0023333333333333335,0.004333333333333333,0.0,60.0,5000,132.0,0,0.0,0.0,0,0.0,0.0,2179,-,Belum ditandai,unset
2026-06-04T01:29:28.961,5629106,4,0.002533333333333333,0.004533333333333334,0.0,60.0,5000,132.0,0,0.0,0.0,0,0.0,0.0,2179,-,Belum ditandai,unset
2026-06-04T01:29:29.464,5629592,4,0.0024666666666666665,0.0044666666666666665,0.0,60.0,5000,132.0,0,0.0,0.0,0,0.0,0.0,2180,-,Belum ditandai,unset
2026-06-04T01:29:29.965,5630112,3,0.0028,0.0048000000000000004,0.0,60.0,5000,132.0,0,0.0,0.0,0,0.0,0.0,2180,-,Belum ditandai,unset
2026-06-04T01:29:30.573,5630702,6,0.0036,0.006,0.0,60.0,5000,132.0,0,0.0,0.0,0,0.0,0.0,2181,-,Belum ditandai,unset
2026-06-04T01:29:31.259,5631396,3,0.0037333333333333333,0.0061333333333333335,0.0,60.0,5000,132.0,0,0.0,0.0,0,0.0,0.0,2182,-,Belum ditandai,unset
2026-06-04T01:29:31.821,5631916,6,0.004,0.006533333333333334,0.0,60.0,5000,132.0,0,0.0,0.0,0,0.0,0.0,2182,-,Belum ditandai,unset
2026-06-04T01:29:32.380,5632506,3,0.0034000000000000002,0.005533333333333334,0.0,60.0,5000,132.0,0,0.0,0.0,0,0.0,0.0,2183,-,Belum ditandai,unset
2026-06-04T01:29:32.881,5633026,3,0.003266666666666667,0.0054,0.0,60.0,5000,132.0,0,0.0,0.0,0,0.0,0.0,2183,-,Belum ditandai,unset
2026-06-04T01:29:33.381,5633512,9,0.0036,0.005866666666666667,0.0,60.0,5000,132.0,0,0.0,0.0,0,0.0,0.0,2184,-,Belum ditandai,unset
2026-06-04T01:29:33.878,5634032,3,0.0029333333333333334,0.005066666666666666,0.0,60.0,5000,132.0,0,0.0,0.0,0,0.0,0.0,2184,-,Belum ditandai,unset
2026-06-04T01:29:34.377,5634518,3,0.0027333333333333333,0.004866666666666667,0.0,60.0,5000,132.0,0,0.0,0.0,0,0.0,0.0,2185,-,Belum ditandai,unset
2026-06-04T01:29:34.877,5635038,5,0.0029333333333333334,0.005066666666666666,0.0,60.0,5000,132.0,0,0.0,0.0,0,0.0,0.0,2185,-,Belum ditandai,unset
2026-06-04T01:29:35.379,5635524,3,0.0024000000000000002,0.0044,0.0,60.0,5000,132.0,0,0.0,0.0,0,0.0,0.0,2186,-,Belum ditandai,unset
2026-06-04T01:29:35.878,5636044,3,0.0024666666666666665,0.0044666666666666665,0.0,60.0,5000,132.0,0,0.0,0.0,0,0.0,0.0,2186,-,Belum ditandai,unset
2026-06-04T01:29:36.376,5636530,3,0.0024000000000000002,0.0044,0.0,60.0,5000,132.0,0,0.0,0.0,0,0.0,0.0,2187,-,Belum ditandai,unset
2026-06-04T01:29:36.876,5637050,5,0.0024666666666666665,0.0044666666666666665,0.0,60.0,5000,132.0,0,0.0,0.0,0,0.0,0.0,2187,-,Belum ditandai,unset
2026-06-04T01:29:37.375,5637536,4,0.0028,0.0048000000000000004,0.0,60.0,5000,132.0,0,0.0,0.0,0,0.0,0.0,2188,-,Belum ditandai,unset
2026-06-04T01:29:37.878,5638056,3,0.002866666666666667,0.004866666666666667,0.0,60.0,5000,132.0,0,0.0,0.0,0,0.0,0.0,2188,-,Belum ditandai,unset
2026-06-04T01:29:38.379,5638542,3,0.0027333333333333333,0.004733333333333334,0.0,60.0,5000,132.0,0,0.0,0.0,0,0.0,0.0,2189,-,Belum ditandai,unset
2026-06-04T01:29:38.940,5639062,4,0.0026,0.004600000000000001,0.0,60.0,5000,132.0,0,0.0,0.0,0,0.0,0.0,2189,-,Belum ditandai,unset
2026-06-04T01:29:39.502,5639652,7,0.0037333333333333333,0.006266666666666667,0.0,60.0,5000,132.0,0,0.0,0.0,0,0.0,0.0,2190,-,Belum ditandai,unset
2026-06-04T01:29:39.999,5640172,5,0.004066666666666666,0.0066,0.0,60.0,5000,132.0,0,0.0,0.0,0,0.0,0.0,2190,-,Belum ditandai,unset
2026-06-04T01:29:40.501,5640658,3,0.004066666666666666,0.0066,0.0,60.0,5000,132.0,0,0.0,0.0,0,0.0,0.0,2191,-,Belum ditandai,unset
2026-06-04T01:29:40.998,5641178,3,0.003933333333333333,0.006466666666666667,0.0,60.0,5000,132.0,0,0.0,0.0,0,0.0,0.0,2191,-,Belum ditandai,unset
2026-06-04T01:29:41.500,5641664,3,0.0026,0.004600000000000001,0.0,60.0,5000,132.0,0,0.0,0.0,0,0.0,0.0,2192,-,Belum ditandai,unset
2026-06-04T01:29:42.000,5642184,3,0.002533333333333333,0.004533333333333334,0.0,60.0,5000,132.0,0,0.0,0.0,0,0.0,0.0,2192,-,Belum ditandai,unset
2026-06-04T01:29:42.498,5642670,9,0.0029333333333333334,0.005066666666666666,0.0,60.0,5000,132.0,0,0.0,0.0,0,0.0,0.0,2193,-,Belum ditandai,unset
2026-06-04T01:29:42.997,5643190,7,0.003466666666666667,0.0056,0.0,60.0,5000,132.0,0,0.0,0.0,0,0.0,0.0,2193,-,Belum ditandai,unset
2026-06-04T01:29:43.621,5643780,3,0.003466666666666667,0.0056,0.0,60.0,5000,132.0,0,0.0,0.0,0,0.0,0.0,2194,-,Belum ditandai,unset
2026-06-04T01:29:44.310,5644474,3,0.0033333333333333335,0.0054666666666666665,0.0,60.0,5000,132.0,0,0.0,0.0,0,0.0,0.0,2195,-,Belum ditandai,unset
2026-06-04T01:29:44.809,5644994,3,0.0028,0.0048000000000000004,0.0,60.0,5000,132.0,0,0.0,0.0,0,0.0,0.0,2195,-,Belum ditandai,unset
2026-06-04T01:29:45.311,5645480,3,0.002533333333333333,0.004533333333333334,0.0,60.0,5000,132.0,0,0.0,0.0,0,0.0,0.0,2196,-,Belum ditandai,unset
2026-06-04T01:29:45.812,5646000,4,0.002533333333333333,0.004533333333333334,0.0,60.0,5000,132.0,0,0.0,0.0,0,0.0,0.0,2196,-,Belum ditandai,unset
2026-06-04T01:29:46.315,5646486,9,0.0031333333333333335,0.0054,0.0,60.0,5000,132.0,0,0.0,0.0,0,0.0,0.0,2197,-,Belum ditandai,unset
2026-06-04T01:29:46.815,5647006,3,0.003,0.005266666666666667,0.0,60.0,5000,132.0,0,0.0,0.0,0,0.0,0.0,2197,-,Belum ditandai,unset
2026-06-04T01:29:47.317,5647492,9,0.003266666666666667,0.005666666666666667,0.0,60.0,5000,132.0,0,0.0,0.0,0,0.0,0.0,2198,-,Belum ditandai,unset
2026-06-04T01:29:47.816,5648012,5,0.0036,0.006,0.0,60.0,5000,132.0,0,0.0,0.0,0,0.0,0.0,2198,-,Belum ditandai,unset
2026-06-04T01:29:48.316,5648498,3,0.002866666666666667,0.005,0.0,60.0,5000,132.0,0,0.0,0.0,0,0.0,0.0,2199,-,Belum ditandai,unset
2026-06-04T01:29:48.816,5649018,3,0.0030666666666666668,0.0052,0.0,60.0,5000,132.0,0,0.0,0.0,0,0.0,0.0,2199,-,Belum ditandai,unset
2026-06-04T01:29:49.315,5649504,3,0.0027333333333333333,0.004733333333333334,0.0,60.0,5000,132.0,0,0.0,0.0,0,0.0,0.0,2200,-,Belum ditandai,unset
2026-06-04T01:29:49.814,5650024,5,0.003,0.0051333333333333335,0.0,60.0,5000,132.0,0,0.0,0.0,0,0.0,0.0,2200,-,Belum ditandai,unset
2026-06-04T01:29:50.312,5650510,3,0.0028666666666666662,0.005,0.0,60.0,5000,132.0,0,0.0,0.0,0,0.0,0.0,2201,-,Belum ditandai,unset
2026-06-04T01:29:50.813,5651030,3,0.0028666666666666662,0.005,0.0,60.0,5000,132.0,0,0.0,0.0,0,0.0,0.0,2201,-,Belum ditandai,unset
2026-06-04T01:29:51.313,5651516,4,0.0031333333333333335,0.005266666666666667,0.0,60.0,5000,132.0,0,0.0,0.0,0,0.0,0.0,2202,-,Belum ditandai,unset
2026-06-04T01:29:51.811,5652036,3,0.0029333333333333334,0.004933333333333333,0.0,60.0,5000,132.0,0,0.0,0.0,0,0.0,0.0,2202,-,Belum ditandai,unset
2026-06-04T01:29:52.311,5652522,4,0.002866666666666667,0.004866666666666667,0.0,60.0,5000,132.0,0,0.0,0.0,0,0.0,0.0,2203,-,Belum ditandai,unset
2026-06-04T01:29:52.810,5653042,6,0.0037333333333333333,0.006,0.0,60.0,5000,132.0,0,0.0,0.0,0,0.0,0.0,2203,-,Belum ditandai,unset
2026-06-04T01:29:53.309,5653528,3,0.0034666666666666665,0.005733333333333334,0.0,60.0,5000,132.0,0,0.0,0.0,0,0.0,0.0,2204,-,Belum ditandai,unset
2026-06-04T01:29:53.810,5654048,3,0.0032,0.0054666666666666665,0.0,60.0,5000,132.0,0,0.0,0.0,0,0.0,0.0,2204,-,Belum ditandai,unset
2026-06-04T01:29:54.434,5654638,4,0.0029333333333333334,0.0052,0.0,60.0,5000,132.0,0,0.0,0.0,0,0.0,0.0,2205,-,Belum ditandai,unset
2026-06-04T01:29:54.934,5655158,5,0.0030666666666666668,0.0054666666666666665,0.0,60.0,5000,132.0,0,0.0,0.0,0,0.0,0.0,2205,-,Belum ditandai,unset
2026-06-04T01:29:55.556,5655748,3,0.0033333333333333335,0.005733333333333334,0.0,60.0,5000,132.0,0,0.0,0.0,0,0.0,0.0,2206,-,Belum ditandai,unset
2026-06-04T01:29:56.055,5656268,3,0.0033333333333333335,0.005733333333333334,0.0,60.0,5000,132.0,0,0.0,0.0,0,0.0,0.0,2206,-,Belum ditandai,unset
2026-06-04T01:29:56.554,5656754,5,0.0026666666666666666,0.004666666666666667,0.0,60.0,5000,132.0,0,0.0,0.0,0,0.0,0.0,2207,-,Belum ditandai,unset
2026-06-04T01:29:57.053,5657274,7,0.0027333333333333333,0.004733333333333334,0.0,60.0,5000,132.0,0,0.0,0.0,0,0.0,0.0,2207,-,Belum ditandai,unset
2026-06-04T01:29:57.554,5657760,3,0.002866666666666667,0.004866666666666667,0.0,60.0,5000,132.0,0,0.0,0.0,0,0.0,0.0,2208,-,Belum ditandai,unset
2026-06-04T01:29:58.054,5658280,5,0.003,0.005,0.0,60.0,5000,132.0,0,0.0,0.0,0,0.0,0.0,2208,-,Belum ditandai,unset
2026-06-04T01:29:58.558,5658766,5,0.0030666666666666668,0.005066666666666666,0.0,60.0,5000,132.0,0,0.0,0.0,0,0.0,0.0,2209,-,Belum ditandai,unset
2026-06-04T01:29:59.058,5659286,5,0.0026666666666666666,0.004666666666666667,0.0,60.0,5000,132.0,0,0.0,0.0,0,0.0,0.0,2209,-,Belum ditandai,unset
2026-06-04T01:29:59.558,5659772,7,0.003,0.005,0.0,60.0,5000,132.0,0,0.0,0.0,0,0.0,0.0,2210,-,Belum ditandai,unset
2026-06-04T01:30:00.059,5660292,3,0.0030666666666666668,0.005066666666666666,0.0,60.0,5000,132.0,0,0.0,0.0,0,0.0,0.0,2210,-,Belum ditandai,unset
2026-06-04T01:30:00.557,5660778,3,0.003933333333333333,0.006266666666666667,0.0,60.0,5000,132.0,0,0.0,0.0,0,0.0,0.0,2211,-,Belum ditandai,unset
2026-06-04T01:30:01.057,5661298,3,0.003933333333333333,0.006266666666666667,0.0,60.0,5000,132.0,0,0.0,0.0,0,0.0,0.0,2211,-,Belum ditandai,unset
2026-06-04T01:30:01.556,5661784,4,0.0036,0.005933333333333333,0.0,60.0,5000,132.0,0,0.0,0.0,0,0.0,0.0,2212,-,Belum ditandai,unset
2026-06-04T01:30:02.061,5662304,3,0.002533333333333333,0.004533333333333334,0.0,60.0,5000,132.0,0,0.0,0.0,0,0.0,0.0,2212,-,Belum ditandai,unset
2026-06-04T01:30:02.560,5662790,6,0.002533333333333333,0.004533333333333334,0.0,60.0,5000,132.0,0,0.0,0.0,0,0.0,0.0,2213,-,Belum ditandai,unset
2026-06-04T01:30:03.059,5663310,6,0.002866666666666667,0.004866666666666667,0.0,60.0,5000,132.0,0,0.0,0.0,0,0.0,0.0,2213,-,Belum ditandai,unset
2026-06-04T01:30:03.561,5663796,3,0.003,0.005,0.0,60.0,5000,132.0,0,0.0,0.0,0,0.0,0.0,2214,-,Belum ditandai,unset
2026-06-04T01:30:04.064,5664316,3,0.003533333333333333,0.005533333333333334,0.0,60.0,5000,132.0,0,0.0,0.0,0,0.0,0.0,2214,-,Belum ditandai,unset
2026-06-04T01:30:04.562,5664802,3,0.0033333333333333335,0.005333333333333333,0.0,60.0,5000,132.0,0,0.0,0.0,0,0.0,0.0,2215,-,Belum ditandai,unset
2026-06-04T01:30:05.063,5665322,3,0.002866666666666667,0.004866666666666667,0.0,60.0,5000,132.0,0,0.0,0.0,0,0.0,0.0,2215,-,Belum ditandai,unset
2026-06-04T01:30:05.560,5665808,3,0.0027333333333333333,0.004733333333333334,0.0,60.0,5000,132.0,0,0.0,0.0,0,0.0,0.0,2216,-,Belum ditandai,unset
2026-06-04T01:30:06.060,5666328,19,0.0033333333333333335,0.005733333333333334,0.0,60.0,5000,132.0,0,0.0,0.0,0,0.0,0.0,2216,-,Belum ditandai,unset
2026-06-04T01:30:06.683,5666918,9,0.004600000000000001,0.007533333333333334,0.0,60.0,5000,132.0,0,0.0,0.0,0,0.0,0.0,2217,-,Belum ditandai,unset
2026-06-04T01:30:07.369,5667612,3,0.004666666666666667,0.0076,0.0,60.0,5000,132.0,0,0.0,0.0,0,0.0,0.0,2218,-,Belum ditandai,unset
2026-06-04T01:30:07.868,5668132,3,0.004533333333333334,0.007466666666666667,0.0,60.0,5000,132.0,0,0.0,0.0,0,0.0,0.0,2218,-,Belum ditandai,unset
2026-06-04T01:30:08.368,5668618,5,0.0029333333333333334,0.005066666666666666,0.0,60.0,5000,132.0,0,0.0,0.0,0,0.0,0.0,2219,-,Belum ditandai,unset
2026-06-04T01:30:08.866,5669138,4,0.0026,0.004600000000000001,0.0,60.0,5000,132.0,0,0.0,0.0,0,0.0,0.0,2219,-,Belum ditandai,unset
2026-06-04T01:30:09.363,5669624,6,0.003,0.005,0.0,60.0,5000,132.0,0,0.0,0.0,0,0.0,0.0,2220,-,Belum ditandai,unset
2026-06-04T01:30:09.863,5670144,3,0.003266666666666667,0.005266666666666667,0.0,60.0,5000,132.0,0,0.0,0.0,0,0.0,0.0,2220,-,Belum ditandai,unset
2026-06-04T01:30:10.365,5670630,3,0.0029333333333333334,0.004933333333333333,0.0,60.0,5000,132.0,0,0.0,0.0,0,0.0,0.0,2221,-,Belum ditandai,unset
2026-06-04T01:30:10.864,5671150,4,0.0027333333333333333,0.004733333333333334,0.0,60.0,5000,132.0,0,0.0,0.0,0,0.0,0.0,2221,-,Belum ditandai,unset
2026-06-04T01:30:11.365,5671636,4,0.0024666666666666665,0.0044666666666666665,0.0,60.0,5000,132.0,0,0.0,0.0,0,0.0,0.0,2222,-,Belum ditandai,unset
2026-06-04T01:30:11.863,5672156,3,0.0024666666666666665,0.0044666666666666665,0.0,60.0,5000,132.0,0,0.0,0.0,0,0.0,0.0,2222,-,Belum ditandai,unset
2026-06-04T01:30:12.364,5672642,6,0.0026666666666666666,0.004666666666666667,0.0,60.0,5000,132.0,0,0.0,0.0,0,0.0,0.0,2223,-,Belum ditandai,unset
2026-06-04T01:30:12.862,5673162,5,0.0028,0.0048000000000000004,0.0,60.0,5000,132.0,0,0.0,0.0,0,0.0,0.0,2223,-,Belum ditandai,unset
2026-06-04T01:30:13.360,5673648,3,0.0028,0.0048000000000000004,0.0,60.0,5000,132.0,0,0.0,0.0,0,0.0,0.0,2224,-,Belum ditandai,unset
2026-06-04T01:30:13.864,5674168,3,0.0026666666666666666,0.004666666666666667,0.0,60.0,5000,132.0,0,0.0,0.0,0,0.0,0.0,2224,-,Belum ditandai,unset
2026-06-04T01:30:14.363,5674654,8,0.003,0.005266666666666667,0.0,60.0,5000,132.0,0,0.0,0.0,0,0.0,0.0,2225,-,Belum ditandai,unset
2026-06-04T01:30:14.866,5675174,5,0.0036666666666666666,0.0062,0.0,60.0,5000,132.0,0,0.0,0.0,0,0.0,0.0,2225,-,Belum ditandai,unset
2026-06-04T01:30:15.369,5675660,3,0.0038,0.006333333333333333,0.0,60.0,5000,132.0,0,0.0,0.0,0,0.0,0.0,2226,-,Belum ditandai,unset
2026-06-04T01:30:15.872,5676180,10,0.004866666666666667,0.007666666666666667,0.0,60.0,5000,132.0,0,0.0,0.0,0,0.0,0.0,2226,-,Belum ditandai,unset
2026-06-04T01:30:16.371,5676666,5,0.004600000000000001,0.0071333333333333335,0.0,60.0,5000,132.0,0,0.0,0.0,0,0.0,0.0,2227,-,Belum ditandai,unset
2026-06-04T01:30:16.996,5677290,7,0.003933333333333333,0.0062,0.0,60.0,5000,132.0,0,0.0,0.0,0,0.0,0.0,2227,-,Belum ditandai,unset
2026-06-04T01:30:17.496,5677776,3,0.003933333333333334,0.006066666666666666,0.0,60.0,5000,132.0,0,0.0,0.0,0,0.0,0.0,2228,-,Belum ditandai,unset
2026-06-04T01:30:17.995,5678296,3,0.003266666666666667,0.005266666666666667,0.0,60.0,5000,132.0,0,0.0,0.0,0,0.0,0.0,2228,-,Belum ditandai,unset
2026-06-04T01:30:18.494,5678782,3,0.0036,0.0056,0.0,60.0,5000,132.0,0,0.0,0.0,0,0.0,0.0,2229,-,Belum ditandai,unset
2026-06-04T01:30:18.989,5679302,6,0.0031333333333333335,0.0051333333333333335,0.0,60.0,5000,132.0,0,0.0,0.0,0,0.0,0.0,2229,-,Belum ditandai,unset
2026-06-04T01:30:19.490,5679788,7,0.0034000000000000002,0.0054,0.0,60.0,5000,132.0,0,0.0,0.0,0,0.0,0.0,2230,-,Belum ditandai,unset
2026-06-04T01:30:19.990,5680308,4,0.003533333333333333,0.005533333333333334,0.0,60.0,5000,132.0,0,0.0,0.0,0,0.0,0.0,2230,-,Belum ditandai,unset
2026-06-04T01:30:20.488,5680794,4,0.0033333333333333335,0.005333333333333333,0.0,60.0,5000,132.0,0,0.0,0.0,0,0.0,0.0,2231,-,Belum ditandai,unset
2026-06-04T01:30:20.989,5681314,4,0.0032,0.0052,0.0,60.0,5000,132.0,0,0.0,0.0,0,0.0,0.0,2231,-,Belum ditandai,unset
2026-06-04T01:30:21.490,5681800,4,0.0026666666666666666,0.004666666666666667,0.0,60.0,5000,132.0,0,0.0,0.0,0,0.0,0.0,2232,-,Belum ditandai,unset
2026-06-04T01:30:21.993,5682320,3,0.0024666666666666665,0.0044666666666666665,0.0,60.0,5000,132.0,0,0.0,0.0,0,0.0,0.0,2232,-,Belum ditandai,unset
2026-06-04T01:30:22.493,5682806,9,0.002866666666666667,0.005,0.0,60.0,5000,132.0,0,0.0,0.0,0,0.0,0.0,2233,-,Belum ditandai,unset
2026-06-04T01:30:22.992,5683326,3,0.0031333333333333335,0.005266666666666667,0.0,60.0,5000,132.0,0,0.0,0.0,0,0.0,0.0,2233,-,Belum ditandai,unset
2026-06-04T01:30:23.492,5683812,4,0.0030666666666666668,0.0052,0.0,60.0,5000,132.0,0,0.0,0.0,0,0.0,0.0,2234,-,Belum ditandai,unset
2026-06-04T01:30:23.993,5684332,7,0.003266666666666667,0.0054,0.0,60.0,5000,132.0,0,0.0,0.0,0,0.0,0.0,2234,-,Belum ditandai,unset
2026-06-04T01:30:24.494,5684818,3,0.0026666666666666666,0.004666666666666667,0.0,60.0,5000,132.0,0,0.0,0.0,0,0.0,0.0,2235,-,Belum ditandai,unset
2026-06-04T01:30:24.996,5685338,3,0.0028,0.0048000000000000004,0.0,60.0,5000,132.0,0,0.0,0.0,0,0.0,0.0,2235,-,Belum ditandai,unset
2026-06-04T01:30:25.496,5685824,3,0.0028,0.0048000000000000004,0.0,60.0,5000,132.0,0,0.0,0.0,0,0.0,0.0,2236,-,Belum ditandai,unset
2026-06-04T01:30:25.997,5686344,4,0.0027333333333333333,0.004733333333333334,0.0,60.0,5000,132.0,0,0.0,0.0,0,0.0,0.0,2236,-,Belum ditandai,unset
2026-06-04T01:30:26.496,5686830,3,0.0031333333333333335,0.0054,0.0,60.0,5000,132.0,0,0.0,0.0,0,0.0,0.0,2237,-,Belum ditandai,unset
2026-06-04T01:30:27.121,5687454,4,0.003,0.005266666666666667,0.0,60.0,5000,132.0,0,0.0,0.0,0,0.0,0.0,2237,-,Belum ditandai,unset
2026-06-04T01:30:27.621,5687940,4,0.0030666666666666668,0.005333333333333333,0.0,60.0,5000,132.0,0,0.0,0.0,0,0.0,0.0,2238,-,Belum ditandai,unset
2026-06-04T01:30:28.122,5688460,4,0.0024000000000000002,0.0044,0.0,60.0,5000,132.0,0,0.0,0.0,0,0.0,0.0,2238,-,Belum ditandai,unset
2026-06-04T01:30:28.618,5688946,4,0.0024666666666666665,0.0044666666666666665,0.0,60.0,5000,132.0,0,0.0,0.0,0,0.0,0.0,2239,-,Belum ditandai,unset
2026-06-04T01:30:29.116,5689466,4,0.0024000000000000002,0.0044,0.0,60.0,5000,132.0,0,0.0,0.0,0,0.0,0.0,2239,-,Belum ditandai,unset
2026-06-04T01:30:29.615,5689952,5,0.0026,0.004600000000000001,0.0,60.0,5000,132.0,0,0.0,0.0,0,0.0,0.0,2240,-,Belum ditandai,unset
2026-06-04T01:30:30.115,5690472,3,0.0026,0.004600000000000001,0.0,60.0,5000,132.0,0,0.0,0.0,0,0.0,0.0,2240,-,Belum ditandai,unset
2026-06-04T01:30:30.615,5690958,5,0.0029333333333333334,0.004933333333333333,0.0,60.0,5000,132.0,0,0.0,0.0,0,0.0,0.0,2241,-,Belum ditandai,unset
2026-06-04T01:30:31.114,5691478,8,0.0037333333333333333,0.0061333333333333335,0.0,60.0,5000,132.0,0,0.0,0.0,0,0.0,0.0,2241,-,Belum ditandai,unset
2026-06-04T01:30:31.613,5691964,3,0.0038,0.0062,0.0,60.0,5000,132.0,0,0.0,0.0,0,0.0,0.0,2242,-,Belum ditandai,unset
2026-06-04T01:30:32.113,5692484,3,0.0038666666666666667,0.006266666666666667,0.0,60.0,5000,132.0,0,0.0,0.0,0,0.0,0.0,2242,-,Belum ditandai,unset
2026-06-04T01:30:32.612,5692970,3,0.0036,0.006,0.0,60.0,5000,132.0,0,0.0,0.0,0,0.0,0.0,2243,-,Belum ditandai,unset
2026-06-04T01:30:33.113,5693490,4,0.0024666666666666665,0.0044666666666666665,0.0,60.0,5000,132.0,0,0.0,0.0,0,0.0,0.0,2243,-,Belum ditandai,unset
2026-06-04T01:30:33.614,5693976,3,0.0024666666666666665,0.0044666666666666665,0.0,60.0,5000,132.0,0,0.0,0.0,0,0.0,0.0,2244,-,Belum ditandai,unset
2026-06-04T01:30:34.114,5694496,3,0.003266666666666667,0.0054,0.0,60.0,5000,132.0,0,0.0,0.0,0,0.0,0.0,2244,-,Belum ditandai,unset
2026-06-04T01:30:34.613,5694982,7,0.003466666666666667,0.0056,0.0,60.0,5000,132.0,0,0.0,0.0,0,0.0,0.0,2245,-,Belum ditandai,unset
2026-06-04T01:30:35.115,5695502,6,0.0036,0.005733333333333334,0.0,60.0,5000,132.0,0,0.0,0.0,0,0.0,0.0,2245,-,Belum ditandai,unset
2026-06-04T01:30:35.616,5695988,5,0.0033333333333333335,0.005333333333333333,0.0,60.0,5000,132.0,0,0.0,0.0,0,0.0,0.0,2246,-,Belum ditandai,unset
2026-06-04T01:30:36.116,5696508,9,0.0036,0.005733333333333334,0.0,60.0,5000,132.0,0,0.0,0.0,0,0.0,0.0,2246,-,Belum ditandai,unset
2026-06-04T01:30:36.615,5696994,3,0.0036,0.005866666666666667,0.0,60.0,5000,132.0,0,0.0,0.0,0,0.0,0.0,2247,-,Belum ditandai,unset
2026-06-04T01:30:37.113,5697514,3,0.003466666666666667,0.005733333333333334,0.0,60.0,5000,132.0,0,0.0,0.0,0,0.0,0.0,2247,-,Belum ditandai,unset
2026-06-04T01:30:37.615,5698000,4,0.0032,0.0054666666666666665,0.0,60.0,5000,132.0,0,0.0,0.0,0,0.0,0.0,2248,-,Belum ditandai,unset
2026-06-04T01:30:38.118,5698520,3,0.0024000000000000002,0.0044,0.0,60.0,5000,132.0,0,0.0,0.0,0,0.0,0.0,2248,-,Belum ditandai,unset
2026-06-04T01:30:38.618,5699006,3,0.002266666666666667,0.004266666666666667,0.0,60.0,5000,132.0,0,0.0,0.0,0,0.0,0.0,2249,-,Belum ditandai,unset
2026-06-04T01:30:39.123,5699526,3,0.0021333333333333334,0.0041333333333333335,0.0,60.0,5000,132.0,0,0.0,0.0,0,0.0,0.0,2249,-,Belum ditandai,unset
2026-06-04T01:30:39.626,5700012,3,0.0022,0.0042,0.0,60.0,5000,132.0,0,0.0,0.0,0,0.0,0.0,2250,-,Belum ditandai,unset
2026-06-04T01:30:40.125,5700532,3,0.002266666666666667,0.004266666666666667,0.0,60.0,5000,132.0,0,0.0,0.0,0,0.0,0.0,2250,-,Belum ditandai,unset
2026-06-04T01:30:40.623,5701018,3,0.0023333333333333335,0.004333333333333333,0.0,60.0,5000,132.0,0,0.0,0.0,0,0.0,0.0,2251,-,Belum ditandai,unset
2026-06-04T01:30:41.126,5701538,4,0.0028,0.0048000000000000004,0.0,60.0,5000,132.0,0,0.0,0.0,0,0.0,0.0,2251,-,Belum ditandai,unset
2026-06-04T01:30:41.624,5702024,4,0.002866666666666667,0.004866666666666667,0.0,60.0,5000,132.0,0,0.0,0.0,0,0.0,0.0,2252,-,Belum ditandai,unset
2026-06-04T01:30:42.125,5702544,4,0.002866666666666667,0.004866666666666667,0.0,60.0,5000,132.0,0,0.0,0.0,0,0.0,0.0,2252,-,Belum ditandai,unset
2026-06-04T01:30:42.624,5703030,3,0.0027333333333333333,0.004733333333333334,0.0,60.0,5000,132.0,0,0.0,0.0,0,0.0,0.0,2253,-,Belum ditandai,unset
2026-06-04T01:30:43.123,5703550,6,0.002533333333333333,0.004533333333333334,0.0,60.0,5000,132.0,0,0.0,0.0,0,0.0,0.0,2253,-,Belum ditandai,unset
2026-06-04T01:30:43.623,5704036,6,0.0027333333333333333,0.004733333333333334,0.0,60.0,5000,132.0,0,0.0,0.0,0,0.0,0.0,2254,-,Belum ditandai,unset
2026-06-04T01:30:44.124,5704556,4,0.0026666666666666666,0.004666666666666667,0.0,60.0,5000,132.0,0,0.0,0.0,0,0.0,0.0,2254,-,Belum ditandai,unset
2026-06-04T01:30:44.743,5705146,3,0.0027333333333333333,0.004733333333333334,0.0,60.0,5000,132.0,0,0.0,0.0,0,0.0,0.0,2255,-,Belum ditandai,unset
2026-06-04T01:30:45.432,5705840,4,0.002533333333333333,0.004533333333333334,0.0,60.0,5000,132.0,0,0.0,0.0,0,0.0,0.0,2256,-,Belum ditandai,unset
2026-06-04T01:30:45.935,5706360,3,0.0023333333333333335,0.004333333333333333,0.0,60.0,5000,132.0,0,0.0,0.0,0,0.0,0.0,2256,-,Belum ditandai,unset
2026-06-04T01:30:46.437,5706846,6,0.0024666666666666665,0.0044666666666666665,0.0,60.0,5000,132.0,0,0.0,0.0,0,0.0,0.0,2257,-,Belum ditandai,unset
2026-06-04T01:30:46.937,5707366,3,0.0024000000000000002,0.0044,0.0,60.0,5000,132.0,0,0.0,0.0,0,0.0,0.0,2257,-,Belum ditandai,unset
2026-06-04T01:30:47.441,5707852,4,0.0024000000000000002,0.0044,0.0,60.0,5000,132.0,0,0.0,0.0,0,0.0,0.0,2258,-,Belum ditandai,unset
2026-06-04T01:30:47.944,5708372,3,0.002533333333333333,0.004533333333333334,0.0,60.0,5000,132.0,0,0.0,0.0,0,0.0,0.0,2258,-,Belum ditandai,unset
2026-06-04T01:30:48.442,5708858,4,0.002533333333333333,0.004533333333333334,0.0,60.0,5000,132.0,0,0.0,0.0,0,0.0,0.0,2259,-,Belum ditandai,unset
2026-06-04T01:30:48.942,5709378,4,0.0036,0.005866666666666668,0.0,60.0,5000,132.0,0,0.0,0.0,0,0.0,0.0,2259,-,Belum ditandai,unset
2026-06-04T01:30:49.440,5709864,3,0.003533333333333333,0.0058000000000000005,0.0,60.0,5000,132.0,0,0.0,0.0,0,0.0,0.0,2260,-,Belum ditandai,unset
2026-06-04T01:30:49.942,5710384,3,0.0036666666666666666,0.005933333333333333,0.0,60.0,5000,132.0,0,0.0,0.0,0,0.0,0.0,2260,-,Belum ditandai,unset
2026-06-04T01:30:50.445,5710870,4,0.0032,0.0052,0.0,60.0,5000,132.0,0,0.0,0.0,0,0.0,0.0,2261,-,Belum ditandai,unset
2026-06-04T01:30:50.943,5711390,14,0.0033333333333333335,0.0056,0.0,60.0,5000,132.0,0,0.0,0.0,0,0.0,0.0,2261,-,Belum ditandai,unset
2026-06-04T01:30:51.444,5711876,4,0.003533333333333333,0.0058000000000000005,0.0,60.0,5000,132.0,0,0.0,0.0,0,0.0,0.0,2262,-,Belum ditandai,unset
2026-06-04T01:30:51.941,5712396,3,0.003533333333333333,0.0058000000000000005,0.0,60.0,5000,132.0,0,0.0,0.0,0,0.0,0.0,2262,-,Belum ditandai,unset
2026-06-04T01:30:52.443,5712882,4,0.0034666666666666665,0.005733333333333334,0.0,60.0,5000,132.0,0,0.0,0.0,0,0.0,0.0,2263,-,Belum ditandai,unset
2026-06-04T01:30:52.944,5713402,3,0.0028,0.0048000000000000004,0.0,60.0,5000,132.0,0,0.0,0.0,0,0.0,0.0,2263,-,Belum ditandai,unset
2026-06-04T01:30:53.444,5713888,3,0.0028,0.0048000000000000004,0.0,60.0,5000,132.0,0,0.0,0.0,0,0.0,0.0,2264,-,Belum ditandai,unset
2026-06-04T01:30:53.948,5714408,4,0.0028,0.004933333333333333,0.0,60.0,5000,132.0,0,0.0,0.0,0,0.0,0.0,2264,-,Belum ditandai,unset
2026-06-04T01:30:54.449,5714894,3,0.0027333333333333333,0.004866666666666667,0.0,60.0,5000,132.0,0,0.0,0.0,0,0.0,0.0,2265,-,Belum ditandai,unset
2026-06-04T01:30:54.949,5715414,3,0.0029333333333333334,0.005066666666666666,0.0,60.0,5000,132.0,0,0.0,0.0,0,0.0,0.0,2265,-,Belum ditandai,unset
2026-06-04T01:30:55.447,5715900,5,0.0032,0.005333333333333333,0.0,60.0,5000,132.0,0,0.0,0.0,0,0.0,0.0,2266,-,Belum ditandai,unset
2026-06-04T01:30:55.949,5716420,3,0.0027333333333333333,0.004733333333333334,0.0,60.0,5000,132.0,0,0.0,0.0,0,0.0,0.0,2266,-,Belum ditandai,unset
2026-06-04T01:30:56.445,5716906,6,0.0029333333333333334,0.004933333333333333,0.0,60.0,5000,132.0,0,0.0,0.0,0,0.0,0.0,2267,-,Belum ditandai,unset
2026-06-04T01:30:56.946,5717426,5,0.0034000000000000002,0.0054,0.0,60.0,5000,132.0,0,0.0,0.0,0,0.0,0.0,2267,-,Belum ditandai,unset
2026-06-04T01:30:57.449,5717912,6,0.0036,0.0056,0.0,60.0,5000,132.0,0,0.0,0.0,0,0.0,0.0,2268,-,Belum ditandai,unset
2026-06-04T01:30:57.949,5718432,4,0.0037333333333333333,0.005733333333333334,0.0,60.0,5000,132.0,0,0.0,0.0,0,0.0,0.0,2268,-,Belum ditandai,unset
2026-06-04T01:30:58.448,5718918,4,0.003466666666666667,0.0054666666666666665,0.0,60.0,5000,132.0,0,0.0,0.0,0,0.0,0.0,2269,-,Belum ditandai,unset
2026-06-04T01:30:58.947,5719438,3,0.0029333333333333334,0.004933333333333333,0.0,60.0,5000,132.0,0,0.0,0.0,0,0.0,0.0,2269,-,Belum ditandai,unset
2026-06-04T01:30:59.447,5719924,3,0.002533333333333333,0.004533333333333334,0.0,60.0,5000,132.0,0,0.0,0.0,0,0.0,0.0,2270,-,Belum ditandai,unset
2026-06-04T01:31:00.009,5720444,3,0.002533333333333333,0.004533333333333334,0.0,60.0,5000,132.0,0,0.0,0.0,0,0.0,0.0,2270,-,Belum ditandai,unset
2026-06-04T01:31:00.571,5721034,3,0.0024000000000000002,0.0044,0.0,60.0,5000,132.0,0,0.0,0.0,0,0.0,0.0,2271,-,Belum ditandai,unset
2026-06-04T01:31:01.072,5721554,5,0.0034000000000000002,0.005666666666666667,0.0,60.0,5000,132.0,0,0.0,0.0,0,0.0,0.0,2271,-,Belum ditandai,unset
2026-06-04T01:31:01.571,5722040,3,0.0033333333333333335,0.0056,0.0,60.0,5000,132.0,0,0.0,0.0,0,0.0,0.0,2272,-,Belum ditandai,unset
2026-06-04T01:31:02.074,5722560,3,0.0036,0.006,0.0,60.0,5000,132.0,0,0.0,0.0,0,0.0,0.0,2272,-,Belum ditandai,unset
2026-06-04T01:31:02.571,5723046,4,0.0037333333333333333,0.0061333333333333335,0.0,60.0,5000,132.0,0,0.0,0.0,0,0.0,0.0,2273,-,Belum ditandai,unset
2026-06-04T01:31:03.072,5723566,3,0.0027333333333333333,0.004866666666666667,0.0,60.0,5000,132.0,0,0.0,0.0,0,0.0,0.0,2273,-,Belum ditandai,unset
2026-06-04T01:31:03.574,5724052,3,0.0027333333333333333,0.004866666666666667,0.0,60.0,5000,132.0,0,0.0,0.0,0,0.0,0.0,2274,-,Belum ditandai,unset
2026-06-04T01:31:04.075,5724572,3,0.0026,0.004600000000000001,0.0,60.0,5000,132.0,0,0.0,0.0,0,0.0,0.0,2274,-,Belum ditandai,unset
2026-06-04T01:31:04.699,5725162,3,0.0024666666666666665,0.0044666666666666665,0.0,60.0,5000,132.0,0,0.0,0.0,0,0.0,0.0,2275,-,Belum ditandai,unset
2026-06-04T01:31:05.200,5725682,4,0.0027333333333333333,0.004733333333333334,0.0,60.0,5000,132.0,0,0.0,0.0,0,0.0,0.0,2275,-,Belum ditandai,unset
2026-06-04T01:31:05.759,5726272,5,0.0026,0.004600000000000001,0.0,60.0,5000,132.0,0,0.0,0.0,0,0.0,0.0,2276,-,Belum ditandai,unset
2026-06-04T01:31:06.450,5726966,3,0.002533333333333333,0.004533333333333334,0.0,60.0,5000,132.0,0,0.0,0.0,0,0.0,0.0,2277,-,Belum ditandai,unset
2026-06-04T01:31:07.014,5727486,3,0.0023333333333333335,0.004333333333333333,0.0,60.0,5000,132.0,0,0.0,0.0,0,0.0,0.0,2277,-,Belum ditandai,unset
2026-06-04T01:31:07.579,5728076,7,0.004533333333333334,0.0074,0.0,60.0,5000,132.0,0,0.0,0.0,0,0.0,0.0,2278,-,Belum ditandai,unset
2026-06-04T01:31:08.077,5728596,3,0.004333333333333333,0.0072,0.0,60.0,5000,132.0,0,0.0,0.0,0,0.0,0.0,2278,-,Belum ditandai,unset
2026-06-04T01:31:08.574,5729082,4,0.0044666666666666665,0.007333333333333333,0.0,60.0,5000,132.0,0,0.0,0.0,0,0.0,0.0,2279,-,Belum ditandai,unset
2026-06-04T01:31:09.200,5729706,4,0.003266666666666667,0.005533333333333334,0.0,60.0,5000,132.0,0,0.0,0.0,0,0.0,0.0,2279,-,Belum ditandai,unset
2026-06-04T01:31:09.702,5730192,3,0.0030666666666666668,0.005333333333333333,0.0,60.0,5000,132.0,0,0.0,0.0,0,0.0,0.0,2280,-,Belum ditandai,unset
2026-06-04T01:31:10.513,5730990,3,0.003,0.005266666666666667,0.0,60.0,5000,132.0,0,0.0,0.0,0,0.0,0.0,2281,-,Belum ditandai,unset
2026-06-04T01:31:11.014,5731510,3,0.0022,0.0042,0.0,60.0,5000,132.0,0,0.0,0.0,0,0.0,0.0,2281,-,Belum ditandai,unset
2026-06-04T01:31:11.516,5731996,5,0.0023333333333333335,0.004333333333333333,0.0,60.0,5000,132.0,0,0.0,0.0,0,0.0,0.0,2282,-,Belum ditandai,unset
2026-06-04T01:31:12.019,5732516,3,0.0023333333333333335,0.004333333333333333,0.0,60.0,5000,132.0,0,0.0,0.0,0,0.0,0.0,2282,-,Belum ditandai,unset
2026-06-04T01:31:12.517,5733002,4,0.002533333333333333,0.004533333333333334,0.0,60.0,5000,132.0,0,0.0,0.0,0,0.0,0.0,2283,-,Belum ditandai,unset
2026-06-04T01:31:13.016,5733522,3,0.002866666666666667,0.004866666666666667,0.0,60.0,5000,132.0,0,0.0,0.0,0,0.0,0.0,2283,-,Belum ditandai,unset
2026-06-04T01:31:13.515,5734008,4,0.0028,0.0048000000000000004,0.0,60.0,5000,132.0,0,0.0,0.0,0,0.0,0.0,2284,-,Belum ditandai,unset
2026-06-04T01:31:14.014,5734528,4,0.004066666666666666,0.006333333333333333,0.0,60.0,5000,132.0,0,0.0,0.0,0,0.0,0.0,2284,-,Belum ditandai,unset
2026-06-04T01:31:14.513,5735014,3,0.0037333333333333333,0.006,0.0,60.0,5000,132.0,0,0.0,0.0,0,0.0,0.0,2285,-,Belum ditandai,unset
2026-06-04T01:31:15.137,5735638,4,0.0038666666666666667,0.0061333333333333335,0.0,60.0,5000,132.0,0,0.0,0.0,0,0.0,0.0,2285,-,Belum ditandai,unset
2026-06-04T01:31:15.698,5736228,5,0.002866666666666667,0.004866666666666667,0.0,60.0,5000,132.0,0,0.0,0.0,0,0.0,0.0,2286,-,Belum ditandai,unset
2026-06-04T01:31:16.197,5736748,3,0.0026,0.004600000000000001,0.0,60.0,5000,132.0,0,0.0,0.0,0,0.0,0.0,2286,-,Belum ditandai,unset
2026-06-04T01:31:16.699,5737234,4,0.0028,0.0048000000000000004,0.0,60.0,5000,132.0,0,0.0,0.0,0,0.0,0.0,2287,-,Belum ditandai,unset
2026-06-04T01:31:17.196,5737754,6,0.0031333333333333335,0.005266666666666667,0.0,60.0,5000,132.0,0,0.0,0.0,0,0.0,0.0,2287,-,Belum ditandai,unset
2026-06-04T01:31:17.700,5738240,3,0.003266666666666667,0.0054,0.0,60.0,5000,132.0,0,0.0,0.0,0,0.0,0.0,2288,-,Belum ditandai,unset
2026-06-04T01:31:18.203,5738760,6,0.003466666666666667,0.0056,0.0,60.0,5000,132.0,0,0.0,0.0,0,0.0,0.0,2288,-,Belum ditandai,unset
2026-06-04T01:31:18.705,5739246,3,0.0034000000000000002,0.005533333333333334,0.0,60.0,5000,132.0,0,0.0,0.0,0,0.0,0.0,2289,-,Belum ditandai,unset
2026-06-04T01:31:19.206,5739766,3,0.0028,0.0048000000000000004,0.0,60.0,5000,132.0,0,0.0,0.0,0,0.0,0.0,2289,-,Belum ditandai,unset
2026-06-04T01:31:19.703,5740252,3,0.0027333333333333333,0.004733333333333334,0.0,60.0,5000,132.0,0,0.0,0.0,0,0.0,0.0,2290,-,Belum ditandai,unset
2026-06-04T01:31:20.205,5740772,3,0.0024666666666666665,0.0044666666666666665,0.0,60.0,5000,132.0,0,0.0,0.0,0,0.0,0.0,2290,-,Belum ditandai,unset
2026-06-04T01:31:20.707,5741258,3,0.0023333333333333335,0.004333333333333333,0.0,60.0,5000,132.0,0,0.0,0.0,0,0.0,0.0,2291,-,Belum ditandai,unset
2026-06-04T01:31:21.206,5741778,3,0.0022,0.0042,0.0,60.0,5000,132.0,0,0.0,0.0,0,0.0,0.0,2291,-,Belum ditandai,unset
2026-06-04T01:31:21.710,5742264,4,0.002266666666666667,0.004266666666666667,0.0,60.0,5000,132.0,0,0.0,0.0,0,0.0,0.0,2292,-,Belum ditandai,unset
2026-06-04T01:31:22.213,5742784,3,0.0021333333333333334,0.0041333333333333335,0.0,60.0,5000,132.0,0,0.0,0.0,0,0.0,0.0,2292,-,Belum ditandai,unset
2026-06-04T01:31:22.716,5743270,4,0.0022,0.0042,0.0,60.0,5000,132.0,0,0.0,0.0,0,0.0,0.0,2293,-,Belum ditandai,unset
2026-06-04T01:31:23.216,5743790,3,0.0024000000000000002,0.0044,0.0,60.0,5000,132.0,0,0.0,0.0,0,0.0,0.0,2293,-,Belum ditandai,unset
2026-06-04T01:31:23.715,5744276,5,0.0027333333333333333,0.004866666666666667,0.0,60.0,5000,132.0,0,0.0,0.0,0,0.0,0.0,2294,-,Belum ditandai,unset
2026-06-04T01:31:24.526,5745074,3,0.0027333333333333333,0.004866666666666667,0.0,60.0,5000,132.0,0,0.0,0.0,0,0.0,0.0,2295,-,Belum ditandai,unset
2026-06-04T01:31:25.024,5745594,4,0.002533333333333333,0.004666666666666667,0.0,60.0,5000,132.0,0,0.0,0.0,0,0.0,0.0,2295,-,Belum ditandai,unset
2026-06-04T01:31:25.525,5746080,3,0.0022,0.0042,0.0,60.0,5000,132.0,0,0.0,0.0,0,0.0,0.0,2296,-,Belum ditandai,unset
2026-06-04T01:31:26.026,5746600,3,0.0024000000000000002,0.0044,0.0,60.0,5000,132.0,0,0.0,0.0,0,0.0,0.0,2296,-,Belum ditandai,unset
2026-06-04T01:31:26.528,5747086,4,0.002533333333333333,0.004533333333333334,0.0,60.0,5000,132.0,0,0.0,0.0,0,0.0,0.0,2297,-,Belum ditandai,unset
2026-06-04T01:31:27.029,5747606,3,0.0026666666666666666,0.004666666666666667,0.0,60.0,5000,132.0,0,0.0,0.0,0,0.0,0.0,2297,-,Belum ditandai,unset
2026-06-04T01:31:27.533,5748092,3,0.0024666666666666665,0.0044666666666666665,0.0,60.0,5000,132.0,0,0.0,0.0,0,0.0,0.0,2298,-,Belum ditandai,unset
2026-06-04T01:31:28.034,5748612,3,0.0024666666666666665,0.0044666666666666665,0.0,60.0,5000,132.0,0,0.0,0.0,0,0.0,0.0,2298,-,Belum ditandai,unset
2026-06-04T01:31:28.535,5749098,4,0.0024000000000000002,0.0044,0.0,60.0,5000,132.0,0,0.0,0.0,0,0.0,0.0,2299,-,Belum ditandai,unset
2026-06-04T01:31:29.037,5749618,3,0.002266666666666667,0.004266666666666667,0.0,60.0,5000,132.0,0,0.0,0.0,0,0.0,0.0,2299,-,Belum ditandai,unset
2026-06-04T01:31:29.536,5750104,3,0.0021333333333333334,0.0041333333333333335,0.0,60.0,5000,132.0,0,0.0,0.0,0,0.0,0.0,2300,-,Belum ditandai,unset
2026-06-04T01:31:30.034,5750624,3,0.0022,0.0042,0.0,60.0,5000,132.0,0,0.0,0.0,0,0.0,0.0,2300,-,Belum ditandai,unset
2026-06-04T01:31:30.535,5751110,4,0.0022,0.0042,0.0,60.0,5000,132.0,0,0.0,0.0,0,0.0,0.0,2301,-,Belum ditandai,unset
2026-06-04T01:31:31.036,5751630,4,0.0027333333333333333,0.004866666666666667,0.0,60.0,5000,132.0,0,0.0,0.0,0,0.0,0.0,2301,-,Belum ditandai,unset
2026-06-04T01:31:31.537,5752116,3,0.0028,0.004933333333333333,0.0,60.0,5000,132.0,0,0.0,0.0,0,0.0,0.0,2302,-,Belum ditandai,unset
2026-06-04T01:31:32.038,5752636,3,0.0028,0.004933333333333333,0.0,60.0,5000,132.0,0,0.0,0.0,0,0.0,0.0,2302,-,Belum ditandai,unset
2026-06-04T01:31:32.537,5753122,3,0.0026666666666666666,0.0048000000000000004,0.0,60.0,5000,132.0,0,0.0,0.0,0,0.0,0.0,2303,-,Belum ditandai,unset
2026-06-04T01:31:33.037,5753642,4,0.002266666666666667,0.004266666666666667,0.0,60.0,5000,132.0,0,0.0,0.0,0,0.0,0.0,2303,-,Belum ditandai,unset
2026-06-04T01:31:33.537,5754128,3,0.0023333333333333335,0.004333333333333333,0.0,60.0,5000,132.0,0,0.0,0.0,0,0.0,0.0,2304,-,Belum ditandai,unset
2026-06-04T01:31:34.039,5754648,4,0.002533333333333333,0.004533333333333334,0.0,60.0,5000,132.0,0,0.0,0.0,0,0.0,0.0,2304,-,Belum ditandai,unset
2026-06-04T01:31:34.542,5755134,4,0.0027333333333333333,0.004733333333333334,0.0,60.0,5000,132.0,0,0.0,0.0,0,0.0,0.0,2305,-,Belum ditandai,unset
2026-06-04T01:31:35.042,5755654,3,0.0026,0.004600000000000001,0.0,60.0,5000,132.0,0,0.0,0.0,0,0.0,0.0,2305,-,Belum ditandai,unset
2026-06-04T01:31:35.540,5756140,4,0.0026666666666666666,0.004666666666666667,0.0,60.0,5000,132.0,0,0.0,0.0,0,0.0,0.0,2306,-,Belum ditandai,unset
2026-06-04T01:31:36.038,5756660,3,0.0023333333333333335,0.004333333333333333,0.0,60.0,5000,132.0,0,0.0,0.0,0,0.0,0.0,2306,-,Belum ditandai,unset
2026-06-04T01:31:36.538,5757146,3,0.0022,0.0042,0.0,60.0,5000,132.0,0,0.0,0.0,0,0.0,0.0,2307,-,Belum ditandai,unset
2026-06-04T01:31:37.043,5757666,4,0.0023333333333333335,0.004333333333333333,0.0,60.0,5000,132.0,0,0.0,0.0,0,0.0,0.0,2307,-,Belum ditandai,unset
2026-06-04T01:31:37.543,5758152,4,0.0024000000000000002,0.0044,0.0,60.0,5000,132.0,0,0.0,0.0,0,0.0,0.0,2308,-,Belum ditandai,unset
2026-06-04T01:31:38.047,5758672,3,0.0026,0.004600000000000001,0.0,60.0,5000,132.0,0,0.0,0.0,0,0.0,0.0,2308,-,Belum ditandai,unset
2026-06-04T01:31:38.545,5759158,7,0.002866666666666667,0.004866666666666667,0.0,60.0,5000,132.0,0,0.0,0.0,0,0.0,0.0,2309,-,Belum ditandai,unset
2026-06-04T01:31:39.043,5759678,4,0.0030666666666666668,0.005066666666666666,0.0,60.0,5000,132.0,0,0.0,0.0,0,0.0,0.0,2309,-,Belum ditandai,unset
2026-06-04T01:31:39.546,5760164,3,0.003,0.005,0.0,60.0,5000,132.0,0,0.0,0.0,0,0.0,0.0,2310,-,Belum ditandai,unset
2026-06-04T01:31:40.043,5760684,3,0.002866666666666667,0.004866666666666667,0.0,60.0,5000,132.0,0,0.0,0.0,0,0.0,0.0,2310,-,Belum ditandai,unset
2026-06-04T01:31:40.546,5761170,4,0.0024666666666666665,0.0044666666666666665,0.0,60.0,5000,132.0,0,0.0,0.0,0,0.0,0.0,2311,-,Belum ditandai,unset
2026-06-04T01:31:41.047,5761690,3,0.0024000000000000002,0.0044,0.0,60.0,5000,132.0,0,0.0,0.0,0,0.0,0.0,2311,-,Belum ditandai,unset
2026-06-04T01:31:41.545,5762176,3,0.0023333333333333335,0.004333333333333333,0.0,60.0,5000,132.0,0,0.0,0.0,0,0.0,0.0,2312,-,Belum ditandai,unset
2026-06-04T01:31:42.168,5762800,6,0.0029333333333333334,0.004933333333333333,0.0,60.0,5000,132.0,0,0.0,0.0,0,0.0,0.0,2312,-,Belum ditandai,unset
2026-06-04T01:31:42.667,5763286,3,0.0027333333333333333,0.004733333333333334,0.0,60.0,5000,132.0,0,0.0,0.0,0,0.0,0.0,2313,-,Belum ditandai,unset
2026-06-04T01:31:43.166,5763806,3,0.0026666666666666666,0.004666666666666667,0.0,60.0,5000,132.0,0,0.0,0.0,0,0.0,0.0,2313,-,Belum ditandai,unset
2026-06-04T01:31:43.665,5764292,4,0.0026666666666666666,0.004666666666666667,0.0,60.0,5000,132.0,0,0.0,0.0,0,0.0,0.0,2314,-,Belum ditandai,unset
2026-06-04T01:31:44.166,5764812,3,0.0021333333333333334,0.0041333333333333335,0.0,60.0,5000,132.0,0,0.0,0.0,0,0.0,0.0,2314,-,Belum ditandai,unset
2026-06-04T01:31:44.665,5765298,3,0.0022,0.0042,0.0,60.0,5000,132.0,0,0.0,0.0,0,0.0,0.0,2315,-,Belum ditandai,unset
2026-06-04T01:31:45.166,5765818,7,0.0026,0.004600000000000001,0.0,60.0,5000,132.0,0,0.0,0.0,0,0.0,0.0,2315,-,Belum ditandai,unset
2026-06-04T01:31:45.668,5766304,3,0.0026,0.004600000000000001,0.0,60.0,5000,132.0,0,0.0,0.0,0,0.0,0.0,2316,-,Belum ditandai,unset
2026-06-04T01:31:46.166,5766824,4,0.0026666666666666666,0.004666666666666667,0.0,60.0,5000,132.0,0,0.0,0.0,0,0.0,0.0,2316,-,Belum ditandai,unset
2026-06-04T01:31:46.663,5767310,3,0.0027333333333333333,0.004733333333333334,0.0,60.0,5000,132.0,0,0.0,0.0,0,0.0,0.0,2317,-,Belum ditandai,unset
2026-06-04T01:31:47.164,5767830,3,0.0024666666666666665,0.0044666666666666665,0.0,60.0,5000,132.0,0,0.0,0.0,0,0.0,0.0,2317,-,Belum ditandai,unset
2026-06-04T01:31:47.663,5768316,4,0.0024666666666666665,0.0044666666666666665,0.0,60.0,5000,132.0,0,0.0,0.0,0,0.0,0.0,2318,-,Belum ditandai,unset
2026-06-04T01:31:48.166,5768836,5,0.0030666666666666668,0.0052,0.0,60.0,5000,132.0,0,0.0,0.0,0,0.0,0.0,2318,-,Belum ditandai,unset
2026-06-04T01:31:48.665,5769322,3,0.0029333333333333334,0.005066666666666666,0.0,60.0,5000,132.0,0,0.0,0.0,0,0.0,0.0,2319,-,Belum ditandai,unset
2026-06-04T01:31:49.164,5769842,4,0.0032,0.005333333333333333,0.0,60.0,5000,132.0,0,0.0,0.0,0,0.0,0.0,2319,-,Belum ditandai,unset
2026-06-04T01:31:49.665,5770328,3,0.0030666666666666668,0.0052,0.0,60.0,5000,132.0,0,0.0,0.0,0,0.0,0.0,2320,-,Belum ditandai,unset
2026-06-04T01:31:50.163,5770848,3,0.002533333333333333,0.004533333333333334,0.0,60.0,5000,132.0,0,0.0,0.0,0,0.0,0.0,2320,-,Belum ditandai,unset
2026-06-04T01:31:50.664,5771334,3,0.0023333333333333335,0.004333333333333333,0.0,60.0,5000,132.0,0,0.0,0.0,0,0.0,0.0,2321,-,Belum ditandai,unset
2026-06-04T01:31:51.163,5771854,3,0.0021333333333333334,0.0041333333333333335,0.0,60.0,5000,132.0,0,0.0,0.0,0,0.0,0.0,2321,-,Belum ditandai,unset
2026-06-04T01:31:51.662,5772340,3,0.0021333333333333334,0.0041333333333333335,0.0,60.0,5000,132.0,0,0.0,0.0,0,0.0,0.0,2322,-,Belum ditandai,unset
2026-06-04T01:31:52.226,5772860,4,0.0020666666666666667,0.004066666666666666,0.0,60.0,5000,132.0,0,0.0,0.0,0,0.0,0.0,2322,-,Belum ditandai,unset
2026-06-04T01:31:52.786,5773450,4,0.002266666666666667,0.004266666666666667,0.0,60.0,5000,132.0,0,0.0,0.0,0,0.0,0.0,2323,-,Belum ditandai,unset
2026-06-04T01:31:53.287,5773970,3,0.0024666666666666665,0.0044666666666666665,0.0,60.0,5000,132.0,0,0.0,0.0,0,0.0,0.0,2323,-,Belum ditandai,unset
2026-06-04T01:31:53.786,5774456,3,0.0024666666666666665,0.0044666666666666665,0.0,60.0,5000,132.0,0,0.0,0.0,0,0.0,0.0,2324,-,Belum ditandai,unset
2026-06-04T01:31:54.285,5774976,5,0.0026,0.004600000000000001,0.0,60.0,5000,132.0,0,0.0,0.0,0,0.0,0.0,2324,-,Belum ditandai,unset
2026-06-04T01:31:54.779,5775462,7,0.0027333333333333333,0.004733333333333334,0.0,60.0,5000,132.0,0,0.0,0.0,0,0.0,0.0,2325,-,Belum ditandai,unset
2026-06-04T01:31:55.297,5775982,5,0.003266666666666667,0.0054,0.0,60.0,5000,132.0,0,0.0,0.0,0,0.0,0.0,2325,-,Belum ditandai,unset
2026-06-04T01:31:55.796,5776468,3,0.003533333333333333,0.005666666666666667,0.0,60.0,5000,132.0,0,0.0,0.0,0,0.0,0.0,2326,-,Belum ditandai,unset
2026-06-04T01:31:56.295,5776988,5,0.003533333333333333,0.005666666666666667,0.0,60.0,5000,132.0,0,0.0,0.0,0,0.0,0.0,2326,-,Belum ditandai,unset
2026-06-04T01:31:56.796,5777474,4,0.003266666666666667,0.0054,0.0,60.0,5000,132.0,0,0.0,0.0,0,0.0,0.0,2327,-,Belum ditandai,unset
2026-06-04T01:31:57.296,5777994,4,0.0026666666666666666,0.004666666666666667,0.0,60.0,5000,132.0,0,0.0,0.0,0,0.0,0.0,2327,-,Belum ditandai,unset
2026-06-04T01:31:57.795,5778480,3,0.0026666666666666666,0.004666666666666667,0.0,60.0,5000,132.0,0,0.0,0.0,0,0.0,0.0,2328,-,Belum ditandai,unset
2026-06-04T01:31:58.295,5779000,3,0.0031333333333333335,0.0054,0.0,60.0,5000,132.0,0,0.0,0.0,0,0.0,0.0,2328,-,Belum ditandai,unset
2026-06-04T01:31:58.796,5779486,6,0.0034000000000000002,0.005666666666666667,0.0,60.0,5000,132.0,0,0.0,0.0,0,0.0,0.0,2329,-,Belum ditandai,unset
2026-06-04T01:31:59.294,5780006,3,0.0034000000000000002,0.005666666666666667,0.0,60.0,5000,132.0,0,0.0,0.0,0,0.0,0.0,2329,-,Belum ditandai,unset
2026-06-04T01:31:59.793,5780492,3,0.002866666666666667,0.005,0.0,60.0,5000,132.0,0,0.0,0.0,0,0.0,0.0,2330,-,Belum ditandai,unset
2026-06-04T01:32:00.605,5781290,3,0.0028,0.0048000000000000004,0.0,60.0,5000,132.0,0,0.0,0.0,0,0.0,0.0,2331,-,Belum ditandai,unset
2026-06-04T01:32:01.103,5781810,3,0.0024666666666666665,0.0044666666666666665,0.0,60.0,5000,132.0,0,0.0,0.0,0,0.0,0.0,2331,-,Belum ditandai,unset
2026-06-04T01:32:01.604,5782296,3,0.0024666666666666665,0.0044666666666666665,0.0,60.0,5000,132.0,0,0.0,0.0,0,0.0,0.0,2332,-,Belum ditandai,unset
2026-06-04T01:32:02.102,5782816,3,0.0031333333333333335,0.0054,0.0,60.0,5000,132.0,0,0.0,0.0,0,0.0,0.0,2332,-,Belum ditandai,unset
2026-06-04T01:32:02.602,5783302,3,0.0031333333333333335,0.0054,0.0,60.0,5000,132.0,0,0.0,0.0,0,0.0,0.0,2333,-,Belum ditandai,unset
2026-06-04T01:32:03.104,5783822,5,0.0033333333333333335,0.0056,0.0,60.0,5000,132.0,0,0.0,0.0,0,0.0,0.0,2333,-,Belum ditandai,unset
2026-06-04T01:32:03.607,5784308,4,0.0027333333333333333,0.004733333333333334,0.0,60.0,5000,132.0,0,0.0,0.0,0,0.0,0.0,2334,-,Belum ditandai,unset
2026-06-04T01:32:04.230,5784932,3,0.0028,0.0048000000000000004,0.0,60.0,5000,132.0,0,0.0,0.0,0,0.0,0.0,2334,-,Belum ditandai,unset
2026-06-04T01:32:04.729,5785418,5,0.003,0.005,0.0,60.0,5000,132.0,0,0.0,0.0,0,0.0,0.0,2335,-,Belum ditandai,unset
2026-06-04T01:32:05.227,5785938,3,0.0028,0.0048000000000000004,0.0,60.0,5000,132.0,0,0.0,0.0,0,0.0,0.0,2335,-,Belum ditandai,unset
2026-06-04T01:32:05.727,5786424,7,0.0028,0.0048000000000000004,0.0,60.0,5000,132.0,0,0.0,0.0,0,0.0,0.0,2336,-,Belum ditandai,unset
2026-06-04T01:32:06.225,5786944,3,0.002866666666666667,0.004866666666666667,0.0,60.0,5000,132.0,0,0.0,0.0,0,0.0,0.0,2336,-,Belum ditandai,unset
2026-06-04T01:32:06.726,5787430,3,0.0026666666666666666,0.004666666666666667,0.0,60.0,5000,132.0,0,0.0,0.0,0,0.0,0.0,2337,-,Belum ditandai,unset
2026-06-04T01:32:07.226,5787950,3,0.003,0.0051333333333333335,0.0,60.0,5000,132.0,0,0.0,0.0,0,0.0,0.0,2337,-,Belum ditandai,unset
2026-06-04T01:32:07.723,5788436,4,0.0028,0.004933333333333333,0.0,60.0,5000,132.0,0,0.0,0.0,0,0.0,0.0,2338,-,Belum ditandai,unset
2026-06-04T01:32:08.225,5788956,3,0.0026,0.004733333333333334,0.0,60.0,5000,132.0,0,0.0,0.0,0,0.0,0.0,2338,-,Belum ditandai,unset
2026-06-04T01:32:08.728,5789442,3,0.002266666666666667,0.004266666666666667,0.0,60.0,5000,132.0,0,0.0,0.0,0,0.0,0.0,2339,-,Belum ditandai,unset
2026-06-04T01:32:09.226,5789962,4,0.0027333333333333333,0.004866666666666667,0.0,60.0,5000,132.0,0,0.0,0.0,0,0.0,0.0,2339,-,Belum ditandai,unset
2026-06-04T01:32:09.724,5790448,3,0.002866666666666667,0.005,0.0,60.0,5000,132.0,0,0.0,0.0,0,0.0,0.0,2340,-,Belum ditandai,unset
2026-06-04T01:32:10.223,5790968,3,0.0030666666666666668,0.0052,0.0,60.0,5000,132.0,0,0.0,0.0,0,0.0,0.0,2340,-,Belum ditandai,unset
2026-06-04T01:32:10.721,5791454,4,0.0034000000000000002,0.005533333333333334,0.0,60.0,5000,132.0,0,0.0,0.0,0,0.0,0.0,2341,-,Belum ditandai,unset
2026-06-04T01:32:11.222,5791974,4,0.003266666666666667,0.0054,0.0,60.0,5000,132.0,0,0.0,0.0,0,0.0,0.0,2341,-,Belum ditandai,unset
2026-06-04T01:32:11.721,5792460,3,0.0029333333333333334,0.005066666666666666,0.0,60.0,5000,132.0,0,0.0,0.0,0,0.0,0.0,2342,-,Belum ditandai,unset
2026-06-04T01:32:12.220,5792980,3,0.0028,0.004933333333333333,0.0,60.0,5000,132.0,0,0.0,0.0,0,0.0,0.0,2342,-,Belum ditandai,unset
2026-06-04T01:32:12.720,5793466,3,0.002533333333333333,0.004666666666666667,0.0,60.0,5000,132.0,0,0.0,0.0,0,0.0,0.0,2343,-,Belum ditandai,unset
2026-06-04T01:32:13.222,5793986,3,0.002266666666666667,0.004266666666666667,0.0,60.0,5000,132.0,0,0.0,0.0,0,0.0,0.0,2343,-,Belum ditandai,unset
2026-06-04T01:32:13.722,5794472,3,0.002266666666666667,0.004266666666666667,0.0,60.0,5000,132.0,0,0.0,0.0,0,0.0,0.0,2344,-,Belum ditandai,unset
2026-06-04T01:32:14.220,5794992,3,0.0022,0.0042,0.0,60.0,5000,132.0,0,0.0,0.0,0,0.0,0.0,2344,-,Belum ditandai,unset
2026-06-04T01:32:14.721,5795478,5,0.0023333333333333335,0.004333333333333333,0.0,60.0,5000,132.0,0,0.0,0.0,0,0.0,0.0,2345,-,Belum ditandai,unset
2026-06-04T01:32:15.219,5795998,7,0.0024000000000000002,0.0044,0.0,60.0,5000,132.0,0,0.0,0.0,0,0.0,0.0,2345,-,Belum ditandai,unset
2026-06-04T01:32:15.738,5796484,3,0.002533333333333333,0.004533333333333334,0.0,60.0,5000,132.0,0,0.0,0.0,0,0.0,0.0,2346,-,Belum ditandai,unset
2026-06-04T01:32:16.236,5797004,3,0.0026666666666666666,0.004666666666666667,0.0,60.0,5000,132.0,0,0.0,0.0,0,0.0,0.0,2346,-,Belum ditandai,unset
2026-06-04T01:32:16.733,5797490,7,0.0029333333333333334,0.004933333333333333,0.0,60.0,5000,132.0,0,0.0,0.0,0,0.0,0.0,2347,-,Belum ditandai,unset
2026-06-04T01:32:17.233,5798010,5,0.002866666666666667,0.004866666666666667,0.0,60.0,5000,132.0,0,0.0,0.0,0,0.0,0.0,2347,-,Belum ditandai,unset
2026-06-04T01:32:17.735,5798496,13,0.0033333333333333335,0.0056,0.0,60.0,5000,132.0,0,0.0,0.0,0,0.0,0.0,2348,-,Belum ditandai,unset
2026-06-04T01:32:18.236,5799016,3,0.0033333333333333335,0.0056,0.0,60.0,5000,132.0,0,0.0,0.0,0,0.0,0.0,2348,-,Belum ditandai,unset
2026-06-04T01:32:18.738,5799502,5,0.0032,0.0054666666666666665,0.0,60.0,5000,132.0,0,0.0,0.0,0,0.0,0.0,2349,-,Belum ditandai,unset
2026-06-04T01:32:19.240,5800022,6,0.0032,0.0054666666666666665,0.0,60.0,5000,132.0,0,0.0,0.0,0,0.0,0.0,2349,-,Belum ditandai,unset
2026-06-04T01:32:19.738,5800508,3,0.0024666666666666665,0.0044666666666666665,0.0,60.0,5000,132.0,0,0.0,0.0,0,0.0,0.0,2350,-,Belum ditandai,unset
2026-06-04T01:32:20.239,5801028,3,0.0027333333333333333,0.004733333333333334,0.0,60.0,5000,132.0,0,0.0,0.0,0,0.0,0.0,2350,-,Belum ditandai,unset
2026-06-04T01:32:20.737,5801514,4,0.0029333333333333334,0.004933333333333333,0.0,60.0,5000,132.0,0,0.0,0.0,0,0.0,0.0,2351,-,Belum ditandai,unset
2026-06-04T01:32:21.237,5802034,5,0.0029333333333333334,0.004933333333333333,0.0,60.0,5000,132.0,0,0.0,0.0,0,0.0,0.0,2351,-,Belum ditandai,unset
2026-06-04T01:32:21.738,5802520,3,0.002866666666666667,0.004866666666666667,0.0,60.0,5000,132.0,0,0.0,0.0,0,0.0,0.0,2352,-,Belum ditandai,unset
2026-06-04T01:32:22.239,5803040,3,0.002533333333333333,0.004533333333333334,0.0,60.0,5000,132.0,0,0.0,0.0,0,0.0,0.0,2352,-,Belum ditandai,unset
2026-06-04T01:32:22.738,5803526,3,0.0024666666666666665,0.0044666666666666665,0.0,60.0,5000,132.0,0,0.0,0.0,0,0.0,0.0,2353,-,Belum ditandai,unset
2026-06-04T01:32:23.237,5804046,3,0.0023333333333333335,0.004333333333333333,0.0,60.0,5000,132.0,0,0.0,0.0,0,0.0,0.0,2353,-,Belum ditandai,unset
2026-06-04T01:32:23.736,5804532,3,0.0023333333333333335,0.004333333333333333,0.0,60.0,5000,132.0,0,0.0,0.0,0,0.0,0.0,2354,-,Belum ditandai,unset
2026-06-04T01:32:24.297,5805052,9,0.0032,0.0054666666666666665,0.0,60.0,5000,132.0,0,0.0,0.0,0,0.0,0.0,2354,-,Belum ditandai,unset
2026-06-04T01:32:24.858,5805642,3,0.0033333333333333335,0.0056,0.0,60.0,5000,132.0,0,0.0,0.0,0,0.0,0.0,2355,-,Belum ditandai,unset
2026-06-04T01:32:25.357,5806162,3,0.0033333333333333335,0.0056,0.0,60.0,5000,132.0,0,0.0,0.0,0,0.0,0.0,2355,-,Belum ditandai,unset
2026-06-04T01:32:25.858,5806648,3,0.002866666666666667,0.005,0.0,60.0,5000,132.0,0,0.0,0.0,0,0.0,0.0,2356,-,Belum ditandai,unset
2026-06-04T01:32:26.357,5807168,3,0.002266666666666667,0.004266666666666667,0.0,60.0,5000,132.0,0,0.0,0.0,0,0.0,0.0,2356,-,Belum ditandai,unset
2026-06-04T01:32:26.980,5807758,3,0.0023333333333333335,0.004333333333333333,0.0,60.0,5000,132.0,0,0.0,0.0,0,0.0,0.0,2357,-,Belum ditandai,unset
2026-06-04T01:32:27.669,5808452,4,0.0026666666666666666,0.004666666666666667,0.0,60.0,5000,132.0,0,0.0,0.0,0,0.0,0.0,2358,-,Belum ditandai,unset
2026-06-04T01:32:28.293,5809076,3,0.0026,0.004600000000000001,0.0,60.0,5000,132.0,0,0.0,0.0,0,0.0,0.0,2358,-,Belum ditandai,unset
2026-06-04T01:32:28.855,5809666,3,0.0036,0.005933333333333333,0.0,60.0,5000,132.0,0,0.0,0.0,0,0.0,0.0,2359,-,Belum ditandai,unset
2026-06-04T01:32:29.355,5810186,3,0.0033333333333333335,0.005666666666666667,0.0,60.0,5000,132.0,0,0.0,0.0,0,0.0,0.0,2359,-,Belum ditandai,unset
2026-06-04T01:32:29.853,5810672,3,0.0033333333333333335,0.005666666666666667,0.0,60.0,5000,132.0,0,0.0,0.0,0,0.0,0.0,2360,-,Belum ditandai,unset
2026-06-04T01:32:30.353,5811192,3,0.0023333333333333335,0.004333333333333333,0.0,60.0,5000,132.0,0,0.0,0.0,0,0.0,0.0,2360,-,Belum ditandai,unset
2026-06-04T01:32:30.853,5811678,3,0.0021333333333333334,0.0041333333333333335,0.0,60.0,5000,132.0,0,0.0,0.0,0,0.0,0.0,2361,-,Belum ditandai,unset
2026-06-04T01:32:31.415,5812198,4,0.0023333333333333335,0.004333333333333333,0.0,60.0,5000,132.0,0,0.0,0.0,0,0.0,0.0,2361,-,Belum ditandai,unset
2026-06-04T01:32:31.978,5812788,4,0.0024666666666666665,0.0044666666666666665,0.0,60.0,5000,132.0,0,0.0,0.0,0,0.0,0.0,2362,-,Belum ditandai,unset
2026-06-04T01:32:32.668,5813482,4,0.0026,0.004600000000000001,0.0,60.0,5000,132.0,0,0.0,0.0,0,0.0,0.0,2363,-,Belum ditandai,unset
2026-06-04T01:32:33.171,5814002,3,0.0024000000000000002,0.0044,0.0,60.0,5000,132.0,0,0.0,0.0,0,0.0,0.0,2363,-,Belum ditandai,unset
2026-06-04T01:32:33.674,5814488,3,0.0023333333333333335,0.004333333333333333,0.0,60.0,5000,132.0,0,0.0,0.0,0,0.0,0.0,2364,-,Belum ditandai,unset
2026-06-04T01:32:34.178,5815008,6,0.0024000000000000002,0.0044,0.0,60.0,5000,132.0,0,0.0,0.0,0,0.0,0.0,2364,-,Belum ditandai,unset
2026-06-04T01:32:34.678,5815494,3,0.0024000000000000002,0.0044,0.0,60.0,5000,132.0,0,0.0,0.0,0,0.0,0.0,2365,-,Belum ditandai,unset
2026-06-04T01:32:35.177,5816014,3,0.0024000000000000002,0.0044,0.0,60.0,5000,132.0,0,0.0,0.0,0,0.0,0.0,2365,-,Belum ditandai,unset
2026-06-04T01:32:35.678,5816500,6,0.0029333333333333334,0.004933333333333333,0.0,60.0,5000,132.0,0,0.0,0.0,0,0.0,0.0,2366,-,Belum ditandai,unset
2026-06-04T01:32:36.175,5817020,3,0.002866666666666667,0.004866666666666667,0.0,60.0,5000,132.0,0,0.0,0.0,0,0.0,0.0,2366,-,Belum ditandai,unset
2026-06-04T01:32:36.677,5817506,3,0.002866666666666667,0.004866666666666667,0.0,60.0,5000,132.0,0,0.0,0.0,0,0.0,0.0,2367,-,Belum ditandai,unset
2026-06-04T01:32:37.178,5818026,3,0.0032,0.005333333333333333,0.0,60.0,5000,132.0,0,0.0,0.0,0,0.0,0.0,2367,-,Belum ditandai,unset
2026-06-04T01:32:37.681,5818512,5,0.0028,0.004933333333333333,0.0,60.0,5000,132.0,0,0.0,0.0,0,0.0,0.0,2368,-,Belum ditandai,unset
2026-06-04T01:32:38.185,5819032,6,0.0037333333333333333,0.0061333333333333335,0.0,60.0,5000,132.0,0,0.0,0.0,0,0.0,0.0,2368,-,Belum ditandai,unset
2026-06-04T01:32:38.683,5819518,3,0.0037333333333333333,0.0061333333333333335,0.0,60.0,5000,132.0,0,0.0,0.0,0,0.0,0.0,2369,-,Belum ditandai,unset
2026-06-04T01:32:39.183,5820038,4,0.0038,0.0062,0.0,60.0,5000,132.0,0,0.0,0.0,0,0.0,0.0,2369,-,Belum ditandai,unset
2026-06-04T01:32:39.682,5820524,5,0.0036666666666666666,0.006066666666666666,0.0,60.0,5000,132.0,0,0.0,0.0,0,0.0,0.0,2370,-,Belum ditandai,unset
2026-06-04T01:32:40.181,5821044,5,0.003,0.0051333333333333335,0.0,60.0,5000,132.0,0,0.0,0.0,0,0.0,0.0,2370,-,Belum ditandai,unset
2026-06-04T01:32:40.680,5821530,3,0.0030666666666666668,0.0052,0.0,60.0,5000,132.0,0,0.0,0.0,0,0.0,0.0,2371,-,Belum ditandai,unset
2026-06-04T01:32:41.177,5822050,3,0.0036,0.005866666666666667,0.0,60.0,5000,132.0,0,0.0,0.0,0,0.0,0.0,2371,-,Belum ditandai,unset
2026-06-04T01:32:41.676,5822536,3,0.0034000000000000002,0.005666666666666667,0.0,60.0,5000,132.0,0,0.0,0.0,0,0.0,0.0,2372,-,Belum ditandai,unset
2026-06-04T01:32:42.176,5823056,4,0.0031333333333333335,0.0054,0.0,60.0,5000,132.0,0,0.0,0.0,0,0.0,0.0,2372,-,Belum ditandai,unset
2026-06-04T01:32:42.674,5823542,3,0.0028666666666666662,0.005,0.0,60.0,5000,132.0,0,0.0,0.0,0,0.0,0.0,2373,-,Belum ditandai,unset
2026-06-04T01:32:43.236,5824062,4,0.0024000000000000002,0.0044,0.0,60.0,5000,132.0,0,0.0,0.0,0,0.0,0.0,2373,-,Belum ditandai,unset
2026-06-04T01:32:43.795,5824652,5,0.002533333333333333,0.004533333333333334,0.0,60.0,5000,132.0,0,0.0,0.0,0,0.0,0.0,2374,-,Belum ditandai,unset
2026-06-04T01:32:44.293,5825172,3,0.0027333333333333333,0.004733333333333334,0.0,60.0,5000,132.0,0,0.0,0.0,0,0.0,0.0,2374,-,Belum ditandai,unset
2026-06-04T01:32:44.794,5825658,3,0.0026666666666666666,0.004666666666666667,0.0,60.0,5000,132.0,0,0.0,0.0,0,0.0,0.0,2375,-,Belum ditandai,unset
2026-06-04T01:32:45.419,5826282,3,0.0026,0.004600000000000001,0.0,60.0,5000,132.0,0,0.0,0.0,0,0.0,0.0,2375,-,Belum ditandai,unset
2026-06-04T01:32:45.919,5826768,4,0.002266666666666667,0.004266666666666667,0.0,60.0,5000,132.0,0,0.0,0.0,0,0.0,0.0,2376,-,Belum ditandai,unset
2026-06-04T01:32:46.668,5827566,4,0.0027333333333333333,0.004733333333333334,0.0,60.0,5000,132.0,0,0.0,0.0,0,0.0,0.0,2377,-,Belum ditandai,unset
2026-06-04T01:32:47.227,5828086,4,0.0026666666666666666,0.004666666666666667,0.0,60.0,5000,132.0,0,0.0,0.0,0,0.0,0.0,2377,-,Belum ditandai,unset
2026-06-04T01:32:47.728,5828572,3,0.0026666666666666666,0.004666666666666667,0.0,60.0,5000,132.0,0,0.0,0.0,0,0.0,0.0,2378,-,Belum ditandai,unset
2026-06-04T01:32:48.226,5829092,4,0.0024000000000000002,0.0044,0.0,60.0,5000,132.0,0,0.0,0.0,0,0.0,0.0,2378,-,Belum ditandai,unset
2026-06-04T01:32:48.724,5829578,5,0.0024000000000000002,0.0044,0.0,60.0,5000,132.0,0,0.0,0.0,0,0.0,0.0,2379,-,Belum ditandai,unset
2026-06-04T01:32:49.225,5830098,3,0.0024000000000000002,0.0044,0.0,60.0,5000,132.0,0,0.0,0.0,0,0.0,0.0,2379,-,Belum ditandai,unset
2026-06-04T01:32:49.729,5830584,3,0.0024000000000000002,0.0044,0.0,60.0,5000,132.0,0,0.0,0.0,0,0.0,0.0,2380,-,Belum ditandai,unset
2026-06-04T01:32:50.226,5831104,3,0.002266666666666667,0.004266666666666667,0.0,60.0,5000,132.0,0,0.0,0.0,0,0.0,0.0,2380,-,Belum ditandai,unset
2026-06-04T01:32:50.726,5831590,3,0.0021333333333333334,0.0041333333333333335,0.0,60.0,5000,132.0,0,0.0,0.0,0,0.0,0.0,2381,-,Belum ditandai,unset
2026-06-04T01:32:51.226,5832110,3,0.0021333333333333334,0.0041333333333333335,0.0,60.0,5000,132.0,0,0.0,0.0,0,0.0,0.0,2381,-,Belum ditandai,unset
2026-06-04T01:32:51.728,5832596,3,0.0022,0.0042,0.0,60.0,5000,132.0,0,0.0,0.0,0,0.0,0.0,2382,-,Belum ditandai,unset
2026-06-04T01:32:52.229,5833116,4,0.002533333333333333,0.004533333333333334,0.0,60.0,5000,132.0,0,0.0,0.0,0,0.0,0.0,2382,-,Belum ditandai,unset
2026-06-04T01:32:52.728,5833602,3,0.002533333333333333,0.004533333333333334,0.0,60.0,5000,132.0,0,0.0,0.0,0,0.0,0.0,2383,-,Belum ditandai,unset
2026-06-04T01:32:53.226,5834122,4,0.002533333333333333,0.004533333333333334,0.0,60.0,5000,132.0,0,0.0,0.0,0,0.0,0.0,2383,-,Belum ditandai,unset
2026-06-04T01:32:53.725,5834608,3,0.002533333333333333,0.004533333333333334,0.0,60.0,5000,132.0,0,0.0,0.0,0,0.0,0.0,2384,-,Belum ditandai,unset
2026-06-04T01:32:54.224,5835128,3,0.0024666666666666665,0.0044666666666666665,0.0,60.0,5000,132.0,0,0.0,0.0,0,0.0,0.0,2384,-,Belum ditandai,unset
2026-06-04T01:32:54.724,5835614,3,0.0027333333333333333,0.004733333333333334,0.0,60.0,5000,132.0,0,0.0,0.0,0,0.0,0.0,2385,-,Belum ditandai,unset
2026-06-04T01:32:55.224,5836134,3,0.0028,0.0048000000000000004,0.0,60.0,5000,132.0,0,0.0,0.0,0,0.0,0.0,2385,-,Belum ditandai,unset
2026-06-04T01:32:55.727,5836620,4,0.002866666666666667,0.004866666666666667,0.0,60.0,5000,132.0,0,0.0,0.0,0,0.0,0.0,2386,-,Belum ditandai,unset
2026-06-04T01:32:56.229,5837140,4,0.003,0.005,0.0,60.0,5000,132.0,0,0.0,0.0,0,0.0,0.0,2386,-,Belum ditandai,unset
2026-06-04T01:32:56.732,5837626,4,0.003266666666666667,0.005266666666666667,0.0,60.0,5000,132.0,0,0.0,0.0,0,0.0,0.0,2387,-,Belum ditandai,unset
2026-06-04T01:32:57.234,5838146,3,0.0037333333333333333,0.005866666666666667,0.0,60.0,5000,132.0,0,0.0,0.0,0,0.0,0.0,2387,-,Belum ditandai,unset
2026-06-04T01:32:57.737,5838632,4,0.0037333333333333333,0.005866666666666667,0.0,60.0,5000,132.0,0,0.0,0.0,0,0.0,0.0,2388,-,Belum ditandai,unset
2026-06-04T01:32:58.235,5839152,3,0.0033333333333333335,0.0054666666666666665,0.0,60.0,5000,132.0,0,0.0,0.0,0,0.0,0.0,2388,-,Belum ditandai,unset
2026-06-04T01:32:58.734,5839638,3,0.0027333333333333333,0.004733333333333334,0.0,60.0,5000,132.0,0,0.0,0.0,0,0.0,0.0,2389,-,Belum ditandai,unset
2026-06-04T01:32:59.355,5840262,5,0.0026,0.004600000000000001,0.0,60.0,5000,132.0,0,0.0,0.0,0,0.0,0.0,2389,-,Belum ditandai,unset
2026-06-04T01:32:59.856,5840748,3,0.0034000000000000002,0.0058000000000000005,0.0,60.0,5000,132.0,0,0.0,0.0,0,0.0,0.0,2390,-,Belum ditandai,unset
2026-06-04T01:33:00.356,5841268,3,0.0034000000000000002,0.0058000000000000005,0.0,60.0,5000,132.0,0,0.0,0.0,0,0.0,0.0,2390,-,Belum ditandai,unset
2026-06-04T01:33:00.857,5841754,3,0.0034000000000000002,0.0058000000000000005,0.0,60.0,5000,132.0,0,0.0,0.0,0,0.0,0.0,2391,-,Belum ditandai,unset
2026-06-04T01:33:01.359,5842274,3,0.0027333333333333333,0.004866666666666667,0.0,60.0,5000,132.0,0,0.0,0.0,0,0.0,0.0,2391,-,Belum ditandai,unset
2026-06-04T01:33:01.859,5842760,4,0.002266666666666667,0.004266666666666667,0.0,60.0,5000,132.0,0,0.0,0.0,0,0.0,0.0,2392,-,Belum ditandai,unset
2026-06-04T01:33:02.358,5843280,3,0.0021333333333333334,0.0041333333333333335,0.0,60.0,5000,132.0,0,0.0,0.0,0,0.0,0.0,2392,-,Belum ditandai,unset
2026-06-04T01:33:02.856,5843766,3,0.0021333333333333334,0.0041333333333333335,0.0,60.0,5000,132.0,0,0.0,0.0,0,0.0,0.0,2393,-,Belum ditandai,unset
2026-06-04T01:33:03.361,5844286,3,0.0022,0.0042,0.0,60.0,5000,132.0,0,0.0,0.0,0,0.0,0.0,2393,-,Belum ditandai,unset
2026-06-04T01:33:03.863,5844772,3,0.002266666666666667,0.004266666666666667,0.0,60.0,5000,132.0,0,0.0,0.0,0,0.0,0.0,2394,-,Belum ditandai,unset
2026-06-04T01:33:04.362,5845292,5,0.0026,0.004600000000000001,0.0,60.0,5000,132.0,0,0.0,0.0,0,0.0,0.0,2394,-,Belum ditandai,unset
2026-06-04T01:33:04.861,5845778,5,0.002866666666666667,0.004866666666666667,0.0,60.0,5000,132.0,0,0.0,0.0,0,0.0,0.0,2395,-,Belum ditandai,unset
2026-06-04T01:33:05.359,5846298,3,0.0026666666666666666,0.004666666666666667,0.0,60.0,5000,132.0,0,0.0,0.0,0,0.0,0.0,2395,-,Belum ditandai,unset
2026-06-04T01:33:05.859,5846784,3,0.002533333333333333,0.004533333333333334,0.0,60.0,5000,132.0,0,0.0,0.0,0,0.0,0.0,2396,-,Belum ditandai,unset
2026-06-04T01:33:06.362,5847304,5,0.0026,0.004600000000000001,0.0,60.0,5000,132.0,0,0.0,0.0,0,0.0,0.0,2396,-,Belum ditandai,unset
2026-06-04T01:33:06.861,5847790,5,0.0027333333333333333,0.004733333333333334,0.0,60.0,5000,132.0,0,0.0,0.0,0,0.0,0.0,2397,-,Belum ditandai,unset
2026-06-04T01:33:07.359,5848310,3,0.0027333333333333333,0.004733333333333334,0.0,60.0,5000,132.0,0,0.0,0.0,0,0.0,0.0,2397,-,Belum ditandai,unset
2026-06-04T01:33:07.857,5848796,4,0.0028,0.0048000000000000004,0.0,60.0,5000,132.0,0,0.0,0.0,0,0.0,0.0,2398,-,Belum ditandai,unset
2026-06-04T01:33:08.361,5849316,3,0.0024000000000000002,0.0044,0.0,60.0,5000,132.0,0,0.0,0.0,0,0.0,0.0,2398,-,Belum ditandai,unset
2026-06-04T01:33:08.863,5849802,5,0.002533333333333333,0.004533333333333334,0.0,60.0,5000,132.0,0,0.0,0.0,0,0.0,0.0,2399,-,Belum ditandai,unset
2026-06-04T01:33:09.362,5850322,3,0.0026666666666666666,0.004666666666666667,0.0,60.0,5000,132.0,0,0.0,0.0,0,0.0,0.0,2399,-,Belum ditandai,unset
2026-06-04T01:33:09.862,5850808,4,0.0028,0.0048000000000000004,0.0,60.0,5000,132.0,0,0.0,0.0,0,0.0,0.0,2400,-,Belum ditandai,unset
2026-06-04T01:33:10.359,5851328,4,0.0032,0.005333333333333333,0.0,60.0,5000,132.0,0,0.0,0.0,0,0.0,0.0,2400,-,Belum ditandai,unset
2026-06-04T01:33:10.859,5851814,3,0.003,0.0051333333333333335,0.0,60.0,5000,132.0,0,0.0,0.0,0,0.0,0.0,2401,-,Belum ditandai,unset
2026-06-04T01:33:11.358,5852334,3,0.003,0.0051333333333333335,0.0,60.0,5000,132.0,0,0.0,0.0,0,0.0,0.0,2401,-,Belum ditandai,unset
2026-06-04T01:33:11.860,5852820,3,0.002866666666666667,0.005,0.0,60.0,5000,132.0,0,0.0,0.0,0,0.0,0.0,2402,-,Belum ditandai,unset
2026-06-04T01:33:12.361,5853340,3,0.0023333333333333335,0.004333333333333333,0.0,60.0,5000,132.0,0,0.0,0.0,0,0.0,0.0,2402,-,Belum ditandai,unset
2026-06-04T01:33:12.859,5853826,3,0.0024666666666666665,0.0044666666666666665,0.0,60.0,5000,132.0,0,0.0,0.0,0,0.0,0.0,2403,-,Belum ditandai,unset
2026-06-04T01:33:13.359,5854346,3,0.0028,0.0048000000000000004,0.0,60.0,5000,132.0,0,0.0,0.0,0,0.0,0.0,2403,-,Belum ditandai,unset
2026-06-04T01:33:13.858,5854832,3,0.0027333333333333333,0.004733333333333334,0.0,60.0,5000,132.0,0,0.0,0.0,0,0.0,0.0,2404,-,Belum ditandai,unset
2026-06-04T01:33:14.357,5855352,3,0.0031333333333333335,0.0051333333333333335,0.0,60.0,5000,132.0,0,0.0,0.0,0,0.0,0.0,2404,-,Belum ditandai,unset
2026-06-04T01:33:14.857,5855838,3,0.003,0.005,0.0,60.0,5000,132.0,0,0.0,0.0,0,0.0,0.0,2405,-,Belum ditandai,unset
2026-06-04T01:33:15.357,5856358,7,0.0029333333333333334,0.004933333333333333,0.0,60.0,5000,132.0,0,0.0,0.0,0,0.0,0.0,2405,-,Belum ditandai,unset
2026-06-04T01:33:15.858,5856844,3,0.0029333333333333334,0.004933333333333333,0.0,60.0,5000,132.0,0,0.0,0.0,0,0.0,0.0,2406,-,Belum ditandai,unset
2026-06-04T01:33:16.356,5857364,8,0.0027333333333333333,0.004866666666666667,0.0,60.0,5000,132.0,0,0.0,0.0,0,0.0,0.0,2406,-,Belum ditandai,unset
2026-06-04T01:33:16.857,5857850,3,0.0026666666666666666,0.0048000000000000004,0.0,60.0,5000,132.0,0,0.0,0.0,0,0.0,0.0,2407,-,Belum ditandai,unset
2026-06-04T01:33:17.480,5858474,3,0.0027333333333333333,0.005,0.0,60.0,5000,132.0,0,0.0,0.0,0,0.0,0.0,2407,-,Belum ditandai,unset
2026-06-04T01:33:17.979,5858960,3,0.0026666666666666666,0.004933333333333333,0.0,60.0,5000,132.0,0,0.0,0.0,0,0.0,0.0,2408,-,Belum ditandai,unset
2026-06-04T01:33:18.480,5859480,5,0.0027333333333333333,0.004866666666666667,0.0,60.0,5000,132.0,0,0.0,0.0,0,0.0,0.0,2408,-,Belum ditandai,unset
2026-06-04T01:33:18.980,5859966,3,0.002866666666666667,0.005,0.0,60.0,5000,132.0,0,0.0,0.0,0,0.0,0.0,2409,-,Belum ditandai,unset
2026-06-04T01:33:19.480,5860486,4,0.0026,0.004600000000000001,0.0,60.0,5000,132.0,0,0.0,0.0,0,0.0,0.0,2409,-,Belum ditandai,unset
2026-06-04T01:33:19.982,5860972,4,0.002866666666666667,0.004866666666666667,0.0,60.0,5000,132.0,0,0.0,0.0,0,0.0,0.0,2410,-,Belum ditandai,unset
2026-06-04T01:33:20.481,5861492,4,0.0026,0.004600000000000001,0.0,60.0,5000,132.0,0,0.0,0.0,0,0.0,0.0,2410,-,Belum ditandai,unset
2026-06-04T01:33:20.984,5861978,4,0.0026666666666666666,0.004666666666666667,0.0,60.0,5000,132.0,0,0.0,0.0,0,0.0,0.0,2411,-,Belum ditandai,unset
2026-06-04T01:33:21.484,5862498,6,0.0028,0.0048000000000000004,0.0,60.0,5000,132.0,0,0.0,0.0,0,0.0,0.0,2411,-,Belum ditandai,unset
2026-06-04T01:33:21.983,5862984,5,0.0032,0.005333333333333333,0.0,60.0,5000,132.0,0,0.0,0.0,0,0.0,0.0,2412,-,Belum ditandai,unset
2026-06-04T01:33:22.481,5863504,3,0.0036666666666666666,0.005933333333333333,0.0,60.0,5000,132.0,0,0.0,0.0,0,0.0,0.0,2412,-,Belum ditandai,unset
2026-06-04T01:33:22.982,5863990,4,0.0038,0.006066666666666666,0.0,60.0,5000,132.0,0,0.0,0.0,0,0.0,0.0,2413,-,Belum ditandai,unset
2026-06-04T01:33:23.482,5864510,3,0.0034666666666666665,0.0057333333333333325,0.0,60.0,5000,132.0,0,0.0,0.0,0,0.0,0.0,2413,-,Belum ditandai,unset
2026-06-04T01:33:23.982,5864996,3,0.0030666666666666668,0.0052,0.0,60.0,5000,132.0,0,0.0,0.0,0,0.0,0.0,2414,-,Belum ditandai,unset
2026-06-04T01:33:24.794,5865794,3,0.002266666666666667,0.004266666666666667,0.0,60.0,5000,132.0,0,0.0,0.0,0,0.0,0.0,2415,-,Belum ditandai,unset
2026-06-04T01:33:25.294,5866314,3,0.002266666666666667,0.004266666666666667,0.0,60.0,5000,132.0,0,0.0,0.0,0,0.0,0.0,2415,-,Belum ditandai,unset
2026-06-04T01:33:25.792,5866800,3,0.0022,0.0042,0.0,60.0,5000,132.0,0,0.0,0.0,0,0.0,0.0,2416,-,Belum ditandai,unset
2026-06-04T01:33:26.297,5867320,3,0.0024000000000000002,0.0044,0.0,60.0,5000,132.0,0,0.0,0.0,0,0.0,0.0,2416,-,Belum ditandai,unset
2026-06-04T01:33:26.797,5867806,4,0.002533333333333333,0.004533333333333334,0.0,60.0,5000,132.0,0,0.0,0.0,0,0.0,0.0,2417,-,Belum ditandai,unset
2026-06-04T01:33:27.296,5868326,3,0.0027333333333333333,0.004733333333333334,0.0,60.0,5000,132.0,0,0.0,0.0,0,0.0,0.0,2417,-,Belum ditandai,unset
2026-06-04T01:33:27.801,5868812,4,0.002866666666666667,0.004866666666666667,0.0,60.0,5000,132.0,0,0.0,0.0,0,0.0,0.0,2418,-,Belum ditandai,unset
2026-06-04T01:33:28.300,5869332,3,0.0027333333333333333,0.004733333333333334,0.0,60.0,5000,132.0,0,0.0,0.0,0,0.0,0.0,2418,-,Belum ditandai,unset
2026-06-04T01:33:28.799,5869818,5,0.0027333333333333333,0.004733333333333334,0.0,60.0,5000,132.0,0,0.0,0.0,0,0.0,0.0,2419,-,Belum ditandai,unset
2026-06-04T01:33:29.300,5870338,3,0.0026666666666666666,0.004666666666666667,0.0,60.0,5000,132.0,0,0.0,0.0,0,0.0,0.0,2419,-,Belum ditandai,unset
2026-06-04T01:33:29.800,5870824,3,0.002533333333333333,0.004533333333333334,0.0,60.0,5000,132.0,0,0.0,0.0,0,0.0,0.0,2420,-,Belum ditandai,unset
2026-06-04T01:33:30.299,5871344,4,0.0028,0.0048000000000000004,0.0,60.0,5000,132.0,0,0.0,0.0,0,0.0,0.0,2420,-,Belum ditandai,unset
2026-06-04T01:33:30.799,5871830,3,0.0026,0.004600000000000001,0.0,60.0,5000,132.0,0,0.0,0.0,0,0.0,0.0,2421,-,Belum ditandai,unset
2026-06-04T01:33:31.302,5872350,4,0.0026,0.004600000000000001,0.0,60.0,5000,132.0,0,0.0,0.0,0,0.0,0.0,2421,-,Belum ditandai,unset
2026-06-04T01:33:31.799,5872836,3,0.0024666666666666665,0.0044666666666666665,0.0,60.0,5000,132.0,0,0.0,0.0,0,0.0,0.0,2422,-,Belum ditandai,unset
2026-06-04T01:33:32.297,5873356,3,0.0024000000000000002,0.0044,0.0,60.0,5000,132.0,0,0.0,0.0,0,0.0,0.0,2422,-,Belum ditandai,unset
2026-06-04T01:33:32.797,5873842,3,0.0024000000000000002,0.0044,0.0,60.0,5000,132.0,0,0.0,0.0,0,0.0,0.0,2423,-,Belum ditandai,unset
2026-06-04T01:33:33.295,5874362,24,0.003533333333333333,0.006066666666666666,0.0,60.0,5000,132.0,0,0.0,0.0,0,0.0,0.0,2423,-,Belum ditandai,unset
2026-06-04T01:33:33.796,5874848,4,0.0038666666666666667,0.006533333333333334,0.0,60.0,5000,132.0,0,0.0,0.0,0,0.0,0.0,2424,-,Belum ditandai,unset
2026-06-04T01:33:34.298,5875368,22,0.004866666666666667,0.007933333333333332,0.0,60.0,5000,132.0,0,0.0,0.0,0,0.0,0.0,2424,-,Belum ditandai,unset
2026-06-04T01:33:34.799,5875854,3,0.0051333333333333335,0.0082,0.0,60.0,5000,132.0,0,0.0,0.0,0,0.0,0.0,2425,-,Belum ditandai,unset
2026-06-04T01:33:35.300,5876374,3,0.0037333333333333333,0.0061333333333333335,0.0,60.0,5000,132.0,0,0.0,0.0,0,0.0,0.0,2425,-,Belum ditandai,unset
2026-06-04T01:33:35.800,5876860,4,0.0038,0.0062,0.0,60.0,5000,132.0,0,0.0,0.0,0,0.0,0.0,2426,-,Belum ditandai,unset
2026-06-04T01:33:36.303,5877380,4,0.0026,0.004600000000000001,0.0,60.0,5000,132.0,0,0.0,0.0,0,0.0,0.0,2426,-,Belum ditandai,unset
2026-06-04T01:33:36.804,5877866,3,0.002533333333333333,0.004533333333333334,0.0,60.0,5000,132.0,0,0.0,0.0,0,0.0,0.0,2427,-,Belum ditandai,unset
2026-06-04T01:33:37.302,5878386,5,0.0028,0.0048000000000000004,0.0,60.0,5000,132.0,0,0.0,0.0,0,0.0,0.0,2427,-,Belum ditandai,unset
2026-06-04T01:33:37.802,5878872,3,0.0024666666666666665,0.0044666666666666665,0.0,60.0,5000,132.0,0,0.0,0.0,0,0.0,0.0,2428,-,Belum ditandai,unset
2026-06-04T01:33:38.301,5879392,3,0.0024666666666666665,0.0044666666666666665,0.0,60.0,5000,132.0,0,0.0,0.0,0,0.0,0.0,2428,-,Belum ditandai,unset
2026-06-04T01:33:38.800,5879878,3,0.0024666666666666665,0.0044666666666666665,0.0,60.0,5000,132.0,0,0.0,0.0,0,0.0,0.0,2429,-,Belum ditandai,unset
2026-06-04T01:33:39.298,5880398,3,0.0022,0.0042,0.0,60.0,5000,132.0,0,0.0,0.0,0,0.0,0.0,2429,-,Belum ditandai,unset
2026-06-04T01:33:39.797,5880884,4,0.0023333333333333335,0.004333333333333333,0.0,60.0,5000,132.0,0,0.0,0.0,0,0.0,0.0,2430,-,Belum ditandai,unset
2026-06-04T01:33:40.356,5881404,3,0.002266666666666667,0.004266666666666667,0.0,60.0,5000,132.0,0,0.0,0.0,0,0.0,0.0,2430,-,Belum ditandai,unset
2026-06-04T01:33:40.921,5881994,3,0.0021333333333333334,0.0041333333333333335,0.0,60.0,5000,132.0,0,0.0,0.0,0,0.0,0.0,2431,-,Belum ditandai,unset
2026-06-04T01:33:41.420,5882514,4,0.002266666666666667,0.004266666666666667,0.0,60.0,5000,132.0,0,0.0,0.0,0,0.0,0.0,2431,-,Belum ditandai,unset
2026-06-04T01:33:41.922,5883000,3,0.0024000000000000002,0.0044,0.0,60.0,5000,132.0,0,0.0,0.0,0,0.0,0.0,2432,-,Belum ditandai,unset
2026-06-04T01:33:42.422,5883520,3,0.0026666666666666666,0.004666666666666667,0.0,60.0,5000,132.0,0,0.0,0.0,0,0.0,0.0,2432,-,Belum ditandai,unset
2026-06-04T01:33:42.920,5884006,3,0.0028,0.0048000000000000004,0.0,60.0,5000,132.0,0,0.0,0.0,0,0.0,0.0,2433,-,Belum ditandai,unset
2026-06-04T01:33:43.420,5884526,3,0.0026,0.004600000000000001,0.0,60.0,5000,132.0,0,0.0,0.0,0,0.0,0.0,2433,-,Belum ditandai,unset
2026-06-04T01:33:43.919,5885012,3,0.0024666666666666665,0.0044666666666666665,0.0,60.0,5000,132.0,0,0.0,0.0,0,0.0,0.0,2434,-,Belum ditandai,unset
2026-06-04T01:33:44.422,5885532,3,0.0022,0.0042,0.0,60.0,5000,132.0,0,0.0,0.0,0,0.0,0.0,2434,-,Belum ditandai,unset
2026-06-04T01:33:44.923,5886018,3,0.0020666666666666667,0.004066666666666666,0.0,60.0,5000,132.0,0,0.0,0.0,0,0.0,0.0,2435,-,Belum ditandai,unset
2026-06-04T01:33:45.426,5886538,3,0.0023333333333333335,0.004333333333333333,0.0,60.0,5000,132.0,0,0.0,0.0,0,0.0,0.0,2435,-,Belum ditandai,unset
2026-06-04T01:33:45.927,5887024,6,0.002533333333333333,0.004533333333333334,0.0,60.0,5000,132.0,0,0.0,0.0,0,0.0,0.0,2436,-,Belum ditandai,unset
2026-06-04T01:33:46.428,5887544,3,0.0031333333333333335,0.005266666666666667,0.0,60.0,5000,132.0,0,0.0,0.0,0,0.0,0.0,2436,-,Belum ditandai,unset
2026-06-04T01:33:46.924,5888030,3,0.0031333333333333335,0.005266666666666667,0.0,60.0,5000,132.0,0,0.0,0.0,0,0.0,0.0,2437,-,Belum ditandai,unset
2026-06-04T01:33:47.422,5888550,3,0.002866666666666667,0.005,0.0,60.0,5000,132.0,0,0.0,0.0,0,0.0,0.0,2437,-,Belum ditandai,unset
2026-06-04T01:33:47.922,5889036,5,0.0027333333333333333,0.004866666666666667,0.0,60.0,5000,132.0,0,0.0,0.0,0,0.0,0.0,2438,-,Belum ditandai,unset
2026-06-04T01:33:48.424,5889556,3,0.0024000000000000002,0.0044,0.0,60.0,5000,132.0,0,0.0,0.0,0,0.0,0.0,2438,-,Belum ditandai,unset
2026-06-04T01:33:48.922,5890042,3,0.0024666666666666665,0.0044666666666666665,0.0,60.0,5000,132.0,0,0.0,0.0,0,0.0,0.0,2439,-,Belum ditandai,unset
2026-06-04T01:33:49.423,5890562,3,0.002533333333333333,0.004533333333333334,0.0,60.0,5000,132.0,0,0.0,0.0,0,0.0,0.0,2439,-,Belum ditandai,unset
2026-06-04T01:33:49.927,5891048,3,0.0027333333333333333,0.004733333333333334,0.0,60.0,5000,132.0,0,0.0,0.0,0,0.0,0.0,2440,-,Belum ditandai,unset
2026-06-04T01:33:50.428,5891568,3,0.0027333333333333333,0.004733333333333334,0.0,60.0,5000,132.0,0,0.0,0.0,0,0.0,0.0,2440,-,Belum ditandai,unset
2026-06-04T01:33:50.927,5892054,4,0.003,0.005,0.0,60.0,5000,132.0,0,0.0,0.0,0,0.0,0.0,2441,-,Belum ditandai,unset
2026-06-04T01:33:51.427,5892574,4,0.0031333333333333335,0.0051333333333333335,0.0,60.0,5000,132.0,0,0.0,0.0,0,0.0,0.0,2441,-,Belum ditandai,unset
2026-06-04T01:33:51.928,5893060,4,0.0037333333333333333,0.006,0.0,60.0,5000,132.0,0,0.0,0.0,0,0.0,0.0,2442,-,Belum ditandai,unset
2026-06-04T01:33:52.489,5893580,4,0.0037333333333333333,0.006,0.0,60.0,5000,132.0,0,0.0,0.0,0,0.0,0.0,2442,-,Belum ditandai,unset
2026-06-04T01:33:53.051,5894170,3,0.0038,0.006066666666666666,0.0,60.0,5000,132.0,0,0.0,0.0,0,0.0,0.0,2443,-,Belum ditandai,unset
2026-06-04T01:33:53.551,5894690,4,0.0036,0.005866666666666667,0.0,60.0,5000,132.0,0,0.0,0.0,0,0.0,0.0,2443,-,Belum ditandai,unset
2026-06-04T01:33:54.049,5895176,5,0.0036666666666666666,0.005933333333333333,0.0,60.0,5000,132.0,0,0.0,0.0,0,0.0,0.0,2444,-,Belum ditandai,unset
2026-06-04T01:33:54.551,5895696,7,0.0038666666666666667,0.0061333333333333335,0.0,60.0,5000,132.0,0,0.0,0.0,0,0.0,0.0,2444,-,Belum ditandai,unset
2026-06-04T01:33:55.052,5896182,3,0.003266666666666667,0.005266666666666667,0.0,60.0,5000,132.0,0,0.0,0.0,0,0.0,0.0,2445,-,Belum ditandai,unset
2026-06-04T01:33:55.554,5896702,4,0.0032,0.0052,0.0,60.0,5000,132.0,0,0.0,0.0,0,0.0,0.0,2445,-,Belum ditandai,unset
2026-06-04T01:33:56.052,5897188,3,0.0031333333333333335,0.0051333333333333335,0.0,60.0,5000,132.0,0,0.0,0.0,0,0.0,0.0,2446,-,Belum ditandai,unset
2026-06-04T01:33:56.553,5897708,4,0.0024666666666666665,0.0044666666666666665,0.0,60.0,5000,132.0,0,0.0,0.0,0,0.0,0.0,2446,-,Belum ditandai,unset
2026-06-04T01:33:57.050,5898194,3,0.002533333333333333,0.004533333333333334,0.0,60.0,5000,132.0,0,0.0,0.0,0,0.0,0.0,2447,-,Belum ditandai,unset
2026-06-04T01:33:57.547,5898714,3,0.0026666666666666666,0.004666666666666667,0.0,60.0,5000,132.0,0,0.0,0.0,0,0.0,0.0,2447,-,Belum ditandai,unset
2026-06-04T01:33:58.046,5899200,3,0.002533333333333333,0.004533333333333334,0.0,60.0,5000,132.0,0,0.0,0.0,0,0.0,0.0,2448,-,Belum ditandai,unset
2026-06-04T01:33:58.548,5899720,3,0.002266666666666667,0.004266666666666667,0.0,60.0,5000,132.0,0,0.0,0.0,0,0.0,0.0,2448,-,Belum ditandai,unset
2026-06-04T01:33:59.050,5900206,4,0.002266666666666667,0.004266666666666667,0.0,60.0,5000,132.0,0,0.0,0.0,0,0.0,0.0,2449,-,Belum ditandai,unset
2026-06-04T01:33:59.552,5900726,4,0.002266666666666667,0.004266666666666667,0.0,60.0,5000,132.0,0,0.0,0.0,0,0.0,0.0,2449,-,Belum ditandai,unset
2026-06-04T01:34:00.052,5901212,3,0.0023333333333333335,0.004333333333333333,0.0,60.0,5000,132.0,0,0.0,0.0,0,0.0,0.0,2450,-,Belum ditandai,unset
2026-06-04T01:34:00.550,5901732,4,0.002533333333333333,0.004533333333333334,0.0,60.0,5000,132.0,0,0.0,0.0,0,0.0,0.0,2450,-,Belum ditandai,unset
2026-06-04T01:34:01.049,5902218,3,0.0028,0.0048000000000000004,0.0,60.0,5000,132.0,0,0.0,0.0,0,0.0,0.0,2451,-,Belum ditandai,unset
2026-06-04T01:34:01.614,5902738,3,0.0032,0.0054666666666666665,0.0,60.0,5000,132.0,0,0.0,0.0,0,0.0,0.0,2451,-,Belum ditandai,unset
2026-06-04T01:34:02.162,5903328,3,0.0034000000000000002,0.005666666666666667,0.0,60.0,5000,132.0,0,0.0,0.0,0,0.0,0.0,2452,-,Belum ditandai,unset
2026-06-04T01:34:02.852,5904022,3,0.0029333333333333334,0.0052,0.0,60.0,5000,132.0,0,0.0,0.0,0,0.0,0.0,2453,-,Belum ditandai,unset
2026-06-04T01:34:03.352,5904542,3,0.0024000000000000002,0.0044,0.0,60.0,5000,132.0,0,0.0,0.0,0,0.0,0.0,2453,-,Belum ditandai,unset
2026-06-04T01:34:03.855,5905028,4,0.0023333333333333335,0.004333333333333333,0.0,60.0,5000,132.0,0,0.0,0.0,0,0.0,0.0,2454,-,Belum ditandai,unset
2026-06-04T01:34:04.356,5905548,3,0.0024666666666666665,0.0044666666666666665,0.0,60.0,5000,132.0,0,0.0,0.0,0,0.0,0.0,2454,-,Belum ditandai,unset
2026-06-04T01:34:04.857,5906034,4,0.002533333333333333,0.004533333333333334,0.0,60.0,5000,132.0,0,0.0,0.0,0,0.0,0.0,2455,-,Belum ditandai,unset
2026-06-04T01:34:05.361,5906554,3,0.0027333333333333333,0.004733333333333334,0.0,60.0,5000,132.0,0,0.0,0.0,0,0.0,0.0,2455,-,Belum ditandai,unset
2026-06-04T01:34:05.857,5907040,4,0.0026666666666666666,0.004666666666666667,0.0,60.0,5000,132.0,0,0.0,0.0,0,0.0,0.0,2456,-,Belum ditandai,unset
2026-06-04T01:34:06.359,5907560,9,0.003,0.0051333333333333335,0.0,60.0,5000,132.0,0,0.0,0.0,0,0.0,0.0,2456,-,Belum ditandai,unset
2026-06-04T01:34:06.856,5908046,3,0.0029333333333333334,0.005066666666666666,0.0,60.0,5000,132.0,0,0.0,0.0,0,0.0,0.0,2457,-,Belum ditandai,unset
2026-06-04T01:34:07.419,5908566,3,0.0038666666666666667,0.006333333333333333,0.0,60.0,5000,132.0,0,0.0,0.0,0,0.0,0.0,2457,-,Belum ditandai,unset
2026-06-04T01:34:07.981,5909156,4,0.003933333333333333,0.0064,0.0,60.0,5000,132.0,0,0.0,0.0,0,0.0,0.0,2458,-,Belum ditandai,unset
2026-06-04T01:34:08.604,5909780,4,0.0036,0.005933333333333333,0.0,60.0,5000,132.0,0,0.0,0.0,0,0.0,0.0,2458,-,Belum ditandai,unset
2026-06-04T01:34:09.105,5910266,3,0.002533333333333333,0.004533333333333334,0.0,60.0,5000,132.0,0,0.0,0.0,0,0.0,0.0,2459,-,Belum ditandai,unset
2026-06-04T01:34:09.603,5910786,3,0.0024666666666666665,0.0044666666666666665,0.0,60.0,5000,132.0,0,0.0,0.0,0,0.0,0.0,2459,-,Belum ditandai,unset
2026-06-04T01:34:10.101,5911272,3,0.0024000000000000002,0.0044,0.0,60.0,5000,132.0,0,0.0,0.0,0,0.0,0.0,2460,-,Belum ditandai,unset
2026-06-04T01:34:10.601,5911792,3,0.0023333333333333335,0.004333333333333333,0.0,60.0,5000,132.0,0,0.0,0.0,0,0.0,0.0,2460,-,Belum ditandai,unset
2026-06-04T01:34:11.102,5912278,4,0.0024000000000000002,0.0044,0.0,60.0,5000,132.0,0,0.0,0.0,0,0.0,0.0,2461,-,Belum ditandai,unset
2026-06-04T01:34:11.604,5912798,5,0.0024000000000000002,0.0044,0.0,60.0,5000,132.0,0,0.0,0.0,0,0.0,0.0,2461,-,Belum ditandai,unset
2026-06-04T01:34:12.106,5913284,3,0.0024666666666666665,0.0044666666666666665,0.0,60.0,5000,132.0,0,0.0,0.0,0,0.0,0.0,2462,-,Belum ditandai,unset
2026-06-04T01:34:12.608,5913804,3,0.0024000000000000002,0.0044,0.0,60.0,5000,132.0,0,0.0,0.0,0,0.0,0.0,2462,-,Belum ditandai,unset
2026-06-04T01:34:13.108,5914290,3,0.0023333333333333335,0.004333333333333333,0.0,60.0,5000,132.0,0,0.0,0.0,0,0.0,0.0,2463,-,Belum ditandai,unset
2026-06-04T01:34:13.606,5914810,3,0.0023333333333333335,0.004333333333333333,0.0,60.0,5000,132.0,0,0.0,0.0,0,0.0,0.0,2463,-,Belum ditandai,unset
2026-06-04T01:34:14.107,5915296,3,0.002266666666666667,0.004266666666666667,0.0,60.0,5000,132.0,0,0.0,0.0,0,0.0,0.0,2464,-,Belum ditandai,unset
2026-06-04T01:34:14.608,5915816,3,0.0024666666666666665,0.0044666666666666665,0.0,60.0,5000,132.0,0,0.0,0.0,0,0.0,0.0,2464,-,Belum ditandai,unset
2026-06-04T01:34:15.107,5916302,4,0.002533333333333333,0.004533333333333334,0.0,60.0,5000,132.0,0,0.0,0.0,0,0.0,0.0,2465,-,Belum ditandai,unset
2026-06-04T01:34:15.609,5916822,4,0.0024000000000000002,0.0044,0.0,60.0,5000,132.0,0,0.0,0.0,0,0.0,0.0,2465,-,Belum ditandai,unset
2026-06-04T01:34:16.110,5917308,3,0.0024000000000000002,0.0044,0.0,60.0,5000,132.0,0,0.0,0.0,0,0.0,0.0,2466,-,Belum ditandai,unset
2026-06-04T01:34:16.608,5917828,3,0.002266666666666667,0.004266666666666667,0.0,60.0,5000,132.0,0,0.0,0.0,0,0.0,0.0,2466,-,Belum ditandai,unset
2026-06-04T01:34:17.230,5918418,3,0.0022,0.0042,0.0,60.0,5000,132.0,0,0.0,0.0,0,0.0,0.0,2467,-,Belum ditandai,unset
2026-06-04T01:34:17.919,5919112,5,0.002533333333333333,0.004533333333333334,0.0,60.0,5000,132.0,0,0.0,0.0,0,0.0,0.0,2468,-,Belum ditandai,unset
2026-06-04T01:34:18.417,5919632,3,0.0026,0.004600000000000001,0.0,60.0,5000,132.0,0,0.0,0.0,0,0.0,0.0,2468,-,Belum ditandai,unset
2026-06-04T01:34:18.917,5920118,3,0.0026,0.004600000000000001,0.0,60.0,5000,132.0,0,0.0,0.0,0,0.0,0.0,2469,-,Belum ditandai,unset
2026-06-04T01:34:19.417,5920638,3,0.0024666666666666665,0.0044666666666666665,0.0,60.0,5000,132.0,0,0.0,0.0,0,0.0,0.0,2469,-,Belum ditandai,unset
2026-06-04T01:34:19.916,5921124,3,0.0020666666666666667,0.004066666666666666,0.0,60.0,5000,132.0,0,0.0,0.0,0,0.0,0.0,2470,-,Belum ditandai,unset
2026-06-04T01:34:20.415,5921644,3,0.0022,0.0042,0.0,60.0,5000,132.0,0,0.0,0.0,0,0.0,0.0,2470,-,Belum ditandai,unset
2026-06-04T01:34:20.917,5922130,3,0.0022,0.0042,0.0,60.0,5000,132.0,0,0.0,0.0,0,0.0,0.0,2471,-,Belum ditandai,unset
2026-06-04T01:34:21.416,5922650,3,0.0022,0.0042,0.0,60.0,5000,132.0,0,0.0,0.0,0,0.0,0.0,2471,-,Belum ditandai,unset
2026-06-04T01:34:21.918,5923136,3,0.0022,0.0042,0.0,60.0,5000,132.0,0,0.0,0.0,0,0.0,0.0,2472,-,Belum ditandai,unset
2026-06-04T01:34:22.419,5923656,3,0.002,0.004,0.0,60.0,5000,132.0,0,0.0,0.0,0,0.0,0.0,2472,-,Belum ditandai,unset
2026-06-04T01:34:22.917,5924142,3,0.002,0.004,0.0,60.0,5000,132.0,0,0.0,0.0,0,0.0,0.0,2473,-,Belum ditandai,unset
2026-06-04T01:34:23.420,5924662,3,0.0020666666666666667,0.004066666666666666,0.0,60.0,5000,132.0,0,0.0,0.0,0,0.0,0.0,2473,-,Belum ditandai,unset
2026-06-04T01:34:23.919,5925148,4,0.0026666666666666666,0.0048,0.0,60.0,5000,132.0,0,0.0,0.0,0,0.0,0.0,2474,-,Belum ditandai,unset
2026-06-04T01:34:24.422,5925668,4,0.0029333333333333334,0.005066666666666666,0.0,60.0,5000,132.0,0,0.0,0.0,0,0.0,0.0,2474,-,Belum ditandai,unset
2026-06-04T01:34:24.921,5926154,3,0.003,0.0051333333333333335,0.0,60.0,5000,132.0,0,0.0,0.0,0,0.0,0.0,2475,-,Belum ditandai,unset
2026-06-04T01:34:25.421,5926674,9,0.002866666666666667,0.005,0.0,60.0,5000,132.0,0,0.0,0.0,0,0.0,0.0,2475,-,Belum ditandai,unset
2026-06-04T01:34:25.919,5927160,3,0.0027333333333333333,0.004866666666666667,0.0,60.0,5000,132.0,0,0.0,0.0,0,0.0,0.0,2476,-,Belum ditandai,unset
2026-06-04T01:34:26.419,5927680,3,0.0029333333333333334,0.005066666666666666,0.0,60.0,5000,132.0,0,0.0,0.0,0,0.0,0.0,2476,-,Belum ditandai,unset
2026-06-04T01:34:27.042,5928270,3,0.0028,0.004933333333333333,0.0,60.0,5000,132.0,0,0.0,0.0,0,0.0,0.0,2477,-,Belum ditandai,unset
2026-06-04T01:34:27.541,5928790,5,0.0027333333333333333,0.004733333333333334,0.0,60.0,5000,132.0,0,0.0,0.0,0,0.0,0.0,2477,-,Belum ditandai,unset
2026-06-04T01:34:28.041,5929276,5,0.003,0.005,0.0,60.0,5000,132.0,0,0.0,0.0,0,0.0,0.0,2478,-,Belum ditandai,unset
2026-06-04T01:34:28.542,5929796,3,0.0027333333333333333,0.004733333333333334,0.0,60.0,5000,132.0,0,0.0,0.0,0,0.0,0.0,2478,-,Belum ditandai,unset
2026-06-04T01:34:29.040,5930282,6,0.0029333333333333334,0.004933333333333333,0.0,60.0,5000,132.0,0,0.0,0.0,0,0.0,0.0,2479,-,Belum ditandai,unset
2026-06-04T01:34:29.539,5930802,3,0.0026666666666666666,0.004666666666666667,0.0,60.0,5000,132.0,0,0.0,0.0,0,0.0,0.0,2479,-,Belum ditandai,unset
2026-06-04T01:34:30.041,5931288,4,0.0024666666666666665,0.0044666666666666665,0.0,60.0,5000,132.0,0,0.0,0.0,0,0.0,0.0,2480,-,Belum ditandai,unset
2026-06-04T01:34:30.543,5931808,3,0.0024000000000000002,0.0044,0.0,60.0,5000,132.0,0,0.0,0.0,0,0.0,0.0,2480,-,Belum ditandai,unset
2026-06-04T01:34:31.043,5932294,3,0.0021333333333333334,0.0041333333333333335,0.0,60.0,5000,132.0,0,0.0,0.0,0,0.0,0.0,2481,-,Belum ditandai,unset
2026-06-04T01:34:31.545,5932814,3,0.002266666666666667,0.004266666666666667,0.0,60.0,5000,132.0,0,0.0,0.0,0,0.0,0.0,2481,-,Belum ditandai,unset
2026-06-04T01:34:32.045,5933300,3,0.0022,0.0042,0.0,60.0,5000,132.0,0,0.0,0.0,0,0.0,0.0,2482,-,Belum ditandai,unset
2026-06-04T01:34:32.548,5933820,3,0.0026,0.004733333333333334,0.0,60.0,5000,132.0,0,0.0,0.0,0,0.0,0.0,2482,-,Belum ditandai,unset
2026-06-04T01:34:33.049,5934306,3,0.0026,0.004733333333333334,0.0,60.0,5000,132.0,0,0.0,0.0,0,0.0,0.0,2483,-,Belum ditandai,unset
2026-06-04T01:34:33.552,5934826,4,0.002533333333333333,0.004666666666666667,0.0,60.0,5000,132.0,0,0.0,0.0,0,0.0,0.0,2483,-,Belum ditandai,unset
2026-06-04T01:34:34.053,5935312,6,0.0026,0.004600000000000001,0.0,60.0,5000,132.0,0,0.0,0.0,0,0.0,0.0,2484,-,Belum ditandai,unset
2026-06-04T01:34:34.551,5935832,3,0.0026,0.004600000000000001,0.0,60.0,5000,132.0,0,0.0,0.0,0,0.0,0.0,2484,-,Belum ditandai,unset
2026-06-04T01:34:35.051,5936318,5,0.002866666666666667,0.004866666666666667,0.0,60.0,5000,132.0,0,0.0,0.0,0,0.0,0.0,2485,-,Belum ditandai,unset
2026-06-04T01:34:35.549,5936838,3,0.002866666666666667,0.004866666666666667,0.0,60.0,5000,132.0,0,0.0,0.0,0,0.0,0.0,2485,-,Belum ditandai,unset
2026-06-04T01:34:36.050,5937324,3,0.0026,0.004600000000000001,0.0,60.0,5000,132.0,0,0.0,0.0,0,0.0,0.0,2486,-,Belum ditandai,unset
2026-06-04T01:34:36.550,5937844,5,0.0028,0.0048000000000000004,0.0,60.0,5000,132.0,0,0.0,0.0,0,0.0,0.0,2486,-,Belum ditandai,unset
2026-06-04T01:34:37.050,5938330,3,0.0026,0.004600000000000001,0.0,60.0,5000,132.0,0,0.0,0.0,0,0.0,0.0,2487,-,Belum ditandai,unset
2026-06-04T01:34:37.548,5938850,3,0.002533333333333333,0.004533333333333334,0.0,60.0,5000,132.0,0,0.0,0.0,0,0.0,0.0,2487,-,Belum ditandai,unset
2026-06-04T01:34:38.049,5939336,3,0.0024000000000000002,0.0044,0.0,60.0,5000,132.0,0,0.0,0.0,0,0.0,0.0,2488,-,Belum ditandai,unset
2026-06-04T01:34:38.549,5939856,3,0.0022,0.0042,0.0,60.0,5000,132.0,0,0.0,0.0,0,0.0,0.0,2488,-,Belum ditandai,unset
2026-06-04T01:34:39.050,5940342,3,0.0022,0.0042,0.0,60.0,5000,132.0,0,0.0,0.0,0,0.0,0.0,2489,-,Belum ditandai,unset
2026-06-04T01:34:39.548,5940862,4,0.002266666666666667,0.004266666666666667,0.0,60.0,5000,132.0,0,0.0,0.0,0,0.0,0.0,2489,-,Belum ditandai,unset
2026-06-04T01:34:40.045,5941348,3,0.002266666666666667,0.004266666666666667,0.0,60.0,5000,132.0,0,0.0,0.0,0,0.0,0.0,2490,-,Belum ditandai,unset
2026-06-04T01:34:40.545,5941868,3,0.0022,0.0042,0.0,60.0,5000,132.0,0,0.0,0.0,0,0.0,0.0,2490,-,Belum ditandai,unset
2026-06-04T01:34:41.044,5942354,4,0.0022,0.0042,0.0,60.0,5000,132.0,0,0.0,0.0,0,0.0,0.0,2491,-,Belum ditandai,unset
2026-06-04T01:34:41.543,5942874,3,0.0024666666666666665,0.0044666666666666665,0.0,60.0,5000,132.0,0,0.0,0.0,0,0.0,0.0,2491,-,Belum ditandai,unset
2026-06-04T01:34:42.045,5943360,3,0.0024000000000000002,0.0044,0.0,60.0,5000,132.0,0,0.0,0.0,0,0.0,0.0,2492,-,Belum ditandai,unset
2026-06-04T01:34:42.545,5943880,3,0.0024666666666666665,0.0044666666666666665,0.0,60.0,5000,132.0,0,0.0,0.0,0,0.0,0.0,2492,-,Belum ditandai,unset
2026-06-04T01:34:43.045,5944366,3,0.0022,0.0042,0.0,60.0,5000,132.0,0,0.0,0.0,0,0.0,0.0,2493,-,Belum ditandai,unset
2026-06-04T01:34:43.544,5944886,3,0.002266666666666667,0.004266666666666667,0.0,60.0,5000,132.0,0,0.0,0.0,0,0.0,0.0,2493,-,Belum ditandai,unset
2026-06-04T01:34:44.046,5945372,8,0.0026666666666666666,0.0048000000000000004,0.0,60.0,5000,132.0,0,0.0,0.0,0,0.0,0.0,2494,-,Belum ditandai,unset
2026-06-04T01:34:44.547,5945892,3,0.0026666666666666666,0.0048000000000000004,0.0,60.0,5000,132.0,0,0.0,0.0,0,0.0,0.0,2494,-,Belum ditandai,unset
2026-06-04T01:34:45.045,5946378,3,0.0026,0.004733333333333334,0.0,60.0,5000,132.0,0,0.0,0.0,0,0.0,0.0,2495,-,Belum ditandai,unset
2026-06-04T01:34:45.545,5946898,3,0.0024000000000000002,0.004533333333333334,0.0,60.0,5000,132.0,0,0.0,0.0,0,0.0,0.0,2495,-,Belum ditandai,unset
2026-06-04T01:34:46.047,5947384,3,0.0020666666666666667,0.004066666666666666,0.0,60.0,5000,132.0,0,0.0,0.0,0,0.0,0.0,2496,-,Belum ditandai,unset
2026-06-04T01:34:46.606,5947904,3,0.0030666666666666668,0.0054666666666666665,0.0,60.0,5000,132.0,0,0.0,0.0,0,0.0,0.0,2496,-,Belum ditandai,unset
2026-06-04T01:34:47.169,5948494,4,0.0031333333333333335,0.005533333333333334,0.0,60.0,5000,132.0,0,0.0,0.0,0,0.0,0.0,2497,-,Belum ditandai,unset
2026-06-04T01:34:47.666,5949014,3,0.0033333333333333335,0.005733333333333334,0.0,60.0,5000,132.0,0,0.0,0.0,0,0.0,0.0,2497,-,Belum ditandai,unset
2026-06-04T01:34:48.165,5949500,5,0.0028,0.004933333333333333,0.0,60.0,5000,132.0,0,0.0,0.0,0,0.0,0.0,2498,-,Belum ditandai,unset
2026-06-04T01:34:48.669,5950020,5,0.0026666666666666666,0.004666666666666667,0.0,60.0,5000,132.0,0,0.0,0.0,0,0.0,0.0,2498,-,Belum ditandai,unset
2026-06-04T01:34:49.290,5950610,3,0.0026,0.004600000000000001,0.0,60.0,5000,132.0,0,0.0,0.0,0,0.0,0.0,2499,-,Belum ditandai,unset
2026-06-04T01:34:49.979,5951304,3,0.0026666666666666666,0.004666666666666667,0.0,60.0,5000,132.0,0,0.0,0.0,0,0.0,0.0,2500,-,Belum ditandai,unset
2026-06-04T01:34:50.479,5951824,3,0.0024666666666666665,0.0044666666666666665,0.0,60.0,5000,132.0,0,0.0,0.0,0,0.0,0.0,2500,-,Belum ditandai,unset
2026-06-04T01:34:50.980,5952310,3,0.0022,0.0042,0.0,60.0,5000,132.0,0,0.0,0.0,0,0.0,0.0,2501,-,Belum ditandai,unset
2026-06-04T01:34:51.482,5952830,4,0.0023333333333333335,0.004333333333333333,0.0,60.0,5000,132.0,0,0.0,0.0,0,0.0,0.0,2501,-,Belum ditandai,unset
2026-06-04T01:34:51.981,5953316,3,0.002266666666666667,0.004266666666666667,0.0,60.0,5000,132.0,0,0.0,0.0,0,0.0,0.0,2502,-,Belum ditandai,unset
2026-06-04T01:34:52.482,5953836,3,0.0023333333333333335,0.004333333333333333,0.0,60.0,5000,132.0,0,0.0,0.0,0,0.0,0.0,2502,-,Belum ditandai,unset
2026-06-04T01:34:53.044,5954426,3,0.0024000000000000002,0.0044,0.0,60.0,5000,132.0,0,0.0,0.0,0,0.0,0.0,2503,-,Belum ditandai,unset
2026-06-04T01:34:53.603,5954946,3,0.0023333333333333335,0.004333333333333333,0.0,60.0,5000,132.0,0,0.0,0.0,0,0.0,0.0,2503,-,Belum ditandai,unset
2026-06-04T01:34:54.105,5955432,9,0.0028,0.004933333333333333,0.0,60.0,5000,132.0,0,0.0,0.0,0,0.0,0.0,2504,-,Belum ditandai,unset
2026-06-04T01:34:54.602,5955952,3,0.002866666666666667,0.005,0.0,60.0,5000,132.0,0,0.0,0.0,0,0.0,0.0,2504,-,Belum ditandai,unset
2026-06-04T01:34:55.103,5956438,3,0.0028,0.004933333333333333,0.0,60.0,5000,132.0,0,0.0,0.0,0,0.0,0.0,2505,-,Belum ditandai,unset
2026-06-04T01:34:55.602,5956958,3,0.0028,0.004933333333333333,0.0,60.0,5000,132.0,0,0.0,0.0,0,0.0,0.0,2505,-,Belum ditandai,unset
2026-06-04T01:34:56.101,5957444,3,0.0024000000000000002,0.0044,0.0,60.0,5000,132.0,0,0.0,0.0,0,0.0,0.0,2506,-,Belum ditandai,unset
2026-06-04T01:34:56.603,5957964,4,0.002266666666666667,0.004266666666666667,0.0,60.0,5000,132.0,0,0.0,0.0,0,0.0,0.0,2506,-,Belum ditandai,unset
2026-06-04T01:34:57.107,5958450,3,0.0024000000000000002,0.0044,0.0,60.0,5000,132.0,0,0.0,0.0,0,0.0,0.0,2507,-,Belum ditandai,unset
2026-06-04T01:34:57.606,5958970,5,0.002533333333333333,0.004533333333333334,0.0,60.0,5000,132.0,0,0.0,0.0,0,0.0,0.0,2507,-,Belum ditandai,unset
2026-06-04T01:34:58.168,5959560,4,0.0026,0.004600000000000001,0.0,60.0,5000,132.0,0,0.0,0.0,0,0.0,0.0,2508,-,Belum ditandai,unset
2026-06-04T01:34:58.731,5960080,3,0.0028,0.0048000000000000004,0.0,60.0,5000,132.0,0,0.0,0.0,0,0.0,0.0,2508,-,Belum ditandai,unset
2026-06-04T01:34:59.295,5960670,4,0.003,0.0051333333333333335,0.0,60.0,5000,132.0,0,0.0,0.0,0,0.0,0.0,2509,-,Belum ditandai,unset
2026-06-04T01:34:59.983,5961364,3,0.002866666666666667,0.005,0.0,60.0,5000,132.0,0,0.0,0.0,0,0.0,0.0,2510,-,Belum ditandai,unset
2026-06-04T01:35:00.604,5961988,4,0.002533333333333333,0.004666666666666667,0.0,60.0,5000,132.0,0,0.0,0.0,0,0.0,0.0,2510,-,Belum ditandai,unset
2026-06-04T01:35:01.105,5962474,3,0.002266666666666667,0.004266666666666667,0.0,60.0,5000,132.0,0,0.0,0.0,0,0.0,0.0,2511,-,Belum ditandai,unset
2026-06-04T01:35:01.605,5962994,3,0.0022,0.0042,0.0,60.0,5000,132.0,0,0.0,0.0,0,0.0,0.0,2511,-,Belum ditandai,unset
2026-06-04T01:35:02.104,5963480,5,0.002266666666666667,0.004266666666666667,0.0,60.0,5000,132.0,0,0.0,0.0,0,0.0,0.0,2512,-,Belum ditandai,unset
2026-06-04T01:35:02.603,5964000,3,0.0024666666666666665,0.0044666666666666665,0.0,60.0,5000,132.0,0,0.0,0.0,0,0.0,0.0,2512,-,Belum ditandai,unset
2026-06-04T01:35:03.103,5964486,3,0.0024666666666666665,0.0044666666666666665,0.0,60.0,5000,132.0,0,0.0,0.0,0,0.0,0.0,2513,-,Belum ditandai,unset
2026-06-04T01:35:03.603,5965006,4,0.0026,0.004600000000000001,0.0,60.0,5000,132.0,0,0.0,0.0,0,0.0,0.0,2513,-,Belum ditandai,unset
2026-06-04T01:35:04.103,5965492,3,0.0023333333333333335,0.004333333333333333,0.0,60.0,5000,132.0,0,0.0,0.0,0,0.0,0.0,2514,-,Belum ditandai,unset
2026-06-04T01:35:04.603,5966012,3,0.002266666666666667,0.004266666666666667,0.0,60.0,5000,132.0,0,0.0,0.0,0,0.0,0.0,2514,-,Belum ditandai,unset
2026-06-04T01:35:05.103,5966498,3,0.0022,0.0042,0.0,60.0,5000,132.0,0,0.0,0.0,0,0.0,0.0,2515,-,Belum ditandai,unset
2026-06-04T01:35:05.602,5967018,5,0.0023333333333333335,0.004333333333333333,0.0,60.0,5000,132.0,0,0.0,0.0,0,0.0,0.0,2515,-,Belum ditandai,unset
2026-06-04T01:35:06.102,5967504,3,0.0024000000000000002,0.0044,0.0,60.0,5000,132.0,0,0.0,0.0,0,0.0,0.0,2516,-,Belum ditandai,unset
2026-06-04T01:35:06.601,5968024,3,0.0024666666666666665,0.0044666666666666665,0.0,60.0,5000,132.0,0,0.0,0.0,0,0.0,0.0,2516,-,Belum ditandai,unset
2026-06-04T01:35:07.100,5968510,3,0.0024000000000000002,0.0044,0.0,60.0,5000,132.0,0,0.0,0.0,0,0.0,0.0,2517,-,Belum ditandai,unset
2026-06-04T01:35:07.600,5969030,3,0.0024000000000000002,0.0044,0.0,60.0,5000,132.0,0,0.0,0.0,0,0.0,0.0,2517,-,Belum ditandai,unset
2026-06-04T01:35:08.099,5969516,4,0.0024666666666666665,0.0044666666666666665,0.0,60.0,5000,132.0,0,0.0,0.0,0,0.0,0.0,2518,-,Belum ditandai,unset
2026-06-04T01:35:08.599,5970036,3,0.0026,0.004600000000000001,0.0,60.0,5000,132.0,0,0.0,0.0,0,0.0,0.0,2518,-,Belum ditandai,unset
2026-06-04T01:35:09.102,5970522,3,0.0026,0.004600000000000001,0.0,60.0,5000,132.0,0,0.0,0.0,0,0.0,0.0,2519,-,Belum ditandai,unset
2026-06-04T01:35:09.602,5971042,3,0.002533333333333333,0.004533333333333334,0.0,60.0,5000,132.0,0,0.0,0.0,0,0.0,0.0,2519,-,Belum ditandai,unset
2026-06-04T01:35:10.101,5971528,3,0.002533333333333333,0.004533333333333334,0.0,60.0,5000,132.0,0,0.0,0.0,0,0.0,0.0,2520,-,Belum ditandai,unset
2026-06-04T01:35:10.601,5972048,5,0.0024000000000000002,0.0044,0.0,60.0,5000,132.0,0,0.0,0.0,0,0.0,0.0,2520,-,Belum ditandai,unset
2026-06-04T01:35:11.100,5972534,3,0.0023333333333333335,0.004333333333333333,0.0,60.0,5000,132.0,0,0.0,0.0,0,0.0,0.0,2521,-,Belum ditandai,unset
2026-06-04T01:35:11.603,5973054,3,0.0038,0.006333333333333333,0.0,60.0,5000,132.0,0,0.0,0.0,0,0.0,0.0,2521,-,Belum ditandai,unset
2026-06-04T01:35:12.105,5973540,3,0.0037333333333333333,0.006266666666666667,0.0,60.0,5000,132.0,0,0.0,0.0,0,0.0,0.0,2522,-,Belum ditandai,unset
2026-06-04T01:35:12.606,5974060,7,0.0038666666666666663,0.0064,0.0,60.0,5000,132.0,0,0.0,0.0,0,0.0,0.0,2522,-,Belum ditandai,unset
2026-06-04T01:35:13.108,5974546,3,0.0029333333333333334,0.005066666666666666,0.0,60.0,5000,132.0,0,0.0,0.0,0,0.0,0.0,2523,-,Belum ditandai,unset
2026-06-04T01:35:13.607,5975066,4,0.0028,0.004933333333333333,0.0,60.0,5000,132.0,0,0.0,0.0,0,0.0,0.0,2523,-,Belum ditandai,unset
2026-06-04T01:35:14.108,5975552,3,0.0028,0.004933333333333333,0.0,60.0,5000,132.0,0,0.0,0.0,0,0.0,0.0,2524,-,Belum ditandai,unset
2026-06-04T01:35:14.667,5976072,4,0.002866666666666667,0.005,0.0,60.0,5000,132.0,0,0.0,0.0,0,0.0,0.0,2524,-,Belum ditandai,unset
2026-06-04T01:35:15.227,5976662,3,0.0030666666666666668,0.0052,0.0,60.0,5000,132.0,0,0.0,0.0,0,0.0,0.0,2525,-,Belum ditandai,unset
2026-06-04T01:35:15.728,5977182,3,0.003,0.005,0.0,60.0,5000,132.0,0,0.0,0.0,0,0.0,0.0,2525,-,Belum ditandai,unset
2026-06-04T01:35:16.227,5977668,3,0.0027333333333333333,0.004733333333333334,0.0,60.0,5000,132.0,0,0.0,0.0,0,0.0,0.0,2526,-,Belum ditandai,unset
2026-06-04T01:35:16.727,5978188,7,0.0027333333333333333,0.004733333333333334,0.0,60.0,5000,132.0,0,0.0,0.0,0,0.0,0.0,2526,-,Belum ditandai,unset
2026-06-04T01:35:17.224,5978674,4,0.0030666666666666668,0.005066666666666666,0.0,60.0,5000,132.0,0,0.0,0.0,0,0.0,0.0,2527,-,Belum ditandai,unset
2026-06-04T01:35:17.721,5979194,7,0.0032,0.0052,0.0,60.0,5000,132.0,0,0.0,0.0,0,0.0,0.0,2527,-,Belum ditandai,unset
2026-06-04T01:35:18.225,5979680,6,0.004333333333333333,0.0066,0.0,60.0,5000,132.0,0,0.0,0.0,0,0.0,0.0,2528,-,Belum ditandai,unset
2026-06-04T01:35:18.726,5980200,3,0.003933333333333333,0.0062,0.0,60.0,5000,132.0,0,0.0,0.0,0,0.0,0.0,2528,-,Belum ditandai,unset
2026-06-04T01:35:19.224,5980686,3,0.0038,0.006066666666666666,0.0,60.0,5000,132.0,0,0.0,0.0,0,0.0,0.0,2529,-,Belum ditandai,unset
2026-06-04T01:35:19.721,5981206,4,0.0034000000000000002,0.005666666666666667,0.0,60.0,5000,132.0,0,0.0,0.0,0,0.0,0.0,2529,-,Belum ditandai,unset
2026-06-04T01:35:20.221,5981692,3,0.002266666666666667,0.004266666666666667,0.0,60.0,5000,132.0,0,0.0,0.0,0,0.0,0.0,2530,-,Belum ditandai,unset
2026-06-04T01:35:20.721,5982212,4,0.0023333333333333335,0.004333333333333333,0.0,60.0,5000,132.0,0,0.0,0.0,0,0.0,0.0,2530,-,Belum ditandai,unset
2026-06-04T01:35:21.219,5982698,3,0.002266666666666667,0.004266666666666667,0.0,60.0,5000,132.0,0,0.0,0.0,0,0.0,0.0,2531,-,Belum ditandai,unset
2026-06-04T01:35:21.782,5983218,4,0.0023333333333333335,0.004333333333333333,0.0,60.0,5000,132.0,0,0.0,0.0,0,0.0,0.0,2531,-,Belum ditandai,unset
2026-06-04T01:35:22.344,5983808,4,0.0024666666666666665,0.0044666666666666665,0.0,60.0,5000,132.0,0,0.0,0.0,0,0.0,0.0,2532,-,Belum ditandai,unset
2026-06-04T01:35:23.032,5984502,5,0.0026666666666666666,0.004666666666666667,0.0,60.0,5000,132.0,0,0.0,0.0,0,0.0,0.0,2533,-,Belum ditandai,unset
2026-06-04T01:35:23.537,5985022,3,0.0026666666666666666,0.004666666666666667,0.0,60.0,5000,132.0,0,0.0,0.0,0,0.0,0.0,2533,-,Belum ditandai,unset
2026-06-04T01:35:24.037,5985508,3,0.0026,0.004600000000000001,0.0,60.0,5000,132.0,0,0.0,0.0,0,0.0,0.0,2534,-,Belum ditandai,unset
2026-06-04T01:35:24.539,5986028,3,0.0024666666666666665,0.0044666666666666665,0.0,60.0,5000,132.0,0,0.0,0.0,0,0.0,0.0,2534,-,Belum ditandai,unset
2026-06-04T01:35:25.036,5986514,7,0.0026666666666666666,0.0048000000000000004,0.0,60.0,5000,132.0,0,0.0,0.0,0,0.0,0.0,2535,-,Belum ditandai,unset
2026-06-04T01:35:25.536,5987034,3,0.0028,0.004933333333333333,0.0,60.0,5000,132.0,0,0.0,0.0,0,0.0,0.0,2535,-,Belum ditandai,unset
2026-06-04T01:35:26.034,5987520,3,0.003,0.0051333333333333335,0.0,60.0,5000,132.0,0,0.0,0.0,0,0.0,0.0,2536,-,Belum ditandai,unset
2026-06-04T01:35:26.533,5988040,3,0.0032,0.005333333333333333,0.0,60.0,5000,132.0,0,0.0,0.0,0,0.0,0.0,2536,-,Belum ditandai,unset
2026-06-04T01:35:27.033,5988526,4,0.0028,0.0048000000000000004,0.0,60.0,5000,132.0,0,0.0,0.0,0,0.0,0.0,2537,-,Belum ditandai,unset
2026-06-04T01:35:27.533,5989046,4,0.0024666666666666665,0.0044666666666666665,0.0,60.0,5000,132.0,0,0.0,0.0,0,0.0,0.0,2537,-,Belum ditandai,unset
2026-06-04T01:35:28.036,5989532,4,0.0026,0.004600000000000001,0.0,60.0,5000,132.0,0,0.0,0.0,0,0.0,0.0,2538,-,Belum ditandai,unset
2026-06-04T01:35:28.535,5990052,3,0.0026,0.004600000000000001,0.0,60.0,5000,132.0,0,0.0,0.0,0,0.0,0.0,2538,-,Belum ditandai,unset
2026-06-04T01:35:29.035,5990538,3,0.0024666666666666665,0.0044666666666666665,0.0,60.0,5000,132.0,0,0.0,0.0,0,0.0,0.0,2539,-,Belum ditandai,unset
2026-06-04T01:35:29.537,5991058,4,0.0024666666666666665,0.0044666666666666665,0.0,60.0,5000,132.0,0,0.0,0.0,0,0.0,0.0,2539,-,Belum ditandai,unset
2026-06-04T01:35:30.033,5991544,3,0.0021333333333333334,0.0041333333333333335,0.0,60.0,5000,132.0,0,0.0,0.0,0,0.0,0.0,2540,-,Belum ditandai,unset
2026-06-04T01:35:30.595,5992064,3,0.0022,0.0042,0.0,60.0,5000,132.0,0,0.0,0.0,0,0.0,0.0,2540,-,Belum ditandai,unset
2026-06-04T01:35:31.154,5992654,5,0.002266666666666667,0.004266666666666667,0.0,60.0,5000,132.0,0,0.0,0.0,0,0.0,0.0,2541,-,Belum ditandai,unset
2026-06-04T01:35:31.655,5993174,3,0.0026,0.004733333333333334,0.0,60.0,5000,132.0,0,0.0,0.0,0,0.0,0.0,2541,-,Belum ditandai,unset
2026-06-04T01:35:32.276,5993764,3,0.0026666666666666666,0.0048,0.0,60.0,5000,132.0,0,0.0,0.0,0,0.0,0.0,2542,-,Belum ditandai,unset
2026-06-04T01:35:32.775,5994284,3,0.0028,0.004933333333333333,0.0,60.0,5000,132.0,0,0.0,0.0,0,0.0,0.0,2542,-,Belum ditandai,unset
2026-06-04T01:35:33.278,5994770,4,0.0027333333333333333,0.004866666666666667,0.0,60.0,5000,132.0,0,0.0,0.0,0,0.0,0.0,2543,-,Belum ditandai,unset
2026-06-04T01:35:33.779,5995290,5,0.0026,0.004600000000000001,0.0,60.0,5000,132.0,0,0.0,0.0,0,0.0,0.0,2543,-,Belum ditandai,unset
2026-06-04T01:35:34.280,5995776,4,0.0028,0.0048000000000000004,0.0,60.0,5000,132.0,0,0.0,0.0,0,0.0,0.0,2544,-,Belum ditandai,unset
2026-06-04T01:35:34.779,5996296,3,0.0026666666666666666,0.004666666666666667,0.0,60.0,5000,132.0,0,0.0,0.0,0,0.0,0.0,2544,-,Belum ditandai,unset
2026-06-04T01:35:35.280,5996782,3,0.0027333333333333333,0.004733333333333334,0.0,60.0,5000,132.0,0,0.0,0.0,0,0.0,0.0,2545,-,Belum ditandai,unset
2026-06-04T01:35:35.779,5997302,3,0.0024000000000000002,0.0044,0.0,60.0,5000,132.0,0,0.0,0.0,0,0.0,0.0,2545,-,Belum ditandai,unset
2026-06-04T01:35:36.284,5997788,3,0.0023333333333333335,0.004333333333333333,0.0,60.0,5000,132.0,0,0.0,0.0,0,0.0,0.0,2546,-,Belum ditandai,unset
2026-06-04T01:35:36.785,5998308,3,0.002533333333333333,0.004533333333333334,0.0,60.0,5000,132.0,0,0.0,0.0,0,0.0,0.0,2546,-,Belum ditandai,unset
2026-06-04T01:35:37.284,5998794,3,0.0024000000000000002,0.0044,0.0,60.0,5000,132.0,0,0.0,0.0,0,0.0,0.0,2547,-,Belum ditandai,unset
2026-06-04T01:35:37.783,5999314,3,0.0023333333333333335,0.004333333333333333,0.0,60.0,5000,132.0,0,0.0,0.0,0,0.0,0.0,2547,-,Belum ditandai,unset
2026-06-04T01:35:38.283,5999800,3,0.0022,0.0042,0.0,60.0,5000,132.0,0,0.0,0.0,0,0.0,0.0,2548,-,Belum ditandai,unset
2026-06-04T01:35:38.784,6000320,3,0.0023333333333333335,0.004333333333333333,0.0,60.0,5000,132.0,0,0.0,0.0,0,0.0,0.0,2548,-,Belum ditandai,unset
2026-06-04T01:35:39.284,6000806,3,0.0023333333333333335,0.004333333333333333,0.0,60.0,5000,132.0,0,0.0,0.0,0,0.0,0.0,2549,-,Belum ditandai,unset
2026-06-04T01:35:39.783,6001326,3,0.0024000000000000002,0.0044,0.0,60.0,5000,132.0,0,0.0,0.0,0,0.0,0.0,2549,-,Belum ditandai,unset
2026-06-04T01:35:40.282,6001812,3,0.0021333333333333334,0.0041333333333333335,0.0,60.0,5000,132.0,0,0.0,0.0,0,0.0,0.0,2550,-,Belum ditandai,unset
2026-06-04T01:35:40.781,6002332,5,0.002266666666666667,0.004266666666666667,0.0,60.0,5000,132.0,0,0.0,0.0,0,0.0,0.0,2550,-,Belum ditandai,unset
2026-06-04T01:35:41.281,6002818,12,0.0030666666666666668,0.0052,0.0,60.0,5000,132.0,0,0.0,0.0,0,0.0,0.0,2551,-,Belum ditandai,unset
2026-06-04T01:35:41.781,6003338,3,0.0031333333333333335,0.005266666666666667,0.0,60.0,5000,132.0,0,0.0,0.0,0,0.0,0.0,2551,-,Belum ditandai,unset
2026-06-04T01:35:42.403,6003928,4,0.003266666666666667,0.0054,0.0,60.0,5000,132.0,0,0.0,0.0,0,0.0,0.0,2552,-,Belum ditandai,unset
2026-06-04T01:35:43.089,6004622,5,0.0031333333333333335,0.005266666666666667,0.0,60.0,5000,132.0,0,0.0,0.0,0,0.0,0.0,2553,-,Belum ditandai,unset
2026-06-04T01:35:43.715,6005246,3,0.002533333333333333,0.004533333333333334,0.0,60.0,5000,132.0,0,0.0,0.0,0,0.0,0.0,2553,-,Belum ditandai,unset
2026-06-04T01:35:44.278,6005836,3,0.0026,0.004600000000000001,0.0,60.0,5000,132.0,0,0.0,0.0,0,0.0,0.0,2554,-,Belum ditandai,unset
2026-06-04T01:35:45.086,6006634,4,0.0024000000000000002,0.0044,0.0,60.0,5000,132.0,0,0.0,0.0,0,0.0,0.0,2555,-,Belum ditandai,unset
2026-06-04T01:35:45.584,6007154,3,0.0024000000000000002,0.0044,0.0,60.0,5000,132.0,0,0.0,0.0,0,0.0,0.0,2555,-,Belum ditandai,unset
2026-06-04T01:35:46.083,6007640,3,0.0022,0.0042,0.0,60.0,5000,132.0,0,0.0,0.0,0,0.0,0.0,2556,-,Belum ditandai,unset
2026-06-04T01:35:46.582,6008160,3,0.002266666666666667,0.004266666666666667,0.0,60.0,5000,132.0,0,0.0,0.0,0,0.0,0.0,2556,-,Belum ditandai,unset
2026-06-04T01:35:47.080,6008646,4,0.0024000000000000002,0.0044,0.0,60.0,5000,132.0,0,0.0,0.0,0,0.0,0.0,2557,-,Belum ditandai,unset
2026-06-04T01:35:47.576,6009166,3,0.0034000000000000002,0.005666666666666667,0.0,60.0,5000,132.0,0,0.0,0.0,0,0.0,0.0,2557,-,Belum ditandai,unset
2026-06-04T01:35:48.078,6009652,3,0.003466666666666667,0.005733333333333334,0.0,60.0,5000,132.0,0,0.0,0.0,0,0.0,0.0,2558,-,Belum ditandai,unset
2026-06-04T01:35:48.576,6010172,3,0.003266666666666667,0.005533333333333334,0.0,60.0,5000,132.0,0,0.0,0.0,0,0.0,0.0,2558,-,Belum ditandai,unset
2026-06-04T01:35:49.075,6010658,3,0.0026,0.004733333333333334,0.0,60.0,5000,132.0,0,0.0,0.0,0,0.0,0.0,2559,-,Belum ditandai,unset
2026-06-04T01:35:49.634,6011178,3,0.0022,0.0042,0.0,60.0,5000,132.0,0,0.0,0.0,0,0.0,0.0,2559,-,Belum ditandai,unset
2026-06-04T01:35:50.194,6011768,3,0.0022,0.0042,0.0,60.0,5000,132.0,0,0.0,0.0,0,0.0,0.0,2560,-,Belum ditandai,unset
2026-06-04T01:35:50.693,6012288,4,0.002266666666666667,0.004266666666666667,0.0,60.0,5000,132.0,0,0.0,0.0,0,0.0,0.0,2560,-,Belum ditandai,unset
2026-06-04T01:35:51.190,6012774,3,0.0023333333333333335,0.004333333333333333,0.0,60.0,5000,132.0,0,0.0,0.0,0,0.0,0.0,2561,-,Belum ditandai,unset
2026-06-04T01:35:51.691,6013294,3,0.0024000000000000002,0.0044,0.0,60.0,5000,132.0,0,0.0,0.0,0,0.0,0.0,2561,-,Belum ditandai,unset
2026-06-04T01:35:52.188,6013780,3,0.0024000000000000002,0.0044,0.0,60.0,5000,132.0,0,0.0,0.0,0,0.0,0.0,2562,-,Belum ditandai,unset
2026-06-04T01:35:52.687,6014300,4,0.0036666666666666666,0.006066666666666666,0.0,60.0,5000,132.0,0,0.0,0.0,0,0.0,0.0,2562,-,Belum ditandai,unset
2026-06-04T01:35:53.186,6014786,3,0.003466666666666667,0.005866666666666668,0.0,60.0,5000,132.0,0,0.0,0.0,0,0.0,0.0,2563,-,Belum ditandai,unset
2026-06-04T01:35:53.746,6015306,4,0.003466666666666667,0.005866666666666668,0.0,60.0,5000,132.0,0,0.0,0.0,0,0.0,0.0,2563,-,Belum ditandai,unset
2026-06-04T01:35:54.308,6015896,5,0.0026,0.004600000000000001,0.0,60.0,5000,132.0,0,0.0,0.0,0,0.0,0.0,2564,-,Belum ditandai,unset
2026-06-04T01:35:54.806,6016416,4,0.002533333333333333,0.004533333333333334,0.0,60.0,5000,132.0,0,0.0,0.0,0,0.0,0.0,2564,-,Belum ditandai,unset
2026-06-04T01:35:55.302,6016902,3,0.0026666666666666666,0.004666666666666667,0.0,60.0,5000,132.0,0,0.0,0.0,0,0.0,0.0,2565,-,Belum ditandai,unset
2026-06-04T01:35:55.802,6017422,3,0.0028,0.0048000000000000004,0.0,60.0,5000,132.0,0,0.0,0.0,0,0.0,0.0,2565,-,Belum ditandai,unset
2026-06-04T01:35:56.298,6017908,3,0.0026,0.004600000000000001,0.0,60.0,5000,132.0,0,0.0,0.0,0,0.0,0.0,2566,-,Belum ditandai,unset
2026-06-04T01:35:56.799,6018428,3,0.0024666666666666665,0.0044666666666666665,0.0,60.0,5000,132.0,0,0.0,0.0,0,0.0,0.0,2566,-,Belum ditandai,unset
2026-06-04T01:35:57.298,6018914,10,0.0027333333333333333,0.004866666666666667,0.0,60.0,5000,132.0,0,0.0,0.0,0,0.0,0.0,2567,-,Belum ditandai,unset
2026-06-04T01:35:57.858,6019434,3,0.0027333333333333333,0.004866666666666667,0.0,60.0,5000,132.0,0,0.0,0.0,0,0.0,0.0,2567,-,Belum ditandai,unset
2026-06-04T01:35:58.420,6020024,3,0.0027333333333333333,0.004866666666666667,0.0,60.0,5000,132.0,0,0.0,0.0,0,0.0,0.0,2568,-,Belum ditandai,unset
2026-06-04T01:35:59.103,6020718,7,0.0032,0.005333333333333333,0.0,60.0,5000,132.0,0,0.0,0.0,0,0.0,0.0,2569,-,Belum ditandai,unset
2026-06-04T01:35:59.602,6021238,4,0.0027333333333333333,0.004733333333333334,0.0,60.0,5000,132.0,0,0.0,0.0,0,0.0,0.0,2569,-,Belum ditandai,unset
2026-06-04T01:36:00.103,6021724,9,0.003533333333333333,0.0058,0.0,60.0,5000,132.0,0,0.0,0.0,0,0.0,0.0,2570,-,Belum ditandai,unset
2026-06-04T01:36:00.603,6022244,4,0.0038666666666666667,0.0061333333333333335,0.0,60.0,5000,132.0,0,0.0,0.0,0,0.0,0.0,2570,-,Belum ditandai,unset
2026-06-04T01:36:01.103,6022730,5,0.0036666666666666666,0.005933333333333333,0.0,60.0,5000,132.0,0,0.0,0.0,0,0.0,0.0,2571,-,Belum ditandai,unset
2026-06-04T01:36:01.660,6023250,4,0.0036,0.005866666666666667,0.0,60.0,5000,132.0,0,0.0,0.0,0,0.0,0.0,2571,-,Belum ditandai,unset
2026-06-04T01:36:02.222,6023840,5,0.0029333333333333334,0.004933333333333333,0.0,60.0,5000,132.0,0,0.0,0.0,0,0.0,0.0,2572,-,Belum ditandai,unset
2026-06-04T01:36:02.721,6024360,3,0.003,0.0051333333333333335,0.0,60.0,5000,132.0,0,0.0,0.0,0,0.0,0.0,2572,-,Belum ditandai,unset
2026-06-04T01:36:03.223,6024846,4,0.002866666666666667,0.005,0.0,60.0,5000,132.0,0,0.0,0.0,0,0.0,0.0,2573,-,Belum ditandai,unset
2026-06-04T01:36:03.721,6025366,3,0.0027333333333333333,0.004866666666666667,0.0,60.0,5000,132.0,0,0.0,0.0,0,0.0,0.0,2573,-,Belum ditandai,unset
2026-06-04T01:36:04.224,6025852,3,0.0022,0.0042,0.0,60.0,5000,132.0,0,0.0,0.0,0,0.0,0.0,2574,-,Belum ditandai,unset
2026-06-04T01:36:04.727,6026372,4,0.002266666666666667,0.004266666666666667,0.0,60.0,5000,132.0,0,0.0,0.0,0,0.0,0.0,2574,-,Belum ditandai,unset
2026-06-04T01:36:05.225,6026858,3,0.0022,0.0042,0.0,60.0,5000,132.0,0,0.0,0.0,0,0.0,0.0,2575,-,Belum ditandai,unset
2026-06-04T01:36:05.721,6027378,3,0.0024000000000000002,0.0044,0.0,60.0,5000,132.0,0,0.0,0.0,0,0.0,0.0,2575,-,Belum ditandai,unset
2026-06-04T01:36:06.221,6027864,3,0.0024000000000000002,0.0044,0.0,60.0,5000,132.0,0,0.0,0.0,0,0.0,0.0,2576,-,Belum ditandai,unset
2026-06-04T01:36:06.721,6028384,3,0.0023333333333333335,0.004333333333333333,0.0,60.0,5000,132.0,0,0.0,0.0,0,0.0,0.0,2576,-,Belum ditandai,unset
2026-06-04T01:36:07.221,6028870,3,0.0023333333333333335,0.004333333333333333,0.0,60.0,5000,132.0,0,0.0,0.0,0,0.0,0.0,2577,-,Belum ditandai,unset
2026-06-04T01:36:07.721,6029390,4,0.0024000000000000002,0.0044,0.0,60.0,5000,132.0,0,0.0,0.0,0,0.0,0.0,2577,-,Belum ditandai,unset
2026-06-04T01:36:08.220,6029876,3,0.0024000000000000002,0.0044,0.0,60.0,5000,132.0,0,0.0,0.0,0,0.0,0.0,2578,-,Belum ditandai,unset
2026-06-04T01:36:08.720,6030396,6,0.0026666666666666666,0.004666666666666667,0.0,60.0,5000,132.0,0,0.0,0.0,0,0.0,0.0,2578,-,Belum ditandai,unset
2026-06-04T01:36:09.222,6030882,3,0.002533333333333333,0.004533333333333334,0.0,60.0,5000,132.0,0,0.0,0.0,0,0.0,0.0,2579,-,Belum ditandai,unset
2026-06-04T01:36:09.781,6031402,3,0.0026666666666666666,0.004666666666666667,0.0,60.0,5000,132.0,0,0.0,0.0,0,0.0,0.0,2579,-,Belum ditandai,unset
2026-06-04T01:36:10.339,6031992,5,0.0026666666666666666,0.004666666666666667,0.0,60.0,5000,132.0,0,0.0,0.0,0,0.0,0.0,2580,-,Belum ditandai,unset
2026-06-04T01:36:10.842,6032512,3,0.002533333333333333,0.004533333333333334,0.0,60.0,5000,132.0,0,0.0,0.0,0,0.0,0.0,2580,-,Belum ditandai,unset
2026-06-04T01:36:11.343,6032998,3,0.0027333333333333333,0.004733333333333334,0.0,60.0,5000,132.0,0,0.0,0.0,0,0.0,0.0,2581,-,Belum ditandai,unset
2026-06-04T01:36:11.841,6033518,3,0.002533333333333333,0.004533333333333334,0.0,60.0,5000,132.0,0,0.0,0.0,0,0.0,0.0,2581,-,Belum ditandai,unset
2026-06-04T01:36:12.465,6034108,6,0.0027333333333333333,0.004733333333333334,0.0,60.0,5000,132.0,0,0.0,0.0,0,0.0,0.0,2582,-,Belum ditandai,unset
2026-06-04T01:36:13.146,6034802,4,0.0027333333333333333,0.004733333333333334,0.0,60.0,5000,132.0,0,0.0,0.0,0,0.0,0.0,2583,-,Belum ditandai,unset
2026-06-04T01:36:13.649,6035322,3,0.0027333333333333333,0.004733333333333334,0.0,60.0,5000,132.0,0,0.0,0.0,0,0.0,0.0,2583,-,Belum ditandai,unset
2026-06-04T01:36:14.148,6035808,4,0.0028,0.0048000000000000004,0.0,60.0,5000,132.0,0,0.0,0.0,0,0.0,0.0,2584,-,Belum ditandai,unset
2026-06-04T01:36:14.649,6036328,3,0.0028,0.0048000000000000004,0.0,60.0,5000,132.0,0,0.0,0.0,0,0.0,0.0,2584,-,Belum ditandai,unset
2026-06-04T01:36:15.148,6036814,3,0.0026,0.004600000000000001,0.0,60.0,5000,132.0,0,0.0,0.0,0,0.0,0.0,2585,-,Belum ditandai,unset
2026-06-04T01:36:15.645,6037334,3,0.0026,0.004600000000000001,0.0,60.0,5000,132.0,0,0.0,0.0,0,0.0,0.0,2585,-,Belum ditandai,unset
2026-06-04T01:36:16.144,6037820,4,0.0026666666666666666,0.004666666666666667,0.0,60.0,5000,132.0,0,0.0,0.0,0,0.0,0.0,2586,-,Belum ditandai,unset
2026-06-04T01:36:16.646,6038340,3,0.0024666666666666665,0.0044666666666666665,0.0,60.0,5000,132.0,0,0.0,0.0,0,0.0,0.0,2586,-,Belum ditandai,unset
2026-06-04T01:36:17.145,6038826,5,0.0027333333333333333,0.004733333333333334,0.0,60.0,5000,132.0,0,0.0,0.0,0,0.0,0.0,2587,-,Belum ditandai,unset
2026-06-04T01:36:17.646,6039346,4,0.0027333333333333333,0.004733333333333334,0.0,60.0,5000,132.0,0,0.0,0.0,0,0.0,0.0,2587,-,Belum ditandai,unset
2026-06-04T01:36:18.146,6039832,3,0.002533333333333333,0.004533333333333334,0.0,60.0,5000,132.0,0,0.0,0.0,0,0.0,0.0,2588,-,Belum ditandai,unset
2026-06-04T01:36:18.643,6040352,3,0.0024666666666666665,0.0044666666666666665,0.0,60.0,5000,132.0,0,0.0,0.0,0,0.0,0.0,2588,-,Belum ditandai,unset
2026-06-04T01:36:19.144,6040838,6,0.0024666666666666665,0.0044666666666666665,0.0,60.0,5000,132.0,0,0.0,0.0,0,0.0,0.0,2589,-,Belum ditandai,unset
2026-06-04T01:36:19.643,6041358,5,0.0026,0.004600000000000001,0.0,60.0,5000,132.0,0,0.0,0.0,0,0.0,0.0,2589,-,Belum ditandai,unset
2026-06-04T01:36:20.143,6041844,3,0.0026,0.004600000000000001,0.0,60.0,5000,132.0,0,0.0,0.0,0,0.0,0.0,2590,-,Belum ditandai,unset
2026-06-04T01:36:20.645,6042364,3,0.0028,0.0048000000000000004,0.0,60.0,5000,132.0,0,0.0,0.0,0,0.0,0.0,2590,-,Belum ditandai,unset
2026-06-04T01:36:21.145,6042850,9,0.005,0.008066666666666666,0.0,60.0,5000,132.0,0,0.0,0.0,0,0.0,0.0,2591,-,Belum ditandai,unset
2026-06-04T01:36:21.646,6043370,5,0.005066666666666666,0.008133333333333333,0.0,60.0,5000,132.0,0,0.0,0.0,0,0.0,0.0,2591,-,Belum ditandai,unset
2026-06-04T01:36:22.143,6043856,3,0.0051333333333333335,0.0082,0.0,60.0,5000,132.0,0,0.0,0.0,0,0.0,0.0,2592,-,Belum ditandai,unset
2026-06-04T01:36:22.703,6044376,3,0.003533333333333333,0.0058,0.0,60.0,5000,132.0,0,0.0,0.0,0,0.0,0.0,2592,-,Belum ditandai,unset
2026-06-04T01:36:23.264,6044966,3,0.0027333333333333333,0.004733333333333334,0.0,60.0,5000,132.0,0,0.0,0.0,0,0.0,0.0,2593,-,Belum ditandai,unset
2026-06-04T01:36:23.763,6045486,4,0.0027333333333333333,0.004733333333333334,0.0,60.0,5000,132.0,0,0.0,0.0,0,0.0,0.0,2593,-,Belum ditandai,unset
2026-06-04T01:36:24.262,6045972,4,0.002533333333333333,0.004533333333333334,0.0,60.0,5000,132.0,0,0.0,0.0,0,0.0,0.0,2594,-,Belum ditandai,unset
2026-06-04T01:36:24.886,6046596,3,0.0026,0.004600000000000001,0.0,60.0,5000,132.0,0,0.0,0.0,0,0.0,0.0,2594,-,Belum ditandai,unset
2026-06-04T01:36:25.386,6047082,4,0.0024000000000000002,0.0044,0.0,60.0,5000,132.0,0,0.0,0.0,0,0.0,0.0,2595,-,Belum ditandai,unset
2026-06-04T01:36:25.884,6047602,3,0.0023333333333333335,0.004333333333333333,0.0,60.0,5000,132.0,0,0.0,0.0,0,0.0,0.0,2595,-,Belum ditandai,unset
2026-06-04T01:36:26.385,6048088,3,0.0022,0.0042,0.0,60.0,5000,132.0,0,0.0,0.0,0,0.0,0.0,2596,-,Belum ditandai,unset
2026-06-04T01:36:26.888,6048608,3,0.0021333333333333334,0.0041333333333333335,0.0,60.0,5000,132.0,0,0.0,0.0,0,0.0,0.0,2596,-,Belum ditandai,unset
2026-06-04T01:36:27.511,6049198,3,0.0022,0.0042,0.0,60.0,5000,132.0,0,0.0,0.0,0,0.0,0.0,2597,-,Belum ditandai,unset
2026-06-04T01:36:28.200,6049892,3,0.002266666666666667,0.004266666666666667,0.0,60.0,5000,132.0,0,0.0,0.0,0,0.0,0.0,2598,-,Belum ditandai,unset
2026-06-04T01:36:28.699,6050412,3,0.0023333333333333335,0.004333333333333333,0.0,60.0,5000,132.0,0,0.0,0.0,0,0.0,0.0,2598,-,Belum ditandai,unset
2026-06-04T01:36:29.260,6051002,3,0.0022,0.0042,0.0,60.0,5000,132.0,0,0.0,0.0,0,0.0,0.0,2599,-,Belum ditandai,unset
2026-06-04T01:36:29.819,6051522,4,0.002533333333333333,0.004533333333333334,0.0,60.0,5000,132.0,0,0.0,0.0,0,0.0,0.0,2599,-,Belum ditandai,unset
2026-06-04T01:36:30.380,6052112,4,0.0026,0.004600000000000001,0.0,60.0,5000,132.0,0,0.0,0.0,0,0.0,0.0,2600,-,Belum ditandai,unset
2026-06-04T01:36:30.882,6052632,3,0.0026,0.004600000000000001,0.0,60.0,5000,132.0,0,0.0,0.0,0,0.0,0.0,2600,-,Belum ditandai,unset
2026-06-04T01:36:31.383,6053118,3,0.002533333333333333,0.004533333333333334,0.0,60.0,5000,132.0,0,0.0,0.0,0,0.0,0.0,2601,-,Belum ditandai,unset
2026-06-04T01:36:31.884,6053638,3,0.0024000000000000002,0.0044,0.0,60.0,5000,132.0,0,0.0,0.0,0,0.0,0.0,2601,-,Belum ditandai,unset
2026-06-04T01:36:32.383,6054124,4,0.0024666666666666665,0.0044666666666666665,0.0,60.0,5000,132.0,0,0.0,0.0,0,0.0,0.0,2602,-,Belum ditandai,unset
2026-06-04T01:36:32.883,6054644,3,0.0024000000000000002,0.0044,0.0,60.0,5000,132.0,0,0.0,0.0,0,0.0,0.0,2602,-,Belum ditandai,unset
2026-06-04T01:36:33.382,6055130,3,0.0024000000000000002,0.0044,0.0,60.0,5000,132.0,0,0.0,0.0,0,0.0,0.0,2603,-,Belum ditandai,unset
2026-06-04T01:36:33.881,6055650,3,0.002266666666666667,0.004266666666666667,0.0,60.0,5000,132.0,0,0.0,0.0,0,0.0,0.0,2603,-,Belum ditandai,unset
2026-06-04T01:36:34.378,6056136,4,0.0021333333333333334,0.0041333333333333335,0.0,60.0,5000,132.0,0,0.0,0.0,0,0.0,0.0,2604,-,Belum ditandai,unset
2026-06-04T01:36:34.941,6056656,3,0.0024666666666666665,0.004600000000000001,0.0,60.0,5000,132.0,0,0.0,0.0,0,0.0,0.0,2604,-,Belum ditandai,unset
2026-06-04T01:36:35.503,6057246,4,0.002533333333333333,0.004666666666666667,0.0,60.0,5000,132.0,0,0.0,0.0,0,0.0,0.0,2605,-,Belum ditandai,unset
2026-06-04T01:36:36.189,6057940,3,0.0026666666666666666,0.0048000000000000004,0.0,60.0,5000,132.0,0,0.0,0.0,0,0.0,0.0,2606,-,Belum ditandai,unset
2026-06-04T01:36:36.690,6058460,4,0.0026666666666666666,0.004666666666666667,0.0,60.0,5000,132.0,0,0.0,0.0,0,0.0,0.0,2606,-,Belum ditandai,unset
2026-06-04T01:36:37.189,6058946,5,0.0030666666666666668,0.005066666666666666,0.0,60.0,5000,132.0,0,0.0,0.0,0,0.0,0.0,2607,-,Belum ditandai,unset
2026-06-04T01:36:37.688,6059466,3,0.0029333333333333334,0.004933333333333333,0.0,60.0,5000,132.0,0,0.0,0.0,0,0.0,0.0,2607,-,Belum ditandai,unset
2026-06-04T01:36:38.188,6059952,3,0.002866666666666667,0.004866666666666667,0.0,60.0,5000,132.0,0,0.0,0.0,0,0.0,0.0,2608,-,Belum ditandai,unset
2026-06-04T01:36:38.687,6060472,10,0.003,0.0051333333333333335,0.0,60.0,5000,132.0,0,0.0,0.0,0,0.0,0.0,2608,-,Belum ditandai,unset
2026-06-04T01:36:39.186,6060958,3,0.0028,0.004933333333333333,0.0,60.0,5000,132.0,0,0.0,0.0,0,0.0,0.0,2609,-,Belum ditandai,unset
2026-06-04T01:36:39.687,6061478,3,0.0031333333333333335,0.005266666666666667,0.0,60.0,5000,132.0,0,0.0,0.0,0,0.0,0.0,2609,-,Belum ditandai,unset
2026-06-04T01:36:40.186,6061964,5,0.003533333333333333,0.005666666666666667,0.0,60.0,5000,132.0,0,0.0,0.0,0,0.0,0.0,2610,-,Belum ditandai,unset
2026-06-04T01:36:40.686,6062484,4,0.003,0.005,0.0,60.0,5000,132.0,0,0.0,0.0,0,0.0,0.0,2610,-,Belum ditandai,unset
2026-06-04T01:36:41.187,6062970,4,0.0029333333333333334,0.004933333333333333,0.0,60.0,5000,132.0,0,0.0,0.0,0,0.0,0.0,2611,-,Belum ditandai,unset
2026-06-04T01:36:41.747,6063490,3,0.0028,0.0048000000000000004,0.0,60.0,5000,132.0,0,0.0,0.0,0,0.0,0.0,2611,-,Belum ditandai,unset
2026-06-04T01:36:42.309,6064080,3,0.0024666666666666665,0.0044666666666666665,0.0,60.0,5000,132.0,0,0.0,0.0,0,0.0,0.0,2612,-,Belum ditandai,unset
2026-06-04T01:36:42.815,6064600,5,0.0024666666666666665,0.0044666666666666665,0.0,60.0,5000,132.0,0,0.0,0.0,0,0.0,0.0,2612,-,Belum ditandai,unset
2026-06-04T01:36:43.315,6065086,3,0.0026666666666666666,0.004666666666666667,0.0,60.0,5000,132.0,0,0.0,0.0,0,0.0,0.0,2613,-,Belum ditandai,unset
2026-06-04T01:36:43.814,6065606,3,0.0026,0.004600000000000001,0.0,60.0,5000,132.0,0,0.0,0.0,0,0.0,0.0,2613,-,Belum ditandai,unset
2026-06-04T01:36:44.312,6066092,3,0.0027333333333333333,0.004733333333333334,0.0,60.0,5000,132.0,0,0.0,0.0,0,0.0,0.0,2614,-,Belum ditandai,unset
2026-06-04T01:36:44.814,6066612,6,0.0026,0.004600000000000001,0.0,60.0,5000,132.0,0,0.0,0.0,0,0.0,0.0,2614,-,Belum ditandai,unset
2026-06-04T01:36:45.312,6067098,3,0.002533333333333333,0.004533333333333334,0.0,60.0,5000,132.0,0,0.0,0.0,0,0.0,0.0,2615,-,Belum ditandai,unset
2026-06-04T01:36:45.812,6067618,4,0.0026666666666666666,0.004666666666666667,0.0,60.0,5000,132.0,0,0.0,0.0,0,0.0,0.0,2615,-,Belum ditandai,unset
2026-06-04T01:36:46.311,6068104,4,0.0026666666666666666,0.004666666666666667,0.0,60.0,5000,132.0,0,0.0,0.0,0,0.0,0.0,2616,-,Belum ditandai,unset
2026-06-04T01:36:46.812,6068624,5,0.0029333333333333334,0.005066666666666666,0.0,60.0,5000,132.0,0,0.0,0.0,0,0.0,0.0,2616,-,Belum ditandai,unset
2026-06-04T01:36:47.431,6069214,3,0.002866666666666667,0.005,0.0,60.0,5000,132.0,0,0.0,0.0,0,0.0,0.0,2617,-,Belum ditandai,unset
2026-06-04T01:36:47.932,6069734,3,0.0027333333333333333,0.004866666666666667,0.0,60.0,5000,132.0,0,0.0,0.0,0,0.0,0.0,2617,-,Belum ditandai,unset
2026-06-04T01:36:48.436,6070220,5,0.0024666666666666665,0.0044666666666666665,0.0,60.0,5000,132.0,0,0.0,0.0,0,0.0,0.0,2618,-,Belum ditandai,unset
2026-06-04T01:36:48.937,6070740,4,0.003,0.005266666666666667,0.0,60.0,5000,132.0,0,0.0,0.0,0,0.0,0.0,2618,-,Belum ditandai,unset
2026-06-04T01:36:49.439,6071226,4,0.0031333333333333335,0.0054,0.0,60.0,5000,132.0,0,0.0,0.0,0,0.0,0.0,2619,-,Belum ditandai,unset
2026-06-04T01:36:49.941,6071746,3,0.0031333333333333335,0.0054,0.0,60.0,5000,132.0,0,0.0,0.0,0,0.0,0.0,2619,-,Belum ditandai,unset
2026-06-04T01:36:50.443,6072232,3,0.003,0.005266666666666667,0.0,60.0,5000,132.0,0,0.0,0.0,0,0.0,0.0,2620,-,Belum ditandai,unset
2026-06-04T01:36:50.945,6072752,3,0.0023333333333333335,0.004333333333333333,0.0,60.0,5000,132.0,0,0.0,0.0,0,0.0,0.0,2620,-,Belum ditandai,unset
2026-06-04T01:36:51.447,6073238,4,0.0023333333333333335,0.004333333333333333,0.0,60.0,5000,132.0,0,0.0,0.0,0,0.0,0.0,2621,-,Belum ditandai,unset
2026-06-04T01:36:51.951,6073758,3,0.0024000000000000002,0.0044,0.0,60.0,5000,132.0,0,0.0,0.0,0,0.0,0.0,2621,-,Belum ditandai,unset
2026-06-04T01:36:52.453,6074244,5,0.0024000000000000002,0.0044,0.0,60.0,5000,132.0,0,0.0,0.0,0,0.0,0.0,2622,-,Belum ditandai,unset
2026-06-04T01:36:52.958,6074764,4,0.0024000000000000002,0.0044,0.0,60.0,5000,132.0,0,0.0,0.0,0,0.0,0.0,2622,-,Belum ditandai,unset
2026-06-04T01:36:53.461,6075250,4,0.0024000000000000002,0.0044,0.0,60.0,5000,132.0,0,0.0,0.0,0,0.0,0.0,2623,-,Belum ditandai,unset
2026-06-04T01:36:53.977,6075770,3,0.0024666666666666665,0.0044666666666666665,0.0,60.0,5000,132.0,0,0.0,0.0,0,0.0,0.0,2623,-,Belum ditandai,unset
2026-06-04T01:36:54.545,6076360,3,0.0024000000000000002,0.0044,0.0,60.0,5000,132.0,0,0.0,0.0,0,0.0,0.0,2624,-,Belum ditandai,unset
2026-06-04T01:36:55.237,6077054,3,0.0024000000000000002,0.0044,0.0,60.0,5000,132.0,0,0.0,0.0,0,0.0,0.0,2625,-,Belum ditandai,unset
2026-06-04T01:36:55.741,6077574,3,0.002533333333333333,0.004533333333333334,0.0,60.0,5000,132.0,0,0.0,0.0,0,0.0,0.0,2625,-,Belum ditandai,unset
2026-06-04T01:36:56.242,6078060,4,0.002533333333333333,0.004533333333333334,0.0,60.0,5000,132.0,0,0.0,0.0,0,0.0,0.0,2626,-,Belum ditandai,unset
2026-06-04T01:36:56.740,6078580,3,0.0024000000000000002,0.0044,0.0,60.0,5000,132.0,0,0.0,0.0,0,0.0,0.0,2626,-,Belum ditandai,unset
2026-06-04T01:36:57.242,6079066,3,0.0022,0.0042,0.0,60.0,5000,132.0,0,0.0,0.0,0,0.0,0.0,2627,-,Belum ditandai,unset
2026-06-04T01:36:57.743,6079586,4,0.0024000000000000002,0.0044,0.0,60.0,5000,132.0,0,0.0,0.0,0,0.0,0.0,2627,-,Belum ditandai,unset
2026-06-04T01:36:58.243,6080072,4,0.0024000000000000002,0.0044,0.0,60.0,5000,132.0,0,0.0,0.0,0,0.0,0.0,2628,-,Belum ditandai,unset
2026-06-04T01:36:58.741,6080592,4,0.0026666666666666666,0.004666666666666667,0.0,60.0,5000,132.0,0,0.0,0.0,0,0.0,0.0,2628,-,Belum ditandai,unset
2026-06-04T01:36:59.241,6081078,3,0.002533333333333333,0.004533333333333334,0.0,60.0,5000,132.0,0,0.0,0.0,0,0.0,0.0,2629,-,Belum ditandai,unset
2026-06-04T01:36:59.740,6081598,4,0.002533333333333333,0.004533333333333334,0.0,60.0,5000,132.0,0,0.0,0.0,0,0.0,0.0,2629,-,Belum ditandai,unset
2026-06-04T01:37:00.239,6082084,3,0.0023333333333333335,0.004333333333333333,0.0,60.0,5000,132.0,0,0.0,0.0,0,0.0,0.0,2630,-,Belum ditandai,unset
2026-06-04T01:37:00.738,6082604,4,0.0022,0.0042,0.0,60.0,5000,132.0,0,0.0,0.0,0,0.0,0.0,2630,-,Belum ditandai,unset
2026-06-04T01:37:01.238,6083090,3,0.0022,0.0042,0.0,60.0,5000,132.0,0,0.0,0.0,0,0.0,0.0,2631,-,Belum ditandai,unset
2026-06-04T01:37:01.739,6083610,3,0.0021333333333333334,0.0041333333333333335,0.0,60.0,5000,132.0,0,0.0,0.0,0,0.0,0.0,2631,-,Belum ditandai,unset
2026-06-04T01:37:02.242,6084096,4,0.002266666666666667,0.004266666666666667,0.0,60.0,5000,132.0,0,0.0,0.0,0,0.0,0.0,2632,-,Belum ditandai,unset
2026-06-04T01:37:02.744,6084616,4,0.0023333333333333335,0.004333333333333333,0.0,60.0,5000,132.0,0,0.0,0.0,0,0.0,0.0,2632,-,Belum ditandai,unset
2026-06-04T01:37:03.246,6085102,3,0.002266666666666667,0.004266666666666667,0.0,60.0,5000,132.0,0,0.0,0.0,0,0.0,0.0,2633,-,Belum ditandai,unset
2026-06-04T01:37:04.591,6085518,4,0.0024000000000000002,0.0044,0.0,60.0,5000,132.0,0,0.0,0.0,0,0.0,0.0,2633,-,Belum ditandai,unset
2026-06-04T01:37:05.221,6087114,3,0.0022,0.0042,0.0,60.0,5000,132.0,0,0.0,0.0,0,0.0,0.0,2635,-,Belum ditandai,unset
2026-06-04T01:37:05.785,6087634,4,0.0026,0.004733333333333334,0.0,60.0,5000,132.0,0,0.0,0.0,0,0.0,0.0,2635,-,Belum ditandai,unset
2026-06-04T01:37:06.349,6088224,3,0.0029333333333333334,0.005066666666666666,0.0,60.0,5000,132.0,0,0.0,0.0,0,0.0,0.0,2636,-,Belum ditandai,unset
2026-06-04T01:37:06.853,6088744,3,0.0029333333333333334,0.005066666666666666,0.0,60.0,5000,132.0,0,0.0,0.0,0,0.0,0.0,2636,-,Belum ditandai,unset
2026-06-04T01:37:07.355,6089230,3,0.0028,0.004933333333333333,0.0,60.0,5000,132.0,0,0.0,0.0,0,0.0,0.0,2637,-,Belum ditandai,unset
2026-06-04T01:37:07.855,6089750,3,0.0024666666666666665,0.0044666666666666665,0.0,60.0,5000,132.0,0,0.0,0.0,0,0.0,0.0,2637,-,Belum ditandai,unset
2026-06-04T01:37:08.353,6090236,4,0.0024000000000000002,0.0044,0.0,60.0,5000,132.0,0,0.0,0.0,0,0.0,0.0,2638,-,Belum ditandai,unset
2026-06-04T01:37:08.871,6090756,3,0.0028,0.0048000000000000004,0.0,60.0,5000,132.0,0,0.0,0.0,0,0.0,0.0,2638,-,Belum ditandai,unset
2026-06-04T01:37:09.372,6091242,5,0.0026666666666666666,0.004666666666666667,0.0,60.0,5000,132.0,0,0.0,0.0,0,0.0,0.0,2639,-,Belum ditandai,unset
2026-06-04T01:37:09.872,6091762,3,0.0031333333333333335,0.005266666666666667,0.0,60.0,5000,132.0,0,0.0,0.0,0,0.0,0.0,2639,-,Belum ditandai,unset
2026-06-04T01:37:10.498,6092352,3,0.0030666666666666668,0.0052,0.0,60.0,5000,132.0,0,0.0,0.0,0,0.0,0.0,2640,-,Belum ditandai,unset
2026-06-04T01:37:11.242,6093150,3,0.0028,0.004933333333333333,0.0,60.0,5000,132.0,0,0.0,0.0,0,0.0,0.0,2641,-,Belum ditandai,unset
2026-06-04T01:37:11.797,6093670,3,0.0029333333333333334,0.004933333333333333,0.0,60.0,5000,132.0,0,0.0,0.0,0,0.0,0.0,2641,-,Belum ditandai,unset
2026-06-04T01:37:12.353,6094260,3,0.002866666666666667,0.004866666666666667,0.0,60.0,5000,132.0,0,0.0,0.0,0,0.0,0.0,2642,-,Belum ditandai,unset
2026-06-04T01:37:12.918,6094780,4,0.0028,0.0048000000000000004,0.0,60.0,5000,132.0,0,0.0,0.0,0,0.0,0.0,2642,-,Belum ditandai,unset
2026-06-04T01:37:13.482,6095370,4,0.002266666666666667,0.004266666666666667,0.0,60.0,5000,132.0,0,0.0,0.0,0,0.0,0.0,2643,-,Belum ditandai,unset
2026-06-04T01:37:13.981,6095890,3,0.0022,0.0042,0.0,60.0,5000,132.0,0,0.0,0.0,0,0.0,0.0,2643,-,Belum ditandai,unset
2026-06-04T01:37:14.482,6096376,3,0.0022,0.0042,0.0,60.0,5000,132.0,0,0.0,0.0,0,0.0,0.0,2644,-,Belum ditandai,unset
2026-06-04T01:37:14.983,6096896,3,0.0021333333333333334,0.0041333333333333335,0.0,60.0,5000,132.0,0,0.0,0.0,0,0.0,0.0,2644,-,Belum ditandai,unset
2026-06-04T01:37:15.482,6097382,5,0.0022,0.0042,0.0,60.0,5000,132.0,0,0.0,0.0,0,0.0,0.0,2645,-,Belum ditandai,unset
2026-06-04T01:37:15.982,6097902,4,0.002533333333333333,0.004533333333333334,0.0,60.0,5000,132.0,0,0.0,0.0,0,0.0,0.0,2645,-,Belum ditandai,unset
2026-06-04T01:37:16.484,6098388,3,0.002533333333333333,0.004533333333333334,0.0,60.0,5000,132.0,0,0.0,0.0,0,0.0,0.0,2646,-,Belum ditandai,unset
2026-06-04T01:37:16.985,6098908,4,0.0028,0.0048000000000000004,0.0,60.0,5000,132.0,0,0.0,0.0,0,0.0,0.0,2646,-,Belum ditandai,unset
2026-06-04T01:37:17.481,6099394,3,0.0027333333333333333,0.004733333333333334,0.0,60.0,5000,132.0,0,0.0,0.0,0,0.0,0.0,2647,-,Belum ditandai,unset
2026-06-04T01:37:17.985,6099914,3,0.0023333333333333335,0.004333333333333333,0.0,60.0,5000,132.0,0,0.0,0.0,0,0.0,0.0,2647,-,Belum ditandai,unset
2026-06-04T01:37:18.488,6100400,3,0.0023333333333333335,0.004333333333333333,0.0,60.0,5000,132.0,0,0.0,0.0,0,0.0,0.0,2648,-,Belum ditandai,unset
2026-06-04T01:37:18.991,6100920,3,0.002533333333333333,0.004666666666666667,0.0,60.0,5000,132.0,0,0.0,0.0,0,0.0,0.0,2648,-,Belum ditandai,unset
2026-06-04T01:37:19.494,6101406,3,0.0026,0.004733333333333334,0.0,60.0,5000,132.0,0,0.0,0.0,0,0.0,0.0,2649,-,Belum ditandai,unset
2026-06-04T01:37:19.990,6101926,3,0.0029333333333333334,0.005066666666666666,0.0,60.0,5000,132.0,0,0.0,0.0,0,0.0,0.0,2649,-,Belum ditandai,unset
2026-06-04T01:37:20.492,6102412,3,0.003,0.0051333333333333335,0.0,60.0,5000,132.0,0,0.0,0.0,0,0.0,0.0,2650,-,Belum ditandai,unset
2026-06-04T01:37:20.990,6102932,4,0.0028,0.0048000000000000004,0.0,60.0,5000,132.0,0,0.0,0.0,0,0.0,0.0,2650,-,Belum ditandai,unset
2026-06-04T01:37:21.489,6103418,4,0.0030666666666666668,0.005066666666666666,0.0,60.0,5000,132.0,0,0.0,0.0,0,0.0,0.0,2651,-,Belum ditandai,unset
2026-06-04T01:37:21.991,6103938,3,0.003,0.005,0.0,60.0,5000,132.0,0,0.0,0.0,0,0.0,0.0,2651,-,Belum ditandai,unset
2026-06-04T01:37:22.490,6104424,3,0.0028,0.0048000000000000004,0.0,60.0,5000,132.0,0,0.0,0.0,0,0.0,0.0,2652,-,Belum ditandai,unset
2026-06-04T01:37:22.990,6104944,4,0.0026666666666666666,0.004666666666666667,0.0,60.0,5000,132.0,0,0.0,0.0,0,0.0,0.0,2652,-,Belum ditandai,unset
2026-06-04T01:37:23.490,6105430,3,0.002533333333333333,0.004533333333333334,0.0,60.0,5000,132.0,0,0.0,0.0,0,0.0,0.0,2653,-,Belum ditandai,unset
2026-06-04T01:37:23.989,6105950,3,0.0024000000000000002,0.0044,0.0,60.0,5000,132.0,0,0.0,0.0,0,0.0,0.0,2653,-,Belum ditandai,unset
2026-06-04T01:37:24.488,6106436,3,0.002266666666666667,0.004266666666666667,0.0,60.0,5000,132.0,0,0.0,0.0,0,0.0,0.0,2654,-,Belum ditandai,unset
2026-06-04T01:37:24.991,6106956,3,0.0024000000000000002,0.004533333333333334,0.0,60.0,5000,132.0,0,0.0,0.0,0,0.0,0.0,2654,-,Belum ditandai,unset
2026-06-04T01:37:25.490,6107442,3,0.0023333333333333335,0.0044666666666666665,0.0,60.0,5000,132.0,0,0.0,0.0,0,0.0,0.0,2655,-,Belum ditandai,unset
2026-06-04T01:37:25.989,6107962,4,0.002533333333333333,0.004666666666666667,0.0,60.0,5000,132.0,0,0.0,0.0,0,0.0,0.0,2655,-,Belum ditandai,unset
2026-06-04T01:37:26.490,6108448,3,0.0023333333333333335,0.004333333333333333,0.0,60.0,5000,132.0,0,0.0,0.0,0,0.0,0.0,2656,-,Belum ditandai,unset
2026-06-04T01:37:26.990,6108968,3,0.0024000000000000002,0.0044,0.0,60.0,5000,132.0,0,0.0,0.0,0,0.0,0.0,2656,-,Belum ditandai,unset
2026-06-04T01:37:27.486,6109454,4,0.0026,0.004600000000000001,0.0,60.0,5000,132.0,0,0.0,0.0,0,0.0,0.0,2657,-,Belum ditandai,unset
2026-06-04T01:37:28.052,6109974,3,0.0024000000000000002,0.0044,0.0,60.0,5000,132.0,0,0.0,0.0,0,0.0,0.0,2657,-,Belum ditandai,unset
2026-06-04T01:37:28.620,6110564,3,0.0024000000000000002,0.0044,0.0,60.0,5000,132.0,0,0.0,0.0,0,0.0,0.0,2658,-,Belum ditandai,unset
2026-06-04T01:37:29.309,6111258,3,0.0024000000000000002,0.0044,0.0,60.0,5000,132.0,0,0.0,0.0,0,0.0,0.0,2659,-,Belum ditandai,unset
2026-06-04T01:37:29.812,6111778,3,0.0022,0.0042,0.0,60.0,5000,132.0,0,0.0,0.0,0,0.0,0.0,2659,-,Belum ditandai,unset
2026-06-04T01:37:30.310,6112264,3,0.0024000000000000002,0.0044,0.0,60.0,5000,132.0,0,0.0,0.0,0,0.0,0.0,2660,-,Belum ditandai,unset
2026-06-04T01:37:30.934,6112888,3,0.0024000000000000002,0.0044,0.0,60.0,5000,132.0,0,0.0,0.0,0,0.0,0.0,2660,-,Belum ditandai,unset
2026-06-04T01:37:31.434,6113374,3,0.0024000000000000002,0.0044,0.0,60.0,5000,132.0,0,0.0,0.0,0,0.0,0.0,2661,-,Belum ditandai,unset
2026-06-04T01:37:31.933,6113894,3,0.002533333333333333,0.004533333333333334,0.0,60.0,5000,132.0,0,0.0,0.0,0,0.0,0.0,2661,-,Belum ditandai,unset
2026-06-04T01:37:32.436,6114380,4,0.0026,0.004600000000000001,0.0,60.0,5000,132.0,0,0.0,0.0,0,0.0,0.0,2662,-,Belum ditandai,unset
2026-06-04T01:37:32.937,6114900,3,0.0026,0.004600000000000001,0.0,60.0,5000,132.0,0,0.0,0.0,0,0.0,0.0,2662,-,Belum ditandai,unset
2026-06-04T01:37:33.437,6115386,3,0.0024000000000000002,0.0044,0.0,60.0,5000,132.0,0,0.0,0.0,0,0.0,0.0,2663,-,Belum ditandai,unset
2026-06-04T01:37:33.935,6115906,3,0.002533333333333333,0.004533333333333334,0.0,60.0,5000,132.0,0,0.0,0.0,0,0.0,0.0,2663,-,Belum ditandai,unset
2026-06-04T01:37:34.495,6116496,3,0.0024666666666666665,0.0044666666666666665,0.0,60.0,5000,132.0,0,0.0,0.0,0,0.0,0.0,2664,-,Belum ditandai,unset
2026-06-04T01:37:35.058,6117016,6,0.0029333333333333334,0.005066666666666666,0.0,60.0,5000,132.0,0,0.0,0.0,0,0.0,0.0,2664,-,Belum ditandai,unset
2026-06-04T01:37:35.624,6117606,3,0.003,0.0051333333333333335,0.0,60.0,5000,132.0,0,0.0,0.0,0,0.0,0.0,2665,-,Belum ditandai,unset
2026-06-04T01:37:36.319,6118300,3,0.003,0.0051333333333333335,0.0,60.0,5000,132.0,0,0.0,0.0,0,0.0,0.0,2666,-,Belum ditandai,unset
2026-06-04T01:37:36.822,6118820,3,0.0026,0.004600000000000001,0.0,60.0,5000,132.0,0,0.0,0.0,0,0.0,0.0,2666,-,Belum ditandai,unset
2026-06-04T01:37:37.325,6119306,3,0.0021333333333333334,0.0041333333333333335,0.0,60.0,5000,132.0,0,0.0,0.0,0,0.0,0.0,2667,-,Belum ditandai,unset
2026-06-04T01:37:37.827,6119826,3,0.0022,0.0042,0.0,60.0,5000,132.0,0,0.0,0.0,0,0.0,0.0,2667,-,Belum ditandai,unset
2026-06-04T01:37:38.328,6120312,4,0.0026,0.004600000000000001,0.0,60.0,5000,132.0,0,0.0,0.0,0,0.0,0.0,2668,-,Belum ditandai,unset
2026-06-04T01:37:38.828,6120832,3,0.0026666666666666666,0.004666666666666667,0.0,60.0,5000,132.0,0,0.0,0.0,0,0.0,0.0,2668,-,Belum ditandai,unset
2026-06-04T01:37:39.326,6121318,4,0.0028,0.0048000000000000004,0.0,60.0,5000,132.0,0,0.0,0.0,0,0.0,0.0,2669,-,Belum ditandai,unset
2026-06-04T01:37:39.827,6121838,3,0.002533333333333333,0.004533333333333334,0.0,60.0,5000,132.0,0,0.0,0.0,0,0.0,0.0,2669,-,Belum ditandai,unset
2026-06-04T01:37:40.329,6122324,3,0.0023333333333333335,0.004333333333333333,0.0,60.0,5000,132.0,0,0.0,0.0,0,0.0,0.0,2670,-,Belum ditandai,unset
2026-06-04T01:37:40.832,6122844,3,0.0024666666666666665,0.0044666666666666665,0.0,60.0,5000,132.0,0,0.0,0.0,0,0.0,0.0,2670,-,Belum ditandai,unset
2026-06-04T01:37:41.333,6123330,4,0.0024666666666666665,0.0044666666666666665,0.0,60.0,5000,132.0,0,0.0,0.0,0,0.0,0.0,2671,-,Belum ditandai,unset
2026-06-04T01:37:41.834,6123850,4,0.0028,0.0048000000000000004,0.0,60.0,5000,132.0,0,0.0,0.0,0,0.0,0.0,2671,-,Belum ditandai,unset
2026-06-04T01:37:42.332,6124336,3,0.0027333333333333333,0.004733333333333334,0.0,60.0,5000,132.0,0,0.0,0.0,0,0.0,0.0,2672,-,Belum ditandai,unset
2026-06-04T01:37:42.835,6124856,3,0.0026666666666666666,0.004666666666666667,0.0,60.0,5000,132.0,0,0.0,0.0,0,0.0,0.0,2672,-,Belum ditandai,unset
2026-06-04T01:37:43.333,6125342,4,0.0026,0.004600000000000001,0.0,60.0,5000,132.0,0,0.0,0.0,0,0.0,0.0,2673,-,Belum ditandai,unset
2026-06-04T01:37:43.837,6125862,3,0.002533333333333333,0.004533333333333334,0.0,60.0,5000,132.0,0,0.0,0.0,0,0.0,0.0,2673,-,Belum ditandai,unset
2026-06-04T01:37:44.342,6126348,3,0.002533333333333333,0.004533333333333334,0.0,60.0,5000,132.0,0,0.0,0.0,0,0.0,0.0,2674,-,Belum ditandai,unset
2026-06-04T01:37:44.846,6126868,4,0.0024666666666666665,0.0044666666666666665,0.0,60.0,5000,132.0,0,0.0,0.0,0,0.0,0.0,2674,-,Belum ditandai,unset
2026-06-04T01:37:45.344,6127354,6,0.0027333333333333333,0.004733333333333334,0.0,60.0,5000,132.0,0,0.0,0.0,0,0.0,0.0,2675,-,Belum ditandai,unset
2026-06-04T01:37:45.844,6127874,3,0.0027333333333333333,0.004733333333333334,0.0,60.0,5000,132.0,0,0.0,0.0,0,0.0,0.0,2675,-,Belum ditandai,unset
2026-06-04T01:37:46.342,6128360,3,0.0028,0.0048000000000000004,0.0,60.0,5000,132.0,0,0.0,0.0,0,0.0,0.0,2676,-,Belum ditandai,unset
2026-06-04T01:37:46.841,6128880,4,0.0028,0.0048000000000000004,0.0,60.0,5000,132.0,0,0.0,0.0,0,0.0,0.0,2676,-,Belum ditandai,unset
2026-06-04T01:37:47.341,6129366,6,0.002866666666666667,0.004866666666666667,0.0,60.0,5000,132.0,0,0.0,0.0,0,0.0,0.0,2677,-,Belum ditandai,unset
2026-06-04T01:37:47.840,6129886,3,0.002866666666666667,0.004866666666666667,0.0,60.0,5000,132.0,0,0.0,0.0,0,0.0,0.0,2677,-,Belum ditandai,unset
2026-06-04T01:37:48.463,6130476,3,0.002866666666666667,0.004866666666666667,0.0,60.0,5000,132.0,0,0.0,0.0,0,0.0,0.0,2678,-,Belum ditandai,unset
2026-06-04T01:37:48.963,6130996,4,0.002533333333333333,0.004533333333333334,0.0,60.0,5000,132.0,0,0.0,0.0,0,0.0,0.0,2678,-,Belum ditandai,unset
2026-06-04T01:37:49.463,6131482,3,0.0024000000000000002,0.0044,0.0,60.0,5000,132.0,0,0.0,0.0,0,0.0,0.0,2679,-,Belum ditandai,unset
2026-06-04T01:37:49.965,6132002,3,0.0023333333333333335,0.004333333333333333,0.0,60.0,5000,132.0,0,0.0,0.0,0,0.0,0.0,2679,-,Belum ditandai,unset
2026-06-04T01:37:50.466,6132488,3,0.0024000000000000002,0.0044,0.0,60.0,5000,132.0,0,0.0,0.0,0,0.0,0.0,2680,-,Belum ditandai,unset
2026-06-04T01:37:50.968,6133008,3,0.0024000000000000002,0.0044,0.0,60.0,5000,132.0,0,0.0,0.0,0,0.0,0.0,2680,-,Belum ditandai,unset
2026-06-04T01:37:51.467,6133494,4,0.002266666666666667,0.004266666666666667,0.0,60.0,5000,132.0,0,0.0,0.0,0,0.0,0.0,2681,-,Belum ditandai,unset
2026-06-04T01:37:51.966,6134014,3,0.002266666666666667,0.004266666666666667,0.0,60.0,5000,132.0,0,0.0,0.0,0,0.0,0.0,2681,-,Belum ditandai,unset
2026-06-04T01:37:52.468,6134500,3,0.0022,0.0042,0.0,60.0,5000,132.0,0,0.0,0.0,0,0.0,0.0,2682,-,Belum ditandai,unset
2026-06-04T01:37:52.969,6135020,6,0.0026,0.004600000000000001,0.0,60.0,5000,132.0,0,0.0,0.0,0,0.0,0.0,2682,-,Belum ditandai,unset
2026-06-04T01:37:53.468,6135506,3,0.0027333333333333333,0.004733333333333334,0.0,60.0,5000,132.0,0,0.0,0.0,0,0.0,0.0,2683,-,Belum ditandai,unset
2026-06-04T01:37:53.972,6136026,3,0.0028,0.0048000000000000004,0.0,60.0,5000,132.0,0,0.0,0.0,0,0.0,0.0,2683,-,Belum ditandai,unset
2026-06-04T01:37:54.469,6136512,3,0.0026666666666666666,0.004666666666666667,0.0,60.0,5000,132.0,0,0.0,0.0,0,0.0,0.0,2684,-,Belum ditandai,unset
2026-06-04T01:37:54.968,6137032,3,0.0022,0.0042,0.0,60.0,5000,132.0,0,0.0,0.0,0,0.0,0.0,2684,-,Belum ditandai,unset
2026-06-04T01:37:55.469,6137518,3,0.0021333333333333334,0.0041333333333333335,0.0,60.0,5000,132.0,0,0.0,0.0,0,0.0,0.0,2685,-,Belum ditandai,unset
2026-06-04T01:37:55.973,6138038,3,0.0024000000000000002,0.0044,0.0,60.0,5000,132.0,0,0.0,0.0,0,0.0,0.0,2685,-,Belum ditandai,unset
2026-06-04T01:37:56.470,6138524,3,0.0024666666666666665,0.0044666666666666665,0.0,60.0,5000,132.0,0,0.0,0.0,0,0.0,0.0,2686,-,Belum ditandai,unset
2026-06-04T01:37:56.971,6139044,3,0.0028,0.0048000000000000004,0.0,60.0,5000,132.0,0,0.0,0.0,0,0.0,0.0,2686,-,Belum ditandai,unset
2026-06-04T01:37:57.470,6139530,3,0.0026666666666666666,0.004666666666666667,0.0,60.0,5000,132.0,0,0.0,0.0,0,0.0,0.0,2687,-,Belum ditandai,unset
2026-06-04T01:37:57.969,6140050,3,0.0024666666666666665,0.0044666666666666665,0.0,60.0,5000,132.0,0,0.0,0.0,0,0.0,0.0,2687,-,Belum ditandai,unset
2026-06-04T01:37:58.469,6140536,5,0.0024666666666666665,0.0044666666666666665,0.0,60.0,5000,132.0,0,0.0,0.0,0,0.0,0.0,2688,-,Belum ditandai,unset
2026-06-04T01:37:58.967,6141056,3,0.0024666666666666665,0.0044666666666666665,0.0,60.0,5000,132.0,0,0.0,0.0,0,0.0,0.0,2688,-,Belum ditandai,unset
2026-06-04T01:37:59.468,6141542,10,0.002866666666666667,0.005,0.0,60.0,5000,132.0,0,0.0,0.0,0,0.0,0.0,2689,-,Belum ditandai,unset
2026-06-04T01:37:59.971,6142062,3,0.003,0.0051333333333333335,0.0,60.0,5000,132.0,0,0.0,0.0,0,0.0,0.0,2689,-,Belum ditandai,unset
2026-06-04T01:38:00.473,6142548,5,0.0031333333333333335,0.005266666666666667,0.0,60.0,5000,132.0,0,0.0,0.0,0,0.0,0.0,2690,-,Belum ditandai,unset
2026-06-04T01:38:00.972,6143068,11,0.003266666666666667,0.005533333333333334,0.0,60.0,5000,132.0,0,0.0,0.0,0,0.0,0.0,2690,-,Belum ditandai,unset
2026-06-04T01:38:01.470,6143554,4,0.0031333333333333335,0.005266666666666667,0.0,60.0,5000,132.0,0,0.0,0.0,0,0.0,0.0,2691,-,Belum ditandai,unset
2026-06-04T01:38:01.972,6144074,4,0.0031333333333333335,0.005266666666666667,0.0,60.0,5000,132.0,0,0.0,0.0,0,0.0,0.0,2691,-,Belum ditandai,unset
2026-06-04T01:38:02.470,6144560,8,0.0032,0.0054666666666666665,0.0,60.0,5000,132.0,0,0.0,0.0,0,0.0,0.0,2692,-,Belum ditandai,unset
2026-06-04T01:38:02.971,6145080,4,0.003,0.0051333333333333335,0.0,60.0,5000,132.0,0,0.0,0.0,0,0.0,0.0,2692,-,Belum ditandai,unset
2026-06-04T01:38:03.468,6145566,3,0.002866666666666667,0.005,0.0,60.0,5000,132.0,0,0.0,0.0,0,0.0,0.0,2693,-,Belum ditandai,unset
2026-06-04T01:38:03.968,6146086,4,0.002866666666666667,0.005,0.0,60.0,5000,132.0,0,0.0,0.0,0,0.0,0.0,2693,-,Belum ditandai,unset
2026-06-04T01:38:04.467,6146572,3,0.0024000000000000002,0.0044,0.0,60.0,5000,132.0,0,0.0,0.0,0,0.0,0.0,2694,-,Belum ditandai,unset
2026-06-04T01:38:04.968,6147092,3,0.002266666666666667,0.004266666666666667,0.0,60.0,5000,132.0,0,0.0,0.0,0,0.0,0.0,2694,-,Belum ditandai,unset
2026-06-04T01:38:05.467,6147578,4,0.002266666666666667,0.004266666666666667,0.0,60.0,5000,132.0,0,0.0,0.0,0,0.0,0.0,2695,-,Belum ditandai,unset
2026-06-04T01:38:05.970,6148098,3,0.0023333333333333335,0.004333333333333333,0.0,60.0,5000,132.0,0,0.0,0.0,0,0.0,0.0,2695,-,Belum ditandai,unset
2026-06-04T01:38:06.472,6148584,3,0.0023333333333333335,0.004333333333333333,0.0,60.0,5000,132.0,0,0.0,0.0,0,0.0,0.0,2696,-,Belum ditandai,unset
2026-06-04T01:38:06.971,6149104,6,0.0026666666666666666,0.004666666666666667,0.0,60.0,5000,132.0,0,0.0,0.0,0,0.0,0.0,2696,-,Belum ditandai,unset
2026-06-04T01:38:07.470,6149590,4,0.0028,0.0048000000000000004,0.0,60.0,5000,132.0,0,0.0,0.0,0,0.0,0.0,2697,-,Belum ditandai,unset
2026-06-04T01:38:08.034,6150110,3,0.0028,0.0048000000000000004,0.0,60.0,5000,132.0,0,0.0,0.0,0,0.0,0.0,2697,-,Belum ditandai,unset
2026-06-04T01:38:08.599,6150700,6,0.0036666666666666666,0.005933333333333333,0.0,60.0,5000,132.0,0,0.0,0.0,0,0.0,0.0,2698,-,Belum ditandai,unset
2026-06-04T01:38:09.099,6151220,3,0.003266666666666667,0.005533333333333334,0.0,60.0,5000,132.0,0,0.0,0.0,0,0.0,0.0,2698,-,Belum ditandai,unset
2026-06-04T01:38:09.598,6151706,4,0.0032,0.0054666666666666665,0.0,60.0,5000,132.0,0,0.0,0.0,0,0.0,0.0,2699,-,Belum ditandai,unset
2026-06-04T01:38:10.098,6152226,3,0.0032,0.0054666666666666665,0.0,60.0,5000,132.0,0,0.0,0.0,0,0.0,0.0,2699,-,Belum ditandai,unset
2026-06-04T01:38:10.599,6152712,3,0.0023333333333333335,0.004333333333333333,0.0,60.0,5000,132.0,0,0.0,0.0,0,0.0,0.0,2700,-,Belum ditandai,unset
2026-06-04T01:38:11.099,6153232,3,0.002533333333333333,0.004533333333333334,0.0,60.0,5000,132.0,0,0.0,0.0,0,0.0,0.0,2700,-,Belum ditandai,unset
2026-06-04T01:38:11.602,6153718,3,0.0024000000000000002,0.0044,0.0,60.0,5000,132.0,0,0.0,0.0,0,0.0,0.0,2701,-,Belum ditandai,unset
2026-06-04T01:38:12.105,6154238,5,0.002533333333333333,0.004533333333333334,0.0,60.0,5000,132.0,0,0.0,0.0,0,0.0,0.0,2701,-,Belum ditandai,unset
2026-06-04T01:38:12.607,6154724,3,0.0024000000000000002,0.0044,0.0,60.0,5000,132.0,0,0.0,0.0,0,0.0,0.0,2702,-,Belum ditandai,unset
2026-06-04T01:38:13.108,6155244,3,0.0026,0.004600000000000001,0.0,60.0,5000,132.0,0,0.0,0.0,0,0.0,0.0,2702,-,Belum ditandai,unset
2026-06-04T01:38:13.612,6155730,5,0.0027333333333333333,0.004733333333333334,0.0,60.0,5000,132.0,0,0.0,0.0,0,0.0,0.0,2703,-,Belum ditandai,unset
2026-06-04T01:38:14.116,6156250,3,0.0024666666666666665,0.0044666666666666665,0.0,60.0,5000,132.0,0,0.0,0.0,0,0.0,0.0,2703,-,Belum ditandai,unset
2026-06-04T01:38:14.618,6156736,3,0.0026,0.004600000000000001,0.0,60.0,5000,132.0,0,0.0,0.0,0,0.0,0.0,2704,-,Belum ditandai,unset
2026-06-04T01:38:15.121,6157256,4,0.003,0.0051333333333333335,0.0,60.0,5000,132.0,0,0.0,0.0,0,0.0,0.0,2704,-,Belum ditandai,unset
2026-06-04T01:38:15.620,6157742,4,0.003,0.0051333333333333335,0.0,60.0,5000,132.0,0,0.0,0.0,0,0.0,0.0,2705,-,Belum ditandai,unset
2026-06-04T01:38:16.123,6158262,3,0.0034000000000000002,0.005533333333333334,0.0,60.0,5000,132.0,0,0.0,0.0,0,0.0,0.0,2705,-,Belum ditandai,unset
2026-06-04T01:38:16.625,6158748,3,0.0031333333333333335,0.005266666666666667,0.0,60.0,5000,132.0,0,0.0,0.0,0,0.0,0.0,2706,-,Belum ditandai,unset
2026-06-04T01:38:17.127,6159268,5,0.002866666666666667,0.004866666666666667,0.0,60.0,5000,132.0,0,0.0,0.0,0,0.0,0.0,2706,-,Belum ditandai,unset
2026-06-04T01:38:17.626,6159754,3,0.0030666666666666668,0.005066666666666666,0.0,60.0,5000,132.0,0,0.0,0.0,0,0.0,0.0,2707,-,Belum ditandai,unset
2026-06-04T01:38:18.125,6160274,3,0.0027333333333333333,0.004733333333333334,0.0,60.0,5000,132.0,0,0.0,0.0,0,0.0,0.0,2707,-,Belum ditandai,unset
2026-06-04T01:38:18.627,6160760,4,0.0028,0.0048000000000000004,0.0,60.0,5000,132.0,0,0.0,0.0,0,0.0,0.0,2708,-,Belum ditandai,unset
2026-06-04T01:38:19.131,6161280,3,0.002266666666666667,0.004266666666666667,0.0,60.0,5000,132.0,0,0.0,0.0,0,0.0,0.0,2708,-,Belum ditandai,unset
2026-06-04T01:38:19.632,6161766,3,0.0021333333333333334,0.0041333333333333335,0.0,60.0,5000,132.0,0,0.0,0.0,0,0.0,0.0,2709,-,Belum ditandai,unset
2026-06-04T01:38:20.134,6162286,3,0.0022,0.0042,0.0,60.0,5000,132.0,0,0.0,0.0,0,0.0,0.0,2709,-,Belum ditandai,unset
2026-06-04T01:38:20.633,6162772,3,0.0020666666666666667,0.004066666666666666,0.0,60.0,5000,132.0,0,0.0,0.0,0,0.0,0.0,2710,-,Belum ditandai,unset
2026-06-04T01:38:21.134,6163292,5,0.0024666666666666665,0.0044666666666666665,0.0,60.0,5000,132.0,0,0.0,0.0,0,0.0,0.0,2710,-,Belum ditandai,unset
2026-06-04T01:38:21.634,6163778,3,0.0024666666666666665,0.0044666666666666665,0.0,60.0,5000,132.0,0,0.0,0.0,0,0.0,0.0,2711,-,Belum ditandai,unset
2026-06-04T01:38:22.136,6164298,4,0.0026666666666666666,0.004666666666666667,0.0,60.0,5000,132.0,0,0.0,0.0,0,0.0,0.0,2711,-,Belum ditandai,unset
2026-06-04T01:38:22.634,6164784,4,0.0027333333333333333,0.004733333333333334,0.0,60.0,5000,132.0,0,0.0,0.0,0,0.0,0.0,2712,-,Belum ditandai,unset
2026-06-04T01:38:23.135,6165304,7,0.0032,0.005333333333333333,0.0,60.0,5000,132.0,0,0.0,0.0,0,0.0,0.0,2712,-,Belum ditandai,unset
2026-06-04T01:38:23.636,6165790,8,0.0036,0.005866666666666667,0.0,60.0,5000,132.0,0,0.0,0.0,0,0.0,0.0,2713,-,Belum ditandai,unset
2026-06-04T01:38:24.139,6166310,3,0.0037333333333333333,0.006,0.0,60.0,5000,132.0,0,0.0,0.0,0,0.0,0.0,2713,-,Belum ditandai,unset
2026-06-04T01:38:24.638,6166796,3,0.0036666666666666666,0.005933333333333333,0.0,60.0,5000,132.0,0,0.0,0.0,0,0.0,0.0,2714,-,Belum ditandai,unset
2026-06-04T01:38:25.140,6167316,3,0.0026666666666666666,0.0048000000000000004,0.0,60.0,5000,132.0,0,0.0,0.0,0,0.0,0.0,2714,-,Belum ditandai,unset
2026-06-04T01:38:25.640,6167802,3,0.0023333333333333335,0.004333333333333333,0.0,60.0,5000,132.0,0,0.0,0.0,0,0.0,0.0,2715,-,Belum ditandai,unset
2026-06-04T01:38:26.141,6168322,3,0.0026666666666666666,0.0048000000000000004,0.0,60.0,5000,132.0,0,0.0,0.0,0,0.0,0.0,2715,-,Belum ditandai,unset
2026-06-04T01:38:26.641,6168808,4,0.0029333333333333334,0.005066666666666666,0.0,60.0,5000,132.0,0,0.0,0.0,0,0.0,0.0,2716,-,Belum ditandai,unset
2026-06-04T01:38:27.146,6169328,4,0.0029333333333333334,0.005066666666666666,0.0,60.0,5000,132.0,0,0.0,0.0,0,0.0,0.0,2716,-,Belum ditandai,unset
2026-06-04T01:38:27.645,6169814,3,0.003,0.0051333333333333335,0.0,60.0,5000,132.0,0,0.0,0.0,0,0.0,0.0,2717,-,Belum ditandai,unset
2026-06-04T01:38:28.149,6170334,3,0.0027333333333333333,0.004733333333333334,0.0,60.0,5000,132.0,0,0.0,0.0,0,0.0,0.0,2717,-,Belum ditandai,unset
2026-06-04T01:38:28.652,6170820,3,0.0024666666666666665,0.0044666666666666665,0.0,60.0,5000,132.0,0,0.0,0.0,0,0.0,0.0,2718,-,Belum ditandai,unset
2026-06-04T01:38:29.150,6171340,3,0.0026,0.004600000000000001,0.0,60.0,5000,132.0,0,0.0,0.0,0,0.0,0.0,2718,-,Belum ditandai,unset
2026-06-04T01:38:29.648,6171826,4,0.0026666666666666666,0.004666666666666667,0.0,60.0,5000,132.0,0,0.0,0.0,0,0.0,0.0,2719,-,Belum ditandai,unset
2026-06-04T01:38:30.148,6172346,4,0.0028,0.0048000000000000004,0.0,60.0,5000,132.0,0,0.0,0.0,0,0.0,0.0,2719,-,Belum ditandai,unset
2026-06-04T01:38:30.650,6172832,3,0.0031333333333333335,0.0051333333333333335,0.0,60.0,5000,132.0,0,0.0,0.0,0,0.0,0.0,2720,-,Belum ditandai,unset
2026-06-04T01:38:31.153,6173352,3,0.002866666666666667,0.004866666666666667,0.0,60.0,5000,132.0,0,0.0,0.0,0,0.0,0.0,2720,-,Belum ditandai,unset
2026-06-04T01:38:31.658,6173838,5,0.0028,0.0048000000000000004,0.0,60.0,5000,132.0,0,0.0,0.0,0,0.0,0.0,2721,-,Belum ditandai,unset
2026-06-04T01:38:32.160,6174358,3,0.0026666666666666666,0.004666666666666667,0.0,60.0,5000,132.0,0,0.0,0.0,0,0.0,0.0,2721,-,Belum ditandai,unset
2026-06-04T01:38:32.661,6174844,3,0.002266666666666667,0.004266666666666667,0.0,60.0,5000,132.0,0,0.0,0.0,0,0.0,0.0,2722,-,Belum ditandai,unset
2026-06-04T01:38:33.159,6175364,3,0.0024666666666666665,0.0044666666666666665,0.0,60.0,5000,132.0,0,0.0,0.0,0,0.0,0.0,2722,-,Belum ditandai,unset
2026-06-04T01:38:33.661,6175850,4,0.0023333333333333335,0.004333333333333333,0.0,60.0,5000,132.0,0,0.0,0.0,0,0.0,0.0,2723,-,Belum ditandai,unset
2026-06-04T01:38:34.162,6176370,3,0.0024000000000000002,0.0044,0.0,60.0,5000,132.0,0,0.0,0.0,0,0.0,0.0,2723,-,Belum ditandai,unset
2026-06-04T01:38:34.666,6176856,3,0.0024666666666666665,0.0044666666666666665,0.0,60.0,5000,132.0,0,0.0,0.0,0,0.0,0.0,2724,-,Belum ditandai,unset
2026-06-04T01:38:35.166,6177376,3,0.0023333333333333335,0.004333333333333333,0.0,60.0,5000,132.0,0,0.0,0.0,0,0.0,0.0,2724,-,Belum ditandai,unset
2026-06-04T01:38:35.666,6177862,3,0.0022,0.0042,0.0,60.0,5000,132.0,0,0.0,0.0,0,0.0,0.0,2725,-,Belum ditandai,unset
2026-06-04T01:38:36.165,6178382,3,0.0023333333333333335,0.004333333333333333,0.0,60.0,5000,132.0,0,0.0,0.0,0,0.0,0.0,2725,-,Belum ditandai,unset
2026-06-04T01:38:36.665,6178868,3,0.0022,0.0042,0.0,60.0,5000,132.0,0,0.0,0.0,0,0.0,0.0,2726,-,Belum ditandai,unset
2026-06-04T01:38:37.167,6179388,4,0.003,0.0051333333333333335,0.0,60.0,5000,132.0,0,0.0,0.0,0,0.0,0.0,2726,-,Belum ditandai,unset
2026-06-04T01:38:37.668,6179874,3,0.0031333333333333335,0.005266666666666667,0.0,60.0,5000,132.0,0,0.0,0.0,0,0.0,0.0,2727,-,Belum ditandai,unset
2026-06-04T01:38:38.168,6180394,3,0.0030666666666666668,0.0052,0.0,60.0,5000,132.0,0,0.0,0.0,0,0.0,0.0,2727,-,Belum ditandai,unset
2026-06-04T01:38:38.669,6180880,3,0.0031333333333333335,0.005266666666666667,0.0,60.0,5000,132.0,0,0.0,0.0,0,0.0,0.0,2728,-,Belum ditandai,unset
2026-06-04T01:38:39.170,6181400,3,0.0023333333333333335,0.004333333333333333,0.0,60.0,5000,132.0,0,0.0,0.0,0,0.0,0.0,2728,-,Belum ditandai,unset
2026-06-04T01:38:39.671,6181886,3,0.0022,0.0042,0.0,60.0,5000,132.0,0,0.0,0.0,0,0.0,0.0,2729,-,Belum ditandai,unset
2026-06-04T01:38:40.169,6182406,3,0.0021333333333333334,0.0041333333333333335,0.0,60.0,5000,132.0,0,0.0,0.0,0,0.0,0.0,2729,-,Belum ditandai,unset
2026-06-04T01:38:40.669,6182892,4,0.0024000000000000002,0.0044,0.0,60.0,5000,132.0,0,0.0,0.0,0,0.0,0.0,2730,-,Belum ditandai,unset
2026-06-04T01:38:41.173,6183412,3,0.0024000000000000002,0.0044,0.0,60.0,5000,132.0,0,0.0,0.0,0,0.0,0.0,2730,-,Belum ditandai,unset
2026-06-04T01:38:41.672,6183898,3,0.0027333333333333333,0.004866666666666667,0.0,60.0,5000,132.0,0,0.0,0.0,0,0.0,0.0,2731,-,Belum ditandai,unset
2026-06-04T01:38:42.171,6184418,4,0.0027333333333333333,0.004866666666666667,0.0,60.0,5000,132.0,0,0.0,0.0,0,0.0,0.0,2731,-,Belum ditandai,unset
