pc_timestamp,stm32_ms,adc_raw,adc_voltage_v,sensor_voltage_v,pressure_bar,duty_percent,frequency_hz,estimated_output_rms_v,jsy_online,jsy_voltage_rms_v,jsy_current_rms_a,jsy_voltage_raw_v,jsy_current_raw_a,jsy_active_power_w,jsy_power_factor,jsy_energy_kwh,jsy_error_count,nn_mode,nn_duty_percent,valve_open_count,valve_state_label,valve_phase,setpoint_bar,episode_id,is_decision,event
2026-07-02T19:24:13.726,162327,8,0.0084,0.008,0.0,50.0,5000,110.0,0,0.0,0.0,0.0,0.0,0,0.0,0.0,161,0,0.0,2,2 keran stabil,stable,0.3,1,0,
2026-07-02T19:24:14.257,162847,11,0.0054666666666666665,0.0078,0.0,50.0,5000,110.0,0,0.0,0.0,0.0,0.0,0,0.0,0.0,161,0,0.0,2,2 keran stabil,stable,0.3,1,0,
2026-07-02T19:24:14.790,163437,4,0.0057333333333333325,0.0082,0.0,50.0,5000,110.0,0,0.0,0.0,0.0,0.0,0,0.0,0.0,162,0,0.0,2,2 keran stabil,stable,0.3,1,0,
2026-07-02T19:24:15.357,163957,5,0.006666666666666667,0.0082,0.0,50.0,5000,110.0,0,0.0,0.0,0.0,0.0,0,0.0,0.0,162,0,0.0,2,2 keran stabil,stable,0.3,1,0,
2026-07-02T19:24:15.920,164547,8,0.007,0.008,0.0,50.0,5000,110.0,0,0.0,0.0,0.0,0.0,0,0.0,0.0,163,0,0.0,2,2 keran stabil,stable,0.3,1,0,
2026-07-02T19:24:16.609,165241,16,0.0072,0.007466666666666667,0.0,50.0,5000,110.0,0,0.0,0.0,0.0,0.0,0,0.0,0.0,164,0,0.0,2,2 keran stabil,stable,0.3,1,0,
2026-07-02T19:24:17.112,165761,1,0.0052,0.008666666666666666,0.0,50.0,5000,110.0,0,0.0,0.0,0.0,0.0,0,0.0,0.0,164,0,0.0,2,2 keran stabil,stable,0.3,1,0,
2026-07-02T19:24:17.615,166247,6,0.0048,0.0084,0.0,50.0,5000,110.0,0,0.0,0.0,0.0,0.0,0,0.0,0.0,165,0,0.0,2,2 keran stabil,stable,0.3,1,0,
2026-07-02T19:24:18.113,166767,4,0.004600000000000001,0.008533333333333334,0.0,50.0,5000,110.0,0,0.0,0.0,0.0,0.0,0,0.0,0.0,165,0,0.0,2,2 keran stabil,stable,0.3,1,0,
2026-07-02T19:24:18.615,167253,5,0.0038,0.007866666666666666,0.0,50.0,5000,110.0,0,0.0,0.0,0.0,0.0,0,0.0,0.0,166,0,0.0,2,2 keran stabil,stable,0.3,1,0,
2026-07-02T19:24:19.115,167776,408,0.20126666666666668,0.22893333333333332,0.36926666666666663,50.0,5000,110.0,0,0.0,0.0,0.0,0.0,0,0.0,0.0,166,0,0.0,2,2 keran stabil,stable,0.3,1,0,
2026-07-02T19:24:19.680,168301,414,0.31120000000000003,0.3920666666666667,0.37546666666666667,50.0,5000,110.0,1,0.0,0.0,0.0,0.0,0,0.0,0.0,166,0,0.0,2,2 keran stabil,stable,0.3,1,0,
2026-07-02T19:24:20.184,168826,421,0.4222666666666667,0.5542,0.37900000000000006,50.0,5000,110.0,1,0.0,0.0,0.0,0.0,0,0.0,0.0,166,0,0.0,2,2 keran stabil,stable,0.3,1,0,
2026-07-02T19:24:20.750,169368,420,0.33480000000000004,0.494,0.012733333333333334,50.0,5000,110.0,1,0.0,0.0,0.0,0.024,0,0.0,0.07,166,0,0.0,2,2 keran stabil,stable,0.3,1,0,
2026-07-02T19:24:21.267,169893,416,0.3370666666666667,0.4934,0.009933333333333332,50.0,5000,110.0,1,0.0,0.0,0.0,0.024,0,0.0,0.07,166,0,0.0,2,2 keran stabil,stable,0.3,1,0,
2026-07-02T19:24:21.770,170416,418,0.3373333333333334,0.49393333333333334,0.010666666666666666,50.0,5000,110.0,1,0.0,0.0,0.0,0.0,0,0.0,0.07,166,0,0.0,2,2 keran stabil,stable,0.3,1,0,
2026-07-02T19:24:22.269,170941,394,0.32920000000000005,0.49166666666666664,0.011000000000000001,50.0,5000,110.0,1,0.0,0.0,0.0,0.0,0,0.0,0.07,166,0,0.0,2,2 keran stabil,stable,0.3,1,0,
2026-07-02T19:24:22.774,171398,418,0.32780000000000004,0.49046666666666666,0.010866666666666667,50.0,5000,110.0,1,0.0,0.0,0.0,0.0,0,0.0,0.07,166,0,0.0,2,2 keran stabil,stable,0.3,1,0,
2026-07-02T19:24:23.274,171923,406,0.32553333333333334,0.4892,0.01,50.0,5000,110.0,1,0.0,0.0,0.0,0.0,0,0.0,0.07,166,0,0.0,2,2 keran stabil,stable,0.3,1,0,
2026-07-02T19:24:23.772,172393,426,0.32693333333333335,0.4895333333333333,0.01,50.0,5000,110.0,1,0.0,0.0,0.0,0.0,0,0.0,0.07,166,0,0.0,2,2 keran stabil,stable,0.3,1,0,
2026-07-02T19:24:24.273,172918,410,0.3354666666666667,0.49346666666666666,0.011733333333333335,50.0,5000,110.0,1,0.0,0.0,0.0,0.0,0,0.0,0.07,166,0,0.0,2,2 keran stabil,stable,0.3,1,0,
2026-07-02T19:24:24.770,173440,412,0.33540000000000003,0.4936,0.011733333333333335,50.0,5000,110.0,1,0.0,0.0,0.78,0.0,0,0.0,0.07,166,0,0.0,2,2 keran stabil,stable,0.3,1,0,
2026-07-02T19:24:25.332,173965,418,0.3346,0.49273333333333336,0.011533333333333333,50.0,5000,110.0,1,0.0,0.0,0.78,0.0,0,0.0,0.07,166,0,0.0,2,2 keran stabil,stable,0.3,1,0,
2026-07-02T19:24:25.895,174527,418,0.33553333333333335,0.49179999999999996,0.009533333333333333,50.0,5000,110.0,1,0.0,0.0,7.97,0.025,0,0.0,0.07,166,0,0.0,2,2 keran stabil,stable,0.3,1,0,
2026-07-02T19:24:26.458,175101,422,0.33393333333333336,0.4915333333333333,0.009399999999999999,50.0,5000,110.0,1,6.97,0.0,18.26,0.08,1,0.684,0.07,166,0,0.0,2,2 keran stabil,stable,0.3,1,0,
2026-07-02T19:24:26.960,175630,418,0.3337333333333333,0.49233333333333335,0.009533333333333333,50.0,5000,110.0,1,6.97,0.0,18.26,0.08,1,0.684,0.07,166,0,0.0,2,2 keran stabil,stable,0.3,1,0,
2026-07-02T19:24:27.459,176106,398,0.33253333333333335,0.492,0.009733333333333333,50.0,5000,110.0,1,7.5,0.0,18.77,0.083,1,0.641,0.07,166,0,0.0,2,2 keran stabil,stable,0.3,1,0,
2026-07-02T19:24:27.964,176636,419,0.3360666666666667,0.49246666666666666,0.0098,50.0,5000,110.0,1,7.5,0.0,18.77,0.083,1,0.641,0.07,166,0,0.0,2,2 keran stabil,stable,0.3,1,0,
2026-07-02T19:24:28.464,177111,418,0.3363333333333333,0.4938666666666666,0.010066666666666666,50.0,5000,110.0,1,16.42,0.049,27.24,0.134,3,0.821,0.07,166,0,0.0,2,2 keran stabil,stable,0.3,1,0,
2026-07-02T19:24:28.967,177641,435,0.33640000000000003,0.49420000000000003,0.010466666666666668,50.0,5000,110.0,1,16.42,0.049,27.24,0.134,3,0.821,0.07,166,0,0.0,2,2 keran stabil,stable,0.3,1,0,
2026-07-02T19:24:29.468,178116,425,0.3376,0.49393333333333334,0.010266666666666667,50.0,5000,110.0,1,29.89,0.125,40.02,0.209,7,0.836,0.07,166,0,0.0,2,2 keran stabil,stable,0.3,1,0,
2026-07-02T19:24:29.969,178646,424,0.33753333333333335,0.4935333333333333,0.0104,50.0,5000,110.0,1,29.89,0.125,40.02,0.209,7,0.836,0.07,166,0,0.0,2,2 keran stabil,stable,0.3,1,0,
2026-07-02T19:24:30.469,179120,419,0.3392666666666667,0.49266666666666664,0.011333333333333332,50.0,5000,110.0,1,39.58,0.181,49.22,0.264,12,0.923,0.07,166,0,0.0,2,2 keran stabil,stable,0.3,1,0,
2026-07-02T19:24:30.967,179651,437,0.33973333333333333,0.49426666666666663,0.011399999999999999,50.0,5000,110.0,1,39.58,0.181,49.22,0.264,12,0.923,0.07,166,0,0.0,2,2 keran stabil,stable,0.3,1,0,
2026-07-02T19:24:31.465,180125,420,0.3387333333333334,0.4935333333333333,0.012,50.0,5000,110.0,1,51.99,0.253,61.0,0.335,19,0.929,0.07,166,0,0.0,2,2 keran stabil,stable,0.3,1,0,
2026-07-02T19:24:31.967,180655,346,0.33386666666666664,0.493,0.011000000000000001,50.0,5000,110.0,1,51.99,0.253,61.0,0.335,19,0.929,0.07,166,0,0.0,2,2 keran stabil,stable,0.3,1,0,
2026-07-02T19:24:32.467,181130,417,0.3330666666666667,0.4921333333333333,0.010933333333333333,50.0,5000,110.0,1,79.08,0.412,86.72,0.492,40,0.937,0.07,166,0,0.0,2,2 keran stabil,stable,0.3,1,0,
2026-07-02T19:24:32.966,181660,418,0.33260000000000006,0.4921333333333333,0.01,50.0,5000,110.0,1,79.08,0.412,86.72,0.492,40,0.937,0.07,166,0,0.0,2,2 keran stabil,stable,0.3,1,0,
2026-07-02T19:24:33.466,182135,420,0.3314666666666667,0.4920666666666667,0.01,50.0,5000,110.0,1,99.35,0.533,105.96,0.611,61,0.942,0.07,166,0,0.0,2,2 keran stabil,stable,0.3,1,0,
2026-07-02T19:24:33.969,182665,420,0.3362,0.4932666666666667,0.010733333333333334,50.0,5000,110.0,1,99.35,0.533,105.96,0.611,61,0.942,0.07,166,0,0.0,2,2 keran stabil,stable,0.3,1,0,
2026-07-02T19:24:34.466,183139,423,0.3373333333333334,0.4937333333333333,0.010733333333333334,50.0,5000,110.0,1,104.98,0.566,111.31,0.644,68,0.948,0.07,166,0,0.0,2,2 keran stabil,stable,0.3,1,0,
2026-07-02T19:24:34.969,183670,421,0.33813333333333334,0.49393333333333334,0.010333333333333333,50.0,5000,110.0,1,104.98,0.566,111.31,0.644,68,0.948,0.07,166,0,0.0,2,2 keran stabil,stable,0.3,1,0,
2026-07-02T19:24:35.556,184251,421,0.3377333333333334,0.494,0.009666666666666665,50.0,5000,110.0,1,106.05,0.572,112.32,0.65,69,0.945,0.07,166,0,0.0,2,2 keran stabil,stable,0.3,1,0,
2026-07-02T19:24:36.062,184781,414,0.3360666666666667,0.49279999999999996,0.009733333333333333,50.0,5000,110.0,1,106.05,0.572,112.32,0.65,69,0.945,0.07,166,0,0.0,2,2 keran stabil,stable,0.3,1,0,
2026-07-02T19:24:36.586,185256,422,0.3360666666666667,0.49246666666666666,0.01,50.0,5000,110.0,1,106.92,0.576,113.15,0.654,70,0.945,0.07,166,0,0.0,2,2 keran stabil,stable,0.3,1,0,
2026-07-02T19:24:37.081,185786,408,0.332,0.491,0.0104,50.0,5000,110.0,1,106.92,0.576,113.15,0.654,70,0.945,0.07,166,0,0.0,2,2 keran stabil,stable,0.3,1,0,
2026-07-02T19:24:37.571,186260,412,0.3326,0.4918666666666667,0.010333333333333333,50.0,5000,110.0,1,106.88,0.575,113.11,0.653,70,0.947,0.07,166,0,0.0,2,2 keran stabil,stable,0.3,1,0,
2026-07-02T19:24:38.185,186897,413,0.3316666666666667,0.49126666666666663,0.009933333333333332,65.0,5000,143.0,1,106.88,0.575,113.11,0.653,70,0.947,0.07,166,0,0.0,2,2 keran stabil,stable,0.3,1,0,
2026-07-02T19:24:38.758,187477,440,0.3394666666666667,0.4957333333333333,0.014066666666666667,65.0,5000,143.0,1,131.4,0.733,136.39,0.808,107,0.97,0.07,166,0,0.0,2,2 keran stabil,stable,0.3,1,0,
2026-07-02T19:24:39.299,188007,438,0.34600000000000003,0.505,0.033,65.0,5000,143.0,1,131.4,0.733,136.39,0.808,107,0.97,0.07,166,0,0.0,2,2 keran stabil,stable,0.3,1,0,
2026-07-02T19:24:39.800,188482,427,0.3498,0.511,0.040466666666666665,65.0,5000,143.0,1,139.07,0.723,143.67,0.799,112,0.975,0.07,166,0,0.0,2,2 keran stabil,stable,0.3,1,0,
2026-07-02T19:24:40.296,189012,423,0.35126666666666667,0.5143333333333333,0.04666666666666666,65.0,5000,143.0,1,139.07,0.723,143.67,0.799,112,0.975,0.07,166,0,0.0,2,2 keran stabil,stable,0.3,1,0,
2026-07-02T19:24:40.796,189487,437,0.3495333333333333,0.5112,0.03793333333333334,65.0,5000,143.0,1,139.49,0.734,144.07,0.809,114,0.978,0.07,166,0,0.0,2,2 keran stabil,stable,0.3,1,0,
2026-07-02T19:24:41.297,190017,427,0.34726666666666667,0.5088,0.03106666666666667,65.0,5000,143.0,1,139.49,0.734,144.07,0.809,114,0.978,0.07,166,0,0.0,2,2 keran stabil,stable,0.3,1,0,
2026-07-02T19:24:41.803,190492,450,0.3505333333333333,0.5124,0.0406,65.0,5000,143.0,1,139.26,0.707,143.85,0.783,110,0.976,0.07,166,0,0.0,2,2 keran stabil,stable,0.3,1,0,
2026-07-02T19:24:42.331,191022,450,0.35373333333333334,0.5179333333333334,0.055799999999999995,65.0,5000,143.0,1,139.26,0.707,143.85,0.783,110,0.976,0.07,166,0,0.0,2,2 keran stabil,stable,0.3,1,0,
2026-07-02T19:24:42.878,191602,434,0.35873333333333335,0.5250666666666667,0.07626666666666666,65.0,5000,143.0,1,139.12,0.704,143.72,0.78,109,0.972,0.07,166,0,0.0,2,2 keran stabil,stable,0.3,1,0,
2026-07-02T19:24:43.437,192187,440,0.3578666666666666,0.5241333333333333,0.07353333333333333,65.0,5000,143.0,1,139.09,0.751,143.69,0.826,116,0.977,0.07,166,0,0.0,2,2 keran stabil,stable,0.3,1,0,
2026-07-02T19:24:43.971,192718,444,0.35606666666666664,0.5208666666666667,0.06453333333333333,65.0,5000,143.0,1,139.09,0.751,143.69,0.826,116,0.977,0.07,166,0,0.0,2,2 keran stabil,stable,0.3,1,0,
2026-07-02T19:24:44.565,193304,447,0.35419999999999996,0.5168,0.05313333333333333,65.0,5000,143.0,1,139.02,0.744,143.62,0.819,115,0.977,0.07,166,0,0.0,2,2 keran stabil,stable,0.3,1,0,
2026-07-02T19:24:45.130,193834,433,0.35286666666666666,0.5152666666666667,0.05053333333333333,65.0,5000,143.0,1,139.02,0.744,143.62,0.819,115,0.977,0.07,166,0,0.0,2,2 keran stabil,stable,0.3,1,0,
2026-07-02T19:24:45.659,194415,437,0.35233333333333333,0.5154666666666666,0.0506,65.0,5000,143.0,1,139.07,0.746,143.67,0.821,115,0.974,0.07,166,0,0.0,2,2 keran stabil,stable,0.3,1,0,
2026-07-02T19:24:46.219,194945,442,0.3485333333333333,0.5142,0.04906666666666667,65.0,5000,143.0,1,139.07,0.746,143.67,0.821,115,0.974,0.07,166,0,0.0,2,2 keran stabil,stable,0.3,1,0,
2026-07-02T19:24:46.783,195525,460,0.351,0.5159333333333334,0.05206666666666667,65.0,5000,143.0,1,139.01,0.744,143.61,0.819,115,0.977,0.07,166,0,0.0,2,2 keran stabil,stable,0.3,1,0,
2026-07-02T19:24:47.346,196055,431,0.35206666666666664,0.5167333333333334,0.05333333333333334,65.0,5000,143.0,1,139.01,0.744,143.61,0.819,115,0.977,0.07,166,0,0.0,2,2 keran stabil,stable,0.3,1,0,
2026-07-02T19:24:47.909,196636,429,0.3549333333333333,0.5176666666666667,0.05346666666666667,65.0,5000,143.0,1,139.1,0.745,143.7,0.82,115,0.975,0.07,166,0,0.0,2,2 keran stabil,stable,0.3,1,0,
2026-07-02T19:24:48.472,197216,435,0.35259999999999997,0.5174,0.0526,65.0,5000,143.0,1,139.09,0.745,143.69,0.82,115,0.976,0.07,166,0,0.0,2,2 keran stabil,stable,0.3,1,0,
2026-07-02T19:24:49.004,197747,438,0.3510666666666667,0.5164666666666666,0.050333333333333334,65.0,5000,143.0,1,139.09,0.745,143.69,0.82,115,0.976,0.07,166,0,0.0,2,2 keran stabil,stable,0.3,1,0,
2026-07-02T19:24:49.505,198221,442,0.35046666666666665,0.5163333333333333,0.0506,65.0,5000,143.0,1,139.14,0.744,143.73,0.819,115,0.976,0.07,166,0,0.0,2,2 keran stabil,stable,0.3,1,0,
2026-07-02T19:24:50.006,198752,444,0.3527333333333333,0.5155333333333334,0.04753333333333333,65.0,5000,143.0,1,139.14,0.744,143.73,0.819,115,0.976,0.07,166,0,0.0,2,2 keran stabil,stable,0.3,1,0,
2026-07-02T19:24:50.511,199226,438,0.35006666666666664,0.5148666666666667,0.047266666666666665,65.0,5000,143.0,1,139.05,0.743,143.65,0.818,115,0.978,0.07,166,0,0.0,2,2 keran stabil,stable,0.3,1,0,
2026-07-02T19:24:51.013,199756,435,0.34919999999999995,0.5137333333333334,0.044333333333333336,65.0,5000,143.0,1,139.05,0.743,143.65,0.818,115,0.978,0.07,166,0,0.0,2,2 keran stabil,stable,0.3,1,0,
2026-07-02T19:24:51.513,200230,439,0.3484,0.5129333333333334,0.04293333333333334,65.0,5000,143.0,1,139.08,0.743,143.68,0.818,114,0.969,0.07,166,0,0.0,2,2 keran stabil,stable,0.3,1,0,
2026-07-02T19:24:52.012,200761,445,0.3506666666666666,0.5138,0.04426666666666666,65.0,5000,143.0,1,139.08,0.743,143.68,0.818,114,0.969,0.07,166,0,0.0,2,2 keran stabil,stable,0.3,1,0,
2026-07-02T19:24:52.510,201235,444,0.35126666666666667,0.5121333333333333,0.04373333333333333,65.0,5000,143.0,1,138.98,0.742,143.58,0.817,114,0.971,0.07,166,0,0.0,2,2 keran stabil,stable,0.3,1,0,
2026-07-02T19:24:53.010,201766,440,0.351,0.5130666666666667,0.045000000000000005,65.0,5000,143.0,1,138.98,0.742,143.58,0.817,114,0.971,0.07,166,0,0.0,2,2 keran stabil,stable,0.3,1,0,
2026-07-02T19:24:53.511,202240,439,0.35093333333333326,0.5108666666666667,0.0422,65.0,5000,143.0,1,139.16,0.743,143.75,0.818,115,0.977,0.07,166,0,0.0,2,2 keran stabil,stable,0.3,1,0,
2026-07-02T19:24:54.015,202771,439,0.35059999999999997,0.5126000000000001,0.0428,65.0,5000,143.0,1,139.16,0.743,143.75,0.818,115,0.977,0.07,166,0,0.0,2,2 keran stabil,stable,0.3,1,0,
2026-07-02T19:24:54.515,203245,434,0.3485333333333333,0.5119333333333334,0.040799999999999996,65.0,5000,143.0,1,139.21,0.742,143.8,0.817,115,0.978,0.07,166,0,0.0,2,2 keran stabil,stable,0.3,1,0,
2026-07-02T19:24:55.111,203882,442,0.3439333333333333,0.5108,0.03933333333333333,65.0,5000,143.0,1,139.21,0.742,143.8,0.817,115,0.978,0.07,166,0,0.0,2,2 keran stabil,stable,0.3,1,0,
2026-07-02T19:24:55.615,204356,441,0.3455333333333333,0.5112,0.0412,65.0,5000,143.0,1,139.02,0.741,143.62,0.816,114,0.972,0.07,166,0,0.0,2,2 keran stabil,stable,0.3,1,0,
2026-07-02T19:24:56.116,204886,423,0.34646666666666665,0.5115333333333333,0.042333333333333334,65.0,5000,143.0,1,139.02,0.741,143.62,0.816,114,0.972,0.07,166,0,0.0,2,2 keran stabil,stable,0.3,1,0,
2026-07-02T19:24:56.619,205361,439,0.35259999999999997,0.5139333333333334,0.0442,65.0,5000,143.0,1,139.05,0.74,143.65,0.815,114,0.973,0.07,166,0,0.0,2,2 keran stabil,stable,0.3,1,0,
2026-07-02T19:24:57.121,205891,434,0.35086666666666666,0.5138,0.04393333333333334,65.0,5000,143.0,1,139.05,0.74,143.65,0.815,114,0.973,0.07,166,0,0.0,2,2 keran stabil,stable,0.3,1,0,
2026-07-02T19:24:57.683,206472,431,0.3502,0.5138666666666667,0.04373333333333333,65.0,5000,143.0,1,138.91,0.738,143.52,0.813,114,0.977,0.07,166,0,0.0,2,2 keran stabil,stable,0.3,1,0,
2026-07-02T19:24:58.242,207002,361,0.34579999999999994,0.5134000000000001,0.04493333333333334,65.0,5000,143.0,1,138.91,0.738,143.52,0.813,114,0.977,0.07,166,0,0.0,2,2 keran stabil,stable,0.3,1,0,
2026-07-02T19:24:58.803,207583,444,0.3468666666666666,0.514,0.046799999999999994,65.0,5000,143.0,1,138.91,0.738,143.52,0.813,114,0.977,0.07,166,0,0.0,2,2 keran stabil,stable,0.3,1,0,
2026-07-02T19:24:59.309,208113,411,0.34619999999999995,0.5144666666666667,0.0484,65.0,5000,143.0,1,138.91,0.738,143.52,0.813,114,0.977,0.07,166,0,0.0,2,2 keran stabil,stable,0.3,1,0,
2026-07-02T19:24:59.811,208588,448,0.35,0.5162666666666667,0.054,65.0,5000,143.0,1,139.01,0.737,143.61,0.812,114,0.977,0.07,166,0,0.0,2,2 keran stabil,stable,0.3,1,0,
2026-07-02T19:25:00.314,209118,416,0.35253333333333337,0.5175333333333333,0.055266666666666665,65.0,5000,143.0,1,139.01,0.737,143.61,0.812,114,0.977,0.07,166,0,0.0,2,2 keran stabil,stable,0.3,1,0,
2026-07-02T19:25:00.816,209592,443,0.3524,0.5172,0.054599999999999996,65.0,5000,143.0,1,139.14,0.737,143.73,0.812,114,0.976,0.07,166,0,0.0,2,2 keran stabil,stable,0.3,1,0,
2026-07-02T19:25:01.320,210122,428,0.35046666666666665,0.5170666666666667,0.0524,65.0,5000,143.0,1,139.14,0.737,143.73,0.812,114,0.976,0.07,166,0,0.0,2,2 keran stabil,stable,0.3,1,0,
2026-07-02T19:25:01.823,210597,423,0.3496666666666667,0.5154,0.047599999999999996,65.0,5000,143.0,1,139.21,0.737,143.8,0.812,114,0.976,0.07,166,0,0.0,2,2 keran stabil,stable,0.3,1,0,
2026-07-02T19:25:02.326,211127,430,0.35219999999999996,0.5146666666666667,0.0458,65.0,5000,143.0,1,139.21,0.737,143.8,0.812,114,0.976,0.07,166,0,0.0,2,2 keran stabil,stable,0.3,1,0,
2026-07-02T19:25:02.827,211602,422,0.3516,0.514,0.0446,65.0,5000,143.0,1,139.19,0.737,143.78,0.812,114,0.976,0.07,166,0,0.0,2,2 keran stabil,stable,0.3,1,0,
2026-07-02T19:25:03.328,212132,427,0.3484,0.5114,0.039066666666666666,65.0,5000,143.0,1,139.19,0.737,143.78,0.812,114,0.976,0.07,166,0,0.0,2,2 keran stabil,stable,0.3,1,0,
2026-07-02T19:25:03.826,212606,422,0.34659999999999996,0.5094,0.034133333333333335,65.0,5000,143.0,1,139.28,0.737,143.87,0.812,114,0.975,0.07,166,0,0.0,2,2 keran stabil,stable,0.3,1,0,
2026-07-02T19:25:04.326,213136,434,0.3449333333333333,0.5075333333333334,0.0302,65.0,5000,143.0,1,139.28,0.737,143.87,0.812,114,0.975,0.07,166,0,0.0,2,2 keran stabil,stable,0.3,1,0,
2026-07-02T19:25:04.826,213611,415,0.346,0.5071333333333333,0.029,65.0,5000,143.0,1,139.49,0.705,144.07,0.781,110,0.977,0.07,166,0,0.0,2,2 keran stabil,stable,0.3,1,0,
2026-07-02T19:25:05.324,214141,436,0.34613333333333335,0.5061333333333333,0.029133333333333334,65.0,5000,143.0,1,139.49,0.705,144.07,0.781,110,0.977,0.07,166,0,0.0,2,2 keran stabil,stable,0.3,1,0,
2026-07-02T19:25:05.826,214616,438,0.3473333333333333,0.5072666666666666,0.03006666666666667,65.0,5000,143.0,1,139.38,0.696,143.96,0.772,108,0.971,0.07,166,0,0.0,2,2 keran stabil,stable,0.3,1,0,
2026-07-02T19:25:06.325,215146,447,0.3494,0.51,0.038066666666666665,65.0,5000,143.0,1,139.38,0.696,143.96,0.772,108,0.971,0.07,166,0,0.0,2,2 keran stabil,stable,0.3,1,0,
2026-07-02T19:25:06.825,215620,422,0.3510666666666667,0.5150666666666667,0.048666666666666664,65.0,5000,143.0,1,139.37,0.678,143.95,0.754,106,0.976,0.07,166,0,0.0,2,2 keran stabil,stable,0.3,1,0,
2026-07-02T19:25:07.323,216150,441,0.35233333333333333,0.5155333333333334,0.050666666666666665,65.0,5000,143.0,1,139.37,0.678,143.95,0.754,106,0.976,0.07,166,0,0.0,2,2 keran stabil,stable,0.3,1,0,
2026-07-02T19:25:07.829,216625,432,0.3502666666666666,0.5146000000000001,0.04666666666666666,65.0,5000,143.0,1,139.39,0.699,143.97,0.775,109,0.976,0.07,166,0,0.0,2,2 keran stabil,stable,0.3,1,0,
2026-07-02T19:25:08.330,217155,445,0.35306666666666664,0.5146666666666667,0.04666666666666666,65.0,5000,143.0,1,139.39,0.699,143.97,0.775,109,0.976,0.07,166,0,0.0,2,2 keran stabil,stable,0.3,1,0,
2026-07-02T19:25:08.831,217630,433,0.354,0.5152666666666667,0.04713333333333333,65.0,5000,143.0,1,139.64,0.693,144.21,0.769,108,0.973,0.07,166,0,0.0,2,2 keran stabil,stable,0.3,1,0,
2026-07-02T19:25:09.328,218160,435,0.35219999999999996,0.5138666666666667,0.04386666666666667,65.0,5000,143.0,1,139.64,0.693,144.21,0.769,108,0.973,0.07,166,0,0.0,2,2 keran stabil,stable,0.3,1,0,
2026-07-02T19:25:09.924,218740,445,0.34913333333333335,0.5111333333333333,0.0384,65.0,5000,143.0,1,139.73,0.694,144.29,0.77,108,0.972,0.07,166,0,0.0,2,2 keran stabil,stable,0.3,1,0,
2026-07-02T19:25:10.514,219320,445,0.3502666666666666,0.5112666666666666,0.039466666666666664,65.0,5000,143.0,1,139.75,0.689,144.31,0.765,108,0.978,0.07,166,0,0.0,2,2 keran stabil,stable,0.3,1,0,
2026-07-02T19:25:11.021,219851,427,0.35086666666666666,0.5130666666666667,0.0432,65.0,5000,143.0,1,139.75,0.689,144.31,0.765,108,0.978,0.07,166,0,0.0,2,2 keran stabil,stable,0.3,1,0,
2026-07-02T19:25:11.585,220432,429,0.35059999999999997,0.5134000000000001,0.042666666666666665,65.0,5000,143.0,1,139.7,0.693,144.27,0.769,108,0.973,0.07,166,0,0.0,2,2 keran stabil,stable,0.3,1,0,
2026-07-02T19:25:12.148,220962,443,0.34959999999999997,0.5134666666666666,0.04206666666666667,65.0,5000,143.0,1,139.7,0.693,144.27,0.769,108,0.973,0.07,166,0,0.0,2,2 keran stabil,stable,0.3,1,0,
2026-07-02T19:25:12.726,221543,440,0.35,0.5145333333333333,0.046,65.0,5000,143.0,1,139.63,0.693,144.2,0.769,108,0.973,0.07,166,0,0.0,2,2 keran stabil,stable,0.3,1,0,
2026-07-02T19:25:13.259,222073,445,0.3516666666666666,0.5141333333333333,0.0462,65.0,5000,143.0,1,139.63,0.693,144.2,0.769,108,0.973,0.07,166,0,0.0,2,2 keran stabil,stable,0.3,1,0,
2026-07-02T19:25:13.853,222653,406,0.34793333333333337,0.5114,0.04406666666666667,50.0,5000,110.0,1,139.34,0.692,143.92,0.768,108,0.977,0.07,166,0,0.0,2,2 keran stabil,stable,0.3,1,0,
2026-07-02T19:25:14.353,223183,392,0.33813333333333334,0.49593333333333334,0.029666666666666668,50.0,5000,110.0,1,139.34,0.692,143.92,0.768,108,0.977,0.07,166,0,0.0,2,2 keran stabil,stable,0.3,1,0,
2026-07-02T19:25:14.853,223658,396,0.3298666666666667,0.4835333333333333,0.022866666666666667,50.0,5000,110.0,1,108.3,0.545,114.46,0.623,68,0.953,0.07,166,0,0.0,2,2 keran stabil,stable,0.3,1,0,
2026-07-02T19:25:15.354,224188,402,0.3218666666666667,0.4688666666666667,0.01,50.0,5000,110.0,1,108.3,0.545,114.46,0.623,68,0.953,0.07,166,0,0.0,2,2 keran stabil,stable,0.3,1,0,
2026-07-02T19:25:15.852,224663,409,0.3222,0.4686666666666667,0.01,50.0,5000,110.0,1,68.32,0.336,76.5,0.417,30,0.94,0.07,166,0,0.0,2,2 keran stabil,stable,0.3,1,0,
2026-07-02T19:25:16.352,225193,409,0.3232666666666667,0.4716666666666667,0.0098,50.0,5000,110.0,1,68.32,0.336,76.5,0.417,30,0.94,0.07,166,0,0.0,2,2 keran stabil,stable,0.3,1,0,
2026-07-02T19:25:16.853,225664,387,0.323,0.47046666666666664,0.009533333333333333,50.0,5000,110.0,1,0.0,0.0,1.1,0.0,0,0.0,0.07,166,0,0.0,2,2 keran stabil,stable,0.3,1,0,
2026-07-02T19:25:17.352,226189,403,0.3218,0.4704,0.009199999999999998,50.0,5000,110.0,1,0.0,0.0,1.1,0.0,0,0.0,0.07,166,0,0.0,2,2 keran stabil,stable,0.3,1,0,
2026-07-02T19:25:17.853,226712,423,0.323,0.47086666666666666,0.009,50.0,5000,110.0,1,0.0,0.0,0.0,0.0,0,0.0,0.07,166,0,0.0,2,2 keran stabil,stable,0.3,1,0,
2026-07-02T19:25:18.414,227237,407,0.324,0.4734,0.009066666666666666,50.0,5000,110.0,1,0.0,0.0,0.0,0.0,0,0.0,0.07,166,0,0.0,2,2 keran stabil,stable,0.3,1,0,
2026-07-02T19:25:18.979,227799,386,0.32453333333333334,0.47213333333333335,0.009399999999999999,50.0,5000,110.0,1,0.0,0.0,0.0,0.0,0,0.0,0.07,166,0,0.0,2,2 keran stabil,stable,0.3,1,0,
2026-07-02T19:25:19.547,228373,417,0.3236,0.47206666666666663,0.009866666666666666,50.0,5000,110.0,1,0.0,0.0,0.0,0.0,0,0.0,0.07,166,0,0.0,2,2 keran stabil,stable,0.3,1,0,
2026-07-02T19:25:20.047,228899,402,0.3224666666666666,0.4704,0.010133333333333333,50.0,5000,110.0,1,0.0,0.0,0.0,0.0,0,0.0,0.07,166,0,0.0,2,2 keran stabil,stable,0.3,1,0,
2026-07-02T19:25:20.542,229421,398,0.32206666666666667,0.4715333333333333,0.010133333333333333,50.0,5000,110.0,1,0.0,0.0,0.0,0.0,0,0.0,0.07,166,0,0.0,2,2 keran stabil,stable,0.3,1,0,
2026-07-02T19:25:21.102,229946,384,0.32006666666666667,0.47046666666666664,0.01,50.0,5000,110.0,1,0.0,0.0,0.0,0.0,0,0.0,0.07,166,0,0.0,2,2 keran stabil,stable,0.3,1,0,
2026-07-02T19:25:21.667,230508,406,0.3198666666666667,0.4699333333333333,0.01,50.0,5000,110.0,1,0.0,0.0,0.0,0.0,0,0.0,0.07,166,0,0.0,2,2 keran stabil,stable,0.3,1,0,
2026-07-02T19:25:22.165,231033,406,0.3184666666666667,0.46913333333333335,0.01,50.0,5000,110.0,1,0.0,0.0,0.0,0.0,0,0.0,0.07,166,0,0.0,2,2 keran stabil,stable,0.3,1,0,
2026-07-02T19:25:22.666,231503,396,0.3177333333333333,0.46826666666666666,0.009866666666666666,50.0,5000,110.0,1,0.0,0.0,0.0,0.0,0,0.0,0.07,166,0,0.0,2,2 keran stabil,stable,0.3,1,0,
2026-07-02T19:25:23.287,232133,396,0.3184666666666667,0.4680666666666667,0.009466666666666667,50.0,5000,110.0,1,0.0,0.0,0.0,0.0,0,0.0,0.07,166,0,0.0,2,2 keran stabil,stable,0.3,1,0,
2026-07-02T19:25:23.787,232655,399,0.321,0.46900000000000003,0.009133333333333332,50.0,5000,110.0,1,0.0,0.0,0.0,0.0,0,0.0,0.07,166,0,0.0,2,2 keran stabil,stable,0.3,1,0,
2026-07-02T19:25:24.291,233180,406,0.3232666666666667,0.46913333333333335,0.009,50.0,5000,110.0,1,0.0,0.0,0.0,0.0,0,0.0,0.07,166,0,0.0,2,2 keran stabil,stable,0.3,1,0,
2026-07-02T19:25:24.791,233637,392,0.3219333333333333,0.4689333333333333,0.009,50.0,5000,110.0,1,0.0,0.0,0.0,0.0,0,0.0,0.07,166,0,0.0,2,2 keran stabil,stable,0.3,1,0,
2026-07-02T19:25:25.294,234162,382,0.31880000000000003,0.46773333333333333,0.009,50.0,5000,110.0,1,0.0,0.0,0.0,0.0,0,0.0,0.07,166,0,0.0,2,2 keran stabil,stable,0.3,1,0,
2026-07-02T19:25:25.859,234737,395,0.31806666666666666,0.46793333333333337,0.009,50.0,5000,110.0,1,0.0,0.0,0.0,0.0,0,0.0,0.07,166,0,0.0,2,2 keran stabil,stable,0.3,1,0,
2026-07-02T19:25:26.361,235262,386,0.31673333333333337,0.4672,0.009,50.0,5000,110.0,1,0.0,0.0,0.0,0.0,0,0.0,0.07,166,0,0.0,2,2 keran stabil,stable,0.3,1,0,
2026-07-02T19:25:26.924,235785,396,0.31839999999999996,0.46646666666666664,0.009,50.0,5000,110.0,1,0.0,0.0,0.0,0.0,0,0.0,0.07,166,0,0.0,2,2 keran stabil,stable,0.3,1,0,
2026-07-02T19:25:27.427,236310,386,0.3156,0.4658,0.009199999999999998,50.0,5000,110.0,1,0.0,0.0,0.0,0.0,0,0.0,0.07,166,0,0.0,2,2 keran stabil,stable,0.3,1,0,
2026-07-02T19:25:27.991,236872,393,0.3152,0.46646666666666664,0.009266666666666666,50.0,5000,110.0,1,0.0,0.0,0.0,0.0,0,0.0,0.07,166,0,0.0,2,2 keran stabil,stable,0.3,1,0,
2026-07-02T19:25:28.552,237456,382,0.3128,0.4666666666666667,0.009266666666666666,50.0,5000,110.0,1,0.0,0.0,0.0,0.0,0,0.0,0.07,166,0,0.0,2,2 keran stabil,stable,0.3,1,0,
2026-07-02T19:25:29.113,237981,398,0.3128666666666666,0.4662666666666667,0.009066666666666666,50.0,5000,110.0,1,0.0,0.0,0.0,0.0,0,0.0,0.07,166,0,0.0,2,2 keran stabil,stable,0.3,1,0,
2026-07-02T19:25:29.679,238556,395,0.31193333333333334,0.4653333333333334,0.009,50.0,5000,110.0,1,0.0,0.0,0.0,0.0,0,0.0,0.07,166,0,0.0,2,2 keran stabil,stable,0.3,1,0,
2026-07-02T19:25:30.181,239081,416,0.3158,0.4670666666666667,0.0096,50.0,5000,110.0,1,0.0,0.0,0.0,0.0,0,0.0,0.07,166,0,0.0,2,2 keran stabil,stable,0.3,1,0,
2026-07-02T19:25:30.683,239603,404,0.3186,0.46813333333333335,0.009933333333333332,50.0,5000,110.0,1,0.0,0.0,0.0,0.0,0,0.0,0.07,166,0,0.0,2,2 keran stabil,stable,0.3,1,0,
2026-07-02T19:25:31.244,240128,443,0.32166666666666666,0.46779999999999994,0.010733333333333334,50.0,5000,110.0,1,0.0,0.0,0.0,0.0,0,0.0,0.07,166,0,0.0,2,2 keran stabil,stable,0.3,1,0,
2026-07-02T19:25:31.808,240680,395,0.3204666666666667,0.4659333333333333,0.010133333333333333,50.0,5000,110.0,1,0.0,0.0,0.0,0.0,0,0.0,0.07,166,0,0.0,2,2 keran stabil,stable,0.3,1,0,
2026-07-02T19:25:32.312,241205,392,0.31586666666666663,0.4642,0.0098,50.0,5000,110.0,1,0.0,0.0,0.0,0.0,0,0.0,0.07,166,0,0.0,2,2 keran stabil,stable,0.3,1,0,
2026-07-02T19:25:32.831,241728,396,0.31493333333333334,0.46440000000000003,0.009,50.0,5000,110.0,1,0.0,0.0,0.0,0.0,0,0.0,0.07,166,0,0.0,2,2 keran stabil,stable,0.3,1,0,
2026-07-02T19:25:33.363,242253,394,0.3122,0.4642,0.009,50.0,5000,110.0,1,0.0,0.0,0.0,0.0,0,0.0,0.07,166,0,0.0,2,2 keran stabil,stable,0.3,1,0,
2026-07-02T19:25:33.916,242815,401,0.31506666666666666,0.4637333333333334,0.009,50.0,5000,110.0,1,0.0,0.0,0.0,0.0,0,0.0,0.07,166,0,0.0,2,2 keran stabil,stable,0.3,1,0,
2026-07-02T19:25:34.417,243340,392,0.3127333333333333,0.46266666666666667,0.009,50.0,5000,110.0,1,0.0,0.0,0.0,0.0,0,0.0,0.07,166,0,0.0,2,2 keran stabil,stable,0.3,1,0,
2026-07-02T19:25:34.922,243810,384,0.3136,0.4626,0.009,50.0,5000,110.0,1,0.0,0.0,0.0,0.0,0,0.0,0.07,166,0,0.0,2,2 keran stabil,stable,0.3,1,0,
2026-07-02T19:25:35.424,244335,350,0.3121333333333334,0.4626,0.009,50.0,5000,110.0,1,0.0,0.0,0.0,0.0,0,0.0,0.07,166,0,0.0,2,2 keran stabil,stable,0.3,1,0,
2026-07-02T19:25:35.923,244858,385,0.31253333333333333,0.4620666666666667,0.009,50.0,5000,110.0,1,0.0,0.0,0.0,0.0,0,0.0,0.07,166,0,0.0,2,2 keran stabil,stable,0.3,1,0,
2026-07-02T19:25:36.488,245383,386,0.31373333333333336,0.462,0.009,50.0,5000,110.0,1,0.0,0.0,0.0,0.0,0,0.0,0.07,166,0,0.0,2,2 keran stabil,stable,0.3,1,0,
2026-07-02T19:25:37.054,245944,393,0.3154666666666667,0.4611333333333334,0.009,50.0,5000,110.0,1,0.0,0.0,0.0,0.0,0,0.0,0.07,166,0,0.0,2,2 keran stabil,stable,0.3,1,0,
2026-07-02T19:25:37.622,246519,429,0.3185333333333334,0.4595333333333334,0.009066666666666666,50.0,5000,110.0,1,0.0,0.0,0.0,0.0,0,0.0,0.07,166,0,0.0,2,2 keran stabil,stable,0.3,1,0,
2026-07-02T19:25:38.123,247044,383,0.3174666666666667,0.45840000000000003,0.009066666666666666,50.0,5000,110.0,1,0.0,0.0,0.0,0.0,0,0.0,0.07,166,0,0.0,2,2 keran stabil,stable,0.3,1,0,
2026-07-02T19:25:38.622,247567,381,0.31553333333333333,0.458,0.009066666666666666,50.0,5000,110.0,1,0.0,0.0,0.0,0.0,0,0.0,0.07,166,0,0.0,2,2 keran stabil,stable,0.3,1,0,
2026-07-02T19:25:39.180,248092,392,0.31166666666666665,0.45880000000000004,0.009,50.0,5000,110.0,1,0.0,0.0,0.0,0.0,0,0.0,0.07,166,0,0.0,2,2 keran stabil,stable,0.3,1,0,
2026-07-02T19:25:39.738,248659,392,0.3126666666666667,0.45766666666666667,0.009,50.0,5000,110.0,1,0.0,0.0,0.0,0.0,0,0.0,0.07,166,0,0.0,2,2 keran stabil,stable,0.3,1,0,
2026-07-02T19:25:40.243,249184,384,0.3124,0.4576,0.009,50.0,5000,110.0,1,0.0,0.0,0.0,0.0,0,0.0,0.07,166,0,0.0,2,2 keran stabil,stable,0.3,1,0,
2026-07-02T19:25:40.746,249659,394,0.31246666666666667,0.457,0.009,50.0,5000,110.0,1,0.0,0.0,0.0,0.0,0,0.0,0.07,166,0,0.0,2,2 keran stabil,stable,0.3,1,0,
2026-07-02T19:25:41.249,250184,397,0.31126666666666664,0.4574666666666667,0.009,50.0,5000,110.0,1,0.0,0.0,0.0,0.0,0,0.0,0.07,166,0,0.0,2,2 keran stabil,stable,0.3,1,0,
2026-07-02T19:25:41.751,250663,383,0.31173333333333336,0.4574666666666667,0.009,50.0,5000,110.0,1,0.0,0.0,0.0,0.0,0,0.0,0.07,166,0,0.0,2,2 keran stabil,stable,0.3,1,0,
2026-07-02T19:25:42.250,251188,386,0.3148666666666667,0.45766666666666667,0.009,50.0,5000,110.0,1,0.0,0.0,0.0,0.0,0,0.0,0.07,166,0,0.0,2,2 keran stabil,stable,0.3,1,0,
2026-07-02T19:25:42.753,251658,387,0.3156666666666667,0.45880000000000004,0.009,50.0,5000,110.0,1,0.0,0.0,0.0,0.0,0,0.0,0.07,166,0,0.0,2,2 keran stabil,stable,0.3,1,0,
2026-07-02T19:25:43.255,252183,383,0.3144666666666666,0.45740000000000003,0.009,50.0,5000,110.0,1,0.0,0.0,0.0,0.0,0,0.0,0.07,166,0,0.0,2,2 keran stabil,stable,0.3,1,0,
2026-07-02T19:25:43.757,252706,380,0.3122,0.45753333333333335,0.009,50.0,5000,110.0,1,0.0,0.0,0.0,0.0,0,0.0,0.07,166,0,0.0,2,2 keran stabil,stable,0.3,1,0,
2026-07-02T19:25:44.318,253231,378,0.3108,0.4546,0.009,50.0,5000,110.0,1,0.0,0.0,0.0,0.0,0,0.0,0.07,166,0,0.0,2,2 keran stabil,stable,0.3,1,0,
2026-07-02T19:25:44.882,253793,383,0.3101333333333333,0.4550666666666667,0.009,50.0,5000,110.0,1,0.0,0.0,0.0,0.0,0,0.0,0.07,166,0,0.0,2,2 keran stabil,stable,0.3,1,0,
2026-07-02T19:25:45.387,254318,384,0.3102,0.45433333333333337,0.009,50.0,5000,110.0,1,0.0,0.0,0.0,0.0,0,0.0,0.07,166,0,0.0,2,2 keran stabil,stable,0.3,1,0,
2026-07-02T19:25:45.956,254893,396,0.3101333333333333,0.4549333333333333,0.009,50.0,5000,110.0,1,0.0,0.0,0.0,0.0,0,0.0,0.07,166,0,0.0,2,2 keran stabil,stable,0.3,1,0,
2026-07-02T19:25:46.455,255418,386,0.3102,0.4537333333333333,0.009,50.0,5000,110.0,1,0.0,0.0,0.0,0.0,0,0.0,0.07,166,0,0.0,2,2 keran stabil,stable,0.3,1,0,
2026-07-02T19:25:47.018,255940,400,0.3110666666666667,0.4534666666666667,0.009,50.0,5000,110.0,1,0.0,0.0,0.0,0.0,0,0.0,0.07,166,0,0.0,2,2 keran stabil,stable,0.3,1,0,
2026-07-02T19:25:47.521,256465,383,0.31173333333333336,0.4534,0.009,50.0,5000,110.0,1,0.0,0.0,0.0,0.0,0,0.0,0.07,166,0,0.0,2,2 keran stabil,stable,0.3,1,0,
2026-07-02T19:25:48.083,257027,383,0.31133333333333335,0.4533333333333333,0.009,50.0,5000,110.0,1,0.0,0.0,0.0,0.0,0,0.0,0.07,166,0,0.0,2,2 keran stabil,stable,0.3,1,0,
2026-07-02T19:25:48.641,257602,380,0.31126666666666664,0.45380000000000004,0.009,50.0,5000,110.0,1,0.0,0.0,0.0,0.0,0,0.0,0.07,166,0,0.0,2,2 keran stabil,stable,0.3,1,0,
2026-07-02T19:25:49.143,258127,368,0.3081333333333333,0.4531333333333334,0.009,50.0,5000,110.0,1,0.0,0.0,0.0,0.0,0,0.0,0.07,166,0,0.0,2,2 keran stabil,stable,0.3,1,0,
2026-07-02T19:25:49.708,258650,385,0.30660000000000004,0.4516666666666667,0.009,50.0,5000,110.0,1,0.0,0.0,0.0,0.0,0,0.0,0.07,166,0,0.0,2,2 keran stabil,stable,0.3,1,0,
2026-07-02T19:25:50.210,259175,373,0.304,0.4496,0.009,50.0,5000,110.0,1,0.0,0.0,0.0,0.0,0,0.0,0.07,166,0,0.0,2,2 keran stabil,stable,0.3,1,0,
2026-07-02T19:25:50.775,259737,382,0.3058666666666667,0.44933333333333336,0.009,50.0,5000,110.0,1,0.0,0.0,0.0,0.0,0,0.0,0.07,166,0,0.0,2,2 keran stabil,stable,0.3,1,0,
2026-07-02T19:25:51.274,260262,378,0.30746666666666667,0.4502,0.009,50.0,5000,110.0,1,0.0,0.0,0.0,0.0,0,0.0,0.07,166,0,0.0,2,2 keran stabil,stable,0.3,1,0,
2026-07-02T19:25:51.899,260836,380,0.30820000000000003,0.4502,0.009,50.0,5000,110.0,1,0.0,0.0,0.0,0.0,0,0.0,0.07,166,0,0.0,2,2 keran stabil,stable,0.3,1,0,
2026-07-02T19:25:52.402,261361,382,0.3096,0.4494666666666667,0.009,50.0,5000,110.0,1,0.0,0.0,0.0,0.0,0,0.0,0.07,166,0,0.0,2,2 keran stabil,stable,0.3,1,0,
2026-07-02T19:25:53.026,261989,379,0.309,0.44880000000000003,0.009,50.0,5000,110.0,1,0.0,0.0,0.0,0.0,0,0.0,0.07,166,0,0.0,2,2 keran stabil,stable,0.3,1,0,
2026-07-02T19:25:53.527,262514,380,0.3085333333333333,0.449,0.009,50.0,5000,110.0,1,0.0,0.0,0.0,0.0,0,0.0,0.07,166,0,0.0,2,2 keran stabil,stable,0.3,1,0,
2026-07-02T19:25:54.028,262971,386,0.30713333333333337,0.44853333333333334,0.009,50.0,5000,110.0,1,0.0,0.0,0.0,0.0,0,0.0,0.07,166,0,0.0,2,2 keran stabil,stable,0.3,1,0,
2026-07-02T19:25:54.531,263496,382,0.3072,0.4484,0.009,50.0,5000,110.0,1,0.0,0.0,0.0,0.0,0,0.0,0.07,166,0,0.0,2,2 keran stabil,stable,0.3,1,0,
2026-07-02T19:25:55.094,264071,381,0.3068,0.448,0.009,50.0,5000,110.0,1,0.0,0.0,0.0,0.0,0,0.0,0.07,166,0,0.0,2,2 keran stabil,stable,0.3,1,0,
2026-07-02T19:25:55.593,264596,384,0.30820000000000003,0.4482,0.009,50.0,5000,110.0,1,0.0,0.0,0.0,0.0,0,0.0,0.07,166,0,0.0,2,2 keran stabil,stable,0.3,1,0,
2026-07-02T19:25:56.153,265118,372,0.3017333333333333,0.4469333333333333,0.009,50.0,5000,110.0,1,0.0,0.0,0.0,0.0,0,0.0,0.07,166,0,0.0,2,2 keran stabil,stable,0.3,1,0,
2026-07-02T19:25:56.717,265680,382,0.30193333333333333,0.44639999999999996,0.009,50.0,5000,110.0,1,0.0,0.0,0.0,0.0,0,0.0,0.07,166,0,0.0,2,2 keran stabil,stable,0.3,1,0,
2026-07-02T19:25:57.214,266205,439,0.30333333333333334,0.4483333333333333,0.009466666666666667,50.0,5000,110.0,1,0.0,0.0,0.0,0.0,0,0.0,0.07,166,0,0.0,2,2 keran stabil,stable,0.3,1,0,
2026-07-02T19:25:57.718,266675,504,0.33653333333333335,0.48546666666666666,0.0774,50.0,5000,110.0,1,0.0,0.0,0.0,0.0,0,0.0,0.07,166,0,0.0,2,2 keran stabil,stable,0.3,1,0,
2026-07-02T19:25:58.216,267200,513,0.37206666666666666,0.5373333333333333,0.17486666666666664,50.0,5000,110.0,1,0.0,0.0,0.0,0.0,0,0.0,0.07,166,0,0.0,2,2 keran stabil,stable,0.3,1,0,
2026-07-02T19:25:58.718,267723,509,0.4032666666666666,0.5829333333333333,0.2568,50.0,5000,110.0,1,0.0,0.0,0.0,0.0,0,0.0,0.07,166,0,0.0,2,2 keran stabil,stable,0.3,1,0,
2026-07-02T19:25:59.279,268248,513,0.4093333333333333,0.598,0.2939333333333333,50.0,5000,110.0,1,0.0,0.0,0.0,0.0,0,0.0,0.07,166,0,0.0,2,2 keran stabil,stable,0.3,1,0,
2026-07-02T19:25:59.845,268810,520,0.4120666666666667,0.6006666666666667,0.30193333333333333,50.0,5000,110.0,1,0.0,0.0,0.0,0.0,0,0.0,0.07,166,0,0.0,2,2 keran stabil,stable,0.3,1,0,
2026-07-02T19:26:00.341,269335,510,0.4167333333333333,0.6074,0.3224,50.0,5000,110.0,1,0.0,0.0,0.0,0.0,0,0.0,0.07,166,0,0.0,2,2 keran stabil,stable,0.3,1,0,
2026-07-02T19:26:00.906,269910,519,0.41479999999999995,0.6058,0.3181333333333333,50.0,5000,110.0,1,0.0,0.0,0.0,0.0,0,0.0,0.07,166,0,0.0,2,2 keran stabil,stable,0.3,1,0,
2026-07-02T19:26:01.413,270435,512,0.41186666666666666,0.6045999999999999,0.3142666666666667,50.0,5000,110.0,1,0.0,0.0,0.0,0.0,0,0.0,0.07,166,0,0.0,2,2 keran stabil,stable,0.3,1,0,
2026-07-02T19:26:01.976,270957,513,0.4104,0.6038,0.3114,50.0,5000,110.0,1,0.0,0.0,0.0,0.0,0,0.0,0.07,166,0,0.0,2,2 keran stabil,stable,0.3,1,0,
2026-07-02T19:26:02.474,271482,510,0.41033333333333327,0.6041333333333333,0.3123333333333333,50.0,5000,110.0,1,0.0,0.0,0.0,0.0,0,0.0,0.07,166,0,0.0,2,2 keran stabil,stable,0.3,1,0,
2026-07-02T19:26:03.037,272044,510,0.41013333333333335,0.6032666666666666,0.3101333333333333,50.0,5000,110.0,1,0.0,0.0,0.0,0.0,0,0.0,0.07,166,0,0.0,2,2 keran stabil,stable,0.3,1,0,
2026-07-02T19:26:03.539,272569,512,0.4105333333333333,0.6030666666666666,0.31033333333333335,50.0,5000,110.0,1,0.0,0.0,0.0,0.0,0,0.0,0.07,166,0,0.0,2,2 keran stabil,stable,0.3,1,0,
2026-07-02T19:26:04.039,273039,511,0.40979999999999994,0.6013999999999999,0.30493333333333333,50.0,5000,110.0,1,0.0,0.0,0.0,0.0,0,0.0,0.07,166,0,0.0,2,2 keran stabil,stable,0.3,1,0,
2026-07-02T19:26:04.540,273564,518,0.41026666666666667,0.6012666666666667,0.30406666666666665,50.0,5000,110.0,1,0.0,0.0,0.0,0.0,0,0.0,0.07,166,0,0.0,2,2 keran stabil,stable,0.3,1,0,
2026-07-02T19:26:05.098,274086,510,0.41046666666666665,0.6018666666666667,0.3058666666666667,50.0,5000,110.0,1,0.0,0.0,0.0,0.0,0,0.0,0.07,166,0,0.0,2,2 keran stabil,stable,0.3,1,0,
2026-07-02T19:26:05.599,274611,509,0.4112,0.6026666666666666,0.30806666666666666,50.0,5000,110.0,1,0.0,0.0,0.0,0.0,0,0.0,0.07,166,0,0.0,2,2 keran stabil,stable,0.3,1,0,
2026-07-02T19:26:06.163,275164,510,0.4109333333333333,0.6026,0.3078,50.0,5000,110.0,1,0.0,0.0,0.0,0.0,0,0.0,0.07,166,0,0.0,2,2 keran stabil,stable,0.3,1,0,
2026-07-02T19:26:06.681,275689,506,0.41133333333333333,0.6023999999999999,0.30733333333333335,50.0,5000,110.0,1,0.0,0.0,0.0,0.0,0,0.0,0.07,166,0,0.0,2,2 keran stabil,stable,0.3,1,0,
2026-07-02T19:26:07.207,276211,518,0.40853333333333336,0.6013999999999999,0.3048666666666666,50.0,5000,110.0,1,0.0,0.0,0.0,0.0,0,0.0,0.07,166,0,0.0,2,2 keran stabil,stable,0.3,1,0,
2026-07-02T19:26:07.775,276773,512,0.4076,0.6012,0.30419999999999997,50.0,5000,110.0,1,0.0,0.0,0.0,0.0,0,0.0,0.07,166,0,0.0,2,2 keran stabil,stable,0.3,1,0,
2026-07-02T19:26:08.278,277298,512,0.40679999999999994,0.6012,0.30393333333333333,50.0,5000,110.0,1,0.0,0.0,0.0,0.0,0,0.0,0.07,166,0,0.0,2,2 keran stabil,stable,0.3,1,0,
2026-07-02T19:26:08.840,277873,519,0.40973333333333334,0.6024666666666666,0.3072,50.0,5000,110.0,1,0.0,0.0,0.0,0.0,0,0.0,0.07,166,0,0.0,2,2 keran stabil,stable,0.3,1,0,
2026-07-02T19:26:09.342,278398,510,0.4108666666666666,0.6032666666666666,0.3098666666666666,50.0,5000,110.0,1,0.0,0.0,0.0,0.0,0,0.0,0.07,166,0,0.0,2,2 keran stabil,stable,0.3,1,0,
2026-07-02T19:26:09.907,278920,524,0.41346666666666665,0.6039333333333333,0.3118666666666667,50.0,5000,110.0,1,0.0,0.0,0.0,0.0,0,0.0,0.07,166,0,0.0,2,2 keran stabil,stable,0.3,1,0,
2026-07-02T19:26:10.406,279445,518,0.4136666666666667,0.6045999999999999,0.3144,50.0,5000,110.0,1,0.0,0.0,0.0,0.0,0,0.0,0.07,166,0,0.0,2,2 keran stabil,stable,0.3,1,0,
2026-07-02T19:26:10.969,279998,510,0.41346666666666665,0.6053999999999999,0.3172,50.0,5000,110.0,1,0.0,0.0,0.0,0.0,0,0.0,0.07,166,0,0.0,2,2 keran stabil,stable,0.3,1,0,
2026-07-02T19:26:11.471,280523,597,0.4184,0.6095333333333334,0.3294666666666667,50.0,5000,110.0,1,0.0,0.0,0.0,0.0,0,0.0,0.07,166,0,0.0,2,2 keran stabil,stable,0.3,1,0,
2026-07-02T19:26:12.033,281045,686,0.46286666666666665,0.6612666666666667,0.4842666666666667,50.0,5000,110.0,1,0.0,0.0,0.0,0.0,0,0.0,0.07,166,0,0.0,2,2 keran stabil,stable,0.3,1,0,
2026-07-02T19:26:12.530,281570,687,0.5070666666666667,0.7262666666666667,0.6786,50.0,5000,110.0,1,0.0,0.0,0.0,0.0,0,0.0,0.07,166,0,0.0,2,2 keran stabil,stable,0.3,1,0,
2026-07-02T19:26:13.095,282132,681,0.5462666666666667,0.7888000000000001,0.8661333333333334,50.0,5000,110.0,1,0.0,0.0,0.0,0.0,0,0.0,0.07,166,0,0.0,2,2 keran stabil,stable,0.3,1,0,
2026-07-02T19:26:13.597,282657,683,0.5475333333333334,0.8040666666666667,0.9119333333333334,50.0,5000,110.0,1,0.0,0.0,0.0,0.0,0,0.0,0.07,166,0,0.0,2,2 keran stabil,stable,0.3,1,0,
2026-07-02T19:26:14.097,283127,680,0.55,0.8056000000000001,0.9168666666666667,50.0,5000,110.0,1,0.0,0.0,0.0,0.0,0,0.0,0.07,166,0,0.0,2,2 keran stabil,stable,0.3,1,0,
2026-07-02T19:26:14.599,283652,686,0.5505333333333334,0.8054666666666667,0.9166666666666666,50.0,5000,110.0,1,0.0,0.0,0.0,0.0,0,0.0,0.07,166,0,0.0,2,2 keran stabil,stable,0.3,1,0,
2026-07-02T19:26:15.100,284174,688,0.5505333333333334,0.8050666666666667,0.9156,50.0,5000,110.0,1,0.0,0.0,0.0,0.0,0,0.0,0.07,166,0,0.0,2,2 keran stabil,stable,0.3,1,0,
2026-07-02T19:26:15.667,284699,684,0.5498,0.8052666666666667,0.916,50.0,5000,110.0,1,0.0,0.0,0.0,0.0,0,0.0,0.07,166,0,0.0,2,2 keran stabil,stable,0.3,1,0,
2026-07-02T19:26:16.169,285252,682,0.5493333333333333,0.8055333333333333,0.9165333333333334,50.0,5000,110.0,1,0.0,0.0,0.0,0.0,0,0.0,0.07,166,0,0.0,2,2 keran stabil,stable,0.3,1,0,
2026-07-02T19:26:16.729,285777,688,0.5486000000000001,0.8056666666666668,0.9167333333333334,50.0,5000,110.0,1,0.0,0.0,0.0,0.0,0,0.0,0.07,166,0,0.0,2,2 keran stabil,stable,0.3,1,0,
2026-07-02T19:26:17.230,286299,680,0.5487333333333333,0.8052,0.9152,50.0,5000,110.0,1,0.0,0.0,0.0,0.0,0,0.0,0.07,166,0,0.0,2,2 keran stabil,stable,0.3,1,0,
2026-07-02T19:26:17.790,286861,682,0.5473333333333333,0.8045333333333334,0.9128666666666667,50.0,5000,110.0,1,0.0,0.0,0.0,0.0,0,0.0,0.07,166,0,0.0,2,2 keran stabil,stable,0.3,1,0,
2026-07-02T19:26:18.355,287386,685,0.5482666666666667,0.8050666666666667,0.9144000000000001,50.0,5000,110.0,1,0.0,0.0,0.0,0.0,0,0.0,0.07,166,0,0.0,2,2 keran stabil,stable,0.3,1,0,
2026-07-02T19:26:18.916,287961,677,0.5492000000000001,0.8054000000000001,0.9156666666666667,50.0,5000,110.0,1,0.0,0.0,0.0,0.0,0,0.0,0.07,166,0,0.0,2,2 keran stabil,stable,0.3,1,0,
2026-07-02T19:26:19.417,288486,686,0.5510666666666667,0.8064,0.9192666666666668,50.0,5000,110.0,1,0.0,0.0,0.0,0.0,0,0.0,0.07,166,0,0.0,2,2 keran stabil,stable,0.3,1,0,
2026-07-02T19:26:19.922,289008,696,0.5516000000000001,0.8066666666666668,0.9201333333333335,50.0,5000,110.0,1,0.0,0.0,0.0,0.0,0,0.0,0.07,166,0,0.0,2,2 keran stabil,stable,0.3,1,0,
2026-07-02T19:26:20.488,289533,684,0.5510666666666667,0.8062,0.9187333333333334,50.0,5000,110.0,1,0.0,0.0,0.0,0.0,0,0.0,0.07,166,0,0.0,2,2 keran stabil,stable,0.3,1,0,
2026-07-02T19:26:21.053,290095,686,0.5503333333333333,0.8051333333333334,0.9154,50.0,5000,110.0,1,0.0,0.0,0.0,0.0,0,0.0,0.07,166,0,0.0,2,2 keran stabil,stable,0.3,1,0,
2026-07-02T19:26:21.551,290620,667,0.5488000000000001,0.8046666666666666,0.9136666666666666,50.0,5000,110.0,1,0.0,0.0,0.0,0.0,0,0.0,0.07,166,0,0.0,2,2 keran stabil,stable,0.3,1,0,
2026-07-02T19:26:22.114,291195,651,0.5379333333333334,0.7926666666666667,0.8776666666666667,50.0,5000,110.0,1,0.0,0.0,0.0,0.0,0,0.0,0.07,166,0,0.0,2,2 keran stabil,stable,0.3,1,0,
2026-07-02T19:26:22.676,291720,671,0.5342666666666668,0.7876666666666667,0.8623999999999999,50.0,5000,110.0,1,0.0,0.0,0.0,0.0,0,0.0,0.07,166,0,0.0,2,2 keran stabil,stable,0.3,1,0,
2026-07-02T19:26:23.174,292242,673,0.5305333333333333,0.7814,0.8441333333333333,50.0,5000,110.0,1,0.0,0.0,0.0,0.0,0,0.0,0.07,166,0,0.0,2,2 keran stabil,stable,0.3,1,0,
2026-07-02T19:26:23.675,292767,669,0.5360666666666667,0.7866666666666667,0.8598666666666667,50.0,5000,110.0,1,0.0,0.0,0.0,0.0,0,0.0,0.07,166,0,0.0,2,2 keran stabil,stable,0.3,1,0,
2026-07-02T19:26:24.239,293330,615,0.5247333333333334,0.7736000000000001,0.8211333333333334,50.0,5000,110.0,1,0.0,0.0,0.0,0.0,0,0.0,0.07,166,0,0.0,2,2 keran stabil,stable,0.3,1,0,
2026-07-02T19:26:24.806,293914,607,0.5099333333333333,0.7532666666666666,0.7604000000000001,50.0,5000,110.0,1,0.0,0.0,0.0,0.0,0,0.0,0.07,166,0,0.0,2,2 keran stabil,stable,0.3,1,0,
2026-07-02T19:26:25.371,294439,615,0.4966666666666667,0.7335999999999999,0.7013333333333333,50.0,5000,110.0,1,0.0,0.0,0.0,0.0,0,0.0,0.07,166,0,0.0,2,2 keran stabil,stable,0.3,1,0,
2026-07-02T19:26:25.933,295014,588,0.49179999999999996,0.7243333333333334,0.6735333333333333,50.0,5000,110.0,1,0.0,0.0,0.0,0.0,0,0.0,0.07,166,0,0.0,2,2 keran stabil,stable,0.3,1,0,
2026-07-02T19:26:26.436,295539,592,0.48806666666666665,0.7172,0.652,50.0,5000,110.0,1,0.0,0.0,0.0,0.0,0,0.0,0.07,166,0,0.0,2,2 keran stabil,stable,0.3,1,0,
2026-07-02T19:26:26.997,296061,589,0.48246666666666665,0.7083999999999999,0.6264666666666667,50.0,5000,110.0,1,0.0,0.0,0.0,0.0,0,0.0,0.07,166,0,0.0,2,2 keran stabil,stable,0.3,1,0,
2026-07-02T19:26:27.496,296586,595,0.47846666666666665,0.7015333333333333,0.6054666666666666,50.0,5000,110.0,1,0.0,0.0,0.0,0.0,0,0.0,0.07,166,0,0.0,2,2 keran stabil,stable,0.3,1,0,
2026-07-02T19:26:28.061,297139,618,0.4778666666666666,0.701,0.6038666666666667,50.0,5000,110.0,1,0.0,0.0,0.0,0.0,0,0.0,0.07,166,0,0.0,2,2 keran stabil,stable,0.3,1,0,
2026-07-02T19:26:28.559,297664,607,0.47946666666666665,0.7026666666666667,0.6083333333333333,50.0,5000,110.0,1,0.0,0.0,0.0,0.0,0,0.0,0.07,166,0,0.0,2,2 keran stabil,stable,0.3,1,0,
2026-07-02T19:26:29.061,298186,608,0.4806666666666667,0.7041999999999999,0.6130666666666666,50.0,5000,110.0,1,0.0,0.0,0.0,0.0,0,0.0,0.07,166,0,0.0,2,2 keran stabil,stable,0.3,1,0,
2026-07-02T19:26:29.627,298711,591,0.47919999999999996,0.7039333333333333,0.612,50.0,5000,110.0,1,0.0,0.0,0.0,0.0,0,0.0,0.07,166,0,0.0,2,2 keran stabil,stable,0.3,1,0,
2026-07-02T19:26:30.193,299273,588,0.47759999999999997,0.7028666666666666,0.6088666666666666,50.0,5000,110.0,1,0.0,0.0,0.0,0.0,0,0.0,0.07,166,0,0.0,2,2 keran stabil,stable,0.3,1,0,
2026-07-02T19:26:30.696,299798,587,0.4762,0.7018,0.6055333333333334,50.0,5000,110.0,1,0.0,0.0,0.0,0.0,0,0.0,0.07,166,0,0.0,2,2 keran stabil,stable,0.3,1,0,
2026-07-02T19:26:31.259,300373,597,0.4777333333333333,0.7014666666666666,0.6047999999999999,50.0,5000,110.0,1,0.0,0.0,0.0,0.0,0,0.0,0.07,166,0,0.0,2,2 keran stabil,stable,0.3,1,0,
2026-07-02T19:26:31.762,300898,592,0.47686666666666666,0.7011999999999999,0.6039333333333333,50.0,5000,110.0,1,0.0,0.0,0.0,0.0,0,0.0,0.07,166,0,0.0,2,2 keran stabil,stable,0.3,1,0,
2026-07-02T19:26:32.329,301420,591,0.47706666666666664,0.7009333333333333,0.6038,50.0,5000,110.0,1,0.0,0.0,0.0,0.0,0,0.0,0.07,166,0,0.0,2,2 keran stabil,stable,0.3,1,0,
2026-07-02T19:26:32.895,301982,586,0.4761333333333333,0.7009333333333333,0.6037333333333332,50.0,5000,110.0,1,0.0,0.0,0.0,0.0,0,0.0,0.07,166,0,0.0,2,2 keran stabil,stable,0.3,1,0,
2026-07-02T19:26:33.398,302507,589,0.47719999999999996,0.7006666666666667,0.6026666666666666,50.0,5000,110.0,1,0.0,0.0,0.0,0.0,0,0.0,0.07,166,0,0.0,2,2 keran stabil,stable,0.3,1,0,
2026-07-02T19:26:33.963,303082,580,0.477,0.7002666666666666,0.6010000000000001,50.0,5000,110.0,1,0.0,0.0,0.0,0.0,0,0.0,0.07,166,0,0.0,2,2 keran stabil,stable,0.3,1,0,
2026-07-02T19:26:34.463,303607,588,0.4775333333333333,0.6997333333333332,0.5988,50.0,5000,110.0,1,0.0,0.0,0.0,0.0,0,0.0,0.07,166,0,0.0,2,2 keran stabil,stable,0.3,1,0,
2026-07-02T19:26:35.029,304129,590,0.4765333333333333,0.6998,0.5990666666666666,50.0,5000,110.0,1,0.0,0.0,0.0,0.0,0,0.0,0.07,166,0,0.0,2,2 keran stabil,stable,0.3,1,0,
2026-07-02T19:26:35.524,304654,597,0.4778,0.6996666666666667,0.5988666666666667,50.0,5000,110.0,1,0.0,0.0,0.0,0.0,0,0.0,0.07,166,0,0.0,2,2 keran stabil,stable,0.3,1,0,
2026-07-02T19:26:36.090,305207,595,0.4772666666666667,0.6996666666666667,0.5997333333333333,50.0,5000,110.0,1,0.0,0.0,0.0,0.0,0,0.0,0.07,166,0,0.0,2,2 keran stabil,stable,0.3,1,0,
2026-07-02T19:26:36.592,305732,588,0.4761333333333333,0.6994,0.5987333333333333,50.0,5000,110.0,1,0.0,0.0,0.0,0.0,0,0.0,0.07,166,0,0.0,2,2 keran stabil,stable,0.3,1,0,
2026-07-02T19:26:37.154,306254,585,0.4751333333333333,0.6994666666666666,0.5989333333333333,50.0,5000,110.0,1,0.0,0.0,0.0,0.0,0,0.0,0.07,166,0,0.0,2,2 keran stabil,stable,0.3,1,0,
2026-07-02T19:26:37.656,306779,587,0.47546666666666665,0.6998,0.5999333333333332,50.0,5000,110.0,1,0.0,0.0,0.0,0.0,0,0.0,0.07,166,0,0.0,2,2 keran stabil,stable,0.3,1,0,
2026-07-02T19:26:38.219,307341,595,0.4752,0.6994,0.5986666666666667,50.0,5000,110.0,1,0.0,0.0,0.0,0.0,0,0.0,0.07,166,0,0.0,2,2 keran stabil,stable,0.3,1,0,
2026-07-02T19:26:38.724,307866,595,0.47573333333333334,0.7001333333333333,0.6004,50.0,5000,110.0,1,0.0,0.0,0.0,0.0,0,0.0,0.07,166,0,0.0,2,2 keran stabil,stable,0.3,1,0,
2026-07-02T19:26:39.225,308336,594,0.4756666666666666,0.6998666666666666,0.599,50.0,5000,110.0,1,0.0,0.0,0.0,0.0,0,0.0,0.07,166,0,0.0,2,2 keran stabil,stable,0.3,1,0,
2026-07-02T19:26:39.728,308861,598,0.47886666666666666,0.7004666666666667,0.6012,50.0,5000,110.0,1,0.0,0.0,0.0,0.0,0,0.0,0.07,166,0,0.0,2,2 keran stabil,stable,0.3,1,0,
2026-07-02T19:26:40.351,309488,596,0.47759999999999997,0.7001333333333333,0.6004666666666666,50.0,5000,110.0,1,0.0,0.0,0.0,0.0,0,0.0,0.07,166,0,0.0,2,2 keran stabil,stable,0.3,1,0,
2026-07-02T19:26:40.913,310040,592,0.4778666666666666,0.7004666666666667,0.6013333333333333,50.0,5000,110.0,1,0.0,0.0,0.0,0.0,0,0.0,0.07,166,0,0.0,2,2 keran stabil,stable,0.3,1,0,
2026-07-02T19:26:41.414,310566,594,0.478,0.7001333333333333,0.6000666666666666,50.0,5000,110.0,1,0.0,0.0,0.0,0.0,0,0.0,0.07,166,0,0.0,2,2 keran stabil,stable,0.3,1,0,
2026-07-02T19:26:41.916,311088,590,0.47859999999999997,0.7003333333333333,0.6003333333333333,50.0,5000,110.0,1,0.0,0.0,0.0,0.0,0,0.0,0.07,166,0,0.0,2,2 keran stabil,stable,0.3,1,0,
2026-07-02T19:26:42.481,311613,592,0.47866666666666663,0.7003333333333333,0.6010666666666666,50.0,5000,110.0,1,0.0,0.0,0.0,0.0,0,0.0,0.07,166,0,0.0,2,2 keran stabil,stable,0.3,1,0,
2026-07-02T19:26:43.042,312175,590,0.47919999999999996,0.7017333333333333,0.6058,50.0,5000,110.0,1,0.0,0.0,0.0,0.0,0,0.0,0.07,166,0,0.0,2,2 keran stabil,stable,0.3,1,0,
2026-07-02T19:26:43.664,312805,594,0.48146666666666665,0.7024666666666666,0.6082,50.0,5000,110.0,1,0.0,0.0,0.0,0.0,0,0.0,0.07,166,0,0.0,2,2 keran stabil,stable,0.3,1,0,
2026-07-02T19:26:44.225,313380,482,0.47593333333333326,0.7000666666666666,0.6006,50.0,5000,110.0,1,0.0,0.0,0.0,0.0,0,0.0,0.07,166,0,0.0,2,2 keran stabil,stable,0.3,1,0,
2026-07-02T19:26:44.724,313905,412,0.4266666666666667,0.6326666666666667,0.4116666666666667,50.0,5000,110.0,1,0.0,0.0,0.0,0.0,0,0.0,0.07,166,0,0.0,2,2 keran stabil,stable,0.3,1,0,
2026-07-02T19:26:45.287,314427,386,0.3754,0.5618666666666666,0.21206666666666668,50.0,5000,110.0,1,0.0,0.0,0.0,0.0,0,0.0,0.07,166,0,0.0,2,2 keran stabil,stable,0.3,1,0,
2026-07-02T19:26:45.790,314952,415,0.33220000000000005,0.4938,0.022399999999999996,50.0,5000,110.0,1,0.0,0.0,0.0,0.0,0,0.0,0.07,166,0,0.0,2,2 keran stabil,stable,0.3,1,0,
2026-07-02T19:26:46.354,315514,411,0.33193333333333336,0.4892666666666666,0.0098,50.0,5000,110.0,1,0.0,0.0,0.0,0.0,0,0.0,0.07,166,0,0.0,2,2 keran stabil,stable,0.3,1,0,
2026-07-02T19:26:46.921,316089,418,0.3333333333333333,0.48846666666666666,0.009733333333333333,50.0,5000,110.0,1,0.0,0.0,0.0,0.0,0,0.0,0.07,166,0,0.0,2,2 keran stabil,stable,0.3,1,0,
2026-07-02T19:26:47.423,316614,414,0.33413333333333334,0.48886666666666667,0.010066666666666666,50.0,5000,110.0,1,0.0,0.0,0.0,0.0,0,0.0,0.07,166,0,0.0,2,2 keran stabil,stable,0.3,1,0,
2026-07-02T19:26:47.982,317136,421,0.3342,0.4896,0.011266666666666666,50.0,5000,110.0,1,0.0,0.0,0.0,0.0,0,0.0,0.07,166,0,0.0,2,2 keran stabil,stable,0.3,1,0,
2026-07-02T19:26:48.480,317661,414,0.3346,0.48973333333333335,0.011066666666666666,50.0,5000,110.0,1,0.0,0.0,0.0,0.0,0,0.0,0.07,166,0,0.0,2,2 keran stabil,stable,0.3,1,0,
2026-07-02T19:26:49.045,318213,447,0.33686666666666665,0.4912,0.011133333333333332,50.0,5000,110.0,1,0.0,0.0,0.0,0.0,0,0.0,0.07,166,0,0.0,2,2 keran stabil,stable,0.3,1,0,
2026-07-02T19:26:49.543,318738,414,0.3378666666666667,0.4902666666666667,0.0096,50.0,5000,110.0,1,0.0,0.0,0.0,0.0,0,0.0,0.07,166,0,0.0,2,2 keran stabil,stable,0.3,1,0,
2026-07-02T19:26:50.108,319261,413,0.33846666666666664,0.4908666666666666,0.0096,50.0,5000,110.0,1,0.0,0.0,0.0,0.0,0,0.0,0.07,166,0,0.0,2,2 keran stabil,stable,0.3,1,0,
2026-07-02T19:26:50.605,319786,407,0.33513333333333334,0.4888,0.009,50.0,5000,110.0,1,0.0,0.0,0.0,0.0,0,0.0,0.07,166,0,0.0,2,2 keran stabil,stable,0.3,1,0,
2026-07-02T19:26:51.167,320348,417,0.3347333333333333,0.48886666666666667,0.009,50.0,5000,110.0,1,0.0,0.0,0.0,0.0,0,0.0,0.07,166,0,0.0,2,2 keran stabil,stable,0.3,1,0,
2026-07-02T19:26:51.728,320873,414,0.3340666666666667,0.4888,0.009,50.0,5000,110.0,1,0.0,0.0,0.0,0.0,0,0.0,0.07,166,0,0.0,2,2 keran stabil,stable,0.3,1,0,
2026-07-02T19:26:52.292,321448,413,0.33413333333333334,0.4887333333333333,0.009,50.0,5000,110.0,1,0.0,0.0,0.0,0.0,0,0.0,0.07,166,0,0.0,2,2 keran stabil,stable,0.3,1,0,
2026-07-02T19:26:52.913,322078,414,0.33153333333333335,0.48819999999999997,0.009,50.0,5000,110.0,1,0.0,0.0,0.0,0.0,0,0.0,0.07,166,0,0.0,2,2 keran stabil,stable,0.3,1,0,
2026-07-02T19:26:53.415,322600,420,0.3316,0.4882666666666667,0.009,50.0,5000,110.0,1,0.0,0.0,0.0,0.0,0,0.0,0.07,166,0,0.0,2,2 keran stabil,stable,0.3,1,0,
2026-07-02T19:26:53.976,323162,413,0.33266666666666667,0.4892,0.009199999999999998,50.0,5000,110.0,1,0.0,0.0,0.0,0.0,0,0.0,0.07,166,0,0.0,2,2 keran stabil,stable,0.3,1,0,
2026-07-02T19:26:54.475,323687,414,0.3347333333333333,0.48993333333333333,0.009199999999999998,50.0,5000,110.0,1,0.0,0.0,0.0,0.0,0,0.0,0.07,166,0,0.0,2,2 keran stabil,stable,0.3,1,0,
2026-07-02T19:26:54.976,324157,421,0.33513333333333334,0.49006666666666665,0.009199999999999998,50.0,5000,110.0,1,0.0,0.0,0.0,0.0,0,0.0,0.07,166,0,0.0,2,2 keran stabil,stable,0.3,1,0,
2026-07-02T19:26:55.480,324682,429,0.33540000000000003,0.4898666666666667,0.009066666666666666,50.0,5000,110.0,1,0.0,0.0,0.0,0.0,0,0.0,0.07,166,0,0.0,2,2 keran stabil,stable,0.3,1,0,
2026-07-02T19:26:55.981,325205,415,0.3354666666666667,0.4898666666666667,0.009066666666666666,50.0,5000,110.0,1,0.0,0.0,0.0,0.0,0,0.0,0.07,166,0,0.0,2,2 keran stabil,stable,0.3,1,0,
2026-07-02T19:26:56.548,325730,415,0.33560000000000006,0.4906,0.009333333333333332,50.0,5000,110.0,1,0.0,0.0,0.0,0.0,0,0.0,0.07,166,0,0.0,2,2 keran stabil,stable,0.3,1,0,
2026-07-02T19:26:57.111,326292,420,0.3348666666666667,0.4905333333333333,0.009266666666666666,50.0,5000,110.0,1,0.0,0.0,0.0,0.0,0,0.0,0.07,166,0,0.0,2,2 keran stabil,stable,0.3,1,0,
2026-07-02T19:26:57.610,326817,423,0.33560000000000006,0.4903333333333333,0.009466666666666667,50.0,5000,110.0,1,0.0,0.0,0.0,0.0,0,0.0,0.07,166,0,0.0,2,2 keran stabil,stable,0.3,1,0,
2026-07-02T19:26:58.105,327286,414,0.33520000000000005,0.48946666666666666,0.0096,50.0,5000,110.0,1,0.0,0.0,0.0,0.0,0,0.0,0.07,166,0,0.0,2,2 keran stabil,stable,0.3,1,0,
2026-07-02T19:26:58.606,327811,416,0.3358666666666667,0.4885333333333333,0.0096,50.0,5000,110.0,1,0.0,0.0,0.0,0.0,0,0.0,0.07,166,0,0.0,2,2 keran stabil,stable,0.3,1,0,
2026-07-02T19:26:59.106,328334,412,0.3348666666666667,0.4882666666666667,0.009466666666666667,50.0,5000,110.0,1,0.0,0.0,0.0,0.0,0,0.0,0.07,166,0,0.0,2,2 keran stabil,stable,0.3,1,0,
2026-07-02T19:26:59.678,328859,411,0.33433333333333337,0.48833333333333334,0.009133333333333332,50.0,5000,110.0,1,0.0,0.0,0.0,0.0,0,0.0,0.07,166,0,0.0,2,2 keran stabil,stable,0.3,1,0,
2026-07-02T19:27:00.244,329421,412,0.33386666666666664,0.4890666666666667,0.009,50.0,5000,110.0,1,0.0,0.0,0.0,0.0,0,0.0,0.07,166,0,0.0,2,2 keran stabil,stable,0.3,1,0,
2026-07-02T19:27:00.745,329946,415,0.33353333333333335,0.489,0.009133333333333332,50.0,5000,110.0,1,0.0,0.0,0.0,0.0,0,0.0,0.07,166,0,0.0,2,2 keran stabil,stable,0.3,1,0,
2026-07-02T19:27:01.309,330521,416,0.3314666666666667,0.4884,0.009133333333333332,50.0,5000,110.0,1,0.0,0.0,0.0,0.0,0,0.0,0.07,166,0,0.0,2,2 keran stabil,stable,0.3,1,0,
2026-07-02T19:27:01.807,331046,420,0.3310666666666667,0.4886666666666667,0.009333333333333332,50.0,5000,110.0,1,0.0,0.0,0.0,0.0,0,0.0,0.07,166,0,0.0,2,2 keran stabil,stable,0.3,1,0,
2026-07-02T19:27:02.369,331568,415,0.3320666666666667,0.4892666666666666,0.009266666666666666,50.0,5000,110.0,1,0.0,0.0,0.0,0.0,0,0.0,0.07,166,0,0.0,2,2 keran stabil,stable,0.3,1,0,
2026-07-02T19:27:02.870,332093,417,0.3340666666666667,0.4908666666666666,0.009399999999999999,50.0,5000,110.0,1,0.0,0.0,0.0,0.0,0,0.0,0.07,166,0,0.0,2,2 keran stabil,stable,0.3,1,0,
2026-07-02T19:27:03.434,332655,412,0.33426666666666666,0.4911333333333333,0.009199999999999998,50.0,5000,110.0,1,0.0,0.0,0.0,0.0,0,0.0,0.07,166,0,0.0,2,2 keran stabil,stable,0.3,1,0,
2026-07-02T19:27:04.000,333230,415,0.33513333333333334,0.49179999999999996,0.009399999999999999,50.0,5000,110.0,1,0.0,0.0,0.0,0.0,0,0.0,0.07,166,0,0.0,2,2 keran stabil,stable,0.3,1,0,
2026-07-02T19:27:04.501,333755,417,0.33540000000000003,0.4908666666666666,0.009466666666666667,50.0,5000,110.0,1,0.0,0.0,0.0,0.0,0,0.0,0.07,166,0,0.0,2,2 keran stabil,stable,0.3,1,0,
2026-07-02T19:27:05.061,334277,415,0.3354666666666667,0.4902666666666667,0.009866666666666666,50.0,5000,110.0,1,0.0,0.0,0.0,0.0,0,0.0,0.07,166,0,0.0,2,2 keran stabil,stable,0.3,1,0,
2026-07-02T19:27:05.560,334802,414,0.3344,0.48946666666666666,0.009933333333333332,50.0,5000,110.0,1,0.0,0.0,0.0,0.0,0,0.0,0.07,166,0,0.0,2,2 keran stabil,stable,0.3,1,0,
2026-07-02T19:27:06.060,335259,417,0.33540000000000003,0.49013333333333337,0.010066666666666666,50.0,5000,110.0,1,0.0,0.0,0.0,0.0,0,0.0,0.07,166,0,0.0,2,2 keran stabil,stable,0.3,1,0,
2026-07-02T19:27:06.559,335784,414,0.3347333333333333,0.4907333333333333,0.01,50.0,5000,110.0,1,0.0,0.0,0.0,0.0,0,0.0,0.07,166,0,0.0,2,2 keran stabil,stable,0.3,1,0,
2026-07-02T19:27:07.123,336359,414,0.3340666666666667,0.4902666666666667,0.0104,50.0,5000,110.0,1,0.0,0.0,0.0,0.0,0,0.0,0.07,166,0,0.0,2,2 keran stabil,stable,0.3,1,0,
2026-07-02T19:27:07.621,336884,420,0.3336,0.48979999999999996,0.0104,50.0,5000,110.0,1,0.0,0.0,0.0,0.0,0,0.0,0.07,166,0,0.0,2,2 keran stabil,stable,0.3,1,0,
2026-07-02T19:27:08.183,337406,416,0.33413333333333334,0.4896,0.010466666666666668,50.0,5000,110.0,1,0.0,0.0,0.0,0.0,0,0.0,0.07,166,0,0.0,2,2 keran stabil,stable,0.3,1,0,
2026-07-02T19:27:08.682,337931,414,0.335,0.4907333333333333,0.009933333333333332,50.0,5000,110.0,1,0.0,0.0,0.0,0.0,0,0.0,0.07,166,0,0.0,2,2 keran stabil,stable,0.3,1,0,
2026-07-02T19:27:09.243,338493,416,0.33393333333333336,0.49046666666666666,0.0096,50.0,5000,110.0,1,0.0,0.0,0.0,0.0,0,0.0,0.07,166,0,0.0,2,2 keran stabil,stable,0.3,1,0,
2026-07-02T19:27:09.804,339018,422,0.3344666666666667,0.49093333333333333,0.009266666666666666,50.0,5000,110.0,1,0.0,0.0,0.0,0.0,0,0.0,0.07,166,0,0.0,2,2 keran stabil,stable,0.3,1,0,
2026-07-02T19:27:10.364,339593,414,0.33413333333333334,0.48993333333333333,0.009,50.0,5000,110.0,1,0.0,0.0,0.0,0.0,0,0.0,0.07,166,0,0.0,2,2 keran stabil,stable,0.3,1,0,
2026-07-02T19:27:10.862,340118,415,0.33413333333333334,0.48973333333333335,0.009066666666666666,50.0,5000,110.0,1,0.0,0.0,0.0,0.0,0,0.0,0.07,166,0,0.0,2,2 keran stabil,stable,0.3,1,0,
2026-07-02T19:27:11.361,340640,415,0.3340666666666667,0.48886666666666667,0.009399999999999999,50.0,5000,110.0,1,0.0,0.0,0.0,0.0,0,0.0,0.07,166,0,0.0,2,2 keran stabil,stable,0.3,1,0,
2026-07-02T19:27:11.924,341165,430,0.33513333333333334,0.49006666666666665,0.009666666666666665,50.0,5000,110.0,1,0.0,0.0,0.0,0.0,0,0.0,0.07,166,0,0.0,2,2 keran stabil,stable,0.3,1,0,
2026-07-02T19:27:12.488,341727,423,0.3374,0.4925333333333333,0.009866666666666666,50.0,5000,110.0,1,0.0,0.0,0.0,0.0,0,0.0,0.07,166,0,0.0,2,2 keran stabil,stable,0.3,1,0,
2026-07-02T19:27:13.049,342302,433,0.3408666666666667,0.49906666666666666,0.0154,50.0,5000,110.0,1,0.0,0.0,0.0,0.0,0,0.0,0.07,166,0,0.0,2,2 keran stabil,stable,0.3,1,0,
2026-07-02T19:27:13.549,342827,595,0.3738666666666666,0.5382,0.1238,50.0,5000,110.0,1,0.0,0.0,0.0,0.0,0,0.0,0.07,166,0,0.0,2,2 keran stabil,stable,0.3,1,0,
2026-07-02T19:27:14.105,343349,565,0.4125333333333333,0.6001333333333334,0.3032,50.0,5000,110.0,1,0.0,0.0,0.0,0.0,0,0.0,0.07,166,0,0.0,2,2 keran stabil,stable,0.3,1,0,
2026-07-02T19:27:14.605,343874,602,0.4567333333333333,0.6598666666666666,0.4808,50.0,5000,110.0,1,0.0,0.0,0.0,0.0,0,0.0,0.07,166,0,0.0,2,2 keran stabil,stable,0.3,1,0,
2026-07-02T19:27:15.168,344436,603,0.47246666666666665,0.6918,0.5752666666666666,50.0,5000,110.0,1,0.0,0.0,0.0,0.0,0,0.0,0.07,166,0,0.0,2,2 keran stabil,stable,0.3,1,0,
2026-07-02T19:27:15.668,344961,583,0.48013333333333336,0.699,0.5967333333333333,50.0,5000,110.0,1,0.0,0.0,0.0,0.0,0,0.0,0.07,166,0,0.0,2,2 keran stabil,stable,0.3,1,0,
2026-07-02T19:27:16.168,345431,601,0.48186666666666667,0.7052666666666666,0.6156666666666666,50.0,5000,110.0,1,0.0,0.0,0.0,0.0,0,0.0,0.07,166,0,0.0,2,2 keran stabil,stable,0.3,1,0,
2026-07-02T19:27:16.790,346061,595,0.4806666666666667,0.7041999999999999,0.6126,50.0,5000,110.0,1,0.0,0.0,0.0,0.0,0,0.0,0.07,166,0,0.0,2,2 keran stabil,stable,0.3,1,0,
2026-07-02T19:27:17.289,346583,595,0.47946666666666665,0.7032,0.6093333333333334,50.0,5000,110.0,1,0.0,0.0,0.0,0.0,0,0.0,0.07,166,0,0.0,2,2 keran stabil,stable,0.3,1,0,
2026-07-02T19:27:17.851,347108,589,0.47946666666666665,0.7027333333333332,0.6078666666666667,50.0,5000,110.0,1,0.0,0.0,0.0,0.0,0,0.0,0.07,166,0,0.0,2,2 keran stabil,stable,0.3,1,0,
2026-07-02T19:27:18.415,347670,599,0.4797333333333333,0.7029333333333333,0.6083999999999999,50.0,5000,110.0,1,0.0,0.0,0.0,0.0,0,0.0,0.07,166,0,0.0,2,2 keran stabil,stable,0.3,1,0,
2026-07-02T19:27:18.915,348195,591,0.4822666666666667,0.7044666666666667,0.6131333333333333,50.0,5000,110.0,1,0.0,0.0,0.0,0.0,0,0.0,0.07,166,0,0.0,2,2 keran stabil,stable,0.3,1,0,
2026-07-02T19:27:19.414,348670,597,0.48160000000000003,0.7045999999999999,0.6132666666666666,50.0,5000,110.0,1,0.0,0.0,0.0,0.0,0,0.0,0.07,166,0,0.0,2,2 keran stabil,stable,0.3,1,0,
2026-07-02T19:27:19.912,349195,596,0.4829333333333333,0.7050666666666666,0.6148666666666666,50.0,5000,110.0,1,0.0,0.0,0.0,0.0,0,0.0,0.07,166,0,0.0,2,2 keran stabil,stable,0.3,1,0,
2026-07-02T19:27:20.409,349670,632,0.48333333333333334,0.7058666666666666,0.6173333333333333,50.0,5000,110.0,1,0.0,0.0,0.0,0.0,0,0.0,0.07,166,0,0.0,2,2 keran stabil,stable,0.3,1,0,
2026-07-02T19:27:20.907,350195,598,0.48446666666666666,0.7064666666666667,0.6196666666666667,50.0,5000,110.0,1,0.0,0.0,0.0,0.0,0,0.0,0.07,166,0,0.0,2,2 keran stabil,stable,0.3,1,0,
2026-07-02T19:27:21.406,350674,598,0.4842666666666666,0.7066666666666667,0.6206666666666667,50.0,5000,110.0,1,0.0,0.0,0.0,0.0,0,0.0,0.07,166,0,0.0,2,2 keran stabil,stable,0.3,1,0,
2026-07-02T19:27:21.908,351199,597,0.4848,0.707,0.6216,50.0,5000,110.0,1,0.0,0.0,0.0,0.0,0,0.0,0.07,166,0,0.0,2,2 keran stabil,stable,0.3,1,0,
2026-07-02T19:27:22.408,351669,595,0.4808,0.7055333333333333,0.6169999999999999,50.0,5000,110.0,1,0.0,0.0,0.0,0.0,0,0.0,0.07,166,0,0.0,2,2 keran stabil,stable,0.3,1,0,
2026-07-02T19:27:22.909,352194,592,0.48059999999999997,0.7049333333333333,0.6149333333333333,50.0,5000,110.0,1,0.0,0.0,0.0,0.0,0,0.0,0.07,166,0,0.0,2,2 keran stabil,stable,0.3,1,0,
2026-07-02T19:27:23.411,352716,594,0.4798666666666666,0.7043333333333333,0.6127333333333332,50.0,5000,110.0,1,0.0,0.0,0.0,0.0,0,0.0,0.07,166,0,0.0,2,2 keran stabil,stable,0.3,1,0,
2026-07-02T19:27:23.925,353241,591,0.48019999999999996,0.7035333333333332,0.6102000000000001,50.0,5000,110.0,1,0.0,0.0,0.0,0.0,0,0.0,0.07,166,0,0.0,2,2 keran stabil,stable,0.3,1,0,
2026-07-02T19:27:24.425,353699,601,0.47966666666666663,0.7039333333333333,0.6113999999999999,50.0,5000,110.0,1,0.0,0.0,0.0,0.0,0,0.0,0.07,166,0,0.0,2,2 keran stabil,stable,0.3,1,0,
2026-07-02T19:27:24.925,354224,599,0.4799333333333333,0.7045999999999999,0.6139333333333333,50.0,5000,110.0,1,0.0,0.0,0.0,0.0,0,0.0,0.07,166,0,0.0,2,2 keran stabil,stable,0.3,1,0,
2026-07-02T19:27:25.426,354703,594,0.48006666666666664,0.7055333333333333,0.6170666666666667,50.0,5000,110.0,1,0.0,0.0,0.0,0.0,0,0.0,0.07,166,0,0.0,2,2 keran stabil,stable,0.3,1,0,
2026-07-02T19:27:25.923,355228,574,0.4762,0.7024666666666666,0.6076666666666667,50.0,5000,110.0,1,0.0,0.0,0.0,0.0,0,0.0,0.07,166,0,0.0,2,2 keran stabil,stable,0.3,1,0,
2026-07-02T19:27:26.424,355698,579,0.4717333333333333,0.6970666666666666,0.5912000000000001,50.0,5000,110.0,1,0.0,0.0,0.0,0.0,0,0.0,0.07,166,0,0.0,2,2 keran stabil,stable,0.3,1,0,
2026-07-02T19:27:26.926,356223,624,0.47,0.6906666666666667,0.5719333333333334,50.0,5000,110.0,1,0.0,0.0,0.0,0.0,0,0.0,0.07,166,0,0.0,2,2 keran stabil,stable,0.3,1,0,
2026-07-02T19:27:27.428,356745,606,0.46926666666666667,0.6848666666666666,0.5551333333333334,50.0,5000,110.0,1,0.0,0.0,0.0,0.0,0,0.0,0.07,166,0,0.0,2,2 keran stabil,stable,0.3,1,0,
2026-07-02T19:27:27.989,357270,574,0.46973333333333334,0.6845333333333333,0.5542666666666667,50.0,5000,110.0,1,0.0,0.0,0.0,0.0,0,0.0,0.07,166,0,0.0,2,2 keran stabil,stable,0.3,1,0,
2026-07-02T19:27:28.552,357832,573,0.4658666666666667,0.683,0.5494,50.0,5000,110.0,1,0.0,0.0,0.0,0.0,0,0.0,0.07,166,0,0.0,2,2 keran stabil,stable,0.3,1,0,
2026-07-02T19:27:29.114,358407,557,0.46366666666666667,0.6824666666666667,0.5474,50.0,5000,110.0,1,0.0,0.0,0.0,0.0,0,0.0,0.07,166,0,0.0,2,2 keran stabil,stable,0.3,1,0,
2026-07-02T19:27:29.612,358932,558,0.4594,0.676,0.528,50.0,5000,110.0,1,0.0,0.0,0.0,0.0,0,0.0,0.07,166,0,0.0,2,2 keran stabil,stable,0.3,1,0,
2026-07-02T19:27:30.112,359455,557,0.45640000000000003,0.6701333333333335,0.5106666666666667,50.0,5000,110.0,1,0.0,0.0,0.0,0.0,0,0.0,0.07,166,0,0.0,2,2 keran stabil,stable,0.3,1,0,
2026-07-02T19:27:30.677,359980,567,0.45546666666666663,0.6665333333333334,0.5000666666666667,50.0,5000,110.0,1,0.0,0.0,0.0,0.0,0,0.0,0.07,166,0,0.0,2,2 keran stabil,stable,0.3,1,0,
2026-07-02T19:27:31.244,360542,572,0.4580666666666667,0.6702,0.5108,50.0,5000,110.0,1,0.0,0.0,0.0,0.0,0,0.0,0.07,166,0,0.0,2,2 keran stabil,stable,0.3,1,0,
2026-07-02T19:27:31.742,361067,568,0.4592,0.6728666666666666,0.5184666666666666,50.0,5000,110.0,1,0.0,0.0,0.0,0.0,0,0.0,0.07,166,0,0.0,2,2 keran stabil,stable,0.3,1,0,
2026-07-02T19:27:32.239,361546,569,0.4604666666666667,0.6744666666666668,0.5232666666666667,50.0,5000,110.0,1,0.0,0.0,0.0,0.0,0,0.0,0.07,166,0,0.0,2,2 keran stabil,stable,0.3,1,0,
2026-07-02T19:27:32.741,362071,575,0.46020000000000005,0.6744000000000001,0.5230666666666667,50.0,5000,110.0,1,0.0,0.0,0.0,0.0,0,0.0,0.07,166,0,0.0,2,2 keran stabil,stable,0.3,1,0,
2026-07-02T19:27:33.239,362541,574,0.46113333333333334,0.6750666666666667,0.525,50.0,5000,110.0,1,0.0,0.0,0.0,0.0,0,0.0,0.07,166,0,0.0,2,2 keran stabil,stable,0.3,1,0,
2026-07-02T19:27:33.737,363066,572,0.4608666666666667,0.6750666666666667,0.5249333333333334,50.0,5000,110.0,1,0.0,0.0,0.0,0.0,0,0.0,0.07,166,0,0.0,2,2 keran stabil,stable,0.3,1,0,
2026-07-02T19:27:34.286,363589,571,0.4610666666666667,0.6743333333333333,0.523,50.0,5000,110.0,1,0.0,0.0,0.0,0.0,0,0.0,0.07,166,0,0.0,2,2 keran stabil,stable,0.3,1,0,
2026-07-02T19:27:34.789,364114,565,0.46066666666666667,0.6746666666666667,0.5244000000000001,50.0,5000,110.0,1,0.0,0.0,0.0,0.0,0,0.0,0.07,166,0,0.0,2,2 keran stabil,stable,0.3,1,0,
2026-07-02T19:27:35.347,364676,563,0.45933333333333337,0.6745333333333333,0.5242666666666668,50.0,5000,110.0,1,0.0,0.0,0.0,0.0,0,0.0,0.07,166,0,0.0,2,2 keran stabil,stable,0.3,1,0,
2026-07-02T19:27:35.846,365201,579,0.4580666666666667,0.6738666666666667,0.5223333333333333,50.0,5000,110.0,1,0.0,0.0,0.0,0.0,0,0.0,0.07,166,0,0.0,2,2 keran stabil,stable,0.3,1,0,
2026-07-02T19:27:36.344,365680,567,0.45720000000000005,0.6727333333333334,0.5185333333333334,50.0,5000,110.0,1,0.0,0.0,0.0,0.0,0,0.0,0.07,166,0,0.0,2,2 keran stabil,stable,0.3,1,0,
2026-07-02T19:27:36.848,366205,569,0.45793333333333336,0.6723333333333333,0.5174,50.0,5000,110.0,1,0.0,0.0,0.0,0.0,0,0.0,0.07,166,0,0.0,2,2 keran stabil,stable,0.3,1,0,
2026-07-02T19:27:37.349,366675,573,0.46026666666666666,0.6734000000000001,0.5207333333333334,50.0,5000,110.0,1,0.0,0.0,0.0,0.0,0,0.0,0.07,166,0,0.0,2,2 keran stabil,stable,0.3,1,0,
2026-07-02T19:27:37.846,367200,571,0.4596666666666667,0.6739333333333334,0.5225333333333333,50.0,5000,110.0,1,0.0,0.0,0.0,0.0,0,0.0,0.07,166,0,0.0,2,2 keran stabil,stable,0.3,1,0,
2026-07-02T19:27:38.405,367722,559,0.4598666666666667,0.6748,0.5244000000000001,50.0,5000,110.0,1,0.0,0.0,0.0,0.0,0,0.0,0.07,166,0,0.0,2,2 keran stabil,stable,0.3,1,0,
2026-07-02T19:27:38.905,368247,567,0.4595333333333334,0.6737333333333333,0.5213333333333333,50.0,5000,110.0,1,0.0,0.0,0.0,0.0,0,0.0,0.07,166,0,0.0,2,2 keran stabil,stable,0.3,1,0,
2026-07-02T19:27:39.467,368809,558,0.46060000000000006,0.6744666666666668,0.5233333333333333,50.0,5000,110.0,1,0.0,0.0,0.0,0.0,0,0.0,0.07,166,0,0.0,2,2 keran stabil,stable,0.3,1,0,
2026-07-02T19:27:39.969,369334,569,0.462,0.6743333333333333,0.5236,50.0,5000,110.0,1,0.0,0.0,0.0,0.0,0,0.0,0.07,166,0,0.0,2,2 keran stabil,stable,0.3,1,0,
2026-07-02T19:27:40.469,369804,571,0.4622,0.6750666666666667,0.5257333333333334,50.0,5000,110.0,1,0.0,0.0,0.0,0.0,0,0.0,0.07,166,0,0.0,2,2 keran stabil,stable,0.3,1,0,
2026-07-02T19:27:40.967,370329,569,0.46033333333333337,0.674,0.5224,50.0,5000,110.0,1,0.0,0.0,0.0,0.0,0,0.0,0.07,166,0,0.0,2,2 keran stabil,stable,0.3,1,0,
2026-07-02T19:27:41.466,370851,574,0.4596666666666667,0.6748,0.5248666666666667,50.0,5000,110.0,1,0.0,0.0,0.0,0.0,0,0.0,0.07,166,0,0.0,2,2 keran stabil,stable,0.3,1,0,
2026-07-02T19:27:42.032,371376,568,0.45926666666666666,0.6749333333333334,0.5250666666666667,50.0,5000,110.0,1,0.0,0.0,0.0,0.0,0,0.0,0.07,166,0,0.0,2,2 keran stabil,stable,0.3,1,0,
2026-07-02T19:27:42.599,371938,573,0.4596666666666667,0.6742666666666667,0.5230666666666667,50.0,5000,110.0,1,0.0,0.0,0.0,0.0,0,0.0,0.07,166,0,0.0,2,2 keran stabil,stable,0.3,1,0,
2026-07-02T19:27:43.166,372513,569,0.459,0.6737333333333333,0.5214666666666666,50.0,5000,110.0,1,0.0,0.0,0.0,0.0,0,0.0,0.07,166,0,0.0,2,2 keran stabil,stable,0.3,1,0,
2026-07-02T19:27:43.667,373038,569,0.4592,0.6737333333333333,0.5215333333333334,50.0,5000,110.0,1,0.0,0.0,0.0,0.0,0,0.0,0.07,166,0,0.0,2,2 keran stabil,stable,0.3,1,0,
2026-07-02T19:27:44.168,373560,571,0.45926666666666666,0.6741333333333334,0.5232,50.0,5000,110.0,1,0.0,0.0,0.0,0.0,0,0.0,0.07,166,0,0.0,2,2 keran stabil,stable,0.3,1,0,
2026-07-02T19:27:44.734,374085,565,0.4595333333333334,0.6738666666666667,0.5224,50.0,5000,110.0,1,0.0,0.0,0.0,0.0,0,0.0,0.07,166,0,0.0,2,2 keran stabil,stable,0.3,1,0,
2026-07-02T19:27:45.300,374652,565,0.4584666666666667,0.6726,0.518,50.0,5000,110.0,1,0.0,0.0,0.0,0.0,0,0.0,0.07,166,0,0.0,2,2 keran stabil,stable,0.3,1,0,
2026-07-02T19:27:45.801,375177,566,0.4580666666666667,0.6724,0.5168,50.0,5000,110.0,1,0.0,0.0,0.0,0.0,0,0.0,0.07,166,0,0.0,2,2 keran stabil,stable,0.3,1,0,
2026-07-02T19:27:46.302,375652,560,0.4558666666666667,0.672,0.5158666666666667,50.0,5000,110.0,1,0.0,0.0,0.0,0.0,0,0.0,0.07,166,0,0.0,2,2 keran stabil,stable,0.3,1,0,
2026-07-02T19:27:46.799,376177,566,0.45653333333333335,0.6719333333333334,0.516,50.0,5000,110.0,1,0.0,0.0,0.0,0.0,0,0.0,0.07,166,0,0.0,2,2 keran stabil,stable,0.3,1,0,
2026-07-02T19:27:47.301,376647,567,0.4562666666666667,0.6717333333333334,0.5158,50.0,5000,110.0,1,0.0,0.0,0.0,0.0,0,0.0,0.07,166,0,0.0,2,2 keran stabil,stable,0.3,1,0,
2026-07-02T19:27:47.801,377172,571,0.4568666666666667,0.6712666666666667,0.5144,50.0,5000,110.0,1,0.0,0.0,0.0,0.0,0,0.0,0.07,166,0,0.0,2,2 keran stabil,stable,0.3,1,0,
2026-07-02T19:27:48.300,377694,576,0.45693333333333336,0.6708000000000001,0.5128666666666667,50.0,5000,110.0,1,0.0,0.0,0.0,0.0,0,0.0,0.07,166,0,0.0,2,2 keran stabil,stable,0.3,1,0,
2026-07-02T19:27:48.864,378219,567,0.45726666666666665,0.6706000000000001,0.5125333333333334,50.0,5000,110.0,1,0.0,0.0,0.0,0.0,0,0.0,0.07,166,0,0.0,2,2 keran stabil,stable,0.3,1,0,
2026-07-02T19:27:49.368,378781,573,0.4582666666666667,0.6712000000000001,0.5141333333333333,50.0,5000,110.0,1,0.0,0.0,0.0,0.0,0,0.0,0.07,166,0,0.0,2,2 keran stabil,stable,0.3,1,0,
2026-07-02T19:27:49.930,379306,568,0.459,0.6715333333333333,0.5151333333333333,50.0,5000,110.0,1,0.0,0.0,0.0,0.0,0,0.0,0.07,166,0,0.0,2,2 keran stabil,stable,0.3,1,0,
2026-07-02T19:27:50.492,379881,576,0.46180000000000004,0.6724666666666667,0.5172,50.0,5000,110.0,1,0.0,0.0,0.0,0.0,0,0.0,0.07,166,0,0.0,2,2 keran stabil,stable,0.3,1,0,
2026-07-02T19:27:50.993,380406,565,0.4614666666666667,0.672,0.516,50.0,5000,110.0,1,0.0,0.0,0.0,0.0,0,0.0,0.07,166,0,0.0,2,2 keran stabil,stable,0.3,1,0,
2026-07-02T19:27:51.557,380928,567,0.46173333333333333,0.6714666666666668,0.5146666666666667,50.0,5000,110.0,1,0.0,0.0,0.0,0.0,0,0.0,0.07,166,0,0.0,2,2 keran stabil,stable,0.3,1,0,
2026-07-02T19:27:52.057,381453,548,0.45513333333333333,0.666,0.4986,50.0,5000,110.0,1,0.0,0.0,0.0,0.0,0,0.0,0.07,166,0,0.0,2,2 keran stabil,stable,0.3,1,0,
2026-07-02T19:27:52.620,382015,546,0.4496,0.6596,0.47900000000000004,50.0,5000,110.0,1,0.0,0.0,0.0,0.0,0,0.0,0.07,166,0,0.0,2,2 keran stabil,stable,0.3,1,0,
2026-07-02T19:27:53.182,382590,548,0.4437333333333333,0.6535333333333334,0.46066666666666667,50.0,5000,110.0,1,0.0,0.0,0.0,0.0,0,0.0,0.07,166,0,0.0,2,2 keran stabil,stable,0.3,1,0,
2026-07-02T19:27:53.741,383115,551,0.44286666666666663,0.6514666666666666,0.455,50.0,5000,110.0,1,0.0,0.0,0.0,0.0,0,0.0,0.07,166,0,0.0,2,2 keran stabil,stable,0.3,1,0,
2026-07-02T19:27:54.243,383637,554,0.4431333333333333,0.6506666666666666,0.45260000000000006,50.0,5000,110.0,1,0.0,0.0,0.0,0.0,0,0.0,0.07,166,0,0.0,2,2 keran stabil,stable,0.3,1,0,
2026-07-02T19:27:54.746,384162,554,0.4424666666666667,0.6494,0.4486,50.0,5000,110.0,1,0.0,0.0,0.0,0.0,0,0.0,0.07,166,0,0.0,2,2 keran stabil,stable,0.3,1,0,
2026-07-02T19:27:55.305,384725,545,0.4422666666666667,0.6487333333333333,0.44626666666666664,50.0,5000,110.0,1,0.0,0.0,0.0,0.0,0,0.0,0.07,166,0,0.0,2,2 keran stabil,stable,0.3,1,0,
2026-07-02T19:27:55.868,385250,549,0.4431333333333333,0.6492666666666668,0.4482666666666667,50.0,5000,110.0,1,0.0,0.0,0.0,0.0,0,0.0,0.07,166,0,0.0,2,2 keran stabil,stable,0.3,1,0,
2026-07-02T19:27:56.429,385834,548,0.44420000000000004,0.6502666666666667,0.4514666666666667,50.0,5000,110.0,1,0.0,0.0,0.0,0.0,0,0.0,0.07,166,0,0.0,2,2 keran stabil,stable,0.3,1,0,
2026-07-02T19:27:56.937,386359,554,0.44506666666666667,0.6512666666666667,0.45426666666666665,50.0,5000,110.0,1,0.0,0.0,0.0,0.0,0,0.0,0.07,166,0,0.0,2,2 keran stabil,stable,0.3,1,0,
2026-07-02T19:27:57.438,386829,551,0.44493333333333335,0.6510666666666667,0.4532,50.0,5000,110.0,1,0.0,0.0,0.0,0.0,0,0.0,0.07,166,0,0.0,2,2 keran stabil,stable,0.3,1,0,
2026-07-02T19:27:57.935,387354,551,0.4468666666666667,0.6513333333333333,0.454,50.0,5000,110.0,1,0.0,0.0,0.0,0.0,0,0.0,0.07,166,0,0.0,2,2 keran stabil,stable,0.3,1,0,
2026-07-02T19:27:58.434,387876,554,0.44673333333333337,0.6514666666666666,0.4548,50.0,5000,110.0,1,0.0,0.0,0.0,0.0,0,0.0,0.07,166,0,0.0,2,2 keran stabil,stable,0.3,1,0,
2026-07-02T19:27:58.998,388401,556,0.4474,0.6518,0.4560666666666667,50.0,5000,110.0,1,0.0,0.0,0.0,0.0,0,0.0,0.07,166,0,0.0,2,2 keran stabil,stable,0.3,1,0,
2026-07-02T19:27:59.561,388963,534,0.44473333333333337,0.6510666666666667,0.45420000000000005,50.0,5000,110.0,1,0.0,0.0,0.0,0.0,0,0.0,0.07,166,0,0.0,2,2 keran stabil,stable,0.3,1,0,
2026-07-02T19:28:00.066,389488,549,0.4431333333333333,0.6499333333333334,0.45066666666666666,50.0,5000,110.0,1,0.0,0.0,0.0,0.0,0,0.0,0.07,166,0,0.0,2,2 keran stabil,stable,0.3,1,0,
2026-07-02T19:28:00.631,390063,546,0.43960000000000005,0.6486000000000001,0.44666666666666666,50.0,5000,110.0,1,0.0,0.0,0.0,0.0,0,0.0,0.07,166,0,0.0,2,2 keran stabil,stable,0.3,1,0,
2026-07-02T19:28:01.133,390588,546,0.4372,0.6476666666666666,0.4432,50.0,5000,110.0,1,0.0,0.0,0.0,0.0,0,0.0,0.07,166,0,0.0,2,2 keran stabil,stable,0.3,1,0,
2026-07-02T19:28:01.695,391110,545,0.4418666666666667,0.6484666666666666,0.4454666666666667,50.0,5000,110.0,1,0.0,0.0,0.0,0.0,0,0.0,0.07,166,0,0.0,2,2 keran stabil,stable,0.3,1,0,
2026-07-02T19:28:02.264,391672,551,0.4444666666666667,0.6489333333333334,0.44666666666666666,50.0,5000,110.0,1,0.0,0.0,0.0,0.0,0,0.0,0.07,166,0,0.0,2,2 keran stabil,stable,0.3,1,0,
2026-07-02T19:28:02.763,392197,546,0.44653333333333334,0.6497333333333334,0.44926666666666665,50.0,5000,110.0,1,0.0,0.0,0.0,0.0,0,0.0,0.07,166,0,0.0,2,2 keran stabil,stable,0.3,1,0,
2026-07-02T19:28:03.259,392667,521,0.44153333333333333,0.6492,0.44760000000000005,50.0,5000,110.0,1,0.0,0.0,0.0,0.0,0,0.0,0.07,166,0,0.0,2,2 keran stabil,stable,0.3,1,0,
2026-07-02T19:28:03.759,393192,554,0.4424,0.6501333333333333,0.451,50.0,5000,110.0,1,0.0,0.0,0.0,0.0,0,0.0,0.07,166,0,0.0,2,2 keran stabil,stable,0.3,1,0,
2026-07-02T19:28:04.382,393820,550,0.44293333333333335,0.6505333333333334,0.4526,50.0,5000,110.0,1,0.0,0.0,0.0,0.0,0,0.0,0.07,166,0,0.0,2,2 keran stabil,stable,0.3,1,0,
2026-07-02T19:28:04.884,394345,546,0.44380000000000003,0.6497333333333334,0.45006666666666667,50.0,5000,110.0,1,0.0,0.0,0.0,0.0,0,0.0,0.07,166,0,0.0,2,2 keran stabil,stable,0.3,1,0,
2026-07-02T19:28:05.387,394802,553,0.44326666666666664,0.6490666666666667,0.44780000000000003,50.0,5000,110.0,1,0.0,0.0,0.0,0.0,0,0.0,0.07,166,0,0.0,2,2 keran stabil,stable,0.3,1,0,
2026-07-02T19:28:05.884,395327,547,0.4435333333333334,0.6488666666666667,0.44673333333333337,50.0,5000,110.0,1,0.0,0.0,0.0,0.0,0,0.0,0.07,166,0,0.0,2,2 keran stabil,stable,0.3,1,0,
2026-07-02T19:28:06.445,395911,545,0.44393333333333335,0.6501333333333333,0.4504666666666667,50.0,5000,110.0,1,0.0,0.0,0.0,0.0,0,0.0,0.07,166,0,0.0,2,2 keran stabil,stable,0.3,1,0,
2026-07-02T19:28:07.006,396436,547,0.44593333333333335,0.6511333333333333,0.4536,50.0,5000,110.0,1,0.0,0.0,0.0,0.0,0,0.0,0.07,166,0,0.0,2,2 keran stabil,stable,0.3,1,0,
2026-07-02T19:28:07.575,397011,551,0.4462,0.6519333333333334,0.4560666666666667,50.0,5000,110.0,1,0.0,0.0,0.0,0.0,0,0.0,0.07,166,0,0.0,2,2 keran stabil,stable,0.3,1,0,
2026-07-02T19:28:08.074,397536,545,0.4457333333333333,0.6516000000000001,0.455,50.0,5000,110.0,1,0.0,0.0,0.0,0.0,0,0.0,0.07,166,0,0.0,2,2 keran stabil,stable,0.3,1,0,
2026-07-02T19:28:08.578,398058,542,0.4438666666666667,0.652,0.4560666666666667,50.0,5000,110.0,1,0.0,0.0,0.0,0.0,0,0.0,0.07,166,0,0.0,2,2 keran stabil,stable,0.3,1,0,
2026-07-02T19:28:09.143,398583,546,0.443,0.6519333333333334,0.45553333333333335,50.0,5000,110.0,1,0.0,0.0,0.0,0.0,0,0.0,0.07,166,0,0.0,2,2 keran stabil,stable,0.3,1,0,
2026-07-02T19:28:09.702,399145,549,0.44326666666666664,0.6506666666666666,0.4515333333333333,50.0,5000,110.0,1,0.0,0.0,0.0,0.0,0,0.0,0.07,166,0,0.0,2,2 keran stabil,stable,0.3,1,0,
2026-07-02T19:28:10.262,399720,551,0.44206666666666666,0.6491333333333333,0.44706666666666667,50.0,5000,110.0,1,0.0,0.0,0.0,0.0,0,0.0,0.07,166,0,0.0,2,2 keran stabil,stable,0.3,1,0,
2026-07-02T19:28:10.764,400245,545,0.4424,0.6488,0.44626666666666664,50.0,5000,110.0,1,0.0,0.0,0.0,0.0,0,0.0,0.07,166,0,0.0,2,2 keran stabil,stable,0.3,1,0,
2026-07-02T19:28:11.329,400772,547,0.4421333333333333,0.6490666666666667,0.44760000000000005,50.0,5000,110.0,1,0.0,0.0,0.0,0.0,0,0.0,0.07,166,0,0.0,2,2 keran stabil,stable,0.3,1,0,
2026-07-02T19:28:11.831,401297,546,0.4422666666666667,0.6496666666666667,0.44926666666666665,50.0,5000,110.0,1,0.0,0.0,0.0,0.0,0,0.0,0.07,166,0,0.0,2,2 keran stabil,stable,0.3,1,0,
2026-07-02T19:28:12.393,401844,551,0.44153333333333333,0.6494666666666667,0.4486666666666667,50.0,5000,110.0,1,0.0,0.0,0.0,0.0,0,0.0,0.07,166,0,0.0,2,2 keran stabil,stable,0.3,1,0,
2026-07-02T19:28:12.891,402369,550,0.44286666666666663,0.6496666666666667,0.4486,50.0,5000,110.0,1,0.0,0.0,0.0,0.0,0,0.0,0.07,166,0,0.0,2,2 keran stabil,stable,0.3,1,0,
2026-07-02T19:28:13.393,402839,544,0.4431333333333333,0.6492,0.4474666666666666,50.0,5000,110.0,1,0.0,0.0,0.0,0.0,0,0.0,0.07,166,0,0.0,2,2 keran stabil,stable,0.3,1,0,
2026-07-02T19:28:13.895,403364,415,0.42533333333333334,0.6294666666666667,0.392,50.0,5000,110.0,1,0.0,0.0,0.0,0.0,0,0.0,0.07,166,0,0.0,2,2 keran stabil,stable,0.3,1,0,
2026-07-02T19:28:14.392,403886,407,0.3874666666666667,0.5762666666666667,0.24613333333333334,50.0,5000,110.0,1,0.0,0.0,0.0,0.0,0,0.0,0.07,166,0,0.0,2,2 keran stabil,stable,0.3,1,0,
2026-07-02T19:28:14.952,404411,414,0.35080000000000006,0.5223333333333333,0.1002,50.0,5000,110.0,1,0.0,0.0,0.0,0.0,0,0.0,0.07,166,0,0.0,2,2 keran stabil,stable,0.3,1,0,
2026-07-02T19:28:15.518,404973,426,0.3332,0.4884,0.009333333333333332,50.0,5000,110.0,1,0.0,0.0,0.0,0.0,0,0.0,0.07,166,0,0.0,2,2 keran stabil,stable,0.3,1,0,
2026-07-02T19:28:16.018,405498,412,0.33233333333333337,0.48766666666666664,0.009,50.0,5000,110.0,1,0.0,0.0,0.0,0.0,0,0.0,0.07,166,0,0.0,2,2 keran stabil,stable,0.3,1,0,
2026-07-02T19:28:16.516,405968,408,0.3328666666666667,0.48706666666666665,0.009,50.0,5000,110.0,1,0.0,0.0,0.0,0.0,0,0.0,0.07,166,0,0.0,2,2 keran stabil,stable,0.3,1,0,
2026-07-02T19:28:17.019,406493,395,0.33233333333333337,0.4872666666666667,0.009199999999999998,50.0,5000,110.0,1,0.0,0.0,0.0,0.0,0,0.0,0.07,166,0,0.0,2,2 keran stabil,stable,0.3,1,0,
2026-07-02T19:28:17.517,407015,415,0.3332,0.486,0.009533333333333333,50.0,5000,110.0,1,0.0,0.0,0.0,0.0,0,0.0,0.07,166,0,0.0,2,2 keran stabil,stable,0.3,1,0,
2026-07-02T19:28:18.081,407540,409,0.33293333333333336,0.48693333333333333,0.010066666666666666,50.0,5000,110.0,1,0.0,0.0,0.0,0.0,0,0.0,0.07,166,0,0.0,2,2 keran stabil,stable,0.3,1,0,
2026-07-02T19:28:18.645,408102,413,0.33340000000000003,0.48686666666666667,0.009866666666666666,50.0,5000,110.0,1,0.0,0.0,0.0,0.0,0,0.0,0.07,166,0,0.0,2,2 keran stabil,stable,0.3,1,0,
2026-07-02T19:28:19.145,408627,407,0.3316666666666667,0.48766666666666664,0.009533333333333333,50.0,5000,110.0,1,0.0,0.0,0.0,0.0,0,0.0,0.07,166,0,0.0,2,2 keran stabil,stable,0.3,1,0,
2026-07-02T19:28:19.707,409202,415,0.33226666666666665,0.4874,0.009133333333333332,50.0,5000,110.0,1,0.0,0.0,0.0,0.0,0,0.0,0.07,166,0,0.0,2,2 keran stabil,stable,0.3,1,0,
2026-07-02T19:28:20.205,409727,414,0.3326,0.4877333333333333,0.009133333333333332,50.0,5000,110.0,1,0.0,0.0,0.0,0.0,0,0.0,0.07,166,0,0.0,2,2 keran stabil,stable,0.3,1,0,
2026-07-02T19:28:20.768,410249,415,0.32886666666666664,0.4862666666666666,0.009133333333333332,50.0,5000,110.0,1,0.0,0.0,0.0,0.0,0,0.0,0.07,166,0,0.0,2,2 keran stabil,stable,0.3,1,0,
2026-07-02T19:28:21.331,410801,420,0.32893333333333336,0.48646666666666666,0.009,50.0,5000,110.0,1,0.0,0.0,0.0,0.0,0,0.0,0.07,166,0,0.0,2,2 keran stabil,stable,0.3,1,0,
2026-07-02T19:28:21.829,411326,416,0.3308666666666667,0.48673333333333335,0.009399999999999999,50.0,5000,110.0,1,0.0,0.0,0.0,0.0,0,0.0,0.07,166,0,0.0,2,2 keran stabil,stable,0.3,1,0,
2026-07-02T19:28:22.327,411849,407,0.33533333333333337,0.4884,0.009399999999999999,50.0,5000,110.0,1,0.0,0.0,0.0,0.0,0,0.0,0.07,166,0,0.0,2,2 keran stabil,stable,0.3,1,0,
2026-07-02T19:28:22.890,412374,413,0.3340666666666667,0.48893333333333333,0.009466666666666667,50.0,5000,110.0,1,0.0,0.0,0.0,0.0,0,0.0,0.07,166,0,0.0,2,2 keran stabil,stable,0.3,1,0,
2026-07-02T19:28:23.453,412936,419,0.33313333333333334,0.48933333333333334,0.009399999999999999,50.0,5000,110.0,1,0.0,0.0,0.0,0.0,0,0.0,0.07,166,0,0.0,2,2 keran stabil,stable,0.3,1,0,
2026-07-02T19:28:23.955,413461,377,0.3312,0.4892666666666666,0.009466666666666667,50.0,5000,110.0,1,0.0,0.0,0.0,0.0,0,0.0,0.07,166,0,0.0,2,2 keran stabil,stable,0.3,1,0,
2026-07-02T19:28:24.519,414036,405,0.33140000000000003,0.4892666666666666,0.009733333333333333,50.0,5000,110.0,1,0.0,0.0,0.0,0.0,0,0.0,0.07,166,0,0.0,2,2 keran stabil,stable,0.3,1,0,
2026-07-02T19:28:25.019,414561,416,0.33140000000000003,0.48966666666666664,0.009533333333333333,50.0,5000,110.0,1,0.0,0.0,0.0,0.0,0,0.0,0.07,166,0,0.0,2,2 keran stabil,stable,0.3,1,0,
2026-07-02T19:28:25.580,415083,415,0.3347333333333333,0.49139999999999995,0.0096,50.0,5000,110.0,1,0.0,0.0,0.0,0.0,0,0.0,0.07,166,0,0.0,2,2 keran stabil,stable,0.3,1,0,
2026-07-02T19:28:26.083,415608,414,0.33506666666666673,0.49093333333333333,0.0096,50.0,5000,110.0,1,0.0,0.0,0.0,0.0,0,0.0,0.07,166,0,0.0,2,2 keran stabil,stable,0.3,1,0,
2026-07-02T19:28:26.650,416170,422,0.3357333333333334,0.48973333333333335,0.01,50.0,5000,110.0,1,0.0,0.0,0.0,0.0,0,0.0,0.07,166,0,0.0,2,2 keran stabil,stable,0.3,1,0,
2026-07-02T19:28:27.151,416695,409,0.3345333333333334,0.4890666666666667,0.010199999999999999,50.0,5000,110.0,1,0.0,0.0,0.0,0.0,0,0.0,0.07,166,0,0.0,2,2 keran stabil,stable,0.3,1,0,
2026-07-02T19:28:27.656,417165,417,0.33480000000000004,0.4895333333333333,0.010199999999999999,50.0,5000,110.0,1,0.0,0.0,0.0,0.0,0,0.0,0.07,166,0,0.0,2,2 keran stabil,stable,0.3,1,0,
2026-07-02T19:28:28.158,417690,421,0.3328,0.48979999999999996,0.01,50.0,5000,110.0,1,0.0,0.0,0.0,0.0,0,0.0,0.07,166,0,0.0,2,2 keran stabil,stable,0.3,1,0,
2026-07-02T19:28:28.662,418212,412,0.33233333333333337,0.48966666666666664,0.01,50.0,5000,110.0,1,0.0,0.0,0.0,0.0,0,0.0,0.07,166,0,0.0,2,2 keran stabil,stable,0.3,1,0,
2026-07-02T19:28:29.227,418737,415,0.332,0.48966666666666664,0.0098,50.0,5000,110.0,1,0.0,0.0,0.0,0.0,0,0.0,0.07,166,0,0.0,2,2 keran stabil,stable,0.3,1,0,
2026-07-02T19:28:29.791,419299,413,0.3334666666666667,0.48979999999999996,0.009466666666666667,50.0,5000,110.0,1,0.0,0.0,0.0,0.0,0,0.0,0.07,166,0,0.0,2,2 keran stabil,stable,0.3,1,0,
2026-07-02T19:28:30.351,419874,422,0.33433333333333337,0.48979999999999996,0.009133333333333332,50.0,5000,110.0,1,0.0,0.0,0.0,0.0,0,0.0,0.07,166,0,0.0,2,2 keran stabil,stable,0.3,1,0,
2026-07-02T19:28:30.852,420399,412,0.3366666666666667,0.4904,0.009133333333333332,50.0,5000,110.0,1,0.0,0.0,0.0,0.0,0,0.0,0.07,166,0,0.0,2,2 keran stabil,stable,0.3,1,0,
2026-07-02T19:28:31.416,420922,411,0.33653333333333335,0.49046666666666666,0.009133333333333332,50.0,5000,110.0,1,0.0,0.0,0.0,0.0,0,0.0,0.07,166,0,0.0,2,2 keran stabil,stable,0.3,1,0,
2026-07-02T19:28:32.040,421552,416,0.33526666666666666,0.4908,0.009,50.0,5000,110.0,1,0.0,0.0,0.0,0.0,0,0.0,0.07,166,0,0.0,2,2 keran stabil,stable,0.3,1,0,
2026-07-02T19:28:32.603,422114,426,0.33640000000000003,0.4908666666666666,0.009333333333333332,50.0,5000,110.0,1,0.0,0.0,0.0,0.0,0,0.0,0.07,166,0,0.0,2,2 keran stabil,stable,0.3,1,0,
2026-07-02T19:28:33.103,422639,418,0.33673333333333333,0.4905333333333333,0.009333333333333332,50.0,5000,110.0,1,0.0,0.0,0.0,0.0,0,0.0,0.07,166,0,0.0,2,2 keran stabil,stable,0.3,1,0,
2026-07-02T19:28:33.672,423223,419,0.33493333333333336,0.4904,0.009666666666666665,50.0,5000,110.0,1,0.0,0.0,0.0,0.0,0,0.0,0.07,166,0,0.0,2,2 keran stabil,stable,0.3,1,0,
2026-07-02T19:28:34.215,423748,409,0.33240000000000003,0.49006666666666665,0.009399999999999999,50.0,5000,110.0,1,0.0,0.0,0.0,0.0,0,0.0,0.07,166,0,0.0,2,2 keran stabil,stable,0.3,1,0,
2026-07-02T19:28:34.763,424323,415,0.3274,0.4886666666666667,0.009666666666666665,50.0,5000,110.0,1,0.0,0.0,0.0,0.0,0,0.0,0.07,166,0,0.0,2,2 keran stabil,stable,0.3,1,0,
2026-07-02T19:28:35.279,424848,415,0.3281333333333334,0.4885333333333333,0.009666666666666665,50.0,5000,110.0,1,0.0,0.0,0.0,0.0,0,0.0,0.07,166,0,0.0,2,2 keran stabil,stable,0.3,1,0,
2026-07-02T19:28:35.814,425370,421,0.3303333333333333,0.48766666666666664,0.009866666666666666,50.0,5000,110.0,1,0.0,0.0,0.0,0.0,0,0.0,0.07,166,0,0.0,2,2 keran stabil,stable,0.3,1,0,
2026-07-02T19:28:36.393,425932,399,0.3350666666666667,0.4895333333333333,0.0098,50.0,5000,110.0,1,0.0,0.0,0.0,0.0,0,0.0,0.07,166,0,0.0,2,2 keran stabil,stable,0.3,1,0,
2026-07-02T19:28:37.000,426562,414,0.33680000000000004,0.48966666666666664,0.0098,50.0,5000,110.0,1,0.0,0.0,0.0,0.0,0,0.0,0.07,166,0,0.0,2,2 keran stabil,stable,0.3,1,0,
2026-07-02T19:28:37.580,427137,409,0.33520000000000005,0.49066666666666664,0.009666666666666665,50.0,5000,110.0,1,0.0,0.0,0.0,0.0,0,0.0,0.07,166,0,0.0,2,2 keran stabil,stable,0.3,1,0,
2026-07-02T19:28:38.091,427662,398,0.33413333333333334,0.4904,0.009399999999999999,50.0,5000,110.0,1,0.0,0.0,0.0,0.0,0,0.0,0.07,166,0,0.0,2,2 keran stabil,stable,0.3,1,0,
2026-07-02T19:28:38.624,428184,419,0.3334666666666667,0.4908666666666666,0.009199999999999998,50.0,5000,110.0,1,0.0,0.0,0.0,0.0,0,0.0,0.07,166,0,0.0,2,2 keran stabil,stable,0.3,1,0,
2026-07-02T19:28:39.143,428709,415,0.33380000000000004,0.49019999999999997,0.009466666666666667,50.0,5000,110.0,1,0.0,0.0,0.0,0.0,0,0.0,0.07,166,0,0.0,2,2 keran stabil,stable,0.3,1,0,
2026-07-02T19:28:39.708,429271,416,0.3332,0.49,0.009533333333333333,50.0,5000,110.0,1,0.0,0.0,0.0,0.0,0,0.0,0.07,166,0,0.0,2,2 keran stabil,stable,0.3,1,0,
2026-07-02T19:28:40.207,429796,421,0.333,0.4886,0.009399999999999999,50.0,5000,110.0,1,0.0,0.0,0.0,0.0,0,0.0,0.07,166,0,0.0,2,2 keran stabil,stable,0.3,1,0,
2026-07-02T19:28:40.698,430266,419,0.3336,0.48886666666666667,0.009199999999999998,50.0,5000,110.0,1,0.0,0.0,0.0,0.0,0,0.0,0.07,166,0,0.0,2,2 keran stabil,stable,0.3,1,0,
2026-07-02T19:28:41.321,430896,410,0.3348666666666667,0.48846666666666666,0.009133333333333332,50.0,5000,110.0,1,0.0,0.0,0.0,0.0,0,0.0,0.07,166,0,0.0,2,2 keran stabil,stable,0.3,1,0,
2026-07-02T19:28:41.821,431418,417,0.3354666666666667,0.48966666666666664,0.009466666666666667,50.0,5000,110.0,1,0.0,0.0,0.0,0.0,0,0.0,0.07,166,0,0.0,2,2 keran stabil,stable,0.3,1,0,
2026-07-02T19:28:42.372,431970,416,0.3340666666666667,0.4903333333333333,0.010066666666666666,50.0,5000,110.0,1,0.0,0.0,0.0,0.0,0,0.0,0.07,166,0,0.0,2,2 keran stabil,stable,0.3,1,0,
2026-07-02T19:28:42.935,432495,423,0.3344,0.4908666666666666,0.010266666666666667,50.0,5000,110.0,1,0.0,0.0,0.0,0.0,0,0.0,0.07,166,0,0.0,2,2 keran stabil,stable,0.3,1,0,
2026-07-02T19:28:43.433,433018,414,0.3308666666666667,0.48966666666666664,0.010266666666666667,50.0,5000,110.0,1,0.0,0.0,0.0,0.0,0,0.0,0.07,166,0,0.0,2,2 keran stabil,stable,0.3,1,0,
2026-07-02T19:28:43.934,433543,418,0.3320666666666667,0.4898666666666667,0.010199999999999999,50.0,5000,110.0,1,0.0,0.0,0.0,0.0,0,0.0,0.07,166,0,0.0,2,2 keran stabil,stable,0.3,1,0,
2026-07-02T19:28:44.435,434000,412,0.3320666666666667,0.4903333333333333,0.010133333333333333,50.0,5000,110.0,1,0.0,0.0,0.0,0.0,0,0.0,0.07,166,0,0.0,2,2 keran stabil,stable,0.3,1,0,
2026-07-02T19:28:44.935,434525,431,0.33540000000000003,0.49166666666666664,0.010133333333333333,50.0,5000,110.0,1,0.0,0.0,0.0,0.0,0,0.0,0.07,166,0,0.0,2,2 keran stabil,stable,0.3,1,0,
2026-07-02T19:28:45.525,435099,414,0.336,0.49233333333333335,0.009733333333333333,50.0,5000,110.0,1,0.0,0.0,0.0,0.0,0,0.0,0.07,166,0,0.0,2,2 keran stabil,stable,0.3,1,0,
2026-07-02T19:28:46.026,435624,412,0.3354666666666667,0.49093333333333333,0.009466666666666667,50.0,5000,110.0,1,0.0,0.0,0.0,0.0,0,0.0,0.07,166,0,0.0,2,2 keran stabil,stable,0.3,1,0,
2026-07-02T19:28:46.573,436147,414,0.3333333333333333,0.4892,0.009466666666666667,50.0,5000,110.0,1,0.0,0.0,0.0,0.0,0,0.0,0.07,166,0,0.0,2,2 keran stabil,stable,0.3,1,0,
2026-07-02T19:28:47.089,436672,417,0.3314666666666667,0.48800000000000004,0.009666666666666665,50.0,5000,110.0,1,0.0,0.0,0.0,0.0,0,0.0,0.07,166,0,0.0,2,2 keran stabil,stable,0.3,1,0,
2026-07-02T19:28:47.653,437234,401,0.33133333333333337,0.4878,0.0096,50.0,5000,110.0,1,0.0,0.0,0.0,0.0,0,0.0,0.07,166,0,0.0,2,2 keran stabil,stable,0.3,1,0,
2026-07-02T19:28:48.265,437864,418,0.33220000000000005,0.4892,0.009266666666666666,50.0,5000,110.0,1,0.0,0.0,0.0,0.0,0,0.0,0.07,166,0,0.0,2,2 keran stabil,stable,0.3,1,0,
2026-07-02T19:28:48.763,438334,408,0.3337333333333333,0.4903333333333333,0.009133333333333332,50.0,5000,110.0,1,0.0,0.0,0.0,0.0,0,0.0,0.07,166,0,0.0,2,2 keran stabil,stable,0.3,1,0,
2026-07-02T19:28:49.262,438859,421,0.3350666666666667,0.4892,0.009133333333333332,50.0,5000,110.0,1,0.0,0.0,0.0,0.0,0,0.0,0.07,166,0,0.0,2,2 keran stabil,stable,0.3,1,0,
2026-07-02T19:28:49.759,439381,413,0.335,0.4892666666666666,0.009133333333333332,50.0,5000,110.0,1,0.0,0.0,0.0,0.0,0,0.0,0.07,166,0,0.0,2,2 keran stabil,stable,0.3,1,0,
2026-07-02T19:28:50.324,439906,409,0.3344666666666667,0.4886,0.009199999999999998,50.0,5000,110.0,1,0.0,0.0,0.0,0.0,0,0.0,0.07,166,0,0.0,2,2 keran stabil,stable,0.3,1,0,
2026-07-02T19:28:50.882,440468,409,0.33340000000000003,0.4906,0.009933333333333332,50.0,5000,110.0,1,0.0,0.0,0.0,0.0,0,0.0,0.07,166,0,0.0,2,2 keran stabil,stable,0.3,1,0,
2026-07-02T19:28:51.450,441042,420,0.334,0.49046666666666666,0.009933333333333332,50.0,5000,110.0,1,0.0,0.0,0.0,0.0,0,0.0,0.07,166,0,0.0,2,2 keran stabil,stable,0.3,1,0,
2026-07-02T19:28:51.955,441567,417,0.33393333333333336,0.49046666666666666,0.009933333333333332,50.0,5000,110.0,1,0.0,0.0,0.0,0.0,0,0.0,0.07,166,0,0.0,2,2 keran stabil,stable,0.3,1,0,
2026-07-02T19:28:52.460,442090,413,0.3347333333333333,0.4903333333333333,0.009533333333333333,50.0,5000,110.0,1,0.0,0.0,0.0,0.0,0,0.0,0.07,166,0,0.0,2,2 keran stabil,stable,0.3,1,0,
2026-07-02T19:28:53.024,442615,422,0.33513333333333334,0.49106666666666665,0.009866666666666666,50.0,5000,110.0,1,0.0,0.0,0.0,0.0,0,0.0,0.07,166,0,0.0,2,2 keran stabil,stable,0.3,1,0,
2026-07-02T19:28:53.590,443177,417,0.33533333333333337,0.49013333333333337,0.01,50.0,5000,110.0,1,0.0,0.0,0.0,0.0,0,0.0,0.07,166,0,0.0,2,2 keran stabil,stable,0.3,1,0,
2026-07-02T19:28:54.091,443702,415,0.33513333333333334,0.49,0.01,50.0,5000,110.0,1,0.0,0.0,0.0,0.0,0,0.0,0.07,166,0,0.0,2,2 keran stabil,stable,0.3,1,0,
2026-07-02T19:28:54.641,444277,399,0.3342,0.48973333333333335,0.009933333333333332,50.0,5000,110.0,1,0.0,0.0,0.0,0.0,0,0.0,0.07,166,0,0.0,2,2 keran stabil,stable,0.3,1,0,
2026-07-02T19:28:55.205,444802,422,0.33480000000000004,0.4896,0.009933333333333332,50.0,5000,110.0,1,0.0,0.0,0.0,0.0,0,0.0,0.07,166,0,0.0,2,2 keran stabil,stable,0.3,1,0,
2026-07-02T19:28:55.709,445324,419,0.3363333333333333,0.48966666666666664,0.01,50.0,5000,110.0,1,0.0,0.0,0.0,0.0,0,0.0,0.07,166,0,0.0,2,2 keran stabil,stable,0.3,1,0,
2026-07-02T19:28:56.207,445849,421,0.3366,0.48966666666666664,0.009733333333333333,50.0,5000,110.0,1,0.0,0.0,0.0,0.0,0,0.0,0.07,166,0,0.0,2,2 keran stabil,stable,0.3,1,0,
2026-07-02T19:28:56.711,446306,417,0.33713333333333334,0.49106666666666665,0.009666666666666665,50.0,5000,110.0,1,0.0,0.0,0.0,0.0,0,0.0,0.07,166,0,0.0,2,2 keran stabil,stable,0.3,1,0,
2026-07-02T19:28:57.212,446831,413,0.33526666666666666,0.49133333333333334,0.009399999999999999,50.0,5000,110.0,1,0.0,0.0,0.0,0.0,0,0.0,0.07,166,0,0.0,2,2 keran stabil,stable,0.3,1,0,
2026-07-02T19:28:57.779,447406,417,0.33593333333333336,0.491,0.009533333333333333,50.0,5000,110.0,1,0.0,0.0,0.0,0.0,0,0.0,0.07,166,0,0.0,2,2 keran stabil,stable,0.3,1,0,
2026-07-02T19:28:58.276,447931,419,0.3345333333333334,0.4894,0.009666666666666665,50.0,5000,110.0,1,0.0,0.0,0.0,0.0,0,0.0,0.07,166,0,0.0,2,2 keran stabil,stable,0.3,1,0,
2026-07-02T19:28:58.838,448454,410,0.335,0.48966666666666664,0.009666666666666665,50.0,5000,110.0,1,0.0,0.0,0.0,0.0,0,0.0,0.07,166,0,0.0,2,2 keran stabil,stable,0.3,1,0,
2026-07-02T19:28:59.341,448979,415,0.3336,0.4898666666666667,0.009666666666666665,50.0,5000,110.0,1,0.0,0.0,0.0,0.0,0,0.0,0.07,166,0,0.0,2,2 keran stabil,stable,0.3,1,0,
2026-07-02T19:28:59.902,449541,422,0.33513333333333334,0.4908666666666666,0.009533333333333333,50.0,5000,110.0,1,0.0,0.0,0.0,0.0,0,0.0,0.07,166,0,0.0,2,2 keran stabil,stable,0.3,1,0,
2026-07-02T19:29:00.512,450125,417,0.33560000000000006,0.4904,0.009333333333333332,50.0,5000,110.0,1,0.0,0.0,0.0,0.0,0,0.0,0.07,166,0,0.0,2,2 keran stabil,stable,0.3,1,0,
2026-07-02T19:29:01.124,450755,416,0.3370666666666667,0.4908,0.009266666666666666,50.0,5000,110.0,1,0.0,0.0,0.0,0.0,0,0.0,0.07,166,0,0.0,2,2 keran stabil,stable,0.3,1,0,
2026-07-02T19:29:01.683,451330,387,0.33413333333333334,0.4907333333333333,0.009066666666666666,50.0,5000,110.0,1,0.0,0.0,0.0,0.0,0,0.0,0.07,166,0,0.0,2,2 keran stabil,stable,0.3,1,0,
2026-07-02T19:29:02.231,451855,417,0.33380000000000004,0.48993333333333333,0.009066666666666666,50.0,5000,110.0,1,0.0,0.0,0.0,0.0,0,0.0,0.07,166,0,0.0,2,2 keran stabil,stable,0.3,1,0,
2026-07-02T19:29:02.729,452377,414,0.33313333333333334,0.48966666666666664,0.009,50.0,5000,110.0,1,0.0,0.0,0.0,0.0,0,0.0,0.07,166,0,0.0,2,2 keran stabil,stable,0.3,1,0,
2026-07-02T19:29:03.277,452902,413,0.33433333333333337,0.49019999999999997,0.009,50.0,5000,110.0,1,0.0,0.0,0.0,0.0,0,0.0,0.07,166,0,0.0,2,2 keran stabil,stable,0.3,1,0,
2026-07-02T19:29:03.822,453454,415,0.3344,0.492,0.010066666666666666,50.0,5000,110.0,1,0.0,0.0,0.0,0.0,0,0.0,0.07,166,0,0.0,2,2 keran stabil,stable,0.3,1,0,
2026-07-02T19:29:04.446,454084,420,0.33413333333333334,0.4908666666666666,0.010199999999999999,50.0,5000,110.0,1,0.0,0.0,0.0,0.0,0,0.0,0.07,166,0,0.0,2,2 keran stabil,stable,0.3,1,0,
2026-07-02T19:29:04.948,454607,422,0.3344666666666667,0.4892,0.009266666666666666,50.0,5000,110.0,1,0.0,0.0,0.0,0.0,0,0.0,0.07,166,0,0.0,2,2 keran stabil,stable,0.3,1,0,
2026-07-02T19:29:05.515,455169,415,0.33426666666666666,0.4886,0.009,50.0,5000,110.0,1,0.0,0.0,0.0,0.0,0,0.0,0.07,166,0,0.0,2,2 keran stabil,stable,0.3,1,0,
2026-07-02T19:29:06.016,455694,414,0.3346666666666667,0.4890666666666667,0.009333333333333332,50.0,5000,110.0,1,0.0,0.0,0.0,0.0,0,0.0,0.07,166,0,0.0,2,2 keran stabil,stable,0.3,1,0,
2026-07-02T19:29:06.624,456268,422,0.33266666666666667,0.4895333333333333,0.009333333333333332,50.0,5000,110.0,1,0.0,0.0,0.0,0.0,0,0.0,0.07,166,0,0.0,2,2 keran stabil,stable,0.3,1,0,
2026-07-02T19:29:07.125,456793,418,0.3330666666666667,0.48973333333333335,0.009333333333333332,50.0,5000,110.0,1,0.0,0.0,0.0,0.0,0,0.0,0.07,166,0,0.0,2,2 keran stabil,stable,0.3,1,0,
2026-07-02T19:29:07.627,457316,418,0.33386666666666664,0.48973333333333335,0.009333333333333332,50.0,5000,110.0,1,0.0,0.0,0.0,0.0,0,0.0,0.07,166,0,0.0,2,2 keran stabil,stable,0.3,1,0,
2026-07-02T19:29:08.193,457841,416,0.33566666666666667,0.49,0.009666666666666665,50.0,5000,110.0,1,0.0,0.0,0.0,0.0,0,0.0,0.07,166,0,0.0,2,2 keran stabil,stable,0.3,1,0,
2026-07-02T19:29:08.756,458403,412,0.33613333333333334,0.4898666666666667,0.009933333333333332,50.0,5000,110.0,1,0.0,0.0,0.0,0.0,0,0.0,0.07,166,0,0.0,2,2 keran stabil,stable,0.3,1,0,
2026-07-02T19:29:09.260,458928,407,0.33526666666666666,0.48966666666666664,0.0096,50.0,5000,110.0,1,0.0,0.0,0.0,0.0,0,0.0,0.07,166,0,0.0,2,2 keran stabil,stable,0.3,1,0,
2026-07-02T19:29:09.825,459502,402,0.33493333333333336,0.4892,0.009266666666666666,50.0,5000,110.0,1,0.0,0.0,0.0,0.0,0,0.0,0.07,166,0,0.0,2,2 keran stabil,stable,0.3,1,0,
2026-07-02T19:29:10.369,460027,418,0.3346666666666667,0.4892,0.009,50.0,5000,110.0,1,0.0,0.0,0.0,0.0,0,0.0,0.07,166,0,0.0,2,2 keran stabil,stable,0.3,1,0,
2026-07-02T19:29:10.871,460550,413,0.33493333333333336,0.49,0.009,50.0,5000,110.0,1,0.0,0.0,0.0,0.0,0,0.0,0.07,166,0,0.0,2,2 keran stabil,stable,0.3,1,0,
2026-07-02T19:29:11.423,461075,386,0.33513333333333334,0.49006666666666665,0.009733333333333333,50.0,5000,110.0,1,0.0,0.0,0.0,0.0,0,0.0,0.07,166,0,0.0,2,2 keran stabil,stable,0.3,1,0,
2026-07-02T19:29:11.928,461637,417,0.3344666666666667,0.4902666666666667,0.01,50.0,5000,110.0,1,0.0,0.0,0.0,0.0,0,0.0,0.07,166,0,0.0,2,2 keran stabil,stable,0.3,1,0,
2026-07-02T19:29:12.554,462211,424,0.33593333333333336,0.4892666666666666,0.010533333333333334,50.0,5000,110.0,1,0.0,0.0,0.0,0.0,0,0.0,0.07,166,0,0.0,2,2 keran stabil,stable,0.3,1,0,
2026-07-02T19:29:13.054,462736,416,0.3362,0.491,0.010133333333333333,50.0,5000,110.0,1,0.0,0.0,0.0,0.0,0,0.0,0.07,166,0,0.0,2,2 keran stabil,stable,0.3,1,0,
2026-07-02T19:29:13.601,463259,397,0.33513333333333334,0.4908,0.010133333333333333,50.0,5000,110.0,1,0.0,0.0,0.0,0.0,0,0.0,0.07,166,0,0.0,2,2 keran stabil,stable,0.3,1,0,
2026-07-02T19:29:14.103,463784,412,0.3324666666666667,0.49126666666666663,0.009933333333333332,50.0,5000,110.0,1,0.0,0.0,0.0,0.0,0,0.0,0.07,166,0,0.0,2,2 keran stabil,stable,0.3,1,0,
2026-07-02T19:29:14.669,464346,420,0.3318666666666667,0.48966666666666664,0.0096,50.0,5000,110.0,1,0.0,0.0,0.0,0.0,0,0.0,0.07,166,0,0.0,2,2 keran stabil,stable,0.3,1,0,
2026-07-02T19:29:15.281,464976,420,0.33413333333333334,0.49006666666666665,0.009266666666666666,50.0,5000,110.0,1,0.0,0.0,0.0,0.0,0,0.0,0.07,166,0,0.0,2,2 keran stabil,stable,0.3,1,0,
2026-07-02T19:29:15.849,465550,415,0.33513333333333334,0.49139999999999995,0.009066666666666666,50.0,5000,110.0,1,0.0,0.0,0.0,0.0,0,0.0,0.07,166,0,0.0,2,2 keran stabil,stable,0.3,1,0,
2026-07-02T19:29:16.348,466075,398,0.3350666666666667,0.491,0.009066666666666666,50.0,5000,110.0,1,0.0,0.0,0.0,0.0,0,0.0,0.07,166,0,0.0,2,2 keran stabil,stable,0.3,1,0,
2026-07-02T19:29:16.908,466598,416,0.33426666666666666,0.49066666666666664,0.009266666666666666,50.0,5000,110.0,1,0.0,0.0,0.0,0.0,0,0.0,0.07,166,0,0.0,2,2 keran stabil,stable,0.3,1,0,
2026-07-02T19:29:17.412,467123,413,0.3342,0.4892,0.009533333333333333,50.0,5000,110.0,1,0.0,0.0,0.0,0.0,0,0.0,0.07,166,0,0.0,2,2 keran stabil,stable,0.3,1,0,
2026-07-02T19:29:17.973,467685,424,0.3346,0.4892666666666666,0.009866666666666666,50.0,5000,110.0,1,0.0,0.0,0.0,0.0,0,0.0,0.07,166,0,0.0,2,2 keran stabil,stable,0.3,1,0,
2026-07-02T19:29:18.537,468259,412,0.33493333333333336,0.4898666666666667,0.010066666666666666,50.0,5000,110.0,1,0.0,0.0,0.0,0.0,0,0.0,0.07,166,0,0.0,2,2 keran stabil,stable,0.3,1,0,
2026-07-02T19:29:19.090,468785,410,0.334,0.49019999999999997,0.009733333333333333,50.0,5000,110.0,1,0.0,0.0,0.0,0.0,0,0.0,0.07,166,0,0.0,2,2 keran stabil,stable,0.3,1,0,
2026-07-02T19:29:19.602,469307,437,0.3362,0.49066666666666664,0.009733333333333333,50.0,5000,110.0,1,0.0,0.0,0.0,0.0,0,0.0,0.07,166,0,0.0,2,2 keran stabil,stable,0.3,1,0,
2026-07-02T19:29:20.098,469832,416,0.3357333333333334,0.4895333333333333,0.009666666666666665,50.0,5000,110.0,1,0.0,0.0,0.0,0.0,0,0.0,0.07,166,0,0.0,2,2 keran stabil,stable,0.3,1,0,
2026-07-02T19:29:20.699,470394,411,0.3344666666666667,0.4896,0.01,50.0,5000,110.0,1,0.0,0.0,0.0,0.0,0,0.0,0.07,166,0,0.0,2,2 keran stabil,stable,0.3,1,0,
2026-07-02T19:29:21.308,471024,415,0.33213333333333334,0.48886666666666667,0.01,50.0,5000,110.0,1,0.0,0.0,0.0,0.0,0,0.0,0.07,166,0,0.0,2,2 keran stabil,stable,0.3,1,0,
2026-07-02T19:29:21.887,471599,407,0.3252,0.48833333333333334,0.0098,50.0,5000,110.0,1,0.0,0.0,0.0,0.0,0,0.0,0.07,166,0,0.0,2,2 keran stabil,stable,0.3,1,0,
2026-07-02T19:29:22.385,472124,415,0.32586666666666664,0.48819999999999997,0.009399999999999999,50.0,5000,110.0,1,0.0,0.0,0.0,0.0,0,0.0,0.07,166,0,0.0,2,2 keran stabil,stable,0.3,1,0,
2026-07-02T19:29:22.947,472646,420,0.32606666666666667,0.4892,0.010933333333333333,50.0,5000,110.0,1,0.0,0.0,0.0,0.0,0,0.0,0.07,166,0,0.0,2,2 keran stabil,stable,0.3,1,0,
2026-07-02T19:29:23.448,473171,415,0.3348666666666667,0.491,0.011333333333333332,50.0,5000,110.0,1,0.0,0.0,0.0,0.0,0,0.0,0.07,166,0,0.0,2,2 keran stabil,stable,0.3,1,0,
2026-07-02T19:29:23.993,473733,417,0.3310666666666667,0.49,0.011333333333333332,50.0,5000,110.0,1,0.0,0.0,0.0,0.0,0,0.0,0.07,166,0,0.0,2,2 keran stabil,stable,0.3,1,0,
2026-07-02T19:29:24.558,474307,411,0.3312666666666667,0.4882666666666667,0.009466666666666667,50.0,5000,110.0,1,0.0,0.0,0.0,0.0,0,0.0,0.07,166,0,0.0,2,2 keran stabil,stable,0.3,1,0,
2026-07-02T19:29:25.122,474832,407,0.33,0.48686666666666667,0.009133333333333332,50.0,5000,110.0,1,0.0,0.0,0.0,0.0,0,0.0,0.07,166,0,0.0,2,2 keran stabil,stable,0.3,1,0,
2026-07-02T19:29:25.742,475460,415,0.3342,0.48946666666666666,0.009666666666666665,50.0,5000,110.0,1,0.0,0.0,0.0,0.0,0,0.0,0.07,166,0,0.0,2,2 keran stabil,stable,0.3,1,0,
2026-07-02T19:29:26.233,475985,414,0.3340666666666667,0.4888,0.009933333333333332,50.0,5000,110.0,1,0.0,0.0,0.0,0.0,0,0.0,0.07,166,0,0.0,2,2 keran stabil,stable,0.3,1,0,
2026-07-02T19:29:26.793,476547,409,0.3336,0.4892,0.010066666666666666,50.0,5000,110.0,1,0.0,0.0,0.0,0.0,0,0.0,0.07,166,0,0.0,2,2 keran stabil,stable,0.3,1,0,
2026-07-02T19:29:27.347,477072,418,0.33493333333333336,0.4890666666666667,0.010266666666666667,50.0,5000,110.0,1,0.0,0.0,0.0,0.0,0,0.0,0.07,166,0,0.0,2,2 keran stabil,stable,0.3,1,0,
2026-07-02T19:29:27.895,477656,422,0.3354666666666667,0.49093333333333333,0.010266666666666667,50.0,5000,110.0,1,0.0,0.0,0.0,0.0,0,0.0,0.07,166,0,0.0,2,2 keran stabil,stable,0.3,1,0,
2026-07-02T19:29:28.425,478181,384,0.3300666666666667,0.49046666666666666,0.010466666666666668,50.0,5000,110.0,1,0.0,0.0,0.0,0.0,0,0.0,0.07,166,0,0.0,2,2 keran stabil,stable,0.3,1,0,
2026-07-02T19:29:28.996,478756,413,0.3304,0.49013333333333337,0.010199999999999999,50.0,5000,110.0,1,0.0,0.0,0.0,0.0,0,0.0,0.07,166,0,0.0,2,2 keran stabil,stable,0.3,1,0,
2026-07-02T19:29:29.560,479281,424,0.3304,0.48813333333333336,0.01,50.0,5000,110.0,1,0.0,0.0,0.0,0.0,0,0.0,0.07,166,0,0.0,2,2 keran stabil,stable,0.3,1,0,
2026-07-02T19:29:30.063,479803,412,0.3347333333333333,0.4885333333333333,0.009399999999999999,50.0,5000,110.0,1,0.0,0.0,0.0,0.0,0,0.0,0.07,166,0,0.0,2,2 keran stabil,stable,0.3,1,0,
2026-07-02T19:29:30.605,480365,431,0.3342,0.48819999999999997,0.009199999999999998,50.0,5000,110.0,1,0.0,0.0,0.0,0.0,0,0.0,0.07,166,0,0.0,2,2 keran stabil,stable,0.3,1,0,
2026-07-02T19:29:31.129,480890,414,0.33240000000000003,0.489,0.009333333333333332,50.0,5000,110.0,1,0.0,0.0,0.0,0.0,0,0.0,0.07,166,0,0.0,2,2 keran stabil,stable,0.3,1,0,
2026-07-02T19:29:31.703,481465,421,0.3346666666666667,0.49,0.009533333333333333,50.0,5000,110.0,1,0.0,0.0,0.0,0.0,0,0.0,0.07,166,0,0.0,2,2 keran stabil,stable,0.3,1,0,
2026-07-02T19:29:32.247,481990,412,0.3302666666666667,0.4887333333333333,0.009399999999999999,50.0,5000,110.0,1,0.0,0.0,0.0,0.0,0,0.0,0.07,166,0,0.0,2,2 keran stabil,stable,0.3,1,0,
2026-07-02T19:29:32.767,482513,410,0.3316,0.48933333333333334,0.009466666666666667,50.0,5000,110.0,1,0.0,0.0,0.0,0.0,0,0.0,0.07,166,0,0.0,2,2 keran stabil,stable,0.3,1,0,
2026-07-02T19:29:33.303,483038,415,0.331,0.48993333333333333,0.010133333333333333,50.0,5000,110.0,1,0.0,0.0,0.0,0.0,0,0.0,0.07,166,0,0.0,2,2 keran stabil,stable,0.3,1,0,
2026-07-02T19:29:33.823,483600,410,0.3317333333333333,0.49,0.010133333333333333,50.0,5000,110.0,1,0.0,0.0,0.0,0.0,0,0.0,0.07,166,0,0.0,2,2 keran stabil,stable,0.3,1,0,
2026-07-02T19:29:34.339,484125,456,0.333,0.4904,0.0108,50.0,5000,110.0,1,0.0,0.0,0.0,0.0,0,0.0,0.07,166,0,0.0,2,2 keran stabil,stable,0.3,1,0,
2026-07-02T19:29:34.860,484604,412,0.33313333333333334,0.4892666666666666,0.009933333333333332,50.0,5000,110.0,1,0.0,0.0,0.0,0.0,0,0.0,0.07,166,0,0.0,2,2 keran stabil,stable,0.3,1,0,
2026-07-02T19:29:35.447,485234,408,0.33520000000000005,0.48966666666666664,0.009933333333333332,50.0,5000,110.0,1,0.0,0.0,0.0,0.0,0,0.0,0.07,166,0,0.0,2,2 keran stabil,stable,0.3,1,0,
2026-07-02T19:29:36.029,485809,454,0.33593333333333336,0.4892666666666666,0.009866666666666666,50.0,5000,110.0,1,0.0,0.0,0.0,0.0,0,0.0,0.07,166,0,0.0,2,2 keran stabil,stable,0.3,1,0,
2026-07-02T19:29:36.556,486334,417,0.3362,0.49006666666666665,0.009933333333333332,50.0,5000,110.0,1,0.0,0.0,0.0,0.0,0,0.0,0.07,166,0,0.0,2,2 keran stabil,stable,0.3,1,0,
2026-07-02T19:29:37.069,486857,418,0.3357333333333334,0.49,0.010333333333333333,50.0,5000,110.0,1,0.0,0.0,0.0,0.0,0,0.0,0.07,166,0,0.0,2,2 keran stabil,stable,0.3,1,0,
2026-07-02T19:29:37.645,487418,431,0.33433333333333337,0.4902666666666667,0.009666666666666665,50.0,5000,110.0,1,0.0,0.0,0.0,0.0,0,0.0,0.07,166,0,0.0,2,2 keran stabil,stable,0.3,1,0,
2026-07-02T19:29:38.158,487944,414,0.33433333333333337,0.4895333333333333,0.009933333333333332,50.0,5000,110.0,1,0.0,0.0,0.0,0.0,0,0.0,0.07,166,0,0.0,2,2 keran stabil,stable,0.3,1,0,
2026-07-02T19:29:38.730,488528,414,0.3358,0.4895333333333333,0.009733333333333333,50.0,5000,110.0,1,0.0,0.0,0.0,0.0,0,0.0,0.07,166,0,0.0,2,2 keran stabil,stable,0.3,1,0,
2026-07-02T19:29:39.252,489053,415,0.33386666666666664,0.4891333333333333,0.0104,50.0,5000,110.0,1,0.0,0.0,0.0,0.0,0,0.0,0.07,166,0,0.0,2,2 keran stabil,stable,0.3,1,0,
2026-07-02T19:29:39.816,489628,384,0.3318666666666667,0.48973333333333335,0.010333333333333333,50.0,5000,110.0,1,0.0,0.0,0.0,0.0,0,0.0,0.07,166,0,0.0,2,2 keran stabil,stable,0.3,1,0,
2026-07-02T19:29:40.375,490153,406,0.3308666666666667,0.48966666666666664,0.010733333333333334,50.0,5000,110.0,1,0.0,0.0,0.0,0.0,0,0.0,0.07,166,0,0.0,2,2 keran stabil,stable,0.3,1,0,
2026-07-02T19:29:40.871,490675,416,0.3326,0.4895333333333333,0.0106,50.0,5000,110.0,1,0.0,0.0,0.0,0.0,0,0.0,0.07,166,0,0.0,2,2 keran stabil,stable,0.3,1,0,
2026-07-02T19:29:41.407,491200,418,0.33566666666666667,0.49019999999999997,0.011266666666666666,50.0,5000,110.0,1,0.0,0.0,0.0,0.0,0,0.0,0.07,166,0,0.0,2,2 keran stabil,stable,0.3,1,0,
2026-07-02T19:29:41.949,491762,421,0.3376,0.49,0.011066666666666667,50.0,5000,110.0,1,0.0,0.0,0.0,0.0,0,0.0,0.07,166,0,0.0,2,2 keran stabil,stable,0.3,1,0,
2026-07-02T19:29:42.522,492287,411,0.339,0.4903333333333333,0.0108,50.0,5000,110.0,1,0.0,0.0,0.0,0.0,0,0.0,0.07,166,0,0.0,2,2 keran stabil,stable,0.3,1,0,
2026-07-02T19:29:43.037,492862,417,0.33826666666666666,0.48886666666666667,0.010266666666666667,50.0,5000,110.0,1,0.0,0.0,0.0,0.0,0,0.0,0.07,166,0,0.0,2,2 keran stabil,stable,0.3,1,0,
2026-07-02T19:29:43.596,493387,413,0.33826666666666666,0.4894,0.010533333333333334,50.0,5000,110.0,1,0.0,0.0,0.0,0.0,0,0.0,0.07,166,0,0.0,2,2 keran stabil,stable,0.3,1,0,
2026-07-02T19:29:44.130,493910,429,0.33713333333333334,0.48946666666666666,0.010199999999999999,50.0,5000,110.0,1,0.0,0.0,1.63,0.0,0,0.0,0.07,166,0,0.0,2,2 keran stabil,stable,0.3,1,0,
2026-07-02T19:29:44.659,494471,414,0.33526666666666666,0.48966666666666664,0.010133333333333333,50.0,5000,110.0,1,0.0,0.0,8.4,0.032,0,0.0,0.07,166,0,0.0,2,2 keran stabil,stable,0.3,1,0,
2026-07-02T19:29:45.198,494997,419,0.3344666666666667,0.4886,0.009466666666666667,50.0,5000,110.0,1,0.0,0.0,8.4,0.032,0,0.0,0.07,166,0,0.0,2,2 keran stabil,stable,0.3,1,0,
2026-07-02T19:29:45.759,495572,409,0.33293333333333336,0.4887333333333333,0.009933333333333332,50.0,5000,110.0,1,0.0,0.0,10.14,0.036,0,0.0,0.07,166,0,0.0,2,2 keran stabil,stable,0.3,1,0,
2026-07-02T19:29:46.263,496097,424,0.33540000000000003,0.4895333333333333,0.009866666666666666,50.0,5000,110.0,1,0.0,0.0,10.14,0.036,0,0.0,0.07,166,0,0.0,2,2 keran stabil,stable,0.3,1,0,
2026-07-02T19:29:46.827,496620,417,0.33553333333333335,0.4903333333333333,0.01,50.0,5000,110.0,1,23.1,0.082,33.58,0.166,5,0.896,0.07,166,0,0.0,2,2 keran stabil,stable,0.3,1,0,
2026-07-02T19:29:47.436,497256,423,0.3378,0.4907333333333333,0.010066666666666666,50.0,5000,110.0,1,23.1,0.082,33.58,0.166,5,0.896,0.07,166,0,0.0,2,2 keran stabil,stable,0.3,1,0,
2026-07-02T19:29:47.986,497804,416,0.337,0.4898666666666667,0.011399999999999999,50.0,5000,110.0,1,28.3,0.11,38.51,0.194,6,0.803,0.07,166,0,0.0,2,2 keran stabil,stable,0.3,1,0,
2026-07-02T19:29:48.551,498334,411,0.33560000000000006,0.48819999999999997,0.011333333333333334,50.0,5000,110.0,1,28.3,0.11,38.51,0.194,6,0.803,0.07,166,0,0.0,2,2 keran stabil,stable,0.3,1,0,
2026-07-02T19:29:49.129,498915,471,0.33766666666666667,0.4875333333333333,0.0218,50.0,5000,110.0,1,58.99,0.28,67.65,0.362,23,0.939,0.07,166,0,0.0,2,2 keran stabil,stable,0.3,1,0,
2026-07-02T19:29:49.695,499495,419,0.33693333333333336,0.49033333333333334,0.026533333333333336,50.0,5000,110.0,1,71.66,0.352,79.68,0.433,32,0.927,0.07,166,0,0.0,2,2 keran stabil,stable,0.3,1,0,
2026-07-02T19:29:50.207,500025,416,0.33566666666666667,0.4922666666666667,0.027200000000000002,50.0,5000,110.0,1,71.66,0.352,79.68,0.433,32,0.927,0.07,166,0,0.0,2,2 keran stabil,stable,0.3,1,0,
2026-07-02T19:29:50.784,500606,410,0.33140000000000003,0.49266666666666664,0.016133333333333333,50.0,5000,110.0,1,90.62,0.461,97.67,0.54,50,0.948,0.07,166,0,0.0,2,2 keran stabil,stable,0.3,1,0,
2026-07-02T19:29:51.329,501136,429,0.33266666666666667,0.491,0.0108,50.0,5000,110.0,1,90.62,0.461,97.67,0.54,50,0.948,0.07,166,0,0.0,2,2 keran stabil,stable,0.3,1,0,
2026-07-02T19:29:51.892,501717,419,0.3346666666666667,0.49126666666666663,0.010066666666666666,50.0,5000,110.0,1,100.89,0.52,107.42,0.598,61,0.949,0.07,166,0,0.0,2,2 keran stabil,stable,0.3,1,0,
2026-07-02T19:29:52.439,502247,412,0.33520000000000005,0.4917333333333333,0.010333333333333333,50.0,5000,110.0,1,100.89,0.52,107.42,0.598,61,0.949,0.07,166,0,0.0,2,2 keran stabil,stable,0.3,1,0,
2026-07-02T19:29:52.984,502828,420,0.3332666666666667,0.4912,0.010066666666666666,50.0,5000,110.0,1,106.32,0.55,112.58,0.628,67,0.947,0.07,166,0,0.0,2,2 keran stabil,stable,0.3,1,0,
2026-07-02T19:29:53.499,503358,412,0.3312666666666667,0.48979999999999996,0.010066666666666666,50.0,5000,110.0,1,106.32,0.55,112.58,0.628,67,0.947,0.07,166,0,0.0,2,2 keran stabil,stable,0.3,1,0,
2026-07-02T19:29:54.081,503939,413,0.3308666666666667,0.48893333333333333,0.010266666666666667,50.0,5000,110.0,1,107.25,0.555,113.46,0.633,68,0.946,0.07,166,0,0.0,2,2 keran stabil,stable,0.3,1,0,
2026-07-02T19:29:54.660,504519,430,0.33180000000000004,0.4886666666666667,0.009733333333333333,50.0,5000,110.0,1,107.24,0.555,113.45,0.633,68,0.946,0.07,166,0,0.0,2,2 keran stabil,stable,0.3,1,0,
2026-07-02T19:29:55.190,505049,412,0.3317333333333333,0.48979999999999996,0.01,50.0,5000,110.0,1,107.24,0.555,113.45,0.633,68,0.946,0.07,166,0,0.0,2,2 keran stabil,stable,0.3,1,0,
2026-07-02T19:29:55.769,505630,418,0.33193333333333336,0.48966666666666664,0.0098,50.0,5000,110.0,1,107.22,0.554,113.43,0.632,68,0.948,0.07,166,0,0.0,2,2 keran stabil,stable,0.3,1,0,
2026-07-02T19:29:56.316,506160,413,0.3329333333333333,0.49,0.010333333333333333,60.0,5000,132.0,1,107.22,0.554,113.43,0.632,68,0.948,0.07,166,0,0.0,2,2 keran stabil,stable,0.3,1,0,
2026-07-02T19:29:56.812,506635,418,0.33540000000000003,0.48993333333333333,0.0106,60.0,5000,132.0,1,128.06,0.686,133.22,0.762,98,0.965,0.07,166,0,0.0,2,2 keran stabil,stable,0.3,1,0,
2026-07-02T19:29:57.338,507165,411,0.3358,0.4884,0.010266666666666667,60.0,5000,132.0,1,128.06,0.686,133.22,0.762,98,0.965,0.07,166,0,0.0,2,2 keran stabil,stable,0.3,1,0,
2026-07-02T19:29:57.911,507746,418,0.33433333333333337,0.487,0.0096,60.0,5000,132.0,1,128.7,0.689,133.82,0.765,99,0.967,0.07,166,0,0.0,2,2 keran stabil,stable,0.3,1,0,
2026-07-02T19:29:58.527,508382,415,0.3333333333333333,0.48800000000000004,0.009533333333333333,60.0,5000,132.0,1,128.7,0.689,133.82,0.765,99,0.967,0.07,166,0,0.0,2,2 keran stabil,stable,0.3,1,0,
2026-07-02T19:29:59.087,508962,362,0.33153333333333335,0.4906,0.010199999999999999,60.0,5000,132.0,1,128.73,0.688,133.85,0.764,99,0.968,0.07,166,0,0.0,2,2 keran stabil,stable,0.3,1,0,
2026-07-02T19:29:59.708,509542,416,0.3311333333333334,0.49019999999999997,0.010133333333333333,65.0,5000,143.0,1,128.74,0.688,133.86,0.764,99,0.968,0.07,166,0,0.0,2,2 keran stabil,stable,0.3,1,0,
2026-07-02T19:30:00.221,510073,412,0.33093333333333336,0.4896,0.010199999999999999,65.0,5000,143.0,1,128.74,0.688,133.86,0.764,99,0.968,0.07,166,0,0.0,2,2 keran stabil,stable,0.3,1,0,
2026-07-02T19:30:00.781,510654,409,0.3330666666666667,0.4892,0.009666666666666665,65.0,5000,143.0,1,139.25,0.754,143.84,0.829,116,0.972,0.07,166,0,0.0,2,2 keran stabil,stable,0.3,1,0,
2026-07-02T19:30:01.309,511184,422,0.33513333333333334,0.49093333333333333,0.011066666666666667,65.0,5000,143.0,1,139.25,0.754,143.84,0.829,116,0.972,0.07,166,0,0.0,2,2 keran stabil,stable,0.3,1,0,
2026-07-02T19:30:01.907,511764,419,0.3324666666666667,0.4904,0.0108,65.0,5000,143.0,1,139.48,0.712,144.06,0.788,111,0.977,0.07,166,0,0.0,2,2 keran stabil,stable,0.3,1,0,
2026-07-02T19:30:02.455,512294,420,0.3346,0.49166666666666664,0.011133333333333334,65.0,5000,143.0,1,139.48,0.712,144.06,0.788,111,0.977,0.07,166,0,0.0,2,2 keran stabil,stable,0.3,1,0,
2026-07-02T19:30:02.987,512875,420,0.3337333333333333,0.4920666666666667,0.010199999999999999,65.0,5000,143.0,1,139.71,0.636,144.28,0.713,100,0.972,0.07,166,0,0.0,2,2 keran stabil,stable,0.3,1,0,
2026-07-02T19:30:03.531,513405,419,0.33973333333333333,0.49479999999999996,0.0116,65.0,5000,143.0,1,139.71,0.636,144.28,0.713,100,0.972,0.07,166,0,0.0,2,2 keran stabil,stable,0.3,1,0,
2026-07-02T19:30:04.090,513986,434,0.34226666666666666,0.49846666666666667,0.018133333333333335,65.0,5000,143.0,1,139.76,0.623,144.32,0.7,99,0.979,0.07,166,0,0.0,2,2 keran stabil,stable,0.3,1,0,
2026-07-02T19:30:04.702,514566,433,0.34726666666666667,0.5066,0.03386666666666667,65.0,5000,143.0,1,139.67,0.644,144.24,0.721,101,0.971,0.07,166,0,0.0,2,2 keran stabil,stable,0.3,1,0,
2026-07-02T19:30:05.205,515097,450,0.35206666666666664,0.5134666666666666,0.0472,65.0,5000,143.0,1,139.67,0.644,144.24,0.721,101,0.971,0.07,166,0,0.0,2,2 keran stabil,stable,0.3,1,0,
2026-07-02T19:30:05.812,515677,444,0.3556666666666667,0.5189333333333334,0.05893333333333333,65.0,5000,143.0,1,139.56,0.675,144.13,0.751,105,0.97,0.07,166,0,0.0,2,2 keran stabil,stable,0.3,1,0,
2026-07-02T19:30:06.343,516207,425,0.35666666666666663,0.5186,0.05873333333333333,65.0,5000,143.0,1,139.56,0.675,144.13,0.751,105,0.97,0.07,166,0,0.0,2,2 keran stabil,stable,0.3,1,0,
2026-07-02T19:30:06.901,516788,431,0.3569333333333333,0.5181333333333333,0.059000000000000004,65.0,5000,143.0,1,139.52,0.693,144.1,0.769,108,0.974,0.07,166,0,0.0,2,2 keran stabil,stable,0.3,1,0,
2026-07-02T19:30:07.434,517318,451,0.356,0.5176666666666667,0.05793333333333333,85.0,5000,187.0,1,139.52,0.693,144.1,0.769,108,0.974,0.07,166,0,0.0,2,2 keran stabil,stable,0.3,1,0,
2026-07-02T19:30:08.003,517899,526,0.37779999999999997,0.5456666666666667,0.1398,85.0,5000,187.0,1,139.51,0.692,144.09,0.768,108,0.975,0.07,166,0,0.0,2,2 keran stabil,stable,0.3,1,0,
2026-07-02T19:30:08.527,518429,535,0.4026666666666667,0.5826,0.24853333333333336,85.0,5000,187.0,1,139.51,0.692,144.09,0.768,108,0.975,0.07,166,0,0.0,2,2 keran stabil,stable,0.3,1,0,
2026-07-02T19:30:09.028,518903,526,0.4218,0.6113333333333333,0.33393333333333336,85.0,5000,187.0,1,183.17,0.729,185.53,0.804,148,0.992,0.07,166,0,0.0,2,2 keran stabil,stable,0.3,1,0,
2026-07-02T19:30:09.685,519589,523,0.42893333333333333,0.6269333333333333,0.381,85.0,5000,187.0,1,183.23,0.724,185.59,0.8,147,0.99,0.07,166,0,0.0,2,2 keran stabil,stable,0.3,1,0,
2026-07-02T19:30:10.239,520120,530,0.4282,0.6275999999999999,0.3830666666666667,85.0,5000,187.0,1,183.23,0.724,185.59,0.8,147,0.99,0.07,166,0,0.0,2,2 keran stabil,stable,0.3,1,0,
2026-07-02T19:30:10.824,520701,527,0.4264,0.6264666666666667,0.3794666666666667,85.0,5000,187.0,1,183.22,0.721,185.58,0.797,147,0.993,0.07,166,0,0.0,2,2 keran stabil,stable,0.3,1,0,
2026-07-02T19:30:11.409,521337,545,0.42793333333333333,0.6294666666666667,0.3884666666666667,90.0,5000,198.0,1,183.22,0.721,185.58,0.797,147,0.993,0.07,166,0,0.0,2,2 keran stabil,stable,0.3,1,0,
2026-07-02T19:30:11.932,521812,548,0.43026666666666663,0.6330000000000001,0.39873333333333333,90.0,5000,198.0,1,190.81,0.725,192.79,0.801,153,0.99,0.07,166,0,0.0,2,2 keran stabil,stable,0.3,1,0,
2026-07-02T19:30:12.546,522448,539,0.43620000000000003,0.6394000000000001,0.4179333333333333,90.0,5000,198.0,1,190.81,0.725,192.79,0.801,153,0.99,0.07,166,0,0.0,2,2 keran stabil,stable,0.3,1,0,
2026-07-02T19:30:13.127,523028,588,0.44120000000000004,0.642,0.4261333333333333,90.0,5000,198.0,1,194.73,0.72,196.51,0.796,155,0.99,0.07,166,0,0.0,2,2 keran stabil,stable,0.3,1,0,
2026-07-02T19:30:13.676,523608,552,0.4428,0.6425333333333333,0.4278666666666667,90.0,5000,198.0,1,194.71,0.721,196.49,0.797,156,0.996,0.07,166,0,0.0,2,2 keran stabil,stable,0.3,1,0,
2026-07-02T19:30:14.205,524139,542,0.4424,0.6425333333333333,0.4280666666666667,90.0,5000,198.0,1,194.71,0.721,196.49,0.797,156,0.996,0.07,166,0,0.0,2,2 keran stabil,stable,0.3,1,0,
2026-07-02T19:30:14.716,524613,554,0.44173333333333337,0.6430666666666667,0.4292666666666667,90.0,5000,198.0,1,194.69,0.725,196.47,0.801,156,0.991,0.07,166,0,0.0,2,2 keran stabil,stable,0.3,1,0,
2026-07-02T19:30:15.241,525144,540,0.43826666666666664,0.6418666666666667,0.42606666666666665,90.0,5000,198.0,1,194.69,0.725,196.47,0.801,156,0.991,0.07,166,0,0.0,2,2 keran stabil,stable,0.3,1,0,
2026-07-02T19:30:15.807,525724,544,0.4398,0.6424000000000001,0.4275333333333334,90.0,5000,198.0,1,194.7,0.723,196.48,0.799,156,0.993,0.07,166,0,0.0,2,2 keran stabil,stable,0.3,1,0,
2026-07-02T19:30:16.325,526254,545,0.43973333333333336,0.6424666666666667,0.428,90.0,5000,198.0,1,194.7,0.723,196.48,0.799,156,0.993,0.07,166,0,0.0,2,2 keran stabil,stable,0.3,1,0,
2026-07-02T19:30:16.888,526835,546,0.44393333333333335,0.6444,0.43346666666666667,90.0,5000,198.0,1,194.71,0.72,196.49,0.796,155,0.991,0.07,166,0,0.0,2,2 keran stabil,stable,0.3,1,0,
2026-07-02T19:30:17.432,527365,544,0.4414,0.6449333333333332,0.4348666666666666,90.0,5000,198.0,1,194.71,0.72,196.49,0.796,155,0.991,0.07,166,0,0.0,2,2 keran stabil,stable,0.3,1,0,
2026-07-02T19:30:17.928,527840,534,0.4401333333333334,0.6441333333333333,0.4322666666666667,90.0,5000,198.0,1,194.74,0.721,196.52,0.797,156,0.996,0.07,166,0,0.0,2,2 keran stabil,stable,0.3,1,0,
2026-07-02T19:30:18.441,528370,544,0.43633333333333335,0.6424000000000001,0.427,90.0,5000,198.0,1,194.74,0.721,196.52,0.797,156,0.996,0.07,166,0,0.0,2,2 keran stabil,stable,0.3,1,0,
2026-07-02T19:30:19.032,528950,545,0.43666666666666665,0.6411333333333334,0.42306666666666665,90.0,5000,198.0,1,194.78,0.721,196.55,0.797,156,0.995,0.07,166,0,0.0,2,2 keran stabil,stable,0.3,1,0,
2026-07-02T19:30:19.551,529480,542,0.4376,0.6413333333333334,0.42406666666666665,90.0,5000,198.0,1,194.78,0.721,196.55,0.797,156,0.995,0.07,166,0,0.0,2,2 keran stabil,stable,0.3,1,0,
2026-07-02T19:30:20.145,530061,548,0.4368666666666667,0.6412,0.42366666666666664,90.0,5000,198.0,1,194.75,0.721,196.53,0.797,156,0.995,0.07,166,0,0.0,2,2 keran stabil,stable,0.3,1,0,
2026-07-02T19:30:20.722,530641,533,0.43679999999999997,0.6406,0.42239999999999994,90.0,5000,198.0,1,194.77,0.721,196.54,0.797,156,0.995,0.07,166,0,0.0,2,2 keran stabil,stable,0.3,1,0,
2026-07-02T19:30:21.255,531172,554,0.43693333333333334,0.6408,0.42286666666666667,90.0,5000,198.0,1,194.77,0.721,196.54,0.797,156,0.995,0.07,166,0,0.0,2,2 keran stabil,stable,0.3,1,0,
2026-07-02T19:30:21.847,531753,540,0.43660000000000004,0.6404666666666666,0.4217333333333333,90.0,5000,198.0,1,194.72,0.723,196.5,0.799,156,0.993,0.07,166,0,0.0,2,2 keran stabil,stable,0.3,1,0,
2026-07-02T19:30:22.364,532283,546,0.43673333333333336,0.6410666666666667,0.423,90.0,5000,198.0,1,194.72,0.723,196.5,0.799,156,0.993,0.07,166,0,0.0,2,2 keran stabil,stable,0.3,1,0,
2026-07-02T19:30:22.956,532864,542,0.436,0.6401333333333333,0.41986666666666667,90.0,5000,198.0,1,194.72,0.727,196.5,0.802,156,0.989,0.07,166,0,0.0,2,2 keran stabil,stable,0.3,1,0,
2026-07-02T19:30:23.536,533500,532,0.4357333333333333,0.6392000000000001,0.417,90.0,5000,198.0,1,194.72,0.727,196.5,0.802,156,0.989,0.07,166,0,0.0,2,2 keran stabil,stable,0.3,1,0,
2026-07-02T19:30:24.112,534080,545,0.4360666666666667,0.6383333333333333,0.41439999999999994,90.0,5000,198.0,1,194.75,0.728,196.53,0.803,157,0.994,0.07,166,0,0.0,2,2 keran stabil,stable,0.3,1,0,
2026-07-02T19:30:24.700,534661,546,0.43626666666666664,0.6378,0.41286666666666666,90.0,5000,198.0,1,194.78,0.727,196.55,0.802,157,0.995,0.07,166,0,0.0,2,2 keran stabil,stable,0.3,1,0,
2026-07-02T19:30:25.236,535191,552,0.43820000000000003,0.6376666666666666,0.41326666666666667,90.0,5000,198.0,1,194.78,0.727,196.55,0.802,157,0.995,0.07,166,0,0.0,2,2 keran stabil,stable,0.3,1,0,
2026-07-02T19:30:25.802,535772,544,0.43873333333333336,0.6384666666666666,0.41573333333333334,90.0,5000,198.0,1,194.74,0.727,196.52,0.802,156,0.989,0.07,166,0,0.0,2,2 keran stabil,stable,0.3,1,0,
2026-07-02T19:30:26.367,536302,537,0.43839999999999996,0.6395333333333333,0.4192,90.0,5000,198.0,1,194.74,0.727,196.52,0.802,156,0.989,0.07,166,0,0.0,2,2 keran stabil,stable,0.3,1,0,
2026-07-02T19:30:26.906,536883,529,0.4376,0.6399333333333334,0.4200666666666667,90.0,5000,198.0,1,194.77,0.725,196.54,0.801,156,0.99,0.07,166,0,0.0,2,2 keran stabil,stable,0.3,1,0,
2026-07-02T19:30:27.427,537413,540,0.43679999999999997,0.64,0.42033333333333334,90.0,5000,198.0,1,194.77,0.725,196.54,0.801,156,0.99,0.07,166,0,0.0,2,2 keran stabil,stable,0.3,1,0,
2026-07-02T19:30:27.949,537888,538,0.43833333333333335,0.6406,0.4222666666666666,90.0,5000,198.0,1,194.78,0.723,196.55,0.799,156,0.993,0.07,166,0,0.0,2,2 keran stabil,stable,0.3,1,0,
2026-07-02T19:30:28.466,538418,544,0.43706666666666666,0.6404,0.4218666666666666,90.0,5000,198.0,1,194.78,0.723,196.55,0.799,156,0.993,0.07,166,0,0.0,2,2 keran stabil,stable,0.3,1,0,
2026-07-02T19:30:29.031,538999,552,0.43693333333333334,0.6402666666666668,0.4218,90.0,5000,198.0,1,194.81,0.722,196.58,0.798,156,0.994,0.07,166,0,0.0,2,2 keran stabil,stable,0.3,1,0,
2026-07-02T19:30:29.595,539529,546,0.43879999999999997,0.6412,0.42386666666666667,90.0,5000,198.0,1,194.81,0.722,196.58,0.798,156,0.994,0.07,166,0,0.0,2,2 keran stabil,stable,0.3,1,0,
2026-07-02T19:30:30.142,540109,555,0.4393333333333333,0.6421333333333333,0.4263333333333333,90.0,5000,198.0,1,194.75,0.722,196.53,0.798,156,0.994,0.07,166,0,0.0,2,2 keran stabil,stable,0.3,1,0,
2026-07-02T19:30:30.700,540689,543,0.4414,0.6424666666666667,0.42706666666666665,90.0,5000,198.0,1,194.79,0.723,196.56,0.799,156,0.993,0.07,166,0,0.0,2,2 keran stabil,stable,0.3,1,0,
2026-07-02T19:30:31.226,541220,538,0.437,0.6405333333333334,0.4218666666666666,90.0,5000,198.0,1,194.79,0.723,196.56,0.799,156,0.993,0.07,166,0,0.0,2,2 keran stabil,stable,0.3,1,0,
2026-07-02T19:30:31.816,541801,535,0.43653333333333333,0.6398666666666667,0.4202,90.0,5000,198.0,1,194.75,0.722,196.53,0.798,156,0.994,0.07,166,0,0.0,2,2 keran stabil,stable,0.3,1,0,
2026-07-02T19:30:32.346,542331,542,0.435,0.6394000000000001,0.4185333333333333,90.0,5000,198.0,1,194.75,0.722,196.53,0.798,156,0.994,0.07,166,0,0.0,2,2 keran stabil,stable,0.3,1,0,
2026-07-02T19:30:32.906,542912,543,0.43626666666666664,0.6391333333333333,0.41766666666666663,90.0,5000,198.0,1,194.8,0.721,196.57,0.797,156,0.995,0.07,166,0,0.0,2,2 keran stabil,stable,0.3,1,0,
2026-07-02T19:30:33.480,543443,544,0.43620000000000003,0.6379333333333334,0.4142,90.0,5000,198.0,1,194.8,0.721,196.57,0.797,156,0.995,0.07,166,0,0.0,2,2 keran stabil,stable,0.3,1,0,
2026-07-02T19:30:34.047,544033,537,0.4360666666666667,0.6369333333333334,0.41153333333333336,90.0,5000,198.0,1,194.8,0.724,196.57,0.8,156,0.992,0.07,166,0,0.0,2,2 keran stabil,stable,0.3,1,0,
2026-07-02T19:30:34.605,544563,538,0.43753333333333333,0.6381333333333334,0.4152666666666667,90.0,5000,198.0,1,194.8,0.724,196.57,0.8,156,0.992,0.07,166,0,0.0,2,2 keran stabil,stable,0.3,1,0,
2026-07-02T19:30:35.144,545135,544,0.43820000000000003,0.6388,0.4172,90.0,5000,198.0,1,194.8,0.727,196.57,0.802,157,0.995,0.07,166,1,0.0,2,2 keran stabil,stable,0.3,1,0,
2026-07-02T19:30:35.752,545724,543,0.43879999999999997,0.6403333333333333,0.4214,90.0,5000,198.0,1,194.78,0.725,196.55,0.801,156,0.99,0.07,166,1,0.0,2,2 keran stabil,stable,0.3,1,0,
2026-07-02T19:30:36.266,546255,539,0.43753333333333333,0.6391333333333333,0.4192666666666666,90.0,5000,198.0,1,194.78,0.725,196.55,0.801,156,0.99,0.07,166,1,0.0,2,2 keran stabil,stable,0.3,1,0,
2026-07-02T19:30:36.812,546825,531,0.43806666666666666,0.6392666666666666,0.4191333333333333,90.0,5000,198.0,1,194.8,0.727,196.57,0.802,157,0.995,0.07,166,1,0.0,2,2 keran stabil,stable,0.3,1,0,
2026-07-02T19:30:37.357,547355,532,0.43633333333333335,0.6385333333333333,0.4170666666666667,90.0,5000,198.0,1,194.8,0.727,196.57,0.802,157,0.995,0.07,166,1,0.0,2,2 keran stabil,stable,0.3,1,0,
2026-07-02T19:30:37.948,547937,537,0.43466666666666665,0.6384666666666666,0.41479999999999995,87.43,5000,192.35,1,194.8,0.725,196.57,0.801,156,0.99,0.07,166,1,87.43,2,2 keran stabil,stable,0.3,1,0,
2026-07-02T19:30:38.459,548472,535,0.43306666666666666,0.6364666666666667,0.4090666666666667,87.43,5000,192.35,1,194.8,0.725,196.57,0.801,156,0.99,0.07,166,1,87.43,2,2 keran stabil,stable,0.3,1,0,
2026-07-02T19:30:38.972,548942,530,0.4315333333333333,0.6346666666666666,0.40413333333333334,87.43,5000,192.35,1,188.89,0.724,190.96,0.8,152,0.994,0.07,166,1,87.43,2,2 keran stabil,stable,0.3,1,0,
2026-07-02T19:30:39.500,549477,537,0.43233333333333335,0.6334,0.4003333333333333,87.43,5000,192.35,1,188.89,0.724,190.96,0.8,152,0.994,0.07,166,1,87.43,2,2 keran stabil,stable,0.3,1,0,
2026-07-02T19:30:40.024,550054,539,0.4306,0.6326666666666667,0.398,87.43,5000,192.35,1,188.78,0.724,190.86,0.8,151,0.988,0.07,166,1,87.43,2,2 keran stabil,stable,0.3,1,0,
2026-07-02T19:30:40.605,550589,537,0.4306,0.6323333333333333,0.3968666666666667,87.43,5000,192.35,1,188.78,0.724,190.86,0.8,151,0.988,0.07,166,1,87.43,2,2 keran stabil,stable,0.3,1,0,
2026-07-02T19:30:41.182,551166,528,0.42846666666666666,0.6303333333333333,0.3914,84.84,5000,186.66,1,188.78,0.722,190.86,0.798,151,0.991,0.07,166,1,84.84,2,2 keran stabil,stable,0.3,1,0,
2026-07-02T19:30:41.741,551743,526,0.42846666666666666,0.6278,0.3842,84.84,5000,186.66,1,183.14,0.719,185.5,0.795,146,0.99,0.07,166,1,84.84,2,2 keran stabil,stable,0.3,1,0,
2026-07-02T19:30:42.269,552278,536,0.4255333333333333,0.6245333333333334,0.37433333333333335,84.84,5000,186.66,1,183.14,0.719,185.5,0.795,146,0.99,0.07,166,1,84.84,2,2 keran stabil,stable,0.3,1,0,
2026-07-02T19:30:42.856,552854,527,0.42486666666666667,0.6235333333333333,0.37106666666666666,84.84,5000,186.66,1,182.93,0.721,185.3,0.797,146,0.988,0.07,166,1,84.84,2,2 keran stabil,stable,0.3,1,0,
2026-07-02T19:30:43.357,553389,526,0.4235333333333333,0.6234666666666667,0.3706,84.84,5000,186.66,1,182.93,0.721,185.3,0.797,146,0.988,0.07,166,1,84.84,2,2 keran stabil,stable,0.3,1,0,
2026-07-02T19:30:43.855,553859,526,0.4251333333333333,0.6243333333333333,0.3732666666666667,82.4,5000,181.28,1,182.94,0.72,185.31,0.796,146,0.989,0.07,166,1,82.4,2,2 keran stabil,stable,0.3,1,0,
2026-07-02T19:30:44.476,554501,521,0.42273333333333335,0.6210666666666668,0.3632,82.4,5000,181.28,1,182.94,0.72,185.31,0.796,146,0.989,0.07,166,1,82.4,2,2 keran stabil,stable,0.3,1,0,
2026-07-02T19:30:45.049,555078,505,0.4212666666666667,0.6168666666666667,0.3506,82.4,5000,181.28,1,178.02,0.718,180.64,0.794,142,0.99,0.07,166,1,82.4,2,2 keran stabil,stable,0.3,1,0,
2026-07-02T19:30:45.565,555613,519,0.41953333333333337,0.6134666666666667,0.34,82.4,5000,181.28,1,178.02,0.718,180.64,0.794,142,0.99,0.07,166,1,82.4,2,2 keran stabil,stable,0.3,1,0,
2026-07-02T19:30:46.157,556190,529,0.4200666666666667,0.6119333333333333,0.33526666666666666,82.4,5000,181.28,1,177.43,0.721,180.08,0.797,142,0.989,0.07,166,1,82.4,2,2 keran stabil,stable,0.3,1,0,
2026-07-02T19:30:46.739,556766,523,0.42,0.6115999999999999,0.3340666666666667,82.4,5000,181.28,1,177.41,0.72,180.06,0.796,142,0.99,0.07,166,1,82.4,2,2 keran stabil,stable,0.3,1,0,
2026-07-02T19:30:47.278,557301,513,0.41933333333333334,0.61,0.3294666666666667,81.42,5000,179.11,1,177.41,0.72,180.06,0.796,142,0.99,0.07,166,1,81.42,2,2 keran stabil,stable,0.3,1,0,
2026-07-02T19:30:47.880,557878,522,0.4191333333333333,0.6105333333333333,0.33093333333333336,81.42,5000,179.11,1,175.75,0.717,178.49,0.793,140,0.989,0.07,166,1,81.42,2,2 keran stabil,stable,0.3,1,0,
2026-07-02T19:30:48.397,558413,518,0.41600000000000004,0.6088,0.32586666666666664,81.42,5000,179.11,1,175.75,0.717,178.49,0.793,140,0.989,0.07,166,1,81.42,2,2 keran stabil,stable,0.3,1,0,
2026-07-02T19:30:48.956,558990,501,0.41566666666666663,0.6091333333333334,0.32713333333333333,81.42,5000,179.11,1,175.21,0.72,177.98,0.796,140,0.988,0.07,166,1,81.42,2,2 keran stabil,stable,0.3,1,0,
2026-07-02T19:30:49.460,559525,521,0.41333333333333333,0.6077333333333333,0.3237333333333333,81.42,5000,179.11,1,175.21,0.72,177.98,0.796,140,0.988,0.07,166,1,81.42,2,2 keran stabil,stable,0.3,1,0,
2026-07-02T19:30:50.047,560102,521,0.4140666666666667,0.6083999999999999,0.32586666666666664,80.15,5000,176.32,1,175.24,0.719,178.0,0.795,140,0.989,0.07,166,1,80.15,2,2 keran stabil,stable,0.3,1,0,
2026-07-02T19:30:50.620,560637,510,0.4119333333333334,0.6056,0.3176,80.15,5000,176.32,1,175.24,0.719,178.0,0.795,140,0.989,0.07,166,1,80.15,2,2 keran stabil,stable,0.3,1,0,
2026-07-02T19:30:51.196,561213,520,0.4111333333333333,0.6039333333333333,0.3124,80.15,5000,176.32,1,172.52,0.718,175.42,0.794,138,0.99,0.07,166,1,80.15,2,2 keran stabil,stable,0.3,1,0,
2026-07-02T19:30:51.772,561790,499,0.41139999999999993,0.6018,0.306,80.15,5000,176.32,1,172.44,0.72,175.35,0.796,138,0.988,0.07,166,1,80.15,2,2 keran stabil,stable,0.3,1,0,
2026-07-02T19:30:52.286,562325,518,0.41146666666666665,0.6015999999999999,0.3051333333333333,80.15,5000,176.32,1,172.44,0.72,175.35,0.796,138,0.988,0.07,166,1,80.15,2,2 keran stabil,stable,0.3,1,0,
2026-07-02T19:30:52.864,562902,499,0.41059999999999997,0.6015999999999999,0.3044,80.01,5000,176.02,1,172.46,0.719,175.37,0.795,138,0.989,0.07,166,1,80.01,2,2 keran stabil,stable,0.3,1,0,
2026-07-02T19:30:53.396,563437,520,0.4095333333333333,0.6008,0.30166666666666664,80.01,5000,176.02,1,172.46,0.719,175.37,0.795,138,0.989,0.07,166,1,80.01,2,2 keran stabil,stable,0.3,1,0,
2026-07-02T19:30:53.933,564014,512,0.41013333333333335,0.6012,0.3030666666666667,80.01,5000,176.02,1,172.12,0.719,175.04,0.795,138,0.991,0.07,166,1,80.01,2,2 keran stabil,stable,0.3,1,0,
2026-07-02T19:30:54.518,564549,505,0.4091333333333333,0.5997333333333333,0.29906666666666665,80.01,5000,176.02,1,172.12,0.719,175.04,0.795,138,0.991,0.07,166,1,80.01,2,2 keran stabil,stable,0.3,1,0,
2026-07-02T19:30:55.086,565126,503,0.4093333333333333,0.5993999999999999,0.29806666666666665,80.01,5000,176.02,1,172.1,0.719,175.02,0.795,137,0.984,0.07,166,1,80.01,2,2 keran stabil,stable,0.3,1,0,
2026-07-02T19:30:55.619,565661,518,0.4086666666666667,0.5991333333333333,0.297,80.01,5000,176.02,1,172.1,0.719,175.02,0.795,137,0.984,0.07,166,1,80.01,2,2 keran stabil,stable,0.3,1,0,
2026-07-02T19:30:56.180,566237,501,0.4094666666666667,0.5989333333333333,0.2965333333333333,79.71,5000,175.36,1,172.06,0.72,174.99,0.796,138,0.99,0.07,166,1,79.71,2,2 keran stabil,stable,0.3,1,0,
2026-07-02T19:30:56.753,566814,510,0.40826666666666667,0.5983999999999999,0.2951333333333333,79.71,5000,175.36,1,171.43,0.72,174.39,0.796,137,0.986,0.07,166,1,79.71,2,2 keran stabil,stable,0.3,1,0,
2026-07-02T19:30:57.277,567349,507,0.4083333333333333,0.5974,0.2922,79.71,5000,175.36,1,171.43,0.72,174.39,0.796,137,0.986,0.07,166,1,79.71,2,2 keran stabil,stable,0.3,1,0,
2026-07-02T19:30:57.874,567926,513,0.4089333333333333,0.5977333333333333,0.2929333333333333,79.71,5000,175.36,1,171.36,0.719,174.32,0.795,137,0.988,0.07,166,1,79.71,2,2 keran stabil,stable,0.3,1,0,
2026-07-02T19:30:58.420,568461,504,0.41133333333333333,0.5983333333333333,0.2946666666666667,79.71,5000,175.36,1,171.36,0.719,174.32,0.795,137,0.988,0.07,166,1,79.71,2,2 keran stabil,stable,0.3,1,0,
2026-07-02T19:30:58.967,569038,492,0.41046666666666665,0.5984666666666667,0.2952,79.43,5000,174.74,1,171.32,0.718,174.28,0.794,137,0.99,0.07,166,1,79.43,2,2 keran stabil,stable,0.3,1,0,
2026-07-02T19:30:59.517,569573,505,0.4104,0.598,0.2936666666666667,79.43,5000,174.74,1,171.32,0.718,174.28,0.794,137,0.99,0.07,166,1,79.43,2,2 keran stabil,stable,0.3,1,0,
2026-07-02T19:31:00.079,570149,517,0.4074666666666667,0.5972000000000001,0.29106666666666664,79.43,5000,174.74,1,170.83,0.718,173.82,0.794,136,0.985,0.07,166,0,79.43,2,2 keran stabil,stable,0.3,1,0,
2026-07-02T19:31:00.589,570684,498,0.4076,0.5968666666666667,0.2899333333333333,79.43,5000,174.74,1,170.83,0.718,173.82,0.794,136,0.985,0.07,166,0,79.43,2,2 keran stabil,stable,0.3,1,0,
2026-07-02T19:31:01.167,571261,521,0.40800000000000003,0.5966666666666666,0.2895333333333333,79.43,5000,174.74,1,170.68,0.72,173.68,0.796,137,0.99,0.07,166,0,79.43,2,2 keran stabil,stable,0.3,1,0,
2026-07-02T19:31:01.774,571838,476,0.4062,0.5970666666666666,0.29086666666666666,79.43,5000,174.74,1,170.67,0.72,173.67,0.796,137,0.991,0.07,166,0,79.43,2,2 keran stabil,stable,0.3,1,0,
2026-07-02T19:31:02.295,572373,535,0.41386666666666666,0.6061333333333334,0.3182,90.0,5000,198.0,1,170.67,0.72,173.67,0.796,137,0.991,0.07,166,0,79.43,2,2 keran stabil,stable,0.3,1,0,
2026-07-02T19:31:02.857,572950,533,0.42153333333333337,0.6198666666666667,0.3595333333333333,90.0,5000,198.0,1,194.28,0.723,196.08,0.799,156,0.995,0.07,166,0,79.43,2,2 keran stabil,stable,0.3,1,0,
2026-07-02T19:31:03.420,573485,542,0.4331333333333333,0.6330666666666667,0.3990666666666666,90.0,5000,198.0,1,194.28,0.723,196.08,0.799,156,0.995,0.07,166,0,79.43,2,2 keran stabil,stable,0.3,1,0,
2026-07-02T19:31:03.967,574062,538,0.4314666666666666,0.6362666666666666,0.4086666666666667,90.0,5000,198.0,1,194.63,0.719,196.41,0.795,155,0.992,0.07,166,0,79.43,2,2 keran stabil,stable,0.3,1,0,
2026-07-02T19:31:04.531,574597,566,0.4335333333333333,0.6350666666666667,0.4053333333333333,90.0,5000,198.0,1,194.63,0.719,196.41,0.795,155,0.992,0.07,166,0,79.43,2,2 keran stabil,stable,0.3,1,0,
2026-07-02T19:31:05.076,575174,555,0.43646666666666667,0.6396,0.419,90.0,5000,198.0,1,194.67,0.72,196.45,0.796,155,0.991,0.07,166,0,79.43,2,2 keran stabil,stable,0.3,1,0,
2026-07-02T19:31:05.613,575709,565,0.44460000000000005,0.648,0.4441333333333333,90.0,5000,198.0,1,194.67,0.72,196.45,0.796,155,0.991,0.07,166,0,79.43,2,2 keran stabil,stable,0.3,1,0,
2026-07-02T19:31:06.107,576178,578,0.4520666666666667,0.6556,0.46686666666666665,90.0,5000,198.0,1,194.49,0.759,196.28,0.834,163,0.995,0.07,166,0,79.43,2,2 keran stabil,stable,0.3,1,0,
2026-07-02T19:31:06.605,576713,567,0.45426666666666665,0.6602,0.4807333333333333,90.0,5000,198.0,1,194.49,0.759,196.28,0.834,163,0.995,0.07,166,0,79.43,2,2 keran stabil,stable,0.3,1,0,
2026-07-02T19:31:07.205,577290,561,0.4552666666666667,0.6602666666666667,0.4809333333333333,90.0,5000,198.0,1,194.47,0.759,196.26,0.834,163,0.995,0.07,166,0,79.43,2,2 keran stabil,stable,0.3,1,0,
2026-07-02T19:31:07.735,577867,565,0.45226666666666665,0.6598666666666666,0.47966666666666663,90.0,5000,198.0,1,194.49,0.759,196.28,0.834,163,0.995,0.07,166,0,79.43,2,2 keran stabil,stable,0.3,1,0,
2026-07-02T19:31:08.315,578402,559,0.45106666666666667,0.6608,0.4831333333333333,90.0,5000,198.0,1,194.49,0.759,196.28,0.834,163,0.995,0.07,166,0,79.43,2,2 keran stabil,stable,0.3,1,0,
2026-07-02T19:31:08.879,578979,568,0.4518666666666667,0.6617333333333334,0.48593333333333333,90.0,5000,198.0,1,194.5,0.757,196.29,0.832,162,0.991,0.07,166,0,79.43,2,2 keran stabil,stable,0.3,1,0,
2026-07-02T19:31:09.376,579514,555,0.45086666666666664,0.6620666666666667,0.48686666666666667,90.0,5000,198.0,1,194.5,0.757,196.29,0.832,162,0.991,0.07,166,0,79.43,2,2 keran stabil,stable,0.3,1,0,
2026-07-02T19:31:09.888,579984,561,0.45126666666666665,0.6616666666666667,0.4852666666666667,90.0,5000,198.0,1,194.52,0.757,196.31,0.832,162,0.991,0.07,166,0,79.43,2,2 keran stabil,stable,0.3,1,0,
2026-07-02T19:31:10.405,580519,552,0.4498666666666667,0.6608666666666667,0.4831333333333333,90.0,5000,198.0,1,194.52,0.757,196.31,0.832,162,0.991,0.07,166,0,79.43,2,2 keran stabil,stable,0.3,1,0,
2026-07-02T19:31:10.968,581096,554,0.44993333333333335,0.66,0.4812,90.0,5000,198.0,1,194.5,0.757,196.29,0.832,162,0.991,0.07,166,0,79.43,2,2 keran stabil,stable,0.3,1,0,
2026-07-02T19:31:11.528,581631,557,0.4498666666666667,0.6589333333333334,0.478,90.0,5000,198.0,1,194.5,0.757,196.29,0.832,162,0.991,0.07,166,0,79.43,2,2 keran stabil,stable,0.3,1,0,
2026-07-02T19:31:12.075,582207,569,0.45080000000000003,0.6590666666666667,0.47786666666666666,90.0,5000,198.0,1,194.48,0.757,196.27,0.832,162,0.992,0.07,166,0,79.43,2,2 keran stabil,stable,0.3,1,0,
2026-07-02T19:31:12.649,582742,559,0.4503333333333333,0.6597333333333334,0.4795333333333333,90.0,5000,198.0,1,194.48,0.757,196.27,0.832,162,0.992,0.07,166,0,79.43,2,2 keran stabil,stable,0.3,1,0,
2026-07-02T19:31:13.179,583319,561,0.4498666666666667,0.6606666666666666,0.4824,90.0,5000,198.0,1,194.49,0.756,196.28,0.831,162,0.993,0.07,166,0,79.43,2,2 keran stabil,stable,0.3,1,0,
2026-07-02T19:31:13.758,583896,583,0.45013333333333333,0.6611333333333334,0.48393333333333327,90.0,5000,198.0,1,194.49,0.755,196.28,0.83,162,0.994,0.07,166,0,79.43,2,2 keran stabil,stable,0.3,1,0,
2026-07-02T19:31:14.306,584431,567,0.45133333333333336,0.6624,0.4877333333333333,93.0,5000,204.6,1,194.49,0.755,196.28,0.83,162,0.994,0.07,166,0,79.43,2,2 keran stabil,stable,0.3,1,0,
2026-07-02T19:31:14.895,585008,567,0.44760000000000005,0.6627333333333334,0.4887333333333333,93.0,5000,204.6,1,200.89,0.759,202.35,0.834,168,0.995,0.07,166,0,79.43,2,2 keran stabil,stable,0.3,1,0,
2026-07-02T19:31:15.405,585543,564,0.4486,0.6657333333333334,0.49766666666666665,93.0,5000,204.6,1,200.89,0.759,202.35,0.834,168,0.995,0.07,166,0,79.43,2,2 keran stabil,stable,0.3,1,0,
2026-07-02T19:31:15.979,586119,566,0.4482666666666667,0.6670666666666667,0.5013333333333334,93.0,5000,204.6,1,201.45,0.756,202.89,0.831,168,0.996,0.07,166,0,79.43,2,2 keran stabil,stable,0.3,1,0,
2026-07-02T19:31:16.493,586654,451,0.4482666666666667,0.6682666666666667,0.5048666666666667,93.0,5000,204.6,1,201.45,0.756,202.89,0.831,168,0.996,0.07,166,0,79.43,2,2 keran stabil,stable,0.3,1,0,
2026-07-02T19:31:17.005,587124,568,0.4484666666666667,0.6661333333333334,0.49846666666666667,93.0,5000,204.6,1,201.44,0.756,202.88,0.831,168,0.996,0.07,166,0,79.43,2,2 keran stabil,stable,0.3,1,0,
2026-07-02T19:31:17.533,587659,570,0.44933333333333336,0.6662,0.49893333333333334,93.0,5000,204.6,1,201.44,0.756,202.88,0.831,168,0.996,0.07,166,0,79.43,2,2 keran stabil,stable,0.3,1,0,
2026-07-02T19:31:18.073,588236,560,0.4497333333333334,0.6670666666666667,0.5015333333333333,93.0,5000,204.6,1,201.44,0.756,202.88,0.831,168,0.996,0.07,166,0,79.43,2,2 keran stabil,stable,0.3,1,0,
2026-07-02T19:31:18.645,588771,584,0.45593333333333336,0.6696666666666666,0.5092666666666666,93.0,5000,204.6,1,201.44,0.756,202.88,0.831,168,0.996,0.07,166,0,79.43,2,2 keran stabil,stable,0.3,1,0,
2026-07-02T19:31:19.184,589347,562,0.45560000000000006,0.6697333333333334,0.5089333333333333,93.0,5000,204.6,1,201.46,0.756,202.9,0.831,168,0.996,0.07,166,0,79.43,2,2 keran stabil,stable,0.3,1,0,
2026-07-02T19:31:19.760,589924,574,0.45513333333333333,0.6686,0.5055999999999999,93.0,5000,204.6,1,201.38,0.757,202.82,0.832,168,0.995,0.07,166,0,79.43,2,2 keran stabil,stable,0.3,1,0,
2026-07-02T19:31:20.284,590459,581,0.4566,0.6675333333333333,0.5022,93.0,5000,204.6,1,201.38,0.757,202.82,0.832,168,0.995,0.07,166,0,79.43,2,2 keran stabil,stable,0.3,1,0,
2026-07-02T19:31:20.888,591036,569,0.4548666666666667,0.6662,0.4986666666666667,93.0,5000,204.6,1,201.45,0.754,202.89,0.829,167,0.992,0.07,166,0,79.43,2,2 keran stabil,stable,0.3,1,0,
2026-07-02T19:31:21.406,591571,558,0.4534666666666667,0.6647333333333333,0.49406666666666665,93.0,5000,204.6,1,201.45,0.754,202.89,0.829,167,0.992,0.07,166,0,79.43,2,2 keran stabil,stable,0.3,1,0,
2026-07-02T19:31:21.998,592148,567,0.45220000000000005,0.6644666666666666,0.49346666666666666,93.0,5000,204.6,1,201.44,0.754,202.88,0.829,167,0.992,0.07,166,0,79.43,2,2 keran stabil,stable,0.3,1,0,
2026-07-02T19:31:22.552,592683,584,0.4562,0.6656,0.4968666666666667,93.0,5000,204.6,1,201.44,0.754,202.88,0.829,167,0.992,0.07,166,0,79.43,2,2 keran stabil,stable,0.3,1,0,
2026-07-02T19:31:23.115,593260,570,0.4578,0.6664666666666667,0.49939999999999996,93.0,5000,204.6,1,201.5,0.754,202.93,0.829,167,0.992,0.07,166,0,79.43,2,2 keran stabil,stable,0.3,1,0,
2026-07-02T19:31:23.606,593795,557,0.45640000000000003,0.6668666666666667,0.5010666666666667,93.0,5000,204.6,1,201.5,0.754,202.93,0.829,167,0.992,0.07,166,0,79.43,2,2 keran stabil,stable,0.3,1,0,
2026-07-02T19:31:24.226,594372,561,0.4540666666666667,0.6664666666666667,0.5004000000000001,93.0,5000,204.6,1,201.48,0.752,202.91,0.827,167,0.995,0.07,166,1,79.43,2,2 keran stabil,stable,0.3,1,0,
2026-07-02T19:31:24.765,594948,562,0.45260000000000006,0.6670666666666667,0.5018,93.0,5000,204.6,1,201.48,0.752,202.91,0.827,167,0.995,0.07,166,1,79.43,2,2 keran stabil,stable,0.3,1,0,
2026-07-02T19:31:25.314,595483,564,0.4528,0.6672,0.502,93.0,5000,204.6,1,201.48,0.752,202.91,0.827,167,0.995,0.07,166,1,79.43,2,2 keran stabil,stable,0.3,1,0,
2026-07-02T19:31:25.813,595953,555,0.4554,0.6676000000000001,0.503,93.0,5000,204.6,1,201.43,0.753,202.87,0.828,167,0.994,0.07,166,1,79.43,2,2 keran stabil,stable,0.3,1,0,
2026-07-02T19:31:26.347,596488,560,0.45439999999999997,0.6666666666666666,0.5004000000000001,93.0,5000,204.6,1,201.43,0.753,202.87,0.828,167,0.994,0.07,166,1,79.43,2,2 keran stabil,stable,0.3,1,0,
2026-07-02T19:31:26.860,597065,552,0.45433333333333337,0.6658000000000001,0.4978666666666667,89.96,5000,197.91,1,201.44,0.753,202.88,0.828,167,0.994,0.07,166,1,89.96,2,2 keran stabil,stable,0.3,1,0,
2026-07-02T19:31:27.419,597600,555,0.4497333333333334,0.6614000000000001,0.48413333333333336,89.96,5000,197.91,1,201.44,0.753,202.88,0.828,167,0.994,0.07,166,1,89.96,2,2 keran stabil,stable,0.3,1,0,
2026-07-02T19:31:27.917,598070,550,0.449,0.6584666666666668,0.4754,89.96,5000,197.91,1,194.43,0.751,196.22,0.826,161,0.993,0.07,166,1,89.96,2,2 keran stabil,stable,0.3,1,0,
2026-07-02T19:31:28.532,598712,554,0.44639999999999996,0.655,0.4652,89.96,5000,197.91,1,194.43,0.751,196.22,0.826,161,0.993,0.07,166,1,89.96,2,2 keran stabil,stable,0.3,1,0,
2026-07-02T19:31:29.128,599289,556,0.4484666666666667,0.6553333333333333,0.46626666666666666,89.96,5000,197.91,1,194.36,0.75,196.16,0.825,161,0.994,0.07,166,1,89.96,2,2 keran stabil,stable,0.3,1,0,
2026-07-02T19:31:29.656,599824,556,0.44793333333333335,0.6562,0.4692,89.96,5000,197.91,1,194.36,0.75,196.16,0.825,161,0.994,0.07,166,1,89.96,2,2 keran stabil,stable,0.3,1,0,
2026-07-02T19:31:30.205,600401,552,0.4466,0.6532,0.46026666666666666,87.07,5000,191.56,1,194.36,0.751,196.16,0.826,161,0.993,0.07,166,1,87.07,2,2 keran stabil,stable,0.3,1,0,
2026-07-02T19:31:30.813,600977,546,0.44253333333333333,0.6491333333333333,0.4484,87.07,5000,191.56,1,187.96,0.751,190.08,0.826,156,0.993,0.07,166,1,87.07,2,2 keran stabil,stable,0.3,1,0,
2026-07-02T19:31:31.309,601512,556,0.44093333333333334,0.6449333333333332,0.43506666666666666,87.07,5000,191.56,1,187.96,0.751,190.08,0.826,156,0.993,0.07,166,1,87.07,2,2 keran stabil,stable,0.3,1,0,
2026-07-02T19:31:31.813,601982,549,0.44106666666666666,0.6445333333333334,0.4334,87.07,5000,191.56,1,187.7,0.751,189.83,0.826,156,0.994,0.07,166,1,87.07,2,2 keran stabil,stable,0.3,1,0,
2026-07-02T19:31:32.421,602624,541,0.43953333333333333,0.6444666666666666,0.4328666666666667,87.07,5000,191.56,1,187.7,0.751,189.83,0.826,156,0.994,0.07,166,1,87.07,2,2 keran stabil,stable,0.3,1,0,
2026-07-02T19:31:33.033,603206,536,0.4374,0.6441333333333333,0.4322,84.07,5000,184.96,1,187.79,0.751,189.92,0.826,156,0.994,0.07,166,1,84.07,2,2 keran stabil,stable,0.3,1,0,
2026-07-02T19:31:33.641,603848,531,0.4346,0.6392000000000001,0.41813333333333336,84.07,5000,184.96,1,187.79,0.751,189.92,0.826,156,0.994,0.07,166,1,84.07,2,2 keran stabil,stable,0.3,1,0,
2026-07-02T19:31:34.248,604430,528,0.4311333333333333,0.6346,0.40420000000000006,84.07,5000,184.96,1,181.02,0.75,183.49,0.825,150,0.99,0.07,166,1,84.07,2,2 keran stabil,stable,0.3,1,0,
2026-07-02T19:31:34.811,605006,531,0.4298,0.6309333333333333,0.393,84.07,5000,184.96,1,181.02,0.751,183.49,0.826,150,0.989,0.07,166,1,84.07,2,2 keran stabil,stable,0.3,1,0,
2026-07-02T19:31:35.357,605541,538,0.4308666666666667,0.6303333333333333,0.39113333333333333,84.07,5000,184.96,1,181.02,0.751,183.49,0.826,150,0.989,0.07,166,1,84.07,2,2 keran stabil,stable,0.3,1,0,
2026-07-02T19:31:35.918,606118,522,0.42833333333333334,0.6294000000000001,0.3884,81.31,5000,178.89,1,181.05,0.752,183.52,0.827,150,0.988,0.07,166,1,81.31,2,2 keran stabil,stable,0.3,1,0,
2026-07-02T19:31:36.419,606653,528,0.4254,0.6253333333333334,0.3761333333333334,81.31,5000,178.89,1,181.05,0.752,183.52,0.827,150,0.988,0.07,166,1,81.31,2,2 keran stabil,stable,0.3,1,0,
2026-07-02T19:31:37.028,607230,524,0.4213333333333333,0.6203333333333333,0.3608,81.31,5000,178.89,1,174.88,0.748,177.66,0.823,145,0.991,0.07,166,1,81.31,2,2 keran stabil,stable,0.3,1,0,
2026-07-02T19:31:37.528,607765,526,0.4184,0.6160666666666667,0.3479333333333333,81.31,5000,178.89,1,174.88,0.748,177.66,0.823,145,0.991,0.07,166,1,81.31,2,2 keran stabil,stable,0.3,1,0,
2026-07-02T19:31:38.137,608342,522,0.419,0.6151333333333333,0.3452,81.31,5000,178.89,1,174.87,0.748,177.65,0.823,145,0.991,0.07,166,1,81.31,2,2 keran stabil,stable,0.3,1,0,
2026-07-02T19:31:38.636,608877,511,0.41686666666666666,0.6145333333333334,0.3434666666666667,79.21,5000,174.27,1,174.87,0.748,177.65,0.823,145,0.991,0.07,166,1,79.21,2,2 keran stabil,stable,0.3,1,0,
2026-07-02T19:31:39.149,609346,510,0.41806666666666664,0.6116666666666667,0.3350666666666667,79.21,5000,174.27,1,174.91,0.747,177.69,0.822,145,0.992,0.07,166,1,79.21,2,2 keran stabil,stable,0.3,1,0,
2026-07-02T19:31:39.661,609881,508,0.4138,0.6074666666666667,0.32306666666666667,79.21,5000,174.27,1,174.91,0.747,177.69,0.822,145,0.992,0.07,166,1,79.21,2,2 keran stabil,stable,0.3,1,0,
2026-07-02T19:31:40.241,610458,510,0.4120666666666667,0.6027333333333333,0.30893333333333334,79.21,5000,174.27,1,170.25,0.743,173.27,0.818,140,0.987,0.07,166,1,79.21,2,2 keran stabil,stable,0.3,1,0,
2026-07-02T19:31:40.812,611035,504,0.40926666666666667,0.6010666666666666,0.30393333333333333,79.21,5000,174.27,1,170.25,0.743,173.27,0.818,140,0.987,0.07,166,1,79.21,2,2 keran stabil,stable,0.3,1,0,
2026-07-02T19:31:41.325,611570,510,0.4099333333333333,0.6011333333333333,0.3038666666666667,79.21,5000,174.27,1,170.25,0.743,173.27,0.818,140,0.987,0.07,166,1,79.21,2,2 keran stabil,stable,0.3,1,0,
2026-07-02T19:31:41.827,612040,502,0.409,0.602,0.3064,79.31,5000,174.49,1,170.24,0.743,173.26,0.818,140,0.987,0.07,166,1,79.31,2,2 keran stabil,stable,0.3,1,0,
2026-07-02T19:31:42.328,612575,522,0.4112,0.6024666666666666,0.3076,79.31,5000,174.49,1,170.24,0.743,173.26,0.818,140,0.987,0.07,166,1,79.31,2,2 keran stabil,stable,0.3,1,0,
2026-07-02T19:31:42.934,613151,512,0.4116666666666667,0.6028666666666667,0.30826666666666663,79.31,5000,174.49,1,170.53,0.743,173.53,0.818,140,0.986,0.07,166,1,79.31,2,2 keran stabil,stable,0.3,1,0,
2026-07-02T19:31:43.434,613686,511,0.4126666666666666,0.6026,0.30706666666666665,79.31,5000,174.49,1,170.53,0.743,173.53,0.818,140,0.986,0.07,166,1,79.31,2,2 keran stabil,stable,0.3,1,0,
2026-07-02T19:31:43.932,614156,507,0.4159333333333333,0.6038,0.311,79.31,5000,174.49,1,170.54,0.744,173.54,0.819,141,0.992,0.07,166,1,79.31,2,2 keran stabil,stable,0.3,1,0,
2026-07-02T19:31:44.438,614691,521,0.4152666666666667,0.6032666666666666,0.30966666666666665,79.31,5000,174.49,1,170.54,0.744,173.54,0.819,141,0.992,0.07,166,1,79.31,2,2 keran stabil,stable,0.3,1,0,
2026-07-02T19:31:45.021,615268,509,0.4134,0.6034666666666666,0.311,78.93,5000,173.66,1,170.57,0.744,173.57,0.819,141,0.991,0.07,166,1,78.93,2,2 keran stabil,stable,0.3,1,0,
2026-07-02T19:31:45.549,615803,507,0.4096666666666666,0.6018666666666667,0.30566666666666664,78.93,5000,173.66,1,170.57,0.744,173.57,0.819,141,0.991,0.07,166,1,78.93,2,2 keran stabil,stable,0.3,1,0,
2026-07-02T19:31:46.129,616380,526,0.4108,0.6009333333333333,0.3028666666666667,78.93,5000,173.66,1,169.77,0.743,172.81,0.818,140,0.99,0.07,166,1,78.93,2,2 keran stabil,stable,0.3,1,0,
2026-07-02T19:31:46.662,616915,512,0.41186666666666666,0.6003333333333333,0.30073333333333335,78.93,5000,173.66,1,169.77,0.743,172.81,0.818,140,0.99,0.07,166,1,78.93,2,2 keran stabil,stable,0.3,1,0,
2026-07-02T19:31:47.261,617491,514,0.4128,0.6001333333333333,0.3002666666666666,78.93,5000,173.66,1,169.76,0.743,172.8,0.818,140,0.99,0.07,166,1,78.93,2,2 keran stabil,stable,0.3,1,0,
2026-07-02T19:31:47.787,618068,518,0.4125333333333333,0.6006,0.3017333333333333,78.76,5000,173.28,1,169.73,0.742,172.77,0.817,140,0.991,0.07,166,1,78.76,2,2 keran stabil,stable,0.3,1,0,
2026-07-02T19:31:48.349,618603,492,0.4118,0.5998,0.2994,78.76,5000,173.28,1,169.73,0.742,172.77,0.817,140,0.991,0.07,166,1,78.76,2,2 keran stabil,stable,0.3,1,0,
2026-07-02T19:31:48.841,619073,510,0.41086666666666666,0.5992666666666666,0.29786666666666667,78.76,5000,173.28,1,169.36,0.743,172.42,0.818,139,0.985,0.07,166,1,78.76,2,2 keran stabil,stable,0.3,1,0,
2026-07-02T19:31:49.341,619608,501,0.4091333333333333,0.5983333333333333,0.2947333333333333,78.76,5000,173.28,1,169.36,0.743,172.42,0.818,139,0.985,0.07,166,1,78.76,2,2 keran stabil,stable,0.3,1,0,
2026-07-02T19:31:49.839,620078,507,0.4084,0.5978666666666667,0.29313333333333336,78.76,5000,173.28,1,169.35,0.743,172.41,0.818,139,0.985,0.07,166,1,78.76,2,2 keran stabil,stable,0.3,1,0,
2026-07-02T19:31:50.349,620613,522,0.4136666666666667,0.6043333333333333,0.313,78.76,5000,173.28,1,169.35,0.743,172.41,0.818,139,0.985,0.07,166,1,78.76,2,2 keran stabil,stable,0.3,1,0,
2026-07-02T19:31:50.925,621189,511,0.4144,0.6074666666666667,0.3224666666666666,77.93,5000,171.44,1,169.22,0.78,172.29,0.855,146,0.991,0.07,166,1,77.93,2,2 keran stabil,stable,0.3,1,0,
2026-07-02T19:31:51.453,621724,519,0.4153333333333333,0.608,0.32413333333333333,77.93,5000,171.44,1,169.22,0.78,172.29,0.855,146,0.991,0.07,166,1,77.93,2,2 keran stabil,stable,0.3,1,0,
2026-07-02T19:31:52.025,622301,508,0.41106666666666664,0.6024666666666666,0.30746666666666667,77.93,5000,171.44,1,167.32,0.787,170.49,0.862,145,0.986,0.07,166,1,77.93,2,2 keran stabil,stable,0.3,1,0,
2026-07-02T19:31:52.574,622836,508,0.40973333333333334,0.5997333333333333,0.2992666666666667,77.93,5000,171.44,1,167.32,0.787,170.49,0.862,145,0.986,0.07,166,1,77.93,2,2 keran stabil,stable,0.3,1,0,
2026-07-02T19:31:53.149,623413,507,0.41,0.6006,0.30206666666666665,77.93,5000,171.44,1,167.36,0.786,170.52,0.861,145,0.987,0.07,166,1,77.93,2,2 keran stabil,stable,0.3,1,0,
2026-07-02T19:31:53.649,623948,539,0.4137333333333333,0.6032,0.3097333333333333,76.37,5000,168.02,1,167.36,0.786,170.52,0.861,145,0.987,0.07,166,1,76.37,2,2 keran stabil,stable,0.3,1,0,
2026-07-02T19:31:54.228,624525,497,0.41146666666666665,0.6018666666666667,0.30593333333333333,76.37,5000,168.02,1,167.33,0.786,170.5,0.861,145,0.987,0.07,166,1,76.37,2,2 keran stabil,stable,0.3,1,0,
2026-07-02T19:31:54.839,625101,500,0.40893333333333337,0.5974,0.2926666666666667,76.37,5000,168.02,1,163.95,0.807,167.29,0.881,145,0.983,0.07,166,1,76.37,2,2 keran stabil,stable,0.3,1,0,
2026-07-02T19:31:55.387,625636,509,0.4016,0.5904666666666666,0.2716,76.37,5000,168.02,1,163.95,0.807,167.29,0.881,145,0.983,0.07,166,1,76.37,2,2 keran stabil,stable,0.3,1,0,
2026-07-02T19:31:55.950,626213,499,0.4022,0.5887999999999999,0.26620000000000005,76.37,5000,168.02,1,163.89,0.807,167.23,0.881,145,0.984,0.07,166,1,76.37,2,2 keran stabil,stable,0.3,1,0,
2026-07-02T19:31:56.454,626748,495,0.3997333333333334,0.588,0.26380000000000003,76.37,5000,168.02,1,163.89,0.807,167.23,0.881,145,0.984,0.07,166,1,76.37,2,2 keran stabil,stable,0.3,1,0,
2026-07-02T19:31:57.036,627325,507,0.40253333333333335,0.5899333333333333,0.2697333333333333,77.57,5000,170.64,1,163.85,0.806,167.19,0.88,145,0.985,0.07,166,1,77.57,2,2 keran stabil,stable,0.3,1,0,
2026-07-02T19:31:57.551,627860,512,0.40393333333333337,0.5925333333333334,0.27786666666666665,77.57,5000,170.64,1,163.85,0.806,167.19,0.88,145,0.985,0.07,166,1,77.57,2,2 keran stabil,stable,0.3,1,0,
2026-07-02T19:31:58.143,628437,502,0.39713333333333334,0.5934666666666666,0.2828666666666667,77.57,5000,170.64,1,166.47,0.814,169.68,0.888,149,0.988,0.07,166,1,77.57,2,2 keran stabil,stable,0.3,1,0,
2026-07-02T19:31:58.684,628972,507,0.3986,0.5957333333333333,0.28966666666666663,77.57,5000,170.64,1,166.47,0.814,169.68,0.888,149,0.988,0.07,166,1,77.57,2,2 keran stabil,stable,0.3,1,0,
2026-07-02T19:31:59.261,629548,514,0.39919999999999994,0.5955999999999999,0.2890666666666667,77.57,5000,170.64,1,166.45,0.814,169.66,0.888,149,0.988,0.07,166,1,77.57,2,2 keran stabil,stable,0.3,1,0,
2026-07-02T19:31:59.836,630125,505,0.40973333333333334,0.5994666666666666,0.2982666666666667,77.39,5000,170.26,1,166.43,0.813,169.64,0.887,149,0.99,0.07,166,1,77.39,2,2 keran stabil,stable,0.3,1,0,
2026-07-02T19:32:00.349,630660,500,0.4092,0.5984666666666667,0.29560000000000003,77.39,5000,170.26,1,166.43,0.813,169.64,0.887,149,0.99,0.07,166,1,77.39,2,2 keran stabil,stable,0.3,1,0,
2026-07-02T19:32:00.925,631237,512,0.40973333333333334,0.5971333333333333,0.29159999999999997,77.39,5000,170.26,1,166.08,0.811,169.31,0.885,148,0.987,0.07,166,1,77.39,2,2 keran stabil,stable,0.3,1,0,
2026-07-02T19:32:01.464,631772,512,0.4094,0.5951333333333333,0.28506666666666663,77.39,5000,170.26,1,166.08,0.811,169.31,0.885,148,0.987,0.07,166,1,77.39,2,2 keran stabil,stable,0.3,1,0,
2026-07-02T19:32:01.968,632242,493,0.4069333333333333,0.5952666666666667,0.2854,77.39,5000,170.26,1,165.78,0.81,169.02,0.884,148,0.99,0.07,166,1,77.39,2,2 keran stabil,stable,0.3,1,0,
2026-07-02T19:32:02.467,632777,519,0.4064666666666667,0.5958,0.28673333333333334,77.39,5000,170.26,1,165.78,0.81,169.02,0.884,148,0.99,0.07,166,1,77.39,2,2 keran stabil,stable,0.3,1,0,
2026-07-02T19:32:03.017,633353,503,0.4044666666666667,0.5963333333333334,0.2892,77.68,5000,170.89,1,165.6,0.809,168.85,0.883,147,0.985,0.07,166,1,77.68,2,2 keran stabil,stable,0.3,1,0,
2026-07-02T19:32:03.549,633888,488,0.40413333333333334,0.5958,0.28773333333333334,77.68,5000,170.89,1,165.6,0.809,168.85,0.883,147,0.985,0.07,166,1,77.68,2,2 keran stabil,stable,0.3,1,0,
2026-07-02T19:32:04.145,634465,510,0.4045333333333333,0.5966,0.2905333333333333,77.68,5000,170.89,1,165.93,0.809,169.17,0.883,148,0.99,0.07,166,1,77.68,2,2 keran stabil,stable,0.3,1,0,
2026-07-02T19:32:04.685,635000,507,0.4086666666666667,0.5972000000000001,0.2920666666666667,77.68,5000,170.89,1,165.93,0.809,169.17,0.883,148,0.99,0.07,166,1,77.68,2,2 keran stabil,stable,0.3,1,0,
2026-07-02T19:32:05.185,635470,510,0.40859999999999996,0.5978666666666667,0.2938666666666666,77.68,5000,170.89,1,166.06,0.81,169.29,0.884,148,0.988,0.07,166,1,77.68,2,2 keran stabil,stable,0.3,1,0,
2026-07-02T19:32:05.827,636153,510,0.4094,0.5974,0.2922666666666666,78.68,5000,173.09,1,166.2,0.81,169.42,0.884,148,0.988,0.07,166,1,78.68,2,2 keran stabil,stable,0.3,1,0,
2026-07-02T19:32:06.370,636688,508,0.40859999999999996,0.6002,0.30079999999999996,78.68,5000,173.09,1,166.2,0.81,169.42,0.884,148,0.988,0.07,166,1,78.68,2,2 keran stabil,stable,0.3,1,0,
2026-07-02T19:32:06.964,637265,510,0.4108666666666666,0.6030666666666666,0.30946666666666667,78.68,5000,173.09,1,168.35,0.816,171.46,0.89,151,0.989,0.07,166,1,78.68,2,2 keran stabil,stable,0.3,1,0,
2026-07-02T19:32:07.466,637800,508,0.41153333333333336,0.6069333333333333,0.32106666666666667,78.68,5000,173.09,1,168.35,0.816,171.46,0.89,151,0.989,0.07,166,1,78.68,2,2 keran stabil,stable,0.3,1,0,
2026-07-02T19:32:07.965,638270,524,0.41313333333333335,0.6069333333333333,0.32166666666666666,78.68,5000,173.09,1,168.25,0.816,171.37,0.89,151,0.99,0.07,166,1,78.68,2,2 keran stabil,stable,0.3,1,0,
2026-07-02T19:32:08.469,638805,506,0.413,0.6064666666666666,0.3198666666666667,78.68,5000,173.09,1,168.25,0.816,171.37,0.89,151,0.99,0.07,166,1,78.68,2,2 keran stabil,stable,0.3,1,0,
2026-07-02T19:32:09.082,639382,502,0.4129333333333333,0.6045333333333333,0.3142666666666667,77.73,5000,171.0,1,168.44,0.816,171.55,0.89,151,0.988,0.07,166,1,77.73,2,2 keran stabil,stable,0.3,1,0,
2026-07-02T19:32:09.596,639917,510,0.4104,0.6018,0.30539999999999995,77.73,5000,171.0,1,168.44,0.816,171.55,0.89,151,0.988,0.07,166,1,77.73,2,2 keran stabil,stable,0.3,1,0,
2026-07-02T19:32:10.131,640493,506,0.40946666666666665,0.5990666666666666,0.2972666666666666,77.73,5000,171.0,1,166.36,0.809,169.57,0.883,148,0.988,0.07,166,1,77.73,2,2 keran stabil,stable,0.3,1,0,
2026-07-02T19:32:10.700,641028,501,0.4091333333333333,0.5980666666666666,0.29406666666666664,77.73,5000,171.0,1,166.36,0.809,169.57,0.883,148,0.988,0.07,166,1,77.73,2,2 keran stabil,stable,0.3,1,0,
2026-07-02T19:32:11.240,641605,509,0.4105333333333333,0.598,0.29366666666666663,77.73,5000,171.0,1,166.25,0.808,169.47,0.882,148,0.99,0.07,166,1,77.73,2,2 keran stabil,stable,0.3,1,0,
2026-07-02T19:32:11.869,642182,502,0.4094666666666667,0.598,0.2938666666666666,78.11,5000,171.84,1,166.32,0.807,169.54,0.881,148,0.99,0.07,166,1,78.11,2,2 keran stabil,stable,0.3,1,0,
2026-07-02T19:32:12.476,642824,510,0.40973333333333334,0.5996,0.29866666666666664,78.11,5000,171.84,1,166.32,0.807,169.54,0.881,148,0.99,0.07,166,1,78.11,2,2 keran stabil,stable,0.3,1,0,
2026-07-02T19:32:13.043,643401,514,0.41000000000000003,0.6012666666666667,0.3038666666666667,78.11,5000,171.84,1,167.16,0.81,170.33,0.884,149,0.989,0.07,166,1,78.11,2,2 keran stabil,stable,0.3,1,0,
2026-07-02T19:32:13.610,643936,511,0.41186666666666666,0.6022666666666666,0.30673333333333336,78.11,5000,171.84,1,167.16,0.81,170.33,0.884,149,0.989,0.07,166,1,78.11,2,2 keran stabil,stable,0.3,1,0,
2026-07-02T19:32:14.141,644513,513,0.4109333333333333,0.6014666666666667,0.3045333333333333,78.11,5000,171.84,1,167.12,0.81,170.3,0.884,149,0.989,0.07,166,1,78.11,2,2 keran stabil,stable,0.3,1,0,
2026-07-02T19:32:14.692,645048,506,0.41133333333333333,0.6016666666666667,0.30566666666666664,77.81,5000,171.18,1,167.12,0.81,170.3,0.884,149,0.989,0.07,166,1,77.81,2,2 keran stabil,stable,0.3,1,0,
2026-07-02T19:32:15.275,645625,483,0.4029333333333333,0.5993999999999999,0.2996,77.81,5000,171.18,1,167.0,0.809,170.18,0.883,149,0.991,0.07,166,1,77.81,2,2 keran stabil,stable,0.3,1,0,
2026-07-02T19:32:15.825,646202,501,0.40586666666666665,0.5990666666666666,0.2988,77.81,5000,171.18,1,166.62,0.808,169.82,0.882,148,0.988,0.07,166,1,77.81,2,2 keran stabil,stable,0.3,1,0,
2026-07-02T19:32:16.392,646737,530,0.4042,0.5975333333333332,0.2938666666666666,77.81,5000,171.18,1,166.62,0.808,169.82,0.882,148,0.988,0.07,166,1,77.81,2,2 keran stabil,stable,0.3,1,0,
2026-07-02T19:32:16.960,647313,505,0.41139999999999993,0.5995333333333334,0.29933333333333334,77.81,5000,171.18,1,166.48,0.807,169.69,0.881,148,0.989,0.07,166,1,77.81,2,2 keran stabil,stable,0.3,1,0,
2026-07-02T19:32:17.485,647848,506,0.40873333333333334,0.5990666666666666,0.2976,77.81,5000,171.18,1,166.48,0.807,169.69,0.881,148,0.989,0.07,166,1,77.81,2,2 keran stabil,stable,0.3,1,0,
2026-07-02T19:32:18.077,648425,507,0.4078,0.5984666666666667,0.29546666666666666,77.9,5000,171.39,1,166.46,0.807,169.67,0.881,148,0.99,0.07,166,1,77.9,2,2 keran stabil,stable,0.3,1,0,
2026-07-02T19:32:18.675,649067,507,0.4099333333333333,0.5986666666666667,0.29579999999999995,77.9,5000,171.39,1,166.46,0.807,169.67,0.881,148,0.99,0.07,166,1,77.9,2,2 keran stabil,stable,0.3,1,0,
2026-07-02T19:32:19.261,649644,502,0.4095333333333333,0.5984666666666667,0.29533333333333334,77.9,5000,171.39,1,166.71,0.807,169.91,0.881,148,0.988,0.07,166,1,77.9,2,2 keran stabil,stable,0.3,1,0,
2026-07-02T19:32:19.869,650221,505,0.4099333333333333,0.5996,0.29919999999999997,77.9,5000,171.39,1,166.61,0.806,169.81,0.88,148,0.99,0.07,166,1,77.9,2,2 keran stabil,stable,0.3,1,0,
2026-07-02T19:32:20.380,650756,512,0.4079333333333333,0.5985999999999999,0.29613333333333336,77.9,5000,171.39,1,166.61,0.806,169.81,0.88,148,0.99,0.07,166,1,77.9,2,2 keran stabil,stable,0.3,1,0,
2026-07-02T19:32:20.957,651332,506,0.41046666666666665,0.5989333333333333,0.2968666666666666,77.83,5000,171.22,1,166.69,0.806,169.89,0.88,148,0.989,0.07,166,1,77.83,2,2 keran stabil,stable,0.3,1,0,
