pc_timestamp,stm32_ms,adc_raw,adc_voltage_v,sensor_voltage_v,pressure_bar,duty_percent,frequency_hz,estimated_output_rms_v,jsy_online,jsy_voltage_rms_v,jsy_current_rms_a,jsy_active_power_w,jsy_power_factor,jsy_energy_kwh,jsy_error_count,valve_open_count,valve_state_label,valve_phase
2026-06-01T18:05:20.394,206754,159,0.12733333333333335,0.18953333333333333,0.0,70.0,5000,154.0,1,28.47,0.09,2,0.78,0.0,31,-,Belum ditandai,unset
2026-06-01T18:05:20.938,207274,156,0.1274,0.18946666666666667,0.0,70.0,5000,154.0,1,28.47,0.09,2,0.78,0.0,31,-,Belum ditandai,unset
2026-06-01T18:05:21.437,207791,154,0.1272,0.18913333333333335,0.0,70.0,5000,154.0,1,28.44,0.09,2,0.781,0.0,31,-,Belum ditandai,unset
2026-06-01T18:05:21.950,208311,158,0.127,0.1892,0.0,70.0,5000,154.0,1,28.44,0.09,2,0.781,0.0,31,-,Belum ditandai,unset
2026-06-01T18:05:22.512,208878,156,0.12713333333333335,0.18946666666666667,0.0,70.0,5000,154.0,1,28.45,0.09,2,0.781,0.0,31,-,Belum ditandai,unset
2026-06-01T18:05:23.134,209502,160,0.12786666666666668,0.19046666666666667,0.0,70.0,5000,154.0,1,28.45,0.09,2,0.781,0.0,31,-,Belum ditandai,unset
2026-06-01T18:05:23.636,210019,157,0.12786666666666668,0.19033333333333333,0.0,70.0,5000,154.0,1,28.48,0.09,2,0.78,0.0,31,-,Belum ditandai,unset
2026-06-01T18:05:24.135,210539,160,0.12840000000000001,0.19126666666666667,0.0,70.0,5000,154.0,1,28.48,0.09,2,0.78,0.0,31,-,Belum ditandai,unset
2026-06-01T18:05:24.635,211002,161,0.1286,0.19146666666666665,0.0,70.0,5000,154.0,1,28.48,0.09,2,0.78,0.0,31,-,Belum ditandai,unset
2026-06-01T18:05:25.132,211522,160,0.12886666666666666,0.19173333333333334,0.0,70.0,5000,154.0,1,28.48,0.09,2,0.78,0.0,31,-,Belum ditandai,unset
2026-06-01T18:05:25.632,212039,158,0.12893333333333334,0.1920666666666667,0.0,70.0,5000,154.0,1,28.49,0.09,2,0.78,0.0,31,-,Belum ditandai,unset
2026-06-01T18:05:26.194,212559,161,0.12873333333333334,0.19186666666666669,0.0,70.0,5000,154.0,1,28.49,0.09,2,0.78,0.0,31,-,Belum ditandai,unset
2026-06-01T18:05:26.754,213126,157,0.12806666666666666,0.19093333333333332,0.0,70.0,5000,154.0,1,28.51,0.09,2,0.779,0.0,31,-,Belum ditandai,unset
2026-06-01T18:05:27.253,213646,158,0.12753333333333333,0.18986666666666666,0.0,70.0,5000,154.0,1,28.51,0.09,2,0.779,0.0,31,-,Belum ditandai,unset
2026-06-01T18:05:27.753,214163,157,0.12713333333333335,0.18933333333333333,0.0,70.0,5000,154.0,1,28.48,0.09,2,0.78,0.0,31,-,Belum ditandai,unset
2026-06-01T18:05:28.317,214729,161,0.12786666666666668,0.19033333333333333,0.0,70.0,5000,154.0,1,28.47,0.09,2,0.78,0.0,31,-,Belum ditandai,unset
2026-06-01T18:05:28.881,215250,159,0.12840000000000001,0.19126666666666667,0.0,70.0,5000,154.0,1,28.47,0.09,2,0.78,0.0,31,-,Belum ditandai,unset
2026-06-01T18:05:29.376,215767,157,0.12840000000000001,0.19126666666666667,0.0,70.0,5000,154.0,1,32.24,0.096,3,0.969,0.0,31,-,Belum ditandai,unset
2026-06-01T18:05:29.874,216287,159,0.12786666666666668,0.1906,0.0,70.0,5000,154.0,1,32.24,0.096,3,0.969,0.0,31,-,Belum ditandai,unset
2026-06-01T18:05:30.375,216749,159,0.12760000000000002,0.19033333333333333,0.0,70.0,5000,154.0,1,34.86,0.097,3,0.887,0.0,31,-,Belum ditandai,unset
2026-06-01T18:05:30.872,217270,156,0.1272,0.18966666666666668,0.0,70.0,5000,154.0,1,34.86,0.097,3,0.887,0.0,31,-,Belum ditandai,unset
2026-06-01T18:05:31.372,217787,159,0.12733333333333335,0.1898,0.0,70.0,5000,154.0,1,42.51,0.106,4,0.887,0.0,31,-,Belum ditandai,unset
2026-06-01T18:05:31.873,218307,158,0.1272,0.1894,0.0,70.0,5000,154.0,1,42.51,0.106,4,0.887,0.0,31,-,Belum ditandai,unset
2026-06-01T18:05:32.497,218874,159,0.12806666666666666,0.19053333333333333,0.0,70.0,5000,154.0,1,45.77,0.108,4,0.809,0.0,31,-,Belum ditandai,unset
2026-06-01T18:05:33.120,219498,157,0.12806666666666666,0.1908,0.0,70.0,5000,154.0,1,45.77,0.108,4,0.809,0.0,31,-,Belum ditandai,unset
2026-06-01T18:05:33.619,220015,157,0.12793333333333334,0.19053333333333333,0.0,70.0,5000,154.0,1,45.78,0.108,4,0.809,0.0,31,-,Belum ditandai,unset
2026-06-01T18:05:34.117,220535,159,0.12760000000000002,0.1902,0.0,70.0,5000,154.0,1,45.78,0.108,4,0.809,0.0,31,-,Belum ditandai,unset
2026-06-01T18:05:34.616,220998,156,0.12766666666666668,0.19013333333333332,0.0,70.0,5000,154.0,1,45.8,0.109,4,0.801,0.0,31,-,Belum ditandai,unset
2026-06-01T18:05:35.115,221518,158,0.128,0.1906,0.0,70.0,5000,154.0,1,45.8,0.109,4,0.801,0.0,31,-,Belum ditandai,unset
2026-06-01T18:05:35.614,222035,157,0.1278,0.19026666666666667,0.0,70.0,5000,154.0,1,45.71,0.109,4,0.802,0.0,31,-,Belum ditandai,unset
2026-06-01T18:05:36.112,222555,158,0.12793333333333334,0.19053333333333333,0.0,70.0,5000,154.0,1,45.71,0.109,4,0.802,0.0,31,-,Belum ditandai,unset
2026-06-01T18:05:36.609,223018,157,0.1274,0.18973333333333334,0.0,70.0,5000,154.0,1,45.75,0.108,4,0.809,0.0,31,-,Belum ditandai,unset
2026-06-01T18:05:37.108,223538,158,0.12753333333333333,0.18986666666666666,0.0,70.0,5000,154.0,1,45.75,0.108,4,0.809,0.0,31,-,Belum ditandai,unset
2026-06-01T18:05:37.605,224055,160,0.12760000000000002,0.19006666666666666,0.0,70.0,5000,154.0,1,45.71,0.108,4,0.81,0.0,31,-,Belum ditandai,unset
2026-06-01T18:05:38.165,224575,158,0.12753333333333333,0.19013333333333332,0.0,70.0,5000,154.0,1,45.71,0.108,4,0.81,0.0,31,-,Belum ditandai,unset
2026-06-01T18:05:38.727,225142,158,0.12726666666666667,0.18986666666666666,0.0,70.0,5000,154.0,1,45.71,0.108,4,0.81,0.0,31,-,Belum ditandai,unset
2026-06-01T18:05:39.228,225662,158,0.12686666666666666,0.18906666666666666,0.0,70.0,5000,154.0,1,45.71,0.108,4,0.81,0.0,31,-,Belum ditandai,unset
2026-06-01T18:05:39.728,226179,158,0.1270666666666667,0.18913333333333335,0.0,70.0,5000,154.0,1,45.72,0.108,4,0.81,0.0,31,-,Belum ditandai,unset
2026-06-01T18:05:40.290,226699,157,0.1270666666666667,0.189,0.0,70.0,5000,154.0,1,45.72,0.108,4,0.81,0.0,31,-,Belum ditandai,unset
2026-06-01T18:05:40.850,227265,160,0.12746666666666667,0.1898,0.0,70.0,5000,154.0,1,45.74,0.108,4,0.809,0.0,31,-,Belum ditandai,unset
2026-06-01T18:05:41.351,227785,157,0.12733333333333335,0.1898,0.0,70.0,5000,154.0,1,45.74,0.108,4,0.809,0.0,31,-,Belum ditandai,unset
2026-06-01T18:05:41.850,228302,160,0.1278,0.19053333333333333,0.0,70.0,5000,154.0,1,45.67,0.108,4,0.81,0.0,31,-,Belum ditandai,unset
2026-06-01T18:05:42.413,228868,160,0.1278,0.19053333333333333,0.0,70.0,5000,154.0,1,45.71,0.108,4,0.81,0.0,31,-,Belum ditandai,unset
2026-06-01T18:05:42.973,229389,157,0.12786666666666668,0.19046666666666667,0.0,70.0,5000,154.0,1,45.71,0.108,4,0.81,0.0,31,-,Belum ditandai,unset
2026-06-01T18:05:43.473,229906,159,0.12773333333333334,0.19033333333333333,0.0,70.0,5000,154.0,1,45.69,0.109,4,0.803,0.0,31,-,Belum ditandai,unset
2026-06-01T18:05:43.974,230426,161,0.12786666666666668,0.19046666666666667,0.0,70.0,5000,154.0,1,45.69,0.109,4,0.803,0.0,31,-,Belum ditandai,unset
2026-06-01T18:05:44.535,230993,158,0.12806666666666666,0.19106666666666666,0.0,70.0,5000,154.0,1,45.7,0.109,4,0.803,0.0,31,-,Belum ditandai,unset
2026-06-01T18:05:45.034,231513,158,0.1278,0.19053333333333333,0.0,70.0,5000,154.0,1,45.7,0.109,4,0.803,0.0,31,-,Belum ditandai,unset
2026-06-01T18:05:45.596,232030,157,0.12746666666666667,0.19006666666666666,0.0,70.0,5000,154.0,1,45.73,0.108,4,0.809,0.0,31,-,Belum ditandai,unset
2026-06-01T18:05:46.095,232550,158,0.12726666666666667,0.18973333333333334,0.0,70.0,5000,154.0,1,45.73,0.108,4,0.809,0.0,31,-,Belum ditandai,unset
2026-06-01T18:05:46.658,233117,158,0.12773333333333334,0.19046666666666667,0.0,70.0,5000,154.0,1,45.73,0.108,4,0.809,0.0,31,-,Belum ditandai,unset
2026-06-01T18:05:47.157,233637,159,0.12760000000000002,0.19046666666666667,0.0,70.0,5000,154.0,1,45.73,0.108,4,0.809,0.0,31,-,Belum ditandai,unset
2026-06-01T18:05:47.719,234154,158,0.12760000000000002,0.19033333333333333,0.0,70.0,5000,154.0,1,45.69,0.109,4,0.803,0.0,31,-,Belum ditandai,unset
2026-06-01T18:05:48.219,234674,157,0.1270666666666667,0.18953333333333333,0.0,70.0,5000,154.0,1,45.69,0.109,4,0.803,0.0,31,-,Belum ditandai,unset
2026-06-01T18:05:48.767,235241,156,0.1268,0.18886666666666668,0.0,70.0,5000,154.0,1,45.74,0.108,4,0.809,0.0,31,-,Belum ditandai,unset
2026-06-01T18:05:49.263,235761,159,0.12686666666666666,0.18906666666666666,0.0,70.0,5000,154.0,1,45.74,0.108,4,0.809,0.0,31,-,Belum ditandai,unset
2026-06-01T18:05:49.822,236278,158,0.1270666666666667,0.1894,0.0,70.0,5000,154.0,1,45.7,0.109,4,0.803,0.0,31,-,Belum ditandai,unset
2026-06-01T18:05:50.321,236798,156,0.12686666666666666,0.18906666666666666,0.0,70.0,5000,154.0,1,45.7,0.109,4,0.803,0.0,31,-,Belum ditandai,unset
2026-06-01T18:05:50.884,237365,158,0.1270666666666667,0.1894,0.0,70.0,5000,154.0,1,45.71,0.108,4,0.81,0.0,31,-,Belum ditandai,unset
2026-06-01T18:05:51.378,237885,156,0.12666666666666665,0.18860000000000002,0.0,70.0,5000,154.0,1,45.71,0.108,4,0.81,0.0,31,-,Belum ditandai,unset
2026-06-01T18:05:51.940,238402,157,0.127,0.18906666666666666,0.0,70.0,5000,154.0,1,45.7,0.108,4,0.81,0.0,31,-,Belum ditandai,unset
2026-06-01T18:05:52.501,238968,160,0.12760000000000002,0.1898,0.0,70.0,5000,154.0,1,45.67,0.108,4,0.81,0.0,31,-,Belum ditandai,unset
2026-06-01T18:05:53.001,239489,156,0.12786666666666668,0.19033333333333333,0.0,70.0,5000,154.0,1,45.67,0.108,4,0.81,0.0,31,-,Belum ditandai,unset
2026-06-01T18:05:53.499,240006,159,0.12786666666666668,0.1906,0.0,70.0,5000,154.0,1,45.66,0.108,4,0.811,0.0,31,-,Belum ditandai,unset
2026-06-01T18:05:54.061,240526,157,0.12733333333333335,0.1898,0.0,70.0,5000,154.0,1,45.66,0.108,4,0.811,0.0,31,-,Belum ditandai,unset
2026-06-01T18:05:54.623,241093,158,0.1270666666666667,0.1894,0.0,70.0,5000,154.0,1,45.69,0.109,4,0.803,0.0,31,-,Belum ditandai,unset
2026-06-01T18:05:55.243,241717,158,0.12686666666666666,0.18906666666666666,0.0,70.0,5000,154.0,1,45.69,0.109,4,0.803,0.0,31,-,Belum ditandai,unset
2026-06-01T18:05:55.741,242234,157,0.12666666666666665,0.18860000000000002,0.0,70.0,5000,154.0,1,45.68,0.108,4,0.81,0.0,31,-,Belum ditandai,unset
2026-06-01T18:05:56.240,242754,158,0.12653333333333333,0.1882,0.0,70.0,5000,154.0,1,45.68,0.108,4,0.81,0.0,31,-,Belum ditandai,unset
2026-06-01T18:05:56.739,243221,159,0.12693333333333331,0.18886666666666668,0.0,70.0,5000,154.0,1,45.69,0.108,4,0.81,0.0,31,-,Belum ditandai,unset
2026-06-01T18:05:57.237,243741,159,0.12753333333333333,0.18986666666666666,0.0,70.0,5000,154.0,1,45.69,0.108,4,0.81,0.0,31,-,Belum ditandai,unset
2026-06-01T18:05:57.739,244263,158,0.12786666666666668,0.19073333333333334,0.0,70.0,5000,154.0,1,45.68,0.108,4,0.81,0.0,31,-,Belum ditandai,unset
2026-06-01T18:05:58.298,244783,157,0.12733333333333335,0.18966666666666668,0.0,70.0,5000,154.0,1,45.68,0.108,4,0.81,0.0,31,-,Belum ditandai,unset
2026-06-01T18:05:58.858,245340,157,0.1268,0.18846666666666667,0.0,70.0,5000,154.0,1,45.69,0.109,4,0.803,0.0,31,-,Belum ditandai,unset
2026-06-01T18:05:59.478,245964,153,0.12666666666666665,0.1882,0.0,70.0,5000,154.0,1,45.69,0.109,4,0.803,0.0,31,-,Belum ditandai,unset
2026-06-01T18:05:59.979,246481,159,0.127,0.18893333333333334,0.0,70.0,5000,154.0,1,45.72,0.108,4,0.81,0.0,31,-,Belum ditandai,unset
2026-06-01T18:06:00.540,247047,157,0.12726666666666667,0.18946666666666667,0.0,70.0,5000,154.0,1,45.74,0.109,4,0.802,0.0,31,-,Belum ditandai,unset
2026-06-01T18:06:01.036,247568,160,0.12760000000000002,0.19006666666666666,0.0,70.0,5000,154.0,1,45.74,0.109,4,0.802,0.0,31,-,Belum ditandai,unset
2026-06-01T18:06:01.600,248085,158,0.12753333333333333,0.18986666666666666,0.0,70.0,5000,154.0,1,45.7,0.108,4,0.81,0.0,31,-,Belum ditandai,unset
2026-06-01T18:06:02.101,248605,158,0.12746666666666667,0.19006666666666666,0.0,70.0,5000,154.0,1,45.7,0.108,4,0.81,0.0,31,-,Belum ditandai,unset
2026-06-01T18:06:02.660,249171,157,0.1272,0.18966666666666668,0.0,70.0,5000,154.0,1,45.7,0.108,4,0.81,0.0,31,-,Belum ditandai,unset
2026-06-01T18:06:03.159,249691,160,0.12726666666666667,0.18973333333333334,0.0,70.0,5000,154.0,1,45.7,0.108,4,0.81,0.0,31,-,Belum ditandai,unset
2026-06-01T18:06:03.657,250208,159,0.12726666666666667,0.18973333333333334,0.0,70.0,5000,154.0,1,45.7,0.109,4,0.803,0.0,31,-,Belum ditandai,unset
2026-06-01T18:06:04.219,250728,156,0.12713333333333335,0.1892,0.0,70.0,5000,154.0,1,45.7,0.109,4,0.803,0.0,31,-,Belum ditandai,unset
2026-06-01T18:06:04.779,251295,158,0.1266,0.18846666666666667,0.0,70.0,5000,154.0,1,45.71,0.108,4,0.81,0.0,31,-,Belum ditandai,unset
2026-06-01T18:06:05.278,251815,158,0.12673333333333334,0.18860000000000002,0.0,70.0,5000,154.0,1,45.71,0.108,4,0.81,0.0,31,-,Belum ditandai,unset
2026-06-01T18:06:05.901,252436,160,0.127,0.18913333333333335,0.0,70.0,5000,154.0,1,45.7,0.108,4,0.81,0.0,31,-,Belum ditandai,unset
2026-06-01T18:06:06.397,252956,156,0.12773333333333334,0.19006666666666666,0.0,70.0,5000,154.0,1,45.7,0.108,4,0.81,0.0,31,-,Belum ditandai,unset
2026-06-01T18:06:06.898,253419,157,0.12746666666666667,0.18966666666666668,0.0,70.0,5000,154.0,1,45.7,0.108,4,0.81,0.0,31,-,Belum ditandai,unset
2026-06-01T18:06:07.395,253939,158,0.12733333333333335,0.1894,0.0,70.0,5000,154.0,1,45.7,0.108,4,0.81,0.0,31,-,Belum ditandai,unset
2026-06-01T18:06:07.892,254456,157,0.12693333333333331,0.18873333333333334,0.0,70.0,5000,154.0,1,45.71,0.108,4,0.81,0.0,31,-,Belum ditandai,unset
2026-06-01T18:06:08.454,254976,158,0.127,0.18893333333333334,0.0,70.0,5000,154.0,1,45.71,0.108,4,0.81,0.0,31,-,Belum ditandai,unset
2026-06-01T18:06:09.016,255542,157,0.12773333333333334,0.19006666666666666,0.0,70.0,5000,154.0,1,45.73,0.108,4,0.809,0.0,31,-,Belum ditandai,unset
2026-06-01T18:06:09.515,256062,158,0.12773333333333334,0.19006666666666666,0.0,70.0,5000,154.0,1,45.73,0.108,4,0.809,0.0,31,-,Belum ditandai,unset
2026-06-01T18:06:10.012,256579,158,0.12766666666666668,0.19,0.0,70.0,5000,154.0,1,45.66,0.108,4,0.811,0.0,31,-,Belum ditandai,unset
2026-06-01T18:06:10.572,257145,158,0.1272,0.1894,0.0,70.0,5000,154.0,1,45.68,0.108,4,0.81,0.0,31,-,Belum ditandai,unset
2026-06-01T18:06:11.132,257666,155,0.12686666666666666,0.1888,0.0,70.0,5000,154.0,1,45.68,0.108,4,0.81,0.0,31,-,Belum ditandai,unset
2026-06-01T18:06:11.631,258183,158,0.127,0.18906666666666666,0.0,70.0,5000,154.0,1,50.04,0.113,5,0.884,0.0,31,-,Belum ditandai,unset
2026-06-01T18:06:12.130,258703,161,0.1274,0.18973333333333334,0.0,70.0,5000,154.0,1,50.04,0.113,5,0.884,0.0,31,-,Belum ditandai,unset
2026-06-01T18:06:12.628,259165,157,0.12760000000000002,0.19006666666666666,0.0,70.0,5000,154.0,1,50.67,0.114,5,0.865,0.0,31,-,Belum ditandai,unset
2026-06-01T18:06:13.125,259686,157,0.12753333333333333,0.1896,0.0,70.0,5000,154.0,1,50.67,0.114,5,0.865,0.0,31,-,Belum ditandai,unset
2026-06-01T18:06:13.625,260203,158,0.1272,0.18886666666666668,0.0,70.0,5000,154.0,1,54.14,0.117,6,0.947,0.0,31,-,Belum ditandai,unset
2026-06-01T18:06:14.187,260723,158,0.12666666666666665,0.1882,0.0,70.0,5000,154.0,1,54.14,0.117,6,0.947,0.0,31,-,Belum ditandai,unset
2026-06-01T18:06:14.747,261289,161,0.12713333333333335,0.18893333333333334,0.0,70.0,5000,154.0,1,54.32,0.117,6,0.944,0.0,31,-,Belum ditandai,unset
2026-06-01T18:06:15.247,261809,158,0.12733333333333335,0.18926666666666667,0.0,70.0,5000,154.0,1,54.32,0.117,6,0.944,0.0,31,-,Belum ditandai,unset
2026-06-01T18:06:15.749,262326,157,0.12766666666666668,0.18986666666666666,0.0,70.0,5000,154.0,1,56.02,0.119,6,0.9,0.0,31,-,Belum ditandai,unset
2026-06-01T18:06:16.248,262846,158,0.12726666666666667,0.18946666666666667,0.0,70.0,5000,154.0,1,56.02,0.119,6,0.9,0.0,31,-,Belum ditandai,unset
2026-06-01T18:06:16.746,263309,161,0.12786666666666668,0.1906,0.0,70.0,5000,154.0,1,59.27,0.122,7,0.968,0.0,31,-,Belum ditandai,unset
2026-06-01T18:06:17.244,263829,158,0.12773333333333334,0.1902,0.0,70.0,5000,154.0,1,59.27,0.122,7,0.968,0.0,31,-,Belum ditandai,unset
2026-06-01T18:06:17.867,264450,158,0.12806666666666666,0.19106666666666666,0.0,70.0,5000,154.0,1,63.82,0.126,8,0.994,0.0,31,-,Belum ditandai,unset
2026-06-01T18:06:18.366,264970,159,0.12753333333333333,0.19013333333333332,0.0,70.0,5000,154.0,1,63.82,0.126,8,0.994,0.0,31,-,Belum ditandai,unset
2026-06-01T18:06:18.864,265433,157,0.12760000000000002,0.18993333333333334,0.0,70.0,5000,154.0,1,67.39,0.13,8,0.913,0.0,31,-,Belum ditandai,unset
2026-06-01T18:06:19.367,265953,162,0.12766666666666668,0.18973333333333334,0.0,70.0,5000,154.0,1,67.39,0.13,8,0.913,0.0,31,-,Belum ditandai,unset
2026-06-01T18:06:19.868,266470,158,0.12786666666666668,0.18993333333333334,0.0,70.0,5000,154.0,1,67.5,0.13,8,0.911,0.0,31,-,Belum ditandai,unset
2026-06-01T18:06:20.429,266990,162,0.12806666666666666,0.19039999999999999,0.0,70.0,5000,154.0,1,67.5,0.13,8,0.911,0.0,31,-,Belum ditandai,unset
2026-06-01T18:06:20.992,267557,159,0.128,0.1906,0.0,70.0,5000,154.0,1,67.5,0.13,8,0.911,0.0,31,-,Belum ditandai,unset
2026-06-01T18:06:21.490,268077,155,0.12726666666666667,0.1896,0.0,70.0,5000,154.0,1,67.5,0.13,8,0.911,0.0,31,-,Belum ditandai,unset
2026-06-01T18:06:21.989,268594,160,0.1272,0.18966666666666668,0.0,70.0,5000,154.0,1,67.57,0.13,8,0.91,0.0,31,-,Belum ditandai,unset
2026-06-01T18:06:22.492,269114,157,0.12713333333333335,0.18946666666666667,0.0,70.0,5000,154.0,1,67.57,0.13,8,0.91,0.0,31,-,Belum ditandai,unset
2026-06-01T18:06:22.990,269576,159,0.12766666666666668,0.19026666666666667,0.0,70.0,5000,154.0,1,67.59,0.13,8,0.91,0.0,31,-,Belum ditandai,unset
2026-06-01T18:06:23.491,270096,158,0.12793333333333334,0.19053333333333333,0.0,70.0,5000,154.0,1,67.59,0.13,8,0.91,0.0,31,-,Belum ditandai,unset
2026-06-01T18:06:23.989,270613,161,0.12786666666666668,0.19033333333333333,0.0,70.0,5000,154.0,1,67.55,0.13,8,0.911,0.0,31,-,Belum ditandai,unset
2026-06-01T18:06:24.550,271133,160,0.128,0.19073333333333334,0.0,70.0,5000,154.0,1,67.55,0.13,8,0.911,0.0,31,-,Belum ditandai,unset
2026-06-01T18:06:25.111,271700,159,0.1278,0.19053333333333333,0.0,70.0,5000,154.0,1,67.54,0.13,8,0.911,0.0,31,-,Belum ditandai,unset
2026-06-01T18:06:25.611,272220,157,0.12766666666666668,0.19026666666666667,0.0,70.0,5000,154.0,1,67.54,0.13,8,0.911,0.0,31,-,Belum ditandai,unset
2026-06-01T18:06:26.110,272737,159,0.1270666666666667,0.18913333333333335,0.0,70.0,5000,154.0,1,67.52,0.13,8,0.911,0.0,31,-,Belum ditandai,unset
2026-06-01T18:06:26.673,273303,159,0.1272,0.18926666666666667,0.0,70.0,5000,154.0,1,67.56,0.13,8,0.91,0.0,31,-,Belum ditandai,unset
2026-06-01T18:06:27.233,273824,162,0.12773333333333334,0.19006666666666666,0.0,70.0,5000,154.0,1,67.56,0.13,8,0.91,0.0,31,-,Belum ditandai,unset
2026-06-01T18:06:27.731,274341,159,0.12766666666666668,0.19,0.0,70.0,5000,154.0,1,67.56,0.13,8,0.91,0.0,31,-,Belum ditandai,unset
2026-06-01T18:06:28.233,274861,159,0.12773333333333334,0.19033333333333333,0.0,70.0,5000,154.0,1,67.56,0.13,8,0.91,0.0,31,-,Belum ditandai,unset
2026-06-01T18:06:28.733,275322,160,0.12760000000000002,0.1902,0.0,70.0,5000,154.0,1,67.57,0.13,8,0.91,0.0,31,-,Belum ditandai,unset
2026-06-01T18:06:29.355,275947,160,0.12773333333333334,0.19046666666666667,0.0,70.0,5000,154.0,1,67.57,0.13,8,0.91,0.0,31,-,Belum ditandai,unset
2026-06-01T18:06:29.853,276464,158,0.12766666666666668,0.19039999999999999,0.0,70.0,5000,154.0,1,67.57,0.13,8,0.91,0.0,31,-,Belum ditandai,unset
2026-06-01T18:06:30.351,276984,158,0.1272,0.18966666666666668,0.0,70.0,5000,154.0,1,67.57,0.13,8,0.91,0.0,31,-,Belum ditandai,unset
2026-06-01T18:06:30.851,277447,156,0.1268,0.189,0.0,70.0,5000,154.0,1,67.54,0.13,8,0.911,0.0,31,-,Belum ditandai,unset
2026-06-01T18:06:31.349,277967,156,0.12606666666666666,0.18760000000000002,0.0,70.0,5000,154.0,1,67.54,0.13,8,0.911,0.0,31,-,Belum ditandai,unset
2026-06-01T18:06:31.848,278484,157,0.12626666666666667,0.18753333333333336,0.0,70.0,5000,154.0,1,67.54,0.13,8,0.911,0.0,31,-,Belum ditandai,unset
2026-06-01T18:06:32.343,279004,156,0.1268,0.18833333333333335,0.0,70.0,5000,154.0,1,67.54,0.13,8,0.911,0.0,31,-,Belum ditandai,unset
2026-06-01T18:06:32.842,279471,159,0.12733333333333335,0.18926666666666667,0.0,70.0,5000,154.0,1,67.56,0.13,8,0.91,0.0,31,-,Belum ditandai,unset
2026-06-01T18:06:33.340,279991,159,0.12733333333333335,0.18966666666666668,0.0,70.0,5000,154.0,1,67.56,0.13,8,0.91,0.0,31,-,Belum ditandai,unset
2026-06-01T18:06:33.903,280514,158,0.127,0.1892,0.0,70.0,5000,154.0,1,67.53,0.13,8,0.911,0.0,31,-,Belum ditandai,unset
2026-06-01T18:06:34.402,281034,158,0.12693333333333331,0.18913333333333335,0.0,70.0,5000,154.0,1,67.53,0.13,8,0.911,0.0,31,-,Belum ditandai,unset
2026-06-01T18:06:34.965,281590,158,0.1270666666666667,0.1894,0.0,70.0,5000,154.0,1,67.54,0.13,8,0.911,0.0,31,-,Belum ditandai,unset
2026-06-01T18:06:35.587,282214,156,0.12686666666666666,0.1892,0.0,70.0,5000,154.0,1,67.54,0.13,8,0.911,0.0,31,-,Belum ditandai,unset
2026-06-01T18:06:36.086,282731,156,0.12686666666666666,0.18893333333333334,0.0,70.0,5000,154.0,1,67.54,0.13,8,0.911,0.0,31,-,Belum ditandai,unset
2026-06-01T18:06:36.587,283251,156,0.12633333333333333,0.188,0.0,70.0,5000,154.0,1,67.54,0.13,8,0.911,0.0,31,-,Belum ditandai,unset
2026-06-01T18:06:37.088,283714,159,0.1266,0.18826666666666667,0.0,70.0,5000,154.0,1,67.54,0.13,8,0.911,0.0,31,-,Belum ditandai,unset
2026-06-01T18:06:37.590,284234,160,0.1270666666666667,0.18926666666666667,0.0,70.0,5000,154.0,1,67.54,0.13,8,0.911,0.0,31,-,Belum ditandai,unset
2026-06-01T18:06:38.211,284855,157,0.12773333333333334,0.19046666666666667,0.0,70.0,5000,154.0,1,67.59,0.13,8,0.91,0.0,31,-,Belum ditandai,unset
2026-06-01T18:06:38.772,285421,156,0.12773333333333334,0.19033333333333333,0.0,70.0,5000,154.0,1,67.57,0.13,8,0.91,0.0,31,-,Belum ditandai,unset
2026-06-01T18:06:39.269,285942,158,0.12726666666666667,0.18946666666666667,0.0,70.0,5000,154.0,1,67.57,0.13,8,0.91,0.0,31,-,Belum ditandai,unset
2026-06-01T18:06:39.770,286459,157,0.127,0.18906666666666666,0.0,70.0,5000,154.0,1,67.54,0.13,8,0.911,0.0,31,-,Belum ditandai,unset
2026-06-01T18:06:40.328,286979,157,0.1266,0.1884,0.0,70.0,5000,154.0,1,67.54,0.13,8,0.911,0.0,31,-,Belum ditandai,unset
2026-06-01T18:06:40.890,287545,156,0.12646666666666667,0.1884,0.0,70.0,5000,154.0,1,67.53,0.13,8,0.911,0.0,31,-,Belum ditandai,unset
2026-06-01T18:06:41.392,288065,159,0.12686666666666666,0.18893333333333334,0.0,70.0,5000,154.0,1,67.53,0.13,8,0.911,0.0,31,-,Belum ditandai,unset
2026-06-01T18:06:41.890,288582,158,0.12693333333333331,0.189,0.0,70.0,5000,154.0,1,67.56,0.13,8,0.91,0.0,31,-,Belum ditandai,unset
2026-06-01T18:06:42.451,289102,158,0.12713333333333335,0.18933333333333333,0.0,70.0,5000,154.0,1,67.56,0.13,8,0.91,0.0,31,-,Belum ditandai,unset
2026-06-01T18:06:43.011,289669,158,0.12746666666666667,0.18993333333333334,0.0,70.0,5000,154.0,1,67.53,0.13,8,0.911,0.0,31,-,Belum ditandai,unset
2026-06-01T18:06:43.511,290189,159,0.12760000000000002,0.19046666666666667,0.0,70.0,5000,154.0,1,67.53,0.13,8,0.911,0.0,31,-,Belum ditandai,unset
2026-06-01T18:06:44.136,290810,158,0.1278,0.1908,0.0,70.0,5000,154.0,1,67.46,0.13,8,0.912,0.0,31,-,Belum ditandai,unset
2026-06-01T18:06:44.823,291480,157,0.12733333333333335,0.18966666666666668,0.0,70.0,5000,154.0,1,67.44,0.13,8,0.912,0.0,31,-,Belum ditandai,unset
2026-06-01T18:06:45.320,292001,159,0.12713333333333335,0.18933333333333333,0.0,70.0,5000,154.0,1,67.44,0.13,8,0.912,0.0,31,-,Belum ditandai,unset
2026-06-01T18:06:45.819,292518,159,0.12733333333333335,0.18966666666666668,0.0,70.0,5000,154.0,1,67.47,0.13,8,0.912,0.0,31,-,Belum ditandai,unset
2026-06-01T18:06:46.381,293038,157,0.12753333333333333,0.19013333333333332,0.0,70.0,5000,154.0,1,67.47,0.13,8,0.912,0.0,31,-,Belum ditandai,unset
2026-06-01T18:06:46.943,293605,158,0.12793333333333334,0.19066666666666665,0.0,70.0,5000,154.0,1,67.53,0.13,8,0.911,0.0,31,-,Belum ditandai,unset
2026-06-01T18:06:47.443,294125,159,0.1278,0.19039999999999999,0.0,70.0,5000,154.0,1,67.53,0.13,8,0.911,0.0,31,-,Belum ditandai,unset
2026-06-01T18:06:47.941,294641,159,0.12786666666666668,0.19046666666666667,0.0,70.0,5000,154.0,1,68.04,0.13,8,0.904,0.0,31,-,Belum ditandai,unset
2026-06-01T18:06:48.441,295161,158,0.12733333333333335,0.1898,0.0,70.0,5000,154.0,1,68.04,0.13,8,0.904,0.0,31,-,Belum ditandai,unset
2026-06-01T18:06:48.938,295624,160,0.12760000000000002,0.19006666666666666,0.0,70.0,5000,154.0,1,72.53,0.134,9,0.926,0.0,31,-,Belum ditandai,unset
2026-06-01T18:06:49.437,296144,159,0.12753333333333333,0.19013333333333332,0.0,70.0,5000,154.0,1,72.53,0.134,9,0.926,0.0,31,-,Belum ditandai,unset
2026-06-01T18:06:49.935,296661,159,0.12766666666666668,0.19013333333333332,0.0,70.0,5000,154.0,1,78.87,0.14,10,0.905,0.0,31,-,Belum ditandai,unset
2026-06-01T18:06:50.497,297181,158,0.12733333333333335,0.1898,0.0,70.0,5000,154.0,1,78.87,0.14,10,0.905,0.0,31,-,Belum ditandai,unset
2026-06-01T18:06:51.062,297748,158,0.1272,0.18953333333333333,0.0,70.0,5000,154.0,1,84.91,0.146,12,0.967,0.0,31,-,Belum ditandai,unset
2026-06-01T18:06:51.559,298268,160,0.1274,0.18986666666666666,0.0,70.0,5000,154.0,1,84.91,0.146,12,0.967,0.0,31,-,Belum ditandai,unset
2026-06-01T18:06:52.064,298785,158,0.12726666666666667,0.18946666666666667,0.0,70.0,5000,154.0,1,86.25,0.146,12,0.952,0.0,31,-,Belum ditandai,unset
2026-06-01T18:06:52.623,299305,157,0.12766666666666668,0.19,0.0,70.0,5000,154.0,1,86.25,0.146,12,0.952,0.0,31,-,Belum ditandai,unset
2026-06-01T18:06:53.185,299872,159,0.12766666666666668,0.19013333333333332,0.0,70.0,5000,154.0,1,86.29,0.147,12,0.946,0.0,31,-,Belum ditandai,unset
2026-06-01T18:06:53.807,300496,158,0.12826666666666667,0.19126666666666667,0.0,70.0,5000,154.0,1,86.29,0.147,12,0.946,0.0,31,-,Belum ditandai,unset
2026-06-01T18:06:54.305,301013,159,0.12840000000000001,0.19153333333333336,0.0,70.0,5000,154.0,1,86.28,0.146,12,0.952,0.0,31,-,Belum ditandai,unset
2026-06-01T18:06:54.863,301579,158,0.12813333333333335,0.19126666666666667,0.0,70.0,5000,154.0,1,86.29,0.146,12,0.952,0.0,31,-,Belum ditandai,unset
2026-06-01T18:06:55.363,302100,158,0.12753333333333333,0.19013333333333332,0.0,70.0,5000,154.0,1,86.29,0.146,12,0.952,0.0,31,-,Belum ditandai,unset
2026-06-01T18:06:55.924,302616,160,0.12726666666666667,0.18946666666666667,0.0,70.0,5000,154.0,1,86.21,0.146,12,0.953,0.0,31,-,Belum ditandai,unset
2026-06-01T18:06:56.424,303136,158,0.12713333333333335,0.18906666666666666,0.0,70.0,5000,154.0,1,86.21,0.146,12,0.953,0.0,31,-,Belum ditandai,unset
2026-06-01T18:06:56.984,303703,157,0.12713333333333335,0.18906666666666666,0.0,70.0,5000,154.0,1,86.24,0.146,12,0.953,0.0,31,-,Belum ditandai,unset
2026-06-01T18:06:57.486,304223,157,0.1268,0.18846666666666667,0.0,70.0,5000,154.0,1,86.24,0.146,12,0.953,0.0,31,-,Belum ditandai,unset
2026-06-01T18:06:57.984,304740,157,0.1266,0.18813333333333335,0.0,70.0,5000,154.0,1,86.17,0.146,12,0.953,0.0,31,-,Belum ditandai,unset
2026-06-01T18:06:58.544,305260,158,0.12646666666666667,0.18786666666666668,0.0,70.0,5000,154.0,1,86.17,0.146,12,0.953,0.0,31,-,Belum ditandai,unset
2026-06-01T18:06:59.103,305827,158,0.12646666666666667,0.18813333333333335,0.0,70.0,5000,154.0,1,86.26,0.147,12,0.946,0.0,31,-,Belum ditandai,unset
2026-06-01T18:06:59.605,306347,156,0.1266,0.1884,0.0,70.0,5000,154.0,1,86.26,0.147,12,0.946,0.0,31,-,Belum ditandai,unset
2026-06-01T18:07:00.103,306864,157,0.12666666666666665,0.18873333333333334,0.0,70.0,5000,154.0,1,86.23,0.146,12,0.953,0.0,31,-,Belum ditandai,unset
2026-06-01T18:07:00.665,307384,158,0.12733333333333335,0.1898,0.0,70.0,5000,154.0,1,86.23,0.146,12,0.953,0.0,31,-,Belum ditandai,unset
2026-06-01T18:07:01.227,307951,160,0.1278,0.19053333333333333,0.0,70.0,5000,154.0,1,86.27,0.146,12,0.952,0.0,31,-,Belum ditandai,unset
2026-06-01T18:07:01.725,308471,159,0.12806666666666666,0.1908,0.0,70.0,5000,154.0,1,86.27,0.146,12,0.952,0.0,31,-,Belum ditandai,unset
2026-06-01T18:07:02.225,308988,159,0.12793333333333334,0.19066666666666665,0.0,70.0,5000,154.0,1,86.24,0.146,12,0.953,0.0,31,-,Belum ditandai,unset
2026-06-01T18:07:02.785,309508,158,0.12726666666666667,0.1896,0.0,70.0,5000,154.0,1,86.24,0.146,12,0.953,0.0,31,-,Belum ditandai,unset
2026-06-01T18:07:03.344,310075,158,0.1272,0.18966666666666668,0.0,70.0,5000,154.0,1,86.2,0.146,12,0.953,0.0,31,-,Belum ditandai,unset
2026-06-01T18:07:03.843,310595,159,0.1272,0.18953333333333333,0.0,70.0,5000,154.0,1,86.2,0.146,12,0.953,0.0,31,-,Belum ditandai,unset
2026-06-01T18:07:04.342,311112,158,0.12746666666666667,0.1902,0.0,70.0,5000,154.0,1,86.23,0.146,12,0.953,0.0,31,-,Belum ditandai,unset
2026-06-01T18:07:04.903,311678,159,0.12746666666666667,0.19006666666666666,0.0,70.0,5000,154.0,1,86.19,0.146,12,0.953,0.0,31,-,Belum ditandai,unset
2026-06-01T18:07:05.466,312199,158,0.1274,0.19013333333333332,0.0,70.0,5000,154.0,1,86.19,0.146,12,0.953,0.0,31,-,Belum ditandai,unset
2026-06-01T18:07:05.965,312716,156,0.12726666666666667,0.18946666666666667,0.0,70.0,5000,154.0,1,86.23,0.146,12,0.953,0.0,31,-,Belum ditandai,unset
2026-06-01T18:07:06.588,313340,158,0.12713333333333335,0.18933333333333333,0.0,70.0,5000,154.0,1,86.23,0.146,12,0.953,0.0,31,-,Belum ditandai,unset
2026-06-01T18:07:07.150,313907,159,0.127,0.1892,0.0,70.0,5000,154.0,1,86.2,0.146,12,0.953,0.0,31,-,Belum ditandai,unset
2026-06-01T18:07:07.650,314427,156,0.1272,0.18966666666666668,0.0,70.0,5000,154.0,1,86.2,0.146,12,0.953,0.0,31,-,Belum ditandai,unset
2026-06-01T18:07:08.149,314944,157,0.1274,0.18986666666666666,0.0,70.0,5000,154.0,1,86.21,0.146,12,0.953,0.0,31,-,Belum ditandai,unset
2026-06-01T18:07:08.708,315464,156,0.127,0.18906666666666666,0.0,70.0,5000,154.0,1,86.21,0.146,12,0.953,0.0,31,-,Belum ditandai,unset
2026-06-01T18:07:09.267,316030,158,0.12693333333333331,0.18886666666666668,0.0,70.0,5000,154.0,1,86.26,0.146,12,0.952,0.0,31,-,Belum ditandai,unset
2026-06-01T18:07:09.768,316550,156,0.1268,0.18860000000000002,0.0,70.0,5000,154.0,1,86.26,0.146,12,0.952,0.0,31,-,Belum ditandai,unset
2026-06-01T18:07:10.265,317067,157,0.12713333333333335,0.18893333333333334,0.0,70.0,5000,154.0,1,86.25,0.146,12,0.952,0.0,31,-,Belum ditandai,unset
2026-06-01T18:07:10.828,317587,157,0.12726666666666667,0.1892,0.0,70.0,5000,154.0,1,86.25,0.146,12,0.952,0.0,31,-,Belum ditandai,unset
2026-06-01T18:07:11.389,318154,160,0.12713333333333335,0.18893333333333334,0.0,70.0,5000,154.0,1,86.3,0.146,12,0.952,0.0,31,-,Belum ditandai,unset
2026-06-01T18:07:11.889,318674,159,0.12773333333333334,0.19006666666666666,0.0,70.0,5000,154.0,1,86.3,0.146,12,0.952,0.0,31,-,Belum ditandai,unset
2026-06-01T18:07:12.390,319191,157,0.12766666666666668,0.18986666666666666,0.0,70.0,5000,154.0,1,86.22,0.146,12,0.953,0.0,31,-,Belum ditandai,unset
2026-06-01T18:07:12.953,319757,157,0.12793333333333334,0.19053333333333333,0.0,70.0,5000,154.0,1,86.19,0.146,12,0.953,0.0,31,-,Belum ditandai,unset
2026-06-01T18:07:13.512,320278,158,0.12760000000000002,0.19006666666666666,0.0,70.0,5000,154.0,1,86.19,0.146,12,0.953,0.0,31,-,Belum ditandai,unset
2026-06-01T18:07:14.012,320795,158,0.1274,0.18986666666666666,0.0,70.0,5000,154.0,1,86.28,0.146,12,0.952,0.0,31,-,Belum ditandai,unset
2026-06-01T18:07:14.511,321315,156,0.1272,0.1894,0.0,70.0,5000,154.0,1,86.28,0.146,12,0.952,0.0,31,-,Belum ditandai,unset
2026-06-01T18:07:15.070,321881,158,0.12686666666666666,0.1888,0.0,70.0,5000,154.0,1,86.21,0.146,12,0.953,0.0,31,-,Belum ditandai,unset
2026-06-01T18:07:15.632,322401,158,0.1268,0.18873333333333334,0.0,70.0,5000,154.0,1,86.21,0.146,12,0.953,0.0,31,-,Belum ditandai,unset
2026-06-01T18:07:16.131,322918,158,0.127,0.1892,0.0,70.0,5000,154.0,1,86.27,0.147,12,0.946,0.0,31,-,Belum ditandai,unset
2026-06-01T18:07:16.629,323438,159,0.12693333333333331,0.18886666666666668,0.0,70.0,5000,154.0,1,86.27,0.147,12,0.946,0.0,31,-,Belum ditandai,unset
2026-06-01T18:07:17.132,323906,157,0.1272,0.1894,0.0,70.0,5000,154.0,1,86.27,0.146,12,0.952,0.0,31,-,Belum ditandai,unset
2026-06-01T18:07:17.630,324426,157,0.1270666666666667,0.18913333333333335,0.0,70.0,5000,154.0,1,86.27,0.146,12,0.952,0.0,31,-,Belum ditandai,unset
2026-06-01T18:07:18.130,324948,159,0.1272,0.18953333333333333,0.0,70.0,5000,154.0,1,86.23,0.146,12,0.953,0.0,31,-,Belum ditandai,unset
2026-06-01T18:07:18.689,325468,159,0.12693333333333331,0.18913333333333335,0.0,70.0,5000,154.0,1,86.23,0.146,12,0.953,0.0,31,-,Belum ditandai,unset
2026-06-01T18:07:19.186,326024,157,0.12713333333333335,0.18946666666666667,0.0,70.0,5000,154.0,1,86.24,0.146,12,0.953,0.0,31,-,Belum ditandai,unset
2026-06-01T18:07:19.748,326544,155,0.12693333333333331,0.189,0.0,70.0,5000,154.0,1,86.24,0.146,12,0.953,0.0,31,-,Belum ditandai,unset
2026-06-01T18:07:20.250,327061,156,0.12686666666666666,0.1888,0.0,70.0,5000,154.0,1,86.23,0.146,12,0.953,0.0,31,-,Belum ditandai,unset
2026-06-01T18:07:20.750,327581,155,0.12653333333333333,0.1880666666666667,0.0,70.0,5000,154.0,1,86.23,0.146,12,0.953,0.0,31,-,Belum ditandai,unset
2026-06-01T18:07:21.251,328044,158,0.12653333333333333,0.18833333333333335,0.0,70.0,5000,154.0,1,86.35,0.147,12,0.945,0.0,31,-,Belum ditandai,unset
2026-06-01T18:07:21.747,328564,159,0.12726666666666667,0.18946666666666667,0.0,70.0,5000,154.0,1,86.35,0.147,12,0.945,0.0,31,-,Belum ditandai,unset
2026-06-01T18:07:22.370,329185,158,0.12766666666666668,0.19026666666666667,0.0,70.0,5000,154.0,1,89.05,0.149,13,0.979,0.0,31,-,Belum ditandai,unset
2026-06-01T18:07:22.869,329705,158,0.12793333333333334,0.19053333333333333,0.0,70.0,5000,154.0,1,89.05,0.149,13,0.979,0.0,31,-,Belum ditandai,unset
2026-06-01T18:07:23.368,330168,157,0.12766666666666668,0.19,0.0,70.0,5000,154.0,1,93.35,0.152,14,0.986,0.0,31,-,Belum ditandai,unset
2026-06-01T18:07:23.864,330688,157,0.12746666666666667,0.1898,0.0,70.0,5000,154.0,1,93.35,0.152,14,0.986,0.0,31,-,Belum ditandai,unset
2026-06-01T18:07:24.362,331205,153,0.127,0.18893333333333334,0.0,70.0,5000,154.0,1,97.74,0.156,15,0.983,0.0,31,-,Belum ditandai,unset
2026-06-01T18:07:24.863,331725,158,0.12639999999999998,0.18813333333333335,0.0,70.0,5000,154.0,1,97.74,0.156,15,0.983,0.0,31,-,Belum ditandai,unset
2026-06-01T18:07:25.364,332190,157,0.12646666666666667,0.1882,0.0,70.0,5000,154.0,1,103.51,0.161,16,0.96,0.0,31,-,Belum ditandai,unset
2026-06-01T18:07:25.859,332715,161,0.12686666666666666,0.189,0.0,70.0,5000,154.0,1,103.51,0.161,16,0.96,0.0,31,-,Belum ditandai,unset
2026-06-01T18:07:26.358,333185,156,0.12746666666666667,0.18993333333333334,0.0,70.0,5000,154.0,1,105.3,0.162,16,0.937,0.0,31,-,Belum ditandai,unset
2026-06-01T18:07:26.856,333710,156,0.12760000000000002,0.19006666666666666,0.0,70.0,5000,154.0,1,105.3,0.162,16,0.937,0.0,31,-,Belum ditandai,unset
2026-06-01T18:07:27.418,334232,158,0.12733333333333335,0.18966666666666668,0.0,70.0,5000,154.0,1,105.19,0.162,16,0.938,0.0,31,-,Belum ditandai,unset
2026-06-01T18:07:28.039,334889,159,0.12746666666666667,0.18993333333333334,0.0,70.0,5000,154.0,1,105.21,0.162,16,0.938,0.0,31,-,Belum ditandai,unset
2026-06-01T18:07:28.540,335414,157,0.12726666666666667,0.1896,0.0,70.0,5000,154.0,1,105.21,0.162,16,0.938,0.0,31,-,Belum ditandai,unset
2026-06-01T18:07:29.100,335937,158,0.12713333333333335,0.1896,0.0,70.0,5000,154.0,1,105.26,0.162,16,0.938,0.0,31,-,Belum ditandai,unset
2026-06-01T18:07:29.599,336462,159,0.12686666666666666,0.18906666666666666,0.0,70.0,5000,154.0,1,105.26,0.162,16,0.938,0.0,31,-,Belum ditandai,unset
2026-06-01T18:07:30.162,337024,159,0.12713333333333335,0.1896,0.0,70.0,5000,154.0,1,105.23,0.162,16,0.938,0.0,31,-,Belum ditandai,unset
2026-06-01T18:07:30.719,337549,156,0.12726666666666667,0.18973333333333334,0.0,70.0,5000,154.0,1,105.23,0.162,16,0.938,0.0,31,-,Belum ditandai,unset
2026-06-01T18:07:31.283,338124,158,0.1274,0.19013333333333332,0.0,70.0,5000,154.0,1,105.2,0.162,16,0.938,0.0,31,-,Belum ditandai,unset
2026-06-01T18:07:31.782,338649,158,0.12733333333333335,0.18993333333333334,0.0,70.0,5000,154.0,1,105.2,0.162,16,0.938,0.0,31,-,Belum ditandai,unset
2026-06-01T18:07:32.282,339171,160,0.12760000000000002,0.1902,0.0,70.0,5000,154.0,1,105.19,0.162,16,0.938,0.0,31,-,Belum ditandai,unset
2026-06-01T18:07:32.843,339696,155,0.12726666666666667,0.18933333333333333,0.0,70.0,5000,154.0,1,105.19,0.162,16,0.938,0.0,31,-,Belum ditandai,unset
2026-06-01T18:07:33.404,340248,160,0.12773333333333334,0.19006666666666666,0.0,70.0,5000,154.0,1,105.17,0.162,16,0.939,0.0,31,-,Belum ditandai,unset
2026-06-01T18:07:33.904,340773,160,0.12766666666666668,0.19013333333333332,0.0,70.0,5000,154.0,1,105.17,0.162,16,0.939,0.0,31,-,Belum ditandai,unset
2026-06-01T18:07:34.402,341296,161,0.12853333333333333,0.19153333333333336,0.0,70.0,5000,154.0,1,105.21,0.162,16,0.938,0.0,31,-,Belum ditandai,unset
2026-06-01T18:07:34.963,341821,159,0.12833333333333333,0.19133333333333333,0.0,70.0,5000,154.0,1,105.21,0.162,16,0.938,0.0,31,-,Belum ditandai,unset
2026-06-01T18:07:35.524,342383,158,0.1282,0.19119999999999998,0.0,70.0,5000,154.0,1,105.2,0.162,16,0.938,0.0,31,-,Belum ditandai,unset
2026-06-01T18:07:36.089,342958,156,0.1278,0.19066666666666665,0.0,70.0,5000,154.0,1,105.17,0.162,16,0.939,0.0,31,-,Belum ditandai,unset
2026-06-01T18:07:36.591,343483,160,0.12773333333333334,0.19046666666666667,0.0,70.0,5000,154.0,1,105.17,0.162,16,0.939,0.0,31,-,Belum ditandai,unset
2026-06-01T18:07:37.158,344005,160,0.12806666666666666,0.1908,0.0,70.0,5000,154.0,1,105.34,0.162,16,0.937,0.0,31,-,Belum ditandai,unset
2026-06-01T18:07:37.659,344530,158,0.12773333333333334,0.1902,0.0,70.0,5000,154.0,1,105.34,0.162,16,0.937,0.0,31,-,Belum ditandai,unset
2026-06-01T18:07:38.223,345082,157,0.12733333333333335,0.18953333333333333,0.0,70.0,5000,154.0,1,105.29,0.162,16,0.938,0.0,31,-,Belum ditandai,unset
2026-06-01T18:07:38.720,345607,159,0.127,0.1888,0.0,70.0,5000,154.0,1,105.29,0.162,16,0.938,0.0,31,-,Belum ditandai,unset
2026-06-01T18:07:39.220,346130,157,0.1270666666666667,0.189,0.0,70.0,5000,154.0,1,105.25,0.162,16,0.938,0.0,31,-,Belum ditandai,unset
2026-06-01T18:07:39.783,346655,157,0.1272,0.18886666666666668,0.0,70.0,5000,154.0,1,105.25,0.162,16,0.938,0.0,31,-,Belum ditandai,unset
2026-06-01T18:07:40.345,347217,159,0.12713333333333335,0.18906666666666666,0.0,70.0,5000,154.0,1,105.2,0.162,16,0.938,0.0,31,-,Belum ditandai,unset
2026-06-01T18:07:40.846,347742,159,0.12733333333333335,0.18926666666666667,0.0,70.0,5000,154.0,1,105.2,0.162,16,0.938,0.0,31,-,Belum ditandai,unset
2026-06-01T18:07:41.348,348212,156,0.1270666666666667,0.189,0.0,70.0,5000,154.0,1,105.32,0.162,16,0.937,0.0,31,-,Belum ditandai,unset
2026-06-01T18:07:41.845,348737,159,0.12733333333333335,0.18953333333333333,0.0,70.0,5000,154.0,1,105.32,0.162,16,0.937,0.0,31,-,Belum ditandai,unset
2026-06-01T18:07:42.343,349260,158,0.1272,0.18953333333333333,0.0,70.0,5000,154.0,1,105.35,0.162,16,0.937,0.0,31,-,Belum ditandai,unset
2026-06-01T18:07:42.906,349785,160,0.12813333333333335,0.191,0.0,70.0,5000,154.0,1,105.35,0.162,16,0.937,0.0,31,-,Belum ditandai,unset
2026-06-01T18:07:43.466,350347,157,0.12793333333333334,0.19066666666666665,0.0,70.0,5000,154.0,1,105.2,0.162,16,0.938,0.0,31,-,Belum ditandai,unset
2026-06-01T18:07:43.966,350872,158,0.12773333333333334,0.19006666666666666,0.0,70.0,5000,154.0,1,105.2,0.162,16,0.938,0.0,31,-,Belum ditandai,unset
2026-06-01T18:07:44.524,351446,158,0.1270666666666667,0.18913333333333335,0.0,70.0,5000,154.0,1,105.28,0.162,16,0.938,0.0,31,-,Belum ditandai,unset
2026-06-01T18:07:45.087,351971,150,0.12546666666666667,0.18673333333333333,0.0,70.0,5000,154.0,1,105.28,0.162,16,0.938,0.0,31,-,Belum ditandai,unset
2026-06-01T18:07:45.586,352494,159,0.12533333333333335,0.18673333333333333,0.0,70.0,5000,154.0,1,105.22,0.162,16,0.938,0.0,31,-,Belum ditandai,unset
2026-06-01T18:07:46.147,353046,159,0.12560000000000002,0.18726666666666666,0.0,70.0,5000,154.0,1,105.25,0.162,16,0.938,0.0,31,-,Belum ditandai,unset
2026-06-01T18:07:46.648,353571,158,0.12713333333333335,0.18946666666666667,0.0,70.0,5000,154.0,1,105.25,0.162,16,0.938,0.0,31,-,Belum ditandai,unset
2026-06-01T18:07:47.146,354094,158,0.12753333333333333,0.19026666666666667,0.0,70.0,5000,154.0,1,105.31,0.162,16,0.937,0.0,31,-,Belum ditandai,unset
2026-06-01T18:07:47.709,354619,158,0.12726666666666667,0.1896,0.0,70.0,5000,154.0,1,105.31,0.162,16,0.937,0.0,31,-,Belum ditandai,unset
2026-06-01T18:07:48.271,355181,158,0.1268,0.18886666666666668,0.0,70.0,5000,154.0,1,105.2,0.162,16,0.938,0.0,31,-,Belum ditandai,unset
2026-06-01T18:07:48.770,355706,158,0.12673333333333334,0.18866666666666668,0.0,70.0,5000,154.0,1,105.2,0.162,16,0.938,0.0,31,-,Belum ditandai,unset
2026-06-01T18:07:49.269,356176,158,0.1268,0.18913333333333335,0.0,70.0,5000,154.0,1,105.33,0.162,16,0.937,0.0,31,-,Belum ditandai,unset
2026-06-01T18:07:49.768,356701,158,0.12733333333333335,0.1902,0.0,70.0,5000,154.0,1,105.33,0.162,16,0.937,0.0,31,-,Belum ditandai,unset
2026-06-01T18:07:50.268,357224,158,0.1270666666666667,0.1898,0.0,70.0,5000,154.0,1,105.18,0.162,16,0.939,0.0,31,-,Belum ditandai,unset
2026-06-01T18:07:50.826,357749,158,0.12746666666666667,0.19033333333333333,0.0,70.0,5000,154.0,1,105.18,0.162,16,0.939,0.0,31,-,Belum ditandai,unset
2026-06-01T18:07:51.387,358310,158,0.1274,0.19,0.0,70.0,5000,154.0,1,105.3,0.162,16,0.937,0.0,31,-,Belum ditandai,unset
2026-06-01T18:07:51.887,358835,158,0.12760000000000002,0.19033333333333333,0.0,70.0,5000,154.0,1,105.3,0.162,16,0.937,0.0,31,-,Belum ditandai,unset
2026-06-01T18:07:52.389,359305,158,0.12753333333333333,0.19013333333333332,0.0,70.0,5000,154.0,1,105.25,0.162,16,0.938,0.0,31,-,Belum ditandai,unset
2026-06-01T18:07:52.889,359830,157,0.12760000000000002,0.19006666666666666,0.0,70.0,5000,154.0,1,105.25,0.162,16,0.938,0.0,31,-,Belum ditandai,unset
2026-06-01T18:07:53.511,360458,159,0.1278,0.19026666666666667,0.0,70.0,5000,154.0,1,105.33,0.162,16,0.937,0.0,31,-,Belum ditandai,unset
2026-06-01T18:07:54.012,360983,157,0.1274,0.1896,0.0,70.0,5000,154.0,1,105.33,0.162,16,0.937,0.0,31,-,Belum ditandai,unset
2026-06-01T18:07:54.572,361545,157,0.12766666666666668,0.19013333333333332,0.0,70.0,5000,154.0,1,105.26,0.162,16,0.938,0.0,31,-,Belum ditandai,unset
2026-06-01T18:07:55.196,362120,160,0.1272,0.18933333333333333,0.0,70.0,5000,154.0,1,105.21,0.162,16,0.938,0.0,31,-,Belum ditandai,unset
2026-06-01T18:07:55.695,362645,159,0.12713333333333335,0.18926666666666667,0.0,70.0,5000,154.0,1,105.21,0.162,16,0.938,0.0,31,-,Belum ditandai,unset
2026-06-01T18:07:56.196,363167,160,0.12713333333333335,0.18953333333333333,0.0,70.0,5000,154.0,1,105.23,0.162,16,0.938,0.0,31,-,Belum ditandai,unset
2026-06-01T18:07:56.758,363692,160,0.12766666666666668,0.19039999999999999,0.0,70.0,5000,154.0,1,105.23,0.162,16,0.938,0.0,31,-,Belum ditandai,unset
2026-06-01T18:07:57.318,364254,155,0.12766666666666668,0.19039999999999999,0.0,70.0,5000,154.0,1,105.15,0.162,16,0.939,0.0,31,-,Belum ditandai,unset
2026-06-01T18:07:57.816,364779,159,0.12726666666666667,0.18946666666666667,0.0,70.0,5000,154.0,1,105.15,0.162,16,0.939,0.0,31,-,Belum ditandai,unset
2026-06-01T18:07:58.321,365249,159,0.12760000000000002,0.1898,0.0,70.0,5000,154.0,1,105.32,0.162,16,0.937,0.0,31,-,Belum ditandai,unset
2026-06-01T18:07:58.821,365774,157,0.12760000000000002,0.1898,0.0,70.0,5000,154.0,1,105.32,0.162,16,0.937,0.0,31,-,Belum ditandai,unset
2026-06-01T18:07:59.323,366297,159,0.128,0.1906,0.0,70.0,5000,154.0,1,105.24,0.162,16,0.938,0.0,31,-,Belum ditandai,unset
2026-06-01T18:07:59.886,366822,158,0.1274,0.18973333333333334,0.0,70.0,5000,154.0,1,105.24,0.162,16,0.938,0.0,31,-,Belum ditandai,unset
2026-06-01T18:08:00.445,367383,156,0.1270666666666667,0.18913333333333335,0.0,70.0,5000,154.0,1,105.25,0.162,16,0.938,0.0,31,-,Belum ditandai,unset
2026-06-01T18:08:00.942,367908,158,0.12693333333333331,0.18886666666666668,0.0,70.0,5000,154.0,1,105.25,0.162,16,0.938,0.0,31,-,Belum ditandai,unset
2026-06-01T18:08:01.490,368483,158,0.12733333333333335,0.18953333333333333,0.0,70.0,5000,154.0,1,105.22,0.162,16,0.938,0.0,31,-,Belum ditandai,unset
2026-06-01T18:08:02.058,369008,158,0.12753333333333333,0.19,0.0,70.0,5000,154.0,1,105.22,0.162,16,0.938,0.0,31,-,Belum ditandai,unset
2026-06-01T18:08:02.555,369531,162,0.12833333333333333,0.19119999999999998,0.0,70.0,5000,154.0,1,105.19,0.162,16,0.938,0.0,31,-,Belum ditandai,unset
2026-06-01T18:08:03.056,370056,158,0.12840000000000001,0.19126666666666667,0.0,70.0,5000,154.0,1,105.19,0.162,16,0.938,0.0,31,-,Belum ditandai,unset
2026-06-01T18:08:03.556,370513,159,0.12846666666666667,0.19146666666666665,0.0,70.0,5000,154.0,1,105.19,0.162,16,0.938,0.0,31,-,Belum ditandai,unset
2026-06-01T18:08:04.057,371038,157,0.12853333333333333,0.1914,0.0,70.0,5000,154.0,1,105.19,0.162,16,0.938,0.0,31,-,Belum ditandai,unset
2026-06-01T18:08:04.623,371612,160,0.12826666666666667,0.19113333333333332,0.0,70.0,5000,154.0,1,105.22,0.162,16,0.938,0.0,31,-,Belum ditandai,unset
2026-06-01T18:08:05.125,372137,161,0.12866666666666668,0.19153333333333336,0.0,70.0,5000,154.0,1,105.22,0.162,16,0.938,0.0,31,-,Belum ditandai,unset
2026-06-01T18:08:05.686,372660,158,0.12826666666666667,0.19126666666666667,0.0,70.0,5000,154.0,1,105.29,0.162,16,0.938,0.0,31,-,Belum ditandai,unset
2026-06-01T18:08:06.244,373222,158,0.12793333333333334,0.19093333333333332,0.0,70.0,5000,154.0,1,105.25,0.162,16,0.938,0.0,31,-,Belum ditandai,unset
2026-06-01T18:08:06.742,373747,158,0.1272,0.18993333333333334,0.0,70.0,5000,154.0,1,105.25,0.162,16,0.938,0.0,31,-,Belum ditandai,unset
2026-06-01T18:08:07.240,374216,157,0.12726666666666667,0.18986666666666666,0.0,70.0,5000,154.0,1,105.29,0.162,16,0.938,0.0,31,-,Belum ditandai,unset
2026-06-01T18:08:07.736,374741,160,0.12746666666666667,0.18993333333333334,0.0,70.0,5000,154.0,1,105.29,0.162,16,0.938,0.0,31,-,Belum ditandai,unset
2026-06-01T18:08:08.238,375264,158,0.12773333333333334,0.19046666666666667,0.0,70.0,5000,154.0,1,105.23,0.162,16,0.938,0.0,31,-,Belum ditandai,unset
2026-06-01T18:08:08.802,375789,159,0.12793333333333334,0.19066666666666665,0.0,70.0,5000,154.0,1,105.23,0.162,16,0.938,0.0,31,-,Belum ditandai,unset
2026-06-01T18:08:09.361,376351,158,0.128,0.19086666666666666,0.0,70.0,5000,154.0,1,105.31,0.162,16,0.937,0.0,31,-,Belum ditandai,unset
2026-06-01T18:08:09.859,376876,157,0.12786666666666668,0.1902,0.0,70.0,5000,154.0,1,105.31,0.162,16,0.937,0.0,31,-,Belum ditandai,unset
2026-06-01T18:08:10.359,377346,158,0.12766666666666668,0.19013333333333332,0.0,70.0,5000,154.0,1,109.4,0.165,17,0.941,0.0,31,-,Belum ditandai,unset
2026-06-01T18:08:10.856,377871,155,0.12686666666666666,0.1888,0.0,70.0,5000,154.0,1,109.4,0.165,17,0.941,0.0,31,-,Belum ditandai,unset
2026-06-01T18:08:11.355,378393,154,0.12626666666666667,0.18793333333333334,0.0,70.0,5000,154.0,1,112.47,0.168,18,0.952,0.0,31,-,Belum ditandai,unset
2026-06-01T18:08:11.918,378918,157,0.126,0.18713333333333332,0.0,70.0,5000,154.0,1,112.47,0.168,18,0.952,0.0,31,-,Belum ditandai,unset
2026-06-01T18:08:12.480,379480,159,0.1266,0.18786666666666668,0.0,70.0,5000,154.0,1,116.5,0.171,19,0.953,0.0,31,-,Belum ditandai,unset
2026-06-01T18:08:12.983,380005,161,0.12760000000000002,0.18926666666666667,0.0,70.0,5000,154.0,1,116.5,0.171,19,0.953,0.0,31,-,Belum ditandai,unset
2026-06-01T18:08:13.483,380475,158,0.12773333333333334,0.1898,0.0,70.0,5000,154.0,1,120.82,0.174,20,0.951,0.0,31,-,Belum ditandai,unset
2026-06-01T18:08:13.986,381000,156,0.1270666666666667,0.189,0.0,70.0,5000,154.0,1,120.82,0.174,20,0.951,0.0,31,-,Belum ditandai,unset
2026-06-01T18:08:14.483,381523,158,0.12653333333333333,0.18833333333333335,0.0,70.0,5000,154.0,1,126.39,0.178,22,0.977,0.0,31,-,Belum ditandai,unset
2026-06-01T18:08:15.043,382048,160,0.12666666666666665,0.18860000000000002,0.0,70.0,5000,154.0,1,126.39,0.178,22,0.977,0.0,31,-,Belum ditandai,unset
2026-06-01T18:08:15.604,382610,156,0.12733333333333335,0.18966666666666668,0.0,70.0,5000,154.0,1,127.79,0.179,22,0.961,0.0,31,-,Belum ditandai,unset
2026-06-01T18:08:16.102,383135,158,0.12746666666666667,0.18993333333333334,0.0,70.0,5000,154.0,1,127.79,0.179,22,0.961,0.0,31,-,Belum ditandai,unset
2026-06-01T18:08:16.602,383604,159,0.1274,0.18986666666666666,0.0,70.0,5000,154.0,1,127.73,0.179,22,0.962,0.0,31,-,Belum ditandai,unset
2026-06-01T18:08:17.101,384129,160,0.12746666666666667,0.19006666666666666,0.0,70.0,5000,154.0,1,127.73,0.179,22,0.962,0.0,31,-,Belum ditandai,unset
2026-06-01T18:08:17.599,384652,159,0.12806666666666666,0.19093333333333332,0.0,70.0,5000,154.0,1,127.75,0.179,22,0.962,0.0,31,-,Belum ditandai,unset
2026-06-01T18:08:18.160,385177,158,0.128,0.19073333333333334,0.0,70.0,5000,154.0,1,127.75,0.179,22,0.962,0.0,31,-,Belum ditandai,unset
2026-06-01T18:08:18.720,385739,161,0.128,0.19073333333333334,0.0,70.0,5000,154.0,1,127.7,0.179,22,0.962,0.0,31,-,Belum ditandai,unset
2026-06-01T18:08:19.282,386314,159,0.12753333333333333,0.19013333333333332,0.0,70.0,5000,154.0,1,127.62,0.179,22,0.963,0.0,31,-,Belum ditandai,unset
2026-06-01T18:08:19.784,386839,159,0.12766666666666668,0.19013333333333332,0.0,70.0,5000,154.0,1,127.62,0.179,22,0.963,0.0,31,-,Belum ditandai,unset
2026-06-01T18:08:20.342,387361,158,0.12726666666666667,0.1896,0.0,70.0,5000,154.0,1,127.67,0.179,22,0.962,0.0,31,-,Belum ditandai,unset
2026-06-01T18:08:20.841,387886,157,0.12726666666666667,0.18946666666666667,0.0,70.0,5000,154.0,1,127.67,0.179,22,0.962,0.0,31,-,Belum ditandai,unset
2026-06-01T18:08:21.403,388448,157,0.12726666666666667,0.18933333333333333,0.0,70.0,5000,154.0,1,127.67,0.179,22,0.962,0.0,31,-,Belum ditandai,unset
2026-06-01T18:08:22.026,389078,157,0.12713333333333335,0.18906666666666666,0.0,70.0,5000,154.0,1,127.67,0.179,22,0.962,0.0,31,-,Belum ditandai,unset
2026-06-01T18:08:22.525,389548,157,0.127,0.18893333333333334,0.0,70.0,5000,154.0,1,127.62,0.179,22,0.963,0.0,31,-,Belum ditandai,unset
2026-06-01T18:08:23.025,390073,157,0.12646666666666667,0.18813333333333335,0.0,70.0,5000,154.0,1,127.62,0.179,22,0.963,0.0,31,-,Belum ditandai,unset
2026-06-01T18:08:23.524,390596,158,0.1256,0.18673333333333333,0.0,70.0,5000,154.0,1,127.77,0.179,22,0.961,0.0,31,-,Belum ditandai,unset
2026-06-01T18:08:24.084,391121,157,0.126,0.18739999999999998,0.0,70.0,5000,154.0,1,127.77,0.179,22,0.961,0.0,31,-,Belum ditandai,unset
2026-06-01T18:08:24.649,391683,156,0.1262,0.18773333333333334,0.0,70.0,5000,154.0,1,127.69,0.179,22,0.962,0.0,31,-,Belum ditandai,unset
2026-06-01T18:08:25.147,392208,158,0.12686666666666666,0.18866666666666668,0.0,70.0,5000,154.0,1,127.69,0.179,22,0.962,0.0,31,-,Belum ditandai,unset
2026-06-01T18:08:25.645,392678,159,0.1268,0.18873333333333334,0.0,70.0,5000,154.0,1,127.75,0.179,22,0.962,0.0,31,-,Belum ditandai,unset
2026-06-01T18:08:26.143,393203,160,0.1270666666666667,0.1894,0.0,70.0,5000,154.0,1,127.75,0.179,22,0.962,0.0,31,-,Belum ditandai,unset
2026-06-01T18:08:26.644,393725,157,0.12726666666666667,0.18986666666666666,0.0,70.0,5000,154.0,1,127.61,0.179,22,0.963,0.0,31,-,Belum ditandai,unset
2026-06-01T18:08:27.203,394250,157,0.12693333333333331,0.18886666666666668,0.0,70.0,5000,154.0,1,127.61,0.179,22,0.963,0.0,31,-,Belum ditandai,unset
2026-06-01T18:08:27.702,394802,159,0.1268,0.18860000000000002,0.0,70.0,5000,154.0,1,127.73,0.179,22,0.962,0.0,31,-,Belum ditandai,unset
2026-06-01T18:08:28.263,395327,157,0.127,0.1888,0.0,70.0,5000,154.0,1,127.73,0.179,22,0.962,0.0,31,-,Belum ditandai,unset
2026-06-01T18:08:28.765,395850,156,0.1270666666666667,0.189,0.0,70.0,5000,154.0,1,127.82,0.179,22,0.961,0.0,31,-,Belum ditandai,unset
2026-06-01T18:08:29.329,396412,157,0.12686666666666666,0.18853333333333333,0.0,70.0,5000,154.0,1,127.76,0.179,22,0.961,0.0,31,-,Belum ditandai,unset
2026-06-01T18:08:29.827,396937,158,0.12693333333333331,0.18873333333333334,0.0,70.0,5000,154.0,1,127.76,0.179,22,0.961,0.0,31,-,Belum ditandai,unset
2026-06-01T18:08:30.324,397412,158,0.1272,0.1894,0.0,70.0,5000,154.0,1,127.67,0.179,22,0.962,0.0,31,-,Belum ditandai,unset
2026-06-01T18:08:30.825,397937,161,0.12766666666666668,0.19026666666666667,0.0,70.0,5000,154.0,1,127.67,0.179,22,0.962,0.0,31,-,Belum ditandai,unset
2026-06-01T18:08:31.328,398412,159,0.12793333333333334,0.1908,0.0,70.0,5000,154.0,1,127.57,0.179,22,0.963,0.0,31,-,Belum ditandai,unset
2026-06-01T18:08:31.826,398937,159,0.12806666666666666,0.19093333333333332,0.0,70.0,5000,154.0,1,127.57,0.179,22,0.963,0.0,31,-,Belum ditandai,unset
2026-06-01T18:08:32.324,399406,159,0.12833333333333333,0.19119999999999998,0.0,70.0,5000,154.0,1,127.77,0.179,22,0.961,0.0,31,-,Belum ditandai,unset
2026-06-01T18:08:32.944,400036,157,0.12760000000000002,0.19006666666666666,0.0,70.0,5000,154.0,1,127.77,0.179,22,0.961,0.0,31,-,Belum ditandai,unset
2026-06-01T18:08:33.442,400559,157,0.1270666666666667,0.189,0.0,70.0,5000,154.0,1,127.61,0.179,22,0.963,0.0,31,-,Belum ditandai,unset
2026-06-01T18:08:34.002,401084,159,0.12686666666666666,0.18866666666666668,0.0,70.0,5000,154.0,1,127.61,0.179,22,0.963,0.0,31,-,Belum ditandai,unset
2026-06-01T18:08:34.564,401646,158,0.127,0.18893333333333334,0.0,70.0,5000,154.0,1,127.77,0.179,22,0.961,0.0,31,-,Belum ditandai,unset
2026-06-01T18:08:35.062,402171,159,0.1272,0.18953333333333333,0.0,70.0,5000,154.0,1,127.77,0.179,22,0.961,0.0,31,-,Belum ditandai,unset
2026-06-01T18:08:35.561,402641,158,0.12733333333333335,0.19006666666666666,0.0,70.0,5000,154.0,1,127.77,0.179,22,0.961,0.0,31,-,Belum ditandai,unset
2026-06-01T18:08:36.061,403166,157,0.12713333333333335,0.18973333333333334,0.0,70.0,5000,154.0,1,127.77,0.179,22,0.961,0.0,31,-,Belum ditandai,unset
2026-06-01T18:08:36.559,403688,156,0.1270666666666667,0.18953333333333333,0.0,70.0,5000,154.0,1,127.52,0.179,22,0.963,0.0,31,-,Belum ditandai,unset
2026-06-01T18:08:37.118,404213,154,0.12566666666666668,0.18713333333333332,0.0,70.0,5000,154.0,1,127.52,0.179,22,0.963,0.0,31,-,Belum ditandai,unset
2026-06-01T18:08:37.678,404775,157,0.12573333333333334,0.18719999999999998,0.0,70.0,5000,154.0,1,127.94,0.179,22,0.96,0.0,31,-,Belum ditandai,unset
2026-06-01T18:08:38.178,405300,156,0.12553333333333333,0.1866,0.0,70.0,5000,154.0,1,127.94,0.179,22,0.96,0.0,31,-,Belum ditandai,unset
2026-06-01T18:08:38.676,405770,158,0.1266,0.1884,0.0,70.0,5000,154.0,1,127.6,0.179,22,0.963,0.0,31,-,Belum ditandai,unset
2026-06-01T18:08:39.174,406295,158,0.12673333333333334,0.18826666666666667,0.0,70.0,5000,154.0,1,127.6,0.179,22,0.963,0.0,31,-,Belum ditandai,unset
2026-06-01T18:08:39.673,406817,158,0.12713333333333335,0.18933333333333333,0.0,70.0,5000,154.0,1,127.75,0.179,22,0.962,0.0,31,-,Belum ditandai,unset
2026-06-01T18:08:40.236,407342,159,0.1274,0.18986666666666666,0.0,70.0,5000,154.0,1,127.75,0.179,22,0.962,0.0,31,-,Belum ditandai,unset
2026-06-01T18:08:40.800,407894,158,0.1272,0.1898,0.0,70.0,5000,154.0,1,127.79,0.179,22,0.961,0.0,31,-,Belum ditandai,unset
2026-06-01T18:08:41.300,408419,160,0.1278,0.19039999999999999,0.0,70.0,5000,154.0,1,127.79,0.179,22,0.961,0.0,31,-,Belum ditandai,unset
2026-06-01T18:08:41.799,408942,154,0.1278,0.19013333333333332,0.0,70.0,5000,154.0,1,127.82,0.179,22,0.961,0.0,31,-,Belum ditandai,unset
2026-06-01T18:08:42.361,409504,157,0.1278,0.18986666666666666,0.0,70.0,5000,154.0,1,127.69,0.179,22,0.962,0.0,31,-,Belum ditandai,unset
2026-06-01T18:08:42.922,410029,157,0.127,0.18893333333333334,0.0,70.0,5000,154.0,1,127.69,0.179,22,0.962,0.0,31,-,Belum ditandai,unset
2026-06-01T18:08:43.485,410604,160,0.12713333333333335,0.1892,0.0,70.0,5000,154.0,1,127.67,0.179,22,0.962,0.0,31,-,Belum ditandai,unset
2026-06-01T18:08:43.984,411129,158,0.1272,0.1894,0.0,70.0,5000,154.0,1,127.67,0.179,22,0.962,0.0,31,-,Belum ditandai,unset
2026-06-01T18:08:44.543,411651,159,0.1274,0.1896,0.0,70.0,5000,154.0,1,127.69,0.179,22,0.962,0.0,31,-,Belum ditandai,unset
2026-06-01T18:08:45.043,412176,160,0.1272,0.1894,0.0,70.0,5000,154.0,1,127.69,0.179,22,0.962,0.0,31,-,Belum ditandai,unset
2026-06-01T18:08:45.605,412738,158,0.12760000000000002,0.19033333333333333,0.0,70.0,5000,154.0,1,132.56,0.183,24,0.989,0.0,31,-,Belum ditandai,unset
2026-06-01T18:08:46.102,413263,160,0.12786666666666668,0.19086666666666666,0.0,70.0,5000,154.0,1,132.56,0.183,24,0.989,0.0,31,-,Belum ditandai,unset
2026-06-01T18:08:46.603,413733,160,0.128,0.191,0.0,70.0,5000,154.0,1,134.77,0.184,24,0.967,0.0,31,-,Belum ditandai,unset
2026-06-01T18:08:47.102,414258,157,0.12760000000000002,0.1902,0.0,70.0,5000,154.0,1,134.77,0.184,24,0.967,0.0,31,-,Belum ditandai,unset
2026-06-01T18:08:47.665,414781,157,0.12726666666666667,0.18933333333333333,0.0,70.0,5000,154.0,1,136.6,0.186,25,0.983,0.0,31,-,Belum ditandai,unset
2026-06-01T18:08:48.163,415306,159,0.12686666666666666,0.18866666666666668,0.0,70.0,5000,154.0,1,136.6,0.186,25,0.983,0.0,31,-,Belum ditandai,unset
2026-06-01T18:08:48.723,415868,158,0.127,0.18906666666666666,0.0,70.0,5000,154.0,1,137.65,0.186,25,0.976,0.0,31,-,Belum ditandai,unset
2026-06-01T18:08:49.222,416393,156,0.12686666666666666,0.18893333333333334,0.0,70.0,5000,154.0,1,137.65,0.186,25,0.976,0.0,31,-,Belum ditandai,unset
2026-06-01T18:08:49.721,416862,159,0.12673333333333334,0.1888,0.0,70.0,5000,154.0,1,137.76,0.186,25,0.975,0.0,31,-,Belum ditandai,unset
2026-06-01T18:08:50.220,417387,159,0.12653333333333333,0.18833333333333335,0.0,70.0,5000,154.0,1,137.76,0.186,25,0.975,0.0,31,-,Belum ditandai,unset
2026-06-01T18:08:50.720,417910,156,0.12666666666666665,0.18860000000000002,0.0,70.0,5000,154.0,1,137.76,0.186,25,0.975,0.0,31,-,Belum ditandai,unset
2026-06-01T18:08:51.282,418435,159,0.12686666666666666,0.18893333333333334,0.0,70.0,5000,154.0,1,137.76,0.186,25,0.975,0.0,31,-,Belum ditandai,unset
2026-06-01T18:08:51.843,418997,160,0.12713333333333335,0.18946666666666667,0.0,70.0,5000,154.0,1,137.79,0.186,25,0.975,0.0,31,-,Belum ditandai,unset
2026-06-01T18:08:52.402,419572,158,0.12760000000000002,0.19006666666666666,0.0,70.0,5000,154.0,1,137.82,0.186,25,0.975,0.0,31,-,Belum ditandai,unset
2026-06-01T18:08:52.904,420097,160,0.128,0.1906,0.0,70.0,5000,154.0,1,137.82,0.186,25,0.975,0.0,31,-,Belum ditandai,unset
2026-06-01T18:08:53.464,420620,158,0.1278,0.19026666666666667,0.0,70.0,5000,154.0,1,137.72,0.186,25,0.975,0.0,31,-,Belum ditandai,unset
2026-06-01T18:08:53.965,421145,150,0.12686666666666666,0.18866666666666668,0.0,70.0,5000,154.0,1,137.72,0.186,25,0.975,0.0,31,-,Belum ditandai,unset
2026-06-01T18:08:54.525,421707,159,0.12666666666666665,0.18860000000000002,0.0,70.0,5000,154.0,1,137.73,0.186,25,0.975,0.0,31,-,Belum ditandai,unset
2026-06-01T18:08:55.030,422232,159,0.1268,0.18886666666666668,0.0,70.0,5000,154.0,1,137.73,0.186,25,0.975,0.0,31,-,Belum ditandai,unset
2026-06-01T18:08:55.526,422702,155,0.12653333333333333,0.18873333333333334,0.0,70.0,5000,154.0,1,137.76,0.186,25,0.975,0.0,31,-,Belum ditandai,unset
2026-06-01T18:08:56.028,423227,157,0.127,0.18933333333333333,0.0,70.0,5000,154.0,1,137.76,0.186,25,0.975,0.0,31,-,Belum ditandai,unset
2026-06-01T18:08:56.591,423750,159,0.127,0.1892,0.0,70.0,5000,154.0,1,137.77,0.186,25,0.975,0.0,31,-,Belum ditandai,unset
2026-06-01T18:08:57.094,424275,158,0.12746666666666667,0.18993333333333334,0.0,70.0,5000,154.0,1,137.77,0.186,25,0.975,0.0,31,-,Belum ditandai,unset
2026-06-01T18:08:57.656,424837,155,0.12733333333333335,0.1898,0.0,70.0,5000,154.0,1,137.76,0.186,25,0.975,0.0,31,-,Belum ditandai,unset
2026-06-01T18:08:58.155,425362,158,0.1272,0.18966666666666668,0.0,70.0,5000,154.0,1,137.76,0.186,25,0.975,0.0,31,-,Belum ditandai,unset
2026-06-01T18:08:58.653,425831,157,0.12713333333333335,0.18946666666666667,0.0,70.0,5000,154.0,1,137.79,0.186,25,0.975,0.0,31,-,Belum ditandai,unset
2026-06-01T18:08:59.152,426356,157,0.12733333333333335,0.18953333333333333,0.0,70.0,5000,154.0,1,137.79,0.186,25,0.975,0.0,31,-,Belum ditandai,unset
2026-06-01T18:08:59.716,426879,158,0.1274,0.18973333333333334,0.0,70.0,5000,154.0,1,137.7,0.186,25,0.976,0.0,31,-,Belum ditandai,unset
2026-06-01T18:09:00.339,427509,158,0.1272,0.1894,0.0,70.0,5000,154.0,1,137.7,0.186,25,0.976,0.0,31,-,Belum ditandai,unset
2026-06-01T18:09:00.897,428071,159,0.12746666666666667,0.19006666666666666,0.0,70.0,5000,154.0,1,142.17,0.189,26,0.967,0.0,31,-,Belum ditandai,unset
2026-06-01T18:09:01.459,428646,160,0.12760000000000002,0.1902,0.0,70.0,5000,154.0,1,145.06,0.191,27,0.974,0.0,31,-,Belum ditandai,unset
2026-06-01T18:09:01.957,429171,158,0.12753333333333333,0.19026666666666667,0.0,70.0,5000,154.0,1,145.06,0.191,27,0.974,0.0,31,-,Belum ditandai,unset
2026-06-01T18:09:02.518,429694,158,0.12733333333333335,0.18993333333333334,0.0,70.0,5000,154.0,1,146.23,0.192,27,0.961,0.0,31,-,Belum ditandai,unset
2026-06-01T18:09:03.020,430219,158,0.1270666666666667,0.18953333333333333,0.0,70.0,5000,154.0,1,146.23,0.192,27,0.961,0.0,31,-,Belum ditandai,unset
2026-06-01T18:09:03.582,430781,161,0.12726666666666667,0.18973333333333334,0.0,70.0,5000,154.0,1,146.15,0.192,27,0.962,0.0,31,-,Belum ditandai,unset
2026-06-01T18:09:04.085,431306,159,0.1274,0.19,0.0,70.0,5000,154.0,1,146.15,0.192,27,0.962,0.0,31,-,Belum ditandai,unset
2026-06-01T18:09:04.580,431775,160,0.12760000000000002,0.19033333333333333,0.0,70.0,5000,154.0,1,146.07,0.192,27,0.962,0.0,31,-,Belum ditandai,unset
2026-06-01T18:09:05.081,432300,158,0.12753333333333333,0.18986666666666666,0.0,70.0,5000,154.0,1,146.07,0.192,27,0.962,0.0,31,-,Belum ditandai,unset
2026-06-01T18:09:05.580,432823,157,0.127,0.1888,0.0,70.0,5000,154.0,1,146.01,0.192,27,0.963,0.0,31,-,Belum ditandai,unset
2026-06-01T18:09:06.139,433348,157,0.12673333333333334,0.18813333333333335,0.0,70.0,5000,154.0,1,146.01,0.192,27,0.963,0.0,31,-,Belum ditandai,unset
2026-06-01T18:09:06.698,433910,159,0.127,0.1888,0.0,70.0,5000,154.0,1,146.02,0.192,27,0.963,0.0,31,-,Belum ditandai,unset
2026-06-01T18:09:07.198,434435,159,0.12726666666666667,0.18946666666666667,0.0,70.0,5000,154.0,1,146.02,0.192,27,0.963,0.0,31,-,Belum ditandai,unset
2026-06-01T18:09:07.697,434905,156,0.1270666666666667,0.18913333333333335,0.0,70.0,5000,154.0,1,146.08,0.192,27,0.962,0.0,31,-,Belum ditandai,unset
2026-06-01T18:09:08.195,435430,157,0.12686666666666666,0.1888,0.0,70.0,5000,154.0,1,146.08,0.192,27,0.962,0.0,31,-,Belum ditandai,unset
2026-06-01T18:09:08.698,435953,158,0.1268,0.18846666666666667,0.0,70.0,5000,154.0,1,146.08,0.192,27,0.962,0.0,31,-,Belum ditandai,unset
2026-06-01T18:09:09.262,436478,158,0.1270666666666667,0.189,0.0,70.0,5000,154.0,1,146.08,0.192,27,0.962,0.0,31,-,Belum ditandai,unset
2026-06-01T18:09:09.826,437040,159,0.1274,0.18946666666666667,0.0,70.0,5000,154.0,1,146.11,0.192,27,0.962,0.0,31,-,Belum ditandai,unset
2026-06-01T18:09:10.324,437565,154,0.12713333333333335,0.18933333333333333,0.0,70.0,5000,154.0,1,146.11,0.192,27,0.962,0.0,31,-,Belum ditandai,unset
2026-06-01T18:09:10.823,438035,158,0.127,0.18906666666666666,0.0,70.0,5000,154.0,1,146.12,0.192,27,0.962,0.0,31,-,Belum ditandai,unset
2026-06-01T18:09:11.447,438665,158,0.1268,0.18886666666666668,0.0,70.0,5000,154.0,1,146.12,0.192,27,0.962,0.0,31,-,Belum ditandai,unset
2026-06-01T18:09:11.949,439188,157,0.12693333333333331,0.18886666666666668,0.0,70.0,5000,154.0,1,146.36,0.192,27,0.96,0.0,31,-,Belum ditandai,unset
2026-06-01T18:09:12.508,439750,157,0.1270666666666667,0.18926666666666667,0.0,70.0,5000,154.0,1,150.28,0.195,29,0.989,0.0,31,-,Belum ditandai,unset
2026-06-01T18:09:13.007,440275,159,0.1272,0.18926666666666667,0.0,70.0,5000,154.0,1,150.28,0.195,29,0.989,0.0,31,-,Belum ditandai,unset
2026-06-01T18:09:13.507,440744,158,0.1274,0.1896,0.0,70.0,5000,154.0,1,152.0,0.196,29,0.973,0.0,31,-,Belum ditandai,unset
2026-06-01T18:09:14.005,441269,158,0.12733333333333335,0.1898,0.0,70.0,5000,154.0,1,152.0,0.196,29,0.973,0.0,31,-,Belum ditandai,unset
2026-06-01T18:09:14.564,441792,157,0.1272,0.18966666666666668,0.0,70.0,5000,154.0,1,153.19,0.197,29,0.96,0.0,31,-,Belum ditandai,unset
2026-06-01T18:09:15.061,442317,157,0.1272,0.18966666666666668,0.0,70.0,5000,154.0,1,153.19,0.197,29,0.96,0.0,31,-,Belum ditandai,unset
2026-06-01T18:09:15.624,442869,156,0.12686666666666666,0.18866666666666668,0.0,70.0,5000,154.0,1,153.1,0.197,29,0.961,0.0,31,-,Belum ditandai,unset
2026-06-01T18:09:16.123,443394,156,0.12666666666666665,0.18833333333333335,0.0,70.0,5000,154.0,1,153.1,0.197,29,0.961,0.0,31,-,Belum ditandai,unset
2026-06-01T18:09:16.686,443917,158,0.12693333333333331,0.18873333333333334,0.0,70.0,5000,154.0,1,155.02,0.198,30,0.977,0.0,31,-,Belum ditandai,unset
2026-06-01T18:09:17.184,444442,157,0.12746666666666667,0.18966666666666668,0.0,70.0,5000,154.0,1,155.02,0.198,30,0.977,0.0,31,-,Belum ditandai,unset
2026-06-01T18:09:17.746,444994,159,0.12806666666666666,0.1908,0.0,70.0,5000,154.0,1,155.33,0.198,30,0.975,0.0,31,-,Belum ditandai,unset
2026-06-01T18:09:18.370,445624,158,0.12793333333333334,0.1908,0.0,70.0,5000,154.0,1,155.33,0.198,30,0.975,0.0,31,-,Belum ditandai,unset
2026-06-01T18:09:18.991,446252,159,0.12773333333333334,0.19046666666666667,0.0,70.0,5000,154.0,1,155.24,0.198,30,0.976,0.0,31,-,Belum ditandai,unset
2026-06-01T18:09:19.553,446804,157,0.12733333333333335,0.1894,0.0,70.0,5000,154.0,1,155.21,0.198,30,0.976,0.0,31,-,Belum ditandai,unset
2026-06-01T18:09:20.052,447329,158,0.1274,0.18946666666666667,0.0,70.0,5000,154.0,1,155.21,0.198,30,0.976,0.0,31,-,Belum ditandai,unset
2026-06-01T18:09:20.553,447852,161,0.1274,0.1896,0.0,70.0,5000,154.0,1,155.36,0.198,30,0.975,0.0,31,-,Belum ditandai,unset
2026-06-01T18:09:21.115,448377,159,0.1278,0.19053333333333333,0.0,70.0,5000,154.0,1,155.36,0.198,30,0.975,0.0,31,-,Belum ditandai,unset
2026-06-01T18:09:21.678,448929,158,0.12753333333333333,0.19,0.0,70.0,5000,154.0,1,155.23,0.198,30,0.976,0.0,31,-,Belum ditandai,unset
2026-06-01T18:09:22.178,449454,159,0.12746666666666667,0.18993333333333334,0.0,70.0,5000,154.0,1,155.23,0.198,30,0.976,0.0,31,-,Belum ditandai,unset
2026-06-01T18:09:22.677,449977,158,0.12726666666666667,0.18946666666666667,0.0,70.0,5000,154.0,1,155.27,0.198,30,0.975,0.0,31,-,Belum ditandai,unset
2026-06-01T18:09:23.241,450502,156,0.12666666666666665,0.1884,0.0,70.0,5000,154.0,1,155.27,0.198,30,0.975,0.0,31,-,Belum ditandai,unset
2026-06-01T18:09:23.737,451054,156,0.12606666666666666,0.18726666666666666,0.0,70.0,5000,154.0,1,155.24,0.198,30,0.976,0.0,31,-,Belum ditandai,unset
2026-06-01T18:09:24.300,451579,159,0.12586666666666665,0.1869333333333333,0.0,70.0,5000,154.0,1,155.24,0.198,30,0.976,0.0,31,-,Belum ditandai,unset
2026-06-01T18:09:24.797,452102,155,0.12626666666666667,0.18753333333333336,0.0,70.0,5000,154.0,1,155.24,0.198,30,0.976,0.0,31,-,Belum ditandai,unset
2026-06-01T18:09:25.364,452627,157,0.12666666666666665,0.1882,0.0,70.0,5000,154.0,1,155.24,0.198,30,0.976,0.0,31,-,Belum ditandai,unset
2026-06-01T18:09:25.864,453179,157,0.1262,0.18760000000000002,0.0,70.0,5000,154.0,1,155.28,0.198,30,0.975,0.0,31,-,Belum ditandai,unset
2026-06-01T18:09:26.426,453704,159,0.12693333333333331,0.18886666666666668,0.0,70.0,5000,154.0,1,155.28,0.198,30,0.975,0.0,31,-,Belum ditandai,unset
2026-06-01T18:09:26.927,454227,157,0.12693333333333331,0.189,0.0,70.0,5000,154.0,1,155.16,0.198,30,0.976,0.0,31,-,Belum ditandai,unset
2026-06-01T18:09:27.425,454752,160,0.12760000000000002,0.19006666666666666,0.0,70.0,5000,154.0,1,155.16,0.198,30,0.976,0.0,31,-,Belum ditandai,unset
2026-06-01T18:09:27.924,455199,158,0.1274,0.18986666666666666,0.0,70.0,5000,154.0,1,155.25,0.198,30,0.975,0.0,31,-,Belum ditandai,unset
2026-06-01T18:09:28.424,455724,158,0.12746666666666667,0.19006666666666666,0.0,70.0,5000,154.0,1,155.25,0.198,30,0.975,0.0,31,-,Belum ditandai,unset
2026-06-01T18:09:28.924,456247,159,0.12786666666666668,0.1906,0.0,70.0,5000,154.0,1,155.22,0.198,30,0.976,0.0,31,-,Belum ditandai,unset
2026-06-01T18:09:29.487,456772,159,0.12686666666666666,0.18913333333333335,0.0,70.0,5000,154.0,1,155.22,0.198,30,0.976,0.0,31,-,Belum ditandai,unset
2026-06-01T18:09:29.986,457324,157,0.127,0.189,0.0,70.0,5000,154.0,1,155.41,0.198,30,0.974,0.0,31,-,Belum ditandai,unset
2026-06-01T18:09:30.548,457849,157,0.12666666666666665,0.18853333333333333,0.0,70.0,5000,154.0,1,155.41,0.198,30,0.974,0.0,31,-,Belum ditandai,unset
2026-06-01T18:09:31.048,458372,158,0.12693333333333331,0.18893333333333334,0.0,70.0,5000,154.0,1,155.35,0.198,30,0.975,0.0,31,-,Belum ditandai,unset
2026-06-01T18:09:31.610,458924,157,0.1266,0.18846666666666667,0.0,70.0,5000,154.0,1,155.14,0.198,30,0.976,0.0,31,-,Belum ditandai,unset
2026-06-01T18:09:32.109,459449,155,0.1266,0.18873333333333334,0.0,70.0,5000,154.0,1,155.14,0.198,30,0.976,0.0,31,-,Belum ditandai,unset
2026-06-01T18:09:32.670,459972,157,0.1272,0.18953333333333333,0.0,70.0,5000,154.0,1,155.05,0.198,30,0.977,0.0,31,-,Belum ditandai,unset
2026-06-01T18:09:33.170,460497,159,0.1274,0.19013333333333332,0.0,70.0,5000,154.0,1,155.05,0.198,30,0.977,0.0,31,-,Belum ditandai,unset
2026-06-01T18:09:33.730,461049,156,0.12773333333333334,0.19046666666666667,0.0,70.0,5000,154.0,1,155.18,0.198,30,0.976,0.0,31,-,Belum ditandai,unset
2026-06-01T18:09:34.232,461574,158,0.1274,0.18986666666666666,0.0,70.0,5000,154.0,1,155.18,0.198,30,0.976,0.0,31,-,Belum ditandai,unset
2026-06-01T18:09:34.791,462097,158,0.1272,0.1894,0.0,70.0,5000,154.0,1,155.16,0.198,30,0.976,0.0,31,-,Belum ditandai,unset
2026-06-01T18:09:35.291,462622,158,0.12686666666666666,0.1888,0.0,70.0,5000,154.0,1,155.16,0.198,30,0.976,0.0,31,-,Belum ditandai,unset
2026-06-01T18:09:35.852,463174,156,0.127,0.18893333333333334,0.0,70.0,5000,154.0,1,155.28,0.198,30,0.975,0.0,31,-,Belum ditandai,unset
2026-06-01T18:09:36.351,463699,156,0.12693333333333331,0.18873333333333334,0.0,70.0,5000,154.0,1,155.28,0.198,30,0.975,0.0,31,-,Belum ditandai,unset
2026-06-01T18:09:36.853,464222,156,0.1268,0.18860000000000002,0.0,70.0,5000,154.0,1,155.27,0.198,30,0.975,0.0,31,-,Belum ditandai,unset
2026-06-01T18:09:37.413,464747,153,0.1266,0.1884,0.0,70.0,5000,154.0,1,155.27,0.198,30,0.975,0.0,31,-,Belum ditandai,unset
2026-06-01T18:09:37.973,465309,159,0.127,0.18906666666666666,0.0,70.0,5000,154.0,1,155.21,0.198,30,0.976,0.0,31,-,Belum ditandai,unset
2026-06-01T18:09:38.473,465834,158,0.1272,0.18953333333333333,0.0,70.0,5000,154.0,1,155.21,0.198,30,0.976,0.0,31,-,Belum ditandai,unset
2026-06-01T18:09:38.973,466304,157,0.1270666666666667,0.18926666666666667,0.0,70.0,5000,154.0,1,155.31,0.198,30,0.975,0.0,31,-,Belum ditandai,unset
2026-06-01T18:09:39.472,466829,159,0.12726666666666667,0.18973333333333334,0.0,70.0,5000,154.0,1,155.31,0.198,30,0.975,0.0,31,-,Belum ditandai,unset
2026-06-01T18:09:40.032,467352,160,0.12793333333333334,0.19053333333333333,0.0,70.0,5000,154.0,1,155.34,0.198,30,0.975,0.0,31,-,Belum ditandai,unset
2026-06-01T18:09:40.530,467877,159,0.12846666666666667,0.19133333333333333,0.0,70.0,5000,154.0,1,155.34,0.198,30,0.975,0.0,31,-,Belum ditandai,unset
2026-06-01T18:09:41.090,468439,159,0.12873333333333334,0.19160000000000002,0.0,70.0,5000,154.0,1,155.24,0.198,30,0.976,0.0,31,-,Belum ditandai,unset
2026-06-01T18:09:41.640,469014,158,0.12793333333333334,0.19053333333333333,0.0,70.0,5000,154.0,1,155.38,0.198,30,0.975,0.0,31,-,Belum ditandai,unset
2026-06-01T18:09:42.198,469539,158,0.1278,0.19053333333333333,0.0,70.0,5000,154.0,1,155.38,0.198,30,0.975,0.0,31,-,Belum ditandai,unset
2026-06-01T18:09:42.699,470067,158,0.1274,0.18986666666666666,0.0,70.0,5000,154.0,1,155.22,0.198,30,0.976,0.0,31,-,Belum ditandai,unset
2026-06-01T18:09:43.202,470592,159,0.1274,0.18973333333333334,0.0,70.0,5000,154.0,1,155.22,0.198,30,0.976,0.0,31,-,Belum ditandai,unset
2026-06-01T18:09:43.698,471034,161,0.12746666666666667,0.1898,0.0,70.0,5000,154.0,1,155.2,0.198,30,0.976,0.0,31,-,Belum ditandai,unset
2026-06-01T18:09:44.198,471559,160,0.12773333333333334,0.19033333333333333,0.0,70.0,5000,154.0,1,155.2,0.198,30,0.976,0.0,31,-,Belum ditandai,unset
2026-06-01T18:09:44.758,472134,157,0.12813333333333335,0.191,0.0,70.0,5000,154.0,1,155.21,0.198,30,0.976,0.0,31,-,Belum ditandai,unset
2026-06-01T18:09:45.262,472659,159,0.12806666666666666,0.19093333333333332,0.0,70.0,5000,154.0,1,155.21,0.198,30,0.976,0.0,31,-,Belum ditandai,unset
2026-06-01T18:09:45.823,473182,157,0.12773333333333334,0.19006666666666666,0.0,70.0,5000,154.0,1,155.28,0.198,30,0.975,0.0,31,-,Belum ditandai,unset
2026-06-01T18:09:46.320,473707,159,0.12786666666666668,0.19033333333333333,0.0,70.0,5000,154.0,1,155.28,0.198,30,0.975,0.0,31,-,Belum ditandai,unset
2026-06-01T18:09:46.884,474269,157,0.12753333333333333,0.1896,0.0,70.0,5000,154.0,1,155.16,0.198,30,0.976,0.0,31,-,Belum ditandai,unset
2026-06-01T18:09:47.445,474794,157,0.1272,0.18913333333333335,0.0,70.0,5000,154.0,1,155.16,0.198,30,0.976,0.0,31,-,Belum ditandai,unset
2026-06-01T18:09:48.006,475368,157,0.1266,0.18813333333333335,0.0,70.0,5000,154.0,1,155.11,0.198,30,0.976,0.0,31,-,Belum ditandai,unset
2026-06-01T18:09:48.506,475893,158,0.12653333333333333,0.1882,0.0,70.0,5000,154.0,1,155.11,0.198,30,0.976,0.0,31,-,Belum ditandai,unset
2026-06-01T18:09:49.005,476416,157,0.12686666666666666,0.18893333333333334,0.0,70.0,5000,154.0,1,155.17,0.198,30,0.976,0.0,31,-,Belum ditandai,unset
2026-06-01T18:09:49.567,476941,158,0.12726666666666667,0.18973333333333334,0.0,70.0,5000,154.0,1,155.17,0.198,30,0.976,0.0,31,-,Belum ditandai,unset
2026-06-01T18:09:50.128,477503,157,0.12753333333333333,0.19,0.0,70.0,5000,154.0,1,155.17,0.198,30,0.976,0.0,31,-,Belum ditandai,unset
2026-06-01T18:09:50.690,478078,156,0.12713333333333335,0.1892,0.0,70.0,5000,154.0,1,155.36,0.198,30,0.975,0.0,31,-,Belum ditandai,unset
2026-06-01T18:09:51.191,478603,158,0.1270666666666667,0.189,0.0,70.0,5000,154.0,1,155.36,0.198,30,0.975,0.0,31,-,Belum ditandai,unset
2026-06-01T18:09:51.750,479126,159,0.12666666666666665,0.18846666666666667,0.0,70.0,5000,154.0,1,155.29,0.198,30,0.975,0.0,31,-,Belum ditandai,unset
2026-06-01T18:09:52.249,479651,156,0.1272,0.18953333333333333,0.0,70.0,5000,154.0,1,155.29,0.198,30,0.975,0.0,31,-,Belum ditandai,unset
2026-06-01T18:09:52.812,480213,154,0.12639999999999998,0.1882,0.0,70.0,5000,154.0,1,155.24,0.198,30,0.976,0.0,31,-,Belum ditandai,unset
2026-06-01T18:09:53.309,480738,156,0.12633333333333333,0.18786666666666668,0.0,70.0,5000,154.0,1,155.24,0.198,30,0.976,0.0,31,-,Belum ditandai,unset
2026-06-01T18:09:53.809,481207,158,0.12606666666666666,0.18733333333333332,0.0,70.0,5000,154.0,1,155.23,0.198,30,0.976,0.0,31,-,Belum ditandai,unset
2026-06-01T18:09:54.433,481837,156,0.12666666666666665,0.1882,0.0,70.0,5000,154.0,1,155.23,0.198,30,0.976,0.0,31,-,Belum ditandai,unset
2026-06-01T18:09:55.059,482465,159,0.1272,0.18926666666666667,0.0,70.0,5000,154.0,1,155.38,0.198,30,0.975,0.0,31,-,Belum ditandai,unset
2026-06-01T18:09:55.742,483132,158,0.1270666666666667,0.189,0.0,70.0,5000,154.0,1,155.29,0.198,30,0.975,0.0,31,-,Belum ditandai,unset
2026-06-01T18:09:56.241,483657,156,0.127,0.18893333333333334,0.0,70.0,5000,154.0,1,155.29,0.198,30,0.975,0.0,31,-,Belum ditandai,unset
2026-06-01T18:09:56.739,484127,155,0.12606666666666666,0.18746666666666664,0.0,70.0,5000,154.0,1,155.16,0.198,30,0.976,0.0,31,-,Belum ditandai,unset
2026-06-01T18:09:57.239,484652,156,0.12606666666666666,0.18746666666666664,0.0,70.0,5000,154.0,1,155.16,0.198,30,0.976,0.0,31,-,Belum ditandai,unset
2026-06-01T18:09:57.739,485175,157,0.12626666666666667,0.18780000000000002,0.0,70.0,5000,154.0,1,155.27,0.198,30,0.975,0.0,31,-,Belum ditandai,unset
2026-06-01T18:09:58.298,485700,156,0.12673333333333334,0.18853333333333333,0.0,70.0,5000,154.0,1,155.27,0.198,30,0.975,0.0,31,-,Belum ditandai,unset
2026-06-01T18:09:58.859,486262,158,0.1270666666666667,0.18913333333333335,0.0,70.0,5000,154.0,1,155.2,0.198,30,0.976,0.0,31,-,Belum ditandai,unset
2026-06-01T18:09:59.357,486787,158,0.12726666666666667,0.18946666666666667,0.0,70.0,5000,154.0,1,155.2,0.198,30,0.976,0.0,31,-,Belum ditandai,unset
2026-06-01T18:09:59.854,487257,159,0.12753333333333333,0.18986666666666666,0.0,70.0,5000,154.0,1,155.39,0.198,30,0.975,0.0,31,-,Belum ditandai,unset
2026-06-01T18:10:00.466,487887,158,0.12746666666666667,0.19006666666666666,0.0,70.0,5000,154.0,1,155.39,0.198,30,0.975,0.0,31,-,Belum ditandai,unset
2026-06-01T18:10:00.970,488410,158,0.12693333333333331,0.18926666666666667,0.0,70.0,5000,154.0,1,155.21,0.198,30,0.976,0.0,31,-,Belum ditandai,unset
2026-06-01T18:10:01.472,488935,158,0.12653333333333333,0.18886666666666668,0.0,70.0,5000,154.0,1,155.21,0.198,30,0.976,0.0,31,-,Belum ditandai,unset
2026-06-01T18:10:01.969,489392,157,0.12639999999999998,0.18846666666666667,0.0,70.0,5000,154.0,1,155.3,0.198,30,0.975,0.0,31,-,Belum ditandai,unset
2026-06-01T18:10:02.468,489917,157,0.12686666666666666,0.1892,0.0,70.0,5000,154.0,1,155.3,0.198,30,0.975,0.0,31,-,Belum ditandai,unset
2026-06-01T18:10:02.967,490387,157,0.1270666666666667,0.18913333333333335,0.0,70.0,5000,154.0,1,155.34,0.198,30,0.975,0.0,31,-,Belum ditandai,unset
2026-06-01T18:10:03.466,490912,157,0.1272,0.18926666666666667,0.0,70.0,5000,154.0,1,155.34,0.198,30,0.975,0.0,31,-,Belum ditandai,unset
2026-06-01T18:10:03.966,491434,161,0.12746666666666667,0.18966666666666668,0.0,70.0,5000,154.0,1,155.29,0.198,30,0.975,0.0,31,-,Belum ditandai,unset
2026-06-01T18:10:04.524,491959,158,0.12766666666666668,0.19026666666666667,0.0,70.0,5000,154.0,1,155.29,0.198,30,0.975,0.0,31,-,Belum ditandai,unset
2026-06-01T18:10:05.086,492511,159,0.12793333333333334,0.19066666666666665,0.0,70.0,5000,154.0,1,155.38,0.198,30,0.975,0.0,31,-,Belum ditandai,unset
2026-06-01T18:10:05.588,493036,158,0.12753333333333333,0.19013333333333332,0.0,70.0,5000,154.0,1,155.38,0.198,30,0.975,0.0,31,-,Belum ditandai,unset
2026-06-01T18:10:06.087,493559,158,0.1274,0.19013333333333332,0.0,70.0,5000,154.0,1,155.24,0.198,30,0.976,0.0,31,-,Belum ditandai,unset
2026-06-01T18:10:06.653,494084,166,0.1274,0.18986666666666666,0.0,70.0,5000,154.0,1,155.24,0.198,30,0.976,0.0,31,-,Belum ditandai,unset
2026-06-01T18:10:07.154,494641,158,0.12746666666666667,0.18993333333333334,0.0,70.0,5000,154.0,1,155.28,0.198,30,0.975,0.0,31,-,Belum ditandai,unset
2026-06-01T18:10:07.717,495166,156,0.12746666666666667,0.18966666666666668,0.0,70.0,5000,154.0,1,155.28,0.198,30,0.975,0.0,31,-,Belum ditandai,unset
2026-06-01T18:10:08.217,495694,157,0.12713333333333335,0.18933333333333333,0.0,70.0,5000,154.0,1,155.31,0.198,30,0.975,0.0,31,-,Belum ditandai,unset
2026-06-01T18:10:08.780,496236,158,0.1270666666666667,0.18913333333333335,0.0,70.0,5000,154.0,1,155.21,0.198,30,0.976,0.0,31,-,Belum ditandai,unset
2026-06-01T18:10:09.399,496866,157,0.12753333333333333,0.1896,0.0,70.0,5000,154.0,1,155.21,0.198,30,0.976,0.0,31,-,Belum ditandai,unset
2026-06-01T18:10:09.898,497389,159,0.12760000000000002,0.18966666666666668,0.0,70.0,5000,154.0,1,155.32,0.198,30,0.975,0.0,31,-,Belum ditandai,unset
2026-06-01T18:10:10.459,497914,157,0.12746666666666667,0.18926666666666667,0.0,70.0,5000,154.0,1,155.32,0.198,30,0.975,0.0,31,-,Belum ditandai,unset
2026-06-01T18:10:11.021,498476,159,0.12760000000000002,0.18953333333333333,0.0,70.0,5000,154.0,1,155.17,0.198,30,0.976,0.0,31,-,Belum ditandai,unset
2026-06-01T18:10:11.519,499001,159,0.12773333333333334,0.19006666666666666,0.0,70.0,5000,154.0,1,155.17,0.198,30,0.976,0.0,31,-,Belum ditandai,unset
2026-06-01T18:10:12.016,499471,158,0.12793333333333334,0.19053333333333333,0.0,70.0,5000,154.0,1,155.18,0.198,30,0.976,0.0,31,-,Belum ditandai,unset
2026-06-01T18:10:12.520,499996,158,0.12773333333333334,0.1906,0.0,70.0,5000,154.0,1,155.18,0.198,30,0.976,0.0,31,-,Belum ditandai,unset
2026-06-01T18:10:13.020,500518,158,0.12746666666666667,0.18993333333333334,0.0,70.0,5000,154.0,1,155.25,0.198,30,0.975,0.0,31,-,Belum ditandai,unset
2026-06-01T18:10:13.582,501043,158,0.12726666666666667,0.18933333333333333,0.0,70.0,5000,154.0,1,155.25,0.198,30,0.975,0.0,31,-,Belum ditandai,unset
2026-06-01T18:10:14.141,501595,152,0.12673333333333334,0.1882,0.0,70.0,5000,154.0,1,155.25,0.198,30,0.975,0.0,31,-,Belum ditandai,unset
2026-06-01T18:10:14.641,502120,159,0.1266,0.1882,0.0,70.0,5000,154.0,1,155.25,0.198,30,0.975,0.0,31,-,Belum ditandai,unset
2026-06-01T18:10:15.138,502643,160,0.12713333333333335,0.18926666666666667,0.0,70.0,5000,154.0,1,155.28,0.198,30,0.975,0.0,31,-,Belum ditandai,unset
2026-06-01T18:10:15.700,503168,157,0.1274,0.19,0.0,70.0,5000,154.0,1,155.28,0.198,30,0.975,0.0,31,-,Belum ditandai,unset
2026-06-01T18:10:16.259,503730,159,0.12760000000000002,0.18993333333333334,0.0,70.0,5000,154.0,1,155.26,0.198,30,0.975,0.0,31,-,Belum ditandai,unset
2026-06-01T18:10:16.820,504305,156,0.12673333333333334,0.18866666666666668,0.0,70.0,5000,154.0,1,155.29,0.198,30,0.975,0.0,31,-,Belum ditandai,unset
2026-06-01T18:10:17.323,504830,160,0.127,0.18893333333333334,0.0,70.0,5000,154.0,1,155.29,0.198,30,0.975,0.0,31,-,Belum ditandai,unset
2026-06-01T18:10:17.882,505353,157,0.1268,0.18886666666666668,0.0,70.0,5000,154.0,1,155.13,0.198,30,0.976,0.0,31,-,Belum ditandai,unset
2026-06-01T18:10:18.385,505878,157,0.12733333333333335,0.18953333333333333,0.0,70.0,5000,154.0,1,155.13,0.198,30,0.976,0.0,31,-,Belum ditandai,unset
2026-06-01T18:10:18.950,506440,159,0.127,0.1888,0.0,70.0,5000,154.0,1,155.28,0.198,30,0.975,0.0,31,-,Belum ditandai,unset
2026-06-01T18:10:19.571,507070,158,0.12713333333333335,0.18906666666666666,0.0,70.0,5000,154.0,1,155.28,0.198,30,0.975,0.0,31,-,Belum ditandai,unset
2026-06-01T18:10:20.132,507644,156,0.12686666666666666,0.18866666666666668,0.0,70.0,5000,154.0,1,155.37,0.198,30,0.975,0.0,31,-,Belum ditandai,unset
2026-06-01T18:10:20.692,508169,158,0.127,0.1892,0.0,70.0,5000,154.0,1,155.37,0.198,30,0.975,0.0,31,-,Belum ditandai,unset
2026-06-01T18:10:21.196,508692,160,0.12733333333333335,0.1898,0.0,70.0,5000,154.0,1,155.27,0.198,30,0.975,0.0,31,-,Belum ditandai,unset
2026-06-01T18:10:21.698,509217,159,0.1278,0.19066666666666665,0.0,70.0,5000,154.0,1,155.27,0.198,30,0.975,0.0,31,-,Belum ditandai,unset
2026-06-01T18:10:22.258,509779,157,0.12753333333333333,0.19,0.0,70.0,5000,154.0,1,155.36,0.198,30,0.975,0.0,31,-,Belum ditandai,unset
2026-06-01T18:10:22.821,510354,156,0.12693333333333331,0.18873333333333334,0.0,70.0,5000,154.0,1,155.21,0.198,30,0.976,0.0,31,-,Belum ditandai,unset
2026-06-01T18:10:23.382,510879,156,0.12633333333333333,0.18746666666666664,0.0,70.0,5000,154.0,1,155.21,0.198,30,0.976,0.0,31,-,Belum ditandai,unset
2026-06-01T18:10:23.883,511402,156,0.12653333333333333,0.18780000000000002,0.0,70.0,5000,154.0,1,155.24,0.198,30,0.976,0.0,31,-,Belum ditandai,unset
2026-06-01T18:10:24.382,511927,159,0.12693333333333331,0.18860000000000002,0.0,70.0,5000,154.0,1,155.24,0.198,30,0.976,0.0,31,-,Belum ditandai,unset
2026-06-01T18:10:24.885,512383,160,0.12760000000000002,0.1898,0.0,70.0,5000,154.0,1,155.49,0.198,30,0.974,0.0,31,-,Belum ditandai,unset
2026-06-01T18:10:25.388,512909,157,0.12753333333333333,0.1896,0.0,70.0,5000,154.0,1,155.49,0.198,30,0.974,0.0,31,-,Belum ditandai,unset
2026-06-01T18:10:25.948,513483,159,0.12766666666666668,0.19013333333333332,0.0,70.0,5000,154.0,1,155.36,0.198,30,0.975,0.0,31,-,Belum ditandai,unset
2026-06-01T18:10:26.509,514008,158,0.12686666666666666,0.1888,0.0,70.0,5000,154.0,1,155.36,0.198,30,0.975,0.0,31,-,Belum ditandai,unset
2026-06-01T18:10:27.009,514531,158,0.12686666666666666,0.18893333333333334,0.0,70.0,5000,154.0,1,155.27,0.198,30,0.975,0.0,31,-,Belum ditandai,unset
2026-06-01T18:10:27.507,515056,156,0.12653333333333333,0.1882,0.0,70.0,5000,154.0,1,155.27,0.198,30,0.975,0.0,31,-,Belum ditandai,unset
2026-06-01T18:10:28.007,515513,155,0.12626666666666667,0.18813333333333335,0.0,70.0,5000,154.0,1,155.26,0.198,30,0.975,0.0,31,-,Belum ditandai,unset
2026-06-01T18:10:28.506,516038,157,0.12633333333333333,0.1880666666666667,0.0,70.0,5000,154.0,1,155.26,0.198,30,0.975,0.0,31,-,Belum ditandai,unset
2026-06-01T18:10:29.068,516613,155,0.12639999999999998,0.18813333333333335,0.0,70.0,5000,154.0,1,155.22,0.198,30,0.976,0.0,31,-,Belum ditandai,unset
2026-06-01T18:10:29.569,517138,159,0.127,0.18893333333333334,0.0,70.0,5000,154.0,1,155.22,0.198,30,0.976,0.0,31,-,Belum ditandai,unset
2026-06-01T18:10:30.132,517661,157,0.1270666666666667,0.1894,0.0,70.0,5000,154.0,1,155.33,0.198,30,0.975,0.0,31,-,Belum ditandai,unset
2026-06-01T18:10:30.629,518186,160,0.1272,0.1894,0.0,70.0,5000,154.0,1,155.33,0.198,30,0.975,0.0,31,-,Belum ditandai,unset
2026-06-01T18:10:31.193,518748,161,0.12760000000000002,0.18993333333333334,0.0,70.0,5000,154.0,1,155.19,0.198,30,0.976,0.0,31,-,Belum ditandai,unset
2026-06-01T18:10:31.694,519273,160,0.12786666666666668,0.19033333333333333,0.0,70.0,5000,154.0,1,155.19,0.198,30,0.976,0.0,31,-,Belum ditandai,unset
2026-06-01T18:10:32.193,519743,159,0.12806666666666666,0.1908,0.0,70.0,5000,154.0,1,155.29,0.198,30,0.975,0.0,31,-,Belum ditandai,unset
2026-06-01T18:10:32.695,520268,157,0.12773333333333334,0.19046666666666667,0.0,70.0,5000,154.0,1,155.29,0.198,30,0.975,0.0,31,-,Belum ditandai,unset
2026-06-01T18:10:33.259,520790,158,0.12726666666666667,0.1896,0.0,70.0,5000,154.0,1,155.21,0.198,30,0.976,0.0,31,-,Belum ditandai,unset
2026-06-01T18:10:33.757,521315,158,0.127,0.18906666666666666,0.0,70.0,5000,154.0,1,155.21,0.198,30,0.976,0.0,31,-,Belum ditandai,unset
2026-06-01T18:10:34.319,521867,159,0.12713333333333335,0.18933333333333333,0.0,70.0,5000,154.0,1,155.15,0.198,30,0.976,0.0,31,-,Belum ditandai,unset
2026-06-01T18:10:34.820,522392,158,0.1272,0.1894,0.0,70.0,5000,154.0,1,155.15,0.198,30,0.976,0.0,31,-,Belum ditandai,unset
2026-06-01T18:10:35.379,522915,156,0.12560000000000002,0.18713333333333332,0.0,70.0,5000,154.0,1,155.21,0.198,30,0.976,0.0,31,-,Belum ditandai,unset
2026-06-01T18:10:35.881,523477,155,0.125,0.18586666666666665,0.0,70.0,5000,154.0,1,155.36,0.198,30,0.975,0.0,31,-,Belum ditandai,unset
2026-06-01T18:10:36.444,524002,157,0.12473333333333333,0.18533333333333332,0.0,70.0,5000,154.0,1,155.36,0.198,30,0.975,0.0,31,-,Belum ditandai,unset
2026-06-01T18:10:37.007,524577,157,0.12606666666666666,0.18706666666666666,0.0,70.0,5000,154.0,1,155.27,0.198,30,0.975,0.0,31,-,Belum ditandai,unset
2026-06-01T18:10:37.505,525102,158,0.12673333333333334,0.18826666666666667,0.0,70.0,5000,154.0,1,155.27,0.198,30,0.975,0.0,31,-,Belum ditandai,unset
2026-06-01T18:10:38.065,525625,156,0.127,0.1888,0.0,70.0,5000,154.0,1,155.17,0.198,30,0.976,0.0,31,-,Belum ditandai,unset
2026-06-01T18:10:38.565,526150,157,0.12726666666666667,0.1896,0.0,70.0,5000,154.0,1,155.17,0.198,30,0.976,0.0,31,-,Belum ditandai,unset
2026-06-01T18:10:39.123,526712,157,0.1272,0.18926666666666667,0.0,70.0,5000,154.0,1,155.22,0.198,30,0.976,0.0,31,-,Belum ditandai,unset
2026-06-01T18:10:39.685,527237,156,0.12713333333333335,0.18906666666666666,0.0,70.0,5000,154.0,1,155.22,0.198,30,0.976,0.0,31,-,Belum ditandai,unset
2026-06-01T18:10:40.245,527812,157,0.12686666666666666,0.18826666666666667,0.0,70.0,5000,154.0,1,155.22,0.198,30,0.976,0.0,31,-,Belum ditandai,unset
2026-06-01T18:10:40.745,528337,157,0.12726666666666667,0.18893333333333334,0.0,70.0,5000,154.0,1,155.22,0.198,30,0.976,0.0,31,-,Belum ditandai,unset
2026-06-01T18:10:41.243,528860,156,0.1272,0.18913333333333335,0.0,70.0,5000,154.0,1,155.3,0.198,30,0.975,0.0,31,-,Belum ditandai,unset
2026-06-01T18:10:41.805,529385,157,0.12753333333333333,0.18986666666666666,0.0,70.0,5000,154.0,1,155.3,0.198,30,0.975,0.0,31,-,Belum ditandai,unset
2026-06-01T18:10:42.367,529947,158,0.12693333333333331,0.18926666666666667,0.0,70.0,5000,154.0,1,155.12,0.198,30,0.976,0.0,31,-,Belum ditandai,unset
2026-06-01T18:10:42.927,530521,158,0.12713333333333335,0.1896,0.0,70.0,5000,154.0,1,155.27,0.198,30,0.975,0.0,31,-,Belum ditandai,unset
2026-06-01T18:10:43.428,531046,159,0.12686666666666666,0.18906666666666666,0.0,70.0,5000,154.0,1,155.27,0.198,30,0.975,0.0,31,-,Belum ditandai,unset
2026-06-01T18:10:43.988,531569,159,0.127,0.1892,0.0,70.0,5000,154.0,1,155.09,0.198,30,0.976,0.0,31,-,Belum ditandai,unset
2026-06-01T18:10:44.485,532094,157,0.12713333333333335,0.18933333333333333,0.0,70.0,5000,154.0,1,155.09,0.198,30,0.976,0.0,31,-,Belum ditandai,unset
2026-06-01T18:10:45.047,532646,153,0.1270666666666667,0.18953333333333333,0.0,70.0,5000,154.0,1,155.09,0.198,30,0.976,0.0,31,-,Belum ditandai,unset
2026-06-01T18:10:45.547,533171,157,0.1270666666666667,0.18953333333333333,0.0,70.0,5000,154.0,1,155.09,0.198,30,0.976,0.0,31,-,Belum ditandai,unset
2026-06-01T18:10:46.115,533694,155,0.12646666666666667,0.1884,0.0,70.0,5000,154.0,1,155.29,0.198,30,0.975,0.0,31,-,Belum ditandai,unset
2026-06-01T18:10:46.614,534219,157,0.12666666666666665,0.18846666666666667,0.0,70.0,5000,154.0,1,155.29,0.198,30,0.975,0.0,31,-,Belum ditandai,unset
2026-06-01T18:10:47.178,534781,157,0.12653333333333333,0.18793333333333334,0.0,70.0,5000,154.0,1,155.16,0.198,30,0.976,0.0,31,-,Belum ditandai,unset
2026-06-01T18:10:47.680,535306,157,0.1268,0.18833333333333335,0.0,70.0,5000,154.0,1,155.16,0.198,30,0.976,0.0,31,-,Belum ditandai,unset
2026-06-01T18:10:48.182,535776,159,0.12686666666666666,0.1884,0.0,70.0,5000,154.0,1,155.17,0.198,30,0.976,0.0,31,-,Belum ditandai,unset
2026-06-01T18:10:48.683,536301,157,0.1268,0.1882,0.0,70.0,5000,154.0,1,155.17,0.198,30,0.976,0.0,31,-,Belum ditandai,unset
2026-06-01T18:10:49.183,536824,157,0.12686666666666666,0.1884,0.0,70.0,5000,154.0,1,155.17,0.198,30,0.976,0.0,31,-,Belum ditandai,unset
2026-06-01T18:10:49.746,537349,157,0.1268,0.18846666666666667,0.0,70.0,5000,154.0,1,155.17,0.198,30,0.976,0.0,31,-,Belum ditandai,unset
2026-06-01T18:10:50.309,537911,157,0.1268,0.18860000000000002,0.0,70.0,5000,154.0,1,155.23,0.198,30,0.976,0.0,31,-,Belum ditandai,unset
2026-06-01T18:10:50.996,538590,159,0.12693333333333331,0.18886666666666668,0.0,70.0,5000,154.0,1,155.08,0.198,30,0.977,0.0,31,-,Belum ditandai,unset
2026-06-01T18:10:51.618,539220,156,0.1268,0.18846666666666667,0.0,70.0,5000,154.0,1,155.08,0.198,30,0.977,0.0,31,-,Belum ditandai,unset
2026-06-01T18:10:52.118,539743,157,0.12673333333333334,0.18853333333333333,0.0,70.0,5000,154.0,1,155.09,0.198,30,0.976,0.0,31,-,Belum ditandai,unset
2026-06-01T18:10:52.616,540268,158,0.12713333333333335,0.18893333333333334,0.0,70.0,5000,154.0,1,155.09,0.198,30,0.976,0.0,31,-,Belum ditandai,unset
2026-06-01T18:10:53.114,540725,159,0.12746666666666667,0.18966666666666668,0.0,70.0,5000,154.0,1,155.01,0.198,30,0.977,0.0,31,-,Belum ditandai,unset
2026-06-01T18:10:53.612,541250,156,0.12766666666666668,0.19,0.0,70.0,5000,154.0,1,155.01,0.198,30,0.977,0.0,31,-,Belum ditandai,unset
2026-06-01T18:10:54.112,541720,157,0.12746666666666667,0.18966666666666668,0.0,70.0,5000,154.0,1,155.11,0.198,30,0.976,0.0,31,-,Belum ditandai,unset
2026-06-01T18:10:54.611,542245,158,0.12693333333333331,0.18873333333333334,0.0,70.0,5000,154.0,1,155.11,0.198,30,0.976,0.0,31,-,Belum ditandai,unset
2026-06-01T18:10:55.111,542768,157,0.12693333333333331,0.18886666666666668,0.0,70.0,5000,154.0,1,155.02,0.198,30,0.977,0.0,31,-,Belum ditandai,unset
2026-06-01T18:10:55.673,543293,160,0.1272,0.18926666666666667,0.0,70.0,5000,154.0,1,155.02,0.198,30,0.977,0.0,31,-,Belum ditandai,unset
2026-06-01T18:10:56.235,543855,159,0.12746666666666667,0.18966666666666668,0.0,70.0,5000,154.0,1,155.16,0.198,30,0.976,0.0,31,-,Belum ditandai,unset
2026-06-01T18:10:56.732,544380,157,0.1272,0.189,0.0,70.0,5000,154.0,1,155.16,0.198,30,0.976,0.0,31,-,Belum ditandai,unset
2026-06-01T18:10:57.232,544855,158,0.12733333333333335,0.1894,0.0,70.0,5000,154.0,1,155.2,0.198,30,0.976,0.0,31,-,Belum ditandai,unset
2026-06-01T18:10:57.730,545380,160,0.12726666666666667,0.18946666666666667,0.0,70.0,5000,154.0,1,155.2,0.198,30,0.976,0.0,31,-,Belum ditandai,unset
2026-06-01T18:10:58.231,545855,156,0.1272,0.18926666666666667,0.0,70.0,5000,154.0,1,155.1,0.198,30,0.976,0.0,31,-,Belum ditandai,unset
2026-06-01T18:10:58.854,546485,158,0.12760000000000002,0.1898,0.0,70.0,5000,154.0,1,155.1,0.198,30,0.976,0.0,31,-,Belum ditandai,unset
2026-06-01T18:10:59.415,547060,157,0.12753333333333333,0.1896,0.0,70.0,5000,154.0,1,155.09,0.198,30,0.976,0.0,31,-,Belum ditandai,unset
2026-06-01T18:10:59.915,547585,158,0.1272,0.18933333333333333,0.0,70.0,5000,154.0,1,155.09,0.198,30,0.976,0.0,31,-,Belum ditandai,unset
2026-06-01T18:11:00.477,548108,157,0.1270666666666667,0.1892,0.0,70.0,5000,154.0,1,155.09,0.198,30,0.976,0.0,31,-,Belum ditandai,unset
2026-06-01T18:11:01.038,548670,156,0.12633333333333333,0.188,0.0,70.0,5000,154.0,1,155.05,0.198,30,0.977,0.0,31,-,Belum ditandai,unset
2026-06-01T18:11:01.537,549195,156,0.12633333333333333,0.18793333333333334,0.0,70.0,5000,154.0,1,155.05,0.198,30,0.977,0.0,31,-,Belum ditandai,unset
2026-06-01T18:11:02.098,549770,155,0.12566666666666668,0.187,0.0,70.0,5000,154.0,1,154.96,0.198,30,0.977,0.0,31,-,Belum ditandai,unset
2026-06-01T18:11:02.597,550295,157,0.12626666666666667,0.18780000000000002,0.0,70.0,5000,154.0,1,154.96,0.198,30,0.977,0.0,31,-,Belum ditandai,unset
2026-06-01T18:11:03.159,550818,156,0.12633333333333333,0.18786666666666668,0.0,70.0,5000,154.0,1,155.33,0.198,30,0.975,0.0,31,-,Belum ditandai,unset
2026-06-01T18:11:03.657,551343,157,0.12653333333333333,0.18780000000000002,0.0,70.0,5000,154.0,1,155.33,0.198,30,0.975,0.0,31,-,Belum ditandai,unset
2026-06-01T18:11:04.219,551905,159,0.12666666666666665,0.1882,0.0,70.0,5000,154.0,1,155.2,0.198,30,0.976,0.0,31,-,Belum ditandai,unset
2026-06-01T18:11:04.781,552430,156,0.1268,0.18846666666666667,0.0,70.0,5000,154.0,1,155.2,0.198,30,0.976,0.0,31,-,Belum ditandai,unset
2026-06-01T18:11:05.344,553005,158,0.12666666666666665,0.18860000000000002,0.0,70.0,5000,154.0,1,155.23,0.198,30,0.976,0.0,31,-,Belum ditandai,unset
2026-06-01T18:11:05.844,553530,158,0.1268,0.189,0.0,70.0,5000,154.0,1,155.23,0.198,30,0.976,0.0,31,-,Belum ditandai,unset
2026-06-01T18:11:06.343,554052,158,0.12713333333333335,0.18933333333333333,0.0,70.0,5000,154.0,1,155.05,0.198,30,0.977,0.0,31,-,Belum ditandai,unset
2026-06-01T18:11:06.904,554577,157,0.12713333333333335,0.18906666666666666,0.0,70.0,5000,154.0,1,155.05,0.198,30,0.977,0.0,31,-,Belum ditandai,unset
2026-06-01T18:11:07.420,555129,159,0.127,0.18866666666666668,0.0,70.0,5000,154.0,1,155.28,0.198,30,0.975,0.0,31,-,Belum ditandai,unset
2026-06-01T18:11:07.964,555654,159,0.127,0.18906666666666666,0.0,70.0,5000,154.0,1,155.28,0.198,30,0.975,0.0,31,-,Belum ditandai,unset
2026-06-01T18:11:08.458,556177,158,0.1274,0.19,0.0,70.0,5000,154.0,1,155.07,0.198,30,0.977,0.0,31,-,Belum ditandai,unset
2026-06-01T18:11:09.034,556729,155,0.1270666666666667,0.18953333333333333,0.0,70.0,5000,154.0,1,155.1,0.198,30,0.976,0.0,31,-,Belum ditandai,unset
2026-06-01T18:11:09.552,557254,158,0.1272,0.18953333333333333,0.0,70.0,5000,154.0,1,155.1,0.198,30,0.976,0.0,31,-,Belum ditandai,unset
2026-06-01T18:11:10.050,557777,157,0.1270666666666667,0.189,0.0,70.0,5000,154.0,1,155.1,0.198,30,0.976,0.0,31,-,Belum ditandai,unset
2026-06-01T18:11:10.611,558302,158,0.12753333333333333,0.18986666666666666,0.0,70.0,5000,154.0,1,155.1,0.198,30,0.976,0.0,31,-,Belum ditandai,unset
2026-06-01T18:11:11.156,558854,158,0.1274,0.18986666666666666,0.0,70.0,5000,154.0,1,155.18,0.198,30,0.976,0.0,31,-,Belum ditandai,unset
2026-06-01T18:11:11.670,559379,157,0.12760000000000002,0.19033333333333333,0.0,70.0,5000,154.0,1,155.18,0.198,30,0.976,0.0,31,-,Belum ditandai,unset
2026-06-01T18:11:12.204,559902,158,0.12726666666666667,0.18973333333333334,0.0,70.0,5000,154.0,1,155.35,0.198,30,0.975,0.0,31,-,Belum ditandai,unset
2026-06-01T18:11:12.794,560532,158,0.12686666666666666,0.18906666666666666,0.0,70.0,5000,154.0,1,155.35,0.198,30,0.975,0.0,31,-,Belum ditandai,unset
2026-06-01T18:11:13.353,561094,154,0.12626666666666667,0.18833333333333335,0.0,70.0,5000,154.0,1,155.3,0.198,30,0.975,0.0,31,-,Belum ditandai,unset
2026-06-01T18:11:13.886,561619,157,0.126,0.18753333333333336,0.0,70.0,5000,154.0,1,155.3,0.198,30,0.975,0.0,31,-,Belum ditandai,unset
2026-06-01T18:11:14.383,562089,157,0.1262,0.18786666666666668,0.0,70.0,5000,154.0,1,155.1,0.198,30,0.976,0.0,31,-,Belum ditandai,unset
2026-06-01T18:11:14.882,562614,160,0.12693333333333331,0.18886666666666668,0.0,70.0,5000,154.0,1,155.1,0.198,30,0.976,0.0,31,-,Belum ditandai,unset
2026-06-01T18:11:15.436,563137,158,0.12753333333333333,0.19,0.0,70.0,5000,154.0,1,155.13,0.198,30,0.976,0.0,31,-,Belum ditandai,unset
2026-06-01T18:11:16.075,563804,158,0.1274,0.18986666666666666,0.0,70.0,5000,154.0,1,155.16,0.198,30,0.976,0.0,31,-,Belum ditandai,unset
2026-06-01T18:11:16.577,564329,156,0.12713333333333335,0.18933333333333333,0.0,70.0,5000,154.0,1,155.16,0.198,30,0.976,0.0,31,-,Belum ditandai,unset
2026-06-01T18:11:17.075,564798,159,0.12746666666666667,0.1898,0.0,70.0,5000,154.0,1,155.08,0.198,30,0.977,0.0,31,-,Belum ditandai,unset
2026-06-01T18:11:17.599,565324,156,0.12766666666666668,0.19013333333333332,0.0,70.0,5000,154.0,1,155.08,0.198,30,0.977,0.0,31,-,Belum ditandai,unset
2026-06-01T18:11:18.112,565846,160,0.12773333333333334,0.18993333333333334,0.0,70.0,5000,154.0,1,155.19,0.198,30,0.976,0.0,31,-,Belum ditandai,unset
2026-06-01T18:11:18.635,566371,157,0.1278,0.18986666666666666,0.0,70.0,5000,154.0,1,155.19,0.198,30,0.976,0.0,31,-,Belum ditandai,unset
2026-06-01T18:11:19.164,566923,156,0.12760000000000002,0.1894,0.0,70.0,5000,154.0,1,155.04,0.198,30,0.977,0.0,31,-,Belum ditandai,unset
2026-06-01T18:11:19.724,567448,157,0.12760000000000002,0.18953333333333333,0.0,70.0,5000,154.0,1,155.04,0.198,30,0.977,0.0,31,-,Belum ditandai,unset
2026-06-01T18:11:20.253,567971,156,0.1272,0.18886666666666668,0.0,70.0,5000,154.0,1,155.14,0.198,30,0.976,0.0,31,-,Belum ditandai,unset
2026-06-01T18:11:20.864,568601,161,0.12760000000000002,0.18953333333333333,0.0,70.0,5000,154.0,1,155.14,0.198,30,0.976,0.0,31,-,Belum ditandai,unset
2026-06-01T18:11:21.441,569163,158,0.12746666666666667,0.18953333333333333,0.0,70.0,5000,154.0,1,155.1,0.198,30,0.976,0.0,31,-,Belum ditandai,unset
2026-06-01T18:11:21.941,569688,157,0.1274,0.18933333333333333,0.0,70.0,5000,154.0,1,155.1,0.198,30,0.976,0.0,31,-,Belum ditandai,unset
2026-06-01T18:11:22.436,570163,159,0.1274,0.18973333333333334,0.0,70.0,5000,154.0,1,155.12,0.198,30,0.976,0.0,31,-,Belum ditandai,unset
2026-06-01T18:11:22.967,570688,154,0.12693333333333331,0.18913333333333335,0.0,70.0,5000,154.0,1,155.12,0.198,30,0.976,0.0,31,-,Belum ditandai,unset
2026-06-01T18:11:23.514,571268,156,0.1266,0.18853333333333333,0.0,70.0,5000,154.0,1,155.12,0.198,30,0.976,0.0,31,-,Belum ditandai,unset
2026-06-01T18:11:24.078,571842,160,0.12666666666666665,0.18860000000000002,0.0,70.0,5000,154.0,1,155.08,0.198,30,0.977,0.0,31,-,Belum ditandai,unset
2026-06-01T18:11:24.610,572367,158,0.12666666666666665,0.18846666666666667,0.0,70.0,5000,154.0,1,155.08,0.198,30,0.977,0.0,31,-,Belum ditandai,unset
2026-06-01T18:11:25.141,572890,160,0.12753333333333333,0.19,0.0,70.0,5000,154.0,1,155.17,0.198,30,0.976,0.0,31,-,Belum ditandai,unset
2026-06-01T18:11:25.665,573415,159,0.12793333333333334,0.19053333333333333,0.0,70.0,5000,154.0,1,155.17,0.198,30,0.976,0.0,31,-,Belum ditandai,unset
2026-06-01T18:11:26.202,573977,156,0.12760000000000002,0.18993333333333334,0.0,70.0,5000,154.0,1,155.06,0.198,30,0.977,0.0,31,-,Belum ditandai,unset
2026-06-01T18:11:26.735,574502,158,0.12726666666666667,0.1892,0.0,70.0,5000,154.0,1,155.06,0.198,30,0.977,0.0,31,-,Belum ditandai,unset
2026-06-01T18:11:27.344,575077,157,0.1268,0.18846666666666667,0.0,70.0,5000,154.0,1,155.05,0.198,30,0.977,0.0,31,-,Belum ditandai,unset
2026-06-01T18:11:27.846,575602,159,0.1272,0.18926666666666667,0.0,70.0,5000,154.0,1,155.05,0.198,30,0.977,0.0,31,-,Belum ditandai,unset
2026-06-01T18:11:28.356,576124,159,0.1274,0.18986666666666666,0.0,70.0,5000,154.0,1,155.24,0.198,30,0.976,0.0,31,-,Belum ditandai,unset
2026-06-01T18:11:28.906,576649,155,0.1270666666666667,0.18953333333333333,0.0,70.0,5000,154.0,1,155.24,0.198,30,0.976,0.0,31,-,Belum ditandai,unset
2026-06-01T18:11:29.404,577201,156,0.12713333333333335,0.18946666666666667,0.0,70.0,5000,154.0,1,155.27,0.198,30,0.975,0.0,31,-,Belum ditandai,unset
2026-06-01T18:11:29.932,577726,156,0.12646666666666667,0.188,0.0,70.0,5000,154.0,1,155.27,0.198,30,0.975,0.0,31,-,Belum ditandai,unset
2026-06-01T18:11:30.490,578249,157,0.1262,0.18733333333333332,0.0,70.0,5000,154.0,1,155.22,0.198,30,0.976,0.0,31,-,Belum ditandai,unset
2026-06-01T18:11:30.990,578774,156,0.126,0.187,0.0,70.0,5000,154.0,1,155.22,0.198,30,0.976,0.0,31,-,Belum ditandai,unset
2026-06-01T18:11:31.538,579336,159,0.12673333333333334,0.1884,0.0,60.0,5000,132.0,1,155.19,0.198,30,0.976,0.0,31,-,Belum ditandai,unset
2026-06-01T18:11:32.099,579910,156,0.12686666666666666,0.18866666666666668,0.0,60.0,5000,132.0,1,136.38,0.18,24,0.977,0.0,31,-,Belum ditandai,unset
2026-06-01T18:11:32.661,580436,156,0.12666666666666665,0.18833333333333335,0.0,60.0,5000,132.0,1,136.38,0.18,24,0.977,0.0,31,-,Belum ditandai,unset
2026-06-01T18:11:33.162,580958,156,0.12606666666666666,0.18719999999999998,0.0,60.0,5000,132.0,1,135.04,0.179,23,0.951,0.0,31,-,Belum ditandai,unset
2026-06-01T18:11:33.724,581483,158,0.12653333333333333,0.18793333333333334,0.0,60.0,5000,132.0,1,135.04,0.179,23,0.951,0.0,31,-,Belum ditandai,unset
2026-06-01T18:11:34.224,582045,156,0.12673333333333334,0.18826666666666667,0.0,60.0,5000,132.0,1,135.07,0.179,23,0.951,0.0,31,-,Belum ditandai,unset
2026-06-01T18:11:34.785,582570,157,0.1268,0.18860000000000002,0.0,60.0,5000,132.0,1,135.07,0.179,23,0.951,0.0,31,-,Belum ditandai,unset
2026-06-01T18:11:35.348,583145,157,0.12673333333333334,0.18866666666666668,0.0,60.0,5000,132.0,1,134.91,0.179,23,0.952,0.0,31,-,Belum ditandai,unset
2026-06-01T18:11:35.844,583670,161,0.127,0.18906666666666666,0.0,60.0,5000,132.0,1,134.91,0.179,23,0.952,0.0,31,-,Belum ditandai,unset
2026-06-01T18:11:36.404,584193,156,0.12733333333333335,0.18966666666666668,0.0,60.0,5000,132.0,1,134.9,0.179,23,0.952,0.0,31,-,Belum ditandai,unset
2026-06-01T18:11:36.902,584718,158,0.12726666666666667,0.18946666666666667,0.0,60.0,5000,132.0,1,134.9,0.179,23,0.952,0.0,31,-,Belum ditandai,unset
2026-06-01T18:11:37.465,585280,158,0.12733333333333335,0.18993333333333334,0.0,60.0,5000,132.0,1,134.87,0.179,23,0.952,0.0,31,-,Belum ditandai,unset
2026-06-01T18:11:37.969,585805,155,0.12639999999999998,0.18846666666666667,0.0,60.0,5000,132.0,1,134.87,0.179,23,0.952,0.0,31,-,Belum ditandai,unset
2026-06-01T18:11:38.472,586274,157,0.12639999999999998,0.1882,0.0,60.0,5000,132.0,1,134.83,0.179,23,0.952,0.0,31,-,Belum ditandai,unset
2026-06-01T18:11:38.998,586799,157,0.12626666666666667,0.18766666666666668,0.0,60.0,5000,132.0,1,134.83,0.179,23,0.952,0.0,31,-,Belum ditandai,unset
2026-06-01T18:11:39.514,587322,158,0.12713333333333335,0.1888,0.0,60.0,5000,132.0,1,134.91,0.179,23,0.952,0.0,31,-,Belum ditandai,unset
2026-06-01T18:11:40.020,587847,155,0.12726666666666667,0.18933333333333333,0.0,60.0,5000,132.0,1,134.91,0.179,23,0.952,0.0,31,-,Belum ditandai,unset
2026-06-01T18:11:40.573,588409,157,0.12760000000000002,0.1898,0.0,60.0,5000,132.0,1,134.8,0.179,23,0.953,0.0,31,-,Belum ditandai,unset
2026-06-01T18:11:41.195,588983,158,0.1272,0.18926666666666667,0.0,60.0,5000,132.0,1,134.77,0.179,23,0.953,0.0,31,-,Belum ditandai,unset
2026-06-01T18:11:41.684,589509,155,0.127,0.18906666666666666,0.0,60.0,5000,132.0,1,134.77,0.179,23,0.953,0.0,31,-,Belum ditandai,unset
2026-06-01T18:11:42.296,590136,157,0.1266,0.1888,0.0,60.0,5000,132.0,1,134.78,0.179,23,0.953,0.0,31,-,Belum ditandai,unset
2026-06-01T18:11:42.815,590661,157,0.12666666666666665,0.18873333333333334,0.0,60.0,5000,132.0,1,134.78,0.179,23,0.953,0.0,31,-,Belum ditandai,unset
2026-06-01T18:11:43.378,591213,157,0.1272,0.18953333333333333,0.0,60.0,5000,132.0,1,134.75,0.179,23,0.953,0.0,31,-,Belum ditandai,unset
2026-06-01T18:11:43.881,591738,155,0.127,0.18906666666666666,0.0,60.0,5000,132.0,1,134.75,0.179,23,0.953,0.0,31,-,Belum ditandai,unset
2026-06-01T18:11:44.426,592261,156,0.12693333333333331,0.18886666666666668,0.0,60.0,5000,132.0,1,134.85,0.179,23,0.952,0.0,31,-,Belum ditandai,unset
2026-06-01T18:11:44.956,592786,157,0.12666666666666665,0.18833333333333335,0.0,60.0,5000,132.0,1,134.85,0.179,23,0.952,0.0,31,-,Belum ditandai,unset
2026-06-01T18:11:45.517,593348,157,0.12693333333333331,0.18860000000000002,0.0,50.0,5000,110.0,1,134.78,0.179,23,0.953,0.0,31,-,Belum ditandai,unset
2026-06-01T18:11:46.014,593873,158,0.1274,0.1896,0.0,50.0,5000,110.0,1,134.78,0.179,23,0.953,0.0,31,-,Belum ditandai,unset
2026-06-01T18:11:46.514,594343,156,0.1274,0.18973333333333334,0.0,50.0,5000,110.0,1,134.19,0.178,23,0.962,0.0,31,-,Belum ditandai,unset
2026-06-01T18:11:47.013,594868,159,0.12626666666666667,0.1882,0.0,50.0,5000,110.0,1,134.19,0.178,23,0.962,0.0,31,-,Belum ditandai,unset
2026-06-01T18:11:47.564,595395,158,0.12606666666666666,0.18786666666666668,0.0,50.0,5000,110.0,1,114.27,0.159,17,0.935,0.0,31,-,Belum ditandai,unset
2026-06-01T18:11:48.224,596047,160,0.1274,0.18986666666666666,0.0,50.0,5000,110.0,1,114.21,0.159,17,0.936,0.0,31,-,Belum ditandai,unset
2026-06-01T18:11:48.738,596573,160,0.12760000000000002,0.19033333333333333,0.0,50.0,5000,110.0,1,114.21,0.159,17,0.936,0.0,31,-,Belum ditandai,unset
2026-06-01T18:11:49.313,597147,159,0.12766666666666668,0.19053333333333333,0.0,50.0,5000,110.0,1,114.23,0.159,17,0.935,0.0,31,-,Belum ditandai,unset
2026-06-01T18:11:49.833,597672,155,0.12713333333333335,0.18973333333333334,0.0,50.0,5000,110.0,1,114.23,0.159,17,0.935,0.0,31,-,Belum ditandai,unset
2026-06-01T18:11:50.443,598300,156,0.12726666666666667,0.18946666666666667,0.0,50.0,5000,110.0,1,114.16,0.159,17,0.936,0.0,31,-,Belum ditandai,unset
2026-06-01T18:11:50.941,598825,160,0.12726666666666667,0.18906666666666666,0.0,50.0,5000,110.0,1,114.16,0.159,17,0.936,0.0,31,-,Belum ditandai,unset
2026-06-01T18:11:51.529,599387,159,0.12760000000000002,0.18953333333333333,0.0,50.0,5000,110.0,1,114.31,0.159,17,0.935,0.0,31,-,Belum ditandai,unset
2026-06-01T18:11:52.074,599912,157,0.127,0.1888,0.0,50.0,5000,110.0,1,114.31,0.159,17,0.935,0.0,31,-,Belum ditandai,unset
2026-06-01T18:11:52.598,600487,159,0.12693333333333331,0.18886666666666668,0.0,50.0,5000,110.0,1,114.23,0.159,17,0.935,0.0,31,-,Belum ditandai,unset
2026-06-01T18:11:53.159,601012,157,0.12673333333333334,0.18826666666666667,0.0,50.0,5000,110.0,1,114.23,0.159,17,0.935,0.0,31,-,Belum ditandai,unset
2026-06-01T18:11:53.657,601535,158,0.12713333333333335,0.18906666666666666,0.0,60.0,5000,132.0,1,114.2,0.159,17,0.936,0.0,31,-,Belum ditandai,unset
2026-06-01T18:11:54.249,602096,157,0.1270666666666667,0.18913333333333335,0.0,60.0,5000,132.0,1,134.85,0.179,23,0.952,0.0,31,-,Belum ditandai,unset
2026-06-01T18:11:54.750,602622,160,0.12726666666666667,0.18973333333333334,0.0,60.0,5000,132.0,1,134.85,0.179,23,0.952,0.0,31,-,Belum ditandai,unset
2026-06-01T18:11:55.247,603091,158,0.1270666666666667,0.1894,0.0,60.0,5000,132.0,1,134.78,0.179,23,0.953,0.0,31,-,Belum ditandai,unset
2026-06-01T18:11:55.746,603616,159,0.12733333333333335,0.18966666666666668,0.0,60.0,5000,132.0,1,134.78,0.179,23,0.953,0.0,31,-,Belum ditandai,unset
2026-06-01T18:11:56.246,604139,156,0.1272,0.1894,0.0,60.0,5000,132.0,1,134.84,0.179,23,0.952,0.0,31,-,Belum ditandai,unset
2026-06-01T18:11:56.807,604664,157,0.1270666666666667,0.189,0.0,60.0,5000,132.0,1,134.84,0.179,23,0.952,0.0,31,-,Belum ditandai,unset
2026-06-01T18:11:57.368,605226,158,0.12686666666666666,0.1888,0.0,60.0,5000,132.0,1,134.94,0.179,23,0.952,0.0,31,-,Belum ditandai,unset
2026-06-01T18:11:57.867,605751,159,0.12693333333333331,0.189,0.0,60.0,5000,132.0,1,134.94,0.179,23,0.952,0.0,31,-,Belum ditandai,unset
2026-06-01T18:11:58.365,606221,160,0.1270666666666667,0.18913333333333335,0.0,60.0,5000,132.0,1,134.9,0.179,23,0.952,0.0,31,-,Belum ditandai,unset
2026-06-01T18:11:58.865,606746,158,0.12733333333333335,0.18966666666666668,0.0,60.0,5000,132.0,1,134.9,0.179,23,0.952,0.0,31,-,Belum ditandai,unset
2026-06-01T18:11:59.365,607268,157,0.12760000000000002,0.1902,0.0,60.0,5000,132.0,1,135.01,0.179,23,0.951,0.0,31,-,Belum ditandai,unset
2026-06-01T18:11:59.926,607793,158,0.12760000000000002,0.19046666666666667,0.0,60.0,5000,132.0,1,135.01,0.179,23,0.951,0.0,31,-,Belum ditandai,unset
2026-06-01T18:12:00.423,608345,156,0.1274,0.19,0.0,60.0,5000,132.0,1,134.91,0.179,23,0.952,0.0,31,-,Belum ditandai,unset
2026-06-01T18:12:00.986,608870,158,0.1274,0.19,0.0,60.0,5000,132.0,1,134.91,0.179,23,0.952,0.0,31,-,Belum ditandai,unset
2026-06-01T18:12:01.484,609393,160,0.12733333333333335,0.18993333333333334,0.0,60.0,5000,132.0,1,134.91,0.179,23,0.952,0.0,31,-,Belum ditandai,unset
2026-06-01T18:12:02.045,609918,156,0.1274,0.19013333333333332,0.0,60.0,5000,132.0,1,134.91,0.179,23,0.952,0.0,31,-,Belum ditandai,unset
2026-06-01T18:12:02.607,610480,158,0.12733333333333335,0.18993333333333334,0.0,60.0,5000,132.0,1,134.85,0.179,23,0.952,0.0,31,-,Belum ditandai,unset
2026-06-01T18:12:03.106,611005,158,0.12713333333333335,0.18946666666666667,0.0,60.0,5000,132.0,1,134.85,0.179,23,0.952,0.0,31,-,Belum ditandai,unset
2026-06-01T18:12:03.666,611580,155,0.1272,0.1894,0.0,60.0,5000,132.0,1,134.92,0.179,23,0.952,0.0,31,-,Belum ditandai,unset
2026-06-01T18:12:04.225,612105,159,0.12693333333333331,0.18893333333333334,0.0,60.0,5000,132.0,1,134.92,0.179,23,0.952,0.0,31,-,Belum ditandai,unset
2026-06-01T18:12:04.722,612627,159,0.12713333333333335,0.189,0.0,60.0,5000,132.0,1,134.87,0.179,23,0.952,0.0,31,-,Belum ditandai,unset
2026-06-01T18:12:05.286,613189,157,0.12726666666666667,0.18913333333333335,0.0,60.0,5000,132.0,1,134.96,0.179,23,0.952,0.0,31,-,Belum ditandai,unset
2026-06-01T18:12:05.783,613714,155,0.12726666666666667,0.18906666666666666,0.0,60.0,5000,132.0,1,134.96,0.179,23,0.952,0.0,31,-,Belum ditandai,unset
2026-06-01T18:12:06.284,614184,160,0.12726666666666667,0.18933333333333333,0.0,60.0,5000,132.0,1,134.97,0.179,23,0.952,0.0,31,-,Belum ditandai,unset
2026-06-01T18:12:06.890,614814,159,0.1268,0.18886666666666668,0.0,60.0,5000,132.0,1,134.97,0.179,23,0.952,0.0,31,-,Belum ditandai,unset
2026-06-01T18:12:07.392,615337,157,0.1272,0.18953333333333333,0.0,60.0,5000,132.0,1,134.83,0.179,23,0.952,0.0,31,-,Belum ditandai,unset
2026-06-01T18:12:07.949,615862,158,0.127,0.1892,0.0,60.0,5000,132.0,1,134.83,0.179,23,0.952,0.0,31,-,Belum ditandai,unset
2026-06-01T18:12:08.514,616424,161,0.127,0.18893333333333334,0.0,60.0,5000,132.0,1,134.81,0.179,23,0.953,0.0,31,-,Belum ditandai,unset
2026-06-01T18:12:09.014,616949,156,0.12673333333333334,0.1884,0.0,60.0,5000,132.0,1,134.81,0.179,23,0.953,0.0,31,-,Belum ditandai,unset
2026-06-01T18:12:09.572,617523,157,0.12666666666666665,0.18793333333333334,0.0,60.0,5000,132.0,1,134.88,0.179,23,0.952,0.0,31,-,Belum ditandai,unset
2026-06-01T18:12:10.137,618048,159,0.12653333333333333,0.18793333333333334,0.0,60.0,5000,132.0,1,134.88,0.179,23,0.952,0.0,31,-,Belum ditandai,unset
2026-06-01T18:12:10.757,618676,157,0.12693333333333331,0.18886666666666668,0.0,60.0,5000,132.0,1,134.92,0.179,23,0.952,0.0,31,-,Belum ditandai,unset
2026-06-01T18:12:11.318,619238,156,0.12693333333333331,0.18886666666666668,0.0,60.0,5000,132.0,1,134.9,0.179,23,0.952,0.0,31,-,Belum ditandai,unset
2026-06-01T18:12:11.817,619763,158,0.12673333333333334,0.1884,0.0,60.0,5000,132.0,1,134.9,0.179,23,0.952,0.0,31,-,Belum ditandai,unset
2026-06-01T18:12:12.316,620233,156,0.12653333333333333,0.1880666666666667,0.0,60.0,5000,132.0,1,134.83,0.179,23,0.952,0.0,31,-,Belum ditandai,unset
2026-06-01T18:12:12.818,620758,156,0.1266,0.1884,0.0,60.0,5000,132.0,1,134.83,0.179,23,0.952,0.0,31,-,Belum ditandai,unset
2026-06-01T18:12:13.316,621281,156,0.1268,0.18873333333333334,0.0,60.0,5000,132.0,1,134.95,0.179,23,0.952,0.0,31,-,Belum ditandai,unset
2026-06-01T18:12:13.876,621806,158,0.12686666666666666,0.1888,0.0,60.0,5000,132.0,1,134.95,0.179,23,0.952,0.0,31,-,Belum ditandai,unset
2026-06-01T18:12:14.437,622368,159,0.12773333333333334,0.19006666666666666,0.0,60.0,5000,132.0,1,134.8,0.179,23,0.953,0.0,31,-,Belum ditandai,unset
2026-06-01T18:12:14.935,622893,155,0.12773333333333334,0.19046666666666667,0.0,60.0,5000,132.0,1,134.8,0.179,23,0.953,0.0,31,-,Belum ditandai,unset
2026-06-01T18:12:15.432,623363,155,0.12693333333333331,0.18913333333333335,0.0,60.0,5000,132.0,1,134.91,0.179,23,0.952,0.0,31,-,Belum ditandai,unset
2026-06-01T18:12:16.055,623993,156,0.126,0.18739999999999998,0.0,60.0,5000,132.0,1,134.91,0.179,23,0.952,0.0,31,-,Belum ditandai,unset
2026-06-01T18:12:16.555,624515,159,0.12606666666666666,0.18719999999999998,0.0,60.0,5000,132.0,1,134.79,0.179,23,0.953,0.0,31,-,Belum ditandai,unset
2026-06-01T18:12:17.116,625040,157,0.12686666666666666,0.18853333333333333,0.0,60.0,5000,132.0,1,134.79,0.179,23,0.953,0.0,31,-,Belum ditandai,unset
2026-06-01T18:12:17.613,625592,156,0.1272,0.1894,0.0,60.0,5000,132.0,1,134.7,0.179,23,0.953,0.0,31,-,Belum ditandai,unset
2026-06-01T18:12:18.166,626117,158,0.12713333333333335,0.18946666666666667,0.0,60.0,5000,132.0,1,134.7,0.179,23,0.953,0.0,31,-,Belum ditandai,unset
2026-06-01T18:12:18.668,626640,159,0.12753333333333333,0.19013333333333332,0.0,60.0,5000,132.0,1,134.86,0.179,23,0.952,0.0,31,-,Belum ditandai,unset
2026-06-01T18:12:19.228,627165,158,0.12746666666666667,0.19006666666666666,0.0,60.0,5000,132.0,1,134.86,0.179,23,0.952,0.0,31,-,Belum ditandai,unset
2026-06-01T18:12:19.788,627727,160,0.12766666666666668,0.19026666666666667,0.0,60.0,5000,132.0,1,134.86,0.179,23,0.952,0.0,31,-,Belum ditandai,unset
2026-06-01T18:12:20.350,628302,160,0.12786666666666668,0.19046666666666667,0.0,60.0,5000,132.0,1,134.83,0.179,23,0.952,0.0,31,-,Belum ditandai,unset
2026-06-01T18:12:20.848,628827,155,0.1274,0.1896,0.0,60.0,5000,132.0,1,134.83,0.179,23,0.952,0.0,31,-,Belum ditandai,unset
2026-06-01T18:12:21.349,629350,155,0.12686666666666666,0.1888,0.0,60.0,5000,132.0,1,134.85,0.179,23,0.952,0.0,31,-,Belum ditandai,unset
2026-06-01T18:12:21.909,629875,159,0.12653333333333333,0.18846666666666667,0.0,60.0,5000,132.0,1,134.85,0.179,23,0.952,0.0,31,-,Belum ditandai,unset
2026-06-01T18:12:22.468,630437,158,0.12666666666666665,0.18860000000000002,0.0,60.0,5000,132.0,1,134.94,0.179,23,0.952,0.0,31,-,Belum ditandai,unset
2026-06-01T18:12:22.969,630962,159,0.1272,0.18953333333333333,0.0,60.0,5000,132.0,1,134.94,0.179,23,0.952,0.0,31,-,Belum ditandai,unset
2026-06-01T18:12:23.472,631431,156,0.127,0.1892,0.0,60.0,5000,132.0,1,134.98,0.179,23,0.951,0.0,31,-,Belum ditandai,unset
2026-06-01T18:12:23.973,631956,157,0.12726666666666667,0.1896,0.0,60.0,5000,132.0,1,134.98,0.179,23,0.951,0.0,31,-,Belum ditandai,unset
2026-06-01T18:12:24.471,632479,159,0.1274,0.18986666666666666,0.0,60.0,5000,132.0,1,134.87,0.179,23,0.952,0.0,31,-,Belum ditandai,unset
2026-06-01T18:12:25.032,633004,156,0.1268,0.18873333333333334,0.0,60.0,5000,132.0,1,134.87,0.179,23,0.952,0.0,31,-,Belum ditandai,unset
2026-06-01T18:12:25.590,633566,156,0.12686666666666666,0.18906666666666666,0.0,60.0,5000,132.0,1,134.85,0.179,23,0.952,0.0,31,-,Belum ditandai,unset
2026-06-01T18:12:26.089,634091,159,0.12673333333333334,0.18866666666666668,0.0,60.0,5000,132.0,1,134.85,0.179,23,0.952,0.0,31,-,Belum ditandai,unset
2026-06-01T18:12:26.650,634666,156,0.12693333333333331,0.18886666666666668,0.0,60.0,5000,132.0,1,134.9,0.179,23,0.952,0.0,31,-,Belum ditandai,unset
2026-06-01T18:12:27.210,635191,157,0.12666666666666665,0.18833333333333335,0.0,60.0,5000,132.0,1,134.9,0.179,23,0.952,0.0,31,-,Belum ditandai,unset
2026-06-01T18:12:27.708,635714,157,0.12639999999999998,0.18766666666666668,0.0,60.0,5000,132.0,1,134.91,0.179,23,0.952,0.0,31,-,Belum ditandai,unset
2026-06-01T18:12:28.269,636239,158,0.12673333333333334,0.1884,0.0,60.0,5000,132.0,1,134.91,0.179,23,0.952,0.0,31,-,Belum ditandai,unset
2026-06-01T18:12:28.829,636800,158,0.127,0.18906666666666666,0.0,60.0,5000,132.0,1,134.93,0.179,23,0.952,0.0,31,-,Belum ditandai,unset
2026-06-01T18:12:29.391,637375,157,0.1268,0.189,0.0,60.0,5000,132.0,1,135.07,0.179,23,0.951,0.0,31,-,Belum ditandai,unset
2026-06-01T18:12:29.888,637900,157,0.127,0.1892,0.0,60.0,5000,132.0,1,135.07,0.179,23,0.951,0.0,31,-,Belum ditandai,unset
2026-06-01T18:12:30.388,638423,159,0.12713333333333335,0.18933333333333333,0.0,60.0,5000,132.0,1,135.0,0.179,23,0.951,0.0,31,-,Belum ditandai,unset
2026-06-01T18:12:30.951,638948,159,0.12793333333333334,0.19066666666666665,0.0,60.0,5000,132.0,1,135.0,0.179,23,0.951,0.0,31,-,Belum ditandai,unset
2026-06-01T18:12:31.512,639510,159,0.12793333333333334,0.19093333333333332,0.0,60.0,5000,132.0,1,134.96,0.179,23,0.952,0.0,31,-,Belum ditandai,unset
2026-06-01T18:12:32.132,640140,160,0.12793333333333334,0.19066666666666665,0.0,60.0,5000,132.0,1,134.96,0.179,23,0.952,0.0,31,-,Belum ditandai,unset
2026-06-01T18:12:32.695,640714,158,0.12773333333333334,0.19046666666666667,0.0,60.0,5000,132.0,1,134.86,0.179,23,0.952,0.0,31,-,Belum ditandai,unset
2026-06-01T18:12:33.195,641239,158,0.12766666666666668,0.19026666666666667,0.0,60.0,5000,132.0,1,134.86,0.179,23,0.952,0.0,31,-,Belum ditandai,unset
2026-06-01T18:12:33.754,641762,158,0.12746666666666667,0.19006666666666666,0.0,60.0,5000,132.0,1,133.84,0.178,23,0.965,0.0,31,-,Belum ditandai,unset
2026-06-01T18:12:34.252,642287,159,0.12766666666666668,0.19026666666666667,0.0,60.0,5000,132.0,1,133.84,0.178,23,0.965,0.0,31,-,Belum ditandai,unset
2026-06-01T18:12:34.752,642744,157,0.12766666666666668,0.19013333333333332,0.0,60.0,5000,132.0,1,130.03,0.176,22,0.961,0.0,31,-,Belum ditandai,unset
2026-06-01T18:12:35.254,643269,157,0.12760000000000002,0.19006666666666666,0.0,60.0,5000,132.0,1,130.03,0.176,22,0.961,0.0,31,-,Belum ditandai,unset
2026-06-01T18:12:35.812,643844,157,0.1272,0.18926666666666667,0.0,60.0,5000,132.0,1,126.59,0.173,21,0.958,0.0,31,-,Belum ditandai,unset
2026-06-01T18:12:36.310,644369,157,0.1268,0.18846666666666667,0.0,60.0,5000,132.0,1,126.59,0.173,21,0.958,0.0,31,-,Belum ditandai,unset
2026-06-01T18:12:36.872,644891,158,0.1270666666666667,0.18886666666666668,0.0,60.0,5000,132.0,1,123.64,0.171,20,0.945,0.0,31,-,Belum ditandai,unset
2026-06-01T18:12:37.434,645443,161,0.1272,0.189,0.0,60.0,5000,132.0,1,120.13,0.169,19,0.935,0.0,31,-,Belum ditandai,unset
2026-06-01T18:12:37.934,645968,155,0.12693333333333331,0.18886666666666668,0.0,60.0,5000,132.0,1,120.13,0.169,19,0.935,0.0,31,-,Belum ditandai,unset
2026-06-01T18:12:38.434,646491,159,0.12639999999999998,0.18793333333333334,0.0,60.0,5000,132.0,1,110.32,0.161,17,0.957,0.0,31,-,Belum ditandai,unset
2026-06-01T18:12:38.993,647016,158,0.12646666666666667,0.1884,0.0,60.0,5000,132.0,1,110.32,0.161,17,0.957,0.0,31,-,Belum ditandai,unset
2026-06-01T18:12:39.555,647578,157,0.12673333333333334,0.18853333333333333,0.0,60.0,5000,132.0,1,106.69,0.159,16,0.943,0.0,31,-,Belum ditandai,unset
2026-06-01T18:12:40.056,648103,158,0.12693333333333331,0.189,0.0,60.0,5000,132.0,1,106.69,0.159,16,0.943,0.0,31,-,Belum ditandai,unset
2026-06-01T18:12:40.556,648572,160,0.12693333333333331,0.18886666666666668,0.0,60.0,5000,132.0,1,99.93,0.153,15,0.981,0.0,31,-,Belum ditandai,unset
2026-06-01T18:12:41.053,649092,156,0.12733333333333335,0.18966666666666668,0.0,60.0,5000,132.0,1,99.93,0.153,15,0.981,0.0,31,-,Belum ditandai,unset
2026-06-01T18:12:41.551,649609,156,0.12733333333333335,0.18993333333333334,0.0,60.0,5000,132.0,1,94.49,0.149,13,0.923,0.0,31,-,Belum ditandai,unset
2026-06-01T18:12:42.050,650129,158,0.127,0.18933333333333333,0.0,60.0,5000,132.0,1,94.49,0.149,13,0.923,0.0,31,-,Belum ditandai,unset
2026-06-01T18:12:42.659,650696,157,0.127,0.1892,0.0,60.0,5000,132.0,1,87.37,0.143,12,0.96,0.0,31,-,Belum ditandai,unset
2026-06-01T18:12:43.159,651216,157,0.127,0.18893333333333334,0.0,60.0,5000,132.0,1,87.37,0.143,12,0.96,0.0,31,-,Belum ditandai,unset
2026-06-01T18:12:43.657,651733,158,0.12726666666666667,0.18933333333333333,0.0,60.0,5000,132.0,1,77.77,0.135,10,0.952,0.0,31,-,Belum ditandai,unset
2026-06-01T18:12:44.221,652253,159,0.1272,0.1894,0.0,60.0,5000,132.0,1,77.77,0.135,10,0.952,0.0,31,-,Belum ditandai,unset
2026-06-01T18:12:44.781,652819,157,0.127,0.1892,0.0,60.0,5000,132.0,1,65.6,0.123,7,0.867,0.0,31,-,Belum ditandai,unset
2026-06-01T18:12:45.280,653339,157,0.12686666666666666,0.18866666666666668,0.0,60.0,5000,132.0,1,65.6,0.123,7,0.867,0.0,31,-,Belum ditandai,unset
2026-06-01T18:12:45.777,653856,161,0.127,0.18853333333333333,0.0,60.0,5000,132.0,1,62.73,0.121,7,0.922,0.0,31,-,Belum ditandai,unset
2026-06-01T18:12:46.338,654376,157,0.12713333333333335,0.1888,0.0,60.0,5000,132.0,1,62.73,0.121,7,0.922,0.0,31,-,Belum ditandai,unset
2026-06-01T18:12:46.898,654943,155,0.127,0.18866666666666668,0.0,60.0,5000,132.0,1,45.47,0.104,4,0.845,0.0,31,-,Belum ditandai,unset
2026-06-01T18:12:47.398,655463,158,0.1266,0.18826666666666667,0.0,60.0,5000,132.0,1,45.47,0.104,4,0.845,0.0,31,-,Belum ditandai,unset
2026-06-01T18:12:47.895,655980,157,0.12673333333333334,0.18853333333333333,0.0,60.0,5000,132.0,1,36.1,0.092,3,0.903,0.0,31,-,Belum ditandai,unset
2026-06-01T18:12:48.453,656546,155,0.1266,0.18853333333333333,0.0,60.0,5000,132.0,1,18.76,0.062,1,0.859,0.0,31,-,Belum ditandai,unset
2026-06-01T18:12:49.013,657066,158,0.127,0.18906666666666666,0.0,60.0,5000,132.0,1,18.76,0.062,1,0.859,0.0,31,-,Belum ditandai,unset
2026-06-01T18:12:49.636,657687,156,0.12666666666666665,0.18860000000000002,0.0,60.0,5000,132.0,1,1.34,0.0,0,0.0,0.0,31,-,Belum ditandai,unset
2026-06-01T18:12:50.258,658311,158,0.127,0.1892,0.0,60.0,5000,132.0,1,1.34,0.0,0,0.0,0.0,31,-,Belum ditandai,unset
2026-06-01T18:12:50.819,658878,157,0.1266,0.18866666666666668,0.0,60.0,5000,132.0,1,0.0,0.0,0,0.0,0.0,31,-,Belum ditandai,unset
2026-06-01T18:12:51.316,659398,158,0.12686666666666666,0.1892,0.0,60.0,5000,132.0,1,0.0,0.0,0,0.0,0.0,31,-,Belum ditandai,unset
2026-06-01T18:12:51.814,659915,159,0.127,0.18946666666666667,0.0,60.0,5000,132.0,1,0.0,0.0,0,0.0,0.0,31,-,Belum ditandai,unset
2026-06-01T18:12:52.315,660435,159,0.12726666666666667,0.19,0.0,60.0,5000,132.0,1,0.0,0.0,0,0.0,0.0,31,-,Belum ditandai,unset
2026-06-01T18:12:52.816,660897,158,0.12733333333333335,0.19006666666666666,0.0,60.0,5000,132.0,1,0.0,0.0,0,0.0,0.0,31,-,Belum ditandai,unset
2026-06-01T18:12:53.313,661417,160,0.12746666666666667,0.1902,0.0,60.0,5000,132.0,1,0.0,0.0,0,0.0,0.0,31,-,Belum ditandai,unset
2026-06-01T18:12:53.811,661935,157,0.12726666666666667,0.18973333333333334,0.0,60.0,5000,132.0,1,0.0,0.0,0,0.0,0.0,31,-,Belum ditandai,unset
2026-06-01T18:12:54.372,662455,159,0.12746666666666667,0.18993333333333334,0.0,60.0,5000,132.0,1,0.0,0.0,0,0.0,0.0,31,-,Belum ditandai,unset
2026-06-01T18:12:54.934,663011,156,0.12760000000000002,0.19006666666666666,0.0,60.0,5000,132.0,1,0.0,0.0,0,0.0,0.0,31,-,Belum ditandai,unset
2026-06-01T18:12:55.555,663632,158,0.12786666666666668,0.19073333333333334,0.0,60.0,5000,132.0,1,0.0,0.0,0,0.0,0.0,31,-,Belum ditandai,unset
2026-06-01T18:12:56.057,664152,159,0.12786666666666668,0.1906,0.0,60.0,5000,132.0,1,0.0,0.0,0,0.0,0.0,31,-,Belum ditandai,unset
2026-06-01T18:12:56.586,664719,158,0.12773333333333334,0.19073333333333334,0.0,60.0,5000,132.0,1,0.0,0.0,0,0.0,0.0,31,-,Belum ditandai,unset
2026-06-01T18:12:57.138,665239,159,0.12753333333333333,0.19026666666666667,0.0,60.0,5000,132.0,1,0.0,0.0,0,0.0,0.0,31,-,Belum ditandai,unset
