pc_timestamp,stm32_ms,adc_raw,adc_voltage_v,sensor_voltage_v,pressure_bar,duty_percent,frequency_hz,estimated_output_rms_v,jsy_online,jsy_voltage_rms_v,jsy_current_rms_a,jsy_active_power_w,jsy_power_factor,jsy_energy_kwh,jsy_error_count
2026-05-23T00:22:06.761,53013,620,0.5,0.744,0.733,70.04,5000,154.09,1,0.0,0.0,0,0.0,0.0,0
2026-05-23T00:22:06.865,53117,448,0.361,0.538,0.113,70.04,5000,154.09,1,0.0,0.0,0,0.0,0.0,0
2026-05-23T00:22:06.967,53221,791,0.637,0.949,1.348,70.04,5000,154.09,1,0.0,0.0,0,0.0,0.0,0
2026-05-23T00:22:07.068,53325,982,0.791,1.179,2.036,70.04,5000,154.09,1,0.0,0.0,0,0.0,0.0,0
2026-05-23T00:22:07.220,53475,458,0.369,0.55,0.149,70.04,5000,154.09,1,0.0,0.0,0,0.0,0.0,0
2026-05-23T00:22:07.324,53579,457,0.368,0.549,0.146,70.04,5000,154.09,1,0.0,0.0,0,0.0,0.0,0
2026-05-23T00:22:07.442,53683,806,0.65,0.967,1.402,70.04,5000,154.09,1,0.0,0.0,0,0.0,0.0,0
2026-05-23T00:22:07.500,53787,988,0.796,1.186,2.058,70.04,5000,154.09,1,0.0,0.0,0,0.0,0.0,0
2026-05-23T00:22:07.607,53891,1075,0.866,1.29,2.371,70.04,5000,154.09,1,0.0,0.0,0,0.0,0.0,0
2026-05-23T00:22:07.719,53995,721,0.581,0.865,1.096,70.04,5000,154.09,1,0.0,0.0,0,0.0,0.0,0
2026-05-23T00:22:07.832,54099,574,0.463,0.689,0.567,70.04,5000,154.09,1,0.0,0.0,0,0.0,0.0,0
2026-05-23T00:22:07.953,54203,596,0.48,0.715,0.646,70.04,5000,154.09,1,0.0,0.0,0,0.0,0.0,0
2026-05-23T00:22:08.014,54307,903,0.728,1.084,1.752,70.04,5000,154.09,1,0.0,0.0,0,0.0,0.0,0
2026-05-23T00:22:08.157,54411,1075,0.866,1.29,2.371,70.04,5000,154.09,1,0.0,0.0,0,0.0,0.0,0
2026-05-23T00:22:08.216,54512,1069,0.861,1.283,2.349,70.04,5000,154.09,1,0.0,0.0,0,0.0,0.0,0
2026-05-23T00:22:08.344,54616,875,0.705,1.05,1.651,70.04,5000,154.09,1,0.0,0.0,0,0.0,0.0,0
2026-05-23T00:22:08.467,54720,623,0.502,0.748,0.743,70.04,5000,154.09,1,0.0,0.0,0,0.0,0.0,0
2026-05-23T00:22:08.529,54824,458,0.369,0.55,0.149,70.04,5000,154.09,1,0.0,0.0,0,0.0,0.0,0
2026-05-23T00:22:08.654,54928,802,0.646,0.963,1.388,70.04,5000,154.09,1,0.0,0.0,0,0.0,0.0,0
2026-05-23T00:22:08.779,55032,984,0.793,1.181,2.043,70.04,5000,154.09,1,0.0,0.0,0,0.0,0.0,0
2026-05-23T00:22:08.840,55136,1084,0.874,1.301,2.403,70.04,5000,154.09,1,0.0,0.0,0,0.0,0.0,0
2026-05-23T00:22:08.966,55240,731,0.589,0.877,1.132,70.04,5000,154.09,1,0.0,0.0,0,0.0,0.0,0
2026-05-23T00:22:09.090,55344,578,0.466,0.694,0.581,70.04,5000,154.09,1,0.0,0.0,0,0.0,0.0,0
2026-05-23T00:22:09.213,55494,1113,0.897,1.336,2.508,70.04,5000,154.09,1,0.0,0.0,0,0.0,0.0,0
2026-05-23T00:22:09.335,55599,978,0.788,1.174,2.022,70.04,5000,154.09,1,0.0,0.0,0,0.0,0.0,0
2026-05-23T00:22:09.459,55703,668,0.538,0.802,0.905,70.04,5000,154.09,1,0.0,0.0,0,0.0,0.0,0
2026-05-23T00:22:09.522,55807,492,0.396,0.591,0.272,70.04,5000,154.09,1,0.0,0.0,0,0.0,0.0,0
2026-05-23T00:22:09.646,55911,699,0.563,0.839,1.017,70.04,5000,154.09,1,0.0,0.0,0,0.0,0.0,0
2026-05-23T00:22:09.769,56015,959,0.773,1.151,1.953,70.04,5000,154.09,1,0.0,0.0,0,0.0,0.0,0
2026-05-23T00:22:09.831,56119,1148,0.925,1.378,2.634,70.04,5000,154.09,1,0.0,0.0,0,0.0,0.0,0
2026-05-23T00:22:09.956,56223,820,0.661,0.984,1.453,70.04,5000,154.09,1,0.0,0.0,0,0.0,0.0,0
2026-05-23T00:22:10.082,56327,611,0.492,0.733,0.7,70.04,5000,154.09,1,0.0,0.0,0,0.0,0.0,0
2026-05-23T00:22:10.142,56431,496,0.4,0.595,0.286,70.04,5000,154.09,1,0.0,0.0,0,0.0,0.0,0
2026-05-23T00:22:10.267,56531,421,0.339,0.505,0.016,70.04,5000,154.09,1,0.0,0.0,0,0.0,0.0,0
2026-05-23T00:22:10.331,56635,809,0.652,0.971,1.413,70.04,5000,154.09,1,0.0,0.0,0,0.0,0.0,0
2026-05-23T00:22:10.453,56739,998,0.804,1.198,2.094,70.04,5000,154.09,1,0.0,0.0,0,0.0,0.0,0
2026-05-23T00:22:10.580,56843,1089,0.878,1.307,2.421,70.04,5000,154.09,1,0.0,0.0,0,0.0,0.0,0
2026-05-23T00:22:10.642,56947,729,0.587,0.875,1.125,70.04,5000,154.09,1,0.0,0.0,0,0.0,0.0,0
2026-05-23T00:22:10.765,57051,567,0.457,0.681,0.542,70.04,5000,154.09,1,0.0,0.0,0,0.0,0.0,0
2026-05-23T00:22:10.890,57155,588,0.474,0.706,0.617,70.04,5000,154.09,1,0.0,0.0,0,0.0,0.0,0
2026-05-23T00:22:10.953,57259,908,0.732,1.09,1.77,70.04,5000,154.09,1,0.0,0.0,0,0.0,0.0,0
2026-05-23T00:22:11.076,57363,1088,0.877,1.306,2.418,70.04,5000,154.09,1,0.0,0.0,0,0.0,0.0,0
2026-05-23T00:22:11.264,57513,566,0.456,0.679,0.538,70.04,5000,154.09,1,0.0,0.0,0,0.0,0.0,0
2026-05-23T00:22:11.324,57617,591,0.476,0.709,0.628,70.04,5000,154.09,1,0.0,0.0,0,0.0,0.0,0
2026-05-23T00:22:11.450,57721,909,0.733,1.091,1.773,70.04,5000,154.09,1,0.0,0.0,0,0.0,0.0,0
2026-05-23T00:22:11.575,57825,1090,0.878,1.308,2.425,70.04,5000,154.09,1,0.0,0.0,0,0.0,0.0,0
2026-05-23T00:22:11.637,57929,940,0.758,1.128,1.885,70.04,5000,154.09,1,0.0,0.0,0,0.0,0.0,0
2026-05-23T00:22:11.764,58033,649,0.523,0.779,0.837,70.04,5000,154.09,1,0.0,0.0,0,0.0,0.0,0
2026-05-23T00:22:11.884,58137,466,0.376,0.559,0.178,70.04,5000,154.09,1,0.0,0.0,0,0.0,0.0,0
2026-05-23T00:22:11.947,58241,722,0.582,0.867,1.1,70.04,5000,154.09,1,0.0,0.0,0,0.0,0.0,0
2026-05-23T00:22:12.072,58345,957,0.771,1.149,1.946,70.04,5000,154.09,1,0.0,0.0,0,0.0,0.0,0
2026-05-23T00:22:12.197,58449,1139,0.918,1.367,2.602,70.04,5000,154.09,1,0.0,0.0,0,0.0,0.0,0
2026-05-23T00:22:12.259,58551,942,0.759,1.131,1.892,70.04,5000,154.09,1,0.0,0.0,0,0.0,0.0,0
2026-05-23T00:22:12.384,58655,667,0.538,0.801,0.902,70.04,5000,154.09,1,0.0,0.0,0,0.0,0.0,0
2026-05-23T00:22:12.446,58759,501,0.404,0.601,0.304,70.04,5000,154.09,1,0.0,0.0,0,0.0,0.0,0
2026-05-23T00:22:12.569,58863,657,0.529,0.789,0.866,70.04,5000,154.09,1,0.0,0.0,0,0.0,0.0,0
2026-05-23T00:22:12.695,58967,940,0.758,1.128,1.885,70.04,5000,154.09,1,0.0,0.0,0,0.0,0.0,0
2026-05-23T00:22:12.756,59071,1130,0.911,1.356,2.569,70.04,5000,154.09,1,0.0,0.0,0,0.0,0.0,0
2026-05-23T00:22:12.882,59175,856,0.69,1.027,1.582,70.04,5000,154.09,1,0.0,0.0,0,0.0,0.0,0
2026-05-23T00:22:13.008,59279,610,0.492,0.732,0.697,70.04,5000,154.09,1,0.0,0.0,0,0.0,0.0,0
2026-05-23T00:22:13.070,59383,441,0.355,0.529,0.088,70.04,5000,154.09,1,0.0,0.0,0,0.0,0.0,0
2026-05-23T00:22:13.258,59522,608,0.49,0.73,0.689,70.04,5000,154.09,1,0.0,0.0,0,0.0,0.0,0
2026-05-23T00:22:13.317,59627,741,0.597,0.889,1.168,70.04,5000,154.09,1,0.0,0.0,0,0.0,0.0,0
2026-05-23T00:22:13.444,59731,965,0.778,1.158,1.975,70.04,5000,154.09,1,0.0,0.0,0,0.0,0.0,0
2026-05-23T00:22:13.567,59835,1131,0.911,1.358,2.573,70.04,5000,154.09,1,0.0,0.0,0,0.0,0.0,0
2026-05-23T00:22:13.630,59939,765,0.616,0.918,1.255,70.04,5000,154.09,1,0.0,0.0,0,0.0,0.0,0
2026-05-23T00:22:13.755,60043,587,0.473,0.705,0.614,70.04,5000,154.09,1,0.0,0.0,0,0.0,0.0,0
2026-05-23T00:22:13.879,60147,536,0.432,0.643,0.43,70.04,5000,154.09,1,0.0,0.0,0,0.0,0.0,0
2026-05-23T00:22:13.942,60251,872,0.703,1.047,1.64,70.04,5000,154.09,1,0.0,0.0,0,0.0,0.0,0
2026-05-23T00:22:14.067,60355,1036,0.835,1.244,2.231,70.04,5000,154.09,1,0.0,0.0,0,0.0,0.0,0
2026-05-23T00:22:14.191,60459,1000,0.806,1.2,2.101,70.04,5000,154.09,1,0.0,0.0,0,0.0,0.0,0
2026-05-23T00:22:14.253,60560,884,0.712,1.061,1.683,70.04,5000,154.09,1,0.0,0.0,0,0.0,0.0,0
2026-05-23T00:22:14.377,60664,647,0.521,0.777,0.83,70.04,5000,154.09,1,0.0,0.0,0,0.0,0.0,0
2026-05-23T00:22:14.503,60768,465,0.375,0.558,0.174,70.04,5000,154.09,1,0.0,0.0,0,0.0,0.0,0
2026-05-23T00:22:14.565,60872,724,0.583,0.869,1.107,70.04,5000,154.09,1,0.0,0.0,0,0.0,0.0,0
2026-05-23T00:22:14.690,60976,962,0.775,1.155,1.964,70.04,5000,154.09,1,0.0,0.0,0,0.0,0.0,0
2026-05-23T00:22:14.814,61080,1147,0.924,1.377,2.63,70.04,5000,154.09,1,0.0,0.0,0,0.0,0.0,0
2026-05-23T00:22:14.876,61184,784,0.632,0.941,1.323,70.04,5000,154.09,1,0.0,0.0,0,0.0,0.0,0
2026-05-23T00:22:15.000,61288,592,0.477,0.711,0.632,70.04,5000,154.09,1,0.0,0.0,0,0.0,0.0,0
2026-05-23T00:22:15.126,61392,523,0.421,0.628,0.383,70.04,5000,154.09,1,0.0,0.0,0,0.0,0.0,0
2026-05-23T00:22:15.250,61542,814,0.656,0.977,1.431,70.04,5000,154.09,1,0.0,0.0,0,0.0,0.0,0
2026-05-23T00:22:15.377,61646,782,0.63,0.939,1.316,70.04,5000,154.09,1,0.0,0.0,0,0.0,0.0,0
2026-05-23T00:22:15.438,61750,587,0.473,0.705,0.614,70.04,5000,154.09,1,0.0,0.0,0,0.0,0.0,0
2026-05-23T00:22:15.562,61854,529,0.426,0.635,0.405,70.04,5000,154.09,1,0.0,0.0,0,0.0,0.0,0
2026-05-23T00:22:15.686,61958,867,0.699,1.041,1.622,70.04,5000,154.09,1,0.0,0.0,0,0.0,0.0,0
2026-05-23T00:22:15.747,62062,1023,0.824,1.228,2.184,70.04,5000,154.09,1,0.0,0.0,0,0.0,0.0,0
2026-05-23T00:22:15.871,62166,1009,0.813,1.211,2.133,70.04,5000,154.09,1,0.0,0.0,0,0.0,0.0,0
2026-05-23T00:22:15.998,62270,683,0.55,0.82,0.959,70.04,5000,154.09,1,0.0,0.0,0,0.0,0.0,0
2026-05-23T00:22:16.060,62374,519,0.418,0.623,0.369,70.04,5000,154.09,1,0.0,0.0,0,0.0,0.0,0
2026-05-23T00:22:16.185,62478,655,0.528,0.786,0.859,70.04,5000,154.09,1,0.0,0.0,0,0.0,0.0,0
2026-05-23T00:22:16.309,62579,690,0.556,0.828,0.985,70.04,5000,154.09,1,0.0,0.0,0,0.0,0.0,0
2026-05-23T00:22:16.372,62683,959,0.773,1.151,1.953,70.04,5000,154.09,1,0.0,0.0,0,0.0,0.0,0
2026-05-23T00:22:16.496,62787,1143,0.921,1.372,2.616,70.04,5000,154.09,1,0.0,0.0,0,0.0,0.0,0
2026-05-23T00:22:16.620,62891,793,0.639,0.952,1.356,70.04,5000,154.09,1,0.0,0.0,0,0.0,0.0,0
2026-05-23T00:22:16.684,62995,597,0.481,0.717,0.65,70.04,5000,154.09,1,0.0,0.0,0,0.0,0.0,0
2026-05-23T00:22:16.808,63099,504,0.406,0.605,0.315,70.04,5000,154.09,1,0.0,0.0,0,0.0,0.0,0
2026-05-23T00:22:16.931,63203,850,0.685,1.02,1.561,70.04,5000,154.09,1,0.0,0.0,0,0.0,0.0,0
2026-05-23T00:22:16.993,63307,1003,0.808,1.204,2.112,70.04,5000,154.09,1,0.0,0.0,0,0.0,0.0,0
2026-05-23T00:22:17.119,63411,1025,0.826,1.23,2.191,70.04,5000,154.09,1,0.0,0.0,0,0.0,0.0,0
2026-05-23T00:22:17.242,63561,824,0.664,0.989,1.467,70.04,5000,154.09,1,0.0,0.0,0,0.0,0.0,0
2026-05-23T00:22:17.368,63665,851,0.686,1.021,1.564,70.04,5000,154.09,1,0.0,0.0,0,0.0,0.0,0
2026-05-23T00:22:17.492,63769,1000,0.806,1.2,2.101,70.04,5000,154.09,1,0.0,0.0,0,0.0,0.0,0
2026-05-23T00:22:17.552,63873,1017,0.82,1.221,2.162,70.04,5000,154.09,1,0.0,0.0,0,0.0,0.0,0
2026-05-23T00:22:17.676,63977,683,0.55,0.82,0.959,70.04,5000,154.09,1,0.0,0.0,0,0.0,0.0,0
2026-05-23T00:22:17.800,64081,529,0.426,0.635,0.405,70.04,5000,154.09,1,0.0,0.0,0,0.0,0.0,0
2026-05-23T00:22:17.862,64185,636,0.513,0.763,0.79,70.04,5000,154.09,1,0.0,0.0,0,0.0,0.0,0
2026-05-23T00:22:17.988,64289,920,0.741,1.104,1.813,70.04,5000,154.09,1,0.0,0.0,0,0.0,0.0,0
2026-05-23T00:22:18.112,64393,1113,0.897,1.336,2.508,70.04,5000,154.09,1,0.0,0.0,0,0.0,0.0,0
2026-05-23T00:22:18.175,64497,884,0.712,1.061,1.683,70.04,5000,154.09,1,0.0,0.0,0,0.0,0.0,0
2026-05-23T00:22:18.299,64599,684,0.551,0.821,0.963,70.04,5000,154.09,1,0.0,0.0,0,0.0,0.0,0
2026-05-23T00:22:18.425,64703,578,0.466,0.694,0.581,70.04,5000,154.09,1,0.0,0.0,0,0.0,0.0,0
2026-05-23T00:22:18.487,64807,572,0.461,0.687,0.56,70.04,5000,154.09,1,0.0,0.0,0,0.0,0.0,0
2026-05-23T00:22:18.611,64911,891,0.718,1.069,1.708,70.04,5000,154.09,1,0.0,0.0,0,0.0,0.0,0
2026-05-23T00:22:18.736,65015,1066,0.859,1.28,2.339,70.04,5000,154.09,1,0.0,0.0,0,0.0,0.0,0
2026-05-23T00:22:18.797,65119,955,0.77,1.146,1.939,70.04,5000,154.09,1,0.0,0.0,0,0.0,0.0,0
2026-05-23T00:22:18.924,65223,657,0.529,0.789,0.866,70.04,5000,154.09,1,0.0,0.0,0,0.0,0.0,0
2026-05-23T00:22:19.045,65327,480,0.387,0.576,0.228,70.04,5000,154.09,1,0.0,0.0,0,0.0,0.0,0
2026-05-23T00:22:19.108,65431,694,0.559,0.833,0.999,70.04,5000,154.09,1,0.0,0.0,0,0.0,0.0,0
2026-05-23T00:22:19.295,65570,860,0.693,1.032,1.597,70.04,5000,154.09,1,0.0,0.0,0,0.0,0.0,0
2026-05-23T00:22:19.358,65675,922,0.743,1.107,1.82,70.04,5000,154.09,1,0.0,0.0,0,0.0,0.0,0
2026-05-23T00:22:19.484,65779,1113,0.897,1.336,2.508,70.04,5000,154.09,1,0.0,0.0,0,0.0,0.0,0
2026-05-23T00:22:19.545,65883,883,0.712,1.06,1.68,70.04,5000,154.09,1,0.0,0.0,0,0.0,0.0,0
2026-05-23T00:22:19.667,65987,619,0.499,0.743,0.729,70.04,5000,154.09,1,0.0,0.0,0,0.0,0.0,0
2026-05-23T00:22:19.792,66091,440,0.355,0.528,0.084,70.04,5000,154.09,1,0.0,0.0,0,0.0,0.0,0
2026-05-23T00:22:19.853,66195,779,0.628,0.935,1.305,70.04,5000,154.09,1,0.0,0.0,0,0.0,0.0,0
2026-05-23T00:22:19.979,66299,980,0.79,1.176,2.029,70.04,5000,154.09,1,0.0,0.0,0,0.0,0.0,0
2026-05-23T00:22:20.102,66403,1106,0.891,1.328,2.483,70.04,5000,154.09,1,0.0,0.0,0,0.0,0.0,0
2026-05-23T00:22:20.225,66507,737,0.594,0.885,1.154,70.04,5000,154.09,1,0.0,0.0,0,0.0,0.0,0
2026-05-23T00:22:20.289,66608,647,0.521,0.777,0.83,70.04,5000,154.09,1,0.0,0.0,0,0.0,0.0,0
2026-05-23T00:22:20.412,66712,536,0.432,0.643,0.43,70.04,5000,154.09,1,0.0,0.0,0,0.0,0.0,0
2026-05-23T00:22:20.475,66816,606,0.488,0.727,0.682,70.04,5000,154.09,1,0.0,0.0,0,0.0,0.0,0
2026-05-23T00:22:20.600,66920,917,0.739,1.101,1.802,70.04,5000,154.09,1,0.0,0.0,0,0.0,0.0,0
2026-05-23T00:22:20.724,67024,1095,0.882,1.314,2.443,70.04,5000,154.09,1,0.0,0.0,0,0.0,0.0,0
2026-05-23T00:22:20.786,67128,911,0.734,1.094,1.781,70.04,5000,154.09,1,0.0,0.0,0,0.0,0.0,0
2026-05-23T00:22:20.899,67232,624,0.503,0.749,0.747,70.04,5000,154.09,1,0.0,0.0,0,0.0,0.0,0
2026-05-23T00:22:21.022,67336,449,0.362,0.539,0.117,70.04,5000,154.09,1,0.0,0.0,0,0.0,0.0,0
2026-05-23T00:22:21.145,67440,753,0.607,0.904,1.212,70.04,5000,154.09,1,0.0,0.0,0,0.0,0.0,0
2026-05-23T00:22:21.271,67589,650,0.524,0.78,0.841,70.04,5000,154.09,1,0.0,0.0,0,0.0,0.0,0
2026-05-23T00:22:21.394,67694,621,0.5,0.745,0.736,70.04,5000,154.09,1,0.0,0.0,0,0.0,0.0,0
2026-05-23T00:22:21.455,67798,433,0.349,0.52,0.059,70.04,5000,154.09,1,0.0,0.0,0,0.0,0.0,0
2026-05-23T00:22:21.582,67902,759,0.612,0.911,1.233,70.04,5000,154.09,1,0.0,0.0,0,0.0,0.0,0
2026-05-23T00:22:21.706,68006,972,0.783,1.167,2.0,70.04,5000,154.09,1,0.0,0.0,0,0.0,0.0,0
2026-05-23T00:22:21.771,68110,1120,0.903,1.344,2.533,70.04,5000,154.09,1,0.0,0.0,0,0.0,0.0,0
2026-05-23T00:22:21.893,68214,755,0.608,0.906,1.219,70.04,5000,154.09,1,0.0,0.0,0,0.0,0.0,0
2026-05-23T00:22:22.018,68318,583,0.47,0.7,0.599,70.04,5000,154.09,1,0.0,0.0,0,0.0,0.0,0
2026-05-23T00:22:22.078,68422,547,0.441,0.657,0.47,70.04,5000,154.09,1,0.0,0.0,0,0.0,0.0,0
2026-05-23T00:22:22.204,68526,881,0.71,1.057,1.672,70.04,5000,154.09,1,0.0,0.0,0,0.0,0.0,0
2026-05-23T00:22:22.327,68627,874,0.704,1.049,1.647,70.04,5000,154.09,1,0.0,0.0,0,0.0,0.0,0
2026-05-23T00:22:22.389,68731,1092,0.88,1.311,2.432,70.04,5000,154.09,1,0.0,0.0,0,0.0,0.0,0
2026-05-23T00:22:22.514,68835,934,0.753,1.121,1.863,70.04,5000,154.09,1,0.0,0.0,0,0.0,0.0,0
2026-05-23T00:22:22.639,68939,635,0.512,0.762,0.787,70.04,5000,154.09,1,0.0,0.0,0,0.0,0.0,0
2026-05-23T00:22:22.704,69043,454,0.366,0.545,0.135,70.04,5000,154.09,1,0.0,0.0,0,0.0,0.0,0
2026-05-23T00:22:22.826,69147,736,0.593,0.883,1.15,70.04,5000,154.09,1,0.0,0.0,0,0.0,0.0,0
2026-05-23T00:22:22.953,69251,958,0.772,1.15,1.95,70.04,5000,154.09,1,0.0,0.0,0,0.0,0.0,0
2026-05-23T00:22:23.015,69355,1146,0.924,1.376,2.627,70.04,5000,154.09,1,0.0,0.0,0,0.0,0.0,0
2026-05-23T00:22:23.138,69459,785,0.633,0.942,1.327,70.04,5000,154.09,1,0.0,0.0,0,0.0,0.0,0
2026-05-23T00:22:23.261,69608,968,0.78,1.162,1.986,70.04,5000,154.09,1,0.0,0.0,0,0.0,0.0,0
2026-05-23T00:22:23.387,69713,974,0.785,1.169,2.007,70.04,5000,154.09,1,0.0,0.0,0,0.0,0.0,0
2026-05-23T00:22:23.511,69817,1145,0.923,1.374,2.623,70.04,5000,154.09,1,0.0,0.0,0,0.0,0.0,0
2026-05-23T00:22:23.573,69921,782,0.63,0.939,1.316,70.04,5000,154.09,1,0.0,0.0,0,0.0,0.0,0
2026-05-23T00:22:23.697,70025,596,0.48,0.715,0.646,70.04,5000,154.09,1,0.0,0.0,0,0.0,0.0,0
2026-05-23T00:22:23.823,70129,543,0.438,0.652,0.455,70.04,5000,154.09,1,0.0,0.0,0,0.0,0.0,0
2026-05-23T00:22:23.884,70233,880,0.709,1.056,1.669,70.04,5000,154.09,1,0.0,0.0,0,0.0,0.0,0
2026-05-23T00:22:24.009,70337,1045,0.842,1.254,2.263,70.04,5000,154.09,1,0.0,0.0,0,0.0,0.0,0
2026-05-23T00:22:24.133,70441,1001,0.807,1.202,2.105,70.04,5000,154.09,1,0.0,0.0,0,0.0,0.0,0
2026-05-23T00:22:24.194,70545,686,0.553,0.823,0.97,70.04,5000,154.09,1,0.0,0.0,0,0.0,0.0,0
2026-05-23T00:22:24.318,70646,611,0.492,0.733,0.7,70.04,5000,154.09,1,0.0,0.0,0,0.0,0.0,0
2026-05-23T00:22:24.443,70750,464,0.374,0.557,0.171,70.04,5000,154.09,1,0.0,0.0,0,0.0,0.0,0
2026-05-23T00:22:24.505,70854,724,0.583,0.869,1.107,70.04,5000,154.09,1,0.0,0.0,0,0.0,0.0,0
2026-05-23T00:22:24.628,70958,969,0.781,1.163,1.989,70.04,5000,154.09,1,0.0,0.0,0,0.0,0.0,0
2026-05-23T00:22:24.755,71062,1153,0.929,1.384,2.652,70.04,5000,154.09,1,0.0,0.0,0,0.0,0.0,0
2026-05-23T00:22:24.817,71166,797,0.642,0.957,1.37,70.04,5000,154.09,1,0.0,0.0,0,0.0,0.0,0
2026-05-23T00:22:24.940,71270,598,0.482,0.718,0.653,70.04,5000,154.09,1,0.0,0.0,0,0.0,0.0,0
2026-05-23T00:22:25.065,71374,519,0.418,0.623,0.369,70.04,5000,154.09,1,0.0,0.0,0,0.0,0.0,0
2026-05-23T00:22:25.126,71478,862,0.695,1.035,1.604,70.04,5000,154.09,1,0.0,0.0,0,0.0,0.0,0
2026-05-23T00:22:25.316,71627,608,0.49,0.73,0.689,70.04,5000,154.09,1,0.0,0.0,0,0.0,0.0,0
2026-05-23T00:22:25.377,71732,599,0.483,0.719,0.657,70.04,5000,154.09,1,0.0,0.0,0,0.0,0.0,0
2026-05-23T00:22:25.502,71836,522,0.421,0.627,0.38,70.04,5000,154.09,1,0.0,0.0,0,0.0,0.0,0
2026-05-23T00:22:25.626,71940,862,0.695,1.035,1.604,70.04,5000,154.09,1,0.0,0.0,0,0.0,0.0,0
2026-05-23T00:22:25.687,72044,1019,0.821,1.223,2.169,70.04,5000,154.09,1,0.0,0.0,0,0.0,0.0,0
2026-05-23T00:22:25.812,72148,1035,0.834,1.242,2.227,70.04,5000,154.09,1,0.0,0.0,0,0.0,0.0,0
2026-05-23T00:22:25.937,72252,694,0.559,0.833,0.999,70.04,5000,154.09,1,0.0,0.0,0,0.0,0.0,0
2026-05-23T00:22:25.998,72356,530,0.427,0.636,0.409,70.04,5000,154.09,1,0.0,0.0,0,0.0,0.0,0
2026-05-23T00:22:26.124,72460,640,0.516,0.768,0.805,70.04,5000,154.09,1,0.0,0.0,0,0.0,0.0,0
2026-05-23T00:22:26.236,72564,932,0.751,1.119,1.856,70.04,5000,154.09,1,0.0,0.0,0,0.0,0.0,0
2026-05-23T00:22:26.357,72665,925,0.745,1.11,1.831,70.04,5000,154.09,1,0.0,0.0,0,0.0,0.0,0
2026-05-23T00:22:26.419,72769,1149,0.926,1.379,2.638,70.04,5000,154.09,1,0.0,0.0,0,0.0,0.0,0
2026-05-23T00:22:26.545,72873,820,0.661,0.984,1.453,70.04,5000,154.09,1,0.0,0.0,0,0.0,0.0,0
2026-05-23T00:22:26.670,72977,610,0.492,0.732,0.697,70.04,5000,154.09,1,0.0,0.0,0,0.0,0.0,0
2026-05-23T00:22:26.731,73081,486,0.392,0.583,0.25,70.04,5000,154.09,1,0.0,0.0,0,0.0,0.0,0
2026-05-23T00:22:26.853,73185,836,0.674,1.003,1.51,70.04,5000,154.09,1,0.0,0.0,0,0.0,0.0,0
2026-05-23T00:22:26.977,73289,1003,0.808,1.204,2.112,70.04,5000,154.09,1,0.0,0.0,0,0.0,0.0,0
2026-05-23T00:22:27.038,73393,1060,0.854,1.272,2.317,70.04,5000,154.09,1,0.0,0.0,0,0.0,0.0,0
2026-05-23T00:22:27.166,73497,705,0.568,0.846,1.039,70.04,5000,154.09,1,0.0,0.0,0,0.0,0.0,0
2026-05-23T00:22:27.285,73647,994,0.801,1.193,2.079,70.04,5000,154.09,1,0.0,0.0,0,0.0,0.0,0
2026-05-23T00:22:27.411,73751,995,0.802,1.194,2.083,70.04,5000,154.09,1,0.0,0.0,0,0.0,0.0,0
2026-05-23T00:22:27.535,73855,1054,0.849,1.265,2.295,70.04,5000,154.09,1,0.0,0.0,0,0.0,0.0,0
2026-05-23T00:22:27.599,73959,703,0.567,0.844,1.031,70.04,5000,154.09,1,0.0,0.0,0,0.0,0.0,0
2026-05-23T00:22:27.723,74063,552,0.445,0.663,0.488,70.04,5000,154.09,1,0.0,0.0,0,0.0,0.0,0
2026-05-23T00:22:27.849,74167,618,0.498,0.742,0.725,70.04,5000,154.09,1,0.0,0.0,0,0.0,0.0,0
2026-05-23T00:22:27.910,74271,921,0.742,1.106,1.817,70.04,5000,154.09,1,0.0,0.0,0,0.0,0.0,0
2026-05-23T00:22:28.035,74375,1103,0.889,1.324,2.472,70.04,5000,154.09,1,0.0,0.0,0,0.0,0.0,0
2026-05-23T00:22:28.159,74479,906,0.73,1.087,1.762,70.04,5000,154.09,1,0.0,0.0,0,0.0,0.0,0
2026-05-23T00:22:28.221,74583,638,0.514,0.766,0.797,70.04,5000,154.09,1,0.0,0.0,0,0.0,0.0,0
2026-05-23T00:22:28.347,74684,585,0.471,0.702,0.607,70.04,5000,154.09,1,0.0,0.0,0,0.0,0.0,0
2026-05-23T00:22:28.472,74788,462,0.372,0.555,0.164,70.04,5000,154.09,1,0.0,0.0,0,0.0,0.0,0
2026-05-23T00:22:28.534,74892,814,0.656,0.977,1.431,70.04,5000,154.09,1,0.0,0.0,0,0.0,0.0,0
2026-05-23T00:22:28.657,74996,995,0.802,1.194,2.083,70.04,5000,154.09,1,0.0,0.0,0,0.0,0.0,0
2026-05-23T00:22:28.780,75100,1084,0.874,1.301,2.403,70.04,5000,154.09,1,0.0,0.0,0,0.0,0.0,0
2026-05-23T00:22:28.843,75204,721,0.581,0.865,1.096,70.04,5000,154.09,1,0.0,0.0,0,0.0,0.0,0
2026-05-23T00:22:28.966,75308,562,0.453,0.675,0.524,70.04,5000,154.09,1,0.0,0.0,0,0.0,0.0,0
2026-05-23T00:22:29.094,75412,590,0.475,0.708,0.625,70.04,5000,154.09,1,0.0,0.0,0,0.0,0.0,0
2026-05-23T00:22:29.155,75516,910,0.733,1.092,1.777,70.04,5000,154.09,1,0.0,0.0,0,0.0,0.0,0
2026-05-23T00:22:29.343,75666,589,0.475,0.707,0.621,70.04,5000,154.09,1,0.0,0.0,0,0.0,0.0,0
2026-05-23T00:22:29.404,75770,559,0.45,0.671,0.513,70.04,5000,154.09,1,0.0,0.0,0,0.0,0.0,0
2026-05-23T00:22:29.527,75874,598,0.482,0.718,0.653,70.04,5000,154.09,1,0.0,0.0,0,0.0,0.0,0
2026-05-23T00:22:29.652,75978,911,0.734,1.094,1.781,70.04,5000,154.09,1,0.0,0.0,0,0.0,0.0,0
2026-05-23T00:22:29.716,76082,1093,0.881,1.312,2.436,70.04,5000,154.09,1,0.0,0.0,0,0.0,0.0,0
2026-05-23T00:22:29.840,76186,935,0.753,1.122,1.867,70.04,5000,154.09,1,0.0,0.0,0,0.0,0.0,0
2026-05-23T00:22:29.964,76290,647,0.521,0.777,0.83,70.04,5000,154.09,1,0.0,0.0,0,0.0,0.0,0
2026-05-23T00:22:30.026,76394,463,0.373,0.556,0.167,70.04,5000,154.09,1,0.0,0.0,0,0.0,0.0,0
2026-05-23T00:22:30.151,76498,733,0.591,0.88,1.14,70.04,5000,154.09,1,0.0,0.0,0,0.0,0.0,0
2026-05-23T00:22:30.275,76602,968,0.78,1.162,1.986,70.04,5000,154.09,1,0.0,0.0,0,0.0,0.0,0
2026-05-23T00:22:30.338,76704,998,0.804,1.198,2.094,70.04,5000,154.09,1,0.0,0.0,0,0.0,0.0,0
2026-05-23T00:22:30.461,76808,985,0.794,1.182,2.047,70.04,5000,154.09,1,0.0,0.0,0,0.0,0.0,0
2026-05-23T00:22:30.586,76912,679,0.547,0.815,0.945,70.04,5000,154.09,1,0.0,0.0,0,0.0,0.0,0
2026-05-23T00:22:30.648,77016,506,0.408,0.607,0.322,70.04,5000,154.09,1,0.0,0.0,0,0.0,0.0,0
2026-05-23T00:22:30.772,77120,679,0.547,0.815,0.945,70.04,5000,154.09,1,0.0,0.0,0,0.0,0.0,0
2026-05-23T00:22:30.898,77224,948,0.764,1.138,1.914,70.04,5000,154.09,1,0.0,0.0,0,0.0,0.0,0
2026-05-23T00:22:30.959,77328,1140,0.919,1.368,2.605,70.04,5000,154.09,1,0.0,0.0,0,0.0,0.0,0
2026-05-23T00:22:31.084,77432,843,0.679,1.012,1.536,70.04,5000,154.09,1,0.0,0.0,0,0.0,0.0,0
2026-05-23T00:22:31.211,77536,611,0.492,0.733,0.7,70.04,5000,154.09,1,0.0,0.0,0,0.0,0.0,0
2026-05-23T00:22:31.334,77675,541,0.436,0.649,0.448,70.04,5000,154.09,1,0.0,0.0,0,0.0,0.0,0
2026-05-23T00:22:31.459,77779,522,0.421,0.627,0.38,70.04,5000,154.09,1,0.0,0.0,0,0.0,0.0,0
2026-05-23T00:22:31.521,77883,665,0.536,0.798,0.895,70.04,5000,154.09,1,0.0,0.0,0,0.0,0.0,0
2026-05-23T00:22:31.647,77987,945,0.762,1.134,1.903,70.04,5000,154.09,1,0.0,0.0,0,0.0,0.0,0
2026-05-23T00:22:31.771,78091,1133,0.913,1.36,2.58,70.04,5000,154.09,1,0.0,0.0,0,0.0,0.0,0
2026-05-23T00:22:31.831,78195,860,0.693,1.032,1.597,70.04,5000,154.09,1,0.0,0.0,0,0.0,0.0,0
2026-05-23T00:22:31.955,78299,617,0.497,0.741,0.722,70.04,5000,154.09,1,0.0,0.0,0,0.0,0.0,0
2026-05-23T00:22:32.080,78403,448,0.361,0.538,0.113,70.04,5000,154.09,1,0.0,0.0,0,0.0,0.0,0
2026-05-23T00:22:32.146,78507,814,0.656,0.977,1.431,70.04,5000,154.09,1,0.0,0.0,0,0.0,0.0,0
2026-05-23T00:22:32.266,78611,995,0.802,1.194,2.083,70.04,5000,154.09,1,0.0,0.0,0,0.0,0.0,0
2026-05-23T00:22:32.391,78713,1049,0.845,1.259,2.277,70.04,5000,154.09,1,0.0,0.0,0,0.0,0.0,0
2026-05-23T00:22:32.452,78817,921,0.742,1.106,1.817,70.04,5000,154.09,1,0.0,0.0,0,0.0,0.0,0
2026-05-23T00:22:32.576,78921,631,0.508,0.757,0.772,70.04,5000,154.09,1,0.0,0.0,0,0.0,0.0,0
2026-05-23T00:22:32.699,79025,454,0.366,0.545,0.135,70.04,5000,154.09,1,0.0,0.0,0,0.0,0.0,0
2026-05-23T00:22:32.762,79129,755,0.608,0.906,1.219,70.04,5000,154.09,1,0.0,0.0,0,0.0,0.0,0
2026-05-23T00:22:32.886,79233,977,0.787,1.173,2.018,70.04,5000,154.09,1,0.0,0.0,0,0.0,0.0,0
2026-05-23T00:22:33.012,79337,1135,0.915,1.362,2.587,70.04,5000,154.09,1,0.0,0.0,0,0.0,0.0,0
2026-05-23T00:22:33.072,79441,753,0.607,0.904,1.212,70.04,5000,154.09,1,0.0,0.0,0,0.0,0.0,0
2026-05-23T00:22:33.199,79545,587,0.473,0.705,0.614,70.04,5000,154.09,1,0.0,0.0,0,0.0,0.0,0
2026-05-23T00:22:33.322,79685,481,0.388,0.577,0.232,70.04,5000,154.09,1,0.0,0.0,0,0.0,0.0,0
2026-05-23T00:22:33.447,79789,484,0.39,0.581,0.243,70.04,5000,154.09,1,0.0,0.0,0,0.0,0.0,0
2026-05-23T00:22:33.510,79893,839,0.676,1.007,1.521,70.04,5000,154.09,1,0.0,0.0,0,0.0,0.0,0
2026-05-23T00:22:33.635,79997,994,0.801,1.193,2.079,70.04,5000,154.09,1,0.0,0.0,0,0.0,0.0,0
2026-05-23T00:22:33.760,80101,1050,0.846,1.26,2.281,70.04,5000,154.09,1,0.0,0.0,0,0.0,0.0,0
2026-05-23T00:22:33.820,80205,697,0.562,0.837,1.01,70.04,5000,154.09,1,0.0,0.0,0,0.0,0.0,0
2026-05-23T00:22:33.945,80309,536,0.432,0.643,0.43,70.04,5000,154.09,1,0.0,0.0,0,0.0,0.0,0
2026-05-23T00:22:34.072,80413,617,0.497,0.741,0.722,70.04,5000,154.09,1,0.0,0.0,0,0.0,0.0,0
2026-05-23T00:22:34.134,80517,920,0.741,1.104,1.813,70.04,5000,154.09,1,0.0,0.0,0,0.0,0.0,0
2026-05-23T00:22:34.262,80621,1104,0.89,1.325,2.475,70.04,5000,154.09,1,0.0,0.0,0,0.0,0.0,0
2026-05-23T00:22:34.386,80722,1093,0.881,1.312,2.436,70.04,5000,154.09,1,0.0,0.0,0,0.0,0.0,0
2026-05-23T00:22:34.445,80826,837,0.675,1.005,1.514,70.04,5000,154.09,1,0.0,0.0,0,0.0,0.0,0
2026-05-23T00:22:34.572,80930,614,0.495,0.737,0.711,70.04,5000,154.09,1,0.0,0.0,0,0.0,0.0,0
2026-05-23T00:22:34.696,81034,473,0.381,0.568,0.203,70.04,5000,154.09,1,0.0,0.0,0,0.0,0.0,0
2026-05-23T00:22:34.758,81138,820,0.661,0.984,1.453,70.04,5000,154.09,1,0.0,0.0,0,0.0,0.0,0
2026-05-23T00:22:34.883,81242,1000,0.806,1.2,2.101,70.04,5000,154.09,1,0.0,0.0,0,0.0,0.0,0
2026-05-23T00:22:35.008,81346,1070,0.862,1.284,2.353,70.04,5000,154.09,1,0.0,0.0,0,0.0,0.0,0
2026-05-23T00:22:35.069,81450,706,0.569,0.847,1.042,70.04,5000,154.09,1,0.0,0.0,0,0.0,0.0,0
2026-05-23T00:22:35.196,81554,556,0.448,0.667,0.502,70.04,5000,154.09,1,0.0,0.0,0,0.0,0.0,0
2026-05-23T00:22:35.319,81704,1095,0.882,1.314,2.443,70.04,5000,154.09,1,0.0,0.0,0,0.0,0.0,0
2026-05-23T00:22:35.442,81808,1056,0.851,1.268,2.303,70.04,5000,154.09,1,0.0,0.0,0,0.0,0.0,0
2026-05-23T00:22:35.567,81912,707,0.57,0.849,1.046,70.04,5000,154.09,1,0.0,0.0,0,0.0,0.0,0
2026-05-23T00:22:35.629,82016,546,0.44,0.655,0.466,70.04,5000,154.09,1,0.0,0.0,0,0.0,0.0,0
2026-05-23T00:22:35.758,82120,613,0.494,0.736,0.707,70.04,5000,154.09,1,0.0,0.0,0,0.0,0.0,0
2026-05-23T00:22:35.879,82224,919,0.741,1.103,1.809,70.04,5000,154.09,1,0.0,0.0,0,0.0,0.0,0
2026-05-23T00:22:35.942,82328,1097,0.884,1.317,2.45,70.04,5000,154.09,1,0.0,0.0,0,0.0,0.0,0
2026-05-23T00:22:36.066,82432,917,0.739,1.101,1.802,70.04,5000,154.09,1,0.0,0.0,0,0.0,0.0,0
2026-05-23T00:22:36.188,82536,631,0.508,0.757,0.772,70.04,5000,154.09,1,0.0,0.0,0,0.0,0.0,0
2026-05-23T00:22:36.252,82640,444,0.358,0.533,0.099,70.04,5000,154.09,1,0.0,0.0,0,0.0,0.0,0
2026-05-23T00:22:36.377,82742,525,0.423,0.63,0.391,70.04,5000,154.09,1,0.0,0.0,0,0.0,0.0,0
2026-05-23T00:22:36.504,82846,874,0.704,1.049,1.647,70.04,5000,154.09,1,0.0,0.0,0,0.0,0.0,0
2026-05-23T00:22:36.566,82950,1039,0.837,1.247,2.241,70.04,5000,154.09,1,0.0,0.0,0,0.0,0.0,0
2026-05-23T00:22:36.692,83054,964,0.777,1.157,1.971,70.04,5000,154.09,1,0.0,0.0,0,0.0,0.0,0
2026-05-23T00:22:36.817,83158,670,0.54,0.804,0.913,70.04,5000,154.09,1,0.0,0.0,0,0.0,0.0,0
2026-05-23T00:22:36.879,83262,502,0.405,0.603,0.308,70.04,5000,154.09,1,0.0,0.0,0,0.0,0.0,0
2026-05-23T00:22:37.004,83366,677,0.546,0.813,0.938,70.04,5000,154.09,1,0.0,0.0,0,0.0,0.0,0
2026-05-23T00:22:37.129,83470,947,0.763,1.137,1.91,70.04,5000,154.09,1,0.0,0.0,0,0.0,0.0,0
2026-05-23T00:22:37.189,83574,1147,0.924,1.377,2.63,70.04,5000,154.09,1,0.0,0.0,0,0.0,0.0,0
2026-05-23T00:22:37.313,83713,1041,0.839,1.25,2.249,70.04,5000,154.09,1,0.0,0.0,0,0.0,0.0,0
2026-05-23T00:22:37.435,83818,893,0.72,1.072,1.716,70.04,5000,154.09,1,0.0,0.0,0,0.0,0.0,0
2026-05-23T00:22:37.561,83922,616,0.496,0.739,0.718,70.04,5000,154.09,1,0.0,0.0,0,0.0,0.0,0
2026-05-23T00:22:37.686,84026,433,0.349,0.52,0.059,70.04,5000,154.09,1,0.0,0.0,0,0.0,0.0,0
2026-05-23T00:22:37.746,84130,760,0.612,0.912,1.237,70.04,5000,154.09,1,0.0,0.0,0,0.0,0.0,0
2026-05-23T00:22:37.872,84234,975,0.786,1.17,2.011,70.04,5000,154.09,1,0.0,0.0,0,0.0,0.0,0
2026-05-23T00:22:37.933,84338,1116,0.899,1.34,2.519,70.04,5000,154.09,1,0.0,0.0,0,0.0,0.0,0
2026-05-23T00:22:38.060,84442,743,0.599,0.892,1.176,70.04,5000,154.09,1,0.0,0.0,0,0.0,0.0,0
2026-05-23T00:22:38.184,84546,577,0.465,0.693,0.578,70.04,5000,154.09,1,0.0,0.0,0,0.0,0.0,0
2026-05-23T00:22:38.246,84650,541,0.436,0.649,0.448,70.04,5000,154.09,1,0.0,0.0,0,0.0,0.0,0
2026-05-23T00:22:38.371,84751,573,0.462,0.688,0.563,70.04,5000,154.09,1,0.0,0.0,0,0.0,0.0,0
2026-05-23T00:22:38.495,84855,910,0.733,1.092,1.777,70.04,5000,154.09,1,0.0,0.0,0,0.0,0.0,0
2026-05-23T00:22:38.557,84959,1098,0.885,1.318,2.454,70.04,5000,154.09,1,0.0,0.0,0,0.0,0.0,0
2026-05-23T00:22:38.682,85063,912,0.735,1.095,1.784,70.04,5000,154.09,1,0.0,0.0,0,0.0,0.0,0
2026-05-23T00:22:38.807,85167,627,0.505,0.753,0.758,70.04,5000,154.09,1,0.0,0.0,0,0.0,0.0,0
2026-05-23T00:22:38.869,85271,436,0.351,0.523,0.07,70.04,5000,154.09,1,0.0,0.0,0,0.0,0.0,0
2026-05-23T00:22:38.993,85375,740,0.596,0.888,1.165,70.04,5000,154.09,1,0.0,0.0,0,0.0,0.0,0
2026-05-23T00:22:39.117,85479,969,0.781,1.163,1.989,70.04,5000,154.09,1,0.0,0.0,0,0.0,0.0,0
2026-05-23T00:22:39.179,85583,1136,0.915,1.364,2.591,70.04,5000,154.09,1,0.0,0.0,0,0.0,0.0,0
2026-05-23T00:22:39.366,85733,716,0.577,0.859,1.078,70.04,5000,154.09,1,0.0,0.0,0,0.0,0.0,0
2026-05-23T00:22:39.429,85837,757,0.61,0.909,1.226,70.04,5000,154.09,1,0.0,0.0,0,0.0,0.0,0
2026-05-23T00:22:39.553,85941,975,0.786,1.17,2.011,70.04,5000,154.09,1,0.0,0.0,0,0.0,0.0,0
2026-05-23T00:22:39.677,86045,1134,0.914,1.361,2.584,70.04,5000,154.09,1,0.0,0.0,0,0.0,0.0,0
2026-05-23T00:22:39.740,86149,753,0.607,0.904,1.212,70.04,5000,154.09,1,0.0,0.0,0,0.0,0.0,0
2026-05-23T00:22:39.866,86253,583,0.47,0.7,0.599,70.04,5000,154.09,1,0.0,0.0,0,0.0,0.0,0
2026-05-23T00:22:39.989,86357,546,0.44,0.655,0.466,70.04,5000,154.09,1,0.0,0.0,0,0.0,0.0,0
2026-05-23T00:22:40.050,86461,884,0.712,1.061,1.683,70.04,5000,154.09,1,0.0,0.0,0,0.0,0.0,0
2026-05-23T00:22:40.173,86565,1059,0.853,1.271,2.313,70.04,5000,154.09,1,0.0,0.0,0,0.0,0.0,0
2026-05-23T00:22:40.301,86669,983,0.792,1.18,2.04,70.04,5000,154.09,1,0.0,0.0,0,0.0,0.0,0
2026-05-23T00:22:40.363,86770,873,0.704,1.048,1.644,70.04,5000,154.09,1,0.0,0.0,0,0.0,0.0,0
2026-05-23T00:22:40.484,86874,632,0.509,0.759,0.776,70.04,5000,154.09,1,0.0,0.0,0,0.0,0.0,0
2026-05-23T00:22:40.611,86978,449,0.362,0.539,0.117,70.04,5000,154.09,1,0.0,0.0,0,0.0,0.0,0
2026-05-23T00:22:40.675,87082,748,0.603,0.898,1.194,70.04,5000,154.09,1,0.0,0.0,0,0.0,0.0,0
2026-05-23T00:22:40.797,87186,978,0.788,1.174,2.022,70.04,5000,154.09,1,0.0,0.0,0,0.0,0.0,0
2026-05-23T00:22:40.923,87290,1137,0.916,1.365,2.594,70.04,5000,154.09,1,0.0,0.0,0,0.0,0.0,0
2026-05-23T00:22:40.987,87394,762,0.614,0.915,1.244,70.04,5000,154.09,1,0.0,0.0,0,0.0,0.0,0
2026-05-23T00:22:41.113,87498,581,0.468,0.697,0.592,70.04,5000,154.09,1,0.0,0.0,0,0.0,0.0,0
2026-05-23T00:22:41.237,87602,529,0.426,0.635,0.405,70.04,5000,154.09,1,0.0,0.0,0,0.0,0.0,0
2026-05-23T00:22:41.361,87752,782,0.63,0.939,1.316,70.04,5000,154.09,1,0.0,0.0,0,0.0,0.0,0
2026-05-23T00:22:41.487,87856,737,0.594,0.885,1.154,70.04,5000,154.09,1,0.0,0.0,0,0.0,0.0,0
2026-05-23T00:22:41.549,87960,583,0.47,0.7,0.599,70.04,5000,154.09,1,0.0,0.0,0,0.0,0.0,0
2026-05-23T00:22:41.671,88064,548,0.442,0.658,0.473,70.04,5000,154.09,1,0.0,0.0,0,0.0,0.0,0
2026-05-23T00:22:41.794,88168,888,0.716,1.066,1.698,70.04,5000,154.09,1,0.0,0.0,0,0.0,0.0,0
2026-05-23T00:22:41.857,88272,1069,0.861,1.283,2.349,70.04,5000,154.09,1,0.0,0.0,0,0.0,0.0,0
2026-05-23T00:22:41.982,88376,974,0.785,1.169,2.007,70.04,5000,154.09,1,0.0,0.0,0,0.0,0.0,0
2026-05-23T00:22:42.107,88480,663,0.534,0.796,0.887,70.04,5000,154.09,1,0.0,0.0,0,0.0,0.0,0
2026-05-23T00:22:42.171,88584,476,0.384,0.571,0.214,70.04,5000,154.09,1,0.0,0.0,0,0.0,0.0,0
2026-05-23T00:22:42.293,88688,700,0.564,0.84,1.021,70.04,5000,154.09,1,0.0,0.0,0,0.0,0.0,0
2026-05-23T00:22:42.416,88790,840,0.677,1.008,1.525,70.04,5000,154.09,1,0.0,0.0,0,0.0,0.0,0
2026-05-23T00:22:42.480,88894,1015,0.818,1.218,2.155,70.04,5000,154.09,1,0.0,0.0,0,0.0,0.0,0
2026-05-23T00:22:42.605,88998,1036,0.835,1.244,2.231,70.04,5000,154.09,1,0.0,0.0,0,0.0,0.0,0
2026-05-23T00:22:42.732,89102,690,0.556,0.828,0.985,70.04,5000,154.09,1,0.0,0.0,0,0.0,0.0,0
2026-05-23T00:22:42.793,89206,525,0.423,0.63,0.391,70.04,5000,154.09,1,0.0,0.0,0,0.0,0.0,0
2026-05-23T00:22:42.918,89310,660,0.532,0.792,0.877,70.04,5000,154.09,1,0.0,0.0,0,0.0,0.0,0
2026-05-23T00:22:43.042,89414,939,0.757,1.127,1.881,70.04,5000,154.09,1,0.0,0.0,0,0.0,0.0,0
2026-05-23T00:22:43.103,89518,1138,0.917,1.366,2.598,70.04,5000,154.09,1,0.0,0.0,0,0.0,0.0,0
2026-05-23T00:22:43.226,89622,871,0.702,1.045,1.636,70.04,5000,154.09,1,0.0,0.0,0,0.0,0.0,0
2026-05-23T00:22:43.349,89761,707,0.57,0.849,1.046,70.04,5000,154.09,1,0.0,0.0,0,0.0,0.0,0
2026-05-23T00:22:43.476,89866,635,0.512,0.762,0.787,70.04,5000,154.09,1,0.0,0.0,0,0.0,0.0,0
2026-05-23T00:22:43.601,89970,442,0.356,0.531,0.092,70.04,5000,154.09,1,0.0,0.0,0,0.0,0.0,0
2026-05-23T00:22:43.664,90074,755,0.608,0.906,1.219,70.04,5000,154.09,1,0.0,0.0,0,0.0,0.0,0
2026-05-23T00:22:43.788,90178,984,0.793,1.181,2.043,70.04,5000,154.09,1,0.0,0.0,0,0.0,0.0,0
2026-05-23T00:22:43.912,90282,1138,0.917,1.366,2.598,70.04,5000,154.09,1,0.0,0.0,0,0.0,0.0,0
2026-05-23T00:22:43.973,90386,765,0.616,0.918,1.255,70.04,5000,154.09,1,0.0,0.0,0,0.0,0.0,0
2026-05-23T00:22:44.101,90490,591,0.476,0.709,0.628,70.04,5000,154.09,1,0.0,0.0,0,0.0,0.0,0
2026-05-23T00:22:44.224,90594,548,0.442,0.658,0.473,70.04,5000,154.09,1,0.0,0.0,0,0.0,0.0,0
2026-05-23T00:22:44.286,90698,886,0.714,1.063,1.69,70.04,5000,154.09,1,0.0,0.0,0,0.0,0.0,0
2026-05-23T00:22:44.409,90799,885,0.713,1.062,1.687,70.04,5000,154.09,1,0.0,0.0,0,0.0,0.0,0
2026-05-23T00:22:44.535,90903,1096,0.883,1.316,2.447,70.04,5000,154.09,1,0.0,0.0,0,0.0,0.0,0
2026-05-23T00:22:44.596,91007,908,0.732,1.09,1.77,70.04,5000,154.09,1,0.0,0.0,0,0.0,0.0,0
2026-05-23T00:22:44.719,91111,628,0.506,0.754,0.761,70.04,5000,154.09,1,0.0,0.0,0,0.0,0.0,0
2026-05-23T00:22:44.844,91215,440,0.355,0.528,0.084,70.04,5000,154.09,1,0.0,0.0,0,0.0,0.0,0
2026-05-23T00:22:44.909,91319,765,0.616,0.918,1.255,70.04,5000,154.09,1,0.0,0.0,0,0.0,0.0,0
2026-05-23T00:22:45.033,91423,977,0.787,1.173,2.018,70.04,5000,154.09,1,0.0,0.0,0,0.0,0.0,0
2026-05-23T00:22:45.157,91527,1115,0.899,1.338,2.515,70.04,5000,154.09,1,0.0,0.0,0,0.0,0.0,0
2026-05-23T00:22:45.220,91631,746,0.601,0.895,1.186,70.04,5000,154.09,1,0.0,0.0,0,0.0,0.0,0
2026-05-23T00:22:45.406,91781,982,0.791,1.179,2.036,70.04,5000,154.09,1,0.0,0.0,0,0.0,0.0,0
2026-05-23T00:22:45.467,91885,997,0.803,1.197,2.09,70.04,5000,154.09,1,0.0,0.0,0,0.0,0.0,0
2026-05-23T00:22:45.591,91989,1140,0.919,1.368,2.605,70.04,5000,154.09,1,0.0,0.0,0,0.0,0.0,0
2026-05-23T00:22:45.715,92093,733,0.591,0.88,1.14,70.04,5000,154.09,1,0.0,0.0,0,0.0,0.0,0
2026-05-23T00:22:45.777,92197,562,0.453,0.675,0.524,70.04,5000,154.09,1,0.0,0.0,0,0.0,0.0,0
2026-05-23T00:22:45.900,92301,550,0.443,0.66,0.481,70.04,5000,154.09,1,0.0,0.0,0,0.0,0.0,0
2026-05-23T00:22:46.022,92405,921,0.742,1.106,1.817,70.04,5000,154.09,1,0.0,0.0,0,0.0,0.0,0
2026-05-23T00:22:46.084,92509,1149,0.926,1.379,2.638,70.04,5000,154.09,1,0.0,0.0,0,0.0,0.0,0
2026-05-23T00:22:46.209,92613,990,0.798,1.188,2.065,70.04,5000,154.09,1,0.0,0.0,0,0.0,0.0,0
2026-05-23T00:22:46.334,92717,635,0.512,0.762,0.787,70.04,5000,154.09,1,0.0,0.0,0,0.0,0.0,0
2026-05-23T00:22:46.396,92819,553,0.446,0.664,0.491,70.04,5000,154.09,1,0.0,0.0,0,0.0,0.0,0
2026-05-23T00:22:46.521,92923,541,0.436,0.649,0.448,70.04,5000,154.09,1,0.0,0.0,0,0.0,0.0,0
2026-05-23T00:22:46.647,93027,876,0.706,1.051,1.654,70.04,5000,154.09,1,0.0,0.0,0,0.0,0.0,0
2026-05-23T00:22:46.708,93131,1045,0.842,1.254,2.263,70.04,5000,154.09,1,0.0,0.0,0,0.0,0.0,0
2026-05-23T00:22:46.831,93235,968,0.78,1.162,1.986,70.04,5000,154.09,1,0.0,0.0,0,0.0,0.0,0
2026-05-23T00:22:46.954,93339,672,0.542,0.807,0.92,70.04,5000,154.09,1,0.0,0.0,0,0.0,0.0,0
2026-05-23T00:22:47.015,93443,480,0.387,0.576,0.228,70.04,5000,154.09,1,0.0,0.0,0,0.0,0.0,0
2026-05-23T00:22:47.139,93547,690,0.556,0.828,0.985,70.04,5000,154.09,1,0.0,0.0,0,0.0,0.0,0
2026-05-23T00:22:47.265,93651,958,0.772,1.15,1.95,70.04,5000,154.09,1,0.0,0.0,0,0.0,0.0,0
2026-05-23T00:22:47.389,93790,1031,0.831,1.238,2.213,70.04,5000,154.09,1,0.0,0.0,0,0.0,0.0,0
2026-05-23T00:22:47.515,93895,1135,0.915,1.362,2.587,70.04,5000,154.09,1,0.0,0.0,0,0.0,0.0,0
2026-05-23T00:22:47.576,93999,875,0.705,1.05,1.651,70.04,5000,154.09,1,0.0,0.0,0,0.0,0.0,0
2026-05-23T00:22:47.702,94103,613,0.494,0.736,0.707,70.04,5000,154.09,1,0.0,0.0,0,0.0,0.0,0
2026-05-23T00:22:47.826,94207,438,0.353,0.526,0.077,70.04,5000,154.09,1,0.0,0.0,0,0.0,0.0,0
2026-05-23T00:22:47.888,94311,816,0.658,0.979,1.438,70.04,5000,154.09,1,0.0,0.0,0,0.0,0.0,0
2026-05-23T00:22:48.014,94415,1009,0.813,1.211,2.133,70.04,5000,154.09,1,0.0,0.0,0,0.0,0.0,0
2026-05-23T00:22:48.137,94519,1091,0.879,1.31,2.429,70.04,5000,154.09,1,0.0,0.0,0,0.0,0.0,0
2026-05-23T00:22:48.201,94623,718,0.579,0.862,1.086,70.04,5000,154.09,1,0.0,0.0,0,0.0,0.0,0
2026-05-23T00:22:48.323,94727,536,0.432,0.643,0.43,70.04,5000,154.09,1,0.0,0.0,0,0.0,0.0,0
2026-05-23T00:22:48.449,94828,441,0.355,0.529,0.088,70.04,5000,154.09,1,0.0,0.0,0,0.0,0.0,0
2026-05-23T00:22:48.513,94932,638,0.514,0.766,0.797,70.04,5000,154.09,1,0.0,0.0,0,0.0,0.0,0
2026-05-23T00:22:48.635,95036,953,0.768,1.144,1.932,70.04,5000,154.09,1,0.0,0.0,0,0.0,0.0,0
2026-05-23T00:22:48.761,95140,1159,0.934,1.391,2.674,70.04,5000,154.09,1,0.0,0.0,0,0.0,0.0,0
2026-05-23T00:22:48.823,95244,843,0.679,1.012,1.536,70.04,5000,154.09,1,0.0,0.0,0,0.0,0.0,0
2026-05-23T00:22:48.948,95348,608,0.49,0.73,0.689,70.04,5000,154.09,1,0.0,0.0,0,0.0,0.0,0
2026-05-23T00:22:49.010,95452,469,0.378,0.563,0.189,70.04,5000,154.09,1,0.0,0.0,0,0.0,0.0,0
2026-05-23T00:22:49.133,95556,838,0.675,1.006,1.518,70.04,5000,154.09,1,0.0,0.0,0,0.0,0.0,0
2026-05-23T00:22:49.262,95660,1011,0.815,1.214,2.141,70.04,5000,154.09,1,0.0,0.0,0,0.0,0.0,0
2026-05-23T00:22:49.385,95810,453,0.365,0.544,0.131,70.04,5000,154.09,1,0.0,0.0,0,0.0,0.0,0
2026-05-23T00:22:49.508,95914,494,0.398,0.593,0.279,70.04,5000,154.09,1,0.0,0.0,0,0.0,0.0,0
2026-05-23T00:22:49.632,96018,858,0.691,1.03,1.59,70.04,5000,154.09,1,0.0,0.0,0,0.0,0.0,0
2026-05-23T00:22:49.695,96122,1023,0.824,1.228,2.184,70.04,5000,154.09,1,0.0,0.0,0,0.0,0.0,0
2026-05-23T00:22:49.819,96226,923,0.744,1.108,1.824,70.04,5000,154.09,1,0.0,0.0,0,0.0,0.0,0
2026-05-23T00:22:49.941,96330,757,0.61,0.909,1.226,70.04,5000,154.09,1,0.0,0.0,0,0.0,0.0,0
2026-05-23T00:22:50.005,96434,608,0.49,0.73,0.689,70.04,5000,154.09,1,0.0,0.0,0,0.0,0.0,0
2026-05-23T00:22:50.129,96538,649,0.523,0.779,0.837,70.04,5000,154.09,1,0.0,0.0,0,0.0,0.0,0
2026-05-23T00:22:50.254,96642,844,0.68,1.013,1.539,70.04,5000,154.09,1,0.0,0.0,0,0.0,0.0,0
2026-05-23T00:22:50.314,96746,953,0.768,1.144,1.932,70.04,5000,154.09,1,0.0,0.0,0,0.0,0.0,0
2026-05-23T00:22:50.437,96847,893,0.72,1.072,1.716,70.04,5000,154.09,1,0.34,0.0,0,0.0,0.0,0
2026-05-23T00:22:50.563,96951,821,0.662,0.985,1.456,70.04,5000,154.09,1,0.34,0.0,0,0.0,0.0,0
2026-05-23T00:22:50.626,97055,637,0.513,0.765,0.794,70.04,5000,154.09,1,0.34,0.0,0,0.0,0.0,0
2026-05-23T00:22:50.747,97159,619,0.499,0.743,0.729,70.04,5000,154.09,1,0.34,0.0,0,0.0,0.0,0
2026-05-23T00:22:50.872,97263,783,0.631,0.94,1.32,70.04,5000,154.09,1,0.34,0.0,0,0.0,0.0,0
2026-05-23T00:22:50.934,97367,926,0.746,1.112,1.835,70.04,5000,154.09,1,0.34,0.0,0,0.0,0.0,0
2026-05-23T00:22:51.059,97471,896,0.722,1.075,1.726,70.04,5000,154.09,1,0.34,0.0,0,0.0,0.0,0
2026-05-23T00:22:51.181,97575,717,0.578,0.861,1.082,70.04,5000,154.09,1,0.34,0.0,0,0.0,0.0,0
2026-05-23T00:22:51.245,97679,596,0.48,0.715,0.646,70.04,5000,154.09,1,0.34,0.0,0,0.0,0.0,0
2026-05-23T00:22:51.431,97829,906,0.73,1.087,1.762,70.04,5000,154.09,1,0.38,0.0,0,0.0,0.0,0
2026-05-23T00:22:51.494,97933,887,0.715,1.065,1.694,70.04,5000,154.09,1,0.38,0.0,0,0.0,0.0,0
2026-05-23T00:22:51.621,98037,700,0.564,0.84,1.021,70.04,5000,154.09,1,0.38,0.0,0,0.0,0.0,0
2026-05-23T00:22:51.746,98141,598,0.482,0.718,0.653,70.04,5000,154.09,1,0.38,0.0,0,0.0,0.0,0
2026-05-23T00:22:51.807,98245,695,0.56,0.834,1.003,70.04,5000,154.09,1,0.38,0.0,0,0.0,0.0,0
2026-05-23T00:22:51.933,98349,882,0.711,1.059,1.676,70.04,5000,154.09,1,0.38,0.0,0,0.0,0.0,0
2026-05-23T00:22:52.059,98453,938,0.756,1.126,1.878,70.04,5000,154.09,1,0.38,0.0,0,0.0,0.0,0
2026-05-23T00:22:52.120,98557,801,0.645,0.961,1.384,70.04,5000,154.09,1,0.38,0.0,0,0.0,0.0,0
2026-05-23T00:22:52.244,98661,630,0.508,0.756,0.769,70.04,5000,154.09,1,0.38,0.0,0,0.0,0.0,0
2026-05-23T00:22:52.366,98765,628,0.506,0.754,0.761,70.04,5000,154.09,1,0.38,0.0,0,0.0,0.0,0
2026-05-23T00:22:52.428,98867,655,0.528,0.786,0.859,70.04,5000,154.09,1,0.38,0.0,0,0.0,0.0,0
2026-05-23T00:22:52.554,98971,869,0.7,1.043,1.629,70.04,5000,154.09,1,0.38,0.0,0,0.0,0.0,0
2026-05-23T00:22:52.679,99075,938,0.756,1.126,1.878,70.04,5000,154.09,1,0.38,0.0,0,0.0,0.0,0
2026-05-23T00:22:52.744,99179,812,0.654,0.975,1.424,70.04,5000,154.09,1,0.38,0.0,0,0.0,0.0,0
2026-05-23T00:22:52.869,99283,631,0.508,0.757,0.772,70.04,5000,154.09,1,0.38,0.0,0,0.0,0.0,0
2026-05-23T00:22:52.930,99387,625,0.504,0.75,0.751,70.04,5000,154.09,1,0.38,0.0,0,0.0,0.0,0
2026-05-23T00:22:53.054,99491,791,0.637,0.949,1.348,70.04,5000,154.09,1,0.38,0.0,0,0.0,0.0,0
2026-05-23T00:22:53.179,99595,931,0.75,1.118,1.853,70.04,5000,154.09,1,0.38,0.0,0,0.0,0.0,0
2026-05-23T00:22:53.243,99699,892,0.719,1.071,1.712,70.04,5000,154.09,1,0.38,0.0,0,0.0,0.0,0
2026-05-23T00:22:53.430,99838,814,0.656,0.977,1.431,70.04,5000,154.09,1,0.38,0.0,0,0.0,0.0,0
2026-05-23T00:22:53.494,99943,737,0.594,0.885,1.154,70.04,5000,154.09,1,0.38,0.0,0,0.0,0.0,0
2026-05-23T00:22:53.615,100047,602,0.485,0.723,0.668,70.04,5000,154.09,1,0.38,0.0,0,0.0,0.0,0
2026-05-23T00:22:53.739,100151,670,0.54,0.804,0.913,70.04,5000,154.09,1,0.38,0.0,0,0.0,0.0,0
2026-05-23T00:22:53.802,100255,865,0.697,1.038,1.615,70.04,5000,154.09,1,0.38,0.0,0,0.0,0.0,0
2026-05-23T00:22:53.928,100359,946,0.762,1.136,1.907,70.04,5000,154.09,1,0.38,0.0,0,0.0,0.0,0
2026-05-23T00:22:54.051,100463,834,0.672,1.001,1.503,70.04,5000,154.09,1,0.38,0.0,0,0.0,0.0,0
2026-05-23T00:22:54.111,100567,648,0.522,0.778,0.833,70.04,5000,154.09,1,0.38,0.0,0,0.0,0.0,0
2026-05-23T00:22:54.236,100671,615,0.496,0.738,0.715,70.04,5000,154.09,1,0.38,0.0,0,0.0,0.0,0
2026-05-23T00:22:54.360,100775,775,0.625,0.93,1.291,70.04,5000,154.09,1,0.38,0.0,0,0.0,0.0,0
2026-05-23T00:22:54.422,100876,760,0.612,0.912,1.237,70.04,5000,154.09,1,0.38,0.0,0,0.0,0.0,0
2026-05-23T00:22:54.546,100980,943,0.76,1.132,1.896,70.04,5000,154.09,1,0.38,0.0,0,0.0,0.0,0
2026-05-23T00:22:54.672,101084,891,0.718,1.069,1.708,70.04,5000,154.09,1,0.38,0.0,0,0.0,0.0,0
2026-05-23T00:22:54.734,101188,693,0.558,0.832,0.995,70.04,5000,154.09,1,0.38,0.0,0,0.0,0.0,0
2026-05-23T00:22:54.860,101292,600,0.484,0.72,0.661,70.04,5000,154.09,1,0.38,0.0,0,0.0,0.0,0
2026-05-23T00:22:54.983,101396,711,0.573,0.853,1.06,70.04,5000,154.09,1,0.38,0.0,0,0.0,0.0,0
2026-05-23T00:22:55.045,101500,894,0.72,1.073,1.719,70.04,5000,154.09,1,0.38,0.0,0,0.0,0.0,0
2026-05-23T00:22:55.170,101604,939,0.757,1.127,1.881,70.04,5000,154.09,1,0.38,0.0,0,0.0,0.0,0
2026-05-23T00:22:55.296,101708,790,0.637,0.948,1.345,70.04,5000,154.09,1,0.38,0.0,0,0.0,0.0,0
2026-05-23T00:22:55.420,101858,895,0.721,1.074,1.723,70.04,5000,154.09,1,0.38,0.0,0,0.0,0.0,0
2026-05-23T00:22:55.544,101962,906,0.73,1.087,1.762,70.04,5000,154.09,1,0.38,0.0,0,0.0,0.0,0
2026-05-23T00:22:55.607,102066,927,0.747,1.113,1.838,70.04,5000,154.09,1,0.38,0.0,0,0.0,0.0,0
2026-05-23T00:22:55.732,102170,760,0.612,0.912,1.237,70.04,5000,154.09,1,0.38,0.0,0,0.0,0.0,0
2026-05-23T00:22:55.858,102274,616,0.496,0.739,0.718,70.04,5000,154.09,1,0.38,0.0,0,0.0,0.0,0
2026-05-23T00:22:55.921,102378,659,0.531,0.791,0.873,70.04,5000,154.09,1,0.38,0.0,0,0.0,0.0,0
2026-05-23T00:22:56.043,102482,841,0.678,1.009,1.528,70.04,5000,154.09,1,0.38,0.0,0,0.0,0.0,0
2026-05-23T00:22:56.170,102586,953,0.768,1.144,1.932,70.04,5000,154.09,1,0.38,0.0,0,0.0,0.0,0
2026-05-23T00:22:56.230,102690,862,0.695,1.035,1.604,70.04,5000,154.09,1,0.38,0.0,0,0.0,0.0,0
2026-05-23T00:22:56.354,102794,669,0.539,0.803,0.909,70.04,5000,154.09,1,0.38,0.0,0,0.0,0.0,0
2026-05-23T00:22:56.479,102895,596,0.48,0.715,0.646,70.04,5000,154.09,1,0.38,0.0,0,0.0,0.0,0
2026-05-23T00:22:56.542,102999,622,0.501,0.747,0.74,70.04,5000,154.09,1,0.38,0.0,0,0.0,0.0,0
2026-05-23T00:22:56.667,103103,785,0.633,0.942,1.327,70.04,5000,154.09,1,0.38,0.0,0,0.0,0.0,0
2026-05-23T00:22:56.791,103207,945,0.762,1.134,1.903,70.04,5000,154.09,1,0.38,0.0,0,0.0,0.0,0
2026-05-23T00:22:56.855,103311,920,0.741,1.104,1.813,70.04,5000,154.09,1,0.38,0.0,0,0.0,0.0,0
2026-05-23T00:22:56.979,103415,723,0.583,0.868,1.104,70.04,5000,154.09,1,0.38,0.0,0,0.0,0.0,0
2026-05-23T00:22:57.105,103519,591,0.476,0.709,0.628,70.04,5000,154.09,1,0.38,0.0,0,0.0,0.0,0
2026-05-23T00:22:57.166,103623,685,0.552,0.822,0.967,70.04,5000,154.09,1,0.38,0.0,0,0.0,0.0,0
2026-05-23T00:22:57.290,103727,871,0.702,1.045,1.636,70.04,5000,154.09,1,0.38,0.0,0,0.0,0.0,0
2026-05-23T00:22:57.413,103877,598,0.482,0.718,0.653,70.04,5000,154.09,1,0.38,0.0,0,0.0,0.0,0
2026-05-23T00:22:57.540,103981,599,0.483,0.719,0.657,70.04,5000,154.09,1,0.38,0.0,0,0.0,0.0,0
2026-05-23T00:22:57.662,104085,704,0.567,0.845,1.035,70.04,5000,154.09,1,0.38,0.0,0,0.0,0.0,0
2026-05-23T00:22:57.725,104189,889,0.716,1.067,1.701,70.04,5000,154.09,1,0.38,0.0,0,0.0,0.0,0
2026-05-23T00:22:57.849,104293,944,0.761,1.133,1.899,70.04,5000,154.09,1,0.38,0.0,0,0.0,0.0,0
2026-05-23T00:22:57.974,104397,799,0.644,0.959,1.377,70.04,5000,154.09,1,0.38,0.0,0,0.0,0.0,0
2026-05-23T00:22:58.038,104501,619,0.499,0.743,0.729,70.04,5000,154.09,1,0.38,0.0,0,0.0,0.0,0
2026-05-23T00:22:58.162,104605,621,0.5,0.745,0.736,70.04,5000,154.09,1,0.38,0.0,0,0.0,0.0,0
2026-05-23T00:22:58.289,104709,805,0.649,0.966,1.399,70.04,5000,154.09,1,0.38,0.0,0,0.0,0.0,0
2026-05-23T00:22:58.353,104813,957,0.771,1.149,1.946,70.04,5000,154.09,1,0.38,0.0,0,0.0,0.0,0
2026-05-23T00:22:58.475,104915,907,0.731,1.089,1.766,70.04,5000,154.09,1,1.79,0.0,0,0.0,0.0,0
2026-05-23T00:22:58.600,105019,807,0.65,0.969,1.406,70.04,5000,154.09,1,1.79,0.0,0,0.0,0.0,0
2026-05-23T00:22:58.662,105123,604,0.487,0.725,0.675,70.04,5000,154.09,1,1.79,0.0,0,0.0,0.0,0
2026-05-23T00:22:58.788,105227,611,0.492,0.733,0.7,70.04,5000,154.09,1,1.79,0.0,0,0.0,0.0,0
2026-05-23T00:22:58.910,105331,807,0.65,0.969,1.406,70.04,5000,154.09,1,1.79,0.0,0,0.0,0.0,0
2026-05-23T00:22:58.973,105435,969,0.781,1.163,1.989,70.04,5000,154.09,1,1.79,0.0,0,0.0,0.0,0
2026-05-23T00:22:59.098,105539,921,0.742,1.106,1.817,70.04,5000,154.09,1,1.79,0.0,0,0.0,0.0,0
2026-05-23T00:22:59.223,105643,690,0.556,0.828,0.985,70.04,5000,154.09,1,1.79,0.0,0,0.0,0.0,0
2026-05-23T00:22:59.284,105747,575,0.463,0.69,0.571,70.04,5000,154.09,1,1.79,0.0,0,0.0,0.0,0
2026-05-23T00:22:59.410,105886,607,0.489,0.729,0.686,70.04,5000,154.09,1,9.22,0.0,0,0.0,0.0,0
2026-05-23T00:22:59.534,105991,671,0.541,0.805,0.916,70.04,5000,154.09,1,9.22,0.0,0,0.0,0.0,0
2026-05-23T00:22:59.660,106095,904,0.728,1.085,1.755,70.04,5000,154.09,1,9.22,0.0,0,0.0,0.0,0
2026-05-23T00:22:59.723,106199,979,0.789,1.175,2.025,70.04,5000,154.09,1,9.22,0.0,0,0.0,0.0,0
2026-05-23T00:22:59.845,106303,829,0.668,0.995,1.485,70.04,5000,154.09,1,9.22,0.0,0,0.0,0.0,0
2026-05-23T00:22:59.970,106407,613,0.494,0.736,0.707,70.04,5000,154.09,1,9.22,0.0,0,0.0,0.0,0
2026-05-23T00:23:00.033,106511,598,0.482,0.718,0.653,70.04,5000,154.09,1,9.22,0.0,0,0.0,0.0,0
2026-05-23T00:23:00.157,106615,802,0.646,0.963,1.388,70.04,5000,154.09,1,9.22,0.0,0,0.0,0.0,0
2026-05-23T00:23:00.282,106719,975,0.786,1.17,2.011,70.04,5000,154.09,1,9.22,0.0,0,0.0,0.0,0
2026-05-23T00:23:00.344,106823,927,0.747,1.113,1.838,70.04,5000,154.09,1,9.22,0.0,0,0.0,0.0,0
2026-05-23T00:23:00.470,106924,831,0.67,0.997,1.492,70.04,5000,154.09,1,12.95,0.0,0,0.0,0.0,0
2026-05-23T00:23:00.592,107028,661,0.533,0.793,0.88,70.04,5000,154.09,1,12.95,0.0,0,0.0,0.0,0
2026-05-23T00:23:00.653,107132,572,0.461,0.687,0.56,70.04,5000,154.09,1,12.95,0.0,0,0.0,0.0,0
2026-05-23T00:23:00.777,107236,736,0.593,0.883,1.15,70.04,5000,154.09,1,12.95,0.0,0,0.0,0.0,0
2026-05-23T00:23:00.903,107340,949,0.765,1.139,1.917,70.04,5000,154.09,1,12.95,0.0,0,0.0,0.0,0
2026-05-23T00:23:00.969,107444,952,0.767,1.143,1.928,70.04,5000,154.09,1,12.95,0.0,0,0.0,0.0,0
2026-05-23T00:23:01.091,107548,756,0.609,0.907,1.222,70.04,5000,154.09,1,12.95,0.0,0,0.0,0.0,0
2026-05-23T00:23:01.215,107652,579,0.467,0.695,0.585,70.04,5000,154.09,1,12.95,0.0,0,0.0,0.0,0
2026-05-23T00:23:01.277,107756,637,0.513,0.765,0.794,70.04,5000,154.09,1,12.95,0.0,0,0.0,0.0,0
2026-05-23T00:23:01.464,107906,755,0.608,0.906,1.219,70.04,5000,154.09,1,13.84,0.0,0,0.0,0.0,0
2026-05-23T00:23:01.528,108011,661,0.533,0.793,0.88,70.04,5000,154.09,1,13.84,0.0,0,0.0,0.0,0
2026-05-23T00:23:01.653,108115,580,0.467,0.696,0.589,70.04,5000,154.09,1,13.84,0.0,0,0.0,0.0,0
2026-05-23T00:23:01.776,108219,742,0.598,0.891,1.172,70.04,5000,154.09,1,13.84,0.0,0,0.0,0.0,0
2026-05-23T00:23:01.838,108323,947,0.763,1.137,1.91,70.04,5000,154.09,1,13.84,0.0,0,0.0,0.0,0
2026-05-23T00:23:01.964,108427,956,0.77,1.148,1.943,70.04,5000,154.09,1,13.84,0.0,0,0.0,0.0,0
2026-05-23T00:23:02.087,108531,757,0.61,0.909,1.226,70.04,5000,154.09,1,13.84,0.0,0,0.0,0.0,0
2026-05-23T00:23:02.150,108635,581,0.468,0.697,0.592,70.04,5000,154.09,1,13.84,0.0,0,0.0,0.0,0
2026-05-23T00:23:02.274,108739,630,0.508,0.756,0.769,70.04,5000,154.09,1,13.84,0.0,0,0.0,0.0,0
2026-05-23T00:23:02.396,108843,876,0.706,1.051,1.654,70.04,5000,154.09,1,13.84,0.0,0,0.0,0.0,0
2026-05-23T00:23:02.457,108944,873,0.704,1.048,1.644,70.04,5000,154.09,1,13.85,0.0,0,0.0,0.0,0
2026-05-23T00:23:02.584,109048,985,0.794,1.182,2.047,70.04,5000,154.09,1,13.85,0.0,0,0.0,0.0,0
2026-05-23T00:23:02.709,109152,823,0.663,0.988,1.464,70.04,5000,154.09,1,13.85,0.0,0,0.0,0.0,0
2026-05-23T00:23:02.770,109256,601,0.484,0.721,0.664,70.04,5000,154.09,1,13.85,0.0,0,0.0,0.0,0
2026-05-23T00:23:02.896,109360,606,0.488,0.727,0.682,70.04,5000,154.09,1,13.85,0.0,0,0.0,0.0,0
2026-05-23T00:23:03.020,109464,822,0.662,0.987,1.46,70.04,5000,154.09,1,13.85,0.0,0,0.0,0.0,0
2026-05-23T00:23:03.082,109568,995,0.802,1.194,2.083,70.04,5000,154.09,1,13.85,0.0,0,0.0,0.0,0
2026-05-23T00:23:03.207,109672,925,0.745,1.11,1.831,70.04,5000,154.09,1,13.85,0.0,0,0.0,0.0,0
2026-05-23T00:23:03.329,109776,677,0.546,0.813,0.938,70.04,5000,154.09,1,13.85,0.0,0,0.0,0.0,0
2026-05-23T00:23:03.455,109925,996,0.803,1.196,2.087,70.04,5000,154.09,1,17.23,0.0,0,0.0,0.0,0
2026-05-23T00:23:03.580,110030,996,0.803,1.196,2.087,70.04,5000,154.09,1,17.23,0.0,0,0.0,0.0,0
2026-05-23T00:23:03.642,110134,879,0.708,1.055,1.665,70.04,5000,154.09,1,17.23,0.0,0,0.0,0.0,0
2026-05-23T00:23:03.768,110238,638,0.514,0.766,0.797,70.04,5000,154.09,1,17.23,0.0,0,0.0,0.0,0
2026-05-23T00:23:03.890,110342,575,0.463,0.69,0.571,70.04,5000,154.09,1,17.23,0.0,0,0.0,0.0,0
2026-05-23T00:23:03.952,110446,762,0.614,0.915,1.244,70.04,5000,154.09,1,17.23,0.0,0,0.0,0.0,0
2026-05-23T00:23:04.076,110550,969,0.781,1.163,1.989,70.04,5000,154.09,1,17.23,0.0,0,0.0,0.0,0
2026-05-23T00:23:04.200,110654,960,0.774,1.152,1.957,70.04,5000,154.09,1,17.23,0.0,0,0.0,0.0,0
2026-05-23T00:23:04.266,110758,734,0.592,0.881,1.143,70.04,5000,154.09,1,17.23,0.0,0,0.0,0.0,0
2026-05-23T00:23:04.388,110862,567,0.457,0.681,0.542,70.04,5000,154.09,1,17.23,0.0,0,0.0,0.0,0
2026-05-23T00:23:04.513,110963,539,0.434,0.647,0.441,70.04,5000,154.09,1,17.93,0.0,0,0.0,0.0,0
2026-05-23T00:23:04.575,111067,706,0.569,0.847,1.042,70.04,5000,154.09,1,17.93,0.0,0,0.0,0.0,0
2026-05-23T00:23:04.701,111171,934,0.753,1.121,1.863,70.04,5000,154.09,1,17.93,0.0,0,0.0,0.0,0
2026-05-23T00:23:04.825,111275,968,0.78,1.162,1.986,70.04,5000,154.09,1,17.93,0.0,0,0.0,0.0,0
2026-05-23T00:23:04.887,111379,781,0.629,0.937,1.312,70.04,5000,154.09,1,17.93,0.0,0,0.0,0.0,0
2026-05-23T00:23:05.013,111483,579,0.467,0.695,0.585,70.04,5000,154.09,1,17.93,0.0,0,0.0,0.0,0
2026-05-23T00:23:05.137,111587,615,0.496,0.738,0.715,70.04,5000,154.09,1,17.93,0.0,0,0.0,0.0,0
2026-05-23T00:23:05.199,111691,863,0.695,1.036,1.608,70.04,5000,154.09,1,17.93,0.0,0,0.0,0.0,0
2026-05-23T00:23:05.324,111795,998,0.804,1.198,2.094,70.04,5000,154.09,1,17.93,0.0,0,0.0,0.0,0
2026-05-23T00:23:05.446,111945,623,0.502,0.748,0.743,70.04,5000,154.09,1,17.9,0.0,0,0.0,0.0,0
2026-05-23T00:23:05.572,112049,657,0.529,0.789,0.866,70.04,5000,154.09,1,17.9,0.0,0,0.0,0.0,0
2026-05-23T00:23:05.696,112153,888,0.716,1.066,1.698,70.04,5000,154.09,1,17.9,0.0,0,0.0,0.0,0
2026-05-23T00:23:05.758,112257,988,0.796,1.186,2.058,70.04,5000,154.09,1,17.9,0.0,0,0.0,0.0,0
2026-05-23T00:23:05.884,112361,836,0.674,1.003,1.51,70.04,5000,154.09,1,17.9,0.0,0,0.0,0.0,0
2026-05-23T00:23:06.010,112465,616,0.496,0.739,0.718,70.04,5000,154.09,1,17.9,0.0,0,0.0,0.0,0
2026-05-23T00:23:06.072,112569,598,0.482,0.718,0.653,70.04,5000,154.09,1,17.9,0.0,0,0.0,0.0,0
2026-05-23T00:23:06.194,112673,803,0.647,0.964,1.392,70.04,5000,154.09,1,17.9,0.0,0,0.0,0.0,0
2026-05-23T00:23:06.319,112777,977,0.787,1.173,2.018,70.04,5000,154.09,1,17.9,0.0,0,0.0,0.0,0
2026-05-23T00:23:06.382,112881,929,0.749,1.115,1.845,70.04,5000,154.09,1,17.9,0.0,0,0.0,0.0,0
2026-05-23T00:23:06.506,112982,830,0.669,0.996,1.489,70.04,5000,154.09,1,17.9,0.0,0,0.0,0.0,0
2026-05-23T00:23:06.631,113086,652,0.525,0.783,0.848,70.04,5000,154.09,1,17.9,0.0,0,0.0,0.0,0
2026-05-23T00:23:06.693,113190,573,0.462,0.688,0.563,70.04,5000,154.09,1,17.9,0.0,0,0.0,0.0,0
2026-05-23T00:23:06.816,113294,748,0.603,0.898,1.194,70.04,5000,154.09,1,17.9,0.0,0,0.0,0.0,0
2026-05-23T00:23:06.941,113398,961,0.774,1.154,1.961,70.04,5000,154.09,1,17.9,0.0,0,0.0,0.0,0
2026-05-23T00:23:07.002,113502,953,0.768,1.144,1.932,70.04,5000,154.09,1,17.9,0.0,0,0.0,0.0,0
2026-05-23T00:23:07.128,113606,736,0.593,0.883,1.15,70.04,5000,154.09,1,17.9,0.0,0,0.0,0.0,0
2026-05-23T00:23:07.253,113710,564,0.455,0.677,0.531,70.04,5000,154.09,1,17.9,0.0,0,0.0,0.0,0
2026-05-23T00:23:07.314,113814,652,0.525,0.783,0.848,70.04,5000,154.09,1,17.9,0.0,0,0.0,0.0,0
2026-05-23T00:23:07.501,113964,729,0.587,0.875,1.125,70.04,5000,154.09,1,17.9,0.0,0,0.0,0.0,0
2026-05-23T00:23:07.565,114069,623,0.502,0.748,0.743,70.04,5000,154.09,1,17.9,0.0,0,0.0,0.0,0
2026-05-23T00:23:07.689,114173,579,0.467,0.695,0.585,70.04,5000,154.09,1,17.9,0.0,0,0.0,0.0,0
2026-05-23T00:23:07.815,114277,770,0.621,0.924,1.273,70.04,5000,154.09,1,17.9,0.0,0,0.0,0.0,0
2026-05-23T00:23:07.877,114381,974,0.785,1.169,2.007,70.04,5000,154.09,1,17.9,0.0,0,0.0,0.0,0
2026-05-23T00:23:08.003,114485,952,0.767,1.143,1.928,70.04,5000,154.09,1,17.9,0.0,0,0.0,0.0,0
2026-05-23T00:23:08.126,114589,718,0.579,0.862,1.086,70.04,5000,154.09,1,17.9,0.0,0,0.0,0.0,0
2026-05-23T00:23:08.189,114693,559,0.45,0.671,0.513,70.04,5000,154.09,1,17.9,0.0,0,0.0,0.0,0
2026-05-23T00:23:08.314,114797,667,0.538,0.801,0.902,70.04,5000,154.09,1,17.9,0.0,0,0.0,0.0,0
2026-05-23T00:23:08.439,114901,929,0.749,1.115,1.845,70.04,5000,154.09,1,17.9,0.0,0,0.0,0.0,0
2026-05-23T00:23:08.502,115002,913,0.736,1.096,1.788,70.04,5000,154.09,1,17.9,0.0,0,0.0,0.0,0
2026-05-23T00:23:08.626,115106,977,0.787,1.173,2.018,70.04,5000,154.09,1,17.9,0.0,0,0.0,0.0,0
2026-05-23T00:23:08.750,115210,767,0.618,0.921,1.262,70.04,5000,154.09,1,17.9,0.0,0,0.0,0.0,0
2026-05-23T00:23:08.814,115314,567,0.457,0.681,0.542,70.04,5000,154.09,1,17.9,0.0,0,0.0,0.0,0
2026-05-23T00:23:08.938,115418,620,0.5,0.744,0.733,70.04,5000,154.09,1,17.9,0.0,0,0.0,0.0,0
2026-05-23T00:23:09.064,115522,880,0.709,1.056,1.669,70.04,5000,154.09,1,17.9,0.0,0,0.0,0.0,0
2026-05-23T00:23:09.124,115626,1006,0.811,1.208,2.123,70.04,5000,154.09,1,17.9,0.0,0,0.0,0.0,0
2026-05-23T00:23:09.249,115730,876,0.706,1.051,1.654,70.04,5000,154.09,1,17.9,0.0,0,0.0,0.0,0
2026-05-23T00:23:09.372,115834,624,0.503,0.749,0.747,70.04,5000,154.09,1,17.9,0.0,0,0.0,0.0,0
2026-05-23T00:23:09.496,115983,1002,0.807,1.203,2.108,70.04,5000,154.09,1,17.91,0.0,0,0.0,0.0,0
2026-05-23T00:23:09.622,116088,993,0.8,1.192,2.076,70.04,5000,154.09,1,17.91,0.0,0,0.0,0.0,0
2026-05-23T00:23:09.682,116192,816,0.658,0.979,1.438,70.04,5000,154.09,1,17.91,0.0,0,0.0,0.0,0
2026-05-23T00:23:09.807,116296,583,0.47,0.7,0.599,70.04,5000,154.09,1,17.91,0.0,0,0.0,0.0,0
2026-05-23T00:23:09.933,116400,588,0.474,0.706,0.617,70.04,5000,154.09,1,17.91,0.0,0,0.0,0.0,0
2026-05-23T00:23:09.995,116504,832,0.67,0.999,1.496,70.04,5000,154.09,1,17.91,0.0,0,0.0,0.0,0
2026-05-23T00:23:10.120,116608,1007,0.812,1.209,2.126,70.04,5000,154.09,1,17.91,0.0,0,0.0,0.0,0
2026-05-23T00:23:10.245,116712,923,0.744,1.108,1.824,70.04,5000,154.09,1,17.91,0.0,0,0.0,0.0,0
2026-05-23T00:23:10.307,116816,660,0.532,0.792,0.877,70.04,5000,154.09,1,17.91,0.0,0,0.0,0.0,0
2026-05-23T00:23:10.431,116920,557,0.449,0.669,0.506,70.04,5000,154.09,1,17.91,0.0,0,0.0,0.0,0
2026-05-23T00:23:10.556,117021,544,0.438,0.653,0.459,70.04,5000,154.09,1,20.31,0.0,0,0.0,0.0,0
2026-05-23T00:23:10.618,117125,789,0.636,0.947,1.341,70.04,5000,154.09,1,20.31,0.0,0,0.0,0.0,0
2026-05-23T00:23:10.743,117229,995,0.802,1.194,2.083,70.04,5000,154.09,1,20.31,0.0,0,0.0,0.0,0
2026-05-23T00:23:10.866,117333,958,0.772,1.15,1.95,70.04,5000,154.09,1,20.31,0.0,0,0.0,0.0,0
2026-05-23T00:23:10.930,117437,700,0.564,0.84,1.021,70.04,5000,154.09,1,20.31,0.0,0,0.0,0.0,0
2026-05-23T00:23:11.054,117541,550,0.443,0.66,0.481,70.04,5000,154.09,1,20.31,0.0,0,0.0,0.0,0
2026-05-23T00:23:11.179,117645,679,0.547,0.815,0.945,70.04,5000,154.09,1,20.31,0.0,0,0.0,0.0,0
2026-05-23T00:23:11.243,117749,943,0.76,1.132,1.896,70.04,5000,154.09,1,20.31,0.0,0,0.0,0.0,0
2026-05-23T00:23:11.368,117853,999,0.805,1.199,2.097,70.04,5000,154.09,1,20.31,0.0,0,0.0,0.0,0
2026-05-23T00:23:11.492,118003,695,0.56,0.834,1.003,70.04,5000,154.09,1,21.03,0.0,0,0.0,0.0,0
2026-05-23T00:23:11.617,118108,816,0.658,0.979,1.438,70.04,5000,154.09,1,21.03,0.0,0,0.0,0.0,0
2026-05-23T00:23:11.741,118212,1020,0.822,1.224,2.173,70.04,5000,154.09,1,21.03,0.0,0,0.0,0.0,0
2026-05-23T00:23:11.804,118316,945,0.762,1.134,1.903,70.04,5000,154.09,1,21.03,0.0,0,0.0,0.0,0
2026-05-23T00:23:11.927,118420,680,0.548,0.816,0.949,70.04,5000,154.09,1,21.03,0.0,0,0.0,0.0,0
2026-05-23T00:23:12.053,118524,556,0.448,0.667,0.502,70.04,5000,154.09,1,21.03,0.0,0,0.0,0.0,0
2026-05-23T00:23:12.115,118628,723,0.583,0.868,1.104,70.04,5000,154.09,1,21.03,0.0,0,0.0,0.0,0
2026-05-23T00:23:12.240,118732,971,0.782,1.166,1.997,70.04,5000,154.09,1,21.03,0.0,0,0.0,0.0,0
2026-05-23T00:23:12.361,118836,997,0.803,1.197,2.09,70.04,5000,154.09,1,21.03,0.0,0,0.0,0.0,0
2026-05-23T00:23:12.424,118940,769,0.62,0.923,1.269,70.04,5000,154.09,1,21.03,0.0,0,0.0,0.0,0
2026-05-23T00:23:12.548,119041,669,0.539,0.803,0.909,70.04,5000,154.09,1,21.03,0.0,0,0.0,0.0,0
2026-05-23T00:23:12.675,119145,551,0.444,0.661,0.484,70.04,5000,154.09,1,21.03,0.0,0,0.0,0.0,0
2026-05-23T00:23:12.736,119249,677,0.546,0.813,0.938,70.04,5000,154.09,1,21.03,0.0,0,0.0,0.0,0
2026-05-23T00:23:12.860,119353,945,0.762,1.134,1.903,70.04,5000,154.09,1,21.03,0.0,0,0.0,0.0,0
2026-05-23T00:23:12.984,119457,1011,0.815,1.214,2.141,70.04,5000,154.09,1,21.03,0.0,0,0.0,0.0,0
2026-05-23T00:23:13.047,119561,814,0.656,0.977,1.431,70.04,5000,154.09,1,21.03,0.0,0,0.0,0.0,0
2026-05-23T00:23:13.173,119665,580,0.467,0.696,0.589,70.04,5000,154.09,1,21.03,0.0,0,0.0,0.0,0
2026-05-23T00:23:13.297,119769,600,0.484,0.72,0.661,70.04,5000,154.09,1,21.03,0.0,0,0.0,0.0,0
2026-05-23T00:23:13.359,119873,856,0.69,1.027,1.582,70.04,5000,154.09,1,21.03,0.0,0,0.0,0.0,0
2026-05-23T00:23:13.546,120022,574,0.463,0.689,0.567,70.04,5000,154.09,1,20.99,0.0,0,0.0,0.0,0
2026-05-23T00:23:13.609,120127,554,0.446,0.665,0.495,70.04,5000,154.09,1,20.99,0.0,0,0.0,0.0,0
2026-05-23T00:23:13.734,120231,632,0.509,0.759,0.776,70.04,5000,154.09,1,20.99,0.0,0,0.0,0.0,0
2026-05-23T00:23:13.858,120335,915,0.737,1.098,1.795,70.04,5000,154.09,1,20.99,0.0,0,0.0,0.0,0
2026-05-23T00:23:13.921,120439,1022,0.824,1.227,2.18,70.04,5000,154.09,1,20.99,0.0,0,0.0,0.0,0
2026-05-23T00:23:14.043,120543,858,0.691,1.03,1.59,70.04,5000,154.09,1,20.99,0.0,0,0.0,0.0,0
2026-05-23T00:23:14.167,120647,595,0.479,0.714,0.643,70.04,5000,154.09,1,20.99,0.0,0,0.0,0.0,0
2026-05-23T00:23:14.230,120751,579,0.467,0.695,0.585,70.04,5000,154.09,1,20.99,0.0,0,0.0,0.0,0
2026-05-23T00:23:14.354,120855,816,0.658,0.979,1.438,70.04,5000,154.09,1,20.99,0.0,0,0.0,0.0,0
2026-05-23T00:23:14.477,120959,1015,0.818,1.218,2.155,70.04,5000,154.09,1,20.99,0.0,0,0.0,0.0,0
2026-05-23T00:23:14.540,121060,978,0.788,1.174,2.022,70.04,5000,154.09,1,21.02,0.0,0,0.0,0.0,0
2026-05-23T00:23:14.666,121164,904,0.728,1.085,1.755,70.04,5000,154.09,1,21.02,0.0,0,0.0,0.0,0
2026-05-23T00:23:14.790,121268,628,0.506,0.754,0.761,70.04,5000,154.09,1,21.02,0.0,0,0.0,0.0,0
2026-05-23T00:23:14.850,121372,566,0.456,0.679,0.538,70.04,5000,154.09,1,21.02,0.0,0,0.0,0.0,0
2026-05-23T00:23:14.977,121476,769,0.62,0.923,1.269,70.04,5000,154.09,1,21.02,0.0,0,0.0,0.0,0
2026-05-23T00:23:15.102,121580,997,0.803,1.197,2.09,70.04,5000,154.09,1,21.02,0.0,0,0.0,0.0,0
2026-05-23T00:23:15.163,121684,976,0.787,1.172,2.015,70.04,5000,154.09,1,21.02,0.0,0,0.0,0.0,0
2026-05-23T00:23:15.288,121788,719,0.579,0.863,1.089,70.04,5000,154.09,1,21.02,0.0,0,0.0,0.0,0
2026-05-23T00:23:15.411,121892,551,0.444,0.661,0.484,70.04,5000,154.09,1,21.02,0.0,0,0.0,0.0,0
2026-05-23T00:23:15.534,122042,978,0.788,1.174,2.022,70.04,5000,154.09,1,21.08,0.0,0,0.0,0.0,0
2026-05-23T00:23:15.658,122146,943,0.76,1.132,1.896,70.04,5000,154.09,1,21.08,0.0,0,0.0,0.0,0
2026-05-23T00:23:15.721,122250,669,0.539,0.803,0.909,70.04,5000,154.09,1,21.08,0.0,0,0.0,0.0,0
2026-05-23T00:23:15.845,122354,556,0.448,0.667,0.502,70.04,5000,154.09,1,21.08,0.0,0,0.0,0.0,0
2026-05-23T00:23:15.971,122458,730,0.588,0.876,1.129,70.04,5000,154.09,1,21.08,0.0,0,0.0,0.0,0
2026-05-23T00:23:16.032,122562,978,0.788,1.174,2.022,70.04,5000,154.09,1,21.08,0.0,0,0.0,0.0,0
2026-05-23T00:23:16.156,122666,998,0.804,1.198,2.094,70.04,5000,154.09,1,21.08,0.0,0,0.0,0.0,0
2026-05-23T00:23:16.281,122770,759,0.612,0.911,1.233,70.04,5000,154.09,1,21.08,0.0,0,0.0,0.0,0
2026-05-23T00:23:16.342,122874,564,0.455,0.677,0.531,70.04,5000,154.09,1,21.08,0.0,0,0.0,0.0,0
2026-05-23T00:23:16.469,122978,638,0.514,0.766,0.797,70.04,5000,154.09,1,21.08,0.0,0,0.0,0.0,0
2026-05-23T00:23:16.594,123079,655,0.528,0.786,0.859,70.04,5000,154.09,1,21.45,0.0,0,0.0,0.0,0
2026-05-23T00:23:16.659,123183,927,0.747,1.113,1.838,70.04,5000,154.09,1,21.45,0.0,0,0.0,0.0,0
2026-05-23T00:23:16.782,123287,988,0.796,1.186,2.058,70.04,5000,154.09,1,21.45,0.0,0,0.0,0.0,0
2026-05-23T00:23:16.905,123391,805,0.649,0.966,1.399,70.04,5000,154.09,1,21.45,0.0,0,0.0,0.0,0
2026-05-23T00:23:16.969,123495,580,0.467,0.696,0.589,70.04,5000,154.09,1,21.45,0.0,0,0.0,0.0,0
2026-05-23T00:23:17.093,123599,609,0.491,0.731,0.693,70.04,5000,154.09,1,21.45,0.0,0,0.0,0.0,0
2026-05-23T00:23:17.216,123703,865,0.697,1.038,1.615,70.04,5000,154.09,1,21.45,0.0,0,0.0,0.0,0
2026-05-23T00:23:17.279,123807,1010,0.814,1.212,2.137,70.04,5000,154.09,1,21.45,0.0,0,0.0,0.0,0
2026-05-23T00:23:17.405,123911,893,0.72,1.072,1.716,70.04,5000,154.09,1,21.45,0.0,0,0.0,0.0,0
2026-05-23T00:23:17.527,124061,874,0.704,1.049,1.647,70.04,5000,154.09,1,21.45,0.0,0,0.0,0.0,0
2026-05-23T00:23:17.651,124166,962,0.775,1.155,1.964,70.04,5000,154.09,1,21.45,0.0,0,0.0,0.0,0
2026-05-23T00:23:17.776,124270,983,0.792,1.18,2.04,70.04,5000,154.09,1,21.45,0.0,0,0.0,0.0,0
2026-05-23T00:23:17.840,124374,766,0.617,0.919,1.258,70.04,5000,154.09,1,21.45,0.0,0,0.0,0.0,0
2026-05-23T00:23:17.966,124478,572,0.461,0.687,0.56,70.04,5000,154.09,1,21.45,0.0,0,0.0,0.0,0
2026-05-23T00:23:18.090,124582,633,0.51,0.76,0.779,70.04,5000,154.09,1,21.45,0.0,0,0.0,0.0,0
2026-05-23T00:23:18.155,124686,891,0.718,1.069,1.708,70.04,5000,154.09,1,21.45,0.0,0,0.0,0.0,0
2026-05-23T00:23:18.276,124790,1008,0.812,1.21,2.13,70.04,5000,154.09,1,21.45,0.0,0,0.0,0.0,0
2026-05-23T00:23:18.402,124894,871,0.702,1.045,1.636,70.04,5000,154.09,1,21.45,0.0,0,0.0,0.0,0
2026-05-23T00:23:18.466,124998,628,0.506,0.754,0.761,70.04,5000,154.09,1,21.45,0.0,0,0.0,0.0,0
2026-05-23T00:23:18.588,125099,557,0.449,0.669,0.506,70.04,5000,154.09,1,21.44,0.0,0,0.0,0.0,0
2026-05-23T00:23:18.715,125203,598,0.482,0.718,0.653,70.04,5000,154.09,1,21.44,0.0,0,0.0,0.0,0
2026-05-23T00:23:18.777,125307,847,0.683,1.017,1.55,70.04,5000,154.09,1,21.44,0.0,0,0.0,0.0,0
2026-05-23T00:23:18.902,125411,1010,0.814,1.212,2.137,70.04,5000,154.09,1,21.44,0.0,0,0.0,0.0,0
2026-05-23T00:23:19.026,125515,912,0.735,1.095,1.784,70.04,5000,154.09,1,21.44,0.0,0,0.0,0.0,0
2026-05-23T00:23:19.089,125619,658,0.53,0.79,0.869,70.04,5000,154.09,1,21.44,0.0,0,0.0,0.0,0
2026-05-23T00:23:19.214,125723,572,0.461,0.687,0.56,70.04,5000,154.09,1,21.44,0.0,0,0.0,0.0,0
2026-05-23T00:23:19.276,125827,751,0.605,0.901,1.204,70.04,5000,154.09,1,21.44,0.0,0,0.0,0.0,0
2026-05-23T00:23:19.403,125931,972,0.783,1.167,2.0,70.04,5000,154.09,1,21.44,0.0,0,0.0,0.0,0
2026-05-23T00:23:19.587,126080,577,0.465,0.693,0.578,70.04,5000,154.09,1,21.44,0.0,0,0.0,0.0,0
2026-05-23T00:23:19.650,126185,585,0.471,0.702,0.607,70.04,5000,154.09,1,21.44,0.0,0,0.0,0.0,0
2026-05-23T00:23:19.776,126289,810,0.653,0.972,1.417,70.04,5000,154.09,1,21.44,0.0,0,0.0,0.0,0
2026-05-23T00:23:19.902,126393,1001,0.807,1.202,2.105,70.04,5000,154.09,1,21.44,0.0,0,0.0,0.0,0
2026-05-23T00:23:19.962,126497,948,0.764,1.138,1.914,70.04,5000,154.09,1,21.44,0.0,0,0.0,0.0,0
2026-05-23T00:23:20.087,126601,702,0.566,0.843,1.028,70.04,5000,154.09,1,21.44,0.0,0,0.0,0.0,0
2026-05-23T00:23:20.212,126705,563,0.454,0.676,0.527,70.04,5000,154.09,1,21.44,0.0,0,0.0,0.0,0
2026-05-23T00:23:20.273,126809,702,0.566,0.843,1.028,70.04,5000,154.09,1,21.44,0.0,0,0.0,0.0,0
2026-05-23T00:23:20.398,126913,945,0.762,1.134,1.903,70.04,5000,154.09,1,21.44,0.0,0,0.0,0.0,0
2026-05-23T00:23:20.523,127017,999,0.805,1.199,2.097,70.04,5000,154.09,1,21.44,0.0,0,0.0,0.0,0
2026-05-23T00:23:20.586,127118,924,0.745,1.109,1.827,70.04,5000,154.09,1,21.44,0.0,0,0.0,0.0,0
2026-05-23T00:23:20.707,127222,746,0.601,0.895,1.186,70.04,5000,154.09,1,21.44,0.0,0,0.0,0.0,0
2026-05-23T00:23:20.772,127326,567,0.457,0.681,0.542,70.04,5000,154.09,1,21.44,0.0,0,0.0,0.0,0
2026-05-23T00:23:20.895,127430,651,0.525,0.781,0.844,70.04,5000,154.09,1,21.44,0.0,0,0.0,0.0,0
2026-05-23T00:23:21.020,127534,908,0.732,1.09,1.77,70.04,5000,154.09,1,21.44,0.0,0,0.0,0.0,0
2026-05-23T00:23:21.083,127638,1005,0.81,1.206,2.119,70.04,5000,154.09,1,21.44,0.0,0,0.0,0.0,0
2026-05-23T00:23:21.208,127742,846,0.682,1.015,1.546,70.04,5000,154.09,1,21.44,0.0,0,0.0,0.0,0
2026-05-23T00:23:21.331,127846,603,0.486,0.724,0.671,70.04,5000,154.09,1,21.44,0.0,0,0.0,0.0,0
2026-05-23T00:23:21.391,127950,594,0.479,0.713,0.639,70.04,5000,154.09,1,21.44,0.0,0,0.0,0.0,0
2026-05-23T00:23:21.582,128100,839,0.676,1.007,1.521,70.04,5000,154.09,1,21.44,0.0,0,0.0,0.0,0
2026-05-23T00:23:21.704,128205,725,0.584,0.87,1.111,70.04,5000,154.09,1,21.44,0.0,0,0.0,0.0,0
2026-05-23T00:23:21.764,128309,560,0.451,0.672,0.517,70.04,5000,154.09,1,21.44,0.0,0,0.0,0.0,0
2026-05-23T00:23:21.891,128413,675,0.544,0.81,0.931,70.04,5000,154.09,1,21.44,0.0,0,0.0,0.0,0
2026-05-23T00:23:22.012,128517,924,0.745,1.109,1.827,70.04,5000,154.09,1,21.44,0.0,0,0.0,0.0,0
2026-05-23T00:23:22.075,128621,1001,0.807,1.202,2.105,70.04,5000,154.09,1,21.44,0.0,0,0.0,0.0,0
2026-05-23T00:23:22.201,128725,826,0.666,0.991,1.474,70.04,5000,154.09,1,21.44,0.0,0,0.0,0.0,0
2026-05-23T00:23:22.326,128829,595,0.479,0.714,0.643,70.04,5000,154.09,1,21.44,0.0,0,0.0,0.0,0
2026-05-23T00:23:22.388,128933,597,0.481,0.717,0.65,70.04,5000,154.09,1,21.44,0.0,0,0.0,0.0,0
2026-05-23T00:23:22.512,129037,829,0.668,0.995,1.485,70.04,5000,154.09,1,21.44,0.0,0,0.0,0.0,0
2026-05-23T00:23:22.636,129138,844,0.68,1.013,1.539,70.04,5000,154.09,1,21.44,0.0,0,0.0,0.0,0
2026-05-23T00:23:22.699,129242,1009,0.813,1.211,2.133,70.04,5000,154.09,1,21.44,0.0,0,0.0,0.0,0
2026-05-23T00:23:22.824,129346,882,0.711,1.059,1.676,70.04,5000,154.09,1,21.44,0.0,0,0.0,0.0,0
2026-05-23T00:23:22.946,129450,625,0.504,0.75,0.751,70.04,5000,154.09,1,21.44,0.0,0,0.0,0.0,0
2026-05-23T00:23:23.008,129554,583,0.47,0.7,0.599,70.04,5000,154.09,1,21.44,0.0,0,0.0,0.0,0
2026-05-23T00:23:23.132,129658,785,0.633,0.942,1.327,70.04,5000,154.09,1,21.44,0.0,0,0.0,0.0,0
2026-05-23T00:23:23.261,129762,992,0.799,1.191,2.072,70.04,5000,154.09,1,21.44,0.0,0,0.0,0.0,0
2026-05-23T00:23:23.322,129866,969,0.781,1.163,1.989,70.04,5000,154.09,1,21.44,0.0,0,0.0,0.0,0
2026-05-23T00:23:23.446,129970,717,0.578,0.861,1.082,70.04,5000,154.09,1,21.44,0.0,0,0.0,0.0,0
2026-05-23T00:23:23.571,130119,985,0.794,1.182,2.047,70.04,5000,154.09,1,21.43,0.0,0,0.0,0.0,0
2026-05-23T00:23:23.693,130224,999,0.805,1.199,2.097,70.04,5000,154.09,1,21.43,0.0,0,0.0,0.0,0
2026-05-23T00:23:23.818,130328,932,0.751,1.119,1.856,70.04,5000,154.09,1,21.43,0.0,0,0.0,0.0,0
2026-05-23T00:23:23.880,130432,673,0.542,0.808,0.923,70.04,5000,154.09,1,21.43,0.0,0,0.0,0.0,0
2026-05-23T00:23:24.004,130536,561,0.452,0.673,0.52,70.04,5000,154.09,1,21.43,0.0,0,0.0,0.0,0
2026-05-23T00:23:24.127,130640,720,0.58,0.864,1.093,70.04,5000,154.09,1,21.43,0.0,0,0.0,0.0,0
2026-05-23T00:23:24.191,130744,957,0.771,1.149,1.946,70.04,5000,154.09,1,21.43,0.0,0,0.0,0.0,0
2026-05-23T00:23:24.315,130848,979,0.789,1.175,2.025,70.04,5000,154.09,1,21.43,0.0,0,0.0,0.0,0
2026-05-23T00:23:24.439,130952,775,0.625,0.93,1.291,70.04,5000,154.09,1,21.43,0.0,0,0.0,0.0,0
2026-05-23T00:23:24.501,131056,575,0.463,0.69,0.571,70.04,5000,154.09,1,21.43,0.0,0,0.0,0.0,0
2026-05-23T00:23:24.627,131157,531,0.428,0.637,0.412,70.04,5000,154.09,1,21.44,0.0,0,0.0,0.0,0
2026-05-23T00:23:24.753,131261,673,0.542,0.808,0.923,70.04,5000,154.09,1,21.44,0.0,0,0.0,0.0,0
2026-05-23T00:23:24.816,131365,927,0.747,1.113,1.838,70.04,5000,154.09,1,21.44,0.0,0,0.0,0.0,0
2026-05-23T00:23:24.939,131469,998,0.804,1.198,2.094,70.04,5000,154.09,1,21.44,0.0,0,0.0,0.0,0
2026-05-23T00:23:25.065,131573,824,0.664,0.989,1.467,70.04,5000,154.09,1,21.44,0.0,0,0.0,0.0,0
2026-05-23T00:23:25.126,131677,592,0.477,0.711,0.632,70.04,5000,154.09,1,21.44,0.0,0,0.0,0.0,0
2026-05-23T00:23:25.249,131781,595,0.479,0.714,0.643,70.04,5000,154.09,1,21.44,0.0,0,0.0,0.0,0
2026-05-23T00:23:25.374,131885,822,0.662,0.987,1.46,70.04,5000,154.09,1,21.44,0.0,0,0.0,0.0,0
2026-05-23T00:23:25.436,131989,1002,0.807,1.203,2.108,70.04,5000,154.09,1,21.44,0.0,0,0.0,0.0,0
2026-05-23T00:23:25.621,132139,594,0.479,0.713,0.639,70.04,5000,154.09,1,21.44,0.0,0,0.0,0.0,0
2026-05-23T00:23:25.682,132243,611,0.492,0.733,0.7,70.04,5000,154.09,1,21.44,0.0,0,0.0,0.0,0
2026-05-23T00:23:25.806,132347,871,0.702,1.045,1.636,70.04,5000,154.09,1,21.44,0.0,0,0.0,0.0,0
2026-05-23T00:23:25.933,132451,997,0.803,1.197,2.09,70.04,5000,154.09,1,21.44,0.0,0,0.0,0.0,0
2026-05-23T00:23:25.994,132555,882,0.711,1.059,1.676,70.04,5000,154.09,1,21.44,0.0,0,0.0,0.0,0
2026-05-23T00:23:26.119,132659,627,0.505,0.753,0.758,70.04,5000,154.09,1,21.44,0.0,0,0.0,0.0,0
2026-05-23T00:23:26.245,132763,573,0.462,0.688,0.563,70.04,5000,154.09,1,21.44,0.0,0,0.0,0.0,0
2026-05-23T00:23:26.305,132867,762,0.614,0.915,1.244,70.04,5000,154.09,1,21.44,0.0,0,0.0,0.0,0
2026-05-23T00:23:26.431,132971,980,0.79,1.176,2.029,70.04,5000,154.09,1,21.44,0.0,0,0.0,0.0,0
2026-05-23T00:23:26.554,133075,961,0.774,1.154,1.961,70.04,5000,154.09,1,21.44,0.0,0,0.0,0.0,0
2026-05-23T00:23:26.617,133177,817,0.658,0.981,1.442,70.04,5000,154.09,1,21.43,0.0,0,0.0,0.0,0
2026-05-23T00:23:26.741,133281,612,0.493,0.735,0.704,70.04,5000,154.09,1,21.43,0.0,0,0.0,0.0,0
2026-05-23T00:23:26.865,133385,583,0.47,0.7,0.599,70.04,5000,154.09,1,21.43,0.0,0,0.0,0.0,0
2026-05-23T00:23:26.927,133489,780,0.629,0.936,1.309,70.04,5000,154.09,1,21.43,0.0,0,0.0,0.0,0
2026-05-23T00:23:27.053,133593,985,0.794,1.182,2.047,70.04,5000,154.09,1,21.43,0.0,0,0.0,0.0,0
2026-05-23T00:23:27.177,133697,955,0.77,1.146,1.939,70.04,5000,154.09,1,21.43,0.0,0,0.0,0.0,0
2026-05-23T00:23:27.240,133801,712,0.574,0.855,1.064,70.04,5000,154.09,1,21.43,0.0,0,0.0,0.0,0
2026-05-23T00:23:27.365,133905,558,0.45,0.67,0.509,70.04,5000,154.09,1,21.43,0.0,0,0.0,0.0,0
2026-05-23T00:23:27.488,134009,672,0.542,0.807,0.92,70.04,5000,154.09,1,21.43,0.0,0,0.0,0.0,0
2026-05-23T00:23:27.614,134148,798,0.643,0.958,1.374,70.04,5000,154.09,1,21.43,0.0,0,0.0,0.0,0
2026-05-23T00:23:27.675,134253,895,0.721,1.074,1.723,70.04,5000,154.09,1,21.43,0.0,0,0.0,0.0,0
2026-05-23T00:23:27.801,134357,1000,0.806,1.2,2.101,70.04,5000,154.09,1,21.43,0.0,0,0.0,0.0,0
2026-05-23T00:23:27.925,134461,844,0.68,1.013,1.539,70.04,5000,154.09,1,21.43,0.0,0,0.0,0.0,0
2026-05-23T00:23:27.989,134565,611,0.492,0.733,0.7,70.04,5000,154.09,1,21.43,0.0,0,0.0,0.0,0
2026-05-23T00:23:28.112,134669,581,0.468,0.697,0.592,70.04,5000,154.09,1,21.43,0.0,0,0.0,0.0,0
2026-05-23T00:23:28.236,134773,802,0.646,0.963,1.388,70.04,5000,154.09,1,21.43,0.0,0,0.0,0.0,0
2026-05-23T00:23:28.298,134877,992,0.799,1.191,2.072,70.04,5000,154.09,1,21.43,0.0,0,0.0,0.0,0
2026-05-23T00:23:28.423,134981,938,0.756,1.126,1.878,70.04,5000,154.09,1,21.43,0.0,0,0.0,0.0,0
2026-05-23T00:23:28.548,135085,692,0.558,0.831,0.992,70.04,5000,154.09,1,21.43,0.0,0,0.0,0.0,0
2026-05-23T00:23:28.612,135186,601,0.484,0.721,0.664,70.04,5000,154.09,1,21.43,0.0,0,0.0,0.0,0
2026-05-23T00:23:28.734,135290,571,0.46,0.685,0.556,70.04,5000,154.09,1,21.43,0.0,0,0.0,0.0,0
2026-05-23T00:23:28.862,135394,746,0.601,0.895,1.186,70.04,5000,154.09,1,21.43,0.0,0,0.0,0.0,0
2026-05-23T00:23:28.922,135498,974,0.785,1.169,2.007,70.04,5000,154.09,1,21.43,0.0,0,0.0,0.0,0
2026-05-23T00:23:29.046,135602,971,0.782,1.166,1.997,70.04,5000,154.09,1,21.43,0.0,0,0.0,0.0,0
2026-05-23T00:23:29.172,135706,740,0.596,0.888,1.165,70.04,5000,154.09,1,21.43,0.0,0,0.0,0.0,0
2026-05-23T00:23:29.234,135810,566,0.456,0.679,0.538,70.04,5000,154.09,1,21.43,0.0,0,0.0,0.0,0
2026-05-23T00:23:29.360,135914,640,0.516,0.768,0.805,70.04,5000,154.09,1,21.43,0.0,0,0.0,0.0,0
2026-05-23T00:23:29.484,136018,897,0.723,1.077,1.73,70.04,5000,154.09,1,21.43,0.0,0,0.0,0.0,0
2026-05-23T00:23:29.608,136168,559,0.45,0.671,0.513,70.04,5000,154.09,1,21.44,0.0,0,0.0,0.0,0
2026-05-23T00:23:29.732,136272,558,0.45,0.67,0.509,70.04,5000,154.09,1,21.44,0.0,0,0.0,0.0,0
2026-05-23T00:23:29.795,136376,691,0.557,0.829,0.988,70.04,5000,154.09,1,21.44,0.0,0,0.0,0.0,0
2026-05-23T00:23:29.920,136480,933,0.752,1.12,1.86,70.04,5000,154.09,1,21.44,0.0,0,0.0,0.0,0
2026-05-23T00:23:30.047,136584,984,0.793,1.181,2.043,70.04,5000,154.09,1,21.44,0.0,0,0.0,0.0,0
2026-05-23T00:23:30.107,136688,795,0.641,0.954,1.363,70.04,5000,154.09,1,21.44,0.0,0,0.0,0.0,0
2026-05-23T00:23:30.232,136792,579,0.467,0.695,0.585,70.04,5000,154.09,1,21.44,0.0,0,0.0,0.0,0
2026-05-23T00:23:30.357,136896,604,0.487,0.725,0.675,70.04,5000,154.09,1,21.44,0.0,0,0.0,0.0,0
2026-05-23T00:23:30.418,137000,853,0.687,1.024,1.572,70.04,5000,154.09,1,21.44,0.0,0,0.0,0.0,0
2026-05-23T00:23:30.545,137104,1005,0.81,1.206,2.119,70.04,5000,154.09,1,21.44,0.0,0,0.0,0.0,0
2026-05-23T00:23:30.667,137205,952,0.767,1.143,1.928,70.04,5000,154.09,1,21.44,0.0,0,0.0,0.0,0
2026-05-23T00:23:30.731,137309,851,0.686,1.021,1.564,70.04,5000,154.09,1,21.44,0.0,0,0.0,0.0,0
2026-05-23T00:23:30.857,137413,606,0.488,0.727,0.682,70.04,5000,154.09,1,21.44,0.0,0,0.0,0.0,0
2026-05-23T00:23:30.979,137517,581,0.468,0.697,0.592,70.04,5000,154.09,1,21.44,0.0,0,0.0,0.0,0
2026-05-23T00:23:31.041,137621,799,0.644,0.959,1.377,70.04,5000,154.09,1,21.44,0.0,0,0.0,0.0,0
2026-05-23T00:23:31.166,137725,995,0.802,1.194,2.083,70.04,5000,154.09,1,21.44,0.0,0,0.0,0.0,0
2026-05-23T00:23:31.287,137829,952,0.767,1.143,1.928,70.04,5000,154.09,1,21.44,0.0,0,0.0,0.0,0
2026-05-23T00:23:31.350,137933,698,0.562,0.838,1.013,70.04,5000,154.09,1,21.44,0.0,0,0.0,0.0,0
2026-05-23T00:23:31.476,138037,563,0.454,0.676,0.527,70.04,5000,154.09,1,21.44,0.0,0,0.0,0.0,0
2026-05-23T00:23:31.599,138187,948,0.764,1.138,1.914,70.04,5000,154.09,1,21.44,0.0,0,0.0,0.0,0
2026-05-23T00:23:31.723,138292,841,0.678,1.009,1.528,70.04,5000,154.09,1,21.44,0.0,0,0.0,0.0,0
2026-05-23T00:23:31.848,138396,608,0.49,0.73,0.689,70.04,5000,154.09,1,21.44,0.0,0,0.0,0.0,0
2026-05-23T00:23:31.910,138500,589,0.475,0.707,0.621,70.04,5000,154.09,1,21.44,0.0,0,0.0,0.0,0
2026-05-23T00:23:32.036,138604,816,0.658,0.979,1.438,70.04,5000,154.09,1,21.44,0.0,0,0.0,0.0,0
2026-05-23T00:23:32.160,138708,1006,0.811,1.208,2.123,70.04,5000,154.09,1,21.44,0.0,0,0.0,0.0,0
2026-05-23T00:23:32.223,138812,945,0.762,1.134,1.903,70.04,5000,154.09,1,21.44,0.0,0,0.0,0.0,0
2026-05-23T00:23:32.347,138916,690,0.556,0.828,0.985,70.04,5000,154.09,1,21.44,0.0,0,0.0,0.0,0
2026-05-23T00:23:32.472,139020,561,0.452,0.673,0.52,70.04,5000,154.09,1,21.44,0.0,0,0.0,0.0,0
2026-05-23T00:23:32.533,139124,706,0.569,0.847,1.042,70.04,5000,154.09,1,21.44,0.0,0,0.0,0.0,0
2026-05-23T00:23:32.659,139230,964,0.777,1.157,1.971,70.04,5000,154.09,1,21.44,0.0,0,0.0,0.0,0
2026-05-23T00:23:32.782,139334,903,0.728,1.084,1.752,70.04,5000,154.09,1,21.44,0.0,0,0.0,0.0,0
2026-05-23T00:23:32.843,139438,654,0.527,0.785,0.855,70.04,5000,154.09,1,21.44,0.0,0,0.0,0.0,0
2026-05-23T00:23:32.968,139542,572,0.461,0.687,0.56,70.04,5000,154.09,1,21.44,0.0,0,0.0,0.0,0
2026-05-23T00:23:33.093,139646,747,0.602,0.897,1.19,70.04,5000,154.09,1,21.44,0.0,0,0.0,0.0,0
2026-05-23T00:23:33.153,139750,975,0.786,1.17,2.011,70.04,5000,154.09,1,21.44,0.0,0,0.0,0.0,0
2026-05-23T00:23:33.279,139854,978,0.788,1.174,2.022,70.04,5000,154.09,1,21.44,0.0,0,0.0,0.0,0
2026-05-23T00:23:33.404,139958,753,0.607,0.904,1.212,70.04,5000,154.09,1,21.44,0.0,0,0.0,0.0,0
2026-05-23T00:23:33.466,140062,560,0.451,0.672,0.517,70.04,5000,154.09,1,21.44,0.0,0,0.0,0.0,0
2026-05-23T00:23:33.657,140197,575,0.463,0.69,0.571,70.04,5000,154.09,1,21.44,0.0,0,0.0,0.0,0
2026-05-23T00:23:33.716,140301,617,0.497,0.741,0.722,70.04,5000,154.09,1,21.44,0.0,0,0.0,0.0,0
2026-05-23T00:23:33.841,140405,587,0.473,0.705,0.614,70.04,5000,154.09,1,21.44,0.0,0,0.0,0.0,0
2026-05-23T00:23:33.970,140509,793,0.639,0.952,1.356,70.04,5000,154.09,1,21.44,0.0,0,0.0,0.0,0
2026-05-23T00:23:34.030,140613,993,0.8,1.192,2.076,70.04,5000,154.09,1,21.44,0.0,0,0.0,0.0,0
2026-05-23T00:23:34.155,140717,959,0.773,1.151,1.953,70.04,5000,154.09,1,21.44,0.0,0,0.0,0.0,0
2026-05-23T00:23:34.216,140821,712,0.574,0.855,1.064,70.04,5000,154.09,1,21.44,0.0,0,0.0,0.0,0
2026-05-23T00:23:34.341,140925,562,0.453,0.675,0.524,70.04,5000,154.09,1,21.44,0.0,0,0.0,0.0,0
2026-05-23T00:23:34.467,141029,684,0.551,0.821,0.963,70.04,5000,154.09,1,21.44,0.0,0,0.0,0.0,0
2026-05-23T00:23:34.529,141133,933,0.752,1.12,1.86,70.04,5000,154.09,1,21.44,0.0,0,0.0,0.0,0
2026-05-23T00:23:34.651,141234,930,0.749,1.116,1.849,70.04,5000,154.09,1,21.43,0.0,0,0.0,0.0,0
2026-05-23T00:23:34.775,141338,981,0.791,1.178,2.033,70.04,5000,154.09,1,21.43,0.0,0,0.0,0.0,0
2026-05-23T00:23:34.837,141442,756,0.609,0.907,1.222,70.04,5000,154.09,1,21.43,0.0,0,0.0,0.0,0
2026-05-23T00:23:34.962,141546,565,0.455,0.678,0.535,70.04,5000,154.09,1,21.43,0.0,0,0.0,0.0,0
2026-05-23T00:23:35.087,141650,624,0.503,0.749,0.747,70.04,5000,154.09,1,21.43,0.0,0,0.0,0.0,0
2026-05-23T00:23:35.149,141754,885,0.713,1.062,1.687,70.04,5000,154.09,1,21.43,0.0,0,0.0,0.0,0
2026-05-23T00:23:35.274,141858,1012,0.816,1.215,2.144,70.04,5000,154.09,1,21.43,0.0,0,0.0,0.0,0
2026-05-23T00:23:35.397,141962,868,0.699,1.042,1.626,70.04,5000,154.09,1,21.43,0.0,0,0.0,0.0,0
2026-05-23T00:23:35.460,142066,618,0.498,0.742,0.725,70.04,5000,154.09,1,21.43,0.0,0,0.0,0.0,0
2026-05-23T00:23:35.646,142216,1007,0.812,1.209,2.126,70.04,5000,154.09,1,21.44,0.0,0,0.0,0.0,0
2026-05-23T00:23:35.771,142321,965,0.778,1.158,1.975,70.04,5000,154.09,1,21.44,0.0,0,0.0,0.0,0
2026-05-23T00:23:35.833,142425,741,0.597,0.889,1.168,70.04,5000,154.09,1,21.44,0.0,0,0.0,0.0,0
2026-05-23T00:23:35.959,142529,564,0.455,0.677,0.531,70.04,5000,154.09,1,21.44,0.0,0,0.0,0.0,0
2026-05-23T00:23:36.083,142633,653,0.526,0.784,0.851,70.04,5000,154.09,1,21.44,0.0,0,0.0,0.0,0
2026-05-23T00:23:36.146,142737,910,0.733,1.092,1.777,70.04,5000,154.09,1,21.44,0.0,0,0.0,0.0,0
2026-05-23T00:23:36.269,142841,1010,0.814,1.212,2.137,70.04,5000,154.09,1,21.44,0.0,0,0.0,0.0,0
2026-05-23T00:23:36.392,142945,844,0.68,1.013,1.539,70.04,5000,154.09,1,21.44,0.0,0,0.0,0.0,0
2026-05-23T00:23:36.455,143049,599,0.483,0.719,0.657,70.04,5000,154.09,1,21.44,0.0,0,0.0,0.0,0
2026-05-23T00:23:36.579,143153,582,0.469,0.699,0.596,70.04,5000,154.09,1,21.44,0.0,0,0.0,0.0,0
2026-05-23T00:23:36.643,143254,578,0.466,0.694,0.581,70.04,5000,154.09,1,22.67,0.0,0,0.0,0.0,0
2026-05-23T00:23:36.770,143358,873,0.704,1.048,1.644,70.04,5000,154.09,1,22.67,0.0,0,0.0,0.0,0
2026-05-23T00:23:36.893,143462,1020,0.822,1.224,2.173,70.04,5000,154.09,1,22.67,0.0,0,0.0,0.0,0
2026-05-23T00:23:36.957,143566,911,0.734,1.094,1.781,70.04,5000,154.09,1,22.67,0.0,0,0.0,0.0,0
2026-05-23T00:23:37.082,143670,639,0.515,0.767,0.801,70.04,5000,154.09,1,22.67,0.0,0,0.0,0.0,0
2026-05-23T00:23:37.205,143774,561,0.452,0.673,0.52,70.04,5000,154.09,1,22.67,0.0,0,0.0,0.0,0
2026-05-23T00:23:37.266,143878,758,0.611,0.91,1.23,70.04,5000,154.09,1,22.67,0.0,0,0.0,0.0,0
2026-05-23T00:23:37.390,143982,988,0.796,1.186,2.058,70.04,5000,154.09,1,22.67,0.0,0,0.0,0.0,0
2026-05-23T00:23:37.518,144086,990,0.798,1.188,2.065,70.04,5000,154.09,1,22.67,0.0,0,0.0,0.0,0
2026-05-23T00:23:37.641,144236,765,0.616,0.918,1.255,70.04,5000,154.09,1,26.53,0.0,0,0.0,0.0,0
2026-05-23T00:23:37.769,144340,811,0.654,0.973,1.42,70.04,5000,154.09,1,26.53,0.0,0,0.0,0.0,0
2026-05-23T00:23:37.830,144444,1034,0.833,1.241,2.223,70.04,5000,154.09,1,26.53,0.0,0,0.0,0.0,0
2026-05-23T00:23:37.955,144548,970,0.782,1.164,1.993,70.04,5000,154.09,1,26.53,0.0,0,0.0,0.0,0
2026-05-23T00:23:38.077,144652,688,0.554,0.826,0.977,70.04,5000,154.09,1,26.53,0.0,0,0.0,0.0,0
2026-05-23T00:23:38.141,144756,543,0.438,0.652,0.455,70.04,5000,154.09,1,26.53,0.0,0,0.0,0.0,0
2026-05-23T00:23:38.264,144860,696,0.561,0.835,1.006,70.04,5000,154.09,1,26.53,0.0,0,0.0,0.0,0
2026-05-23T00:23:38.389,144964,973,0.784,1.168,2.004,70.04,5000,154.09,1,26.53,0.0,0,0.0,0.0,0
2026-05-23T00:23:38.453,145068,1020,0.822,1.224,2.173,70.04,5000,154.09,1,26.53,0.0,0,0.0,0.0,0
2026-05-23T00:23:38.576,145172,807,0.65,0.969,1.406,70.04,5000,154.09,1,26.53,0.0,0,0.0,0.0,0
2026-05-23T00:23:38.700,145273,693,0.558,0.832,0.995,70.04,5000,154.09,1,31.76,0.039,0,0.0,0.0,0
2026-05-23T00:23:38.763,145377,533,0.43,0.64,0.419,70.04,5000,154.09,1,31.76,0.039,0,0.0,0.0,0
2026-05-23T00:23:38.888,145481,633,0.51,0.76,0.779,70.04,5000,154.09,1,31.76,0.039,0,0.0,0.0,0
2026-05-23T00:23:39.011,145585,941,0.758,1.13,1.889,70.04,5000,154.09,1,31.76,0.039,0,0.0,0.0,0
2026-05-23T00:23:39.071,145689,1053,0.849,1.264,2.292,70.04,5000,154.09,1,31.76,0.039,0,0.0,0.0,0
2026-05-23T00:23:39.197,145793,861,0.694,1.033,1.6,70.04,5000,154.09,1,31.76,0.039,0,0.0,0.0,0
2026-05-23T00:23:39.321,145897,577,0.465,0.693,0.578,70.04,5000,154.09,1,31.76,0.039,0,0.0,0.0,0
2026-05-23T00:23:39.382,146001,566,0.456,0.679,0.538,70.04,5000,154.09,1,31.76,0.039,0,0.0,0.0,0
2026-05-23T00:23:39.506,146105,822,0.662,0.987,1.46,70.04,5000,154.09,1,31.76,0.039,0,0.0,0.0,0
2026-05-23T00:23:39.695,146255,564,0.455,0.677,0.531,70.04,5000,154.09,1,38.05,0.061,2,0.856,0.0,0
2026-05-23T00:23:39.755,146360,519,0.418,0.623,0.369,70.04,5000,154.09,1,38.05,0.061,2,0.856,0.0,0
2026-05-23T00:23:39.880,146464,639,0.515,0.767,0.801,70.04,5000,154.09,1,38.05,0.061,2,0.856,0.0,0
2026-05-23T00:23:40.004,146568,946,0.762,1.136,1.907,70.04,5000,154.09,1,38.05,0.061,2,0.856,0.0,0
2026-05-23T00:23:40.065,146673,1018,0.82,1.222,2.166,70.04,5000,154.09,1,38.05,0.061,2,0.856,0.0,0
2026-05-23T00:23:40.190,146778,674,0.543,0.809,0.927,70.04,5000,154.09,1,38.05,0.061,2,0.856,0.0,0
2026-05-23T00:23:40.315,146882,529,0.426,0.635,0.405,70.04,5000,154.09,1,38.05,0.061,2,0.856,0.0,0
2026-05-23T00:23:40.377,146986,704,0.567,0.845,1.035,70.04,5000,154.09,1,38.05,0.061,2,0.856,0.0,0
2026-05-23T00:23:40.502,147090,985,0.794,1.182,2.047,70.04,5000,154.09,1,38.05,0.061,2,0.856,0.0,0
2026-05-23T00:23:40.627,147195,993,0.8,1.192,2.076,70.04,5000,154.09,1,38.05,0.061,2,0.856,0.0,0
2026-05-23T00:23:40.689,147303,478,0.385,0.574,0.221,70.04,5000,154.09,1,39.44,0.06,2,0.839,0.0,0
2026-05-23T00:23:40.813,147407,687,0.554,0.825,0.974,70.04,5000,154.09,1,39.44,0.06,2,0.839,0.0,0
2026-05-23T00:23:40.938,147511,971,0.782,1.166,1.997,70.04,5000,154.09,1,39.44,0.06,2,0.839,0.0,0
2026-05-23T00:23:41.003,147616,999,0.805,1.199,2.097,70.04,5000,154.09,1,39.44,0.06,2,0.839,0.0,0
2026-05-23T00:23:41.129,147721,622,0.501,0.747,0.74,70.04,5000,154.09,1,39.44,0.06,2,0.839,0.0,0
2026-05-23T00:23:41.251,147825,534,0.43,0.641,0.423,70.04,5000,154.09,1,39.44,0.06,2,0.839,0.0,0
2026-05-23T00:23:41.311,147929,739,0.596,0.887,1.161,70.04,5000,154.09,1,39.44,0.06,2,0.839,0.0,0
2026-05-23T00:23:41.437,148033,1007,0.812,1.209,2.126,70.04,5000,154.09,1,39.44,0.06,2,0.839,0.0,0
2026-05-23T00:23:41.563,148138,961,0.774,1.154,1.961,70.04,5000,154.09,1,39.44,0.06,2,0.839,0.0,0
2026-05-23T00:23:41.686,148275,735,0.592,0.882,1.147,70.04,5000,154.09,1,39.46,0.06,2,0.839,0.0,0
2026-05-23T00:23:41.810,148380,850,0.685,1.02,1.561,70.04,5000,154.09,1,39.46,0.06,2,0.839,0.0,0
2026-05-23T00:23:41.873,148485,527,0.425,0.633,0.398,70.04,5000,154.09,1,39.46,0.06,2,0.839,0.0,0
2026-05-23T00:23:41.997,148589,591,0.476,0.709,0.628,70.04,5000,154.09,1,39.46,0.06,2,0.839,0.0,0
2026-05-23T00:23:42.122,148693,906,0.73,1.087,1.762,70.04,5000,154.09,1,39.46,0.06,2,0.839,0.0,0
2026-05-23T00:23:42.184,148798,1032,0.832,1.239,2.216,70.04,5000,154.09,1,39.46,0.06,2,0.839,0.0,0
2026-05-23T00:23:42.309,148903,720,0.58,0.864,1.093,70.04,5000,154.09,1,39.46,0.06,2,0.839,0.0,0
2026-05-23T00:23:42.434,149007,525,0.423,0.63,0.391,70.04,5000,154.09,1,39.46,0.06,2,0.839,0.0,0
2026-05-23T00:23:42.496,149111,637,0.513,0.765,0.794,70.04,5000,154.09,1,39.46,0.06,2,0.839,0.0,0
2026-05-23T00:23:42.621,149215,950,0.766,1.14,1.921,70.04,5000,154.09,1,39.46,0.06,2,0.839,0.0,0
2026-05-23T00:23:42.749,149322,856,0.69,1.027,1.582,70.04,5000,154.09,1,39.46,0.06,2,0.839,0.0,0
2026-05-23T00:23:42.809,149427,546,0.44,0.655,0.466,70.04,5000,154.09,1,39.46,0.06,2,0.839,0.0,0
2026-05-23T00:23:42.933,149531,561,0.452,0.673,0.52,70.04,5000,154.09,1,39.46,0.06,2,0.839,0.0,0
2026-05-23T00:23:43.058,149635,864,0.696,1.037,1.611,70.04,5000,154.09,1,39.46,0.06,2,0.839,0.0,0
2026-05-23T00:23:43.119,149740,1062,0.856,1.275,2.324,70.04,5000,154.09,1,39.46,0.06,2,0.839,0.0,0
2026-05-23T00:23:43.245,149845,767,0.618,0.921,1.262,70.04,5000,154.09,1,39.46,0.06,2,0.839,0.0,0
2026-05-23T00:23:43.370,149949,519,0.418,0.623,0.369,70.04,5000,154.09,1,39.46,0.06,2,0.839,0.0,0
2026-05-23T00:23:43.432,150053,586,0.472,0.703,0.61,70.04,5000,154.09,1,39.46,0.06,2,0.839,0.0,0
2026-05-23T00:23:43.557,150157,913,0.736,1.096,1.788,70.04,5000,154.09,1,39.46,0.06,2,0.839,0.0,0
2026-05-23T00:23:43.684,150294,1061,0.855,1.274,2.321,70.04,5000,154.09,1,42.81,0.059,2,0.786,0.0,0
2026-05-23T00:23:43.804,150399,1003,0.808,1.204,2.112,70.04,5000,154.09,1,42.81,0.059,2,0.786,0.0,0
2026-05-23T00:23:43.867,150504,1007,0.812,1.209,2.126,70.04,5000,154.09,1,42.81,0.059,2,0.786,0.0,0
2026-05-23T00:23:43.990,150609,604,0.487,0.725,0.675,70.04,5000,154.09,1,42.81,0.059,2,0.786,0.0,0
2026-05-23T00:23:44.115,150713,503,0.405,0.604,0.311,70.04,5000,154.09,1,42.81,0.059,2,0.786,0.0,0
2026-05-23T00:23:44.177,150817,749,0.604,0.899,1.197,70.04,5000,154.09,1,42.81,0.059,2,0.786,0.0,0
2026-05-23T00:23:44.301,150921,1039,0.837,1.247,2.241,70.04,5000,154.09,1,42.81,0.059,2,0.786,0.0,0
2026-05-23T00:23:44.425,151026,964,0.777,1.157,1.971,70.04,5000,154.09,1,42.81,0.059,2,0.786,0.0,0
2026-05-23T00:23:44.551,151131,556,0.448,0.667,0.502,70.04,5000,154.09,1,42.81,0.059,2,0.786,0.0,0
2026-05-23T00:23:44.615,151235,525,0.423,0.63,0.391,70.04,5000,154.09,1,42.81,0.059,2,0.786,0.0,0
2026-05-23T00:23:44.738,151342,999,0.805,1.199,2.097,70.04,5000,154.09,1,47.64,0.058,2,0.719,0.0,0
2026-05-23T00:23:44.864,151447,991,0.799,1.19,2.069,70.04,5000,154.09,1,47.64,0.058,2,0.719,0.0,0
2026-05-23T00:23:44.926,151552,570,0.459,0.684,0.553,70.04,5000,154.09,1,47.64,0.058,2,0.719,0.0,0
2026-05-23T00:23:45.049,151656,508,0.409,0.61,0.329,70.04,5000,154.09,1,47.64,0.058,2,0.719,0.0,0
2026-05-23T00:23:45.174,151760,795,0.641,0.954,1.363,70.04,5000,154.09,1,47.64,0.058,2,0.719,0.0,0
2026-05-23T00:23:45.237,151864,1078,0.869,1.294,2.382,70.04,5000,154.09,1,47.64,0.058,2,0.719,0.0,0
2026-05-23T00:23:45.362,151969,954,0.769,1.145,1.935,70.04,5000,154.09,1,47.64,0.058,2,0.719,0.0,0
2026-05-23T00:23:45.486,152074,527,0.425,0.633,0.398,70.04,5000,154.09,1,47.64,0.058,2,0.719,0.0,0
2026-05-23T00:23:45.550,152178,523,0.421,0.628,0.383,70.04,5000,154.09,1,47.64,0.058,2,0.719,0.0,0
2026-05-23T00:23:45.671,152314,651,0.525,0.781,0.844,70.04,5000,154.09,1,55.21,0.06,2,0.599,0.0,0
2026-05-23T00:23:45.797,152419,529,0.426,0.635,0.405,70.04,5000,154.09,1,55.21,0.06,2,0.599,0.0,0
2026-05-23T00:23:45.919,152523,888,0.716,1.066,1.698,70.04,5000,154.09,1,55.21,0.06,2,0.599,0.0,0
2026-05-23T00:23:46.043,152628,1102,0.888,1.323,2.468,70.04,5000,154.09,1,55.21,0.06,2,0.599,0.0,0
2026-05-23T00:23:46.106,152733,778,0.627,0.934,1.302,70.04,5000,154.09,1,55.21,0.06,2,0.599,0.0,0
2026-05-23T00:23:46.231,152837,472,0.38,0.567,0.2,70.04,5000,154.09,1,55.21,0.06,2,0.599,0.0,0
2026-05-23T00:23:46.354,152941,560,0.451,0.672,0.517,70.04,5000,154.09,1,55.21,0.06,2,0.599,0.0,0
2026-05-23T00:23:46.416,153045,942,0.759,1.131,1.892,70.04,5000,154.09,1,55.21,0.06,2,0.599,0.0,0
2026-05-23T00:23:46.540,153150,1097,0.884,1.317,2.45,70.04,5000,154.09,1,55.21,0.06,2,0.599,0.0,0
2026-05-23T00:23:46.665,153255,719,0.579,0.863,1.089,70.04,5000,154.09,1,55.21,0.06,2,0.599,0.0,0
2026-05-23T00:23:46.727,153362,513,0.413,0.616,0.347,70.04,5000,154.09,1,61.84,0.062,2,0.518,0.0,0
2026-05-23T00:23:46.850,153466,923,0.744,1.108,1.824,70.04,5000,154.09,1,61.84,0.062,2,0.518,0.0,0
2026-05-23T00:23:46.976,153571,1109,0.894,1.331,2.493,70.04,5000,154.09,1,61.84,0.062,2,0.518,0.0,0
2026-05-23T00:23:47.036,153676,735,0.592,0.882,1.147,70.04,5000,154.09,1,61.84,0.062,2,0.518,0.0,0
2026-05-23T00:23:47.163,153780,446,0.359,0.535,0.106,70.04,5000,154.09,1,61.84,0.062,2,0.518,0.0,0
2026-05-23T00:23:47.286,153884,591,0.476,0.709,0.628,70.04,5000,154.09,1,61.84,0.062,2,0.518,0.0,0
2026-05-23T00:23:47.347,153988,973,0.784,1.168,2.004,70.04,5000,154.09,1,61.84,0.062,2,0.518,0.0,0
2026-05-23T00:23:47.471,154093,1097,0.884,1.317,2.45,70.04,5000,154.09,1,61.84,0.062,2,0.518,0.0,0
2026-05-23T00:23:47.597,154198,691,0.557,0.829,0.988,70.04,5000,154.09,1,61.84,0.062,2,0.518,0.0,0
2026-05-23T00:23:47.722,154333,538,0.434,0.646,0.437,70.04,5000,154.09,1,66.04,0.064,2,0.47,0.0,0
2026-05-23T00:23:47.844,154438,752,0.606,0.903,1.208,70.04,5000,154.09,1,66.04,0.064,2,0.47,0.0,0
2026-05-23T00:23:47.905,154542,447,0.36,0.537,0.11,70.04,5000,154.09,1,66.04,0.064,2,0.47,0.0,0
2026-05-23T00:23:48.030,154646,567,0.457,0.681,0.542,70.04,5000,154.09,1,66.04,0.064,2,0.47,0.0,0
2026-05-23T00:23:48.156,154750,962,0.775,1.155,1.964,70.04,5000,154.09,1,66.04,0.064,2,0.47,0.0,0
2026-05-23T00:23:48.217,154855,1101,0.887,1.322,2.465,70.04,5000,154.09,1,66.04,0.064,2,0.47,0.0,0
2026-05-23T00:23:48.342,154960,708,0.571,0.85,1.05,70.04,5000,154.09,1,66.04,0.064,2,0.47,0.0,0
2026-05-23T00:23:48.467,155064,438,0.353,0.526,0.077,70.04,5000,154.09,1,66.04,0.064,2,0.47,0.0,0
2026-05-23T00:23:48.528,155168,617,0.497,0.741,0.722,70.04,5000,154.09,1,66.04,0.064,2,0.47,0.0,0
2026-05-23T00:23:48.652,155272,996,0.803,1.196,2.087,70.04,5000,154.09,1,66.04,0.064,2,0.47,0.0,0
2026-05-23T00:23:48.781,155381,685,0.552,0.822,0.967,70.04,5000,154.09,1,68.09,0.065,2,0.449,0.0,0
2026-05-23T00:23:48.839,155485,440,0.355,0.528,0.084,70.04,5000,154.09,1,68.09,0.065,2,0.449,0.0,0
2026-05-23T00:23:48.963,155589,593,0.478,0.712,0.635,70.04,5000,154.09,1,68.09,0.065,2,0.449,0.0,0
2026-05-23T00:23:49.088,155693,985,0.794,1.182,2.047,70.04,5000,154.09,1,68.09,0.065,2,0.449,0.0,0
2026-05-23T00:23:49.151,155798,1095,0.882,1.314,2.443,70.04,5000,154.09,1,68.09,0.065,2,0.449,0.0,0
2026-05-23T00:23:49.271,155903,683,0.55,0.82,0.959,70.04,5000,154.09,1,68.09,0.065,2,0.449,0.0,0
2026-05-23T00:23:49.397,156007,433,0.349,0.52,0.059,70.04,5000,154.09,1,68.09,0.065,2,0.449,0.0,0
2026-05-23T00:23:49.461,156111,637,0.513,0.765,0.794,70.04,5000,154.09,1,68.09,0.065,2,0.449,0.0,0
2026-05-23T00:23:49.587,156215,1010,0.814,1.212,2.137,70.04,5000,154.09,1,68.09,0.065,2,0.449,0.0,0
2026-05-23T00:23:49.712,156353,1127,0.908,1.353,2.558,70.04,5000,154.09,1,68.28,0.065,2,0.447,0.0,0
2026-05-23T00:23:49.836,156458,1124,0.906,1.349,2.548,70.04,5000,154.09,1,68.28,0.065,2,0.447,0.0,0
2026-05-23T00:23:49.959,156563,878,0.708,1.054,1.662,70.04,5000,154.09,1,68.28,0.065,2,0.447,0.0,0
2026-05-23T00:23:50.022,156668,451,0.363,0.541,0.124,70.04,5000,154.09,1,68.28,0.065,2,0.447,0.0,0
2026-05-23T00:23:50.147,156772,557,0.449,0.669,0.506,70.04,5000,154.09,1,68.28,0.065,2,0.447,0.0,0
2026-05-23T00:23:50.272,156876,940,0.758,1.128,1.885,70.04,5000,154.09,1,68.28,0.065,2,0.447,0.0,0
2026-05-23T00:23:50.334,156981,1106,0.891,1.328,2.483,70.04,5000,154.09,1,68.28,0.065,2,0.447,0.0,0
2026-05-23T00:23:50.460,157086,719,0.579,0.863,1.089,70.04,5000,154.09,1,68.28,0.065,2,0.447,0.0,0
2026-05-23T00:23:50.581,157190,444,0.358,0.533,0.099,70.04,5000,154.09,1,68.28,0.065,2,0.447,0.0,0
2026-05-23T00:23:50.646,157294,598,0.482,0.718,0.653,70.04,5000,154.09,1,68.28,0.065,2,0.447,0.0,0
2026-05-23T00:23:50.769,157400,1069,0.861,1.283,2.349,70.04,5000,154.09,1,68.28,0.065,2,0.447,0.0,0
2026-05-23T00:23:50.893,157505,958,0.772,1.15,1.95,70.04,5000,154.09,1,68.28,0.065,2,0.447,0.0,0
2026-05-23T00:23:50.955,157610,498,0.401,0.598,0.293,70.04,5000,154.09,1,68.28,0.065,2,0.447,0.0,0
2026-05-23T00:23:51.078,157714,500,0.403,0.6,0.3,70.04,5000,154.09,1,68.28,0.065,2,0.447,0.0,0
2026-05-23T00:23:51.205,157818,870,0.701,1.044,1.633,70.04,5000,154.09,1,68.28,0.065,2,0.447,0.0,0
2026-05-23T00:23:51.266,157923,1122,0.904,1.347,2.54,70.04,5000,154.09,1,68.28,0.065,2,0.447,0.0,0
2026-05-23T00:23:51.393,158028,810,0.653,0.972,1.417,70.04,5000,154.09,1,68.28,0.065,2,0.447,0.0,0
2026-05-23T00:23:51.515,158132,464,0.374,0.557,0.171,70.04,5000,154.09,1,68.28,0.065,2,0.447,0.0,0
2026-05-23T00:23:51.578,158236,523,0.421,0.628,0.383,70.04,5000,154.09,1,68.28,0.065,2,0.447,0.0,0
2026-05-23T00:23:51.762,158372,707,0.57,0.849,1.046,70.04,5000,154.09,1,68.26,0.065,2,0.447,0.0,0
2026-05-23T00:23:51.825,158477,551,0.444,0.661,0.484,70.04,5000,154.09,1,68.26,0.065,2,0.447,0.0,0
2026-05-23T00:23:51.949,158581,937,0.755,1.125,1.874,70.04,5000,154.09,1,68.26,0.065,2,0.447,0.0,0
2026-05-23T00:23:52.076,158686,1117,0.9,1.341,2.522,70.04,5000,154.09,1,68.26,0.065,2,0.447,0.0,0
2026-05-23T00:23:52.136,158791,726,0.585,0.871,1.114,70.04,5000,154.09,1,68.26,0.065,2,0.447,0.0,0
2026-05-23T00:23:52.261,158895,438,0.353,0.526,0.077,70.04,5000,154.09,1,68.26,0.065,2,0.447,0.0,0
2026-05-23T00:23:52.385,158999,596,0.48,0.715,0.646,70.04,5000,154.09,1,68.26,0.065,2,0.447,0.0,0
2026-05-23T00:23:52.446,159103,979,0.789,1.175,2.025,70.04,5000,154.09,1,68.26,0.065,2,0.447,0.0,0
2026-05-23T00:23:52.575,159208,1103,0.889,1.324,2.472,70.04,5000,154.09,1,68.26,0.065,2,0.447,0.0,0
2026-05-23T00:23:52.700,159313,685,0.552,0.822,0.967,70.04,5000,154.09,1,68.26,0.065,2,0.447,0.0,0
2026-05-23T00:23:52.762,159420,552,0.445,0.663,0.488,70.04,5000,154.09,1,68.28,0.065,2,0.447,0.0,0
2026-05-23T00:23:52.887,159524,959,0.773,1.151,1.953,70.04,5000,154.09,1,68.28,0.065,2,0.447,0.0,0
2026-05-23T00:23:53.011,159629,1104,0.89,1.325,2.475,70.04,5000,154.09,1,68.28,0.065,2,0.447,0.0,0
2026-05-23T00:23:53.074,159734,707,0.57,0.849,1.046,70.04,5000,154.09,1,68.28,0.065,2,0.447,0.0,0
2026-05-23T00:23:53.198,159838,435,0.351,0.522,0.066,70.04,5000,154.09,1,68.28,0.065,2,0.447,0.0,0
2026-05-23T00:23:53.322,159942,611,0.492,0.733,0.7,70.04,5000,154.09,1,68.28,0.065,2,0.447,0.0,0
2026-05-23T00:23:53.385,160046,990,0.798,1.188,2.065,70.04,5000,154.09,1,68.28,0.065,2,0.447,0.0,0
2026-05-23T00:23:53.511,160151,1094,0.882,1.313,2.439,70.04,5000,154.09,1,68.28,0.065,2,0.447,0.0,0
2026-05-23T00:23:53.635,160256,658,0.53,0.79,0.869,70.04,5000,154.09,1,68.28,0.065,2,0.447,0.0,0
2026-05-23T00:23:53.758,160391,503,0.405,0.604,0.311,70.04,5000,154.09,1,68.3,0.065,2,0.447,0.0,0
2026-05-23T00:23:53.883,160496,726,0.585,0.871,1.114,70.04,5000,154.09,1,68.3,0.065,2,0.447,0.0,0
2026-05-23T00:23:53.947,160600,442,0.356,0.531,0.092,70.04,5000,154.09,1,68.3,0.065,2,0.447,0.0,0
2026-05-23T00:23:54.070,160704,587,0.473,0.705,0.614,70.04,5000,154.09,1,68.3,0.065,2,0.447,0.0,0
2026-05-23T00:23:54.132,160808,977,0.787,1.173,2.018,70.04,5000,154.09,1,68.3,0.065,2,0.447,0.0,0
2026-05-23T00:23:54.259,160913,1097,0.884,1.317,2.45,70.04,5000,154.09,1,68.3,0.065,2,0.447,0.0,0
2026-05-23T00:23:54.383,161018,687,0.554,0.825,0.974,70.04,5000,154.09,1,68.3,0.065,2,0.447,0.0,0
2026-05-23T00:23:54.505,161122,438,0.353,0.526,0.077,70.04,5000,154.09,1,68.3,0.065,2,0.447,0.0,0
2026-05-23T00:23:54.568,161226,635,0.512,0.762,0.787,70.04,5000,154.09,1,68.3,0.065,2,0.447,0.0,0
2026-05-23T00:23:54.693,161330,1002,0.807,1.203,2.108,70.04,5000,154.09,1,68.3,0.065,2,0.447,0.0,0
2026-05-23T00:23:54.820,161440,589,0.475,0.707,0.621,70.04,5000,154.09,1,68.29,0.065,2,0.447,0.0,0
2026-05-23T00:23:54.881,161544,446,0.359,0.535,0.106,70.04,5000,154.09,1,68.29,0.065,2,0.447,0.0,0
2026-05-23T00:23:55.006,161648,718,0.579,0.862,1.086,70.04,5000,154.09,1,68.29,0.065,2,0.447,0.0,0
2026-05-23T00:23:55.130,161752,1055,0.85,1.266,2.299,70.04,5000,154.09,1,68.29,0.065,2,0.447,0.0,0
2026-05-23T00:23:55.191,161857,1039,0.837,1.247,2.241,70.04,5000,154.09,1,68.29,0.065,2,0.447,0.0,0
2026-05-23T00:23:55.316,161962,572,0.461,0.687,0.56,70.04,5000,154.09,1,68.29,0.065,2,0.447,0.0,0
2026-05-23T00:23:55.442,162066,461,0.372,0.553,0.16,70.04,5000,154.09,1,68.29,0.065,2,0.447,0.0,0
2026-05-23T00:23:55.502,162170,763,0.615,0.916,1.248,70.04,5000,154.09,1,68.29,0.065,2,0.447,0.0,0
2026-05-23T00:23:55.626,162274,1083,0.873,1.3,2.4,70.04,5000,154.09,1,68.29,0.065,2,0.447,0.0,0
2026-05-23T00:23:55.750,162411,1109,0.894,1.331,2.493,70.04,5000,154.09,1,68.25,0.065,2,0.448,0.0,0
2026-05-23T00:23:55.875,162516,1124,0.906,1.349,2.548,70.04,5000,154.09,1,68.25,0.065,2,0.448,0.0,0
2026-05-23T00:23:56.000,162621,874,0.704,1.049,1.647,70.04,5000,154.09,1,68.25,0.065,2,0.448,0.0,0
2026-05-23T00:23:56.061,162726,453,0.365,0.544,0.131,70.04,5000,154.09,1,68.25,0.065,2,0.448,0.0,0
2026-05-23T00:23:56.187,162830,564,0.455,0.677,0.531,70.04,5000,154.09,1,68.25,0.065,2,0.448,0.0,0
2026-05-23T00:23:56.311,162934,944,0.761,1.133,1.899,70.04,5000,154.09,1,68.25,0.065,2,0.448,0.0,0
2026-05-23T00:23:56.375,163039,1119,0.902,1.343,2.53,70.04,5000,154.09,1,68.25,0.065,2,0.448,0.0,0
2026-05-23T00:23:56.497,163144,726,0.585,0.871,1.114,70.04,5000,154.09,1,68.25,0.065,2,0.448,0.0,0
2026-05-23T00:23:56.621,163248,439,0.354,0.527,0.081,70.04,5000,154.09,1,68.25,0.065,2,0.448,0.0,0
2026-05-23T00:23:56.683,163352,598,0.482,0.718,0.653,70.04,5000,154.09,1,68.25,0.065,2,0.448,0.0,0
2026-05-23T00:23:56.809,163459,1088,0.877,1.306,2.418,70.04,5000,154.09,1,68.25,0.065,2,0.448,0.0,0
2026-05-23T00:23:56.935,163564,865,0.697,1.038,1.615,70.04,5000,154.09,1,68.25,0.065,2,0.448,0.0,0
2026-05-23T00:23:56.995,163669,447,0.36,0.537,0.11,70.04,5000,154.09,1,68.25,0.065,2,0.448,0.0,0
2026-05-23T00:23:57.122,163773,572,0.461,0.687,0.56,70.04,5000,154.09,1,68.25,0.065,2,0.448,0.0,0
2026-05-23T00:23:57.246,163877,960,0.774,1.152,1.957,70.04,5000,154.09,1,68.25,0.065,2,0.448,0.0,0
2026-05-23T00:23:57.308,163982,1104,0.89,1.325,2.475,70.04,5000,154.09,1,68.25,0.065,2,0.448,0.0,0
2026-05-23T00:23:57.433,164087,712,0.574,0.855,1.064,70.04,5000,154.09,1,68.25,0.065,2,0.448,0.0,0
2026-05-23T00:23:57.557,164191,431,0.347,0.517,0.052,70.04,5000,154.09,1,68.25,0.065,2,0.448,0.0,0
2026-05-23T00:23:57.619,164295,603,0.486,0.724,0.671,70.04,5000,154.09,1,68.25,0.065,2,0.448,0.0,0
2026-05-23T00:23:57.743,164430,803,0.647,0.964,1.392,70.04,5000,154.09,1,69.28,0.066,3,0.651,0.0,0
2026-05-23T00:23:57.869,164535,539,0.434,0.647,0.441,70.04,5000,154.09,1,69.28,0.066,3,0.651,0.0,0
2026-05-23T00:23:57.994,164639,934,0.753,1.121,1.863,70.04,5000,154.09,1,69.28,0.066,3,0.651,0.0,0
2026-05-23T00:23:58.057,164744,1130,0.911,1.356,2.569,70.04,5000,154.09,1,69.28,0.066,3,0.651,0.0,0
2026-05-23T00:23:58.181,164849,741,0.597,0.889,1.168,70.04,5000,154.09,1,69.28,0.066,3,0.651,0.0,0
2026-05-23T00:23:58.304,164953,428,0.345,0.514,0.041,70.04,5000,154.09,1,69.28,0.066,3,0.651,0.0,0
2026-05-23T00:23:58.367,165057,575,0.463,0.69,0.571,70.04,5000,154.09,1,69.28,0.066,3,0.651,0.0,0
2026-05-23T00:23:58.491,165161,974,0.785,1.169,2.007,70.04,5000,154.09,1,69.28,0.066,3,0.651,0.0,0
2026-05-23T00:23:58.613,165266,1125,0.907,1.35,2.551,70.04,5000,154.09,1,69.28,0.066,3,0.651,0.0,0
2026-05-23T00:23:58.736,165371,703,0.567,0.844,1.031,70.04,5000,154.09,1,69.28,0.066,3,0.651,0.0,0
2026-05-23T00:23:58.796,165478,522,0.421,0.627,0.38,70.04,5000,154.09,1,72.0,0.067,3,0.617,0.0,0
2026-05-23T00:23:58.921,165582,951,0.766,1.142,1.925,70.04,5000,154.09,1,72.0,0.067,3,0.617,0.0,0
2026-05-23T00:23:59.044,165687,1130,0.911,1.356,2.569,70.04,5000,154.09,1,72.0,0.067,3,0.617,0.0,0
2026-05-23T00:23:59.107,165792,731,0.589,0.877,1.132,70.04,5000,154.09,1,72.0,0.067,3,0.617,0.0,0
2026-05-23T00:23:59.231,165896,418,0.337,0.502,0.005,70.04,5000,154.09,1,72.0,0.067,3,0.617,0.0,0
2026-05-23T00:23:59.356,166000,584,0.471,0.701,0.603,70.04,5000,154.09,1,72.0,0.067,3,0.617,0.0,0
2026-05-23T00:23:59.419,166104,992,0.799,1.191,2.072,70.04,5000,154.09,1,72.0,0.067,3,0.617,0.0,0
2026-05-23T00:23:59.542,166209,1130,0.911,1.356,2.569,70.04,5000,154.09,1,72.0,0.067,3,0.617,0.0,0
2026-05-23T00:23:59.667,166314,684,0.551,0.821,0.963,70.04,5000,154.09,1,72.0,0.067,3,0.617,0.0,0
2026-05-23T00:23:59.790,166450,505,0.407,0.606,0.318,70.04,5000,154.09,1,76.86,0.069,3,0.562,0.0,0
2026-05-23T00:23:59.915,166555,656,0.529,0.787,0.862,70.04,5000,154.09,1,76.86,0.069,3,0.562,0.0,0
2026-05-23T00:23:59.979,166659,413,0.333,0.496,0.0,70.04,5000,154.09,1,76.86,0.069,3,0.562,0.0,0
2026-05-23T00:24:00.104,166763,657,0.529,0.789,0.866,70.04,5000,154.09,1,76.86,0.069,3,0.562,0.0,0
2026-05-23T00:24:00.230,166867,1052,0.848,1.263,2.288,70.04,5000,154.09,1,76.86,0.069,3,0.562,0.0,0
2026-05-23T00:24:00.293,166972,1110,0.895,1.332,2.497,70.04,5000,154.09,1,76.86,0.069,3,0.562,0.0,0
2026-05-23T00:24:00.419,167077,594,0.479,0.713,0.639,70.04,5000,154.09,1,76.86,0.069,3,0.562,0.0,0
2026-05-23T00:24:00.543,167181,418,0.337,0.502,0.005,70.04,5000,154.09,1,76.86,0.069,3,0.562,0.0,0
2026-05-23T00:24:00.605,167285,710,0.572,0.852,1.057,70.04,5000,154.09,1,76.86,0.069,3,0.562,0.0,0
2026-05-23T00:24:00.731,167389,1088,0.877,1.306,2.418,70.04,5000,154.09,1,76.86,0.069,3,0.562,0.0,0
2026-05-23T00:24:00.855,167498,592,0.477,0.711,0.632,70.04,5000,154.09,1,79.53,0.07,3,0.535,0.0,0
2026-05-23T00:24:00.917,167602,410,0.33,0.492,0.0,70.04,5000,154.09,1,79.53,0.07,3,0.535,0.0,0
2026-05-23T00:24:01.040,167706,676,0.545,0.811,0.934,70.04,5000,154.09,1,79.53,0.07,3,0.535,0.0,0
2026-05-23T00:24:01.164,167810,1070,0.862,1.284,2.353,70.04,5000,154.09,1,79.53,0.07,3,0.535,0.0,0
2026-05-23T00:24:01.225,167915,1108,0.893,1.33,2.49,70.04,5000,154.09,1,79.53,0.07,3,0.535,0.0,0
2026-05-23T00:24:01.350,168020,590,0.475,0.708,0.625,70.04,5000,154.09,1,79.53,0.07,3,0.535,0.0,0
2026-05-23T00:24:01.476,168124,415,0.334,0.498,0.0,70.04,5000,154.09,1,79.53,0.07,3,0.535,0.0,0
2026-05-23T00:24:01.538,168228,725,0.584,0.87,1.111,70.04,5000,154.09,1,79.53,0.07,3,0.535,0.0,0
2026-05-23T00:24:01.663,168332,1097,0.884,1.317,2.45,70.04,5000,154.09,1,79.53,0.07,3,0.535,0.0,0
2026-05-23T00:24:01.784,168469,1161,0.936,1.394,2.681,70.04,5000,154.09,1,82.4,0.069,3,0.524,0.0,0
2026-05-23T00:24:01.910,168574,1161,0.936,1.394,2.681,70.04,5000,154.09,1,82.4,0.069,3,0.524,0.0,0
2026-05-23T00:24:02.035,168679,944,0.761,1.133,1.899,70.04,5000,154.09,1,82.4,0.069,3,0.524,0.0,0
2026-05-23T00:24:02.097,168784,436,0.351,0.523,0.07,70.04,5000,154.09,1,82.4,0.069,3,0.524,0.0,0
2026-05-23T00:24:02.221,168888,490,0.395,0.588,0.264,70.04,5000,154.09,1,82.4,0.069,3,0.524,0.0,0
2026-05-23T00:24:02.347,168992,925,0.745,1.11,1.831,70.04,5000,154.09,1,82.4,0.069,3,0.524,0.0,0
2026-05-23T00:24:02.408,169097,1158,0.933,1.39,2.67,70.04,5000,154.09,1,82.4,0.069,3,0.524,0.0,0
2026-05-23T00:24:02.535,169202,784,0.632,0.941,1.323,70.04,5000,154.09,1,82.4,0.069,3,0.524,0.0,0
2026-05-23T00:24:02.656,169306,420,0.338,0.504,0.012,70.04,5000,154.09,1,82.4,0.069,3,0.524,0.0,0
2026-05-23T00:24:02.719,169410,539,0.434,0.647,0.441,70.04,5000,154.09,1,82.4,0.069,3,0.524,0.0,0
2026-05-23T00:24:02.843,169517,1129,0.91,1.355,2.566,70.04,5000,154.09,1,83.08,0.068,3,0.527,0.0,0
2026-05-23T00:24:02.969,169622,935,0.753,1.122,1.867,70.04,5000,154.09,1,83.08,0.068,3,0.527,0.0,0
2026-05-23T00:24:03.033,169727,432,0.348,0.519,0.056,70.04,5000,154.09,1,83.08,0.068,3,0.527,0.0,0
2026-05-23T00:24:03.157,169831,497,0.401,0.597,0.29,70.04,5000,154.09,1,83.08,0.068,3,0.527,0.0,0
2026-05-23T00:24:03.278,169935,928,0.748,1.114,1.842,70.04,5000,154.09,1,83.08,0.068,3,0.527,0.0,0
2026-05-23T00:24:03.340,170040,1163,0.937,1.396,2.688,70.04,5000,154.09,1,83.08,0.068,3,0.527,0.0,0
2026-05-23T00:24:03.467,170145,770,0.621,0.924,1.273,70.04,5000,154.09,1,83.08,0.068,3,0.527,0.0,0
2026-05-23T00:24:03.592,170249,411,0.331,0.493,0.0,70.04,5000,154.09,1,83.08,0.068,3,0.527,0.0,0
2026-05-23T00:24:03.653,170353,545,0.439,0.654,0.463,70.04,5000,154.09,1,83.08,0.068,3,0.527,0.0,0
2026-05-23T00:24:03.839,170489,743,0.599,0.892,1.176,70.04,5000,154.09,1,83.08,0.068,3,0.527,0.0,0
2026-05-23T00:24:03.901,170594,566,0.456,0.679,0.538,70.04,5000,154.09,1,83.08,0.068,3,0.527,0.0,0
2026-05-23T00:24:04.025,170698,983,0.792,1.18,2.04,70.04,5000,154.09,1,83.08,0.068,3,0.527,0.0,0
2026-05-23T00:24:04.148,170803,1147,0.924,1.377,2.63,70.04,5000,154.09,1,83.08,0.068,3,0.527,0.0,0
2026-05-23T00:24:04.211,170908,700,0.564,0.84,1.021,70.04,5000,154.09,1,83.08,0.068,3,0.527,0.0,0
2026-05-23T00:24:04.334,171012,403,0.325,0.484,0.0,70.04,5000,154.09,1,83.08,0.068,3,0.527,0.0,0
2026-05-23T00:24:04.461,171116,601,0.484,0.721,0.664,70.04,5000,154.09,1,83.08,0.068,3,0.527,0.0,0
2026-05-23T00:24:04.522,171220,1018,0.82,1.222,2.166,70.04,5000,154.09,1,83.08,0.068,3,0.527,0.0,0
2026-05-23T00:24:04.647,171325,1126,0.907,1.352,2.555,70.04,5000,154.09,1,83.08,0.068,3,0.527,0.0,0
2026-05-23T00:24:04.772,171430,661,0.533,0.793,0.88,70.04,5000,154.09,1,83.08,0.068,3,0.527,0.0,0
2026-05-23T00:24:04.834,171537,551,0.444,0.661,0.484,70.04,5000,154.09,1,83.04,0.068,3,0.527,0.0,0
2026-05-23T00:24:04.958,171641,993,0.8,1.192,2.076,70.04,5000,154.09,1,83.04,0.068,3,0.527,0.0,0
2026-05-23T00:24:05.084,171746,1136,0.915,1.364,2.591,70.04,5000,154.09,1,83.04,0.068,3,0.527,0.0,0
2026-05-23T00:24:05.147,171851,699,0.563,0.839,1.017,70.04,5000,154.09,1,83.04,0.068,3,0.527,0.0,0
2026-05-23T00:24:05.270,171955,406,0.327,0.487,0.0,70.04,5000,154.09,1,83.04,0.068,3,0.527,0.0,0
2026-05-23T00:24:05.398,172059,605,0.488,0.726,0.679,70.04,5000,154.09,1,83.04,0.068,3,0.527,0.0,0
2026-05-23T00:24:05.459,172163,1021,0.823,1.226,2.177,70.04,5000,154.09,1,83.04,0.068,3,0.527,0.0,0
2026-05-23T00:24:05.582,172268,1130,0.911,1.356,2.569,70.04,5000,154.09,1,83.04,0.068,3,0.527,0.0,0
2026-05-23T00:24:05.704,172373,655,0.528,0.786,0.859,70.04,5000,154.09,1,83.04,0.068,3,0.527,0.0,0
2026-05-23T00:24:05.831,172508,476,0.384,0.571,0.214,70.04,5000,154.09,1,83.02,0.068,3,0.528,0.0,0
2026-05-23T00:24:05.954,172613,731,0.589,0.877,1.132,70.04,5000,154.09,1,83.02,0.068,3,0.528,0.0,0
2026-05-23T00:24:06.018,172717,410,0.33,0.492,0.0,70.04,5000,154.09,1,83.02,0.068,3,0.528,0.0,0
2026-05-23T00:24:06.141,172821,567,0.457,0.681,0.542,70.04,5000,154.09,1,83.02,0.068,3,0.528,0.0,0
2026-05-23T00:24:06.266,172925,989,0.797,1.187,2.061,70.04,5000,154.09,1,83.02,0.068,3,0.528,0.0,0
2026-05-23T00:24:06.326,173030,1147,0.924,1.377,2.63,70.04,5000,154.09,1,83.02,0.068,3,0.528,0.0,0
2026-05-23T00:24:06.451,173135,700,0.564,0.84,1.021,70.04,5000,154.09,1,83.02,0.068,3,0.528,0.0,0
2026-05-23T00:24:06.575,173239,401,0.323,0.481,0.0,70.04,5000,154.09,1,83.02,0.068,3,0.528,0.0,0
2026-05-23T00:24:06.636,173343,603,0.486,0.724,0.671,70.04,5000,154.09,1,83.02,0.068,3,0.528,0.0,0
2026-05-23T00:24:06.762,173447,1015,0.818,1.218,2.155,70.04,5000,154.09,1,83.02,0.068,3,0.528,0.0,0
2026-05-23T00:24:06.886,173557,605,0.488,0.726,0.679,70.04,5000,154.09,1,83.02,0.068,3,0.528,0.0,0
2026-05-23T00:24:06.948,173661,406,0.327,0.487,0.0,70.04,5000,154.09,1,83.02,0.068,3,0.528,0.0,0
2026-05-23T00:24:07.073,173765,688,0.554,0.826,0.977,70.04,5000,154.09,1,83.02,0.068,3,0.528,0.0,0
2026-05-23T00:24:07.199,173869,1084,0.874,1.301,2.403,70.04,5000,154.09,1,83.02,0.068,3,0.528,0.0,0
2026-05-23T00:24:07.263,173974,1105,0.89,1.326,2.479,70.04,5000,154.09,1,83.02,0.068,3,0.528,0.0,0
2026-05-23T00:24:07.383,174079,578,0.466,0.694,0.581,70.04,5000,154.09,1,83.02,0.068,3,0.528,0.0,0
2026-05-23T00:24:07.509,174183,413,0.333,0.496,0.0,70.04,5000,154.09,1,83.02,0.068,3,0.528,0.0,0
2026-05-23T00:24:07.570,174287,726,0.585,0.871,1.114,70.04,5000,154.09,1,83.02,0.068,3,0.528,0.0,0
2026-05-23T00:24:07.696,174391,1108,0.893,1.33,2.49,70.04,5000,154.09,1,83.02,0.068,3,0.528,0.0,0
2026-05-23T00:24:07.821,174528,1163,0.937,1.396,2.688,70.04,5000,154.09,1,83.02,0.068,3,0.528,0.0,0
2026-05-23T00:24:07.945,174633,1166,0.94,1.4,2.699,70.04,5000,154.09,1,83.02,0.068,3,0.528,0.0,0
2026-05-23T00:24:08.070,174738,943,0.76,1.132,1.896,70.04,5000,154.09,1,83.02,0.068,3,0.528,0.0,0
2026-05-23T00:24:08.130,174843,433,0.349,0.52,0.059,70.04,5000,154.09,1,83.02,0.068,3,0.528,0.0,0
2026-05-23T00:24:08.260,174947,486,0.392,0.583,0.25,70.04,5000,154.09,1,83.02,0.068,3,0.528,0.0,0
2026-05-23T00:24:08.383,175051,924,0.745,1.109,1.827,70.04,5000,154.09,1,83.02,0.068,3,0.528,0.0,0
2026-05-23T00:24:08.444,175156,1172,0.944,1.407,2.72,70.04,5000,154.09,1,83.02,0.068,3,0.528,0.0,0
2026-05-23T00:24:08.569,175261,787,0.634,0.945,1.334,70.04,5000,154.09,1,83.02,0.068,3,0.528,0.0,0
2026-05-23T00:24:08.694,175365,413,0.333,0.496,0.0,70.04,5000,154.09,1,83.02,0.068,3,0.528,0.0,0
2026-05-23T00:24:08.755,175469,527,0.425,0.633,0.398,70.04,5000,154.09,1,83.02,0.068,3,0.528,0.0,0
2026-05-23T00:24:08.880,175576,1129,0.91,1.355,2.566,70.04,5000,154.09,1,83.69,0.067,3,0.531,0.0,0
2026-05-23T00:24:09.004,175681,940,0.758,1.128,1.885,70.04,5000,154.09,1,83.69,0.067,3,0.531,0.0,0
2026-05-23T00:24:09.066,175786,435,0.351,0.522,0.066,70.04,5000,154.09,1,83.69,0.067,3,0.531,0.0,0
2026-05-23T00:24:09.191,175890,489,0.394,0.587,0.261,70.04,5000,154.09,1,83.69,0.067,3,0.531,0.0,0
2026-05-23T00:24:09.316,175994,923,0.744,1.108,1.824,70.04,5000,154.09,1,83.69,0.067,3,0.531,0.0,0
2026-05-23T00:24:09.377,176099,1174,0.946,1.409,2.728,70.04,5000,154.09,1,83.69,0.067,3,0.531,0.0,0
2026-05-23T00:24:09.501,176204,782,0.63,0.939,1.316,70.04,5000,154.09,1,83.69,0.067,3,0.531,0.0,0
2026-05-23T00:24:09.626,176308,416,0.335,0.499,0.0,70.04,5000,154.09,1,83.69,0.067,3,0.531,0.0,0
2026-05-23T00:24:09.689,176412,532,0.429,0.639,0.416,70.04,5000,154.09,1,83.69,0.067,3,0.531,0.0,0
2026-05-23T00:24:09.876,176548,730,0.588,0.876,1.129,70.04,5000,154.09,1,84.5,0.065,3,0.542,0.0,0
2026-05-23T00:24:09.938,176653,550,0.443,0.66,0.481,70.04,5000,154.09,1,84.5,0.065,3,0.542,0.0,0
2026-05-23T00:24:10.063,176757,984,0.793,1.181,2.043,70.04,5000,154.09,1,84.5,0.065,3,0.542,0.0,0
2026-05-23T00:24:10.186,176862,1152,0.928,1.383,2.648,70.04,5000,154.09,1,84.5,0.065,3,0.542,0.0,0
2026-05-23T00:24:10.249,176967,716,0.577,0.859,1.078,70.04,5000,154.09,1,84.5,0.065,3,0.542,0.0,0
2026-05-23T00:24:10.373,177071,392,0.316,0.471,0.0,70.04,5000,154.09,1,84.5,0.065,3,0.542,0.0,0
2026-05-23T00:24:10.498,177175,585,0.471,0.702,0.607,70.04,5000,154.09,1,84.5,0.065,3,0.542,0.0,0
2026-05-23T00:24:10.561,177279,1020,0.822,1.224,2.173,70.04,5000,154.09,1,84.5,0.065,3,0.542,0.0,0
2026-05-23T00:24:10.688,177384,1161,0.936,1.394,2.681,70.04,5000,154.09,1,84.5,0.065,3,0.542,0.0,0
2026-05-23T00:24:10.811,177489,675,0.544,0.81,0.931,70.04,5000,154.09,1,84.5,0.065,3,0.542,0.0,0
2026-05-23T00:24:10.874,177596,533,0.43,0.64,0.419,70.04,5000,154.09,1,86.27,0.062,3,0.557,0.0,0
2026-05-23T00:24:11.000,177700,990,0.798,1.188,2.065,70.04,5000,154.09,1,86.27,0.062,3,0.557,0.0,0
2026-05-23T00:24:11.122,177805,1174,0.946,1.409,2.728,70.04,5000,154.09,1,86.27,0.062,3,0.557,0.0,0
2026-05-23T00:24:11.183,177910,716,0.577,0.859,1.078,70.04,5000,154.09,1,86.27,0.062,3,0.557,0.0,0
2026-05-23T00:24:11.306,178014,383,0.309,0.46,0.0,70.04,5000,154.09,1,86.27,0.062,3,0.557,0.0,0
2026-05-23T00:24:11.431,178118,579,0.467,0.695,0.585,70.04,5000,154.09,1,86.27,0.062,3,0.557,0.0,0
2026-05-23T00:24:11.495,178222,1018,0.82,1.222,2.166,70.04,5000,154.09,1,86.27,0.062,3,0.557,0.0,0
2026-05-23T00:24:11.620,178327,1163,0.937,1.396,2.688,70.04,5000,154.09,1,86.27,0.062,3,0.557,0.0,0
2026-05-23T00:24:11.744,178432,681,0.549,0.817,0.952,70.04,5000,154.09,1,86.27,0.062,3,0.557,0.0,0
2026-05-23T00:24:11.869,178567,480,0.387,0.576,0.228,70.04,5000,154.09,1,89.85,0.058,3,0.572,0.0,0
2026-05-23T00:24:11.994,178672,774,0.624,0.929,1.287,70.04,5000,154.09,1,89.85,0.058,3,0.572,0.0,0
2026-05-23T00:24:12.057,178776,387,0.312,0.465,0.0,70.04,5000,154.09,1,89.85,0.058,3,0.572,0.0,0
2026-05-23T00:24:12.180,178880,534,0.43,0.641,0.423,70.04,5000,154.09,1,89.85,0.058,3,0.572,0.0,0
2026-05-23T00:24:12.242,178984,978,0.788,1.174,2.022,70.04,5000,154.09,1,89.85,0.058,3,0.572,0.0,0
2026-05-23T00:24:12.369,179089,1184,0.954,1.421,2.764,70.04,5000,154.09,1,89.85,0.058,3,0.572,0.0,0
2026-05-23T00:24:12.493,179194,730,0.588,0.876,1.129,70.04,5000,154.09,1,89.85,0.058,3,0.572,0.0,0
2026-05-23T00:24:12.618,179298,379,0.305,0.455,0.0,70.04,5000,154.09,1,89.85,0.058,3,0.572,0.0,0
2026-05-23T00:24:12.679,179402,566,0.456,0.679,0.538,70.04,5000,154.09,1,89.85,0.058,3,0.572,0.0,0
2026-05-23T00:24:12.805,179506,1014,0.817,1.217,2.151,70.04,5000,154.09,1,89.85,0.058,3,0.572,0.0,0
2026-05-23T00:24:12.928,179615,727,0.586,0.873,1.118,70.04,5000,154.09,1,92.14,0.056,3,0.577,0.0,0
2026-05-23T00:24:12.991,179719,378,0.305,0.454,0.0,70.04,5000,154.09,1,92.14,0.056,3,0.577,0.0,0
2026-05-23T00:24:13.117,179823,529,0.426,0.635,0.405,70.04,5000,154.09,1,92.14,0.056,3,0.577,0.0,0
2026-05-23T00:24:13.240,179927,988,0.796,1.186,2.058,70.04,5000,154.09,1,92.14,0.056,3,0.577,0.0,0
2026-05-23T00:24:13.301,180032,1188,0.957,1.426,2.778,70.04,5000,154.09,1,92.14,0.056,3,0.577,0.0,0
2026-05-23T00:24:13.427,180137,731,0.589,0.877,1.132,70.04,5000,154.09,1,92.14,0.056,3,0.577,0.0,0
2026-05-23T00:24:13.552,180241,375,0.302,0.45,0.0,70.04,5000,154.09,1,92.14,0.056,3,0.577,0.0,0
2026-05-23T00:24:13.613,180345,563,0.454,0.676,0.527,70.04,5000,154.09,1,92.14,0.056,3,0.577,0.0,0
2026-05-23T00:24:13.739,180449,1013,0.816,1.216,2.148,70.04,5000,154.09,1,92.14,0.056,3,0.577,0.0,0
2026-05-23T00:24:13.863,180587,1208,0.973,1.45,2.85,70.04,5000,154.09,1,94.61,0.054,3,0.583,0.0,0
2026-05-23T00:24:13.987,180692,1186,0.956,1.424,2.771,70.04,5000,154.09,1,94.61,0.054,3,0.583,0.0,0
2026-05-23T00:24:14.111,180797,1003,0.808,1.204,2.112,70.04,5000,154.09,1,94.61,0.054,3,0.583,0.0,0
2026-05-23T00:24:14.175,180902,435,0.351,0.522,0.066,70.04,5000,154.09,1,94.61,0.054,3,0.583,0.0,0
2026-05-23T00:24:14.300,181006,433,0.349,0.52,0.059,70.04,5000,154.09,1,94.61,0.054,3,0.583,0.0,0
2026-05-23T00:24:14.423,181110,896,0.722,1.075,1.726,70.04,5000,154.09,1,94.61,0.054,3,0.583,0.0,0
2026-05-23T00:24:14.483,181215,1213,0.978,1.456,2.868,70.04,5000,154.09,1,94.61,0.054,3,0.583,0.0,0
2026-05-23T00:24:14.610,181320,850,0.685,1.02,1.561,70.04,5000,154.09,1,94.61,0.054,3,0.583,0.0,0
2026-05-23T00:24:14.732,181425,365,0.294,0.438,0.0,70.04,5000,154.09,1,94.61,0.054,3,0.583,0.0,0
2026-05-23T00:24:14.794,181529,575,0.463,0.69,0.571,70.04,5000,154.09,1,94.61,0.054,3,0.583,0.0,0
2026-05-23T00:24:14.918,181634,1097,0.884,1.317,2.45,70.04,5000,154.09,1,96.21,0.053,3,0.584,0.0,0
2026-05-23T00:24:15.043,181739,1133,0.913,1.36,2.58,70.04,5000,154.09,1,96.21,0.053,3,0.584,0.0,0
2026-05-23T00:24:15.106,181844,551,0.444,0.661,0.484,70.04,5000,154.09,1,96.21,0.053,3,0.584,0.0,0
2026-05-23T00:24:15.228,181948,383,0.309,0.46,0.0,70.04,5000,154.09,1,96.21,0.053,3,0.584,0.0,0
2026-05-23T00:24:15.356,182052,748,0.603,0.898,1.194,70.04,5000,154.09,1,96.21,0.053,3,0.584,0.0,0
2026-05-23T00:24:15.415,182156,1162,0.936,1.395,2.684,70.04,5000,154.09,1,96.21,0.053,3,0.584,0.0,0
2026-05-23T00:24:15.541,182261,1116,0.899,1.34,2.519,70.04,5000,154.09,1,96.21,0.053,3,0.584,0.0,0
2026-05-23T00:24:15.667,182366,522,0.421,0.627,0.38,70.04,5000,154.09,1,96.21,0.053,3,0.584,0.0,0
2026-05-23T00:24:15.731,182470,385,0.31,0.462,0.0,70.04,5000,154.09,1,96.21,0.053,3,0.584,0.0,0
2026-05-23T00:24:15.854,182606,529,0.426,0.635,0.405,70.04,5000,154.09,1,102.15,0.05,3,0.583,0.0,0
2026-05-23T00:24:15.978,182711,395,0.318,0.474,0.0,70.04,5000,154.09,1,102.15,0.05,3,0.583,0.0,0
2026-05-23T00:24:16.101,182815,815,0.657,0.978,1.435,70.04,5000,154.09,1,102.15,0.05,3,0.583,0.0,0
2026-05-23T00:24:16.225,182920,1246,1.004,1.496,2.987,70.04,5000,154.09,1,102.15,0.05,3,0.583,0.0,0
2026-05-23T00:24:16.286,183025,946,0.762,1.136,1.907,70.04,5000,154.09,1,102.15,0.05,3,0.583,0.0,0
2026-05-23T00:24:16.411,183130,365,0.294,0.438,0.0,70.04,5000,154.09,1,102.15,0.05,3,0.583,0.0,0
2026-05-23T00:24:16.537,183234,493,0.397,0.592,0.275,70.04,5000,154.09,1,102.15,0.05,3,0.583,0.0,0
2026-05-23T00:24:16.599,183338,995,0.802,1.194,2.083,70.04,5000,154.09,1,102.15,0.05,3,0.583,0.0,0
2026-05-23T00:24:16.722,183443,1238,0.998,1.486,2.958,70.04,5000,154.09,1,102.15,0.05,3,0.583,0.0,0
2026-05-23T00:24:16.847,183548,758,0.611,0.91,1.23,70.04,5000,154.09,1,102.15,0.05,3,0.583,0.0,0
2026-05-23T00:24:16.908,183654,371,0.299,0.445,0.0,70.04,5000,154.09,1,107.83,0.048,3,0.575,0.0,0
2026-05-23T00:24:17.032,183758,808,0.651,0.97,1.41,70.04,5000,154.09,1,107.83,0.048,3,0.575,0.0,0
2026-05-23T00:24:17.156,183863,1254,1.011,1.505,3.016,70.04,5000,154.09,1,107.83,0.048,3,0.575,0.0,0
2026-05-23T00:24:17.220,183968,962,0.775,1.155,1.964,70.04,5000,154.09,1,107.83,0.048,3,0.575,0.0,0
2026-05-23T00:24:17.344,184073,372,0.3,0.447,0.0,70.04,5000,154.09,1,107.83,0.048,3,0.575,0.0,0
2026-05-23T00:24:17.471,184177,474,0.382,0.569,0.207,70.04,5000,154.09,1,107.83,0.048,3,0.575,0.0,0
2026-05-23T00:24:17.531,184281,986,0.795,1.184,2.051,70.04,5000,154.09,1,107.83,0.048,3,0.575,0.0,0
2026-05-23T00:24:17.655,184386,1229,0.99,1.475,2.926,70.04,5000,154.09,1,107.83,0.048,3,0.575,0.0,0
2026-05-23T00:24:17.783,184491,777,0.626,0.933,1.298,70.04,5000,154.09,1,107.83,0.048,3,0.575,0.0,0
2026-05-23T00:24:17.907,184626,425,0.342,0.51,0.03,70.04,5000,154.09,1,108.61,0.048,3,0.571,0.0,0
2026-05-23T00:24:18.029,184730,1021,0.823,1.226,2.177,70.04,5000,154.09,1,108.61,0.048,3,0.571,0.0,0
2026-05-23T00:24:18.091,184835,411,0.331,0.493,0.0,70.04,5000,154.09,1,108.61,0.048,3,0.571,0.0,0
2026-05-23T00:24:18.218,184939,415,0.334,0.498,0.0,70.04,5000,154.09,1,108.61,0.048,3,0.571,0.0,0
2026-05-23T00:24:18.340,185043,917,0.739,1.101,1.802,70.04,5000,154.09,1,108.61,0.048,3,0.571,0.0,0
2026-05-23T00:24:18.404,185148,1262,1.017,1.515,3.044,70.04,5000,154.09,1,108.61,0.048,3,0.571,0.0,0
2026-05-23T00:24:18.529,185253,867,0.699,1.041,1.622,70.04,5000,154.09,1,108.61,0.048,3,0.571,0.0,0
2026-05-23T00:24:18.654,185358,333,0.268,0.4,0.0,70.04,5000,154.09,1,108.61,0.048,3,0.571,0.0,0
2026-05-23T00:24:18.715,185462,562,0.453,0.675,0.524,70.04,5000,154.09,1,108.61,0.048,3,0.571,0.0,0
2026-05-23T00:24:18.840,185566,1073,0.865,1.288,2.364,70.04,5000,154.09,1,108.61,0.048,3,0.571,0.0,0
2026-05-23T00:24:18.964,185673,1024,0.825,1.229,2.187,70.04,5000,154.09,1,112.66,0.046,3,0.575,0.0,0
2026-05-23T00:24:19.026,185778,422,0.34,0.507,0.02,70.04,5000,154.09,1,112.66,0.046,3,0.575,0.0,0
2026-05-23T00:24:19.151,185882,398,0.321,0.478,0.0,70.04,5000,154.09,1,112.66,0.046,3,0.575,0.0,0
2026-05-23T00:24:19.275,185986,893,0.72,1.072,1.716,70.04,5000,154.09,1,112.66,0.046,3,0.575,0.0,0
2026-05-23T00:24:19.339,186091,1278,1.03,1.534,3.102,70.04,5000,154.09,1,112.66,0.046,3,0.575,0.0,0
2026-05-23T00:24:19.464,186196,913,0.736,1.096,1.788,70.04,5000,154.09,1,112.66,0.046,3,0.575,0.0,0
2026-05-23T00:24:19.587,186301,324,0.261,0.389,0.0,70.04,5000,154.09,1,112.66,0.046,3,0.575,0.0,0
2026-05-23T00:24:19.652,186405,525,0.423,0.63,0.391,70.04,5000,154.09,1,112.66,0.046,3,0.575,0.0,0
2026-05-23T00:24:19.775,186509,1051,0.847,1.262,2.285,70.04,5000,154.09,1,112.66,0.046,3,0.575,0.0,0
2026-05-23T00:24:19.901,186645,1271,1.024,1.526,3.077,70.04,5000,154.09,1,118.5,0.045,3,0.559,0.0,0
2026-05-23T00:24:20.027,186750,1065,0.858,1.278,2.335,70.04,5000,154.09,1,118.5,0.045,3,0.559,0.0,0
2026-05-23T00:24:20.087,186855,1270,1.023,1.524,3.073,70.04,5000,154.09,1,118.5,0.045,3,0.559,0.0,0
2026-05-23T00:24:20.212,186960,703,0.567,0.844,1.031,70.04,5000,154.09,1,118.5,0.045,3,0.559,0.0,0
2026-05-23T00:24:20.336,187065,337,0.272,0.405,0.0,70.04,5000,154.09,1,118.5,0.045,3,0.559,0.0,0
2026-05-23T00:24:20.398,187169,732,0.59,0.879,1.136,70.04,5000,154.09,1,118.5,0.045,3,0.559,0.0,0
2026-05-23T00:24:20.521,187274,1273,1.026,1.528,3.084,70.04,5000,154.09,1,118.5,0.045,3,0.559,0.0,0
2026-05-23T00:24:20.650,187379,1067,0.86,1.281,2.342,70.04,5000,154.09,1,118.5,0.045,3,0.559,0.0,0
2026-05-23T00:24:20.772,187484,397,0.32,0.477,0.0,70.04,5000,154.09,1,118.5,0.045,3,0.559,0.0,0
2026-05-23T00:24:20.834,187588,396,0.319,0.475,0.0,70.04,5000,154.09,1,118.5,0.045,3,0.559,0.0,0
2026-05-23T00:24:20.958,187693,1038,0.836,1.246,2.238,70.04,5000,154.09,1,124.01,0.043,3,0.559,0.0,0
2026-05-23T00:24:21.084,187798,1295,1.044,1.554,3.163,70.04,5000,154.09,1,124.01,0.043,3,0.559,0.0,0
2026-05-23T00:24:21.144,187903,736,0.593,0.883,1.15,70.04,5000,154.09,1,124.01,0.043,3,0.559,0.0,0
2026-05-23T00:24:21.269,188008,320,0.258,0.384,0.0,70.04,5000,154.09,1,124.01,0.043,3,0.559,0.0,0
2026-05-23T00:24:21.392,188112,696,0.561,0.835,1.006,70.04,5000,154.09,1,124.01,0.043,3,0.559,0.0,0
2026-05-23T00:24:21.454,188217,1276,1.028,1.532,3.095,70.04,5000,154.09,1,124.01,0.043,3,0.559,0.0,0
2026-05-23T00:24:21.578,188322,1110,0.895,1.332,2.497,70.04,5000,154.09,1,124.01,0.043,3,0.559,0.0,0
2026-05-23T00:24:21.703,188427,405,0.326,0.486,0.0,70.04,5000,154.09,1,124.01,0.043,3,0.559,0.0,0
2026-05-23T00:24:21.766,188531,369,0.297,0.443,0.0,70.04,5000,154.09,1,124.01,0.043,3,0.559,0.0,0
2026-05-23T00:24:21.950,188665,581,0.468,0.697,0.592,70.04,5000,154.09,1,127.88,0.042,3,0.555,0.0,0
2026-05-23T00:24:22.012,188769,328,0.264,0.394,0.0,70.04,5000,154.09,1,127.88,0.042,3,0.555,0.0,0
2026-05-23T00:24:22.136,188873,447,0.36,0.537,0.11,70.04,5000,154.09,1,127.88,0.042,3,0.555,0.0,0
2026-05-23T00:24:22.264,188977,1017,0.82,1.221,2.162,70.04,5000,154.09,1,127.88,0.042,3,0.555,0.0,0
2026-05-23T00:24:22.324,189082,1325,1.068,1.59,3.271,70.04,5000,154.09,1,127.88,0.042,3,0.555,0.0,0
2026-05-23T00:24:22.447,189187,809,0.652,0.971,1.413,70.04,5000,154.09,1,127.88,0.042,3,0.555,0.0,0
2026-05-23T00:24:22.572,189292,302,0.243,0.362,0.0,70.04,5000,154.09,1,127.88,0.042,3,0.555,0.0,0
2026-05-23T00:24:22.633,189396,622,0.501,0.747,0.74,70.04,5000,154.09,1,127.88,0.042,3,0.555,0.0,0
2026-05-23T00:24:22.757,189500,1149,0.926,1.379,2.638,70.04,5000,154.09,1,127.88,0.042,3,0.555,0.0,0
2026-05-23T00:24:22.882,189605,1287,1.037,1.545,3.134,70.04,5000,154.09,1,127.88,0.042,3,0.555,0.0,0
2026-05-23T00:24:22.945,189712,325,0.262,0.39,0.0,70.04,5000,154.09,1,133.1,0.041,3,0.546,0.0,0
2026-05-23T00:24:23.069,189816,400,0.322,0.48,0.0,70.04,5000,154.09,1,133.1,0.041,3,0.546,0.0,0
2026-05-23T00:24:23.192,189920,967,0.779,1.161,1.982,70.04,5000,154.09,1,133.1,0.041,3,0.546,0.0,0
2026-05-23T00:24:23.255,190025,1326,1.069,1.592,3.275,70.04,5000,154.09,1,133.1,0.041,3,0.546,0.0,0
2026-05-23T00:24:23.380,190130,864,0.696,1.037,1.611,70.04,5000,154.09,1,133.1,0.041,3,0.546,0.0,0
2026-05-23T00:24:23.503,190235,291,0.235,0.349,0.0,70.04,5000,154.09,1,133.1,0.041,3,0.546,0.0,0
2026-05-23T00:24:23.566,190339,568,0.458,0.682,0.545,70.04,5000,154.09,1,133.1,0.041,3,0.546,0.0,0
2026-05-23T00:24:23.690,190443,1113,0.897,1.336,2.508,70.04,5000,154.09,1,133.1,0.041,3,0.546,0.0,0
2026-05-23T00:24:23.814,190548,1304,1.051,1.565,3.196,70.04,5000,154.09,1,133.1,0.041,3,0.546,0.0,0
2026-05-23T00:24:23.936,190684,988,0.796,1.186,2.058,70.04,5000,154.09,1,133.75,0.041,3,0.543,0.0,0
2026-05-23T00:24:24.061,190789,1301,1.048,1.562,3.185,70.04,5000,154.09,1,133.75,0.041,3,0.543,0.0,0
2026-05-23T00:24:24.123,190894,652,0.525,0.783,0.848,70.04,5000,154.09,1,133.75,0.041,3,0.543,0.0,0
2026-05-23T00:24:24.247,190998,293,0.236,0.352,0.0,70.04,5000,154.09,1,133.75,0.041,3,0.543,0.0,0
2026-05-23T00:24:24.372,191102,612,0.493,0.735,0.704,70.04,5000,154.09,1,133.75,0.041,3,0.543,0.0,0
2026-05-23T00:24:24.434,191206,1159,0.934,1.391,2.674,70.04,5000,154.09,1,133.75,0.041,3,0.543,0.0,0
2026-05-23T00:24:24.559,191311,1310,1.056,1.572,3.217,70.04,5000,154.09,1,133.75,0.041,3,0.543,0.0,0
2026-05-23T00:24:24.683,191416,617,0.497,0.741,0.722,70.04,5000,154.09,1,133.75,0.041,3,0.543,0.0,0
2026-05-23T00:24:24.746,191520,292,0.235,0.35,0.0,70.04,5000,154.09,1,133.75,0.041,3,0.543,0.0,0
2026-05-23T00:24:24.869,191624,639,0.515,0.767,0.801,70.04,5000,154.09,1,133.75,0.041,3,0.543,0.0,0
2026-05-23T00:24:24.996,191732,1302,1.049,1.563,3.188,70.04,5000,154.09,1,137.06,0.04,3,0.543,0.0,0
2026-05-23T00:24:25.058,191837,714,0.575,0.857,1.071,70.04,5000,154.09,1,137.06,0.04,3,0.543,0.0,0
2026-05-23T00:24:25.181,191942,308,0.248,0.37,0.0,70.04,5000,154.09,1,137.06,0.04,3,0.543,0.0,0
2026-05-23T00:24:25.305,192046,728,0.587,0.874,1.122,70.04,5000,154.09,1,137.06,0.04,3,0.543,0.0,0
2026-05-23T00:24:25.365,192151,1320,1.064,1.584,3.253,70.04,5000,154.09,1,137.06,0.04,3,0.543,0.0,0
2026-05-23T00:24:25.490,192256,1111,0.895,1.334,2.501,70.04,5000,154.09,1,137.06,0.04,3,0.543,0.0,0
2026-05-23T00:24:25.614,192361,367,0.296,0.441,0.0,70.04,5000,154.09,1,137.06,0.04,3,0.543,0.0,0
2026-05-23T00:24:25.678,192465,355,0.286,0.426,0.0,70.04,5000,154.09,1,137.06,0.04,3,0.543,0.0,0
2026-05-23T00:24:25.799,192569,937,0.755,1.125,1.874,70.04,5000,154.09,1,137.06,0.04,3,0.543,0.0,0
2026-05-23T00:24:25.924,192694,527,0.425,0.633,0.398,70.04,5000,154.09,1,140.9,0.039,3,0.542,0.0,0
2026-05-23T00:24:26.048,192799,957,0.771,1.149,1.946,70.04,5000,154.09,1,140.9,0.039,3,0.542,0.0,0
2026-05-23T00:24:26.113,192904,293,0.236,0.352,0.0,70.04,5000,154.09,1,140.9,0.039,3,0.542,0.0,0
2026-05-23T00:24:26.236,193008,501,0.404,0.601,0.304,70.04,5000,154.09,1,140.9,0.039,3,0.542,0.0,0
2026-05-23T00:24:26.362,193112,1084,0.874,1.301,2.403,70.04,5000,154.09,1,140.9,0.039,3,0.542,0.0,0
2026-05-23T00:24:26.424,193217,1342,1.081,1.611,3.333,70.04,5000,154.09,1,140.9,0.039,3,0.542,0.0,0
2026-05-23T00:24:26.548,193322,768,0.619,0.922,1.266,70.04,5000,154.09,1,140.9,0.039,3,0.542,0.0,0
2026-05-23T00:24:26.673,193427,295,0.238,0.354,0.0,70.04,5000,154.09,1,140.9,0.039,3,0.542,0.0,0
2026-05-23T00:24:26.799,193531,677,0.546,0.813,0.938,70.04,5000,154.09,1,140.9,0.039,3,0.542,0.0,0
2026-05-23T00:24:26.862,193635,1209,0.974,1.451,2.854,70.04,5000,154.09,1,140.9,0.039,3,0.542,0.0,0
2026-05-23T00:24:26.987,193742,968,0.78,1.162,1.986,70.04,5000,154.09,1,142.55,0.039,3,0.536,0.0,0
2026-05-23T00:24:27.111,193847,305,0.246,0.366,0.0,70.04,5000,154.09,1,142.55,0.039,3,0.536,0.0,0
2026-05-23T00:24:27.173,193951,427,0.344,0.513,0.038,70.04,5000,154.09,1,142.55,0.039,3,0.536,0.0,0
2026-05-23T00:24:27.298,194055,1021,0.823,1.226,2.177,70.04,5000,154.09,1,142.55,0.039,3,0.536,0.0,0
2026-05-23T00:24:27.424,194160,1360,1.096,1.632,3.397,70.04,5000,154.09,1,142.55,0.039,3,0.536,0.0,0
2026-05-23T00:24:27.485,194265,823,0.663,0.988,1.464,70.04,5000,154.09,1,142.55,0.039,3,0.536,0.0,0
2026-05-23T00:24:27.609,194370,272,0.219,0.326,0.0,70.04,5000,154.09,1,142.55,0.039,3,0.536,0.0,0
2026-05-23T00:24:27.733,194474,600,0.484,0.72,0.661,70.04,5000,154.09,1,142.55,0.039,3,0.536,0.0,0
2026-05-23T00:24:27.794,194578,1169,0.942,1.403,2.71,70.04,5000,154.09,1,142.55,0.039,3,0.536,0.0,0
2026-05-23T00:24:27.920,194713,1361,1.097,1.634,3.401,70.04,5000,154.09,1,144.0,0.039,3,0.53,0.0,0
2026-05-23T00:24:28.043,194819,1183,0.953,1.42,2.76,70.04,5000,154.09,1,144.0,0.039,3,0.53,0.0,0
2026-05-23T00:24:28.168,194924,1331,1.073,1.598,3.293,70.04,5000,154.09,1,144.0,0.039,3,0.53,0.0,0
2026-05-23T00:24:28.231,195029,613,0.494,0.736,0.707,70.04,5000,154.09,1,144.0,0.039,3,0.53,0.0,0
2026-05-23T00:24:28.358,195133,283,0.228,0.34,0.0,70.04,5000,154.09,1,144.0,0.039,3,0.53,0.0,0
2026-05-23T00:24:28.481,195237,635,0.512,0.762,0.787,70.04,5000,154.09,1,144.0,0.039,3,0.53,0.0,0
2026-05-23T00:24:28.544,195341,1205,0.971,1.446,2.839,70.04,5000,154.09,1,144.0,0.039,3,0.53,0.0,0
2026-05-23T00:24:28.666,195446,1330,1.072,1.596,3.289,70.04,5000,154.09,1,144.0,0.039,3,0.53,0.0,0
2026-05-23T00:24:28.789,195551,605,0.488,0.726,0.679,70.04,5000,154.09,1,144.0,0.039,3,0.53,0.0,0
2026-05-23T00:24:28.913,195655,271,0.218,0.325,0.0,70.04,5000,154.09,1,144.0,0.039,3,0.53,0.0,0
2026-05-23T00:24:28.977,195761,984,0.793,1.181,2.043,70.04,5000,154.09,1,147.05,0.038,3,0.533,0.0,0
2026-05-23T00:24:29.101,195866,1385,1.116,1.662,3.487,70.04,5000,154.09,1,147.05,0.038,3,0.533,0.0,0
2026-05-23T00:24:29.226,195971,893,0.72,1.072,1.716,70.04,5000,154.09,1,147.05,0.038,3,0.533,0.0,0
2026-05-23T00:24:29.289,196076,258,0.208,0.31,0.0,70.04,5000,154.09,1,147.05,0.038,3,0.533,0.0,0
2026-05-23T00:24:29.411,196180,547,0.441,0.657,0.47,70.04,5000,154.09,1,147.05,0.038,3,0.533,0.0,0
2026-05-23T00:24:29.534,196284,1129,0.91,1.355,2.566,70.04,5000,154.09,1,147.05,0.038,3,0.533,0.0,0
2026-05-23T00:24:29.597,196389,1356,1.093,1.628,3.383,70.04,5000,154.09,1,147.05,0.038,3,0.533,0.0,0
2026-05-23T00:24:29.724,196494,693,0.558,0.832,0.995,70.04,5000,154.09,1,147.05,0.038,3,0.533,0.0,0
2026-05-23T00:24:29.847,196598,244,0.197,0.293,0.0,70.04,5000,154.09,1,147.05,0.038,3,0.533,0.0,0
2026-05-23T00:24:29.974,196733,323,0.26,0.388,0.0,70.04,5000,154.09,1,149.28,0.038,3,0.525,0.0,0
2026-05-23T00:24:30.033,196838,295,0.238,0.354,0.0,70.04,5000,154.09,1,149.28,0.038,3,0.525,0.0,0
2026-05-23T00:24:30.159,196942,409,0.33,0.491,0.0,70.04,5000,154.09,1,149.28,0.038,3,0.525,0.0,0
2026-05-23T00:24:30.283,197046,1031,0.831,1.238,2.213,70.04,5000,154.09,1,149.28,0.038,3,0.525,0.0,0
2026-05-23T00:24:30.345,197151,1375,1.108,1.65,3.451,70.04,5000,154.09,1,149.28,0.038,3,0.525,0.0,0
2026-05-23T00:24:30.470,197256,851,0.686,1.021,1.564,70.04,5000,154.09,1,149.28,0.038,3,0.525,0.0,0
2026-05-23T00:24:30.594,197361,263,0.212,0.316,0.0,70.04,5000,154.09,1,149.28,0.038,3,0.525,0.0,0
2026-05-23T00:24:30.657,197465,582,0.469,0.699,0.596,70.04,5000,154.09,1,149.28,0.038,3,0.525,0.0,0
2026-05-23T00:24:30.783,197569,1176,0.948,1.412,2.735,70.04,5000,154.09,1,149.28,0.038,3,0.525,0.0,0
2026-05-23T00:24:30.908,197674,1357,1.094,1.629,3.387,70.04,5000,154.09,1,149.28,0.038,3,0.525,0.0,0
2026-05-23T00:24:30.971,197781,322,0.259,0.387,0.0,70.04,5000,154.09,1,151.81,0.037,3,0.53,0.0,0
2026-05-23T00:24:31.095,197885,342,0.276,0.411,0.0,70.04,5000,154.09,1,151.81,0.037,3,0.53,0.0,0
2026-05-23T00:24:31.219,197989,955,0.77,1.146,1.939,70.04,5000,154.09,1,151.81,0.037,3,0.53,0.0,0
2026-05-23T00:24:31.342,198094,1397,1.126,1.677,3.531,70.04,5000,154.09,1,151.81,0.037,3,0.53,0.0,0
2026-05-23T00:24:31.405,198199,955,0.77,1.146,1.939,70.04,5000,154.09,1,151.81,0.037,3,0.53,0.0,0
2026-05-23T00:24:31.528,198304,257,0.207,0.308,0.0,70.04,5000,154.09,1,151.81,0.037,3,0.53,0.0,0
2026-05-23T00:24:31.655,198408,498,0.401,0.598,0.293,70.04,5000,154.09,1,151.81,0.037,3,0.53,0.0,0
2026-05-23T00:24:31.716,198512,1099,0.886,1.319,2.457,70.04,5000,154.09,1,151.81,0.037,3,0.53,0.0,0
2026-05-23T00:24:31.841,198617,1382,1.114,1.659,3.477,70.04,5000,154.09,1,151.81,0.037,3,0.53,0.0,0
2026-05-23T00:24:31.967,198753,1098,0.885,1.318,2.454,70.04,5000,154.09,1,153.71,0.037,3,0.524,0.0,0
2026-05-23T00:24:32.091,198858,1380,1.112,1.656,3.469,70.04,5000,154.09,1,153.71,0.037,3,0.524,0.0,0
2026-05-23T00:24:32.153,198963,751,0.605,0.901,1.204,70.04,5000,154.09,1,153.71,0.037,3,0.524,0.0,0
2026-05-23T00:24:32.277,199068,280,0.226,0.336,0.0,70.04,5000,154.09,1,153.71,0.037,3,0.524,0.0,0
2026-05-23T00:24:32.401,199172,691,0.557,0.829,0.988,70.04,5000,154.09,1,153.71,0.037,3,0.524,0.0,0
2026-05-23T00:24:32.464,199276,1248,1.006,1.498,2.994,70.04,5000,154.09,1,153.71,0.037,3,0.524,0.0,0
2026-05-23T00:24:32.591,199381,1323,1.066,1.588,3.264,70.04,5000,154.09,1,153.71,0.037,3,0.524,0.0,0
2026-05-23T00:24:32.714,199486,552,0.445,0.663,0.488,70.04,5000,154.09,1,153.71,0.037,3,0.524,0.0,0
2026-05-23T00:24:32.776,199590,282,0.227,0.338,0.0,70.04,5000,154.09,1,153.71,0.037,3,0.524,0.0,0
2026-05-23T00:24:32.903,199694,707,0.57,0.849,1.046,70.04,5000,154.09,1,153.71,0.037,3,0.524,0.0,0
2026-05-23T00:24:33.027,199800,1377,1.11,1.653,3.459,70.04,5000,154.09,1,154.31,0.037,3,0.522,0.0,0
2026-05-23T00:24:33.090,199905,1021,0.823,1.226,2.177,70.04,5000,154.09,1,154.31,0.037,3,0.522,0.0,0
2026-05-23T00:24:33.213,200010,276,0.222,0.331,0.0,70.04,5000,154.09,1,154.31,0.037,3,0.522,0.0,0
2026-05-23T00:24:33.340,200114,449,0.362,0.539,0.117,70.04,5000,154.09,1,154.31,0.037,3,0.522,0.0,0
2026-05-23T00:24:33.402,200218,1070,0.862,1.284,2.353,70.04,5000,154.09,1,154.31,0.037,3,0.522,0.0,0
2026-05-23T00:24:33.525,200323,1396,1.125,1.676,3.527,70.04,5000,154.09,1,154.31,0.037,3,0.522,0.0,0
2026-05-23T00:24:33.651,200428,820,0.661,0.984,1.453,70.04,5000,154.09,1,154.31,0.037,3,0.522,0.0,0
2026-05-23T00:24:33.776,200533,264,0.213,0.317,0.0,70.04,5000,154.09,1,154.31,0.037,3,0.522,0.0,0
2026-05-23T00:24:33.839,200637,626,0.504,0.751,0.754,70.04,5000,154.09,1,154.31,0.037,3,0.522,0.0,0
2026-05-23T00:24:33.961,200772,945,0.762,1.134,1.903,70.04,5000,154.09,1,154.32,0.036,3,0.536,0.0,0
2026-05-23T00:24:34.086,200877,478,0.385,0.574,0.221,70.04,5000,154.09,1,154.32,0.036,3,0.536,0.0,0
2026-05-23T00:24:34.211,200981,1100,0.886,1.32,2.461,70.04,5000,154.09,1,154.32,0.036,3,0.536,0.0,0
2026-05-23T00:24:34.272,201086,1392,1.122,1.671,3.513,70.04,5000,154.09,1,154.32,0.036,3,0.536,0.0,0
2026-05-23T00:24:34.397,201191,789,0.636,0.947,1.341,70.04,5000,154.09,1,154.32,0.036,3,0.536,0.0,0
2026-05-23T00:24:34.522,201296,273,0.22,0.328,0.0,70.04,5000,154.09,1,154.32,0.036,3,0.536,0.0,0
2026-05-23T00:24:34.584,201400,660,0.532,0.792,0.877,70.04,5000,154.09,1,154.32,0.036,3,0.536,0.0,0
2026-05-23T00:24:34.711,201504,1224,0.986,1.469,2.908,70.04,5000,154.09,1,154.32,0.036,3,0.536,0.0,0
2026-05-23T00:24:34.834,201609,1353,1.09,1.624,3.372,70.04,5000,154.09,1,154.32,0.036,3,0.536,0.0,0
2026-05-23T00:24:34.896,201714,585,0.471,0.702,0.607,70.04,5000,154.09,1,154.32,0.036,3,0.536,0.0,0
2026-05-23T00:24:35.020,201820,383,0.309,0.46,0.0,70.04,5000,154.09,1,154.31,0.037,3,0.522,0.0,0
2026-05-23T00:24:35.144,201924,1018,0.82,1.222,2.166,70.04,5000,154.09,1,154.31,0.037,3,0.522,0.0,0
2026-05-23T00:24:35.207,202029,1402,1.13,1.683,3.549,70.04,5000,154.09,1,154.31,0.037,3,0.522,0.0,0
2026-05-23T00:24:35.333,202134,873,0.704,1.048,1.644,70.04,5000,154.09,1,154.31,0.037,3,0.522,0.0,0
2026-05-23T00:24:35.458,202239,254,0.205,0.305,0.0,70.04,5000,154.09,1,154.31,0.037,3,0.522,0.0,0
2026-05-23T00:24:35.521,202343,578,0.466,0.694,0.581,70.04,5000,154.09,1,154.31,0.037,3,0.522,0.0,0
2026-05-23T00:24:35.644,202447,1168,0.941,1.402,2.706,70.04,5000,154.09,1,154.31,0.037,3,0.522,0.0,0
2026-05-23T00:24:35.768,202552,1376,1.109,1.652,3.455,70.04,5000,154.09,1,154.31,0.037,3,0.522,0.0,0
2026-05-23T00:24:35.829,202657,678,0.546,0.814,0.941,70.04,5000,154.09,1,154.31,0.037,3,0.522,0.0,0
2026-05-23T00:24:36.014,202792,382,0.308,0.459,0.0,70.04,5000,154.09,1,154.33,0.036,3,0.536,0.0,0
2026-05-23T00:24:36.077,202896,1021,0.823,1.226,2.177,70.04,5000,154.09,1,154.33,0.036,3,0.536,0.0,0
2026-05-23T00:24:36.201,203001,279,0.225,0.335,0.0,70.04,5000,154.09,1,154.33,0.036,3,0.536,0.0,0
2026-05-23T00:24:36.325,203105,445,0.359,0.534,0.102,70.04,5000,154.09,1,154.33,0.036,3,0.536,0.0,0
2026-05-23T00:24:36.386,203209,1070,0.862,1.284,2.353,70.04,5000,154.09,1,154.33,0.036,3,0.536,0.0,0
2026-05-23T00:24:36.508,203314,1396,1.125,1.676,3.527,70.04,5000,154.09,1,154.33,0.036,3,0.536,0.0,0
2026-05-23T00:24:36.631,203419,821,0.662,0.985,1.456,70.04,5000,154.09,1,154.33,0.036,3,0.536,0.0,0
2026-05-23T00:24:36.694,203524,265,0.214,0.318,0.0,70.04,5000,154.09,1,154.33,0.036,3,0.536,0.0,0
2026-05-23T00:24:36.821,203628,628,0.506,0.754,0.761,70.04,5000,154.09,1,154.33,0.036,3,0.536,0.0,0
2026-05-23T00:24:36.944,203732,1216,0.98,1.46,2.879,70.04,5000,154.09,1,154.33,0.036,3,0.536,0.0,0
2026-05-23T00:24:37.070,203839,1063,0.857,1.276,2.328,70.04,5000,154.09,1,154.3,0.036,3,0.536,0.0,0
2026-05-23T00:24:37.132,203944,317,0.255,0.381,0.0,70.04,5000,154.09,1,154.3,0.036,3,0.536,0.0,0
2026-05-23T00:24:37.256,204048,372,0.3,0.447,0.0,70.04,5000,154.09,1,154.3,0.036,3,0.536,0.0,0
2026-05-23T00:24:37.319,204152,1001,0.807,1.202,2.105,70.04,5000,154.09,1,154.3,0.036,3,0.536,0.0,0
2026-05-23T00:24:37.442,204257,1404,1.131,1.685,3.556,70.04,5000,154.09,1,154.3,0.036,3,0.536,0.0,0
2026-05-23T00:24:37.565,204362,912,0.735,1.095,1.784,70.04,5000,154.09,1,154.3,0.036,3,0.536,0.0,0
2026-05-23T00:24:37.691,204467,268,0.216,0.322,0.0,70.04,5000,154.09,1,154.3,0.036,3,0.536,0.0,0
2026-05-23T00:24:37.752,204571,556,0.448,0.667,0.502,70.04,5000,154.09,1,154.3,0.036,3,0.536,0.0,0
2026-05-23T00:24:37.877,204675,1162,0.936,1.395,2.684,70.04,5000,154.09,1,154.3,0.036,3,0.536,0.0,0
2026-05-23T00:24:38.004,204811,1394,1.123,1.673,3.52,70.04,5000,154.09,1,154.32,0.037,3,0.522,0.0,0
2026-05-23T00:24:38.128,204916,1161,0.936,1.394,2.681,70.04,5000,154.09,1,154.32,0.037,3,0.522,0.0,0
2026-05-23T00:24:38.190,205021,1374,1.107,1.649,3.448,70.04,5000,154.09,1,154.32,0.037,3,0.522,0.0,0
2026-05-23T00:24:38.314,205126,669,0.539,0.803,0.909,70.04,5000,154.09,1,154.32,0.037,3,0.522,0.0,0
2026-05-23T00:24:38.440,205230,251,0.202,0.301,0.0,70.04,5000,154.09,1,154.32,0.037,3,0.522,0.0,0
2026-05-23T00:24:38.502,205334,589,0.475,0.707,0.621,70.04,5000,154.09,1,154.32,0.037,3,0.522,0.0,0
2026-05-23T00:24:38.626,205438,1175,0.947,1.41,2.731,70.04,5000,154.09,1,154.32,0.037,3,0.522,0.0,0
2026-05-23T00:24:38.751,205543,1362,1.098,1.635,3.405,70.04,5000,154.09,1,154.32,0.037,3,0.522,0.0,0
2026-05-23T00:24:38.811,205648,649,0.523,0.779,0.837,70.04,5000,154.09,1,154.32,0.037,3,0.522,0.0,0
2026-05-23T00:24:38.936,205752,255,0.205,0.306,0.0,70.04,5000,154.09,1,154.32,0.037,3,0.522,0.0,0
2026-05-23T00:24:39.060,205859,1092,0.88,1.311,2.432,70.04,5000,154.09,1,154.33,0.037,3,0.522,0.0,0
2026-05-23T00:24:39.187,205964,1380,1.112,1.656,3.469,70.04,5000,154.09,1,154.33,0.037,3,0.522,0.0,0
2026-05-23T00:24:39.252,206069,752,0.606,0.903,1.208,70.04,5000,154.09,1,154.33,0.037,3,0.522,0.0,0
2026-05-23T00:24:39.375,206174,272,0.219,0.326,0.0,70.04,5000,154.09,1,154.33,0.037,3,0.522,0.0,0
2026-05-23T00:24:39.500,206278,694,0.559,0.833,0.999,70.04,5000,154.09,1,154.33,0.037,3,0.522,0.0,0
2026-05-23T00:24:39.563,206382,1255,1.011,1.506,3.019,70.04,5000,154.09,1,154.33,0.037,3,0.522,0.0,0
2026-05-23T00:24:39.684,206487,1326,1.069,1.592,3.275,70.04,5000,154.09,1,154.33,0.037,3,0.522,0.0,0
2026-05-23T00:24:39.809,206592,548,0.442,0.658,0.473,70.04,5000,154.09,1,154.33,0.037,3,0.522,0.0,0
2026-05-23T00:24:39.872,206696,270,0.218,0.324,0.0,70.04,5000,154.09,1,154.33,0.037,3,0.522,0.0,0
2026-05-23T00:24:39.996,206835,387,0.312,0.465,0.0,70.04,5000,154.09,1,154.32,0.037,3,0.522,0.0,0
2026-05-23T00:24:40.120,206940,617,0.497,0.741,0.722,70.04,5000,154.09,1,154.32,0.037,3,0.522,0.0,0
2026-05-23T00:24:40.245,207044,1199,0.966,1.439,2.818,70.04,5000,154.09,1,154.32,0.037,3,0.522,0.0,0
2026-05-23T00:24:40.306,207149,1353,1.09,1.624,3.372,70.04,5000,154.09,1,154.32,0.037,3,0.522,0.0,0
2026-05-23T00:24:40.433,207254,602,0.485,0.723,0.668,70.04,5000,154.09,1,154.32,0.037,3,0.522,0.0,0
2026-05-23T00:24:40.558,207358,267,0.215,0.32,0.0,70.04,5000,154.09,1,154.32,0.037,3,0.522,0.0,0
2026-05-23T00:24:40.621,207462,635,0.512,0.762,0.787,70.04,5000,154.09,1,154.32,0.037,3,0.522,0.0,0
2026-05-23T00:24:40.746,207566,1218,0.982,1.462,2.886,70.04,5000,154.09,1,154.32,0.037,3,0.522,0.0,0
2026-05-23T00:24:40.867,207671,1353,1.09,1.624,3.372,70.04,5000,154.09,1,154.32,0.037,3,0.522,0.0,0
2026-05-23T00:24:40.991,207776,589,0.475,0.707,0.621,70.04,5000,154.09,1,154.32,0.037,3,0.522,0.0,0
2026-05-23T00:24:41.053,207878,324,0.261,0.389,0.0,70.04,5000,154.09,1,154.3,0.037,3,0.522,0.0,0
2026-05-23T00:24:41.179,207982,342,0.276,0.411,0.0,70.04,5000,154.09,1,154.3,0.037,3,0.522,0.0,0
2026-05-23T00:24:41.240,208086,950,0.766,1.14,1.921,70.04,5000,154.09,1,154.3,0.037,3,0.522,0.0,0
2026-05-23T00:24:41.362,208191,1384,1.115,1.661,3.484,70.04,5000,154.09,1,154.3,0.037,3,0.522,0.0,0
2026-05-23T00:24:41.485,208296,949,0.765,1.139,1.917,70.04,5000,154.09,1,154.3,0.037,3,0.522,0.0,0
2026-05-23T00:24:41.611,208401,256,0.206,0.307,0.0,70.04,5000,154.09,1,154.3,0.037,3,0.522,0.0,0
2026-05-23T00:24:41.673,208505,495,0.399,0.594,0.282,70.04,5000,154.09,1,154.3,0.037,3,0.522,0.0,0
2026-05-23T00:24:41.797,208609,1098,0.885,1.318,2.454,70.04,5000,154.09,1,154.3,0.037,3,0.522,0.0,0
2026-05-23T00:24:41.922,208714,1379,1.111,1.655,3.466,70.04,5000,154.09,1,154.3,0.037,3,0.522,0.0,0
2026-05-23T00:24:42.047,208850,1086,0.875,1.304,2.411,70.04,5000,154.09,1,154.28,0.037,3,0.522,0.0,0
2026-05-23T00:24:42.109,208955,1363,1.098,1.636,3.408,70.04,5000,154.09,1,154.28,0.037,3,0.522,0.0,0
2026-05-23T00:24:42.235,209060,743,0.599,0.892,1.176,70.04,5000,154.09,1,154.28,0.037,3,0.522,0.0,0
2026-05-23T00:24:42.360,209165,276,0.222,0.331,0.0,70.04,5000,154.09,1,154.28,0.037,3,0.522,0.0,0
2026-05-23T00:24:42.422,209269,690,0.556,0.828,0.985,70.04,5000,154.09,1,154.28,0.037,3,0.522,0.0,0
2026-05-23T00:24:42.547,209373,1240,0.999,1.488,2.965,70.04,5000,154.09,1,154.28,0.037,3,0.522,0.0,0
2026-05-23T00:24:42.671,209478,1320,1.064,1.584,3.253,70.04,5000,154.09,1,154.28,0.037,3,0.522,0.0,0
2026-05-23T00:24:42.734,209583,556,0.448,0.667,0.502,70.04,5000,154.09,1,154.28,0.037,3,0.522,0.0,0
2026-05-23T00:24:42.860,209687,272,0.219,0.326,0.0,70.04,5000,154.09,1,154.28,0.037,3,0.522,0.0,0
2026-05-23T00:24:42.984,209791,694,0.559,0.833,0.999,70.04,5000,154.09,1,154.28,0.037,3,0.522,0.0,0
2026-05-23T00:24:43.046,209898,1347,1.085,1.617,3.351,70.04,5000,154.09,1,154.29,0.036,3,0.536,0.0,0
2026-05-23T00:24:43.172,210003,842,0.679,1.011,1.532,70.04,5000,154.09,1,154.29,0.036,3,0.536,0.0,0
2026-05-23T00:24:43.297,210108,253,0.204,0.304,0.0,70.04,5000,154.09,1,154.29,0.036,3,0.536,0.0,0
2026-05-23T00:24:43.358,210212,589,0.475,0.707,0.621,70.04,5000,154.09,1,154.29,0.036,3,0.536,0.0,0
2026-05-23T00:24:43.483,210316,1175,0.947,1.41,2.731,70.04,5000,154.09,1,154.29,0.036,3,0.536,0.0,0
2026-05-23T00:24:43.606,210421,1359,1.095,1.631,3.394,70.04,5000,154.09,1,154.29,0.036,3,0.536,0.0,0
2026-05-23T00:24:43.730,210526,655,0.528,0.786,0.859,70.04,5000,154.09,1,154.29,0.036,3,0.536,0.0,0
2026-05-23T00:24:43.793,210630,247,0.199,0.296,0.0,70.04,5000,154.09,1,154.29,0.036,3,0.536,0.0,0
2026-05-23T00:24:43.917,210734,589,0.475,0.707,0.621,70.04,5000,154.09,1,154.29,0.036,3,0.536,0.0,0
2026-05-23T00:24:44.041,210869,891,0.718,1.069,1.708,70.04,5000,154.09,1,154.32,0.037,3,0.522,0.0,0
2026-05-23T00:24:44.165,210975,604,0.487,0.725,0.675,70.04,5000,154.09,1,154.32,0.037,3,0.522,0.0,0
2026-05-23T00:24:44.227,211079,1185,0.955,1.422,2.767,70.04,5000,154.09,1,154.32,0.037,3,0.522,0.0,0
2026-05-23T00:24:44.353,211184,1358,1.094,1.63,3.39,70.04,5000,154.09,1,154.32,0.037,3,0.522,0.0,0
2026-05-23T00:24:44.480,211289,636,0.513,0.763,0.79,70.04,5000,154.09,1,154.32,0.037,3,0.522,0.0,0
2026-05-23T00:24:44.541,211393,255,0.205,0.306,0.0,70.04,5000,154.09,1,154.32,0.037,3,0.522,0.0,0
2026-05-23T00:24:44.666,211497,598,0.482,0.718,0.653,70.04,5000,154.09,1,154.32,0.037,3,0.522,0.0,0
2026-05-23T00:24:44.790,211601,1178,0.949,1.414,2.742,70.04,5000,154.09,1,154.32,0.037,3,0.522,0.0,0
2026-05-23T00:24:44.852,211706,1360,1.096,1.632,3.397,70.04,5000,154.09,1,154.32,0.037,3,0.522,0.0,0
2026-05-23T00:24:44.976,211811,653,0.526,0.784,0.851,70.04,5000,154.09,1,154.32,0.037,3,0.522,0.0,0
2026-05-23T00:24:45.101,211917,343,0.276,0.412,0.0,70.04,5000,154.09,1,154.32,0.037,3,0.522,0.0,0
2026-05-23T00:24:45.163,212021,958,0.772,1.15,1.95,70.04,5000,154.09,1,154.32,0.037,3,0.522,0.0,0
2026-05-23T00:24:45.288,212126,1397,1.126,1.677,3.531,70.04,5000,154.09,1,154.32,0.037,3,0.522,0.0,0
2026-05-23T00:24:45.414,212231,964,0.777,1.157,1.971,70.04,5000,154.09,1,154.32,0.037,3,0.522,0.0,0
2026-05-23T00:24:45.475,212336,264,0.213,0.317,0.0,70.04,5000,154.09,1,154.32,0.037,3,0.522,0.0,0
2026-05-23T00:24:45.601,212440,486,0.392,0.583,0.25,70.04,5000,154.09,1,154.32,0.037,3,0.522,0.0,0
2026-05-23T00:24:45.724,212544,1090,0.878,1.308,2.425,70.04,5000,154.09,1,154.32,0.037,3,0.522,0.0,0
2026-05-23T00:24:45.786,212649,1386,1.117,1.664,3.491,70.04,5000,154.09,1,154.32,0.037,3,0.522,0.0,0
2026-05-23T00:24:45.912,212754,788,0.635,0.946,1.338,70.04,5000,154.09,1,154.32,0.037,3,0.522,0.0,0
2026-05-23T00:24:46.035,212889,336,0.271,0.403,0.0,70.04,5000,154.09,1,154.33,0.037,3,0.522,0.0,0
2026-05-23T00:24:46.161,212994,955,0.77,1.146,1.939,70.04,5000,154.09,1,154.33,0.037,3,0.522,0.0,0
2026-05-23T00:24:46.284,213099,258,0.208,0.31,0.0,70.04,5000,154.09,1,154.33,0.037,3,0.522,0.0,0
2026-05-23T00:24:46.347,213203,486,0.392,0.583,0.25,70.04,5000,154.09,1,154.33,0.037,3,0.522,0.0,0
2026-05-23T00:24:46.473,213307,1095,0.882,1.314,2.443,70.04,5000,154.09,1,154.33,0.037,3,0.522,0.0,0
2026-05-23T00:24:46.596,213412,1382,1.114,1.659,3.477,70.04,5000,154.09,1,154.33,0.037,3,0.522,0.0,0
2026-05-23T00:24:46.659,213517,787,0.634,0.945,1.334,70.04,5000,154.09,1,154.33,0.037,3,0.522,0.0,0
2026-05-23T00:24:46.782,213622,257,0.207,0.308,0.0,70.04,5000,154.09,1,154.33,0.037,3,0.522,0.0,0
2026-05-23T00:24:46.909,213726,639,0.515,0.767,0.801,70.04,5000,154.09,1,154.33,0.037,3,0.522,0.0,0
2026-05-23T00:24:46.970,213830,1221,0.984,1.466,2.897,70.04,5000,154.09,1,154.33,0.037,3,0.522,0.0,0
2026-05-23T00:24:47.093,213937,1044,0.841,1.253,2.259,70.04,5000,154.09,1,154.3,0.037,3,0.522,0.0,0
2026-05-23T00:24:47.219,214042,303,0.244,0.364,0.0,70.04,5000,154.09,1,154.3,0.037,3,0.522,0.0,0
2026-05-23T00:24:47.282,214146,366,0.295,0.439,0.0,70.04,5000,154.09,1,154.3,0.037,3,0.522,0.0,0
2026-05-23T00:24:47.408,214250,992,0.799,1.191,2.072,70.04,5000,154.09,1,154.3,0.037,3,0.522,0.0,0
2026-05-23T00:24:47.533,214355,1388,1.119,1.666,3.498,70.04,5000,154.09,1,154.3,0.037,3,0.522,0.0,0
2026-05-23T00:24:47.594,214460,919,0.741,1.103,1.809,70.04,5000,154.09,1,154.3,0.037,3,0.522,0.0,0
2026-05-23T00:24:47.718,214565,250,0.201,0.3,0.0,70.04,5000,154.09,1,154.3,0.037,3,0.522,0.0,0
2026-05-23T00:24:47.845,214669,527,0.425,0.633,0.398,70.04,5000,154.09,1,154.3,0.037,3,0.522,0.0,0
2026-05-23T00:24:47.907,214773,1122,0.904,1.347,2.54,70.04,5000,154.09,1,154.3,0.037,3,0.522,0.0,0
2026-05-23T00:24:48.093,214909,1376,1.109,1.652,3.455,70.04,5000,154.09,1,154.33,0.037,3,0.522,0.0,0
2026-05-23T00:24:48.155,215014,1126,0.907,1.352,2.555,70.04,5000,154.09,1,154.33,0.037,3,0.522,0.0,0
2026-05-23T00:24:48.280,215119,1364,1.099,1.637,3.412,70.04,5000,154.09,1,154.33,0.037,3,0.522,0.0,0
2026-05-23T00:24:48.405,215224,734,0.592,0.881,1.143,70.04,5000,154.09,1,154.33,0.037,3,0.522,0.0,0
2026-05-23T00:24:48.469,215329,276,0.222,0.331,0.0,70.04,5000,154.09,1,154.33,0.037,3,0.522,0.0,0
2026-05-23T00:24:48.593,215433,695,0.56,0.834,1.003,70.04,5000,154.09,1,154.33,0.037,3,0.522,0.0,0
2026-05-23T00:24:48.718,215538,1339,1.079,1.607,3.322,70.04,5000,154.09,1,154.33,0.037,3,0.522,0.0,0
2026-05-23T00:24:48.780,215643,1193,0.961,1.432,2.796,70.04,5000,154.09,1,154.33,0.037,3,0.522,0.0,0
2026-05-23T00:24:48.904,215748,400,0.322,0.48,0.0,70.04,5000,154.09,1,154.33,0.037,3,0.522,0.0,0
2026-05-23T00:24:49.029,215852,308,0.248,0.37,0.0,70.04,5000,154.09,1,154.33,0.037,3,0.522,0.0,0
2026-05-23T00:24:49.089,215957,1012,0.816,1.215,2.144,70.04,5000,154.09,1,154.3,0.036,3,0.536,0.0,0
2026-05-23T00:24:49.214,216062,1393,1.123,1.672,3.516,70.04,5000,154.09,1,154.3,0.036,3,0.536,0.0,0
2026-05-23T00:24:49.338,216167,874,0.704,1.049,1.647,70.04,5000,154.09,1,154.3,0.036,3,0.536,0.0,0
2026-05-23T00:24:49.400,216272,248,0.2,0.298,0.0,70.04,5000,154.09,1,154.3,0.036,3,0.536,0.0,0
2026-05-23T00:24:49.525,216376,564,0.455,0.677,0.531,70.04,5000,154.09,1,154.3,0.036,3,0.536,0.0,0
2026-05-23T00:24:49.649,216480,1159,0.934,1.391,2.674,70.04,5000,154.09,1,154.3,0.036,3,0.536,0.0,0
2026-05-23T00:24:49.708,216585,1374,1.107,1.649,3.448,70.04,5000,154.09,1,154.3,0.036,3,0.536,0.0,0
2026-05-23T00:24:49.836,216690,711,0.573,0.853,1.06,70.04,5000,154.09,1,154.3,0.036,3,0.536,0.0,0
2026-05-23T00:24:49.960,216795,288,0.232,0.346,0.0,70.04,5000,154.09,1,154.3,0.036,3,0.536,0.0,0
2026-05-23T00:24:50.085,216928,394,0.318,0.473,0.0,70.04,5000,154.09,1,154.28,0.037,3,0.522,0.0,0
2026-05-23T00:24:50.208,217033,429,0.346,0.515,0.045,70.04,5000,154.09,1,154.28,0.037,3,0.522,0.0,0
2026-05-23T00:24:50.270,217137,305,0.246,0.366,0.0,70.04,5000,154.09,1,154.28,0.037,3,0.522,0.0,0
2026-05-23T00:24:50.394,217241,830,0.669,0.996,1.489,70.04,5000,154.09,1,154.28,0.037,3,0.522,0.0,0
2026-05-23T00:24:50.518,217346,1386,1.117,1.664,3.491,70.04,5000,154.09,1,154.28,0.037,3,0.522,0.0,0
2026-05-23T00:24:50.580,217451,1073,0.865,1.288,2.364,70.04,5000,154.09,1,154.28,0.037,3,0.522,0.0,0
2026-05-23T00:24:50.704,217556,305,0.246,0.366,0.0,70.04,5000,154.09,1,154.28,0.037,3,0.522,0.0,0
2026-05-23T00:24:50.829,217660,370,0.298,0.444,0.0,70.04,5000,154.09,1,154.28,0.037,3,0.522,0.0,0
2026-05-23T00:24:50.893,217764,997,0.803,1.197,2.09,70.04,5000,154.09,1,154.28,0.037,3,0.522,0.0,0
2026-05-23T00:24:51.016,217869,1399,1.127,1.679,3.538,70.04,5000,154.09,1,154.28,0.037,3,0.522,0.0,0
2026-05-23T00:24:51.141,217976,535,0.431,0.642,0.427,70.04,5000,154.09,1,154.23,0.037,3,0.522,0.0,0
2026-05-23T00:24:51.205,218080,280,0.226,0.336,0.0,70.04,5000,154.09,1,154.23,0.037,3,0.522,0.0,0
2026-05-23T00:24:51.327,218184,682,0.55,0.819,0.956,70.04,5000,154.09,1,154.23,0.037,3,0.522,0.0,0
2026-05-23T00:24:51.452,218288,1244,1.002,1.493,2.98,70.04,5000,154.09,1,154.23,0.037,3,0.522,0.0,0
2026-05-23T00:24:51.513,218393,1334,1.075,1.601,3.304,70.04,5000,154.09,1,154.23,0.037,3,0.522,0.0,0
2026-05-23T00:24:51.639,218498,575,0.463,0.69,0.571,70.04,5000,154.09,1,154.23,0.037,3,0.522,0.0,0
2026-05-23T00:24:51.764,218602,276,0.222,0.331,0.0,70.04,5000,154.09,1,154.23,0.037,3,0.522,0.0,0
2026-05-23T00:24:51.826,218706,667,0.538,0.801,0.902,70.04,5000,154.09,1,154.23,0.037,3,0.522,0.0,0
2026-05-23T00:24:51.953,218810,1229,0.99,1.475,2.926,70.04,5000,154.09,1,154.23,0.037,3,0.522,0.0,0
2026-05-23T00:24:52.076,218948,1398,1.127,1.678,3.534,70.04,5000,154.09,1,154.23,0.036,3,0.536,0.0,0
2026-05-23T00:24:52.201,219053,1378,1.11,1.654,3.462,70.04,5000,154.09,1,154.23,0.036,3,0.536,0.0,0
2026-05-23T00:24:52.325,219158,1060,0.854,1.272,2.317,70.04,5000,154.09,1,154.23,0.036,3,0.536,0.0,0
2026-05-23T00:24:52.386,219263,304,0.245,0.365,0.0,70.04,5000,154.09,1,154.23,0.036,3,0.536,0.0,0
2026-05-23T00:24:52.510,219367,377,0.304,0.453,0.0,70.04,5000,154.09,1,154.23,0.036,3,0.536,0.0,0
2026-05-23T00:24:52.637,219471,997,0.803,1.197,2.09,70.04,5000,154.09,1,154.23,0.036,3,0.536,0.0,0
2026-05-23T00:24:52.699,219576,1393,1.123,1.672,3.516,70.04,5000,154.09,1,154.23,0.036,3,0.536,0.0,0
2026-05-23T00:24:52.823,219681,919,0.741,1.103,1.809,70.04,5000,154.09,1,154.23,0.036,3,0.536,0.0,0
2026-05-23T00:24:52.950,219786,255,0.205,0.306,0.0,70.04,5000,154.09,1,154.23,0.036,3,0.536,0.0,0
2026-05-23T00:24:53.010,219890,529,0.426,0.635,0.405,70.04,5000,154.09,1,154.23,0.036,3,0.536,0.0,0
2026-05-23T00:24:53.137,219996,1317,1.061,1.581,3.243,70.04,5000,154.09,1,154.25,0.036,3,0.536,0.0,0
2026-05-23T00:24:53.260,220101,1196,0.964,1.436,2.807,70.04,5000,154.09,1,154.25,0.036,3,0.536,0.0,0
2026-05-23T00:24:53.323,220206,403,0.325,0.484,0.0,70.04,5000,154.09,1,154.25,0.036,3,0.536,0.0,0
2026-05-23T00:24:53.447,220310,317,0.255,0.381,0.0,70.04,5000,154.09,1,154.25,0.036,3,0.536,0.0,0
2026-05-23T00:24:53.571,220414,839,0.676,1.007,1.521,70.04,5000,154.09,1,154.25,0.036,3,0.536,0.0,0
2026-05-23T00:24:53.633,220519,1387,1.118,1.665,3.495,70.04,5000,154.09,1,154.25,0.036,3,0.536,0.0,0
2026-05-23T00:24:53.758,220624,1058,0.853,1.27,2.31,70.04,5000,154.09,1,154.25,0.036,3,0.536,0.0,0
2026-05-23T00:24:53.883,220729,307,0.247,0.369,0.0,70.04,5000,154.09,1,154.25,0.036,3,0.536,0.0,0
2026-05-23T00:24:53.946,220833,380,0.306,0.456,0.0,70.04,5000,154.09,1,154.25,0.036,3,0.536,0.0,0
2026-05-23T00:24:54.133,220967,656,0.529,0.787,0.862,70.04,5000,154.09,1,154.27,0.037,3,0.522,0.0,0
2026-05-23T00:24:54.194,221072,271,0.218,0.325,0.0,70.04,5000,154.09,1,154.27,0.037,3,0.522,0.0,0
2026-05-23T00:24:54.319,221176,634,0.511,0.761,0.783,70.04,5000,154.09,1,154.27,0.037,3,0.522,0.0,0
2026-05-23T00:24:54.443,221280,1208,0.973,1.45,2.85,70.04,5000,154.09,1,154.27,0.037,3,0.522,0.0,0
2026-05-23T00:24:54.505,221385,1358,1.094,1.63,3.39,70.04,5000,154.09,1,154.27,0.037,3,0.522,0.0,0
2026-05-23T00:24:54.628,221490,621,0.5,0.745,0.736,70.04,5000,154.09,1,154.27,0.037,3,0.522,0.0,0
2026-05-23T00:24:54.756,221594,257,0.207,0.308,0.0,70.04,5000,154.09,1,154.27,0.037,3,0.522,0.0,0
2026-05-23T00:24:54.817,221698,612,0.493,0.735,0.704,70.04,5000,154.09,1,154.27,0.037,3,0.522,0.0,0
2026-05-23T00:24:54.941,221802,1191,0.96,1.43,2.789,70.04,5000,154.09,1,154.27,0.037,3,0.522,0.0,0
2026-05-23T00:24:55.066,221907,1366,1.101,1.64,3.419,70.04,5000,154.09,1,154.27,0.037,3,0.522,0.0,0
2026-05-23T00:24:55.129,222015,247,0.199,0.296,0.0,70.04,5000,154.09,1,154.25,0.037,3,0.522,0.0,0
2026-05-23T00:24:55.253,222119,487,0.392,0.585,0.254,70.04,5000,154.09,1,154.25,0.037,3,0.522,0.0,0
2026-05-23T00:24:55.376,222223,1096,0.883,1.316,2.447,70.04,5000,154.09,1,154.25,0.037,3,0.522,0.0,0
2026-05-23T00:24:55.438,222328,1372,1.106,1.647,3.441,70.04,5000,154.09,1,154.25,0.037,3,0.522,0.0,0
2026-05-23T00:24:55.566,222433,786,0.633,0.943,1.33,70.04,5000,154.09,1,154.25,0.037,3,0.522,0.0,0
2026-05-23T00:24:55.689,222538,272,0.219,0.326,0.0,70.04,5000,154.09,1,154.25,0.037,3,0.522,0.0,0
2026-05-23T00:24:55.751,222642,628,0.506,0.754,0.761,70.04,5000,154.09,1,154.25,0.037,3,0.522,0.0,0
2026-05-23T00:24:55.874,222746,1183,0.953,1.42,2.76,70.04,5000,154.09,1,154.25,0.037,3,0.522,0.0,0
2026-05-23T00:24:56.001,222851,1329,1.071,1.595,3.286,70.04,5000,154.09,1,154.25,0.037,3,0.522,0.0,0
2026-05-23T00:24:56.122,222987,971,0.782,1.166,1.997,70.04,5000,154.09,1,153.43,0.037,3,0.525,0.0,0
2026-05-23T00:24:56.250,223092,1311,1.056,1.574,3.221,70.04,5000,154.09,1,153.43,0.037,3,0.525,0.0,0
2026-05-23T00:24:56.311,223197,627,0.505,0.753,0.758,70.04,5000,154.09,1,153.43,0.037,3,0.525,0.0,0
2026-05-23T00:24:56.436,223301,277,0.223,0.332,0.0,70.04,5000,154.09,1,153.43,0.037,3,0.525,0.0,0
2026-05-23T00:24:56.562,223405,604,0.487,0.725,0.675,70.04,5000,154.09,1,153.43,0.037,3,0.525,0.0,0
2026-05-23T00:24:56.622,223509,1143,0.921,1.372,2.616,70.04,5000,154.09,1,153.43,0.037,3,0.525,0.0,0
2026-05-23T00:24:56.746,223614,1304,1.051,1.565,3.196,70.04,5000,154.09,1,153.43,0.037,3,0.525,0.0,0
2026-05-23T00:24:56.870,223719,662,0.533,0.795,0.884,70.04,5000,154.09,1,153.43,0.037,3,0.525,0.0,0
2026-05-23T00:24:56.934,223823,295,0.238,0.354,0.0,70.04,5000,154.09,1,153.43,0.037,3,0.525,0.0,0
2026-05-23T00:24:57.058,223927,578,0.466,0.694,0.581,70.04,5000,154.09,1,153.43,0.037,3,0.525,0.0,0
2026-05-23T00:24:57.183,224035,1280,1.032,1.536,3.109,70.04,5000,154.09,1,139.68,0.039,3,0.547,0.0,0
2026-05-23T00:24:57.245,224140,781,0.629,0.937,1.312,70.04,5000,154.09,1,139.68,0.039,3,0.547,0.0,0
2026-05-23T00:24:57.371,224245,299,0.241,0.359,0.0,70.04,5000,154.09,1,139.68,0.039,3,0.547,0.0,0
2026-05-23T00:24:57.493,224349,612,0.493,0.735,0.704,70.04,5000,154.09,1,139.68,0.039,3,0.547,0.0,0
2026-05-23T00:24:57.555,224453,1120,0.903,1.344,2.533,70.04,5000,154.09,1,139.68,0.039,3,0.547,0.0,0
2026-05-23T00:24:57.679,224558,1266,1.02,1.52,3.059,70.04,5000,154.09,1,139.68,0.039,3,0.547,0.0,0
2026-05-23T00:24:57.803,224663,662,0.533,0.795,0.884,70.04,5000,154.09,1,139.68,0.039,3,0.547,0.0,0
2026-05-23T00:24:57.867,224767,313,0.252,0.376,0.0,70.04,5000,154.09,1,139.68,0.039,3,0.547,0.0,0
2026-05-23T00:24:57.990,224871,589,0.475,0.707,0.621,70.04,5000,154.09,1,139.68,0.039,3,0.547,0.0,0
2026-05-23T00:24:58.116,225007,846,0.682,1.015,1.546,70.04,5000,154.09,1,131.45,0.041,3,0.553,0.0,0
2026-05-23T00:24:58.239,225112,585,0.471,0.702,0.607,70.04,5000,154.09,1,131.45,0.041,3,0.553,0.0,0
2026-05-23T00:24:58.364,225216,1084,0.874,1.301,2.403,70.04,5000,154.09,1,131.45,0.041,3,0.553,0.0,0
2026-05-23T00:24:58.426,225321,1255,1.011,1.506,3.019,70.04,5000,154.09,1,131.45,0.041,3,0.553,0.0,0
2026-05-23T00:24:58.551,225426,697,0.562,0.837,1.01,70.04,5000,154.09,1,131.45,0.041,3,0.553,0.0,0
2026-05-23T00:24:58.673,225531,337,0.272,0.405,0.0,70.04,5000,154.09,1,131.45,0.041,3,0.553,0.0,0
2026-05-23T00:24:58.737,225635,705,0.568,0.846,1.039,70.04,5000,154.09,1,131.45,0.041,3,0.553,0.0,0
2026-05-23T00:24:58.861,225740,1235,0.995,1.482,2.947,70.04,5000,154.09,1,131.45,0.041,3,0.553,0.0,0
2026-05-23T00:24:58.985,225845,1092,0.88,1.311,2.432,70.04,5000,154.09,1,131.45,0.041,3,0.553,0.0,0
2026-05-23T00:24:59.048,225950,450,0.363,0.54,0.12,70.04,5000,154.09,1,131.45,0.041,3,0.553,0.0,0
2026-05-23T00:24:59.173,226055,435,0.351,0.522,0.066,70.04,5000,154.09,1,120.06,0.044,3,0.564,0.0,0
2026-05-23T00:24:59.298,226159,959,0.773,1.151,1.953,70.04,5000,154.09,1,120.06,0.044,3,0.564,0.0,0
2026-05-23T00:24:59.359,226264,1268,1.022,1.522,3.066,70.04,5000,154.09,1,120.06,0.044,3,0.564,0.0,0
2026-05-23T00:24:59.483,226369,851,0.686,1.021,1.564,70.04,5000,154.09,1,120.06,0.044,3,0.564,0.0,0
2026-05-23T00:24:59.610,226474,335,0.27,0.402,0.0,70.04,5000,154.09,1,120.06,0.044,3,0.564,0.0,0
2026-05-23T00:24:59.671,226578,555,0.447,0.666,0.499,70.04,5000,154.09,1,120.06,0.044,3,0.564,0.0,0
2026-05-23T00:24:59.794,226682,1053,0.849,1.264,2.292,70.04,5000,154.09,1,120.06,0.044,3,0.564,0.0,0
2026-05-23T00:24:59.918,226787,1244,1.002,1.493,2.98,70.04,5000,154.09,1,120.06,0.044,3,0.564,0.0,0
2026-05-23T00:24:59.982,226892,739,0.596,0.887,1.161,70.04,5000,154.09,1,120.06,0.044,3,0.564,0.0,0
2026-05-23T00:25:00.168,227027,386,0.311,0.463,0.0,70.04,5000,154.09,1,115.78,0.045,3,0.572,0.0,0
2026-05-23T00:25:00.232,227131,1030,0.83,1.236,2.209,70.04,5000,154.09,1,115.78,0.045,3,0.572,0.0,0
2026-05-23T00:25:00.356,227236,405,0.326,0.486,0.0,70.04,5000,154.09,1,115.78,0.045,3,0.572,0.0,0
2026-05-23T00:25:00.482,227340,410,0.33,0.492,0.0,70.04,5000,154.09,1,115.78,0.045,3,0.572,0.0,0
2026-05-23T00:25:00.543,227444,892,0.719,1.071,1.712,70.04,5000,154.09,1,115.78,0.045,3,0.572,0.0,0
2026-05-23T00:25:00.667,227549,1254,1.011,1.505,3.016,70.04,5000,154.09,1,115.78,0.045,3,0.572,0.0,0
2026-05-23T00:25:00.793,227654,906,0.73,1.087,1.762,70.04,5000,154.09,1,115.78,0.045,3,0.572,0.0,0
2026-05-23T00:25:00.855,227759,353,0.284,0.424,0.0,70.04,5000,154.09,1,115.78,0.045,3,0.572,0.0,0
2026-05-23T00:25:00.981,227863,504,0.406,0.605,0.315,70.04,5000,154.09,1,115.78,0.045,3,0.572,0.0,0
2026-05-23T00:25:01.104,227967,985,0.794,1.182,2.047,70.04,5000,154.09,1,115.78,0.045,3,0.572,0.0,0
2026-05-23T00:25:01.166,228074,1078,0.869,1.294,2.382,70.04,5000,154.09,1,115.49,0.045,3,0.573,0.0,0
2026-05-23T00:25:01.294,228179,535,0.431,0.642,0.427,70.04,5000,154.09,1,115.49,0.045,3,0.573,0.0,0
2026-05-23T00:25:01.418,228283,374,0.301,0.449,0.0,70.04,5000,154.09,1,115.49,0.045,3,0.573,0.0,0
2026-05-23T00:25:01.481,228387,732,0.59,0.879,1.136,70.04,5000,154.09,1,115.49,0.045,3,0.573,0.0,0
2026-05-23T00:25:01.604,228492,1208,0.973,1.45,2.85,70.04,5000,154.09,1,115.49,0.045,3,0.573,0.0,0
2026-05-23T00:25:01.731,228597,1033,0.832,1.24,2.22,70.04,5000,154.09,1,115.49,0.045,3,0.573,0.0,0
2026-05-23T00:25:01.791,228702,442,0.356,0.531,0.092,70.04,5000,154.09,1,115.49,0.045,3,0.573,0.0,0
2026-05-23T00:25:01.917,228806,411,0.331,0.493,0.0,70.04,5000,154.09,1,115.49,0.045,3,0.573,0.0,0
2026-05-23T00:25:02.040,228910,834,0.672,1.001,1.503,70.04,5000,154.09,1,115.49,0.045,3,0.573,0.0,0
2026-05-23T00:25:02.166,229046,1118,0.901,1.342,2.526,70.04,5000,154.09,1,104.47,0.049,3,0.582,0.0,0
2026-05-23T00:25:02.229,229151,825,0.665,0.99,1.471,70.04,5000,154.09,1,104.47,0.049,3,0.582,0.0,0
2026-05-23T00:25:02.353,229256,1201,0.968,1.442,2.825,70.04,5000,154.09,1,104.47,0.049,3,0.582,0.0,0
2026-05-23T00:25:02.478,229361,924,0.745,1.109,1.827,70.04,5000,154.09,1,104.47,0.049,3,0.582,0.0,0
2026-05-23T00:25:02.601,229466,399,0.322,0.479,0.0,70.04,5000,154.09,1,104.47,0.049,3,0.582,0.0,0
2026-05-23T00:25:02.664,229570,475,0.383,0.57,0.21,70.04,5000,154.09,1,104.47,0.049,3,0.582,0.0,0
2026-05-23T00:25:02.787,229674,925,0.745,1.11,1.831,70.04,5000,154.09,1,104.47,0.049,3,0.582,0.0,0
2026-05-23T00:25:02.910,229779,1207,0.973,1.449,2.846,70.04,5000,154.09,1,104.47,0.049,3,0.582,0.0,0
2026-05-23T00:25:02.973,229884,829,0.668,0.995,1.485,70.04,5000,154.09,1,104.47,0.049,3,0.582,0.0,0
2026-05-23T00:25:03.098,229989,370,0.298,0.444,0.0,70.04,5000,154.09,1,104.47,0.049,3,0.582,0.0,0
2026-05-23T00:25:03.223,230094,673,0.542,0.808,0.923,70.04,5000,154.09,1,95.51,0.054,3,0.577,0.0,0
2026-05-23T00:25:03.282,230198,1092,0.88,1.311,2.432,70.04,5000,154.09,1,95.51,0.054,3,0.577,0.0,0
2026-05-23T00:25:03.408,230303,1125,0.907,1.35,2.551,70.04,5000,154.09,1,95.51,0.054,3,0.577,0.0,0
2026-05-23T00:25:03.531,230408,601,0.484,0.721,0.664,70.04,5000,154.09,1,95.51,0.054,3,0.577,0.0,0
2026-05-23T00:25:03.594,230512,405,0.326,0.486,0.0,70.04,5000,154.09,1,95.51,0.054,3,0.577,0.0,0
2026-05-23T00:25:03.718,230616,671,0.541,0.805,0.916,70.04,5000,154.09,1,95.51,0.054,3,0.577,0.0,0
2026-05-23T00:25:03.844,230720,1047,0.844,1.257,2.27,70.04,5000,154.09,1,95.51,0.054,3,0.577,0.0,0
2026-05-23T00:25:03.905,230825,1121,0.903,1.346,2.537,70.04,5000,154.09,1,95.51,0.054,3,0.577,0.0,0
2026-05-23T00:25:04.030,230930,637,0.513,0.765,0.794,70.04,5000,154.09,1,95.51,0.054,3,0.577,0.0,0
2026-05-23T00:25:04.154,231066,495,0.399,0.594,0.282,70.04,5000,154.09,1,83.53,0.065,3,0.549,0.0,0
2026-05-23T00:25:04.279,231171,651,0.525,0.781,0.844,70.04,5000,154.09,1,83.53,0.065,3,0.549,0.0,0
2026-05-23T00:25:04.404,231275,423,0.341,0.508,0.023,70.04,5000,154.09,1,83.53,0.065,3,0.549,0.0,0
2026-05-23T00:25:04.468,231379,637,0.513,0.765,0.794,70.04,5000,154.09,1,83.53,0.065,3,0.549,0.0,0
2026-05-23T00:25:04.594,231483,1008,0.812,1.21,2.13,70.04,5000,154.09,1,83.53,0.065,3,0.549,0.0,0
2026-05-23T00:25:04.656,231588,1109,0.894,1.331,2.493,70.04,5000,154.09,1,83.53,0.065,3,0.549,0.0,0
2026-05-23T00:25:04.781,231693,684,0.551,0.821,0.963,70.04,5000,154.09,1,83.53,0.065,3,0.549,0.0,0
2026-05-23T00:25:04.906,231797,440,0.355,0.528,0.084,70.04,5000,154.09,1,83.53,0.065,3,0.549,0.0,0
2026-05-23T00:25:04.968,231901,615,0.496,0.738,0.715,70.04,5000,154.09,1,83.53,0.065,3,0.549,0.0,0
2026-05-23T00:25:05.093,232005,980,0.79,1.176,2.029,70.04,5000,154.09,1,83.53,0.065,3,0.549,0.0,0
2026-05-23T00:25:05.217,232114,723,0.583,0.868,1.104,70.04,5000,154.09,1,72.15,0.067,3,0.616,0.0,0
2026-05-23T00:25:05.341,232218,475,0.383,0.57,0.21,70.04,5000,154.09,1,72.15,0.067,3,0.616,0.0,0
2026-05-23T00:25:05.404,232322,544,0.438,0.653,0.459,70.04,5000,154.09,1,72.15,0.067,3,0.616,0.0,0
2026-05-23T00:25:05.528,232426,896,0.722,1.075,1.726,70.04,5000,154.09,1,72.15,0.067,3,0.616,0.0,0
2026-05-23T00:25:05.653,232531,1109,0.894,1.331,2.493,70.04,5000,154.09,1,72.15,0.067,3,0.616,0.0,0
2026-05-23T00:25:05.715,232636,811,0.654,0.973,1.42,70.04,5000,154.09,1,72.15,0.067,3,0.616,0.0,0
2026-05-23T00:25:05.838,232740,492,0.396,0.591,0.272,70.04,5000,154.09,1,72.15,0.067,3,0.616,0.0,0
2026-05-23T00:25:05.965,232844,526,0.424,0.631,0.394,70.04,5000,154.09,1,72.15,0.067,3,0.616,0.0,0
2026-05-23T00:25:06.027,232948,870,0.701,1.044,1.633,70.04,5000,154.09,1,72.15,0.067,3,0.616,0.0,0
2026-05-23T00:25:06.150,233086,1065,0.858,1.278,2.335,70.04,5000,154.09,1,63.32,0.063,2,0.498,0.0,0
2026-05-23T00:25:06.274,233191,1015,0.818,1.218,2.155,70.04,5000,154.09,1,63.32,0.063,2,0.498,0.0,0
2026-05-23T00:25:06.399,233296,1052,0.848,1.263,2.288,70.04,5000,154.09,1,63.32,0.063,2,0.498,0.0,0
2026-05-23T00:25:06.461,233401,649,0.523,0.779,0.837,70.04,5000,154.09,1,63.32,0.063,2,0.498,0.0,0
2026-05-23T00:25:06.586,233505,482,0.388,0.579,0.236,70.04,5000,154.09,1,63.32,0.063,2,0.498,0.0,0
2026-05-23T00:25:06.711,233609,669,0.539,0.803,0.909,70.04,5000,154.09,1,63.32,0.063,2,0.498,0.0,0
2026-05-23T00:25:06.772,233713,979,0.789,1.175,2.025,70.04,5000,154.09,1,63.32,0.063,2,0.498,0.0,0
2026-05-23T00:25:06.898,233818,1051,0.847,1.262,2.285,70.04,5000,154.09,1,63.32,0.063,2,0.498,0.0,0
2026-05-23T00:25:07.023,233923,678,0.546,0.814,0.941,70.04,5000,154.09,1,63.32,0.063,2,0.498,0.0,0
2026-05-23T00:25:07.084,234027,496,0.4,0.595,0.286,70.04,5000,154.09,1,63.32,0.063,2,0.498,0.0,0
2026-05-23T00:25:07.211,234133,797,0.642,0.957,1.37,70.04,5000,154.09,1,53.03,0.059,2,0.635,0.0,0
2026-05-23T00:25:07.334,234237,1060,0.854,1.272,2.317,70.04,5000,154.09,1,53.03,0.059,2,0.635,0.0,0
2026-05-23T00:25:07.461,234342,933,0.752,1.12,1.86,70.04,5000,154.09,1,53.03,0.059,2,0.635,0.0,0
2026-05-23T00:25:07.523,234447,567,0.457,0.681,0.542,70.04,5000,154.09,1,53.03,0.059,2,0.635,0.0,0
2026-05-23T00:25:07.646,234551,547,0.441,0.657,0.47,70.04,5000,154.09,1,53.03,0.059,2,0.635,0.0,0
2026-05-23T00:25:07.772,234655,796,0.641,0.955,1.366,70.04,5000,154.09,1,53.03,0.059,2,0.635,0.0,0
2026-05-23T00:25:07.832,234759,1021,0.823,1.226,2.177,70.04,5000,154.09,1,53.03,0.059,2,0.635,0.0,0
2026-05-23T00:25:07.956,234864,936,0.754,1.124,1.871,70.04,5000,154.09,1,53.03,0.059,2,0.635,0.0,0
2026-05-23T00:25:08.082,234969,594,0.479,0.713,0.639,70.04,5000,154.09,1,53.03,0.059,2,0.635,0.0,0
2026-05-23T00:25:08.203,235105,536,0.432,0.643,0.43,70.04,5000,154.09,1,41.07,0.059,2,0.82,0.0,0
2026-05-23T00:25:08.266,235210,594,0.479,0.713,0.639,70.04,5000,154.09,1,41.07,0.059,2,0.82,0.0,0
2026-05-23T00:25:08.393,235314,559,0.45,0.671,0.513,70.04,5000,154.09,1,41.07,0.059,2,0.82,0.0,0
2026-05-23T00:25:08.519,235418,760,0.612,0.912,1.237,70.04,5000,154.09,1,41.07,0.059,2,0.82,0.0,0
2026-05-23T00:25:08.581,235522,979,0.789,1.175,2.025,70.04,5000,154.09,1,41.07,0.059,2,0.82,0.0,0
2026-05-23T00:25:08.705,235627,943,0.76,1.132,1.896,70.04,5000,154.09,1,41.07,0.059,2,0.82,0.0,0
2026-05-23T00:25:08.829,235732,630,0.508,0.756,0.769,70.04,5000,154.09,1,41.07,0.059,2,0.82,0.0,0
2026-05-23T00:25:08.891,235836,565,0.455,0.678,0.535,70.04,5000,154.09,1,41.07,0.059,2,0.82,0.0,0
2026-05-23T00:25:09.016,235940,738,0.595,0.886,1.158,70.04,5000,154.09,1,41.07,0.059,2,0.82,0.0,0
2026-05-23T00:25:09.141,236044,952,0.767,1.143,1.928,70.04,5000,154.09,1,41.07,0.059,2,0.82,0.0,0
2026-05-23T00:25:09.202,236153,638,0.514,0.766,0.797,70.04,5000,154.09,1,28.54,0.024,0,0.0,0.0,0
2026-05-23T00:25:09.328,236257,568,0.458,0.682,0.545,70.04,5000,154.09,1,28.54,0.024,0,0.0,0.0,0
2026-05-23T00:25:09.454,236361,689,0.555,0.827,0.981,70.04,5000,154.09,1,28.54,0.024,0,0.0,0.0,0
2026-05-23T00:25:09.514,236465,910,0.733,1.092,1.777,70.04,5000,154.09,1,28.54,0.024,0,0.0,0.0,0
2026-05-23T00:25:09.638,236569,967,0.779,1.161,1.982,70.04,5000,154.09,1,28.54,0.024,0,0.0,0.0,0
2026-05-23T00:25:09.763,236673,827,0.666,0.993,1.478,70.04,5000,154.09,1,28.54,0.024,0,0.0,0.0,0
2026-05-23T00:25:09.824,236777,627,0.505,0.753,0.758,70.04,5000,154.09,1,28.54,0.024,0,0.0,0.0,0
2026-05-23T00:25:09.950,236881,599,0.483,0.719,0.657,70.04,5000,154.09,1,28.54,0.024,0,0.0,0.0,0
2026-05-23T00:25:10.076,236985,767,0.618,0.921,1.262,70.04,5000,154.09,1,28.54,0.024,0,0.0,0.0,0
2026-05-23T00:25:10.203,237125,860,0.693,1.032,1.597,70.04,5000,154.09,1,13.79,0.0,0,0.0,0.0,0
2026-05-23T00:25:10.325,237230,936,0.754,1.124,1.871,70.04,5000,154.09,1,13.79,0.0,0,0.0,0.0,0
2026-05-23T00:25:10.390,237334,905,0.729,1.086,1.759,70.04,5000,154.09,1,13.79,0.0,0,0.0,0.0,0
2026-05-23T00:25:10.513,237438,724,0.583,0.869,1.107,70.04,5000,154.09,1,13.79,0.0,0,0.0,0.0,0
2026-05-23T00:25:10.636,237542,595,0.479,0.714,0.643,70.04,5000,154.09,1,13.79,0.0,0,0.0,0.0,0
2026-05-23T00:25:10.698,237646,662,0.533,0.795,0.884,70.04,5000,154.09,1,13.79,0.0,0,0.0,0.0,0
2026-05-23T00:25:10.821,237750,846,0.682,1.015,1.546,70.04,5000,154.09,1,13.79,0.0,0,0.0,0.0,0
2026-05-23T00:25:10.947,237854,942,0.759,1.131,1.892,70.04,5000,154.09,1,13.79,0.0,0,0.0,0.0,0
2026-05-23T00:25:11.007,237958,845,0.681,1.014,1.543,70.04,5000,154.09,1,13.79,0.0,0,0.0,0.0,0
2026-05-23T00:25:11.134,238062,660,0.532,0.792,0.877,70.04,5000,154.09,1,13.79,0.0,0,0.0,0.0,0
2026-05-23T00:25:11.260,238163,594,0.479,0.713,0.639,70.04,5000,154.09,1,2.45,0.0,0,0.0,0.0,0
2026-05-23T00:25:11.321,238267,610,0.492,0.732,0.697,70.04,5000,154.09,1,2.45,0.0,0,0.0,0.0,0
2026-05-23T00:25:11.444,238371,756,0.609,0.907,1.222,70.04,5000,154.09,1,2.45,0.0,0,0.0,0.0,0
2026-05-23T00:25:11.572,238475,915,0.737,1.098,1.795,70.04,5000,154.09,1,2.45,0.0,0,0.0,0.0,0
2026-05-23T00:25:11.631,238579,921,0.742,1.106,1.817,70.04,5000,154.09,1,2.45,0.0,0,0.0,0.0,0
2026-05-23T00:25:11.757,238683,750,0.604,0.9,1.201,70.04,5000,154.09,1,2.45,0.0,0,0.0,0.0,0
2026-05-23T00:25:11.880,238787,606,0.488,0.727,0.682,70.04,5000,154.09,1,2.45,0.0,0,0.0,0.0,0
2026-05-23T00:25:11.942,238891,654,0.527,0.785,0.855,70.04,5000,154.09,1,2.45,0.0,0,0.0,0.0,0
2026-05-23T00:25:12.067,238995,829,0.668,0.995,1.485,70.04,5000,154.09,1,2.45,0.0,0,0.0,0.0,0
2026-05-23T00:25:12.191,239144,614,0.495,0.737,0.711,70.04,5000,154.09,1,0.79,0.0,0,0.0,0.0,0
2026-05-23T00:25:12.315,239249,607,0.489,0.729,0.686,70.04,5000,154.09,1,0.79,0.0,0,0.0,0.0,0
2026-05-23T00:25:12.440,239353,654,0.527,0.785,0.855,70.04,5000,154.09,1,0.79,0.0,0,0.0,0.0,0
2026-05-23T00:25:12.503,239457,825,0.665,0.99,1.471,70.04,5000,154.09,1,0.79,0.0,0,0.0,0.0,0
2026-05-23T00:25:12.628,239561,948,0.764,1.138,1.914,70.04,5000,154.09,1,0.79,0.0,0,0.0,0.0,0
2026-05-23T00:25:12.751,239665,894,0.72,1.073,1.719,70.04,5000,154.09,1,0.79,0.0,0,0.0,0.0,0
2026-05-23T00:25:12.815,239769,661,0.533,0.793,0.88,70.04,5000,154.09,1,0.79,0.0,0,0.0,0.0,0
2026-05-23T00:25:12.939,239873,570,0.459,0.684,0.553,70.04,5000,154.09,1,0.79,0.0,0,0.0,0.0,0
2026-05-23T00:25:13.063,239977,675,0.544,0.81,0.931,70.04,5000,154.09,1,0.79,0.0,0,0.0,0.0,0
2026-05-23T00:25:13.124,240081,913,0.736,1.096,1.788,70.04,5000,154.09,1,0.79,0.0,0,0.0,0.0,0
2026-05-23T00:25:13.250,240182,896,0.722,1.075,1.726,70.04,5000,154.09,1,0.64,0.0,0,0.0,0.0,0
2026-05-23T00:25:13.374,240286,983,0.792,1.18,2.04,70.04,5000,154.09,1,0.64,0.0,0,0.0,0.0,0
2026-05-23T00:25:13.437,240390,796,0.641,0.955,1.366,70.04,5000,154.09,1,0.64,0.0,0,0.0,0.0,0
2026-05-23T00:25:13.562,240494,576,0.464,0.691,0.574,70.04,5000,154.09,1,0.64,0.0,0,0.0,0.0,0
2026-05-23T00:25:13.689,240598,588,0.474,0.706,0.617,70.04,5000,154.09,1,0.64,0.0,0,0.0,0.0,0
2026-05-23T00:25:13.751,240702,798,0.643,0.958,1.374,70.04,5000,154.09,1,0.64,0.0,0,0.0,0.0,0
2026-05-23T00:25:13.874,240806,992,0.799,1.191,2.072,70.04,5000,154.09,1,0.64,0.0,0,0.0,0.0,0
2026-05-23T00:25:14.001,240910,948,0.764,1.138,1.914,70.04,5000,154.09,1,0.64,0.0,0,0.0,0.0,0
2026-05-23T00:25:14.062,241014,705,0.568,0.846,1.039,70.04,5000,154.09,1,0.64,0.0,0,0.0,0.0,0
2026-05-23T00:25:14.437,241369,991,0.799,1.19,2.069,70.04,5000,154.09,0,0.64,0.0,0,0.0,0.0,1
2026-05-23T00:25:14.562,241473,924,0.745,1.109,1.827,70.04,5000,154.09,0,0.64,0.0,0,0.0,0.0,1
2026-05-23T00:25:14.624,241577,667,0.538,0.801,0.902,70.04,5000,154.09,0,0.64,0.0,0,0.0,0.0,1
2026-05-23T00:25:14.750,241681,544,0.438,0.653,0.459,70.04,5000,154.09,0,0.64,0.0,0,0.0,0.0,1
2026-05-23T00:25:14.874,241785,671,0.541,0.805,0.916,70.04,5000,154.09,0,0.64,0.0,0,0.0,0.0,1
2026-05-23T00:25:14.937,241889,924,0.745,1.109,1.827,70.04,5000,154.09,0,0.64,0.0,0,0.0,0.0,1
2026-05-23T00:25:15.061,241993,998,0.804,1.198,2.094,70.04,5000,154.09,0,0.64,0.0,0,0.0,0.0,1
2026-05-23T00:25:15.184,242097,832,0.67,0.999,1.496,70.04,5000,154.09,0,0.64,0.0,0,0.0,0.0,1
2026-05-23T00:25:15.431,242375,961,0.774,1.154,1.961,70.04,5000,154.09,0,0.64,0.0,0,0.0,0.0,2
2026-05-23T00:25:15.554,242479,805,0.649,0.966,1.399,70.04,5000,154.09,0,0.64,0.0,0,0.0,0.0,2
2026-05-23T00:25:15.617,242583,572,0.461,0.687,0.56,70.04,5000,154.09,0,0.64,0.0,0,0.0,0.0,2
2026-05-23T00:25:15.741,242687,577,0.465,0.693,0.578,70.04,5000,154.09,0,0.64,0.0,0,0.0,0.0,2
2026-05-23T00:25:15.866,242791,789,0.636,0.947,1.341,70.04,5000,154.09,0,0.64,0.0,0,0.0,0.0,2
2026-05-23T00:25:15.928,242895,995,0.802,1.194,2.083,70.04,5000,154.09,0,0.64,0.0,0,0.0,0.0,2
2026-05-23T00:25:16.053,242999,956,0.77,1.148,1.943,70.04,5000,154.09,0,0.64,0.0,0,0.0,0.0,2
2026-05-23T00:25:16.177,243103,706,0.569,0.847,1.042,70.04,5000,154.09,0,0.64,0.0,0,0.0,0.0,2
2026-05-23T00:25:16.427,243381,925,0.745,1.11,1.831,70.04,5000,154.09,0,0.64,0.0,0,0.0,0.0,3
2026-05-23T00:25:16.552,243485,676,0.545,0.811,0.934,70.04,5000,154.09,0,0.64,0.0,0,0.0,0.0,3
2026-05-23T00:25:16.614,243589,546,0.44,0.655,0.466,70.04,5000,154.09,0,0.64,0.0,0,0.0,0.0,3
2026-05-23T00:25:16.738,243693,655,0.528,0.786,0.859,70.04,5000,154.09,0,0.64,0.0,0,0.0,0.0,3
2026-05-23T00:25:16.863,243797,907,0.731,1.089,1.766,70.04,5000,154.09,0,0.64,0.0,0,0.0,0.0,3
2026-05-23T00:25:16.925,243901,1004,0.809,1.205,2.115,70.04,5000,154.09,0,0.64,0.0,0,0.0,0.0,3
2026-05-23T00:25:17.050,244005,856,0.69,1.027,1.582,70.04,5000,154.09,0,0.64,0.0,0,0.0,0.0,3
2026-05-23T00:25:17.174,244109,608,0.49,0.73,0.689,70.04,5000,154.09,0,0.64,0.0,0,0.0,0.0,3
2026-05-23T00:25:17.424,244387,863,0.695,1.036,1.608,70.04,5000,154.09,0,0.64,0.0,0,0.0,0.0,4
2026-05-23T00:25:17.549,244491,584,0.471,0.701,0.603,70.04,5000,154.09,0,0.64,0.0,0,0.0,0.0,4
2026-05-23T00:25:17.674,244595,573,0.462,0.688,0.563,70.04,5000,154.09,0,0.64,0.0,0,0.0,0.0,4
2026-05-23T00:25:17.734,244699,775,0.625,0.93,1.291,70.04,5000,154.09,0,0.64,0.0,0,0.0,0.0,4
2026-05-23T00:25:17.859,244803,982,0.791,1.179,2.036,70.04,5000,154.09,0,0.64,0.0,0,0.0,0.0,4
2026-05-23T00:25:17.984,244907,968,0.78,1.162,1.986,70.04,5000,154.09,0,0.64,0.0,0,0.0,0.0,4
2026-05-23T00:25:18.046,245011,730,0.588,0.876,1.129,70.04,5000,154.09,0,0.64,0.0,0,0.0,0.0,4
2026-05-23T00:25:18.171,245115,552,0.445,0.663,0.488,70.04,5000,154.09,0,0.64,0.0,0,0.0,0.0,4
2026-05-23T00:25:18.418,245393,761,0.613,0.913,1.24,70.04,5000,154.09,0,0.64,0.0,0,0.0,0.0,5
2026-05-23T00:25:18.543,245497,544,0.438,0.653,0.459,70.04,5000,154.09,0,0.64,0.0,0,0.0,0.0,5
2026-05-23T00:25:18.666,245601,632,0.509,0.759,0.776,70.04,5000,154.09,0,0.64,0.0,0,0.0,0.0,5
2026-05-23T00:25:18.730,245705,884,0.712,1.061,1.683,70.04,5000,154.09,0,0.64,0.0,0,0.0,0.0,5
2026-05-23T00:25:18.854,245809,1012,0.816,1.215,2.144,70.04,5000,154.09,0,0.64,0.0,0,0.0,0.0,5
2026-05-23T00:25:18.979,245913,876,0.706,1.051,1.654,70.04,5000,154.09,0,0.64,0.0,0,0.0,0.0,5
2026-05-23T00:25:19.040,246017,618,0.498,0.742,0.725,70.04,5000,154.09,0,0.64,0.0,0,0.0,0.0,5
2026-05-23T00:25:19.166,246121,558,0.45,0.67,0.509,70.04,5000,154.09,0,0.64,0.0,0,0.0,0.0,5
2026-05-23T00:25:19.416,246399,659,0.531,0.791,0.873,70.04,5000,154.09,0,0.64,0.0,0,0.0,0.0,6
2026-05-23T00:25:19.540,246503,562,0.453,0.675,0.524,70.04,5000,154.09,0,0.64,0.0,0,0.0,0.0,6
2026-05-23T00:25:19.664,246607,746,0.601,0.895,1.186,70.04,5000,154.09,0,0.64,0.0,0,0.0,0.0,6
2026-05-23T00:25:19.724,246711,972,0.783,1.167,2.0,70.04,5000,154.09,0,0.64,0.0,0,0.0,0.0,6
2026-05-23T00:25:19.849,246815,976,0.787,1.172,2.015,70.04,5000,154.09,0,0.64,0.0,0,0.0,0.0,6
2026-05-23T00:25:19.976,246919,755,0.608,0.906,1.219,70.04,5000,154.09,0,0.64,0.0,0,0.0,0.0,6
2026-05-23T00:25:20.034,247023,558,0.45,0.67,0.509,70.04,5000,154.09,0,0.64,0.0,0,0.0,0.0,6
2026-05-23T00:25:20.162,247127,601,0.484,0.721,0.664,70.04,5000,154.09,0,0.64,0.0,0,0.0,0.0,6
2026-05-23T00:25:20.471,247405,579,0.467,0.695,0.585,70.04,5000,154.09,0,0.64,0.0,0,0.0,0.0,7
2026-05-23T00:25:20.533,247509,617,0.497,0.741,0.722,70.04,5000,154.09,0,0.64,0.0,0,0.0,0.0,7
2026-05-23T00:25:20.658,247613,871,0.702,1.045,1.636,70.04,5000,154.09,0,0.64,0.0,0,0.0,0.0,7
2026-05-23T00:25:20.782,247717,1012,0.816,1.215,2.144,70.04,5000,154.09,0,0.64,0.0,0,0.0,0.0,7
2026-05-23T00:25:20.845,247821,893,0.72,1.072,1.716,70.04,5000,154.09,0,0.64,0.0,0,0.0,0.0,7
2026-05-23T00:25:20.968,247925,634,0.511,0.761,0.783,70.04,5000,154.09,0,0.64,0.0,0,0.0,0.0,7
2026-05-23T00:25:21.094,248029,558,0.45,0.67,0.509,70.04,5000,154.09,0,0.64,0.0,0,0.0,0.0,7
2026-05-23T00:25:21.156,248133,711,0.573,0.853,1.06,70.04,5000,154.09,0,0.64,0.0,0,0.0,0.0,7
2026-05-23T00:25:21.467,248411,557,0.449,0.669,0.506,70.04,5000,154.09,0,0.64,0.0,0,0.0,0.0,8
2026-05-23T00:25:21.529,248515,730,0.588,0.876,1.129,70.04,5000,154.09,0,0.64,0.0,0,0.0,0.0,8
2026-05-23T00:25:21.654,248619,961,0.774,1.154,1.961,70.04,5000,154.09,0,0.64,0.0,0,0.0,0.0,8
2026-05-23T00:25:21.782,248723,984,0.793,1.181,2.043,70.04,5000,154.09,0,0.64,0.0,0,0.0,0.0,8
2026-05-23T00:25:21.843,248827,767,0.618,0.921,1.262,70.04,5000,154.09,0,0.64,0.0,0,0.0,0.0,8
2026-05-23T00:25:21.965,248931,562,0.453,0.675,0.524,70.04,5000,154.09,0,0.64,0.0,0,0.0,0.0,8
2026-05-23T00:25:22.088,249035,598,0.482,0.718,0.653,70.04,5000,154.09,0,0.64,0.0,0,0.0,0.0,8
2026-05-23T00:25:22.151,249139,837,0.675,1.005,1.514,70.04,5000,154.09,0,0.64,0.0,0,0.0,0.0,8
2026-05-23T00:25:22.463,249417,578,0.466,0.694,0.581,70.04,5000,154.09,0,0.64,0.0,0,0.0,0.0,9
2026-05-23T00:25:22.523,249521,862,0.695,1.035,1.604,70.04,5000,154.09,0,0.64,0.0,0,0.0,0.0,9
2026-05-23T00:25:22.648,249625,1008,0.812,1.21,2.13,70.04,5000,154.09,0,0.64,0.0,0,0.0,0.0,9
2026-05-23T00:25:22.773,249729,895,0.721,1.074,1.723,70.04,5000,154.09,0,0.64,0.0,0,0.0,0.0,9
2026-05-23T00:25:22.834,249833,639,0.515,0.767,0.801,70.04,5000,154.09,0,0.64,0.0,0,0.0,0.0,9
2026-05-23T00:25:22.959,249937,558,0.45,0.67,0.509,70.04,5000,154.09,0,0.64,0.0,0,0.0,0.0,9
2026-05-23T00:25:23.083,250041,703,0.567,0.844,1.031,70.04,5000,154.09,0,0.64,0.0,0,0.0,0.0,9
2026-05-23T00:25:23.146,250145,944,0.761,1.133,1.899,70.04,5000,154.09,0,0.64,0.0,0,0.0,0.0,9
2026-05-23T00:25:23.454,250423,635,0.512,0.762,0.787,70.04,5000,154.09,0,0.64,0.0,0,0.0,0.0,10
2026-05-23T00:25:23.579,250527,964,0.777,1.157,1.971,70.04,5000,154.09,0,0.64,0.0,0,0.0,0.0,10
2026-05-23T00:25:23.640,250631,977,0.787,1.173,2.018,70.04,5000,154.09,0,0.64,0.0,0,0.0,0.0,10
2026-05-23T00:25:23.764,250735,766,0.617,0.919,1.258,70.04,5000,154.09,0,0.64,0.0,0,0.0,0.0,10
2026-05-23T00:25:23.888,250839,558,0.45,0.67,0.509,70.04,5000,154.09,0,0.64,0.0,0,0.0,0.0,10
2026-05-23T00:25:23.949,250943,602,0.485,0.723,0.668,70.04,5000,154.09,0,0.64,0.0,0,0.0,0.0,10
2026-05-23T00:25:24.074,251047,841,0.678,1.009,1.528,70.04,5000,154.09,0,0.64,0.0,0,0.0,0.0,10
2026-05-23T00:25:24.200,251151,1005,0.81,1.206,2.119,70.04,5000,154.09,0,0.64,0.0,0,0.0,0.0,10
2026-05-23T00:25:24.447,251429,756,0.609,0.907,1.222,70.04,5000,154.09,0,0.64,0.0,0,0.0,0.0,11
2026-05-23T00:25:24.572,251533,1003,0.808,1.204,2.112,70.04,5000,154.09,0,0.64,0.0,0,0.0,0.0,11
2026-05-23T00:25:24.633,251637,891,0.718,1.069,1.708,70.04,5000,154.09,0,0.64,0.0,0,0.0,0.0,11
2026-05-23T00:25:24.758,251741,635,0.512,0.762,0.787,70.04,5000,154.09,0,0.64,0.0,0,0.0,0.0,11
2026-05-23T00:25:24.882,251845,558,0.45,0.67,0.509,70.04,5000,154.09,0,0.64,0.0,0,0.0,0.0,11
2026-05-23T00:25:24.944,251949,706,0.569,0.847,1.042,70.04,5000,154.09,0,0.64,0.0,0,0.0,0.0,11
2026-05-23T00:25:25.068,252053,952,0.767,1.143,1.928,70.04,5000,154.09,0,0.64,0.0,0,0.0,0.0,11
2026-05-23T00:25:25.194,252157,982,0.791,1.179,2.036,70.04,5000,154.09,0,0.64,0.0,0,0.0,0.0,11
2026-05-23T00:25:25.444,252435,865,0.697,1.038,1.615,70.04,5000,154.09,0,0.64,0.0,0,0.0,0.0,12
2026-05-23T00:25:25.567,252539,965,0.778,1.158,1.975,70.04,5000,154.09,0,0.64,0.0,0,0.0,0.0,12
2026-05-23T00:25:25.695,252643,760,0.612,0.912,1.237,70.04,5000,154.09,0,0.64,0.0,0,0.0,0.0,12
2026-05-23T00:25:25.755,252747,562,0.453,0.675,0.524,70.04,5000,154.09,0,0.64,0.0,0,0.0,0.0,12
2026-05-23T00:25:25.880,252851,600,0.484,0.72,0.661,70.04,5000,154.09,0,0.64,0.0,0,0.0,0.0,12
2026-05-23T00:25:26.004,252955,837,0.675,1.005,1.514,70.04,5000,154.09,0,0.64,0.0,0,0.0,0.0,12
2026-05-23T00:25:26.066,253059,1006,0.811,1.208,2.123,70.04,5000,154.09,0,0.64,0.0,0,0.0,0.0,12
2026-05-23T00:25:26.191,253163,923,0.744,1.108,1.824,70.04,5000,154.09,0,0.64,0.0,0,0.0,0.0,12
2026-05-23T00:25:26.441,253441,942,0.759,1.131,1.892,70.04,5000,154.09,0,0.64,0.0,0,0.0,0.0,13
2026-05-23T00:25:26.565,253545,883,0.712,1.06,1.68,70.04,5000,154.09,0,0.64,0.0,0,0.0,0.0,13
2026-05-23T00:25:26.691,253649,623,0.502,0.748,0.743,70.04,5000,154.09,0,0.64,0.0,0,0.0,0.0,13
2026-05-23T00:25:26.752,253753,559,0.45,0.671,0.513,70.04,5000,154.09,0,0.64,0.0,0,0.0,0.0,13
2026-05-23T00:25:26.875,253857,710,0.572,0.852,1.057,70.04,5000,154.09,0,0.64,0.0,0,0.0,0.0,13
2026-05-23T00:25:26.999,253961,953,0.768,1.144,1.932,70.04,5000,154.09,0,0.64,0.0,0,0.0,0.0,13
2026-05-23T00:25:27.062,254065,982,0.791,1.179,2.036,70.04,5000,154.09,0,0.64,0.0,0,0.0,0.0,13
2026-05-23T00:25:27.186,254169,785,0.633,0.942,1.327,70.04,5000,154.09,0,0.64,0.0,0,0.0,0.0,13
2026-05-23T00:25:27.434,254447,945,0.762,1.134,1.903,70.04,5000,154.09,0,0.64,0.0,0,0.0,0.0,14
2026-05-23T00:25:27.560,254551,749,0.604,0.899,1.197,70.04,5000,154.09,0,0.64,0.0,0,0.0,0.0,14
2026-05-23T00:25:27.683,254655,561,0.452,0.673,0.52,70.04,5000,154.09,0,0.64,0.0,0,0.0,0.0,14
2026-05-23T00:25:27.746,254759,600,0.484,0.72,0.661,70.04,5000,154.09,0,0.64,0.0,0,0.0,0.0,14
2026-05-23T00:25:27.871,254863,850,0.685,1.02,1.561,70.04,5000,154.09,0,0.64,0.0,0,0.0,0.0,14
2026-05-23T00:25:27.994,254967,1009,0.813,1.211,2.133,70.04,5000,154.09,0,0.64,0.0,0,0.0,0.0,14
2026-05-23T00:25:28.058,255071,919,0.741,1.103,1.809,70.04,5000,154.09,0,0.64,0.0,0,0.0,0.0,14
2026-05-23T00:25:28.183,255175,659,0.531,0.791,0.873,70.04,5000,154.09,0,0.64,0.0,0,0.0,0.0,14
2026-05-23T00:25:28.492,255453,911,0.734,1.094,1.781,70.04,5000,154.09,0,0.64,0.0,0,0.0,0.0,15
2026-05-23T00:25:28.555,255557,619,0.499,0.743,0.729,70.04,5000,154.09,0,0.64,0.0,0,0.0,0.0,15
2026-05-23T00:25:28.680,255661,565,0.455,0.678,0.535,70.04,5000,154.09,0,0.64,0.0,0,0.0,0.0,15
2026-05-23T00:25:28.804,255765,720,0.58,0.864,1.093,70.04,5000,154.09,0,0.64,0.0,0,0.0,0.0,15
2026-05-23T00:25:28.866,255869,957,0.771,1.149,1.946,70.04,5000,154.09,0,0.64,0.0,0,0.0,0.0,15
2026-05-23T00:25:28.990,255973,980,0.79,1.176,2.029,70.04,5000,154.09,0,0.64,0.0,0,0.0,0.0,15
2026-05-23T00:25:29.115,256077,786,0.633,0.943,1.33,70.04,5000,154.09,0,0.64,0.0,0,0.0,0.0,15
2026-05-23T00:25:29.177,256181,577,0.465,0.693,0.578,70.04,5000,154.09,0,0.64,0.0,0,0.0,0.0,15
2026-05-23T00:25:29.490,256459,803,0.647,0.964,1.392,70.04,5000,154.09,0,0.64,0.0,0,0.0,0.0,16
2026-05-23T00:25:29.549,256563,562,0.453,0.675,0.524,70.04,5000,154.09,0,0.64,0.0,0,0.0,0.0,16
2026-05-23T00:25:29.674,256667,608,0.49,0.73,0.689,70.04,5000,154.09,0,0.64,0.0,0,0.0,0.0,16
2026-05-23T00:25:29.797,256771,857,0.691,1.029,1.586,70.04,5000,154.09,0,0.64,0.0,0,0.0,0.0,16
2026-05-23T00:25:29.859,256875,1002,0.807,1.203,2.108,70.04,5000,154.09,0,0.64,0.0,0,0.0,0.0,16
2026-05-23T00:25:29.983,256979,912,0.735,1.095,1.784,70.04,5000,154.09,0,0.64,0.0,0,0.0,0.0,16
2026-05-23T00:25:30.109,257083,654,0.527,0.785,0.855,70.04,5000,154.09,0,0.64,0.0,0,0.0,0.0,16
2026-05-23T00:25:30.170,257187,558,0.45,0.67,0.509,70.04,5000,154.09,0,0.64,0.0,0,0.0,0.0,16
2026-05-23T00:25:30.481,257465,683,0.55,0.82,0.959,70.04,5000,154.09,0,0.64,0.0,0,0.0,0.0,17
2026-05-23T00:25:30.542,257569,563,0.454,0.676,0.527,70.04,5000,154.09,0,0.64,0.0,0,0.0,0.0,17
2026-05-23T00:25:30.666,257673,729,0.587,0.875,1.125,70.04,5000,154.09,0,0.64,0.0,0,0.0,0.0,17
2026-05-23T00:25:30.793,257777,961,0.774,1.154,1.961,70.04,5000,154.09,0,0.64,0.0,0,0.0,0.0,17
2026-05-23T00:25:30.853,257881,977,0.787,1.173,2.018,70.04,5000,154.09,0,0.64,0.0,0,0.0,0.0,17
2026-05-23T00:25:30.977,257985,779,0.628,0.935,1.305,70.04,5000,154.09,0,0.64,0.0,0,0.0,0.0,17
2026-05-23T00:25:31.104,258089,572,0.461,0.687,0.56,70.04,5000,154.09,0,0.64,0.0,0,0.0,0.0,17
2026-05-23T00:25:31.164,258193,597,0.481,0.717,0.65,70.04,5000,154.09,0,0.64,0.0,0,0.0,0.0,17
2026-05-23T00:25:31.477,258471,599,0.483,0.719,0.657,70.04,5000,154.09,0,0.64,0.0,0,0.0,0.0,18
2026-05-23T00:25:31.599,258575,611,0.492,0.733,0.7,70.04,5000,154.09,0,0.64,0.0,0,0.0,0.0,18
2026-05-23T00:25:31.661,258679,855,0.689,1.026,1.579,70.04,5000,154.09,0,0.64,0.0,0,0.0,0.0,18
2026-05-23T00:25:31.786,258783,1002,0.807,1.203,2.108,70.04,5000,154.09,0,0.64,0.0,0,0.0,0.0,18
2026-05-23T00:25:31.909,258887,912,0.735,1.095,1.784,70.04,5000,154.09,0,0.64,0.0,0,0.0,0.0,18
2026-05-23T00:25:31.972,258991,651,0.525,0.781,0.844,70.04,5000,154.09,0,0.64,0.0,0,0.0,0.0,18
2026-05-23T00:25:32.097,259095,562,0.453,0.675,0.524,70.04,5000,154.09,0,0.64,0.0,0,0.0,0.0,18
2026-05-23T00:25:32.223,259199,698,0.562,0.838,1.013,70.04,5000,154.09,0,0.64,0.0,0,0.0,0.0,18
2026-05-23T00:25:32.471,259477,565,0.455,0.678,0.535,70.04,5000,154.09,0,0.64,0.0,0,0.0,0.0,19
2026-05-23T00:25:32.596,259581,717,0.578,0.861,1.082,70.04,5000,154.09,0,0.64,0.0,0,0.0,0.0,19
2026-05-23T00:25:32.658,259685,957,0.771,1.149,1.946,70.04,5000,154.09,0,0.64,0.0,0,0.0,0.0,19
2026-05-23T00:25:32.781,259789,978,0.788,1.174,2.022,70.04,5000,154.09,0,0.64,0.0,0,0.0,0.0,19
2026-05-23T00:25:32.905,259893,787,0.634,0.945,1.334,70.04,5000,154.09,0,0.64,0.0,0,0.0,0.0,19
2026-05-23T00:25:32.967,259997,573,0.462,0.688,0.563,70.04,5000,154.09,0,0.64,0.0,0,0.0,0.0,19
2026-05-23T00:25:33.092,260101,598,0.482,0.718,0.653,70.04,5000,154.09,0,0.64,0.0,0,0.0,0.0,19
2026-05-23T00:25:33.220,260205,820,0.661,0.984,1.453,70.04,5000,154.09,0,0.64,0.0,0,0.0,0.0,19
2026-05-23T00:25:33.466,260483,579,0.467,0.695,0.585,70.04,5000,154.09,0,0.64,0.0,0,0.0,0.0,20
2026-05-23T00:25:33.591,260587,837,0.675,1.005,1.514,70.04,5000,154.09,0,0.64,0.0,0,0.0,0.0,20
2026-05-23T00:25:33.653,260691,993,0.8,1.192,2.076,70.04,5000,154.09,0,0.64,0.0,0,0.0,0.0,20
2026-05-23T00:25:33.777,260795,924,0.745,1.109,1.827,70.04,5000,154.09,0,0.64,0.0,0,0.0,0.0,20
2026-05-23T00:25:33.900,260899,668,0.538,0.802,0.905,70.04,5000,154.09,0,0.64,0.0,0,0.0,0.0,20
2026-05-23T00:25:33.963,261003,558,0.45,0.67,0.509,70.04,5000,154.09,0,0.64,0.0,0,0.0,0.0,20
2026-05-23T00:25:34.087,261107,681,0.549,0.817,0.952,70.04,5000,154.09,0,0.64,0.0,0,0.0,0.0,20
2026-05-23T00:25:34.211,261211,931,0.75,1.118,1.853,70.04,5000,154.09,0,0.64,0.0,0,0.0,0.0,20
2026-05-23T00:25:34.457,261489,630,0.508,0.756,0.769,70.04,5000,154.09,0,0.64,0.0,0,0.0,0.0,21
2026-05-23T00:25:34.582,261593,941,0.758,1.13,1.889,70.04,5000,154.09,0,0.64,0.0,0,0.0,0.0,21
2026-05-23T00:25:34.706,261697,978,0.788,1.174,2.022,70.04,5000,154.09,0,0.64,0.0,0,0.0,0.0,21
2026-05-23T00:25:34.771,261801,799,0.644,0.959,1.377,70.04,5000,154.09,0,0.64,0.0,0,0.0,0.0,21
2026-05-23T00:25:34.894,261905,582,0.469,0.699,0.596,70.04,5000,154.09,0,0.64,0.0,0,0.0,0.0,21
2026-05-23T00:25:35.019,262009,585,0.471,0.702,0.607,70.04,5000,154.09,0,0.64,0.0,0,0.0,0.0,21
2026-05-23T00:25:35.082,262113,800,0.645,0.96,1.381,70.04,5000,154.09,0,0.64,0.0,0,0.0,0.0,21
2026-05-23T00:25:35.206,262217,989,0.797,1.187,2.061,70.04,5000,154.09,0,0.64,0.0,0,0.0,0.0,21
2026-05-23T00:25:35.455,262495,724,0.583,0.869,1.107,70.04,5000,154.09,0,0.64,0.0,0,0.0,0.0,22
2026-05-23T00:25:35.581,262599,981,0.791,1.178,2.033,70.04,5000,154.09,0,0.64,0.0,0,0.0,0.0,22
2026-05-23T00:25:35.705,262703,920,0.741,1.104,1.813,70.04,5000,154.09,0,0.64,0.0,0,0.0,0.0,22
2026-05-23T00:25:35.770,262807,666,0.537,0.799,0.898,70.04,5000,154.09,0,0.64,0.0,0,0.0,0.0,22
2026-05-23T00:25:35.893,262911,555,0.447,0.666,0.499,70.04,5000,154.09,0,0.64,0.0,0,0.0,0.0,22
2026-05-23T00:25:36.019,263015,669,0.539,0.803,0.909,70.04,5000,154.09,0,0.64,0.0,0,0.0,0.0,22
2026-05-23T00:25:36.080,263119,919,0.741,1.103,1.809,70.04,5000,154.09,0,0.64,0.0,0,0.0,0.0,22
2026-05-23T00:25:36.205,263223,982,0.791,1.179,2.036,70.04,5000,154.09,0,0.64,0.0,0,0.0,0.0,22
2026-05-23T00:25:36.453,263501,834,0.672,1.001,1.503,70.04,5000,154.09,0,0.64,0.0,0,0.0,0.0,23
2026-05-23T00:25:36.578,263605,981,0.791,1.178,2.033,70.04,5000,154.09,0,0.64,0.0,0,0.0,0.0,23
2026-05-23T00:25:36.701,263709,806,0.65,0.967,1.402,70.04,5000,154.09,0,0.64,0.0,0,0.0,0.0,23
2026-05-23T00:25:36.762,263813,587,0.473,0.705,0.614,70.04,5000,154.09,0,0.64,0.0,0,0.0,0.0,23
2026-05-23T00:25:36.888,263917,579,0.467,0.695,0.585,70.04,5000,154.09,0,0.64,0.0,0,0.0,0.0,23
2026-05-23T00:25:37.013,264021,787,0.634,0.945,1.334,70.04,5000,154.09,0,0.64,0.0,0,0.0,0.0,23
2026-05-23T00:25:37.075,264125,976,0.787,1.172,2.015,70.04,5000,154.09,0,0.64,0.0,0,0.0,0.0,23
2026-05-23T00:25:37.201,264229,947,0.763,1.137,1.91,70.04,5000,154.09,0,0.64,0.0,0,0.0,0.0,23
2026-05-23T00:25:37.513,264507,914,0.737,1.097,1.791,70.04,5000,154.09,0,0.64,0.0,0,0.0,0.0,24
2026-05-23T00:25:37.577,264611,929,0.749,1.115,1.845,70.04,5000,154.09,0,0.64,0.0,0,0.0,0.0,24
2026-05-23T00:25:37.699,264715,679,0.547,0.815,0.945,70.04,5000,154.09,0,0.64,0.0,0,0.0,0.0,24
2026-05-23T00:25:37.824,264819,556,0.448,0.667,0.502,70.04,5000,154.09,0,0.64,0.0,0,0.0,0.0,24
2026-05-23T00:25:37.886,264923,665,0.536,0.798,0.895,70.04,5000,154.09,0,0.64,0.0,0,0.0,0.0,24
2026-05-23T00:25:38.009,265027,915,0.737,1.098,1.795,70.04,5000,154.09,0,0.64,0.0,0,0.0,0.0,24
2026-05-23T00:25:38.134,265131,992,0.799,1.191,2.072,70.04,5000,154.09,0,0.64,0.0,0,0.0,0.0,24
2026-05-23T00:25:38.196,265235,846,0.682,1.015,1.546,70.04,5000,154.09,0,0.64,0.0,0,0.0,0.0,24
2026-05-23T00:25:38.509,265513,942,0.759,1.131,1.892,70.04,5000,154.09,0,0.64,0.0,0,0.0,0.0,25
2026-05-23T00:25:38.571,265617,814,0.656,0.977,1.431,70.04,5000,154.09,0,0.64,0.0,0,0.0,0.0,25
2026-05-23T00:25:38.695,265721,597,0.481,0.717,0.65,70.04,5000,154.09,0,0.64,0.0,0,0.0,0.0,25
2026-05-23T00:25:38.819,265825,586,0.472,0.703,0.61,70.04,5000,154.09,0,0.64,0.0,0,0.0,0.0,25
2026-05-23T00:25:38.883,265929,786,0.633,0.943,1.33,70.04,5000,154.09,0,0.64,0.0,0,0.0,0.0,25
2026-05-23T00:25:39.006,266033,976,0.787,1.172,2.015,70.04,5000,154.09,0,0.64,0.0,0,0.0,0.0,25
2026-05-23T00:25:39.131,266137,958,0.772,1.15,1.95,70.04,5000,154.09,0,0.64,0.0,0,0.0,0.0,25
2026-05-23T00:25:39.193,266241,723,0.583,0.868,1.104,70.04,5000,154.09,0,0.64,0.0,0,0.0,0.0,25
2026-05-23T00:25:39.504,266519,925,0.745,1.11,1.831,70.04,5000,154.09,0,0.64,0.0,0,0.0,0.0,26
2026-05-23T00:25:39.567,266623,690,0.556,0.828,0.985,70.04,5000,154.09,0,0.64,0.0,0,0.0,0.0,26
2026-05-23T00:25:39.690,266727,563,0.454,0.676,0.527,70.04,5000,154.09,0,0.64,0.0,0,0.0,0.0,26
2026-05-23T00:25:39.815,266831,654,0.527,0.785,0.855,70.04,5000,154.09,0,0.64,0.0,0,0.0,0.0,26
2026-05-23T00:25:39.878,266935,905,0.729,1.086,1.759,70.04,5000,154.09,0,0.64,0.0,0,0.0,0.0,26
2026-05-23T00:25:40.004,267039,996,0.803,1.196,2.087,70.04,5000,154.09,0,0.64,0.0,0,0.0,0.0,26
2026-05-23T00:25:40.128,267143,856,0.69,1.027,1.582,70.04,5000,154.09,0,0.64,0.0,0,0.0,0.0,26
2026-05-23T00:25:40.189,267247,612,0.493,0.735,0.704,70.04,5000,154.09,0,0.64,0.0,0,0.0,0.0,26
2026-05-23T00:25:40.501,267525,863,0.695,1.036,1.608,70.04,5000,154.09,0,0.64,0.0,0,0.0,0.0,27
2026-05-23T00:25:40.625,267629,596,0.48,0.715,0.646,70.04,5000,154.09,0,0.64,0.0,0,0.0,0.0,27
2026-05-23T00:25:40.689,267733,583,0.47,0.7,0.599,70.04,5000,154.09,0,0.64,0.0,0,0.0,0.0,27
2026-05-23T00:25:40.813,267837,783,0.631,0.94,1.32,70.04,5000,154.09,0,0.64,0.0,0,0.0,0.0,27
2026-05-23T00:25:40.876,267941,977,0.787,1.173,2.018,70.04,5000,154.09,0,0.64,0.0,0,0.0,0.0,27
2026-05-23T00:25:41.000,268045,958,0.772,1.15,1.95,70.04,5000,154.09,0,0.64,0.0,0,0.0,0.0,27
2026-05-23T00:25:41.126,268149,723,0.583,0.868,1.104,70.04,5000,154.09,0,0.64,0.0,0,0.0,0.0,27
2026-05-23T00:25:41.188,268253,563,0.454,0.676,0.527,70.04,5000,154.09,0,0.64,0.0,0,0.0,0.0,27
2026-05-23T00:25:41.497,268531,756,0.609,0.907,1.222,70.04,5000,154.09,0,0.64,0.0,0,0.0,0.0,28
2026-05-23T00:25:41.623,268635,562,0.453,0.675,0.524,70.04,5000,154.09,0,0.64,0.0,0,0.0,0.0,28
2026-05-23T00:25:41.686,268739,657,0.529,0.789,0.866,70.04,5000,154.09,0,0.64,0.0,0,0.0,0.0,28
2026-05-23T00:25:41.810,268843,897,0.723,1.077,1.73,70.04,5000,154.09,0,0.64,0.0,0,0.0,0.0,28
2026-05-23T00:25:41.933,268947,998,0.804,1.198,2.094,70.04,5000,154.09,0,0.64,0.0,0,0.0,0.0,28
2026-05-23T00:25:41.997,269051,858,0.691,1.03,1.59,70.04,5000,154.09,0,0.64,0.0,0,0.0,0.0,28
2026-05-23T00:25:42.122,269155,619,0.499,0.743,0.729,70.04,5000,154.09,0,0.64,0.0,0,0.0,0.0,28
2026-05-23T00:25:42.246,269259,573,0.462,0.688,0.563,70.04,5000,154.09,0,0.64,0.0,0,0.0,0.0,28
2026-05-23T00:25:42.495,269537,651,0.525,0.781,0.844,70.04,5000,154.09,0,0.64,0.0,0,0.0,0.0,29
2026-05-23T00:25:42.618,269641,582,0.469,0.699,0.596,70.04,5000,154.09,0,0.64,0.0,0,0.0,0.0,29
2026-05-23T00:25:42.680,269745,784,0.632,0.941,1.323,70.04,5000,154.09,0,0.64,0.0,0,0.0,0.0,29
2026-05-23T00:25:42.804,269849,975,0.786,1.17,2.011,70.04,5000,154.09,0,0.64,0.0,0,0.0,0.0,29
2026-05-23T00:25:42.929,269953,957,0.771,1.149,1.946,70.04,5000,154.09,0,0.64,0.0,0,0.0,0.0,29
2026-05-23T00:25:42.992,270057,726,0.585,0.871,1.114,70.04,5000,154.09,0,0.64,0.0,0,0.0,0.0,29
2026-05-23T00:25:43.116,270161,567,0.457,0.681,0.542,70.04,5000,154.09,0,0.64,0.0,0,0.0,0.0,29
2026-05-23T00:25:43.241,270265,628,0.506,0.754,0.761,70.04,5000,154.09,0,0.64,0.0,0,0.0,0.0,29
2026-05-23T00:25:43.489,270543,595,0.479,0.714,0.643,70.04,5000,154.09,0,0.64,0.0,0,0.0,0.0,30
2026-05-23T00:25:43.615,270647,654,0.527,0.785,0.855,70.04,5000,154.09,0,0.64,0.0,0,0.0,0.0,30
2026-05-23T00:25:43.677,270751,896,0.722,1.075,1.726,70.04,5000,154.09,0,0.64,0.0,0,0.0,0.0,30
2026-05-23T00:25:43.802,270855,990,0.798,1.188,2.065,70.04,5000,154.09,0,0.64,0.0,0,0.0,0.0,30
2026-05-23T00:25:43.927,270959,850,0.685,1.02,1.561,70.04,5000,154.09,0,0.64,0.0,0,0.0,0.0,30
2026-05-23T00:25:43.988,271063,619,0.499,0.743,0.729,70.04,5000,154.09,0,0.64,0.0,0,0.0,0.0,30
2026-05-23T00:25:44.114,271167,572,0.461,0.687,0.56,70.04,5000,154.09,0,0.64,0.0,0,0.0,0.0,30
2026-05-23T00:25:44.237,271271,750,0.604,0.9,1.201,70.04,5000,154.09,0,0.64,0.0,0,0.0,0.0,30
2026-05-23T00:25:44.488,271549,569,0.459,0.683,0.549,70.04,5000,154.09,0,0.64,0.0,0,0.0,0.0,31
2026-05-23T00:25:44.613,271653,784,0.632,0.941,1.323,70.04,5000,154.09,0,0.64,0.0,0,0.0,0.0,31
2026-05-23T00:25:44.677,271757,978,0.788,1.174,2.022,70.04,5000,154.09,0,0.64,0.0,0,0.0,0.0,31
2026-05-23T00:25:44.802,271861,952,0.767,1.143,1.928,70.04,5000,154.09,0,0.64,0.0,0,0.0,0.0,31
2026-05-23T00:25:44.927,271965,725,0.584,0.87,1.111,70.04,5000,154.09,0,0.64,0.0,0,0.0,0.0,31
2026-05-23T00:25:44.988,272069,572,0.461,0.687,0.56,70.04,5000,154.09,0,0.64,0.0,0,0.0,0.0,31
2026-05-23T00:25:45.113,272173,632,0.509,0.759,0.776,70.04,5000,154.09,0,0.64,0.0,0,0.0,0.0,31
2026-05-23T00:25:45.237,272277,878,0.708,1.054,1.662,70.04,5000,154.09,0,0.64,0.0,0,0.0,0.0,31
2026-05-23T00:25:45.488,272555,598,0.482,0.718,0.653,70.04,5000,154.09,0,0.64,0.0,0,0.0,0.0,32
2026-05-23T00:25:45.612,272659,897,0.723,1.077,1.73,70.04,5000,154.09,0,0.64,0.0,0,0.0,0.0,32
2026-05-23T00:25:45.739,272763,994,0.801,1.193,2.079,70.04,5000,154.09,0,0.64,0.0,0,0.0,0.0,32
2026-05-23T00:25:45.799,272867,864,0.696,1.037,1.611,70.04,5000,154.09,0,0.64,0.0,0,0.0,0.0,32
2026-05-23T00:25:45.925,272971,625,0.504,0.75,0.751,70.04,5000,154.09,0,0.64,0.0,0,0.0,0.0,32
2026-05-23T00:25:46.047,273075,577,0.465,0.693,0.578,70.04,5000,154.09,0,0.64,0.0,0,0.0,0.0,32
2026-05-23T00:25:46.110,273179,753,0.607,0.904,1.212,70.04,5000,154.09,0,0.64,0.0,0,0.0,0.0,32
2026-05-23T00:25:46.235,273283,967,0.779,1.161,1.982,70.04,5000,154.09,0,0.64,0.0,0,0.0,0.0,32
2026-05-23T00:25:46.485,273561,687,0.554,0.825,0.974,70.04,5000,154.09,0,0.64,0.0,0,0.0,0.0,33
2026-05-23T00:25:46.609,273665,963,0.776,1.156,1.968,70.04,5000,154.09,0,0.64,0.0,0,0.0,0.0,33
2026-05-23T00:25:46.731,273769,953,0.768,1.144,1.932,70.04,5000,154.09,0,0.64,0.0,0,0.0,0.0,33
2026-05-23T00:25:46.791,273873,729,0.587,0.875,1.125,70.04,5000,154.09,0,0.64,0.0,0,0.0,0.0,33
2026-05-23T00:25:46.916,273977,565,0.455,0.678,0.535,70.04,5000,154.09,0,0.64,0.0,0,0.0,0.0,33
2026-05-23T00:25:47.041,274081,620,0.5,0.744,0.733,70.04,5000,154.09,0,0.64,0.0,0,0.0,0.0,33
2026-05-23T00:25:47.104,274185,871,0.702,1.045,1.636,70.04,5000,154.09,0,0.64,0.0,0,0.0,0.0,33
2026-05-23T00:25:47.229,274289,994,0.801,1.193,2.079,70.04,5000,154.09,0,0.64,0.0,0,0.0,0.0,33
2026-05-23T00:25:47.538,274567,793,0.639,0.952,1.356,70.04,5000,154.09,0,0.64,0.0,0,0.0,0.0,34
2026-05-23T00:25:47.602,274671,995,0.802,1.194,2.083,70.04,5000,154.09,0,0.64,0.0,0,0.0,0.0,34
2026-05-23T00:25:47.725,274775,860,0.693,1.032,1.597,70.04,5000,154.09,0,0.64,0.0,0,0.0,0.0,34
2026-05-23T00:25:47.789,274879,617,0.497,0.741,0.722,70.04,5000,154.09,0,0.64,0.0,0,0.0,0.0,34
2026-05-23T00:25:47.913,274983,575,0.463,0.69,0.571,70.04,5000,154.09,0,0.64,0.0,0,0.0,0.0,34
2026-05-23T00:25:48.035,275087,739,0.596,0.887,1.161,70.04,5000,154.09,0,0.64,0.0,0,0.0,0.0,34
2026-05-23T00:25:48.098,275191,948,0.764,1.138,1.914,70.04,5000,154.09,0,0.64,0.0,0,0.0,0.0,34
2026-05-23T00:25:48.225,275295,969,0.781,1.163,1.989,70.04,5000,154.09,0,0.64,0.0,0,0.0,0.0,34
2026-05-23T00:25:48.536,275573,872,0.703,1.047,1.64,70.04,5000,154.09,0,0.64,0.0,0,0.0,0.0,35
2026-05-23T00:25:48.598,275677,954,0.769,1.145,1.935,70.04,5000,154.09,0,0.64,0.0,0,0.0,0.0,35
2026-05-23T00:25:48.723,275781,730,0.588,0.876,1.129,70.04,5000,154.09,0,0.64,0.0,0,0.0,0.0,35
2026-05-23T00:25:48.846,275885,567,0.457,0.681,0.542,70.04,5000,154.09,0,0.64,0.0,0,0.0,0.0,35
2026-05-23T00:25:48.910,275989,617,0.497,0.741,0.722,70.04,5000,154.09,0,0.64,0.0,0,0.0,0.0,35
2026-05-23T00:25:49.036,276093,861,0.694,1.033,1.6,70.04,5000,154.09,0,0.64,0.0,0,0.0,0.0,35
2026-05-23T00:25:49.160,276197,987,0.795,1.185,2.054,70.04,5000,154.09,0,0.64,0.0,0,0.0,0.0,35
2026-05-23T00:25:49.222,276301,888,0.716,1.066,1.698,70.04,5000,154.09,0,0.64,0.0,0,0.0,0.0,35
2026-05-23T00:25:49.533,276579,932,0.751,1.119,1.856,70.04,5000,154.09,0,0.64,0.0,0,0.0,0.0,36
2026-05-23T00:25:49.594,276683,860,0.693,1.032,1.597,70.04,5000,154.09,0,0.64,0.0,0,0.0,0.0,36
2026-05-23T00:25:49.719,276787,618,0.498,0.742,0.725,70.04,5000,154.09,0,0.64,0.0,0,0.0,0.0,36
2026-05-23T00:25:49.842,276891,574,0.463,0.689,0.567,70.04,5000,154.09,0,0.64,0.0,0,0.0,0.0,36
2026-05-23T00:25:49.904,276995,731,0.589,0.877,1.132,70.04,5000,154.09,0,0.64,0.0,0,0.0,0.0,36
2026-05-23T00:25:50.028,277099,942,0.759,1.131,1.892,70.04,5000,154.09,0,0.64,0.0,0,0.0,0.0,36
2026-05-23T00:25:50.154,277203,971,0.782,1.166,1.997,70.04,5000,154.09,0,0.64,0.0,0,0.0,0.0,36
2026-05-23T00:25:50.216,277307,770,0.621,0.924,1.273,70.04,5000,154.09,0,0.64,0.0,0,0.0,0.0,36
2026-05-23T00:25:50.526,277585,937,0.755,1.125,1.874,70.04,5000,154.09,0,0.64,0.0,0,0.0,0.0,37
2026-05-23T00:25:50.588,277689,744,0.6,0.893,1.179,70.04,5000,154.09,0,0.64,0.0,0,0.0,0.0,37
2026-05-23T00:25:50.713,277793,578,0.466,0.694,0.581,70.04,5000,154.09,0,0.64,0.0,0,0.0,0.0,37
2026-05-23T00:25:50.839,277897,624,0.503,0.749,0.747,70.04,5000,154.09,0,0.64,0.0,0,0.0,0.0,37
2026-05-23T00:25:50.901,278001,862,0.695,1.035,1.604,70.04,5000,154.09,0,0.64,0.0,0,0.0,0.0,37
2026-05-23T00:25:51.025,278105,996,0.803,1.196,2.087,70.04,5000,154.09,0,0.64,0.0,0,0.0,0.0,37
2026-05-23T00:25:51.149,278209,910,0.733,1.092,1.777,70.04,5000,154.09,0,0.64,0.0,0,0.0,0.0,37
2026-05-23T00:25:51.213,278313,660,0.532,0.792,0.877,70.04,5000,154.09,0,0.64,0.0,0,0.0,0.0,37
2026-05-23T00:25:51.525,278591,895,0.721,1.074,1.723,70.04,5000,154.09,0,0.64,0.0,0,0.0,0.0,38
2026-05-23T00:25:51.589,278695,638,0.514,0.766,0.797,70.04,5000,154.09,0,0.64,0.0,0,0.0,0.0,38
2026-05-23T00:25:51.712,278799,570,0.459,0.684,0.553,70.04,5000,154.09,0,0.64,0.0,0,0.0,0.0,38
2026-05-23T00:25:51.837,278903,730,0.588,0.876,1.129,70.04,5000,154.09,0,0.64,0.0,0,0.0,0.0,38
2026-05-23T00:25:51.960,279007,940,0.758,1.128,1.885,70.04,5000,154.09,0,0.64,0.0,0,0.0,0.0,38
2026-05-23T00:25:52.022,279111,974,0.785,1.169,2.007,70.04,5000,154.09,0,0.64,0.0,0,0.0,0.0,38
2026-05-23T00:25:52.150,279215,776,0.625,0.931,1.294,70.04,5000,154.09,0,0.64,0.0,0,0.0,0.0,38
2026-05-23T00:25:52.211,279319,577,0.465,0.693,0.578,70.04,5000,154.09,0,0.64,0.0,0,0.0,0.0,38
2026-05-23T00:25:52.522,279597,797,0.642,0.957,1.37,70.04,5000,154.09,0,0.64,0.0,0,0.0,0.0,39
2026-05-23T00:25:52.648,279701,576,0.464,0.691,0.574,70.04,5000,154.09,0,0.64,0.0,0,0.0,0.0,39
2026-05-23T00:25:52.710,279805,611,0.492,0.733,0.7,70.04,5000,154.09,0,0.64,0.0,0,0.0,0.0,39
2026-05-23T00:25:52.836,279909,847,0.683,1.017,1.55,70.04,5000,154.09,0,0.64,0.0,0,0.0,0.0,39
2026-05-23T00:25:52.959,280013,985,0.794,1.182,2.047,70.04,5000,154.09,0,0.64,0.0,0,0.0,0.0,39
2026-05-23T00:25:53.023,280117,907,0.731,1.089,1.766,70.04,5000,154.09,0,0.64,0.0,0,0.0,0.0,39
2026-05-23T00:25:53.147,280221,662,0.533,0.795,0.884,70.04,5000,154.09,0,0.64,0.0,0,0.0,0.0,39
2026-05-23T00:25:53.271,280325,566,0.456,0.679,0.538,70.04,5000,154.09,0,0.64,0.0,0,0.0,0.0,39
2026-05-23T00:25:53.521,280603,695,0.56,0.834,1.003,70.04,5000,154.09,0,0.64,0.0,0,0.0,0.0,40
2026-05-23T00:25:53.646,280707,569,0.459,0.683,0.549,70.04,5000,154.09,0,0.64,0.0,0,0.0,0.0,40
2026-05-23T00:25:53.708,280811,719,0.579,0.863,1.089,70.04,5000,154.09,0,0.64,0.0,0,0.0,0.0,40
2026-05-23T00:25:53.831,280915,937,0.755,1.125,1.874,70.04,5000,154.09,0,0.64,0.0,0,0.0,0.0,40
2026-05-23T00:25:53.955,281019,980,0.79,1.176,2.029,70.04,5000,154.09,0,0.64,0.0,0,0.0,0.0,40
2026-05-23T00:25:54.018,281123,788,0.635,0.946,1.338,70.04,5000,154.09,0,0.64,0.0,0,0.0,0.0,40
2026-05-23T00:25:54.143,281227,594,0.479,0.713,0.639,70.04,5000,154.09,0,0.64,0.0,0,0.0,0.0,40
2026-05-23T00:25:54.269,281331,606,0.488,0.727,0.682,70.04,5000,154.09,0,0.64,0.0,0,0.0,0.0,40
2026-05-23T00:25:54.514,281609,615,0.496,0.738,0.715,70.04,5000,154.09,0,0.64,0.0,0,0.0,0.0,41
2026-05-23T00:25:54.639,281713,609,0.491,0.731,0.693,70.04,5000,154.09,0,0.64,0.0,0,0.0,0.0,41
2026-05-23T00:25:54.701,281817,850,0.685,1.02,1.561,70.04,5000,154.09,0,0.64,0.0,0,0.0,0.0,41
2026-05-23T00:25:54.826,281921,991,0.799,1.19,2.069,70.04,5000,154.09,0,0.64,0.0,0,0.0,0.0,41
2026-05-23T00:25:54.950,282025,912,0.735,1.095,1.784,70.04,5000,154.09,0,0.64,0.0,0,0.0,0.0,41
2026-05-23T00:25:55.013,282129,667,0.538,0.801,0.902,70.04,5000,154.09,0,0.64,0.0,0,0.0,0.0,41
2026-05-23T00:25:55.134,282233,569,0.459,0.683,0.549,70.04,5000,154.09,0,0.64,0.0,0,0.0,0.0,41
2026-05-23T00:25:55.261,282337,695,0.56,0.834,1.003,70.04,5000,154.09,0,0.64,0.0,0,0.0,0.0,41
2026-05-23T00:25:55.509,282615,574,0.463,0.689,0.567,70.04,5000,154.09,0,0.64,0.0,0,0.0,0.0,42
2026-05-23T00:25:55.634,282719,722,0.582,0.867,1.1,70.04,5000,154.09,0,0.64,0.0,0,0.0,0.0,42
2026-05-23T00:25:55.757,282823,944,0.761,1.133,1.899,70.04,5000,154.09,0,0.64,0.0,0,0.0,0.0,42
2026-05-23T00:25:55.821,282927,978,0.788,1.174,2.022,70.04,5000,154.09,0,0.64,0.0,0,0.0,0.0,42
2026-05-23T00:25:55.945,283031,783,0.631,0.94,1.32,70.04,5000,154.09,0,0.64,0.0,0,0.0,0.0,42
2026-05-23T00:25:56.070,283135,590,0.475,0.708,0.625,70.04,5000,154.09,0,0.64,0.0,0,0.0,0.0,42
2026-05-23T00:25:56.132,283239,616,0.496,0.739,0.718,70.04,5000,154.09,0,0.64,0.0,0,0.0,0.0,42
2026-05-23T00:25:56.257,283343,831,0.67,0.997,1.492,70.04,5000,154.09,0,0.64,0.0,0,0.0,0.0,42
2026-05-23T00:25:56.507,283621,587,0.473,0.705,0.614,70.04,5000,154.09,0,0.64,0.0,0,0.0,0.0,43
2026-05-23T00:25:56.634,283725,852,0.687,1.023,1.568,70.04,5000,154.09,0,0.64,0.0,0,0.0,0.0,43
2026-05-23T00:25:56.755,283829,993,0.8,1.192,2.076,70.04,5000,154.09,0,0.64,0.0,0,0.0,0.0,43
2026-05-23T00:25:56.819,283933,909,0.733,1.091,1.773,70.04,5000,154.09,0,0.64,0.0,0,0.0,0.0,43
2026-05-23T00:25:56.943,284037,668,0.538,0.802,0.905,70.04,5000,154.09,0,0.64,0.0,0,0.0,0.0,43
2026-05-23T00:25:57.066,284141,571,0.46,0.685,0.556,70.04,5000,154.09,0,0.64,0.0,0,0.0,0.0,43
2026-05-23T00:25:57.128,284245,704,0.567,0.845,1.035,70.04,5000,154.09,0,0.64,0.0,0,0.0,0.0,43
2026-05-23T00:25:57.252,284349,931,0.75,1.118,1.853,70.04,5000,154.09,0,0.64,0.0,0,0.0,0.0,43
2026-05-23T00:25:57.503,284627,653,0.526,0.784,0.851,70.04,5000,154.09,0,0.64,0.0,0,0.0,0.0,44
2026-05-23T00:25:57.627,284731,939,0.757,1.127,1.881,70.04,5000,154.09,0,0.64,0.0,0,0.0,0.0,44
2026-05-23T00:25:57.753,284835,970,0.782,1.164,1.993,70.04,5000,154.09,0,0.64,0.0,0,0.0,0.0,44
2026-05-23T00:25:57.815,284939,766,0.617,0.919,1.258,70.04,5000,154.09,0,0.64,0.0,0,0.0,0.0,44
2026-05-23T00:25:57.943,285043,591,0.476,0.709,0.628,70.04,5000,154.09,0,0.64,0.0,0,0.0,0.0,44
2026-05-23T00:25:58.066,285147,614,0.495,0.737,0.711,70.04,5000,154.09,0,0.64,0.0,0,0.0,0.0,44
2026-05-23T00:25:58.129,285251,836,0.674,1.003,1.51,70.04,5000,154.09,0,0.64,0.0,0,0.0,0.0,44
2026-05-23T00:25:58.253,285355,992,0.799,1.191,2.072,70.04,5000,154.09,0,0.64,0.0,0,0.0,0.0,44
2026-05-23T00:25:58.501,285633,762,0.614,0.915,1.244,70.04,5000,154.09,0,0.64,0.0,0,0.0,0.0,45
2026-05-23T00:25:58.627,285737,982,0.791,1.179,2.036,70.04,5000,154.09,0,0.64,0.0,0,0.0,0.0,45
2026-05-23T00:25:58.751,285841,889,0.716,1.067,1.701,70.04,5000,154.09,0,0.64,0.0,0,0.0,0.0,45
2026-05-23T00:25:58.815,285945,657,0.529,0.789,0.866,70.04,5000,154.09,0,0.64,0.0,0,0.0,0.0,45
2026-05-23T00:25:58.940,286049,574,0.463,0.689,0.567,70.04,5000,154.09,0,0.64,0.0,0,0.0,0.0,45
2026-05-23T00:25:59.065,286153,714,0.575,0.857,1.071,70.04,5000,154.09,0,0.64,0.0,0,0.0,0.0,45
2026-05-23T00:25:59.125,286257,933,0.752,1.12,1.86,70.04,5000,154.09,0,0.64,0.0,0,0.0,0.0,45
2026-05-23T00:25:59.252,286361,979,0.789,1.175,2.025,70.04,5000,154.09,0,0.64,0.0,0,0.0,0.0,45
2026-05-23T00:25:59.563,286639,865,0.697,1.038,1.615,70.04,5000,154.09,0,0.64,0.0,0,0.0,0.0,46
2026-05-23T00:25:59.624,286743,961,0.774,1.154,1.961,70.04,5000,154.09,0,0.64,0.0,0,0.0,0.0,46
2026-05-23T00:25:59.748,286847,759,0.612,0.911,1.233,70.04,5000,154.09,0,0.64,0.0,0,0.0,0.0,46
2026-05-23T00:25:59.872,286951,580,0.467,0.696,0.589,70.04,5000,154.09,0,0.64,0.0,0,0.0,0.0,46
2026-05-23T00:25:59.934,287055,617,0.497,0.741,0.722,70.04,5000,154.09,0,0.64,0.0,0,0.0,0.0,46
2026-05-23T00:26:00.058,287159,831,0.67,0.997,1.492,70.04,5000,154.09,0,0.64,0.0,0,0.0,0.0,46
2026-05-23T00:26:00.184,287263,988,0.796,1.186,2.058,70.04,5000,154.09,0,0.64,0.0,0,0.0,0.0,46
2026-05-23T00:26:00.246,287367,922,0.743,1.107,1.82,70.04,5000,154.09,0,0.64,0.0,0,0.0,0.0,46
2026-05-23T00:26:00.558,287645,925,0.745,1.11,1.831,70.04,5000,154.09,0,0.64,0.0,0,0.0,0.0,47
2026-05-23T00:26:00.621,287749,885,0.713,1.062,1.687,70.04,5000,154.09,0,0.64,0.0,0,0.0,0.0,47
2026-05-23T00:26:00.744,287853,655,0.528,0.786,0.859,70.04,5000,154.09,0,0.64,0.0,0,0.0,0.0,47
2026-05-23T00:26:00.868,287957,572,0.461,0.687,0.56,70.04,5000,154.09,0,0.64,0.0,0,0.0,0.0,47
2026-05-23T00:26:00.931,288061,720,0.58,0.864,1.093,70.04,5000,154.09,0,0.64,0.0,0,0.0,0.0,47
2026-05-23T00:26:01.054,288165,937,0.755,1.125,1.874,70.04,5000,154.09,0,0.64,0.0,0,0.0,0.0,47
2026-05-23T00:26:01.181,288269,972,0.783,1.167,2.0,70.04,5000,154.09,0,0.64,0.0,0,0.0,0.0,47
2026-05-23T00:26:01.243,288373,790,0.637,0.948,1.345,70.04,5000,154.09,0,0.64,0.0,0,0.0,0.0,47
2026-05-23T00:26:01.556,288651,942,0.759,1.131,1.892,70.04,5000,154.09,0,0.64,0.0,0,0.0,0.0,48
2026-05-23T00:26:01.615,288755,749,0.604,0.899,1.197,70.04,5000,154.09,0,0.64,0.0,0,0.0,0.0,48
2026-05-23T00:26:01.740,288859,578,0.466,0.694,0.581,70.04,5000,154.09,0,0.64,0.0,0,0.0,0.0,48
2026-05-23T00:26:01.863,288963,619,0.499,0.743,0.729,70.04,5000,154.09,0,0.64,0.0,0,0.0,0.0,48
2026-05-23T00:26:01.923,289067,842,0.679,1.011,1.532,70.04,5000,154.09,0,0.64,0.0,0,0.0,0.0,48
2026-05-23T00:26:02.048,289171,991,0.799,1.19,2.069,70.04,5000,154.09,0,0.64,0.0,0,0.0,0.0,48
2026-05-23T00:26:02.172,289275,919,0.741,1.103,1.809,70.04,5000,154.09,0,0.64,0.0,0,0.0,0.0,48
2026-05-23T00:26:02.234,289379,676,0.545,0.811,0.934,70.04,5000,154.09,0,0.64,0.0,0,0.0,0.0,48
2026-05-23T00:26:02.549,289657,897,0.723,1.077,1.73,70.04,5000,154.09,0,0.64,0.0,0,0.0,0.0,49
2026-05-23T00:26:02.672,289761,641,0.517,0.769,0.808,70.04,5000,154.09,0,0.64,0.0,0,0.0,0.0,49
2026-05-23T00:26:02.734,289865,574,0.463,0.689,0.567,70.04,5000,154.09,0,0.64,0.0,0,0.0,0.0,49
2026-05-23T00:26:02.860,289969,722,0.582,0.867,1.1,70.04,5000,154.09,0,0.64,0.0,0,0.0,0.0,49
2026-05-23T00:26:02.983,290073,933,0.752,1.12,1.86,70.04,5000,154.09,0,0.64,0.0,0,0.0,0.0,49
2026-05-23T00:26:03.045,290177,967,0.779,1.161,1.982,70.04,5000,154.09,0,0.64,0.0,0,0.0,0.0,49
2026-05-23T00:26:03.171,290281,786,0.633,0.943,1.33,70.04,5000,154.09,0,0.64,0.0,0,0.0,0.0,49
2026-05-23T00:26:03.296,290385,599,0.483,0.719,0.657,70.04,5000,154.09,0,0.64,0.0,0,0.0,0.0,49
2026-05-23T00:26:03.544,290663,806,0.65,0.967,1.402,70.04,5000,154.09,0,0.64,0.0,0,0.0,0.0,50
2026-05-23T00:26:03.668,290767,578,0.466,0.694,0.581,70.04,5000,154.09,0,0.64,0.0,0,0.0,0.0,50
2026-05-23T00:26:03.731,290871,619,0.499,0.743,0.729,70.04,5000,154.09,0,0.64,0.0,0,0.0,0.0,50
2026-05-23T00:26:03.857,290975,845,0.681,1.014,1.543,70.04,5000,154.09,0,0.64,0.0,0,0.0,0.0,50
2026-05-23T00:26:03.980,291079,990,0.798,1.188,2.065,70.04,5000,154.09,0,0.64,0.0,0,0.0,0.0,50
2026-05-23T00:26:04.045,291183,906,0.73,1.087,1.762,70.04,5000,154.09,0,0.64,0.0,0,0.0,0.0,50
2026-05-23T00:26:04.167,291287,669,0.539,0.803,0.909,70.04,5000,154.09,0,0.64,0.0,0,0.0,0.0,50
2026-05-23T00:26:04.291,291391,570,0.459,0.684,0.553,70.04,5000,154.09,0,0.64,0.0,0,0.0,0.0,50
2026-05-23T00:26:04.542,291669,692,0.558,0.831,0.992,70.04,5000,154.09,0,0.64,0.0,0,0.0,0.0,51
2026-05-23T00:26:04.667,291773,575,0.463,0.69,0.571,70.04,5000,154.09,0,0.64,0.0,0,0.0,0.0,51
2026-05-23T00:26:04.727,291877,738,0.595,0.886,1.158,70.04,5000,154.09,0,0.64,0.0,0,0.0,0.0,51
2026-05-23T00:26:04.853,291981,944,0.761,1.133,1.899,70.04,5000,154.09,0,0.64,0.0,0,0.0,0.0,51
2026-05-23T00:26:04.978,292085,973,0.784,1.168,2.004,70.04,5000,154.09,0,0.64,0.0,0,0.0,0.0,51
2026-05-23T00:26:05.040,292189,767,0.618,0.921,1.262,70.04,5000,154.09,0,0.64,0.0,0,0.0,0.0,51
2026-05-23T00:26:05.162,292293,589,0.475,0.707,0.621,70.04,5000,154.09,0,0.64,0.0,0,0.0,0.0,51
2026-05-23T00:26:05.287,292397,621,0.5,0.745,0.736,70.04,5000,154.09,0,0.64,0.0,0,0.0,0.0,51
2026-05-23T00:26:05.534,292675,618,0.498,0.742,0.725,70.04,5000,154.09,0,0.64,0.0,0,0.0,0.0,52
2026-05-23T00:26:05.659,292779,631,0.508,0.757,0.772,70.04,5000,154.09,0,0.64,0.0,0,0.0,0.0,52
2026-05-23T00:26:05.784,292883,866,0.698,1.039,1.618,70.04,5000,154.09,0,0.64,0.0,0,0.0,0.0,52
2026-05-23T00:26:05.846,292987,997,0.803,1.197,2.09,70.04,5000,154.09,0,0.64,0.0,0,0.0,0.0,52
2026-05-23T00:26:05.969,293091,890,0.717,1.068,1.705,70.04,5000,154.09,0,0.64,0.0,0,0.0,0.0,52
2026-05-23T00:26:06.094,293195,654,0.527,0.785,0.855,70.04,5000,154.09,0,0.64,0.0,0,0.0,0.0,52
2026-05-23T00:26:06.158,293299,577,0.465,0.693,0.578,70.04,5000,154.09,0,0.64,0.0,0,0.0,0.0,52
2026-05-23T00:26:06.283,293403,731,0.589,0.877,1.132,70.04,5000,154.09,0,0.64,0.0,0,0.0,0.0,52
2026-05-23T00:26:06.532,293681,581,0.468,0.697,0.592,70.04,5000,154.09,0,0.64,0.0,0,0.0,0.0,53
2026-05-23T00:26:06.658,293785,758,0.611,0.91,1.23,70.04,5000,154.09,0,0.64,0.0,0,0.0,0.0,53
2026-05-23T00:26:06.780,293889,958,0.772,1.15,1.95,70.04,5000,154.09,0,0.64,0.0,0,0.0,0.0,53
2026-05-23T00:26:06.843,293993,960,0.774,1.152,1.957,70.04,5000,154.09,0,0.64,0.0,0,0.0,0.0,53
2026-05-23T00:26:06.966,294097,752,0.606,0.903,1.208,70.04,5000,154.09,0,0.64,0.0,0,0.0,0.0,53
2026-05-23T00:26:07.092,294201,578,0.466,0.694,0.581,70.04,5000,154.09,0,0.64,0.0,0,0.0,0.0,53
2026-05-23T00:26:07.155,294305,626,0.504,0.751,0.754,70.04,5000,154.09,0,0.64,0.0,0,0.0,0.0,53
2026-05-23T00:26:07.280,294409,854,0.688,1.025,1.575,70.04,5000,154.09,0,0.64,0.0,0,0.0,0.0,53
2026-05-23T00:26:07.527,294687,596,0.48,0.715,0.646,70.04,5000,154.09,0,0.64,0.0,0,0.0,0.0,54
2026-05-23T00:26:07.650,294791,874,0.704,1.049,1.647,70.04,5000,154.09,0,0.64,0.0,0,0.0,0.0,54
2026-05-23T00:26:07.774,294895,989,0.797,1.187,2.061,70.04,5000,154.09,0,0.64,0.0,0,0.0,0.0,54
2026-05-23T00:26:07.838,294999,854,0.688,1.025,1.575,70.04,5000,154.09,0,0.64,0.0,0,0.0,0.0,54
2026-05-23T00:26:07.962,295103,626,0.504,0.751,0.754,70.04,5000,154.09,0,0.64,0.0,0,0.0,0.0,54
2026-05-23T00:26:08.087,295207,577,0.465,0.693,0.578,70.04,5000,154.09,0,0.64,0.0,0,0.0,0.0,54
2026-05-23T00:26:08.148,295311,752,0.606,0.903,1.208,70.04,5000,154.09,0,0.64,0.0,0,0.0,0.0,54
2026-05-23T00:26:08.273,295415,952,0.767,1.143,1.928,70.04,5000,154.09,0,0.64,0.0,0,0.0,0.0,54
2026-05-23T00:26:08.583,295693,685,0.552,0.822,0.967,70.04,5000,154.09,0,0.64,0.0,0,0.0,0.0,55
2026-05-23T00:26:08.645,295797,968,0.78,1.162,1.986,70.04,5000,154.09,0,0.64,0.0,0,0.0,0.0,55
2026-05-23T00:26:08.757,295901,942,0.759,1.131,1.892,70.04,5000,154.09,0,0.64,0.0,0,0.0,0.0,55
2026-05-23T00:26:08.879,296005,722,0.582,0.867,1.1,70.04,5000,154.09,0,0.64,0.0,0,0.0,0.0,55
2026-05-23T00:26:08.941,296109,571,0.46,0.685,0.556,70.04,5000,154.09,0,0.64,0.0,0,0.0,0.0,55
2026-05-23T00:26:09.066,296213,649,0.523,0.779,0.837,70.04,5000,154.09,0,0.64,0.0,0,0.0,0.0,55
2026-05-23T00:26:09.192,296317,879,0.708,1.055,1.665,70.04,5000,154.09,0,0.64,0.0,0,0.0,0.0,55
2026-05-23T00:26:09.256,296421,988,0.796,1.186,2.058,70.04,5000,154.09,0,0.64,0.0,0,0.0,0.0,55
2026-05-23T00:26:09.565,296699,814,0.656,0.977,1.431,70.04,5000,154.09,0,0.64,0.0,0,0.0,0.0,56
2026-05-23T00:26:09.686,296803,974,0.785,1.169,2.007,70.04,5000,154.09,0,0.64,0.0,0,0.0,0.0,56
2026-05-23T00:26:09.749,296907,812,0.654,0.975,1.424,70.04,5000,154.09,0,0.64,0.0,0,0.0,0.0,56
2026-05-23T00:26:09.875,297011,599,0.483,0.719,0.657,70.04,5000,154.09,0,0.64,0.0,0,0.0,0.0,56
2026-05-23T00:26:09.999,297115,602,0.485,0.723,0.668,70.04,5000,154.09,0,0.64,0.0,0,0.0,0.0,56
2026-05-23T00:26:10.060,297219,798,0.643,0.958,1.374,70.04,5000,154.09,0,0.64,0.0,0,0.0,0.0,56
2026-05-23T00:26:10.184,297323,972,0.783,1.167,2.0,70.04,5000,154.09,0,0.64,0.0,0,0.0,0.0,56
2026-05-23T00:26:10.310,297427,935,0.753,1.122,1.867,70.04,5000,154.09,0,0.64,0.0,0,0.0,0.0,56
2026-05-23T00:26:10.558,297705,908,0.732,1.09,1.77,70.04,5000,154.09,0,0.64,0.0,0,0.0,0.0,57
2026-05-23T00:26:10.683,297809,898,0.724,1.078,1.734,70.04,5000,154.09,0,0.64,0.0,0,0.0,0.0,57
2026-05-23T00:26:10.745,297913,662,0.533,0.795,0.884,70.04,5000,154.09,0,0.64,0.0,0,0.0,0.0,57
2026-05-23T00:26:10.871,298017,572,0.461,0.687,0.56,70.04,5000,154.09,0,0.64,0.0,0,0.0,0.0,57
2026-05-23T00:26:10.994,298121,708,0.571,0.85,1.05,70.04,5000,154.09,0,0.64,0.0,0,0.0,0.0,57
2026-05-23T00:26:11.057,298225,924,0.745,1.109,1.827,70.04,5000,154.09,0,0.64,0.0,0,0.0,0.0,57
2026-05-23T00:26:11.182,298329,973,0.784,1.168,2.004,70.04,5000,154.09,0,0.64,0.0,0,0.0,0.0,57
2026-05-23T00:26:11.306,298433,782,0.63,0.939,1.316,70.04,5000,154.09,0,0.64,0.0,0,0.0,0.0,57
2026-05-23T00:26:11.556,298711,935,0.753,1.122,1.867,70.04,5000,154.09,0,0.64,0.0,0,0.0,0.0,58
2026-05-23T00:26:11.682,298815,736,0.593,0.883,1.15,70.04,5000,154.09,0,0.64,0.0,0,0.0,0.0,58
2026-05-23T00:26:11.746,298919,576,0.464,0.691,0.574,70.04,5000,154.09,0,0.64,0.0,0,0.0,0.0,58
2026-05-23T00:26:11.869,299023,628,0.506,0.754,0.761,70.04,5000,154.09,0,0.64,0.0,0,0.0,0.0,58
2026-05-23T00:26:11.993,299127,862,0.695,1.035,1.604,70.04,5000,154.09,0,0.64,0.0,0,0.0,0.0,58
2026-05-23T00:26:12.054,299231,982,0.791,1.179,2.036,70.04,5000,154.09,0,0.64,0.0,0,0.0,0.0,58
2026-05-23T00:26:12.179,299335,869,0.7,1.043,1.629,70.04,5000,154.09,0,0.64,0.0,0,0.0,0.0,58
2026-05-23T00:26:12.302,299439,632,0.509,0.759,0.776,70.04,5000,154.09,0,0.64,0.0,0,0.0,0.0,58
2026-05-23T00:26:12.550,299717,866,0.698,1.039,1.618,70.04,5000,154.09,0,0.64,0.0,0,0.0,0.0,59
2026-05-23T00:26:12.674,299821,608,0.49,0.73,0.689,70.04,5000,154.09,0,0.64,0.0,0,0.0,0.0,59
2026-05-23T00:26:12.798,299925,593,0.478,0.712,0.635,70.04,5000,154.09,0,0.64,0.0,0,0.0,0.0,59
2026-05-23T00:26:12.859,300029,790,0.637,0.948,1.345,70.04,5000,154.09,0,0.64,0.0,0,0.0,0.0,59
2026-05-23T00:26:12.983,300133,967,0.779,1.161,1.982,70.04,5000,154.09,0,0.64,0.0,0,0.0,0.0,59
2026-05-23T00:26:13.108,300237,932,0.751,1.119,1.856,70.04,5000,154.09,0,0.64,0.0,0,0.0,0.0,59
2026-05-23T00:26:13.171,300341,699,0.563,0.839,1.017,70.04,5000,154.09,0,0.64,0.0,0,0.0,0.0,59
2026-05-23T00:26:13.294,300445,567,0.457,0.681,0.542,70.04,5000,154.09,0,0.64,0.0,0,0.0,0.0,59
2026-05-23T00:26:13.542,300723,719,0.579,0.863,1.089,70.04,5000,154.09,0,0.64,0.0,0,0.0,0.0,60
2026-05-23T00:26:13.670,300827,566,0.456,0.679,0.538,70.04,5000,154.09,0,0.64,0.0,0,0.0,0.0,60
2026-05-23T00:26:13.792,300931,704,0.567,0.845,1.035,70.04,5000,154.09,0,0.64,0.0,0,0.0,0.0,60
2026-05-23T00:26:13.858,301035,930,0.749,1.116,1.849,70.04,5000,154.09,0,0.64,0.0,0,0.0,0.0,60
2026-05-23T00:26:13.982,301139,961,0.774,1.154,1.961,70.04,5000,154.09,0,0.64,0.0,0,0.0,0.0,60
2026-05-23T00:26:14.106,301243,767,0.618,0.921,1.262,70.04,5000,154.09,0,0.64,0.0,0,0.0,0.0,60
2026-05-23T00:26:14.169,301347,585,0.471,0.702,0.607,70.04,5000,154.09,0,0.64,0.0,0,0.0,0.0,60
2026-05-23T00:26:14.293,301451,615,0.496,0.738,0.715,70.04,5000,154.09,0,0.64,0.0,0,0.0,0.0,60
2026-05-23T00:26:14.542,301729,608,0.49,0.73,0.689,70.04,5000,154.09,0,0.64,0.0,0,0.0,0.0,61
2026-05-23T00:26:14.668,301833,635,0.512,0.762,0.787,70.04,5000,154.09,0,0.64,0.0,0,0.0,0.0,61
2026-05-23T00:26:14.793,301937,873,0.704,1.048,1.644,70.04,5000,154.09,0,0.64,0.0,0,0.0,0.0,61
2026-05-23T00:26:14.854,302041,985,0.794,1.182,2.047,70.04,5000,154.09,0,0.64,0.0,0,0.0,0.0,61
2026-05-23T00:26:14.978,302145,844,0.68,1.013,1.539,70.04,5000,154.09,0,0.64,0.0,0,0.0,0.0,61
2026-05-23T00:26:15.103,302249,624,0.503,0.749,0.747,70.04,5000,154.09,0,0.64,0.0,0,0.0,0.0,61
2026-05-23T00:26:15.165,302353,586,0.472,0.703,0.61,70.04,5000,154.09,0,0.64,0.0,0,0.0,0.0,61
2026-05-23T00:26:15.289,302457,770,0.621,0.924,1.273,70.04,5000,154.09,0,0.64,0.0,0,0.0,0.0,61
2026-05-23T00:26:15.602,302735,577,0.465,0.693,0.578,70.04,5000,154.09,0,0.64,0.0,0,0.0,0.0,62
2026-05-23T00:26:15.662,302839,809,0.652,0.971,1.413,70.04,5000,154.09,0,0.64,0.0,0,0.0,0.0,62
2026-05-23T00:26:15.788,302943,977,0.787,1.173,2.018,70.04,5000,154.09,0,0.64,0.0,0,0.0,0.0,62
2026-05-23T00:26:15.913,303047,920,0.741,1.104,1.813,70.04,5000,154.09,0,0.64,0.0,0,0.0,0.0,62
2026-05-23T00:26:15.974,303151,676,0.545,0.811,0.934,70.04,5000,154.09,0,0.64,0.0,0,0.0,0.0,62
2026-05-23T00:26:16.100,303255,569,0.459,0.683,0.549,70.04,5000,154.09,0,0.64,0.0,0,0.0,0.0,62
2026-05-23T00:26:16.162,303359,698,0.562,0.838,1.013,70.04,5000,154.09,0,0.64,0.0,0,0.0,0.0,62
2026-05-23T00:26:16.286,303463,921,0.742,1.106,1.817,70.04,5000,154.09,0,0.64,0.0,0,0.0,0.0,62
2026-05-23T00:26:16.598,303741,653,0.526,0.784,0.851,70.04,5000,154.09,0,0.64,0.0,0,0.0,0.0,63
2026-05-23T00:26:16.660,303845,939,0.757,1.127,1.881,70.04,5000,154.09,0,0.64,0.0,0,0.0,0.0,63
2026-05-23T00:26:16.784,303949,949,0.765,1.139,1.917,70.04,5000,154.09,0,0.64,0.0,0,0.0,0.0,63
2026-05-23T00:26:16.910,304053,735,0.592,0.882,1.147,70.04,5000,154.09,0,0.64,0.0,0,0.0,0.0,63
2026-05-23T00:26:16.972,304157,572,0.461,0.687,0.56,70.04,5000,154.09,0,0.64,0.0,0,0.0,0.0,63
2026-05-23T00:26:17.099,304261,635,0.512,0.762,0.787,70.04,5000,154.09,0,0.64,0.0,0,0.0,0.0,63
2026-05-23T00:26:17.222,304365,869,0.7,1.043,1.629,70.04,5000,154.09,0,0.64,0.0,0,0.0,0.0,63
2026-05-23T00:26:17.284,304469,983,0.792,1.18,2.04,70.04,5000,154.09,0,0.64,0.0,0,0.0,0.0,63
2026-05-23T00:26:17.594,304747,800,0.645,0.96,1.381,70.04,5000,154.09,0,0.64,0.0,0,0.0,0.0,64
2026-05-23T00:26:17.657,304851,966,0.778,1.16,1.979,70.04,5000,154.09,0,0.64,0.0,0,0.0,0.0,64
2026-05-23T00:26:17.783,304955,795,0.641,0.954,1.363,70.04,5000,154.09,0,0.64,0.0,0,0.0,0.0,64
2026-05-23T00:26:17.906,305059,600,0.484,0.72,0.661,70.04,5000,154.09,0,0.64,0.0,0,0.0,0.0,64
2026-05-23T00:26:17.969,305163,597,0.481,0.717,0.65,70.04,5000,154.09,0,0.64,0.0,0,0.0,0.0,64
2026-05-23T00:26:18.093,305267,815,0.657,0.978,1.435,70.04,5000,154.09,0,0.64,0.0,0,0.0,0.0,64
2026-05-23T00:26:18.217,305371,980,0.79,1.176,2.029,70.04,5000,154.09,0,0.64,0.0,0,0.0,0.0,64
2026-05-23T00:26:18.277,305475,917,0.739,1.101,1.802,70.04,5000,154.09,0,0.64,0.0,0,0.0,0.0,64
2026-05-23T00:26:18.591,305753,913,0.736,1.096,1.788,70.04,5000,154.09,0,0.64,0.0,0,0.0,0.0,65
2026-05-23T00:26:18.654,305857,865,0.697,1.038,1.615,70.04,5000,154.09,0,0.64,0.0,0,0.0,0.0,65
2026-05-23T00:26:18.778,305961,630,0.508,0.756,0.769,70.04,5000,154.09,0,0.64,0.0,0,0.0,0.0,65
2026-05-23T00:26:18.901,306065,578,0.466,0.694,0.581,70.04,5000,154.09,0,0.64,0.0,0,0.0,0.0,65
2026-05-23T00:26:18.965,306169,757,0.61,0.909,1.226,70.04,5000,154.09,0,0.64,0.0,0,0.0,0.0,65
2026-05-23T00:26:19.090,306273,947,0.763,1.137,1.91,70.04,5000,154.09,0,0.64,0.0,0,0.0,0.0,65
2026-05-23T00:26:19.215,306377,948,0.764,1.138,1.914,70.04,5000,154.09,0,0.64,0.0,0,0.0,0.0,65
2026-05-23T00:26:19.279,306481,729,0.587,0.875,1.125,70.04,5000,154.09,0,0.64,0.0,0,0.0,0.0,65
2026-05-23T00:26:19.587,306759,913,0.736,1.096,1.788,70.04,5000,154.09,0,0.64,0.0,0,0.0,0.0,66
2026-05-23T00:26:19.713,306863,677,0.546,0.813,0.938,70.04,5000,154.09,0,0.64,0.0,0,0.0,0.0,66
2026-05-23T00:26:19.776,306967,568,0.458,0.682,0.545,70.04,5000,154.09,0,0.64,0.0,0,0.0,0.0,66
2026-05-23T00:26:19.898,307071,697,0.562,0.837,1.01,70.04,5000,154.09,0,0.64,0.0,0,0.0,0.0,66
2026-05-23T00:26:20.022,307175,923,0.744,1.108,1.824,70.04,5000,154.09,0,0.64,0.0,0,0.0,0.0,66
2026-05-23T00:26:20.086,307279,973,0.784,1.168,2.004,70.04,5000,154.09,0,0.64,0.0,0,0.0,0.0,66
2026-05-23T00:26:20.209,307383,789,0.636,0.947,1.341,70.04,5000,154.09,0,0.64,0.0,0,0.0,0.0,66
2026-05-23T00:26:20.334,307487,587,0.473,0.705,0.614,70.04,5000,154.09,0,0.64,0.0,0,0.0,0.0,66
2026-05-23T00:26:20.584,307765,800,0.645,0.96,1.381,70.04,5000,154.09,0,0.64,0.0,0,0.0,0.0,67
2026-05-23T00:26:20.712,307869,571,0.46,0.685,0.556,70.04,5000,154.09,0,0.64,0.0,0,0.0,0.0,67
2026-05-23T00:26:20.773,307973,638,0.514,0.766,0.797,70.04,5000,154.09,0,0.64,0.0,0,0.0,0.0,67
2026-05-23T00:26:20.896,308077,877,0.707,1.053,1.658,70.04,5000,154.09,0,0.64,0.0,0,0.0,0.0,67
2026-05-23T00:26:21.021,308181,974,0.785,1.169,2.007,70.04,5000,154.09,0,0.64,0.0,0,0.0,0.0,67
2026-05-23T00:26:21.081,308285,839,0.676,1.007,1.521,70.04,5000,154.09,0,0.64,0.0,0,0.0,0.0,67
2026-05-23T00:26:21.206,308389,619,0.499,0.743,0.729,70.04,5000,154.09,0,0.64,0.0,0,0.0,0.0,67
2026-05-23T00:26:21.330,308493,583,0.47,0.7,0.599,70.04,5000,154.09,0,0.64,0.0,0,0.0,0.0,67
2026-05-23T00:26:21.578,308771,647,0.521,0.777,0.83,70.04,5000,154.09,0,0.64,0.0,0,0.0,0.0,68
2026-05-23T00:26:21.702,308875,602,0.485,0.723,0.668,70.04,5000,154.09,0,0.64,0.0,0,0.0,0.0,68
2026-05-23T00:26:21.762,308979,829,0.668,0.995,1.485,70.04,5000,154.09,0,0.64,0.0,0,0.0,0.0,68
2026-05-23T00:26:21.888,309083,981,0.791,1.178,2.033,70.04,5000,154.09,0,0.64,0.0,0,0.0,0.0,68
2026-05-23T00:26:22.013,309187,892,0.719,1.071,1.712,70.04,5000,154.09,0,0.64,0.0,0,0.0,0.0,68
2026-05-23T00:26:22.076,309291,659,0.531,0.791,0.873,70.04,5000,154.09,0,0.64,0.0,0,0.0,0.0,68
2026-05-23T00:26:22.201,309395,570,0.459,0.684,0.553,70.04,5000,154.09,0,0.64,0.0,0,0.0,0.0,68
2026-05-23T00:26:22.326,309499,725,0.584,0.87,1.111,70.04,5000,154.09,0,0.64,0.0,0,0.0,0.0,68
2026-05-23T00:26:22.575,309777,571,0.46,0.685,0.556,70.04,5000,154.09,0,0.64,0.0,0,0.0,0.0,69
2026-05-23T00:26:22.699,309881,769,0.62,0.923,1.269,70.04,5000,154.09,0,0.64,0.0,0,0.0,0.0,69
2026-05-23T00:26:22.823,309985,961,0.774,1.154,1.961,70.04,5000,154.09,0,0.64,0.0,0,0.0,0.0,69
2026-05-23T00:26:22.886,310089,923,0.744,1.108,1.824,70.04,5000,154.09,0,0.64,0.0,0,0.0,0.0,69
2026-05-23T00:26:23.011,310193,692,0.558,0.831,0.992,70.04,5000,154.09,0,0.64,0.0,0,0.0,0.0,69
2026-05-23T00:26:23.136,310297,564,0.455,0.677,0.531,70.04,5000,154.09,0,0.64,0.0,0,0.0,0.0,69
2026-05-23T00:26:23.197,310401,672,0.542,0.807,0.92,70.04,5000,154.09,0,0.64,0.0,0,0.0,0.0,69
2026-05-23T00:26:23.322,310505,895,0.721,1.074,1.723,70.04,5000,154.09,0,0.64,0.0,0,0.0,0.0,69
2026-05-23T00:26:23.571,310783,628,0.506,0.754,0.761,70.04,5000,154.09,0,0.64,0.0,0,0.0,0.0,70
2026-05-23T00:26:23.695,310887,935,0.753,1.122,1.867,70.04,5000,154.09,0,0.64,0.0,0,0.0,0.0,70
2026-05-23T00:26:23.819,310991,947,0.763,1.137,1.91,70.04,5000,154.09,0,0.64,0.0,0,0.0,0.0,70
2026-05-23T00:26:23.882,311095,751,0.605,0.901,1.204,70.04,5000,154.09,0,0.64,0.0,0,0.0,0.0,70
2026-05-23T00:26:24.006,311199,570,0.459,0.684,0.553,70.04,5000,154.09,0,0.64,0.0,0,0.0,0.0,70
2026-05-23T00:26:24.130,311303,623,0.502,0.748,0.743,70.04,5000,154.09,0,0.64,0.0,0,0.0,0.0,70
2026-05-23T00:26:24.191,311407,856,0.69,1.027,1.582,70.04,5000,154.09,0,0.64,0.0,0,0.0,0.0,70
2026-05-23T00:26:24.313,311511,982,0.791,1.179,2.036,70.04,5000,154.09,0,0.64,0.0,0,0.0,0.0,70
2026-05-23T00:26:24.561,311789,789,0.636,0.947,1.341,70.04,5000,154.09,0,0.64,0.0,0,0.0,0.0,71
2026-05-23T00:26:24.686,311893,964,0.777,1.157,1.971,70.04,5000,154.09,0,0.64,0.0,0,0.0,0.0,71
2026-05-23T00:26:24.810,311997,797,0.642,0.957,1.37,70.04,5000,154.09,0,0.64,0.0,0,0.0,0.0,71
2026-05-23T00:26:24.933,312101,593,0.478,0.712,0.635,70.04,5000,154.09,0,0.64,0.0,0,0.0,0.0,71
2026-05-23T00:26:24.997,312205,602,0.485,0.723,0.668,70.04,5000,154.09,0,0.64,0.0,0,0.0,0.0,71
2026-05-23T00:26:25.120,312309,809,0.652,0.971,1.413,70.04,5000,154.09,0,0.64,0.0,0,0.0,0.0,71
2026-05-23T00:26:25.243,312413,976,0.787,1.172,2.015,70.04,5000,154.09,0,0.64,0.0,0,0.0,0.0,71
2026-05-23T00:26:25.309,312517,913,0.736,1.096,1.788,70.04,5000,154.09,0,0.64,0.0,0,0.0,0.0,71
2026-05-23T00:26:25.621,312795,908,0.732,1.09,1.77,70.04,5000,154.09,0,0.64,0.0,0,0.0,0.0,72
2026-05-23T00:26:25.682,312899,847,0.683,1.017,1.55,70.04,5000,154.09,0,0.64,0.0,0,0.0,0.0,72
2026-05-23T00:26:25.804,313003,624,0.503,0.749,0.747,70.04,5000,154.09,0,0.64,0.0,0,0.0,0.0,72
2026-05-23T00:26:25.931,313107,585,0.471,0.702,0.607,70.04,5000,154.09,0,0.64,0.0,0,0.0,0.0,72
2026-05-23T00:26:25.993,313211,763,0.615,0.916,1.248,70.04,5000,154.09,0,0.64,0.0,0,0.0,0.0,72
2026-05-23T00:26:26.115,313315,949,0.765,1.139,1.917,70.04,5000,154.09,0,0.64,0.0,0,0.0,0.0,72
2026-05-23T00:26:26.242,313419,937,0.755,1.125,1.874,70.04,5000,154.09,0,0.64,0.0,0,0.0,0.0,72
2026-05-23T00:26:26.304,313523,717,0.578,0.861,1.082,70.04,5000,154.09,0,0.64,0.0,0,0.0,0.0,72
2026-05-23T00:26:26.616,313801,907,0.731,1.089,1.766,70.04,5000,154.09,0,0.64,0.0,0,0.0,0.0,73
2026-05-23T00:26:26.677,313905,661,0.533,0.793,0.88,70.04,5000,154.09,0,0.64,0.0,0,0.0,0.0,73
2026-05-23T00:26:26.803,314009,568,0.458,0.682,0.545,70.04,5000,154.09,0,0.64,0.0,0,0.0,0.0,73
2026-05-23T00:26:26.927,314113,714,0.575,0.857,1.071,70.04,5000,154.09,0,0.64,0.0,0,0.0,0.0,73
2026-05-23T00:26:26.990,314217,930,0.749,1.116,1.849,70.04,5000,154.09,0,0.64,0.0,0,0.0,0.0,73
2026-05-23T00:26:27.111,314321,954,0.769,1.145,1.935,70.04,5000,154.09,0,0.64,0.0,0,0.0,0.0,73
2026-05-23T00:26:27.236,314425,757,0.61,0.909,1.226,70.04,5000,154.09,0,0.64,0.0,0,0.0,0.0,73
2026-05-23T00:26:27.298,314529,578,0.466,0.694,0.581,70.04,5000,154.09,0,0.64,0.0,0,0.0,0.0,73
2026-05-23T00:26:27.613,314807,767,0.618,0.921,1.262,70.04,5000,154.09,0,0.64,0.0,0,0.0,0.0,74
2026-05-23T00:26:27.672,314911,566,0.456,0.679,0.538,70.04,5000,154.09,0,0.64,0.0,0,0.0,0.0,74
2026-05-23T00:26:27.799,315015,669,0.539,0.803,0.909,70.04,5000,154.09,0,0.64,0.0,0,0.0,0.0,74
2026-05-23T00:26:27.922,315119,895,0.721,1.074,1.723,70.04,5000,154.09,0,0.64,0.0,0,0.0,0.0,74
2026-05-23T00:26:27.983,315223,978,0.788,1.174,2.022,70.04,5000,154.09,0,0.64,0.0,0,0.0,0.0,74
2026-05-23T00:26:28.108,315327,816,0.658,0.979,1.438,70.04,5000,154.09,0,0.64,0.0,0,0.0,0.0,74
2026-05-23T00:26:28.232,315431,605,0.488,0.726,0.679,70.04,5000,154.09,0,0.64,0.0,0,0.0,0.0,74
2026-05-23T00:26:28.293,315535,598,0.482,0.718,0.653,70.04,5000,154.09,0,0.64,0.0,0,0.0,0.0,74
2026-05-23T00:26:28.607,315813,627,0.505,0.753,0.758,70.04,5000,154.09,0,0.64,0.0,0,0.0,0.0,75
2026-05-23T00:26:28.729,315917,625,0.504,0.75,0.751,70.04,5000,154.09,0,0.64,0.0,0,0.0,0.0,75
2026-05-23T00:26:28.792,316021,856,0.69,1.027,1.582,70.04,5000,154.09,0,0.64,0.0,0,0.0,0.0,75
2026-05-23T00:26:28.919,316125,987,0.795,1.185,2.054,70.04,5000,154.09,0,0.64,0.0,0,0.0,0.0,75
2026-05-23T00:26:29.042,316229,872,0.703,1.047,1.64,70.04,5000,154.09,0,0.64,0.0,0,0.0,0.0,75
2026-05-23T00:26:29.104,316333,638,0.514,0.766,0.797,70.04,5000,154.09,0,0.64,0.0,0,0.0,0.0,75
2026-05-23T00:26:29.229,316437,579,0.467,0.695,0.585,70.04,5000,154.09,0,0.64,0.0,0,0.0,0.0,75
2026-05-23T00:26:29.354,316541,752,0.606,0.903,1.208,70.04,5000,154.09,0,0.64,0.0,0,0.0,0.0,75
2026-05-23T00:26:29.604,316819,578,0.466,0.694,0.581,70.04,5000,154.09,0,0.64,0.0,0,0.0,0.0,76
2026-05-23T00:26:29.725,316923,805,0.649,0.966,1.399,70.04,5000,154.09,0,0.64,0.0,0,0.0,0.0,76
2026-05-23T00:26:29.787,317027,972,0.783,1.167,2.0,70.04,5000,154.09,0,0.64,0.0,0,0.0,0.0,76
2026-05-23T00:26:29.911,317131,919,0.741,1.103,1.809,70.04,5000,154.09,0,0.64,0.0,0,0.0,0.0,76
2026-05-23T00:26:30.036,317235,684,0.551,0.821,0.963,70.04,5000,154.09,0,0.64,0.0,0,0.0,0.0,76
2026-05-23T00:26:30.098,317339,575,0.463,0.69,0.571,70.04,5000,154.09,0,0.64,0.0,0,0.0,0.0,76
2026-05-23T00:26:30.224,317443,705,0.568,0.846,1.039,70.04,5000,154.09,0,0.64,0.0,0,0.0,0.0,76
2026-05-23T00:26:30.347,317547,925,0.745,1.11,1.831,70.04,5000,154.09,0,0.64,0.0,0,0.0,0.0,76
2026-05-23T00:26:30.595,317825,661,0.533,0.793,0.88,70.04,5000,154.09,0,0.64,0.0,0,0.0,0.0,77
2026-05-23T00:26:30.720,317929,953,0.768,1.144,1.932,70.04,5000,154.09,0,0.64,0.0,0,0.0,0.0,77
2026-05-23T00:26:30.783,318033,941,0.758,1.13,1.889,70.04,5000,154.09,0,0.64,0.0,0,0.0,0.0,77
2026-05-23T00:26:30.907,318137,727,0.586,0.873,1.118,70.04,5000,154.09,0,0.64,0.0,0,0.0,0.0,77
2026-05-23T00:26:31.032,318241,574,0.463,0.689,0.567,70.04,5000,154.09,0,0.64,0.0,0,0.0,0.0,77
2026-05-23T00:26:31.094,318345,651,0.525,0.781,0.844,70.04,5000,154.09,0,0.64,0.0,0,0.0,0.0,77
2026-05-23T00:26:31.219,318449,880,0.709,1.056,1.669,70.04,5000,154.09,0,0.64,0.0,0,0.0,0.0,77
2026-05-23T00:26:31.341,318553,985,0.794,1.182,2.047,70.04,5000,154.09,0,0.64,0.0,0,0.0,0.0,77
2026-05-23T00:26:31.588,318831,819,0.66,0.983,1.449,70.04,5000,154.09,0,0.64,0.0,0,0.0,0.0,78
2026-05-23T00:26:31.711,318935,963,0.776,1.156,1.968,70.04,5000,154.09,0,0.64,0.0,0,0.0,0.0,78
2026-05-23T00:26:31.835,319039,784,0.632,0.941,1.323,70.04,5000,154.09,0,0.64,0.0,0,0.0,0.0,78
2026-05-23T00:26:31.897,319143,593,0.478,0.712,0.635,70.04,5000,154.09,0,0.64,0.0,0,0.0,0.0,78
2026-05-23T00:26:32.021,319247,618,0.498,0.742,0.725,70.04,5000,154.09,0,0.64,0.0,0,0.0,0.0,78
2026-05-23T00:26:32.146,319351,834,0.672,1.001,1.503,70.04,5000,154.09,0,0.64,0.0,0,0.0,0.0,78
2026-05-23T00:26:32.209,319455,982,0.791,1.179,2.036,70.04,5000,154.09,0,0.64,0.0,0,0.0,0.0,78
2026-05-23T00:26:32.333,319559,888,0.716,1.066,1.698,70.04,5000,154.09,0,0.64,0.0,0,0.0,0.0,78
2026-05-23T00:26:32.584,319837,930,0.749,1.116,1.849,70.04,5000,154.09,0,0.64,0.0,0,0.0,0.0,79
2026-05-23T00:26:32.710,319941,830,0.669,0.996,1.489,70.04,5000,154.09,0,0.64,0.0,0,0.0,0.0,79
2026-05-23T00:26:32.835,320045,609,0.491,0.731,0.693,70.04,5000,154.09,0,0.64,0.0,0,0.0,0.0,79
2026-05-23T00:26:32.895,320149,598,0.482,0.718,0.653,70.04,5000,154.09,0,0.64,0.0,0,0.0,0.0,79
2026-05-23T00:26:33.019,320253,782,0.63,0.939,1.316,70.04,5000,154.09,0,0.64,0.0,0,0.0,0.0,79
2026-05-23T00:26:33.144,320357,958,0.772,1.15,1.95,70.04,5000,154.09,0,0.64,0.0,0,0.0,0.0,79
2026-05-23T00:26:33.207,320461,920,0.741,1.104,1.813,70.04,5000,154.09,0,0.64,0.0,0,0.0,0.0,79
2026-05-23T00:26:33.334,320565,695,0.56,0.834,1.003,70.04,5000,154.09,0,0.64,0.0,0,0.0,0.0,79
2026-05-23T00:26:33.581,320843,906,0.73,1.087,1.762,70.04,5000,154.09,0,0.64,0.0,0,0.0,0.0,80
2026-05-23T00:26:33.707,320947,647,0.521,0.777,0.83,70.04,5000,154.09,0,0.64,0.0,0,0.0,0.0,80
2026-05-23T00:26:33.833,321051,579,0.467,0.695,0.585,70.04,5000,154.09,0,0.64,0.0,0,0.0,0.0,80
2026-05-23T00:26:33.896,321155,735,0.592,0.882,1.147,70.04,5000,154.09,0,0.64,0.0,0,0.0,0.0,80
2026-05-23T00:26:34.020,321259,945,0.762,1.134,1.903,70.04,5000,154.09,0,0.64,0.0,0,0.0,0.0,80
2026-05-23T00:26:34.143,321363,955,0.77,1.146,1.939,70.04,5000,154.09,0,0.64,0.0,0,0.0,0.0,80
2026-05-23T00:26:34.205,321467,760,0.612,0.912,1.237,70.04,5000,154.09,0,0.64,0.0,0,0.0,0.0,80
2026-05-23T00:26:34.333,321571,580,0.467,0.696,0.589,70.04,5000,154.09,0,0.64,0.0,0,0.0,0.0,80
2026-05-23T00:26:34.642,321849,766,0.617,0.919,1.258,70.04,5000,154.09,0,0.64,0.0,0,0.0,0.0,81
2026-05-23T00:26:34.704,321953,568,0.458,0.682,0.545,70.04,5000,154.09,0,0.64,0.0,0,0.0,0.0,81
2026-05-23T00:26:34.828,322057,681,0.549,0.817,0.952,70.04,5000,154.09,0,0.64,0.0,0,0.0,0.0,81
2026-05-23T00:26:34.955,322161,910,0.733,1.092,1.777,70.04,5000,154.09,0,0.64,0.0,0,0.0,0.0,81
2026-05-23T00:26:35.016,322265,974,0.785,1.169,2.007,70.04,5000,154.09,0,0.64,0.0,0,0.0,0.0,81
2026-05-23T00:26:35.140,322369,803,0.647,0.964,1.392,70.04,5000,154.09,0,0.64,0.0,0,0.0,0.0,81
2026-05-23T00:26:35.266,322473,601,0.484,0.721,0.664,70.04,5000,154.09,0,0.64,0.0,0,0.0,0.0,81
2026-05-23T00:26:35.328,322577,611,0.492,0.733,0.7,70.04,5000,154.09,0,0.64,0.0,0,0.0,0.0,81
2026-05-23T00:26:35.640,322855,628,0.506,0.754,0.761,70.04,5000,154.09,0,0.64,0.0,0,0.0,0.0,82
2026-05-23T00:26:35.704,322959,625,0.504,0.75,0.751,70.04,5000,154.09,0,0.64,0.0,0,0.0,0.0,82
2026-05-23T00:26:35.827,323063,868,0.699,1.042,1.626,70.04,5000,154.09,0,0.64,0.0,0,0.0,0.0,82
2026-05-23T00:26:35.952,323167,990,0.798,1.188,2.065,70.04,5000,154.09,0,0.64,0.0,0,0.0,0.0,82
2026-05-23T00:26:36.013,323271,864,0.696,1.037,1.611,70.04,5000,154.09,0,0.64,0.0,0,0.0,0.0,82
2026-05-23T00:26:36.136,323375,632,0.509,0.759,0.776,70.04,5000,154.09,0,0.64,0.0,0,0.0,0.0,82
2026-05-23T00:26:36.262,323479,582,0.469,0.699,0.596,70.04,5000,154.09,0,0.64,0.0,0,0.0,0.0,82
2026-05-23T00:26:36.324,323583,764,0.616,0.917,1.251,70.04,5000,154.09,0,0.64,0.0,0,0.0,0.0,82
2026-05-23T00:26:36.634,323861,580,0.467,0.696,0.589,70.04,5000,154.09,0,0.64,0.0,0,0.0,0.0,83
2026-05-23T00:26:36.697,323965,812,0.654,0.975,1.424,70.04,5000,154.09,0,0.64,0.0,0,0.0,0.0,83
2026-05-23T00:26:36.822,324069,977,0.787,1.173,2.018,70.04,5000,154.09,0,0.64,0.0,0,0.0,0.0,83
2026-05-23T00:26:36.944,324173,909,0.733,1.091,1.773,70.04,5000,154.09,0,0.64,0.0,0,0.0,0.0,83
2026-05-23T00:26:37.006,324277,675,0.544,0.81,0.931,70.04,5000,154.09,0,0.64,0.0,0,0.0,0.0,83
2026-05-23T00:26:37.130,324381,575,0.463,0.69,0.571,70.04,5000,154.09,0,0.64,0.0,0,0.0,0.0,83
2026-05-23T00:26:37.255,324485,713,0.575,0.856,1.068,70.04,5000,154.09,0,0.64,0.0,0,0.0,0.0,83
2026-05-23T00:26:37.316,324589,935,0.753,1.122,1.867,70.04,5000,154.09,0,0.64,0.0,0,0.0,0.0,83
2026-05-23T00:26:37.626,324867,664,0.535,0.797,0.891,70.04,5000,154.09,0,0.64,0.0,0,0.0,0.0,84
2026-05-23T00:26:37.749,324971,961,0.774,1.154,1.961,70.04,5000,154.09,0,0.64,0.0,0,0.0,0.0,84
2026-05-23T00:26:37.812,325075,944,0.761,1.133,1.899,70.04,5000,154.09,0,0.64,0.0,0,0.0,0.0,84
2026-05-23T00:26:37.938,325179,725,0.584,0.87,1.111,70.04,5000,154.09,0,0.64,0.0,0,0.0,0.0,84
2026-05-23T00:26:38.063,325283,575,0.463,0.69,0.571,70.04,5000,154.09,0,0.64,0.0,0,0.0,0.0,84
2026-05-23T00:26:38.125,325387,667,0.538,0.801,0.902,70.04,5000,154.09,0,0.64,0.0,0,0.0,0.0,84
2026-05-23T00:26:38.249,325491,891,0.718,1.069,1.708,70.04,5000,154.09,0,0.64,0.0,0,0.0,0.0,84
2026-05-23T00:26:38.373,325595,982,0.791,1.179,2.036,70.04,5000,154.09,0,0.64,0.0,0,0.0,0.0,84
2026-05-23T00:26:38.621,325873,832,0.67,0.999,1.496,70.04,5000,154.09,0,0.64,0.0,0,0.0,0.0,85
2026-05-23T00:26:38.748,325977,963,0.776,1.156,1.968,70.04,5000,154.09,0,0.64,0.0,0,0.0,0.0,85
2026-05-23T00:26:38.810,326081,761,0.613,0.913,1.24,70.04,5000,154.09,0,0.64,0.0,0,0.0,0.0,85
2026-05-23T00:26:38.936,326185,582,0.469,0.699,0.596,70.04,5000,154.09,0,0.64,0.0,0,0.0,0.0,85
2026-05-23T00:26:39.061,326289,627,0.505,0.753,0.758,70.04,5000,154.09,0,0.64,0.0,0,0.0,0.0,85
2026-05-23T00:26:39.122,326393,853,0.687,1.024,1.572,70.04,5000,154.09,0,0.64,0.0,0,0.0,0.0,85
2026-05-23T00:26:39.245,326497,981,0.791,1.178,2.033,70.04,5000,154.09,0,0.64,0.0,0,0.0,0.0,85
2026-05-23T00:26:39.371,326601,864,0.696,1.037,1.611,70.04,5000,154.09,0,0.64,0.0,0,0.0,0.0,85
2026-05-23T00:26:39.617,326879,935,0.753,1.122,1.867,70.04,5000,154.09,0,0.64,0.0,0,0.0,0.0,86
2026-05-23T00:26:39.743,326983,809,0.652,0.971,1.413,70.04,5000,154.09,0,0.64,0.0,0,0.0,0.0,86
2026-05-23T00:26:39.805,327087,596,0.48,0.715,0.646,70.04,5000,154.09,0,0.64,0.0,0,0.0,0.0,86
2026-05-23T00:26:39.929,327191,604,0.487,0.725,0.675,70.04,5000,154.09,0,0.64,0.0,0,0.0,0.0,86
2026-05-23T00:26:40.053,327295,805,0.649,0.966,1.399,70.04,5000,154.09,0,0.64,0.0,0,0.0,0.0,86
2026-05-23T00:26:40.115,327399,976,0.787,1.172,2.015,70.04,5000,154.09,0,0.64,0.0,0,0.0,0.0,86
2026-05-23T00:26:40.240,327503,918,0.74,1.102,1.806,70.04,5000,154.09,0,0.64,0.0,0,0.0,0.0,86
2026-05-23T00:26:40.365,327607,675,0.544,0.81,0.931,70.04,5000,154.09,0,0.64,0.0,0,0.0,0.0,86
2026-05-23T00:26:40.614,327885,884,0.712,1.061,1.683,70.04,5000,154.09,0,0.64,0.0,0,0.0,0.0,87
2026-05-23T00:26:40.738,327989,628,0.506,0.754,0.761,70.04,5000,154.09,0,0.64,0.0,0,0.0,0.0,87
2026-05-23T00:26:40.863,328093,581,0.468,0.697,0.592,70.04,5000,154.09,0,0.64,0.0,0,0.0,0.0,87
2026-05-23T00:26:40.925,328197,763,0.615,0.916,1.248,70.04,5000,154.09,0,0.64,0.0,0,0.0,0.0,87
2026-05-23T00:26:41.048,328301,961,0.774,1.154,1.961,70.04,5000,154.09,0,0.64,0.0,0,0.0,0.0,87
2026-05-23T00:26:41.174,328405,938,0.756,1.126,1.878,70.04,5000,154.09,0,0.64,0.0,0,0.0,0.0,87
2026-05-23T00:26:41.236,328509,722,0.582,0.867,1.1,70.04,5000,154.09,0,0.64,0.0,0,0.0,0.0,87
2026-05-23T00:26:41.359,328613,575,0.463,0.69,0.571,70.04,5000,154.09,0,0.64,0.0,0,0.0,0.0,87
2026-05-23T00:26:41.610,328891,739,0.596,0.887,1.161,70.04,5000,154.09,0,0.64,0.0,0,0.0,0.0,88
2026-05-23T00:26:41.736,328995,571,0.46,0.685,0.556,70.04,5000,154.09,0,0.64,0.0,0,0.0,0.0,88
2026-05-23T00:26:41.862,329099,714,0.575,0.857,1.071,70.04,5000,154.09,0,0.64,0.0,0,0.0,0.0,88
2026-05-23T00:26:41.926,329203,929,0.749,1.115,1.845,70.04,5000,154.09,0,0.64,0.0,0,0.0,0.0,88
2026-05-23T00:26:42.046,329307,965,0.778,1.158,1.975,70.04,5000,154.09,0,0.64,0.0,0,0.0,0.0,88
2026-05-23T00:26:42.173,329411,762,0.614,0.915,1.244,70.04,5000,154.09,0,0.64,0.0,0,0.0,0.0,88
2026-05-23T00:26:42.234,329515,580,0.467,0.696,0.589,70.04,5000,154.09,0,0.64,0.0,0,0.0,0.0,88
2026-05-23T00:26:42.359,329619,613,0.494,0.736,0.707,70.04,5000,154.09,0,0.64,0.0,0,0.0,0.0,88
2026-05-23T00:26:42.612,329897,602,0.485,0.723,0.668,70.04,5000,154.09,0,0.64,0.0,0,0.0,0.0,89
2026-05-23T00:26:42.735,330001,657,0.529,0.789,0.866,70.04,5000,154.09,0,0.64,0.0,0,0.0,0.0,89
2026-05-23T00:26:42.859,330105,886,0.714,1.063,1.69,70.04,5000,154.09,0,0.64,0.0,0,0.0,0.0,89
2026-05-23T00:26:42.920,330209,972,0.783,1.167,2.0,70.04,5000,154.09,0,0.64,0.0,0,0.0,0.0,89
2026-05-23T00:26:43.045,330313,816,0.658,0.979,1.438,70.04,5000,154.09,0,0.64,0.0,0,0.0,0.0,89
2026-05-23T00:26:43.170,330417,608,0.49,0.73,0.689,70.04,5000,154.09,0,0.64,0.0,0,0.0,0.0,89
2026-05-23T00:26:43.231,330521,600,0.484,0.72,0.661,70.04,5000,154.09,0,0.64,0.0,0,0.0,0.0,89
2026-05-23T00:26:43.357,330625,804,0.648,0.965,1.395,70.04,5000,154.09,0,0.64,0.0,0,0.0,0.0,89
2026-05-23T00:26:43.607,330903,588,0.474,0.706,0.617,70.04,5000,154.09,0,0.64,0.0,0,0.0,0.0,90
2026-05-23T00:26:43.732,331007,846,0.682,1.015,1.546,70.04,5000,154.09,0,0.64,0.0,0,0.0,0.0,90
2026-05-23T00:26:43.855,331111,976,0.787,1.172,2.015,70.04,5000,154.09,0,0.64,0.0,0,0.0,0.0,90
2026-05-23T00:26:43.917,331215,864,0.696,1.037,1.611,70.04,5000,154.09,0,0.64,0.0,0,0.0,0.0,90
2026-05-23T00:26:44.045,331319,630,0.508,0.756,0.769,70.04,5000,154.09,0,0.64,0.0,0,0.0,0.0,90
2026-05-23T00:26:44.171,331423,577,0.465,0.693,0.578,70.04,5000,154.09,0,0.64,0.0,0,0.0,0.0,90
2026-05-23T00:26:44.232,331527,750,0.604,0.9,1.201,70.04,5000,154.09,0,0.64,0.0,0,0.0,0.0,90
2026-05-23T00:26:44.356,331631,947,0.763,1.137,1.91,70.04,5000,154.09,0,0.64,0.0,0,0.0,0.0,90
2026-05-23T00:26:44.608,331909,689,0.555,0.827,0.981,70.04,5000,154.09,0,0.64,0.0,0,0.0,0.0,91
2026-05-23T00:26:44.732,332013,961,0.774,1.154,1.961,70.04,5000,154.09,0,0.64,0.0,0,0.0,0.0,91
2026-05-23T00:26:44.857,332117,904,0.728,1.085,1.755,70.04,5000,154.09,0,0.64,0.0,0,0.0,0.0,91
2026-05-23T00:26:44.916,332221,674,0.543,0.809,0.927,70.04,5000,154.09,0,0.64,0.0,0,0.0,0.0,91
2026-05-23T00:26:45.042,332325,568,0.458,0.682,0.545,70.04,5000,154.09,0,0.64,0.0,0,0.0,0.0,91
2026-05-23T00:26:45.169,332429,703,0.567,0.844,1.031,70.04,5000,154.09,0,0.64,0.0,0,0.0,0.0,91
2026-05-23T00:26:45.229,332533,918,0.74,1.102,1.806,70.04,5000,154.09,0,0.64,0.0,0,0.0,0.0,91
2026-05-23T00:26:45.354,332637,970,0.782,1.164,1.993,70.04,5000,154.09,0,0.64,0.0,0,0.0,0.0,91
2026-05-23T00:26:45.665,332915,852,0.687,1.023,1.568,70.04,5000,154.09,0,0.64,0.0,0,0.0,0.0,92
2026-05-23T00:26:45.728,333019,936,0.754,1.124,1.871,70.04,5000,154.09,0,0.64,0.0,0,0.0,0.0,92
2026-05-23T00:26:45.854,333123,724,0.583,0.869,1.107,70.04,5000,154.09,0,0.64,0.0,0,0.0,0.0,92
2026-05-23T00:26:45.918,333227,570,0.459,0.684,0.553,70.04,5000,154.09,0,0.64,0.0,0,0.0,0.0,92
2026-05-23T00:26:46.043,333331,661,0.533,0.793,0.88,70.04,5000,154.09,0,0.64,0.0,0,0.0,0.0,92
2026-05-23T00:26:46.168,333435,891,0.718,1.069,1.708,70.04,5000,154.09,0,0.64,0.0,0,0.0,0.0,92
2026-05-23T00:26:46.231,333539,981,0.791,1.178,2.033,70.04,5000,154.09,0,0.64,0.0,0,0.0,0.0,92
2026-05-23T00:26:46.356,333643,826,0.666,0.991,1.474,70.04,5000,154.09,0,0.64,0.0,0,0.0,0.0,92
2026-05-23T00:26:46.669,333921,934,0.753,1.121,1.863,70.04,5000,154.09,0,0.64,0.0,0,0.0,0.0,93
2026-05-23T00:26:46.731,334025,759,0.612,0.911,1.233,70.04,5000,154.09,0,0.64,0.0,0,0.0,0.0,93
2026-05-23T00:26:46.858,334129,578,0.466,0.694,0.581,70.04,5000,154.09,0,0.64,0.0,0,0.0,0.0,93
2026-05-23T00:26:46.983,334233,622,0.501,0.747,0.74,70.04,5000,154.09,0,0.64,0.0,0,0.0,0.0,93
2026-05-23T00:26:47.045,334337,846,0.682,1.015,1.546,70.04,5000,154.09,0,0.64,0.0,0,0.0,0.0,93
2026-05-23T00:26:47.170,334441,981,0.791,1.178,2.033,70.04,5000,154.09,0,0.64,0.0,0,0.0,0.0,93
2026-05-23T00:26:47.234,334545,870,0.701,1.044,1.633,70.04,5000,154.09,0,0.64,0.0,0,0.0,0.0,93
2026-05-23T00:26:47.356,334649,637,0.513,0.765,0.794,70.04,5000,154.09,0,0.64,0.0,0,0.0,0.0,93
2026-05-23T00:26:47.667,334927,858,0.691,1.03,1.59,70.04,5000,154.09,0,0.64,0.0,0,0.0,0.0,94
2026-05-23T00:26:47.728,335031,601,0.484,0.721,0.664,70.04,5000,154.09,0,0.64,0.0,0,0.0,0.0,94
2026-05-23T00:26:47.854,335135,596,0.48,0.715,0.646,70.04,5000,154.09,0,0.64,0.0,0,0.0,0.0,94
2026-05-23T00:26:47.980,335239,795,0.641,0.954,1.363,70.04,5000,154.09,0,0.64,0.0,0,0.0,0.0,94
2026-05-23T00:26:48.042,335343,967,0.779,1.161,1.982,70.04,5000,154.09,0,0.64,0.0,0,0.0,0.0,94
2026-05-23T00:26:48.167,335447,919,0.741,1.103,1.809,70.04,5000,154.09,0,0.64,0.0,0,0.0,0.0,94
2026-05-23T00:26:48.288,335551,681,0.549,0.817,0.952,70.04,5000,154.09,0,0.64,0.0,0,0.0,0.0,94
2026-05-23T00:26:48.350,335655,576,0.464,0.691,0.574,70.04,5000,154.09,0,0.64,0.0,0,0.0,0.0,94
2026-05-23T00:26:48.665,335933,707,0.57,0.849,1.046,70.04,5000,154.09,0,0.64,0.0,0,0.0,0.0,95
2026-05-23T00:26:48.727,336037,575,0.463,0.69,0.571,70.04,5000,154.09,0,0.64,0.0,0,0.0,0.0,95
2026-05-23T00:26:48.851,336141,741,0.597,0.889,1.168,70.04,5000,154.09,0,0.64,0.0,0,0.0,0.0,95
2026-05-23T00:26:48.975,336245,937,0.755,1.125,1.874,70.04,5000,154.09,0,0.64,0.0,0,0.0,0.0,95
2026-05-23T00:26:49.039,336349,936,0.754,1.124,1.871,70.04,5000,154.09,0,0.64,0.0,0,0.0,0.0,95
2026-05-23T00:26:49.165,336453,733,0.591,0.88,1.14,70.04,5000,154.09,0,0.64,0.0,0,0.0,0.0,95
2026-05-23T00:26:49.287,336557,578,0.466,0.694,0.581,70.04,5000,154.09,0,0.64,0.0,0,0.0,0.0,95
2026-05-23T00:26:49.350,336661,642,0.517,0.771,0.812,70.04,5000,154.09,0,0.64,0.0,0,0.0,0.0,95
2026-05-23T00:26:49.663,336939,587,0.473,0.705,0.614,70.04,5000,154.09,0,0.64,0.0,0,0.0,0.0,96
2026-05-23T00:26:49.725,337043,686,0.553,0.823,0.97,70.04,5000,154.09,0,0.64,0.0,0,0.0,0.0,96
2026-05-23T00:26:49.850,337147,909,0.733,1.091,1.773,70.04,5000,154.09,0,0.64,0.0,0,0.0,0.0,96
2026-05-23T00:26:49.975,337251,965,0.778,1.158,1.975,70.04,5000,154.09,0,0.64,0.0,0,0.0,0.0,96
2026-05-23T00:26:50.037,337355,782,0.63,0.939,1.316,70.04,5000,154.09,0,0.64,0.0,0,0.0,0.0,96
2026-05-23T00:26:50.159,337459,582,0.469,0.699,0.596,70.04,5000,154.09,0,0.64,0.0,0,0.0,0.0,96
2026-05-23T00:26:50.283,337563,607,0.489,0.729,0.686,70.04,5000,154.09,0,0.64,0.0,0,0.0,0.0,96
2026-05-23T00:26:50.344,337667,818,0.659,0.982,1.446,70.04,5000,154.09,0,0.64,0.0,0,0.0,0.0,96
2026-05-23T00:26:50.656,337945,581,0.468,0.697,0.592,70.04,5000,154.09,0,0.64,0.0,0,0.0,0.0,97
2026-05-23T00:26:50.779,338049,847,0.683,1.017,1.55,70.04,5000,154.09,0,0.64,0.0,0,0.0,0.0,97
2026-05-23T00:26:50.841,338153,911,0.734,1.094,1.781,70.04,5000,154.09,0,0.64,0.0,0,0.0,0.0,97
2026-05-23T00:26:50.965,338257,795,0.641,0.954,1.363,70.04,5000,154.09,0,0.64,0.0,0,0.0,0.0,97
2026-05-23T00:26:51.088,338361,647,0.521,0.777,0.83,70.04,5000,154.09,0,0.64,0.0,0,0.0,0.0,97
2026-05-23T00:26:51.151,338465,633,0.51,0.76,0.779,70.04,5000,154.09,0,0.64,0.0,0,0.0,0.0,97
2026-05-23T00:26:51.276,338569,784,0.632,0.941,1.323,70.04,5000,154.09,0,0.64,0.0,0,0.0,0.0,97
2026-05-23T00:26:51.401,338673,907,0.731,1.089,1.766,70.04,5000,154.09,0,0.64,0.0,0,0.0,0.0,97
2026-05-23T00:26:51.650,338951,728,0.587,0.874,1.122,70.04,5000,154.09,0,0.64,0.0,0,0.0,0.0,98
2026-05-23T00:26:51.773,339055,910,0.733,1.092,1.777,70.04,5000,154.09,0,0.64,0.0,0,0.0,0.0,98
2026-05-23T00:26:51.837,339159,838,0.675,1.006,1.518,70.04,5000,154.09,0,0.64,0.0,0,0.0,0.0,98
2026-05-23T00:26:51.961,339263,666,0.537,0.799,0.898,70.04,5000,154.09,0,0.64,0.0,0,0.0,0.0,98
2026-05-23T00:26:52.088,339367,620,0.5,0.744,0.733,70.04,5000,154.09,0,0.64,0.0,0,0.0,0.0,98
2026-05-23T00:26:52.150,339471,746,0.601,0.895,1.186,70.04,5000,154.09,0,0.64,0.0,0,0.0,0.0,98
2026-05-23T00:26:52.274,339575,895,0.721,1.074,1.723,70.04,5000,154.09,0,0.64,0.0,0,0.0,0.0,98
2026-05-23T00:26:52.398,339679,894,0.72,1.073,1.719,70.04,5000,154.09,0,0.64,0.0,0,0.0,0.0,98
2026-05-23T00:26:52.646,339957,837,0.675,1.005,1.514,70.04,5000,154.09,0,0.64,0.0,0,0.0,0.0,99
2026-05-23T00:26:52.770,340061,871,0.702,1.045,1.636,70.04,5000,154.09,0,0.64,0.0,0,0.0,0.0,99
2026-05-23T00:26:52.832,340165,702,0.566,0.843,1.028,70.04,5000,154.09,0,0.64,0.0,0,0.0,0.0,99
2026-05-23T00:26:52.955,340269,612,0.493,0.735,0.704,70.04,5000,154.09,0,0.64,0.0,0,0.0,0.0,99
2026-05-23T00:26:53.078,340373,705,0.568,0.846,1.039,70.04,5000,154.09,0,0.64,0.0,0,0.0,0.0,99
2026-05-23T00:26:53.204,340477,867,0.699,1.041,1.622,70.04,5000,154.09,0,0.64,0.0,0,0.0,0.0,99
2026-05-23T00:26:53.268,340581,912,0.735,1.095,1.784,70.04,5000,154.09,0,0.64,0.0,0,0.0,0.0,99
2026-05-23T00:26:53.391,340685,781,0.629,0.937,1.312,70.04,5000,154.09,0,0.64,0.0,0,0.0,0.0,99
2026-05-23T00:26:53.638,340963,878,0.708,1.054,1.662,70.04,5000,154.09,0,0.64,0.0,0,0.0,0.0,100
2026-05-23T00:26:53.762,341067,737,0.594,0.885,1.154,70.04,5000,154.09,0,0.64,0.0,0,0.0,0.0,100
2026-05-23T00:26:53.889,341171,615,0.496,0.738,0.715,70.04,5000,154.09,0,0.64,0.0,0,0.0,0.0,100
2026-05-23T00:26:53.952,341275,666,0.537,0.799,0.898,70.04,5000,154.09,0,0.64,0.0,0,0.0,0.0,100
2026-05-23T00:26:54.076,341379,838,0.675,1.006,1.518,70.04,5000,154.09,0,0.64,0.0,0,0.0,0.0,100
2026-05-23T00:26:54.200,341483,921,0.742,1.106,1.817,70.04,5000,154.09,0,0.64,0.0,0,0.0,0.0,100
2026-05-23T00:26:54.261,341587,818,0.659,0.982,1.446,70.04,5000,154.09,0,0.64,0.0,0,0.0,0.0,100
2026-05-23T00:26:54.388,341691,656,0.529,0.787,0.862,70.04,5000,154.09,0,0.64,0.0,0,0.0,0.0,100
2026-05-23T00:26:54.636,341969,819,0.66,0.983,1.449,70.04,5000,154.09,0,0.64,0.0,0,0.0,0.0,101
2026-05-23T00:26:54.763,342073,637,0.513,0.765,0.794,70.04,5000,154.09,0,0.64,0.0,0,0.0,0.0,101
2026-05-23T00:26:54.884,342177,647,0.521,0.777,0.83,70.04,5000,154.09,0,0.64,0.0,0,0.0,0.0,101
2026-05-23T00:26:54.947,342281,801,0.645,0.961,1.384,70.04,5000,154.09,0,0.64,0.0,0,0.0,0.0,101
2026-05-23T00:26:55.071,342385,923,0.744,1.108,1.824,70.04,5000,154.09,0,0.64,0.0,0,0.0,0.0,101
2026-05-23T00:26:55.196,342489,867,0.699,1.041,1.622,70.04,5000,154.09,0,0.64,0.0,0,0.0,0.0,101
2026-05-23T00:26:55.261,342593,696,0.561,0.835,1.006,70.04,5000,154.09,0,0.64,0.0,0,0.0,0.0,101
2026-05-23T00:26:55.383,342697,620,0.5,0.744,0.733,70.04,5000,154.09,0,0.64,0.0,0,0.0,0.0,101
2026-05-23T00:26:55.632,342975,712,0.574,0.855,1.064,70.04,5000,154.09,0,0.64,0.0,0,0.0,0.0,102
2026-05-23T00:26:55.756,343079,626,0.504,0.751,0.754,70.04,5000,154.09,0,0.64,0.0,0,0.0,0.0,102
2026-05-23T00:26:55.882,343183,763,0.615,0.916,1.248,70.04,5000,154.09,0,0.64,0.0,0,0.0,0.0,102
2026-05-23T00:26:55.943,343287,907,0.731,1.089,1.766,70.04,5000,154.09,0,0.64,0.0,0,0.0,0.0,102
2026-05-23T00:26:56.070,343391,888,0.716,1.066,1.698,70.04,5000,154.09,0,0.64,0.0,0,0.0,0.0,102
2026-05-23T00:26:56.193,343495,737,0.594,0.885,1.154,70.04,5000,154.09,0,0.64,0.0,0,0.0,0.0,102
2026-05-23T00:26:56.255,343599,619,0.499,0.743,0.729,70.04,5000,154.09,0,0.64,0.0,0,0.0,0.0,102
2026-05-23T00:26:56.377,343703,684,0.551,0.821,0.963,70.04,5000,154.09,0,0.64,0.0,0,0.0,0.0,102
2026-05-23T00:26:56.687,343981,627,0.505,0.753,0.758,70.04,5000,154.09,0,0.64,0.0,0,0.0,0.0,103
2026-05-23T00:26:56.748,344085,714,0.575,0.857,1.071,70.04,5000,154.09,0,0.64,0.0,0,0.0,0.0,103
2026-05-23T00:26:56.876,344189,879,0.708,1.055,1.665,70.04,5000,154.09,0,0.64,0.0,0,0.0,0.0,103
2026-05-23T00:26:56.999,344293,913,0.736,1.096,1.788,70.04,5000,154.09,0,0.64,0.0,0,0.0,0.0,103
2026-05-23T00:26:57.062,344397,778,0.627,0.934,1.302,70.04,5000,154.09,0,0.64,0.0,0,0.0,0.0,103
2026-05-23T00:26:57.185,344501,635,0.512,0.762,0.787,70.04,5000,154.09,0,0.64,0.0,0,0.0,0.0,103
2026-05-23T00:26:57.312,344605,655,0.528,0.786,0.859,70.04,5000,154.09,0,0.64,0.0,0,0.0,0.0,103
2026-05-23T00:26:57.375,344709,812,0.654,0.975,1.424,70.04,5000,154.09,0,0.64,0.0,0,0.0,0.0,103
2026-05-23T00:26:57.686,344987,630,0.508,0.756,0.769,70.04,5000,154.09,0,0.64,0.0,0,0.0,0.0,104
2026-05-23T00:26:57.748,345091,843,0.679,1.012,1.536,70.04,5000,154.09,0,0.64,0.0,0,0.0,0.0,104
2026-05-23T00:26:57.872,345195,928,0.748,1.114,1.842,70.04,5000,154.09,0,0.64,0.0,0,0.0,0.0,104
2026-05-23T00:26:57.996,345299,824,0.664,0.989,1.467,70.04,5000,154.09,0,0.64,0.0,0,0.0,0.0,104
2026-05-23T00:26:58.058,345403,667,0.538,0.801,0.902,70.04,5000,154.09,0,0.64,0.0,0,0.0,0.0,104
2026-05-23T00:26:58.183,345507,633,0.51,0.76,0.779,70.04,5000,154.09,0,0.64,0.0,0,0.0,0.0,104
2026-05-23T00:26:58.307,345611,775,0.625,0.93,1.291,70.04,5000,154.09,0,0.64,0.0,0,0.0,0.0,104
2026-05-23T00:26:58.366,345715,911,0.734,1.094,1.781,70.04,5000,154.09,0,0.64,0.0,0,0.0,0.0,104
2026-05-23T00:26:58.678,345993,723,0.583,0.868,1.104,70.04,5000,154.09,0,0.64,0.0,0,0.0,0.0,105
2026-05-23T00:26:58.803,346097,923,0.744,1.108,1.824,70.04,5000,154.09,0,0.64,0.0,0,0.0,0.0,105
2026-05-23T00:26:58.864,346201,867,0.699,1.041,1.622,70.04,5000,154.09,0,0.64,0.0,0,0.0,0.0,105
2026-05-23T00:26:58.988,346305,689,0.555,0.827,0.981,70.04,5000,154.09,0,0.64,0.0,0,0.0,0.0,105
2026-05-23T00:26:59.116,346409,619,0.499,0.743,0.729,70.04,5000,154.09,0,0.64,0.0,0,0.0,0.0,105
2026-05-23T00:26:59.174,346513,729,0.587,0.875,1.125,70.04,5000,154.09,0,0.64,0.0,0,0.0,0.0,105
2026-05-23T00:26:59.299,346617,884,0.712,1.061,1.683,70.04,5000,154.09,0,0.64,0.0,0,0.0,0.0,105
2026-05-23T00:26:59.423,346721,914,0.737,1.097,1.791,70.04,5000,154.09,0,0.64,0.0,0,0.0,0.0,105
2026-05-23T00:26:59.672,346999,831,0.67,0.997,1.492,70.04,5000,154.09,0,0.64,0.0,0,0.0,0.0,106
2026-05-23T00:26:59.795,347103,887,0.715,1.065,1.694,70.04,5000,154.09,0,0.64,0.0,0,0.0,0.0,106
2026-05-23T00:26:59.860,347207,719,0.579,0.863,1.089,70.04,5000,154.09,0,0.64,0.0,0,0.0,0.0,106
2026-05-23T00:26:59.983,347311,614,0.495,0.737,0.711,70.04,5000,154.09,0,0.64,0.0,0,0.0,0.0,106
2026-05-23T00:27:00.106,347415,683,0.55,0.82,0.959,70.04,5000,154.09,0,0.64,0.0,0,0.0,0.0,106
2026-05-23T00:27:00.169,347519,854,0.688,1.025,1.575,70.04,5000,154.09,0,0.64,0.0,0,0.0,0.0,106
2026-05-23T00:27:00.296,347623,917,0.739,1.101,1.802,70.04,5000,154.09,0,0.64,0.0,0,0.0,0.0,106
2026-05-23T00:27:00.421,347727,803,0.647,0.964,1.392,70.04,5000,154.09,0,0.64,0.0,0,0.0,0.0,106
2026-05-23T00:27:00.668,348005,874,0.704,1.049,1.647,70.04,5000,154.09,0,0.64,0.0,0,0.0,0.0,107
2026-05-23T00:27:00.794,348109,758,0.611,0.91,1.23,70.04,5000,154.09,0,0.64,0.0,0,0.0,0.0,107
2026-05-23T00:27:00.857,348213,623,0.502,0.748,0.743,70.04,5000,154.09,0,0.64,0.0,0,0.0,0.0,107
2026-05-23T00:27:00.979,348317,661,0.533,0.793,0.88,70.04,5000,154.09,0,0.64,0.0,0,0.0,0.0,107
2026-05-23T00:27:01.101,348421,815,0.657,0.978,1.435,70.04,5000,154.09,0,0.64,0.0,0,0.0,0.0,107
2026-05-23T00:27:01.166,348525,926,0.746,1.112,1.835,70.04,5000,154.09,0,0.64,0.0,0,0.0,0.0,107
2026-05-23T00:27:01.289,348629,841,0.678,1.009,1.528,70.04,5000,154.09,0,0.64,0.0,0,0.0,0.0,107
2026-05-23T00:27:01.414,348733,670,0.54,0.804,0.913,70.04,5000,154.09,0,0.64,0.0,0,0.0,0.0,107
2026-05-23T00:27:01.662,349011,826,0.666,0.991,1.474,70.04,5000,154.09,0,0.64,0.0,0,0.0,0.0,108
2026-05-23T00:27:01.786,349115,634,0.511,0.761,0.783,70.04,5000,154.09,0,0.64,0.0,0,0.0,0.0,108
2026-05-23T00:27:01.911,349219,628,0.506,0.754,0.761,70.04,5000,154.09,0,0.64,0.0,0,0.0,0.0,108
2026-05-23T00:27:01.973,349323,783,0.631,0.94,1.32,70.04,5000,154.09,0,0.64,0.0,0,0.0,0.0,108
2026-05-23T00:27:02.097,349427,910,0.733,1.092,1.777,70.04,5000,154.09,0,0.64,0.0,0,0.0,0.0,108
2026-05-23T00:27:02.222,349531,867,0.699,1.041,1.622,70.04,5000,154.09,0,0.64,0.0,0,0.0,0.0,108
2026-05-23T00:27:02.284,349635,698,0.562,0.838,1.013,70.04,5000,154.09,0,0.64,0.0,0,0.0,0.0,108
2026-05-23T00:27:02.409,349739,610,0.492,0.732,0.697,70.04,5000,154.09,0,0.64,0.0,0,0.0,0.0,108
2026-05-23T00:27:02.659,350017,711,0.573,0.853,1.06,70.04,5000,154.09,0,0.64,0.0,0,0.0,0.0,109
2026-05-23T00:27:02.784,350121,621,0.5,0.745,0.736,70.04,5000,154.09,0,0.64,0.0,0,0.0,0.0,109
2026-05-23T00:27:02.909,350225,746,0.601,0.895,1.186,70.04,5000,154.09,0,0.64,0.0,0,0.0,0.0,109
2026-05-23T00:27:02.970,350329,884,0.712,1.061,1.683,70.04,5000,154.09,0,0.64,0.0,0,0.0,0.0,109
2026-05-23T00:27:03.091,350433,889,0.716,1.067,1.701,70.04,5000,154.09,0,0.64,0.0,0,0.0,0.0,109
2026-05-23T00:27:03.214,350537,742,0.598,0.891,1.172,70.04,5000,154.09,0,0.64,0.0,0,0.0,0.0,109
2026-05-23T00:27:03.277,350641,617,0.497,0.741,0.722,70.04,5000,154.09,0,0.64,0.0,0,0.0,0.0,109
2026-05-23T00:27:03.403,350745,662,0.533,0.795,0.884,70.04,5000,154.09,0,0.64,0.0,0,0.0,0.0,109
2026-05-23T00:27:03.649,351023,623,0.502,0.748,0.743,70.04,5000,154.09,0,0.64,0.0,0,0.0,0.0,110
2026-05-23T00:27:03.775,351127,692,0.558,0.831,0.992,70.04,5000,154.09,0,0.64,0.0,0,0.0,0.0,110
2026-05-23T00:27:03.897,351231,859,0.692,1.031,1.593,70.04,5000,154.09,0,0.64,0.0,0,0.0,0.0,110
2026-05-23T00:27:04.023,351335,911,0.734,1.094,1.781,70.04,5000,154.09,0,0.64,0.0,0,0.0,0.0,110
2026-05-23T00:27:04.083,351439,784,0.632,0.941,1.323,70.04,5000,154.09,0,0.64,0.0,0,0.0,0.0,110
2026-05-23T00:27:04.209,351543,641,0.517,0.769,0.808,70.04,5000,154.09,0,0.64,0.0,0,0.0,0.0,110
2026-05-23T00:27:04.271,351647,640,0.516,0.768,0.805,70.04,5000,154.09,0,0.64,0.0,0,0.0,0.0,110
2026-05-23T00:27:04.398,351751,794,0.64,0.953,1.359,70.04,5000,154.09,0,0.64,0.0,0,0.0,0.0,110
2026-05-23T00:27:04.710,352029,617,0.497,0.741,0.722,70.04,5000,154.09,0,0.64,0.0,0,0.0,0.0,111
2026-05-23T00:27:04.772,352133,826,0.666,0.991,1.474,70.04,5000,154.09,0,0.64,0.0,0,0.0,0.0,111
2026-05-23T00:27:04.897,352237,925,0.745,1.11,1.831,70.04,5000,154.09,0,0.64,0.0,0,0.0,0.0,111
2026-05-23T00:27:05.022,352341,833,0.671,1.0,1.5,70.04,5000,154.09,0,0.64,0.0,0,0.0,0.0,111
2026-05-23T00:27:05.082,352445,665,0.536,0.798,0.895,70.04,5000,154.09,0,0.64,0.0,0,0.0,0.0,111
2026-05-23T00:27:05.207,352549,623,0.502,0.748,0.743,70.04,5000,154.09,0,0.64,0.0,0,0.0,0.0,111
2026-05-23T00:27:05.332,352653,747,0.602,0.897,1.19,70.04,5000,154.09,0,0.64,0.0,0,0.0,0.0,111
2026-05-23T00:27:05.392,352757,893,0.72,1.072,1.716,70.04,5000,154.09,0,0.64,0.0,0,0.0,0.0,111
2026-05-23T00:27:05.706,353035,703,0.567,0.844,1.031,70.04,5000,154.09,0,0.64,0.0,0,0.0,0.0,112
2026-05-23T00:27:05.769,353139,907,0.731,1.089,1.766,70.04,5000,154.09,0,0.64,0.0,0,0.0,0.0,112
2026-05-23T00:27:05.892,353243,870,0.701,1.044,1.633,70.04,5000,154.09,0,0.64,0.0,0,0.0,0.0,112
2026-05-23T00:27:06.017,353347,706,0.569,0.847,1.042,70.04,5000,154.09,0,0.64,0.0,0,0.0,0.0,112
2026-05-23T00:27:06.080,353451,608,0.49,0.73,0.689,70.04,5000,154.09,0,0.64,0.0,0,0.0,0.0,112
2026-05-23T00:27:06.205,353555,699,0.563,0.839,1.017,70.04,5000,154.09,0,0.64,0.0,0,0.0,0.0,112
2026-05-23T00:27:06.330,353659,864,0.696,1.037,1.611,70.04,5000,154.09,0,0.64,0.0,0,0.0,0.0,112
2026-05-23T00:27:06.392,353763,922,0.743,1.107,1.82,70.04,5000,154.09,0,0.64,0.0,0,0.0,0.0,112
2026-05-23T00:27:06.705,354041,811,0.654,0.973,1.42,70.04,5000,154.09,0,0.64,0.0,0,0.0,0.0,113
2026-05-23T00:27:06.766,354145,903,0.728,1.084,1.752,70.04,5000,154.09,0,0.64,0.0,0,0.0,0.0,113
2026-05-23T00:27:06.891,354249,758,0.611,0.91,1.23,70.04,5000,154.09,0,0.64,0.0,0,0.0,0.0,113
2026-05-23T00:27:07.017,354353,631,0.508,0.757,0.772,70.04,5000,154.09,0,0.64,0.0,0,0.0,0.0,113
2026-05-23T00:27:07.078,354457,663,0.534,0.796,0.887,70.04,5000,154.09,0,0.64,0.0,0,0.0,0.0,113
2026-05-23T00:27:07.203,354561,818,0.659,0.982,1.446,70.04,5000,154.09,0,0.64,0.0,0,0.0,0.0,113
2026-05-23T00:27:07.328,354665,927,0.747,1.113,1.838,70.04,5000,154.09,0,0.64,0.0,0,0.0,0.0,113
2026-05-23T00:27:07.391,354769,853,0.687,1.024,1.572,70.04,5000,154.09,0,0.64,0.0,0,0.0,0.0,113
2026-05-23T00:27:07.710,355047,871,0.702,1.045,1.636,70.04,5000,154.09,0,0.64,0.0,0,0.0,0.0,114
2026-05-23T00:27:07.763,355151,809,0.652,0.971,1.413,70.04,5000,154.09,0,0.64,0.0,0,0.0,0.0,114
2026-05-23T00:27:07.889,355255,651,0.525,0.781,0.844,70.04,5000,154.09,0,0.64,0.0,0,0.0,0.0,114
2026-05-23T00:27:08.014,355359,626,0.504,0.751,0.754,70.04,5000,154.09,0,0.64,0.0,0,0.0,0.0,114
2026-05-23T00:27:08.076,355463,766,0.617,0.919,1.258,70.04,5000,154.09,0,0.64,0.0,0,0.0,0.0,114
2026-05-23T00:27:08.200,355567,914,0.737,1.097,1.791,70.04,5000,154.09,0,0.64,0.0,0,0.0,0.0,114
2026-05-23T00:27:08.325,355671,893,0.72,1.072,1.716,70.04,5000,154.09,0,0.64,0.0,0,0.0,0.0,114
2026-05-23T00:27:08.388,355775,724,0.583,0.869,1.107,70.04,5000,154.09,0,0.64,0.0,0,0.0,0.0,114
2026-05-23T00:27:08.698,356053,855,0.689,1.026,1.579,70.04,5000,154.09,0,0.64,0.0,0,0.0,0.0,115
2026-05-23T00:27:08.824,356157,689,0.555,0.827,0.981,70.04,5000,154.09,0,0.64,0.0,0,0.0,0.0,115
2026-05-23T00:27:08.888,356261,615,0.496,0.738,0.715,70.04,5000,154.09,0,0.64,0.0,0,0.0,0.0,115
2026-05-23T00:27:09.011,356365,718,0.579,0.862,1.086,70.04,5000,154.09,0,0.64,0.0,0,0.0,0.0,115
2026-05-23T00:27:09.135,356469,878,0.708,1.054,1.662,70.04,5000,154.09,0,0.64,0.0,0,0.0,0.0,115
2026-05-23T00:27:09.197,356573,922,0.743,1.107,1.82,70.04,5000,154.09,0,0.64,0.0,0,0.0,0.0,115
2026-05-23T00:27:09.321,356677,785,0.633,0.942,1.327,70.04,5000,154.09,0,0.64,0.0,0,0.0,0.0,115
2026-05-23T00:27:09.385,356781,637,0.513,0.765,0.794,70.04,5000,154.09,0,0.64,0.0,0,0.0,0.0,115
2026-05-23T00:27:09.698,357059,788,0.635,0.946,1.338,70.04,5000,154.09,0,0.64,0.0,0,0.0,0.0,116
2026-05-23T00:27:09.821,357163,617,0.497,0.741,0.722,70.04,5000,154.09,0,0.64,0.0,0,0.0,0.0,116
2026-05-23T00:27:09.883,357267,665,0.536,0.798,0.895,70.04,5000,154.09,0,0.64,0.0,0,0.0,0.0,116
2026-05-23T00:27:10.007,357371,832,0.67,0.999,1.496,70.04,5000,154.09,0,0.64,0.0,0,0.0,0.0,116
2026-05-23T00:27:10.132,357475,930,0.749,1.116,1.849,70.04,5000,154.09,0,0.64,0.0,0,0.0,0.0,116
2026-05-23T00:27:10.193,357579,844,0.68,1.013,1.539,70.04,5000,154.09,0,0.64,0.0,0,0.0,0.0,116
2026-05-23T00:27:10.317,357683,669,0.539,0.803,0.909,70.04,5000,154.09,0,0.64,0.0,0,0.0,0.0,116
2026-05-23T00:27:10.440,357787,618,0.498,0.742,0.725,70.04,5000,154.09,0,0.64,0.0,0,0.0,0.0,116
2026-05-23T00:27:10.689,358065,676,0.545,0.811,0.934,70.04,5000,154.09,0,0.64,0.0,0,0.0,0.0,117
2026-05-23T00:27:10.812,358169,628,0.506,0.754,0.761,70.04,5000,154.09,0,0.64,0.0,0,0.0,0.0,117
2026-05-23T00:27:10.874,358273,775,0.625,0.93,1.291,70.04,5000,154.09,0,0.64,0.0,0,0.0,0.0,117
2026-05-23T00:27:10.999,358377,910,0.733,1.092,1.777,70.04,5000,154.09,0,0.64,0.0,0,0.0,0.0,117
2026-05-23T00:27:11.126,358481,871,0.702,1.045,1.636,70.04,5000,154.09,0,0.64,0.0,0,0.0,0.0,117
2026-05-23T00:27:11.187,358585,709,0.571,0.851,1.053,70.04,5000,154.09,0,0.64,0.0,0,0.0,0.0,117
2026-05-23T00:27:11.311,358689,608,0.49,0.73,0.689,70.04,5000,154.09,0,0.64,0.0,0,0.0,0.0,117
2026-05-23T00:27:11.436,358793,686,0.553,0.823,0.97,70.04,5000,154.09,0,0.64,0.0,0,0.0,0.0,117
2026-05-23T00:27:11.683,359071,618,0.498,0.742,0.725,70.04,5000,154.09,0,0.64,0.0,0,0.0,0.0,118
2026-05-23T00:27:11.807,359175,715,0.576,0.858,1.075,70.04,5000,154.09,0,0.64,0.0,0,0.0,0.0,118
2026-05-23T00:27:11.930,359279,876,0.706,1.051,1.654,70.04,5000,154.09,0,0.64,0.0,0,0.0,0.0,118
2026-05-23T00:27:11.992,359383,909,0.733,1.091,1.773,70.04,5000,154.09,0,0.64,0.0,0,0.0,0.0,118
2026-05-23T00:27:12.118,359487,763,0.615,0.916,1.248,70.04,5000,154.09,0,0.64,0.0,0,0.0,0.0,118
2026-05-23T00:27:12.247,359591,621,0.5,0.745,0.736,70.04,5000,154.09,0,0.64,0.0,0,0.0,0.0,118
2026-05-23T00:27:12.308,359695,641,0.517,0.769,0.808,70.04,5000,154.09,0,0.64,0.0,0,0.0,0.0,118
2026-05-23T00:27:12.437,359799,805,0.649,0.966,1.399,70.04,5000,154.09,0,0.64,0.0,0,0.0,0.0,118
2026-05-23T00:27:12.671,360077,618,0.498,0.742,0.725,70.04,5000,154.09,0,0.64,0.0,0,0.0,0.0,119
2026-05-23T00:27:12.796,360181,826,0.666,0.991,1.474,70.04,5000,154.09,0,0.64,0.0,0,0.0,0.0,119
2026-05-23T00:27:12.921,360285,916,0.738,1.1,1.799,70.04,5000,154.09,0,0.64,0.0,0,0.0,0.0,119
2026-05-23T00:27:12.982,360389,825,0.665,0.99,1.471,70.04,5000,154.09,0,0.64,0.0,0,0.0,0.0,119
2026-05-23T00:27:13.105,360493,660,0.532,0.792,0.877,70.04,5000,154.09,0,0.64,0.0,0,0.0,0.0,119
2026-05-23T00:27:13.230,360597,613,0.494,0.736,0.707,70.04,5000,154.09,0,0.64,0.0,0,0.0,0.0,119
2026-05-23T00:27:13.292,360701,748,0.603,0.898,1.194,70.04,5000,154.09,0,0.64,0.0,0,0.0,0.0,119
2026-05-23T00:27:13.418,360805,886,0.714,1.063,1.69,70.04,5000,154.09,0,0.64,0.0,0,0.0,0.0,119
2026-05-23T00:27:13.728,361083,696,0.561,0.835,1.006,70.04,5000,154.09,0,0.64,0.0,0,0.0,0.0,120
2026-05-23T00:27:13.791,361187,893,0.72,1.072,1.716,70.04,5000,154.09,0,0.64,0.0,0,0.0,0.0,120
2026-05-23T00:27:13.916,361291,867,0.699,1.041,1.622,70.04,5000,154.09,0,0.64,0.0,0,0.0,0.0,120
2026-05-23T00:27:14.040,361395,700,0.564,0.84,1.021,70.04,5000,154.09,0,0.64,0.0,0,0.0,0.0,120
2026-05-23T00:27:14.101,361499,599,0.483,0.719,0.657,70.04,5000,154.09,0,0.64,0.0,0,0.0,0.0,120
2026-05-23T00:27:14.228,361603,678,0.546,0.814,0.941,70.04,5000,154.09,0,0.64,0.0,0,0.0,0.0,120
2026-05-23T00:27:14.353,361707,851,0.686,1.021,1.564,70.04,5000,154.09,0,0.64,0.0,0,0.0,0.0,120
2026-05-23T00:27:14.416,361811,910,0.733,1.092,1.777,70.04,5000,154.09,0,0.64,0.0,0,0.0,0.0,120
2026-05-23T00:27:14.726,362089,791,0.637,0.949,1.348,70.04,5000,154.09,0,0.64,0.0,0,0.0,0.0,121
2026-05-23T00:27:14.789,362193,894,0.72,1.073,1.719,70.04,5000,154.09,0,0.64,0.0,0,0.0,0.0,121
2026-05-23T00:27:14.915,362297,766,0.617,0.919,1.258,70.04,5000,154.09,0,0.64,0.0,0,0.0,0.0,121
2026-05-23T00:27:15.039,362401,620,0.5,0.744,0.733,70.04,5000,154.09,0,0.64,0.0,0,0.0,0.0,121
2026-05-23T00:27:15.101,362505,641,0.517,0.769,0.808,70.04,5000,154.09,0,0.64,0.0,0,0.0,0.0,121
2026-05-23T00:27:15.226,362609,802,0.646,0.963,1.388,70.04,5000,154.09,0,0.64,0.0,0,0.0,0.0,121
2026-05-23T00:27:15.349,362713,915,0.737,1.098,1.795,70.04,5000,154.09,0,0.64,0.0,0,0.0,0.0,121
2026-05-23T00:27:15.411,362817,857,0.691,1.029,1.586,70.04,5000,154.09,0,0.64,0.0,0,0.0,0.0,121
2026-05-23T00:27:15.724,363095,850,0.685,1.02,1.561,70.04,5000,154.09,0,0.64,0.0,0,0.0,0.0,122
2026-05-23T00:27:15.785,363199,829,0.668,0.995,1.485,70.04,5000,154.09,0,0.64,0.0,0,0.0,0.0,122
2026-05-23T00:27:15.911,363303,669,0.539,0.803,0.909,70.04,5000,154.09,0,0.64,0.0,0,0.0,0.0,122
2026-05-23T00:27:16.034,363407,614,0.495,0.737,0.711,70.04,5000,154.09,0,0.64,0.0,0,0.0,0.0,122
2026-05-23T00:27:16.098,363511,733,0.591,0.88,1.14,70.04,5000,154.09,0,0.64,0.0,0,0.0,0.0,122
2026-05-23T00:27:16.223,363615,888,0.716,1.066,1.698,70.04,5000,154.09,0,0.64,0.0,0,0.0,0.0,122
2026-05-23T00:27:16.347,363719,886,0.714,1.063,1.69,70.04,5000,154.09,0,0.64,0.0,0,0.0,0.0,122
2026-05-23T00:27:16.409,363823,751,0.605,0.901,1.204,70.04,5000,154.09,0,0.64,0.0,0,0.0,0.0,122
2026-05-23T00:27:16.723,364101,863,0.695,1.036,1.608,70.04,5000,154.09,0,0.64,0.0,0,0.0,0.0,123
2026-05-23T00:27:16.785,364205,727,0.586,0.873,1.118,70.04,5000,154.09,0,0.64,0.0,0,0.0,0.0,123
2026-05-23T00:27:16.908,364309,617,0.497,0.741,0.722,70.04,5000,154.09,0,0.64,0.0,0,0.0,0.0,123
2026-05-23T00:27:17.033,364413,674,0.543,0.809,0.927,70.04,5000,154.09,0,0.64,0.0,0,0.0,0.0,123
2026-05-23T00:27:17.096,364517,846,0.682,1.015,1.546,70.04,5000,154.09,0,0.64,0.0,0,0.0,0.0,123
2026-05-23T00:27:17.220,364621,923,0.744,1.108,1.824,70.04,5000,154.09,0,0.64,0.0,0,0.0,0.0,123
2026-05-23T00:27:17.343,364725,822,0.662,0.987,1.46,70.04,5000,154.09,0,0.64,0.0,0,0.0,0.0,123
2026-05-23T00:27:17.406,364829,663,0.534,0.796,0.887,70.04,5000,154.09,0,0.64,0.0,0,0.0,0.0,123
2026-05-23T00:27:17.718,365107,815,0.657,0.978,1.435,70.04,5000,154.09,0,0.64,0.0,0,0.0,0.0,124
2026-05-23T00:27:17.842,365211,638,0.514,0.766,0.797,70.04,5000,154.09,0,0.64,0.0,0,0.0,0.0,124
2026-05-23T00:27:17.904,365315,635,0.512,0.762,0.787,70.04,5000,154.09,0,0.64,0.0,0,0.0,0.0,124
2026-05-23T00:27:18.030,365419,784,0.632,0.941,1.323,70.04,5000,154.09,0,0.64,0.0,0,0.0,0.0,124
2026-05-23T00:27:18.150,365523,918,0.74,1.102,1.806,70.04,5000,154.09,0,0.64,0.0,0,0.0,0.0,124
2026-05-23T00:27:18.213,365627,877,0.707,1.053,1.658,70.04,5000,154.09,0,0.64,0.0,0,0.0,0.0,124
2026-05-23T00:27:18.336,365731,711,0.573,0.853,1.06,70.04,5000,154.09,0,0.64,0.0,0,0.0,0.0,124
2026-05-23T00:27:18.463,365835,611,0.492,0.733,0.7,70.04,5000,154.09,0,0.64,0.0,0,0.0,0.0,124
2026-05-23T00:27:18.713,366113,725,0.584,0.87,1.111,70.04,5000,154.09,0,0.64,0.0,0,0.0,0.0,125
2026-05-23T00:27:18.836,366217,608,0.49,0.73,0.689,70.04,5000,154.09,0,0.64,0.0,0,0.0,0.0,125
2026-05-23T00:27:18.899,366321,709,0.571,0.851,1.053,70.04,5000,154.09,0,0.64,0.0,0,0.0,0.0,125
2026-05-23T00:27:19.023,366425,873,0.704,1.048,1.644,70.04,5000,154.09,0,0.64,0.0,0,0.0,0.0,125
2026-05-23T00:27:19.147,366529,913,0.736,1.096,1.788,70.04,5000,154.09,0,0.64,0.0,0,0.0,0.0,125
2026-05-23T00:27:19.211,366633,779,0.628,0.935,1.305,70.04,5000,154.09,0,0.64,0.0,0,0.0,0.0,125
2026-05-23T00:27:19.334,366737,631,0.508,0.757,0.772,70.04,5000,154.09,0,0.64,0.0,0,0.0,0.0,125
2026-05-23T00:27:19.462,366841,653,0.526,0.784,0.851,70.04,5000,154.09,0,0.64,0.0,0,0.0,0.0,125
2026-05-23T00:27:19.711,367119,653,0.526,0.784,0.851,70.04,5000,154.09,0,0.64,0.0,0,0.0,0.0,126
2026-05-23T00:27:19.831,367223,658,0.53,0.79,0.869,70.04,5000,154.09,0,0.64,0.0,0,0.0,0.0,126
2026-05-23T00:27:19.894,367327,822,0.662,0.987,1.46,70.04,5000,154.09,0,0.64,0.0,0,0.0,0.0,126
2026-05-23T00:27:20.018,367431,927,0.747,1.113,1.838,70.04,5000,154.09,0,0.64,0.0,0,0.0,0.0,126
2026-05-23T00:27:20.144,367535,854,0.688,1.025,1.575,70.04,5000,154.09,0,0.64,0.0,0,0.0,0.0,126
2026-05-23T00:27:20.206,367639,681,0.549,0.817,0.952,70.04,5000,154.09,0,0.64,0.0,0,0.0,0.0,126
2026-05-23T00:27:20.330,367743,617,0.497,0.741,0.722,70.04,5000,154.09,0,0.64,0.0,0,0.0,0.0,126
2026-05-23T00:27:20.455,367847,731,0.589,0.877,1.132,70.04,5000,154.09,0,0.64,0.0,0,0.0,0.0,126
2026-05-23T00:27:20.703,368125,611,0.492,0.733,0.7,70.04,5000,154.09,0,0.64,0.0,0,0.0,0.0,127
2026-05-23T00:27:20.829,368229,752,0.606,0.903,1.208,70.04,5000,154.09,0,0.64,0.0,0,0.0,0.0,127
2026-05-23T00:27:20.954,368333,905,0.729,1.086,1.759,70.04,5000,154.09,0,0.64,0.0,0,0.0,0.0,127
2026-05-23T00:27:21.015,368437,887,0.715,1.065,1.694,70.04,5000,154.09,0,0.64,0.0,0,0.0,0.0,127
2026-05-23T00:27:21.142,368541,740,0.596,0.888,1.165,70.04,5000,154.09,0,0.64,0.0,0,0.0,0.0,127
2026-05-23T00:27:21.265,368645,620,0.5,0.744,0.733,70.04,5000,154.09,0,0.64,0.0,0,0.0,0.0,127
2026-05-23T00:27:21.326,368749,667,0.538,0.801,0.902,70.04,5000,154.09,0,0.64,0.0,0,0.0,0.0,127
2026-05-23T00:27:21.449,368853,836,0.674,1.003,1.51,70.04,5000,154.09,0,0.64,0.0,0,0.0,0.0,127
2026-05-23T00:27:21.698,369131,632,0.509,0.759,0.776,70.04,5000,154.09,0,0.64,0.0,0,0.0,0.0,128
2026-05-23T00:27:21.825,369235,849,0.684,1.019,1.557,70.04,5000,154.09,0,0.64,0.0,0,0.0,0.0,128
2026-05-23T00:27:21.947,369339,923,0.744,1.108,1.824,70.04,5000,154.09,0,0.64,0.0,0,0.0,0.0,128
2026-05-23T00:27:22.009,369443,815,0.657,0.978,1.435,70.04,5000,154.09,0,0.64,0.0,0,0.0,0.0,128
2026-05-23T00:27:22.133,369547,656,0.529,0.787,0.862,70.04,5000,154.09,0,0.64,0.0,0,0.0,0.0,128
2026-05-23T00:27:22.261,369651,631,0.508,0.757,0.772,70.04,5000,154.09,0,0.64,0.0,0,0.0,0.0,128
2026-05-23T00:27:22.321,369755,765,0.616,0.918,1.255,70.04,5000,154.09,0,0.64,0.0,0,0.0,0.0,128
2026-05-23T00:27:22.445,369859,907,0.731,1.089,1.766,70.04,5000,154.09,0,0.64,0.0,0,0.0,0.0,128
2026-05-23T00:27:22.696,370137,711,0.573,0.853,1.06,70.04,5000,154.09,0,0.64,0.0,0,0.0,0.0,129
2026-05-23T00:27:22.818,370241,917,0.739,1.101,1.802,70.04,5000,154.09,0,0.64,0.0,0,0.0,0.0,129
2026-05-23T00:27:22.944,370345,873,0.704,1.048,1.644,70.04,5000,154.09,0,0.64,0.0,0,0.0,0.0,129
2026-05-23T00:27:23.005,370449,704,0.567,0.845,1.035,70.04,5000,154.09,0,0.64,0.0,0,0.0,0.0,129
2026-05-23T00:27:23.130,370553,613,0.494,0.736,0.707,70.04,5000,154.09,0,0.64,0.0,0,0.0,0.0,129
2026-05-23T00:27:23.257,370657,704,0.567,0.845,1.035,70.04,5000,154.09,0,0.64,0.0,0,0.0,0.0,129
2026-05-23T00:27:23.318,370761,861,0.694,1.033,1.6,70.04,5000,154.09,0,0.64,0.0,0,0.0,0.0,129
2026-05-23T00:27:23.441,370865,913,0.736,1.096,1.788,70.04,5000,154.09,0,0.64,0.0,0,0.0,0.0,129
2026-05-23T00:27:23.753,371143,803,0.647,0.964,1.392,70.04,5000,154.09,0,0.64,0.0,0,0.0,0.0,130
2026-05-23T00:27:23.816,371247,904,0.728,1.085,1.755,70.04,5000,154.09,0,0.64,0.0,0,0.0,0.0,130
2026-05-23T00:27:23.940,371351,766,0.617,0.919,1.258,70.04,5000,154.09,0,0.64,0.0,0,0.0,0.0,130
2026-05-23T00:27:24.064,371455,628,0.506,0.754,0.761,70.04,5000,154.09,0,0.64,0.0,0,0.0,0.0,130
2026-05-23T00:27:24.127,371559,654,0.527,0.785,0.855,70.04,5000,154.09,0,0.64,0.0,0,0.0,0.0,130
2026-05-23T00:27:24.252,371663,805,0.649,0.966,1.399,70.04,5000,154.09,0,0.64,0.0,0,0.0,0.0,130
2026-05-23T00:27:24.376,371767,916,0.738,1.1,1.799,70.04,5000,154.09,0,0.64,0.0,0,0.0,0.0,130
2026-05-23T00:27:24.439,371871,867,0.699,1.041,1.622,70.04,5000,154.09,0,0.64,0.0,0,0.0,0.0,130
2026-05-23T00:27:24.749,372149,871,0.702,1.045,1.636,70.04,5000,154.09,0,0.64,0.0,0,0.0,0.0,131
2026-05-23T00:27:24.812,372253,833,0.671,1.0,1.5,70.04,5000,154.09,0,0.64,0.0,0,0.0,0.0,131
2026-05-23T00:27:24.936,372357,673,0.542,0.808,0.923,70.04,5000,154.09,0,0.64,0.0,0,0.0,0.0,131
2026-05-23T00:27:25.061,372461,621,0.5,0.745,0.736,70.04,5000,154.09,0,0.64,0.0,0,0.0,0.0,131
2026-05-23T00:27:25.121,372565,735,0.592,0.882,1.147,70.04,5000,154.09,0,0.64,0.0,0,0.0,0.0,131
2026-05-23T00:27:25.247,372669,888,0.716,1.066,1.698,70.04,5000,154.09,0,0.64,0.0,0,0.0,0.0,131
2026-05-23T00:27:25.373,372773,906,0.73,1.087,1.762,70.04,5000,154.09,0,0.64,0.0,0,0.0,0.0,131
2026-05-23T00:27:25.432,372877,758,0.611,0.91,1.23,70.04,5000,154.09,0,0.64,0.0,0,0.0,0.0,131
2026-05-23T00:27:25.742,373155,874,0.704,1.049,1.647,70.04,5000,154.09,0,0.64,0.0,0,0.0,0.0,132
2026-05-23T00:27:25.806,373259,722,0.582,0.867,1.1,70.04,5000,154.09,0,0.64,0.0,0,0.0,0.0,132
2026-05-23T00:27:25.929,373363,612,0.493,0.735,0.704,70.04,5000,154.09,0,0.64,0.0,0,0.0,0.0,132
2026-05-23T00:27:26.056,373467,671,0.541,0.805,0.916,70.04,5000,154.09,0,0.64,0.0,0,0.0,0.0,132
2026-05-23T00:27:26.117,373571,839,0.676,1.007,1.521,70.04,5000,154.09,0,0.64,0.0,0,0.0,0.0,132
2026-05-23T00:27:26.243,373675,921,0.742,1.106,1.817,70.04,5000,154.09,0,0.64,0.0,0,0.0,0.0,132
2026-05-23T00:27:26.366,373779,822,0.662,0.987,1.46,70.04,5000,154.09,0,0.64,0.0,0,0.0,0.0,132
2026-05-23T00:27:26.429,373883,660,0.532,0.792,0.877,70.04,5000,154.09,0,0.64,0.0,0,0.0,0.0,132
2026-05-23T00:27:26.740,374161,816,0.658,0.979,1.438,70.04,5000,154.09,0,0.64,0.0,0,0.0,0.0,133
2026-05-23T00:27:26.865,374265,636,0.513,0.763,0.79,70.04,5000,154.09,0,0.64,0.0,0,0.0,0.0,133
2026-05-23T00:27:26.928,374369,628,0.506,0.754,0.761,70.04,5000,154.09,0,0.64,0.0,0,0.0,0.0,133
2026-05-23T00:27:27.051,374473,769,0.62,0.923,1.269,70.04,5000,154.09,0,0.64,0.0,0,0.0,0.0,133
2026-05-23T00:27:27.175,374577,905,0.729,1.086,1.759,70.04,5000,154.09,0,0.64,0.0,0,0.0,0.0,133
2026-05-23T00:27:27.239,374681,877,0.707,1.053,1.658,70.04,5000,154.09,0,0.64,0.0,0,0.0,0.0,133
2026-05-23T00:27:27.361,374785,712,0.574,0.855,1.064,70.04,5000,154.09,0,0.64,0.0,0,0.0,0.0,133
2026-05-23T00:27:27.486,374889,609,0.491,0.731,0.693,70.04,5000,154.09,0,0.64,0.0,0,0.0,0.0,133
2026-05-23T00:27:27.734,375167,734,0.592,0.881,1.143,70.04,5000,154.09,0,0.64,0.0,0,0.0,0.0,134
2026-05-23T00:27:27.861,375271,605,0.488,0.726,0.679,70.04,5000,154.09,0,0.64,0.0,0,0.0,0.0,134
2026-05-23T00:27:27.922,375375,697,0.562,0.837,1.01,70.04,5000,154.09,0,0.64,0.0,0,0.0,0.0,134
2026-05-23T00:27:28.045,375479,860,0.693,1.032,1.597,70.04,5000,154.09,0,0.64,0.0,0,0.0,0.0,134
2026-05-23T00:27:28.172,375583,914,0.737,1.097,1.791,70.04,5000,154.09,0,0.64,0.0,0,0.0,0.0,134
2026-05-23T00:27:28.237,375687,789,0.636,0.947,1.341,70.04,5000,154.09,0,0.64,0.0,0,0.0,0.0,134
2026-05-23T00:27:28.361,375791,630,0.508,0.756,0.769,70.04,5000,154.09,0,0.64,0.0,0,0.0,0.0,134
2026-05-23T00:27:28.484,375895,629,0.507,0.755,0.765,70.04,5000,154.09,0,0.64,0.0,0,0.0,0.0,134
2026-05-23T00:27:28.737,376173,649,0.523,0.779,0.837,70.04,5000,154.09,0,0.64,0.0,0,0.0,0.0,135
2026-05-23T00:27:28.860,376277,640,0.516,0.768,0.805,70.04,5000,154.09,0,0.64,0.0,0,0.0,0.0,135
2026-05-23T00:27:28.922,376381,798,0.643,0.958,1.374,70.04,5000,154.09,0,0.64,0.0,0,0.0,0.0,135
2026-05-23T00:27:29.044,376485,912,0.735,1.095,1.784,70.04,5000,154.09,0,0.64,0.0,0,0.0,0.0,135
2026-05-23T00:27:29.169,376589,860,0.693,1.032,1.597,70.04,5000,154.09,0,0.64,0.0,0,0.0,0.0,135
2026-05-23T00:27:29.232,376693,687,0.554,0.825,0.974,70.04,5000,154.09,0,0.64,0.0,0,0.0,0.0,135
2026-05-23T00:27:29.356,376797,609,0.491,0.731,0.693,70.04,5000,154.09,0,0.64,0.0,0,0.0,0.0,135
2026-05-23T00:27:29.484,376901,701,0.565,0.841,1.024,70.04,5000,154.09,0,0.64,0.0,0,0.0,0.0,135
2026-05-23T00:27:29.732,377179,609,0.491,0.731,0.693,70.04,5000,154.09,0,0.64,0.0,0,0.0,0.0,136
2026-05-23T00:27:29.855,377283,717,0.578,0.861,1.082,70.04,5000,154.09,0,0.64,0.0,0,0.0,0.0,136
2026-05-23T00:27:29.919,377387,873,0.704,1.048,1.644,70.04,5000,154.09,0,0.64,0.0,0,0.0,0.0,136
2026-05-23T00:27:30.041,377491,905,0.729,1.086,1.759,70.04,5000,154.09,0,0.64,0.0,0,0.0,0.0,136
2026-05-23T00:27:30.167,377595,764,0.616,0.917,1.251,70.04,5000,154.09,0,0.64,0.0,0,0.0,0.0,136
2026-05-23T00:27:30.290,377699,624,0.503,0.749,0.747,70.04,5000,154.09,0,0.64,0.0,0,0.0,0.0,136
2026-05-23T00:27:30.351,377803,651,0.525,0.781,0.844,70.04,5000,154.09,0,0.64,0.0,0,0.0,0.0,136
2026-05-23T00:27:30.477,377907,795,0.641,0.954,1.363,70.04,5000,154.09,0,0.64,0.0,0,0.0,0.0,136
2026-05-23T00:27:30.728,378185,617,0.497,0.741,0.722,70.04,5000,154.09,0,0.64,0.0,0,0.0,0.0,137
2026-05-23T00:27:30.853,378289,812,0.654,0.975,1.424,70.04,5000,154.09,0,0.64,0.0,0,0.0,0.0,137
2026-05-23T00:27:30.977,378393,920,0.741,1.104,1.813,70.04,5000,154.09,0,0.64,0.0,0,0.0,0.0,137
2026-05-23T00:27:31.040,378497,853,0.687,1.024,1.572,70.04,5000,154.09,0,0.64,0.0,0,0.0,0.0,137
2026-05-23T00:27:31.166,378601,689,0.555,0.827,0.981,70.04,5000,154.09,0,0.64,0.0,0,0.0,0.0,137
2026-05-23T00:27:31.290,378705,613,0.494,0.736,0.707,70.04,5000,154.09,0,0.64,0.0,0,0.0,0.0,137
2026-05-23T00:27:31.353,378809,722,0.582,0.867,1.1,70.04,5000,154.09,0,0.64,0.0,0,0.0,0.0,137
2026-05-23T00:27:31.476,378913,881,0.71,1.057,1.672,70.04,5000,154.09,0,0.64,0.0,0,0.0,0.0,137
2026-05-23T00:27:31.725,379191,671,0.541,0.805,0.916,70.04,5000,154.09,0,0.64,0.0,0,0.0,0.0,138
2026-05-23T00:27:31.850,379295,885,0.713,1.062,1.687,70.04,5000,154.09,0,0.64,0.0,0,0.0,0.0,138
2026-05-23T00:27:31.973,379399,897,0.723,1.077,1.73,70.04,5000,154.09,0,0.64,0.0,0,0.0,0.0,138
2026-05-23T00:27:32.036,379503,762,0.614,0.915,1.244,70.04,5000,154.09,0,0.64,0.0,0,0.0,0.0,138
2026-05-23T00:27:32.161,379607,629,0.507,0.755,0.765,70.04,5000,154.09,0,0.64,0.0,0,0.0,0.0,138
2026-05-23T00:27:32.285,379711,654,0.527,0.785,0.855,70.04,5000,154.09,0,0.64,0.0,0,0.0,0.0,138
2026-05-23T00:27:32.347,379815,806,0.65,0.967,1.402,70.04,5000,154.09,0,0.64,0.0,0,0.0,0.0,138
2026-05-23T00:27:32.472,379919,919,0.741,1.103,1.809,70.04,5000,154.09,0,0.64,0.0,0,0.0,0.0,138
2026-05-23T00:27:32.719,380197,743,0.599,0.892,1.176,70.04,5000,154.09,0,0.64,0.0,0,0.0,0.0,139
2026-05-23T00:27:32.843,380301,923,0.744,1.108,1.824,70.04,5000,154.09,0,0.64,0.0,0,0.0,0.0,139
2026-05-23T00:27:32.967,380405,852,0.687,1.023,1.568,70.04,5000,154.09,0,0.64,0.0,0,0.0,0.0,139
2026-05-23T00:27:33.029,380509,682,0.55,0.819,0.956,70.04,5000,154.09,0,0.64,0.0,0,0.0,0.0,139
2026-05-23T00:27:33.153,380613,617,0.497,0.741,0.722,70.04,5000,154.09,0,0.64,0.0,0,0.0,0.0,139
2026-05-23T00:27:33.278,380717,722,0.582,0.867,1.1,70.04,5000,154.09,0,0.64,0.0,0,0.0,0.0,139
2026-05-23T00:27:33.399,380821,878,0.708,1.054,1.662,70.04,5000,154.09,0,0.64,0.0,0,0.0,0.0,139
2026-05-23T00:27:33.462,380925,917,0.739,1.101,1.802,70.04,5000,154.09,0,0.64,0.0,0,0.0,0.0,139
2026-05-23T00:27:33.770,381203,817,0.658,0.981,1.442,70.04,5000,154.09,0,0.64,0.0,0,0.0,0.0,140
2026-05-23T00:27:33.832,381307,903,0.728,1.084,1.752,70.04,5000,154.09,0,0.64,0.0,0,0.0,0.0,140
2026-05-23T00:27:33.956,381411,758,0.611,0.91,1.23,70.04,5000,154.09,0,0.64,0.0,0,0.0,0.0,140
2026-05-23T00:27:34.083,381515,626,0.504,0.751,0.754,70.04,5000,154.09,0,0.64,0.0,0,0.0,0.0,140
2026-05-23T00:27:34.143,381619,660,0.532,0.792,0.877,70.04,5000,154.09,0,0.64,0.0,0,0.0,0.0,140
2026-05-23T00:27:34.269,381723,813,0.655,0.976,1.428,70.04,5000,154.09,0,0.64,0.0,0,0.0,0.0,140
2026-05-23T00:27:34.394,381827,918,0.74,1.102,1.806,70.04,5000,154.09,0,0.64,0.0,0,0.0,0.0,140
2026-05-23T00:27:34.456,381931,868,0.699,1.042,1.626,70.04,5000,154.09,0,0.64,0.0,0,0.0,0.0,140
2026-05-23T00:27:34.767,382209,871,0.702,1.045,1.636,70.04,5000,154.09,0,0.64,0.0,0,0.0,0.0,141
2026-05-23T00:27:34.826,382313,849,0.684,1.019,1.557,70.04,5000,154.09,0,0.64,0.0,0,0.0,0.0,141
2026-05-23T00:27:34.953,382417,683,0.55,0.82,0.959,70.04,5000,154.09,0,0.64,0.0,0,0.0,0.0,141
2026-05-23T00:27:35.077,382521,619,0.499,0.743,0.729,70.04,5000,154.09,0,0.64,0.0,0,0.0,0.0,141
2026-05-23T00:27:35.140,382625,721,0.581,0.865,1.096,70.04,5000,154.09,0,0.64,0.0,0,0.0,0.0,141
2026-05-23T00:27:35.265,382729,877,0.707,1.053,1.658,70.04,5000,154.09,0,0.64,0.0,0,0.0,0.0,141
2026-05-23T00:27:35.390,382833,918,0.74,1.102,1.806,70.04,5000,154.09,0,0.64,0.0,0,0.0,0.0,141
2026-05-23T00:27:35.452,382937,783,0.631,0.94,1.32,70.04,5000,154.09,0,0.64,0.0,0,0.0,0.0,141
2026-05-23T00:27:35.762,383215,875,0.705,1.05,1.651,70.04,5000,154.09,0,0.64,0.0,0,0.0,0.0,142
2026-05-23T00:27:35.887,383319,759,0.612,0.911,1.233,70.04,5000,154.09,0,0.64,0.0,0,0.0,0.0,142
2026-05-23T00:27:35.951,383423,628,0.506,0.754,0.761,70.04,5000,154.09,0,0.64,0.0,0,0.0,0.0,142
2026-05-23T00:27:36.076,383527,659,0.531,0.791,0.873,70.04,5000,154.09,0,0.64,0.0,0,0.0,0.0,142
2026-05-23T00:27:36.138,383631,802,0.646,0.963,1.388,70.04,5000,154.09,0,0.64,0.0,0,0.0,0.0,142
2026-05-23T00:27:36.264,383735,917,0.739,1.101,1.802,70.04,5000,154.09,0,0.64,0.0,0,0.0,0.0,142
2026-05-23T00:27:36.389,383839,869,0.7,1.043,1.629,70.04,5000,154.09,0,0.64,0.0,0,0.0,0.0,142
2026-05-23T00:27:36.451,383943,702,0.566,0.843,1.028,70.04,5000,154.09,0,0.64,0.0,0,0.0,0.0,142
2026-05-23T00:27:36.763,384221,853,0.687,1.024,1.572,70.04,5000,154.09,0,0.64,0.0,0,0.0,0.0,143
2026-05-23T00:27:36.886,384325,685,0.552,0.822,0.967,70.04,5000,154.09,0,0.64,0.0,0,0.0,0.0,143
2026-05-23T00:27:36.948,384429,615,0.496,0.738,0.715,70.04,5000,154.09,0,0.64,0.0,0,0.0,0.0,143
2026-05-23T00:27:37.072,384533,717,0.578,0.861,1.082,70.04,5000,154.09,0,0.64,0.0,0,0.0,0.0,143
2026-05-23T00:27:37.195,384637,876,0.706,1.051,1.654,70.04,5000,154.09,0,0.64,0.0,0,0.0,0.0,143
2026-05-23T00:27:37.258,384741,919,0.741,1.103,1.809,70.04,5000,154.09,0,0.64,0.0,0,0.0,0.0,143
2026-05-23T00:27:37.382,384845,797,0.642,0.957,1.37,70.04,5000,154.09,0,0.64,0.0,0,0.0,0.0,143
2026-05-23T00:27:37.508,384949,640,0.516,0.768,0.805,70.04,5000,154.09,0,0.64,0.0,0,0.0,0.0,143
2026-05-23T00:27:37.755,385227,797,0.642,0.957,1.37,70.04,5000,154.09,0,0.64,0.0,0,0.0,0.0,144
2026-05-23T00:27:37.880,385331,626,0.504,0.751,0.754,70.04,5000,154.09,0,0.64,0.0,0,0.0,0.0,144
2026-05-23T00:27:37.943,385435,652,0.525,0.783,0.848,70.04,5000,154.09,0,0.64,0.0,0,0.0,0.0,144
2026-05-23T00:27:38.051,385539,793,0.639,0.952,1.356,70.04,5000,154.09,0,0.64,0.0,0,0.0,0.0,144
2026-05-23T00:27:38.173,385643,903,0.728,1.084,1.752,70.04,5000,154.09,0,0.64,0.0,0,0.0,0.0,144
2026-05-23T00:27:38.300,385747,867,0.699,1.041,1.622,70.04,5000,154.09,0,0.64,0.0,0,0.0,0.0,144
2026-05-23T00:27:38.362,385851,709,0.571,0.851,1.053,70.04,5000,154.09,0,0.64,0.0,0,0.0,0.0,144
2026-05-23T00:27:38.484,385955,614,0.495,0.737,0.711,70.04,5000,154.09,0,0.64,0.0,0,0.0,0.0,144
2026-05-23T00:27:38.734,386233,716,0.577,0.859,1.078,70.04,5000,154.09,0,0.64,0.0,0,0.0,0.0,145
2026-05-23T00:27:38.858,386337,611,0.492,0.733,0.7,70.04,5000,154.09,0,0.64,0.0,0,0.0,0.0,145
2026-05-23T00:27:38.984,386441,706,0.569,0.847,1.042,70.04,5000,154.09,0,0.64,0.0,0,0.0,0.0,145
2026-05-23T00:27:39.046,386545,860,0.693,1.032,1.597,70.04,5000,154.09,0,0.64,0.0,0,0.0,0.0,145
2026-05-23T00:27:39.157,386649,910,0.733,1.092,1.777,70.04,5000,154.09,0,0.64,0.0,0,0.0,0.0,145
2026-05-23T00:27:39.280,386753,805,0.649,0.966,1.399,70.04,5000,154.09,0,0.64,0.0,0,0.0,0.0,145
2026-05-23T00:27:39.404,386857,657,0.529,0.789,0.866,70.04,5000,154.09,0,0.64,0.0,0,0.0,0.0,145
2026-05-23T00:27:39.466,386961,639,0.515,0.767,0.801,70.04,5000,154.09,0,0.64,0.0,0,0.0,0.0,145
2026-05-23T00:27:39.777,387239,662,0.533,0.795,0.884,70.04,5000,154.09,0,0.64,0.0,0,0.0,0.0,146
2026-05-23T00:27:39.841,387343,636,0.513,0.763,0.79,70.04,5000,154.09,0,0.64,0.0,0,0.0,0.0,146
2026-05-23T00:27:39.965,387447,788,0.635,0.946,1.338,70.04,5000,154.09,0,0.64,0.0,0,0.0,0.0,146
2026-05-23T00:27:40.090,387551,906,0.73,1.087,1.762,70.04,5000,154.09,0,0.64,0.0,0,0.0,0.0,146
2026-05-23T00:27:40.152,387655,869,0.7,1.043,1.629,70.04,5000,154.09,0,0.64,0.0,0,0.0,0.0,146
2026-05-23T00:27:40.277,387759,721,0.581,0.865,1.096,70.04,5000,154.09,0,0.64,0.0,0,0.0,0.0,146
2026-05-23T00:27:40.399,387863,610,0.492,0.732,0.697,70.04,5000,154.09,0,0.64,0.0,0,0.0,0.0,146
2026-05-23T00:27:40.461,387967,672,0.542,0.807,0.92,70.04,5000,154.09,0,0.64,0.0,0,0.0,0.0,146
2026-05-23T00:27:40.775,388245,616,0.496,0.739,0.718,70.04,5000,154.09,0,0.64,0.0,0,0.0,0.0,147
2026-05-23T00:27:40.896,388349,693,0.558,0.832,0.995,70.04,5000,154.09,0,0.64,0.0,0,0.0,0.0,147
2026-05-23T00:27:40.959,388453,853,0.687,1.024,1.572,70.04,5000,154.09,0,0.64,0.0,0,0.0,0.0,147
2026-05-23T00:27:41.085,388557,907,0.731,1.089,1.766,70.04,5000,154.09,0,0.64,0.0,0,0.0,0.0,147
2026-05-23T00:27:41.211,388661,808,0.651,0.97,1.41,70.04,5000,154.09,0,0.64,0.0,0,0.0,0.0,147
2026-05-23T00:27:41.275,388765,656,0.529,0.787,0.862,70.04,5000,154.09,0,0.64,0.0,0,0.0,0.0,147
2026-05-23T00:27:41.399,388869,628,0.506,0.754,0.761,70.04,5000,154.09,0,0.64,0.0,0,0.0,0.0,147
2026-05-23T00:27:41.512,388973,755,0.608,0.906,1.219,70.04,5000,154.09,0,0.64,0.0,0,0.0,0.0,147
2026-05-23T00:27:41.758,389251,615,0.496,0.738,0.715,70.04,5000,154.09,0,0.64,0.0,0,0.0,0.0,148
2026-05-23T00:27:41.849,389355,765,0.616,0.918,1.255,70.04,5000,154.09,0,0.64,0.0,0,0.0,0.0,148
2026-05-23T00:27:41.973,389459,895,0.721,1.074,1.723,70.04,5000,154.09,0,0.64,0.0,0,0.0,0.0,148
2026-05-23T00:27:42.100,389563,871,0.702,1.045,1.636,70.04,5000,154.09,0,0.64,0.0,0,0.0,0.0,148
2026-05-23T00:27:42.160,389667,726,0.585,0.871,1.114,70.04,5000,154.09,0,0.64,0.0,0,0.0,0.0,148
2026-05-23T00:27:42.285,389771,618,0.498,0.742,0.725,70.04,5000,154.09,0,0.64,0.0,0,0.0,0.0,148
2026-05-23T00:27:42.410,389875,677,0.546,0.813,0.938,70.04,5000,154.09,0,0.64,0.0,0,0.0,0.0,148
2026-05-23T00:27:42.471,389979,831,0.67,0.997,1.492,70.04,5000,154.09,0,0.64,0.0,0,0.0,0.0,148
2026-05-23T00:27:42.783,390257,631,0.508,0.757,0.772,70.04,5000,154.09,0,0.64,0.0,0,0.0,0.0,149
2026-05-23T00:27:42.845,390361,842,0.679,1.011,1.532,70.04,5000,154.09,0,0.64,0.0,0,0.0,0.0,149
2026-05-23T00:27:42.971,390465,912,0.735,1.095,1.784,70.04,5000,154.09,0,0.64,0.0,0,0.0,0.0,149
2026-05-23T00:27:43.094,390569,816,0.658,0.979,1.438,70.04,5000,154.09,0,0.64,0.0,0,0.0,0.0,149
2026-05-23T00:27:43.154,390673,661,0.533,0.793,0.88,70.04,5000,154.09,0,0.64,0.0,0,0.0,0.0,149
2026-05-23T00:27:43.279,390777,624,0.503,0.749,0.747,70.04,5000,154.09,0,0.64,0.0,0,0.0,0.0,149
2026-05-23T00:27:43.406,390881,747,0.602,0.897,1.19,70.04,5000,154.09,0,0.64,0.0,0,0.0,0.0,149
2026-05-23T00:27:43.467,390985,886,0.714,1.063,1.69,70.04,5000,154.09,0,0.64,0.0,0,0.0,0.0,149
2026-05-23T00:27:43.779,391263,699,0.563,0.839,1.017,70.04,5000,154.09,0,0.64,0.0,0,0.0,0.0,150
2026-05-23T00:27:43.905,391367,892,0.719,1.071,1.712,70.04,5000,154.09,0,0.64,0.0,0,0.0,0.0,150
2026-05-23T00:27:43.965,391471,888,0.716,1.066,1.698,70.04,5000,154.09,0,0.64,0.0,0,0.0,0.0,150
2026-05-23T00:27:44.091,391575,748,0.603,0.898,1.194,70.04,5000,154.09,0,0.64,0.0,0,0.0,0.0,150
2026-05-23T00:27:44.216,391679,624,0.503,0.749,0.747,70.04,5000,154.09,0,0.64,0.0,0,0.0,0.0,150
2026-05-23T00:27:44.279,391783,674,0.543,0.809,0.927,70.04,5000,154.09,0,0.64,0.0,0,0.0,0.0,150
2026-05-23T00:27:45.163,391887,539,0.434,0.647,0.441,70.04,5000,154.09,0,0.64,0.0,0,0.0,0.0,150
2026-05-23T00:27:45.290,391991,691,0.557,0.829,0.988,70.04,5000,154.09,0,0.64,0.0,0,0.0,0.0,150
2026-05-23T00:27:45.574,392269,618,0.498,0.742,0.725,70.04,5000,154.09,0,0.64,0.0,0,0.0,0.0,151
2026-05-23T00:27:45.696,392373,694,0.559,0.833,0.999,70.04,5000,154.09,0,0.64,0.0,0,0.0,0.0,151
2026-05-23T00:27:45.758,392477,850,0.685,1.02,1.561,70.04,5000,154.09,0,0.64,0.0,0,0.0,0.0,151
2026-05-23T00:27:45.881,392581,910,0.733,1.092,1.777,70.04,5000,154.09,0,0.64,0.0,0,0.0,0.0,151
2026-05-23T00:27:45.988,392685,799,0.644,0.959,1.377,70.04,5000,154.09,0,0.64,0.0,0,0.0,0.0,151
2026-05-23T00:27:46.112,392789,655,0.528,0.786,0.859,70.04,5000,154.09,0,0.64,0.0,0,0.0,0.0,151
2026-05-23T00:27:46.173,392893,628,0.506,0.754,0.761,70.04,5000,154.09,0,0.64,0.0,0,0.0,0.0,151
2026-05-23T00:27:46.296,392997,763,0.615,0.916,1.248,70.04,5000,154.09,0,0.64,0.0,0,0.0,0.0,151
2026-05-23T00:27:46.546,393275,618,0.498,0.742,0.725,70.04,5000,154.09,0,0.64,0.0,0,0.0,0.0,152
2026-05-23T00:27:46.674,393379,766,0.617,0.919,1.258,70.04,5000,154.09,0,0.64,0.0,0,0.0,0.0,152
2026-05-23T00:27:46.799,393483,893,0.72,1.072,1.716,70.04,5000,154.09,0,0.64,0.0,0,0.0,0.0,152
2026-05-23T00:27:46.859,393587,869,0.7,1.043,1.629,70.04,5000,154.09,0,0.64,0.0,0,0.0,0.0,152
2026-05-23T00:27:46.984,393691,715,0.576,0.858,1.075,70.04,5000,154.09,0,0.64,0.0,0,0.0,0.0,152
2026-05-23T00:27:47.110,393795,611,0.492,0.733,0.7,70.04,5000,154.09,0,0.64,0.0,0,0.0,0.0,152
2026-05-23T00:27:47.171,393899,668,0.538,0.802,0.905,70.04,5000,154.09,0,0.64,0.0,0,0.0,0.0,152
2026-05-23T00:27:47.294,394003,829,0.668,0.995,1.485,70.04,5000,154.09,0,0.64,0.0,0,0.0,0.0,152
2026-05-23T00:27:47.597,394281,640,0.516,0.768,0.805,70.04,5000,154.09,0,0.64,0.0,0,0.0,0.0,153
2026-05-23T00:27:47.651,394385,837,0.675,1.005,1.514,70.04,5000,154.09,0,0.64,0.0,0,0.0,0.0,153
2026-05-23T00:27:47.759,394489,903,0.728,1.084,1.752,70.04,5000,154.09,0,0.64,0.0,0,0.0,0.0,153
2026-05-23T00:27:47.886,394593,803,0.647,0.964,1.392,70.04,5000,154.09,0,0.64,0.0,0,0.0,0.0,153
2026-05-23T00:27:47.992,394697,650,0.524,0.78,0.841,70.04,5000,154.09,0,0.64,0.0,0,0.0,0.0,153
2026-05-23T00:27:48.104,394801,622,0.501,0.747,0.74,70.04,5000,154.09,0,0.64,0.0,0,0.0,0.0,153
2026-05-23T00:27:48.213,394905,743,0.599,0.892,1.176,70.04,5000,154.09,0,0.64,0.0,0,0.0,0.0,153
2026-05-23T00:27:48.275,395009,883,0.712,1.06,1.68,70.04,5000,154.09,0,0.64,0.0,0,0.0,0.0,153
2026-05-23T00:27:48.587,395287,689,0.555,0.827,0.981,70.04,5000,154.09,0,0.64,0.0,0,0.0,0.0,154
2026-05-23T00:27:48.650,395391,887,0.715,1.065,1.694,70.04,5000,154.09,0,0.64,0.0,0,0.0,0.0,154
2026-05-23T00:27:48.775,395495,878,0.708,1.054,1.662,70.04,5000,154.09,0,0.64,0.0,0,0.0,0.0,154
2026-05-23T00:27:48.899,395599,730,0.588,0.876,1.129,70.04,5000,154.09,0,0.64,0.0,0,0.0,0.0,154
2026-05-23T00:27:48.964,395703,618,0.498,0.742,0.725,70.04,5000,154.09,0,0.64,0.0,0,0.0,0.0,154
2026-05-23T00:27:49.086,395807,668,0.538,0.802,0.905,70.04,5000,154.09,0,0.64,0.0,0,0.0,0.0,154
2026-05-23T00:27:49.211,395911,826,0.666,0.991,1.474,70.04,5000,154.09,0,0.64,0.0,0,0.0,0.0,154
2026-05-23T00:27:49.273,396015,912,0.735,1.095,1.784,70.04,5000,154.09,0,0.64,0.0,0,0.0,0.0,154
2026-05-23T00:27:49.565,396293,755,0.608,0.906,1.219,70.04,5000,154.09,0,0.64,0.0,0,0.0,0.0,155
2026-05-23T00:27:49.692,396397,904,0.728,1.085,1.755,70.04,5000,154.09,0,0.64,0.0,0,0.0,0.0,155
2026-05-23T00:27:49.817,396501,810,0.653,0.972,1.417,70.04,5000,154.09,0,0.64,0.0,0,0.0,0.0,155
2026-05-23T00:27:49.879,396605,661,0.533,0.793,0.88,70.04,5000,154.09,0,0.64,0.0,0,0.0,0.0,155
2026-05-23T00:27:50.004,396709,618,0.498,0.742,0.725,70.04,5000,154.09,0,0.64,0.0,0,0.0,0.0,155
2026-05-23T00:27:50.128,396813,737,0.594,0.885,1.154,70.04,5000,154.09,0,0.64,0.0,0,0.0,0.0,155
2026-05-23T00:27:50.190,396917,879,0.708,1.055,1.665,70.04,5000,154.09,0,0.64,0.0,0,0.0,0.0,155
2026-05-23T00:27:50.316,397021,882,0.711,1.059,1.676,70.04,5000,154.09,0,0.64,0.0,0,0.0,0.0,155
2026-05-23T00:27:50.569,397299,817,0.658,0.981,1.442,70.04,5000,154.09,0,0.64,0.0,0,0.0,0.0,156
2026-05-23T00:27:50.695,397403,881,0.71,1.057,1.672,70.04,5000,154.09,0,0.64,0.0,0,0.0,0.0,156
2026-05-23T00:27:50.757,397507,733,0.591,0.88,1.14,70.04,5000,154.09,0,0.64,0.0,0,0.0,0.0,156
2026-05-23T00:27:50.880,397611,619,0.499,0.743,0.729,70.04,5000,154.09,0,0.64,0.0,0,0.0,0.0,156
2026-05-23T00:27:51.003,397715,663,0.534,0.796,0.887,70.04,5000,154.09,0,0.64,0.0,0,0.0,0.0,156
2026-05-23T00:27:51.133,397819,817,0.658,0.981,1.442,70.04,5000,154.09,0,0.64,0.0,0,0.0,0.0,156
2026-05-23T00:27:51.186,397923,915,0.737,1.098,1.795,70.04,5000,154.09,0,0.64,0.0,0,0.0,0.0,156
2026-05-23T00:27:51.295,398027,848,0.683,1.018,1.554,70.04,5000,154.09,0,0.64,0.0,0,0.0,0.0,156
2026-05-23T00:27:51.582,398305,866,0.698,1.039,1.618,70.04,5000,154.09,0,0.64,0.0,0,0.0,0.0,157
2026-05-23T00:27:51.691,398409,823,0.663,0.988,1.464,70.04,5000,154.09,0,0.64,0.0,0,0.0,0.0,157
2026-05-23T00:27:51.812,398513,672,0.542,0.807,0.92,70.04,5000,154.09,0,0.64,0.0,0,0.0,0.0,157
2026-05-23T00:27:51.874,398617,628,0.506,0.754,0.761,70.04,5000,154.09,0,0.64,0.0,0,0.0,0.0,157
2026-05-23T00:27:51.998,398721,740,0.596,0.888,1.165,70.04,5000,154.09,0,0.64,0.0,0,0.0,0.0,157
2026-05-23T00:27:52.126,398825,881,0.71,1.057,1.672,70.04,5000,154.09,0,0.64,0.0,0,0.0,0.0,157
2026-05-23T00:27:52.187,398929,911,0.734,1.094,1.781,70.04,5000,154.09,0,0.64,0.0,0,0.0,0.0,157
2026-05-23T00:27:52.312,399033,776,0.625,0.931,1.294,70.04,5000,154.09,0,0.64,0.0,0,0.0,0.0,157
2026-05-23T00:27:52.591,399311,871,0.702,1.045,1.636,70.04,5000,154.09,0,0.64,0.0,0,0.0,0.0,158
2026-05-23T00:27:52.717,399415,750,0.604,0.9,1.201,70.04,5000,154.09,0,0.64,0.0,0,0.0,0.0,158
2026-05-23T00:27:52.780,399519,624,0.503,0.749,0.747,70.04,5000,154.09,0,0.64,0.0,0,0.0,0.0,158
2026-05-23T00:27:52.904,399623,663,0.534,0.796,0.887,70.04,5000,154.09,0,0.64,0.0,0,0.0,0.0,158
2026-05-23T00:27:53.031,399727,812,0.654,0.975,1.424,70.04,5000,154.09,0,0.64,0.0,0,0.0,0.0,158
2026-05-23T00:27:53.093,399831,915,0.737,1.098,1.795,70.04,5000,154.09,0,0.64,0.0,0,0.0,0.0,158
2026-05-23T00:27:53.215,399935,854,0.688,1.025,1.575,70.04,5000,154.09,0,0.64,0.0,0,0.0,0.0,158
2026-05-23T00:27:53.341,400039,698,0.562,0.838,1.013,70.04,5000,154.09,0,0.64,0.0,0,0.0,0.0,158
2026-05-23T00:27:53.574,400317,848,0.683,1.018,1.554,70.04,5000,154.09,0,0.64,0.0,0,0.0,0.0,159
2026-05-23T00:27:53.698,400421,679,0.547,0.815,0.945,70.04,5000,154.09,0,0.64,0.0,0,0.0,0.0,159
2026-05-23T00:27:53.818,400525,625,0.504,0.75,0.751,70.04,5000,154.09,0,0.64,0.0,0,0.0,0.0,159
2026-05-23T00:27:53.876,400629,728,0.587,0.874,1.122,70.04,5000,154.09,0,0.64,0.0,0,0.0,0.0,159
2026-05-23T00:27:54.005,400733,883,0.712,1.06,1.68,70.04,5000,154.09,0,0.64,0.0,0,0.0,0.0,159
2026-05-23T00:27:54.117,400837,907,0.731,1.089,1.766,70.04,5000,154.09,0,0.64,0.0,0,0.0,0.0,159
2026-05-23T00:27:54.235,400941,785,0.633,0.942,1.327,70.04,5000,154.09,0,0.64,0.0,0,0.0,0.0,159
2026-05-23T00:27:54.300,401045,642,0.517,0.771,0.812,70.04,5000,154.09,0,0.64,0.0,0,0.0,0.0,159
2026-05-23T00:27:54.611,401323,791,0.637,0.949,1.348,70.04,5000,154.09,0,0.64,0.0,0,0.0,0.0,160
2026-05-23T00:27:54.672,401427,637,0.513,0.765,0.794,70.04,5000,154.09,0,0.64,0.0,0,0.0,0.0,160
2026-05-23T00:27:54.798,401531,664,0.535,0.797,0.891,70.04,5000,154.09,0,0.64,0.0,0,0.0,0.0,160
2026-05-23T00:27:54.923,401635,810,0.653,0.972,1.417,70.04,5000,154.09,0,0.64,0.0,0,0.0,0.0,160
2026-05-23T00:27:54.984,401739,917,0.739,1.101,1.802,70.04,5000,154.09,0,0.64,0.0,0,0.0,0.0,160
2026-05-23T00:27:55.109,401843,856,0.69,1.027,1.582,70.04,5000,154.09,0,0.64,0.0,0,0.0,0.0,160
2026-05-23T00:27:55.233,401947,691,0.557,0.829,0.988,70.04,5000,154.09,0,0.64,0.0,0,0.0,0.0,160
2026-05-23T00:27:55.296,402051,609,0.491,0.731,0.693,70.04,5000,154.09,0,0.64,0.0,0,0.0,0.0,160
2026-05-23T00:27:55.610,402329,709,0.571,0.851,1.053,70.04,5000,154.09,0,0.64,0.0,0,0.0,0.0,161
2026-05-23T00:27:55.671,402433,614,0.495,0.737,0.711,70.04,5000,154.09,0,0.64,0.0,0,0.0,0.0,161
2026-05-23T00:27:55.795,402537,721,0.581,0.865,1.096,70.04,5000,154.09,0,0.64,0.0,0,0.0,0.0,161
2026-05-23T00:27:55.918,402641,879,0.708,1.055,1.665,70.04,5000,154.09,0,0.64,0.0,0,0.0,0.0,161
2026-05-23T00:27:55.982,402745,906,0.73,1.087,1.762,70.04,5000,154.09,0,0.64,0.0,0,0.0,0.0,161
2026-05-23T00:27:56.107,402849,784,0.632,0.941,1.323,70.04,5000,154.09,0,0.64,0.0,0,0.0,0.0,161
2026-05-23T00:27:56.233,402953,639,0.515,0.767,0.801,70.04,5000,154.09,0,0.64,0.0,0,0.0,0.0,161
2026-05-23T00:27:56.291,403057,655,0.528,0.786,0.859,70.04,5000,154.09,0,0.64,0.0,0,0.0,0.0,161
2026-05-23T00:27:56.589,403335,656,0.529,0.787,0.862,70.04,5000,154.09,0,0.64,0.0,0,0.0,0.0,162
2026-05-23T00:27:56.714,403439,658,0.53,0.79,0.869,70.04,5000,154.09,0,0.64,0.0,0,0.0,0.0,162
2026-05-23T00:27:56.776,403543,808,0.651,0.97,1.41,70.04,5000,154.09,0,0.64,0.0,0,0.0,0.0,162
2026-05-23T00:27:56.886,403647,917,0.739,1.101,1.802,70.04,5000,154.09,0,0.64,0.0,0,0.0,0.0,162
2026-05-23T00:27:57.010,403751,865,0.697,1.038,1.615,70.04,5000,154.09,0,0.64,0.0,0,0.0,0.0,162
2026-05-23T00:27:57.134,403855,700,0.564,0.84,1.021,70.04,5000,154.09,0,0.64,0.0,0,0.0,0.0,162
2026-05-23T00:27:57.198,403959,619,0.499,0.743,0.729,70.04,5000,154.09,0,0.64,0.0,0,0.0,0.0,162
2026-05-23T00:27:57.324,404063,709,0.571,0.851,1.053,70.04,5000,154.09,0,0.64,0.0,0,0.0,0.0,162
2026-05-23T00:27:57.574,404341,624,0.503,0.749,0.747,70.04,5000,154.09,0,0.64,0.0,0,0.0,0.0,163
2026-05-23T00:27:57.696,404445,721,0.581,0.865,1.096,70.04,5000,154.09,0,0.64,0.0,0,0.0,0.0,163
2026-05-23T00:27:57.821,404549,878,0.708,1.054,1.662,70.04,5000,154.09,0,0.64,0.0,0,0.0,0.0,163
2026-05-23T00:27:57.885,404653,907,0.731,1.089,1.766,70.04,5000,154.09,0,0.64,0.0,0,0.0,0.0,163
2026-05-23T00:27:58.009,404757,783,0.631,0.94,1.32,70.04,5000,154.09,0,0.64,0.0,0,0.0,0.0,163
2026-05-23T00:27:58.132,404861,637,0.513,0.765,0.794,70.04,5000,154.09,0,0.64,0.0,0,0.0,0.0,163
2026-05-23T00:27:58.193,404965,649,0.523,0.779,0.837,70.04,5000,154.09,0,0.64,0.0,0,0.0,0.0,163
2026-05-23T00:27:58.319,405069,796,0.641,0.955,1.366,70.04,5000,154.09,0,0.64,0.0,0,0.0,0.0,163
2026-05-23T00:27:58.630,405347,629,0.507,0.755,0.765,70.04,5000,154.09,0,0.64,0.0,0,0.0,0.0,164
2026-05-23T00:27:58.709,405451,804,0.648,0.965,1.395,70.04,5000,154.09,0,0.64,0.0,0,0.0,0.0,164
2026-05-23T00:27:58.831,405555,918,0.74,1.102,1.806,70.04,5000,154.09,0,0.64,0.0,0,0.0,0.0,164
2026-05-23T00:27:58.894,405659,858,0.691,1.03,1.59,70.04,5000,154.09,0,0.64,0.0,0,0.0,0.0,164
2026-05-23T00:27:59.019,405763,697,0.562,0.837,1.01,70.04,5000,154.09,0,0.64,0.0,0,0.0,0.0,164
2026-05-23T00:27:59.143,405867,622,0.501,0.747,0.74,70.04,5000,154.09,0,0.64,0.0,0,0.0,0.0,164
2026-05-23T00:27:59.204,405971,707,0.57,0.849,1.046,70.04,5000,154.09,0,0.64,0.0,0,0.0,0.0,164
2026-05-23T00:27:59.331,406075,866,0.698,1.039,1.618,70.04,5000,154.09,0,0.64,0.0,0,0.0,0.0,164
2026-05-23T00:27:59.578,406353,666,0.537,0.799,0.898,70.04,5000,154.09,0,0.64,0.0,0,0.0,0.0,165
2026-05-23T00:27:59.704,406457,874,0.704,1.049,1.647,70.04,5000,154.09,0,0.64,0.0,0,0.0,0.0,165
2026-05-23T00:27:59.828,406561,910,0.733,1.092,1.777,70.04,5000,154.09,0,0.64,0.0,0,0.0,0.0,165
2026-05-23T00:27:59.890,406665,779,0.628,0.935,1.305,70.04,5000,154.09,0,0.64,0.0,0,0.0,0.0,165
2026-05-23T00:28:00.013,406769,629,0.507,0.755,0.765,70.04,5000,154.09,0,0.64,0.0,0,0.0,0.0,165
2026-05-23T00:28:00.139,406873,647,0.521,0.777,0.83,70.04,5000,154.09,0,0.64,0.0,0,0.0,0.0,165
2026-05-23T00:28:00.202,406977,785,0.633,0.942,1.327,70.04,5000,154.09,0,0.64,0.0,0,0.0,0.0,165
2026-05-23T00:28:00.326,407081,906,0.73,1.087,1.762,70.04,5000,154.09,0,0.64,0.0,0,0.0,0.0,165
2026-05-23T00:28:00.575,407359,724,0.583,0.869,1.107,70.04,5000,154.09,0,0.64,0.0,0,0.0,0.0,166
2026-05-23T00:28:00.686,407463,909,0.733,1.091,1.773,70.04,5000,154.09,0,0.64,0.0,0,0.0,0.0,166
2026-05-23T00:28:00.809,407567,859,0.692,1.031,1.593,70.04,5000,154.09,0,0.64,0.0,0,0.0,0.0,166
2026-05-23T00:28:00.935,407671,702,0.566,0.843,1.028,70.04,5000,154.09,0,0.64,0.0,0,0.0,0.0,166
2026-05-23T00:28:00.992,407775,623,0.502,0.748,0.743,70.04,5000,154.09,0,0.64,0.0,0,0.0,0.0,166
2026-05-23T00:28:01.105,407879,709,0.571,0.851,1.053,70.04,5000,154.09,0,0.64,0.0,0,0.0,0.0,166
2026-05-23T00:28:01.219,407983,862,0.695,1.035,1.604,70.04,5000,154.09,0,0.64,0.0,0,0.0,0.0,166
2026-05-23T00:28:01.338,408087,919,0.741,1.103,1.809,70.04,5000,154.09,0,0.64,0.0,0,0.0,0.0,166
2026-05-23T00:28:01.620,408365,810,0.653,0.972,1.417,70.04,5000,154.09,0,0.64,0.0,0,0.0,0.0,167
2026-05-23T00:28:01.682,408469,898,0.724,1.078,1.734,70.04,5000,154.09,0,0.64,0.0,0,0.0,0.0,167
2026-05-23T00:28:01.783,408573,781,0.629,0.937,1.312,70.04,5000,154.09,0,0.64,0.0,0,0.0,0.0,167
2026-05-23T00:28:01.935,408677,649,0.523,0.779,0.837,70.04,5000,154.09,0,0.64,0.0,0,0.0,0.0,167
2026-05-23T00:28:02.039,408781,650,0.524,0.78,0.841,70.04,5000,154.09,0,0.64,0.0,0,0.0,0.0,167
2026-05-23T00:28:02.150,408885,788,0.635,0.946,1.338,70.04,5000,154.09,0,0.64,0.0,0,0.0,0.0,167
2026-05-23T00:28:02.213,408989,903,0.728,1.084,1.752,70.04,5000,154.09,0,0.64,0.0,0,0.0,0.0,167
