pc_timestamp,stm32_ms,adc_raw,adc_voltage_v,sensor_voltage_v,pressure_bar,duty_percent,frequency_hz,estimated_output_rms_v,jsy_online,jsy_voltage_rms_v,jsy_current_rms_a,jsy_active_power_w,jsy_power_factor,jsy_energy_kwh,jsy_error_count
2026-05-23T01:20:57.186,257205,699,0.563,0.839,1.017,20.12,5000,44.26,1,0.0,0.0,0,0.0,0.0,177
2026-05-23T01:20:57.289,257309,610,0.492,0.732,0.697,20.12,5000,44.26,1,0.0,0.0,0,0.0,0.0,177
2026-05-23T01:20:57.405,257413,706,0.569,0.847,1.042,20.12,5000,44.26,1,0.0,0.0,0,0.0,0.0,177
2026-05-23T01:20:57.532,257517,874,0.704,1.049,1.647,20.12,5000,44.26,1,0.0,0.0,0,0.0,0.0,177
2026-05-23T01:20:57.593,257621,936,0.754,1.124,1.871,20.12,5000,44.26,1,0.0,0.0,0,0.0,0.0,177
2026-05-23T01:20:57.717,257725,807,0.65,0.969,1.406,20.12,5000,44.26,1,0.0,0.0,0,0.0,0.0,177
2026-05-23T01:20:57.840,257826,725,0.584,0.87,1.111,20.12,5000,44.26,1,0.0,0.0,0,0.0,0.0,177
2026-05-23T01:20:57.903,257930,617,0.497,0.741,0.722,20.12,5000,44.26,1,0.0,0.0,0,0.0,0.0,177
2026-05-23T01:20:58.028,258034,649,0.523,0.779,0.837,20.12,5000,44.26,1,0.0,0.0,0,0.0,0.0,177
2026-05-23T01:20:58.150,258138,811,0.654,0.973,1.42,20.12,5000,44.26,1,0.0,0.0,0,0.0,0.0,177
2026-05-23T01:20:58.212,258242,945,0.762,1.134,1.903,20.12,5000,44.26,1,0.0,0.0,0,0.0,0.0,177
2026-05-23T01:20:58.337,258346,891,0.718,1.069,1.708,20.12,5000,44.26,1,0.0,0.0,0,0.0,0.0,177
2026-05-23T01:20:58.463,258450,711,0.573,0.853,1.06,20.12,5000,44.26,1,0.0,0.0,0,0.0,0.0,177
2026-05-23T01:20:58.524,258554,606,0.488,0.727,0.682,20.12,5000,44.26,1,0.0,0.0,0,0.0,0.0,177
2026-05-23T01:20:58.646,258658,694,0.559,0.833,0.999,20.12,5000,44.26,1,0.0,0.0,0,0.0,0.0,177
2026-05-23T01:20:58.835,258808,723,0.583,0.868,1.104,20.12,5000,44.26,1,0.0,0.0,0,0.0,0.0,177
2026-05-23T01:20:58.898,258913,663,0.534,0.796,0.887,20.12,5000,44.26,1,0.0,0.0,0,0.0,0.0,177
2026-05-23T01:20:59.023,259017,620,0.5,0.744,0.733,20.12,5000,44.26,1,0.0,0.0,0,0.0,0.0,177
2026-05-23T01:20:59.086,259121,748,0.603,0.898,1.194,20.12,5000,44.26,1,0.0,0.0,0,0.0,0.0,177
2026-05-23T01:20:59.213,259225,908,0.732,1.09,1.77,20.12,5000,44.26,1,0.0,0.0,0,0.0,0.0,177
2026-05-23T01:20:59.336,259329,919,0.741,1.103,1.809,20.12,5000,44.26,1,0.0,0.0,0,0.0,0.0,177
2026-05-23T01:20:59.395,259433,759,0.612,0.911,1.233,20.12,5000,44.26,1,0.0,0.0,0,0.0,0.0,177
2026-05-23T01:20:59.521,259537,620,0.5,0.744,0.733,20.12,5000,44.26,1,0.0,0.0,0,0.0,0.0,177
2026-05-23T01:20:59.644,259641,653,0.526,0.784,0.851,20.12,5000,44.26,1,0.0,0.0,0,0.0,0.0,177
2026-05-23T01:20:59.706,259745,819,0.66,0.983,1.449,20.12,5000,44.26,1,0.0,0.0,0,0.0,0.0,177
2026-05-23T01:20:59.831,259846,811,0.654,0.973,1.42,20.12,5000,44.26,1,0.0,0.0,0,0.0,0.0,177
2026-05-23T01:20:59.956,259950,942,0.759,1.131,1.892,20.12,5000,44.26,1,0.0,0.0,0,0.0,0.0,177
2026-05-23T01:21:00.017,260054,847,0.683,1.017,1.55,20.12,5000,44.26,1,0.0,0.0,0,0.0,0.0,177
2026-05-23T01:21:00.120,260158,678,0.546,0.814,0.941,20.12,5000,44.26,1,0.0,0.0,0,0.0,0.0,177
2026-05-23T01:21:00.222,260262,615,0.496,0.738,0.715,20.12,5000,44.26,1,0.0,0.0,0,0.0,0.0,177
2026-05-23T01:21:00.373,260366,739,0.596,0.887,1.161,20.12,5000,44.26,1,0.0,0.0,0,0.0,0.0,177
2026-05-23T01:21:00.474,260470,898,0.724,1.078,1.734,20.12,5000,44.26,1,0.0,0.0,0,0.0,0.0,177
2026-05-23T01:21:00.579,260574,923,0.744,1.108,1.824,20.12,5000,44.26,1,0.0,0.0,0,0.0,0.0,177
2026-05-23T01:21:00.680,260678,779,0.628,0.935,1.305,20.12,5000,44.26,1,0.0,0.0,0,0.0,0.0,177
2026-05-23T01:21:00.834,260828,890,0.717,1.068,1.705,20.12,5000,44.26,1,0.0,0.0,0,0.0,0.0,177
2026-05-23T01:21:00.894,260932,891,0.718,1.069,1.708,20.12,5000,44.26,1,0.0,0.0,0,0.0,0.0,177
2026-05-23T01:21:00.998,261036,920,0.741,1.104,1.813,20.12,5000,44.26,1,0.0,0.0,0,0.0,0.0,177
2026-05-23T01:21:01.112,261140,778,0.627,0.934,1.302,20.12,5000,44.26,1,0.0,0.0,0,0.0,0.0,177
2026-05-23T01:21:01.235,261244,624,0.503,0.749,0.747,20.12,5000,44.26,1,0.0,0.0,0,0.0,0.0,177
2026-05-23T01:21:01.338,261348,651,0.525,0.781,0.844,20.12,5000,44.26,1,0.0,0.0,0,0.0,0.0,177
2026-05-23T01:21:01.439,261452,811,0.654,0.973,1.42,20.12,5000,44.26,1,0.0,0.0,0,0.0,0.0,177
2026-05-23T01:21:01.544,261556,926,0.746,1.112,1.835,20.12,5000,44.26,1,0.0,0.0,0,0.0,0.0,177
2026-05-23T01:21:01.646,261660,886,0.714,1.063,1.69,20.12,5000,44.26,1,0.0,0.0,0,0.0,0.0,177
2026-05-23T01:21:01.747,261764,707,0.57,0.849,1.046,20.12,5000,44.26,1,0.0,0.0,0,0.0,0.0,177
2026-05-23T01:21:01.877,261865,640,0.516,0.768,0.805,20.12,5000,44.26,1,0.0,0.0,0,0.0,0.0,177
2026-05-23T01:21:01.928,261969,619,0.499,0.743,0.729,20.12,5000,44.26,1,0.0,0.0,0,0.0,0.0,177
2026-05-23T01:21:02.029,262073,729,0.587,0.875,1.125,20.12,5000,44.26,1,0.0,0.0,0,0.0,0.0,177
2026-05-23T01:21:02.154,262177,889,0.716,1.067,1.701,20.12,5000,44.26,1,0.0,0.0,0,0.0,0.0,177
2026-05-23T01:21:02.265,262281,934,0.753,1.121,1.863,20.12,5000,44.26,1,0.0,0.0,0,0.0,0.0,177
2026-05-23T01:21:02.390,262385,794,0.64,0.953,1.359,20.12,5000,44.26,1,0.0,0.0,0,0.0,0.0,177
2026-05-23T01:21:02.453,262489,653,0.526,0.784,0.851,20.12,5000,44.26,1,0.0,0.0,0,0.0,0.0,177
2026-05-23T01:21:02.577,262593,654,0.527,0.785,0.855,20.12,5000,44.26,1,0.0,0.0,0,0.0,0.0,177
2026-05-23T01:21:02.702,262697,800,0.645,0.96,1.381,20.12,5000,44.26,1,0.0,0.0,0,0.0,0.0,177
2026-05-23T01:21:02.811,262847,657,0.529,0.789,0.866,20.12,5000,44.26,1,0.0,0.0,0,0.0,0.0,177
2026-05-23T01:21:02.938,262951,631,0.508,0.757,0.772,20.12,5000,44.26,1,0.0,0.0,0,0.0,0.0,177
2026-05-23T01:21:03.065,263055,648,0.522,0.778,0.833,20.12,5000,44.26,1,0.0,0.0,0,0.0,0.0,177
2026-05-23T01:21:03.125,263159,799,0.644,0.959,1.377,20.12,5000,44.26,1,0.0,0.0,0,0.0,0.0,177
2026-05-23T01:21:03.248,263263,932,0.751,1.119,1.856,20.12,5000,44.26,1,0.0,0.0,0,0.0,0.0,177
2026-05-23T01:21:03.373,263367,892,0.719,1.071,1.712,20.12,5000,44.26,1,0.0,0.0,0,0.0,0.0,177
2026-05-23T01:21:03.437,263471,720,0.58,0.864,1.093,20.12,5000,44.26,1,0.0,0.0,0,0.0,0.0,177
2026-05-23T01:21:03.563,263575,618,0.498,0.742,0.725,20.12,5000,44.26,1,0.0,0.0,0,0.0,0.0,177
2026-05-23T01:21:03.684,263679,692,0.558,0.831,0.992,20.12,5000,44.26,1,0.0,0.0,0,0.0,0.0,177
2026-05-23T01:21:03.746,263783,863,0.695,1.036,1.608,20.12,5000,44.26,1,0.0,0.0,0,0.0,0.0,177
2026-05-23T01:21:03.861,263884,841,0.678,1.009,1.528,20.12,5000,44.26,1,0.0,0.0,0,0.0,0.0,177
2026-05-23T01:21:03.979,263988,940,0.758,1.128,1.885,20.12,5000,44.26,1,0.0,0.0,0,0.0,0.0,177
2026-05-23T01:21:04.042,264092,807,0.65,0.969,1.406,20.12,5000,44.26,1,0.0,0.0,0,0.0,0.0,177
2026-05-23T01:21:04.168,264196,639,0.515,0.767,0.801,20.12,5000,44.26,1,0.0,0.0,0,0.0,0.0,177
2026-05-23T01:21:04.294,264300,631,0.508,0.757,0.772,20.12,5000,44.26,1,0.0,0.0,0,0.0,0.0,177
2026-05-23T01:21:04.356,264404,795,0.641,0.954,1.363,20.12,5000,44.26,1,0.0,0.0,0,0.0,0.0,177
2026-05-23T01:21:04.480,264508,934,0.753,1.121,1.863,20.12,5000,44.26,1,0.0,0.0,0,0.0,0.0,177
2026-05-23T01:21:04.605,264612,911,0.734,1.094,1.781,20.12,5000,44.26,1,0.0,0.0,0,0.0,0.0,177
2026-05-23T01:21:04.667,264716,728,0.587,0.874,1.122,20.12,5000,44.26,1,0.0,0.0,0,0.0,0.0,177
2026-05-23T01:21:04.855,264866,934,0.753,1.121,1.863,20.12,5000,44.26,1,0.0,0.0,0,0.0,0.0,177
2026-05-23T01:21:04.915,264971,948,0.764,1.138,1.914,20.12,5000,44.26,1,0.0,0.0,0,0.0,0.0,177
2026-05-23T01:21:05.041,265075,862,0.695,1.035,1.604,20.12,5000,44.26,1,0.0,0.0,0,0.0,0.0,177
2026-05-23T01:21:05.164,265179,683,0.55,0.82,0.959,20.12,5000,44.26,1,0.0,0.0,0,0.0,0.0,177
2026-05-23T01:21:05.227,265283,607,0.489,0.729,0.686,20.12,5000,44.26,1,0.0,0.0,0,0.0,0.0,177
2026-05-23T01:21:05.351,265387,729,0.587,0.875,1.125,20.12,5000,44.26,1,0.0,0.0,0,0.0,0.0,177
2026-05-23T01:21:05.476,265491,906,0.73,1.087,1.762,20.12,5000,44.26,1,0.0,0.0,0,0.0,0.0,177
2026-05-23T01:21:05.538,265595,926,0.746,1.112,1.835,20.12,5000,44.26,1,0.0,0.0,0,0.0,0.0,177
2026-05-23T01:21:05.663,265699,786,0.633,0.943,1.33,20.12,5000,44.26,1,0.0,0.0,0,0.0,0.0,177
2026-05-23T01:21:05.788,265803,625,0.504,0.75,0.751,20.12,5000,44.26,1,0.0,0.0,0,0.0,0.0,177
2026-05-23T01:21:05.848,265904,582,0.469,0.699,0.596,20.12,5000,44.26,1,0.0,0.0,0,0.0,0.0,177
2026-05-23T01:21:05.973,266008,655,0.528,0.786,0.859,20.12,5000,44.26,1,0.0,0.0,0,0.0,0.0,177
2026-05-23T01:21:06.098,266112,826,0.666,0.991,1.474,20.12,5000,44.26,1,0.0,0.0,0,0.0,0.0,177
2026-05-23T01:21:06.161,266216,946,0.762,1.136,1.907,20.12,5000,44.26,1,0.0,0.0,0,0.0,0.0,177
2026-05-23T01:21:06.287,266320,880,0.709,1.056,1.669,20.12,5000,44.26,1,0.0,0.0,0,0.0,0.0,177
2026-05-23T01:21:06.411,266424,691,0.557,0.829,0.988,20.12,5000,44.26,1,0.0,0.0,0,0.0,0.0,177
2026-05-23T01:21:06.474,266528,602,0.485,0.723,0.668,20.12,5000,44.26,1,0.0,0.0,0,0.0,0.0,177
2026-05-23T01:21:06.597,266632,712,0.574,0.855,1.064,20.12,5000,44.26,1,0.0,0.0,0,0.0,0.0,177
2026-05-23T01:21:06.722,266736,890,0.717,1.068,1.705,20.12,5000,44.26,1,0.0,0.0,0,0.0,0.0,177
2026-05-23T01:21:06.846,266885,601,0.484,0.721,0.664,20.12,5000,44.26,1,1.25,0.0,0,0.0,0.0,177
2026-05-23T01:21:06.970,266990,598,0.482,0.718,0.653,20.12,5000,44.26,1,1.25,0.0,0,0.0,0.0,177
2026-05-23T01:21:07.031,267094,709,0.571,0.851,1.053,20.12,5000,44.26,1,1.25,0.0,0,0.0,0.0,177
2026-05-23T01:21:07.157,267198,894,0.72,1.073,1.719,20.12,5000,44.26,1,1.25,0.0,0,0.0,0.0,177
2026-05-23T01:21:07.281,267302,938,0.756,1.126,1.878,20.12,5000,44.26,1,1.25,0.0,0,0.0,0.0,177
2026-05-23T01:21:07.342,267406,807,0.65,0.969,1.406,20.12,5000,44.26,1,1.25,0.0,0,0.0,0.0,177
2026-05-23T01:21:07.466,267510,629,0.507,0.755,0.765,20.12,5000,44.26,1,1.25,0.0,0,0.0,0.0,177
2026-05-23T01:21:07.591,267614,623,0.502,0.748,0.743,20.12,5000,44.26,1,1.25,0.0,0,0.0,0.0,177
2026-05-23T01:21:07.654,267718,787,0.634,0.945,1.334,20.12,5000,44.26,1,1.25,0.0,0,0.0,0.0,177
2026-05-23T01:21:07.778,267822,933,0.752,1.12,1.86,20.12,5000,44.26,1,1.25,0.0,0,0.0,0.0,177
2026-05-23T01:21:07.902,267923,898,0.724,1.078,1.734,20.12,5000,44.26,1,2.48,0.01,0,0.0,0.0,177
2026-05-23T01:21:07.964,268027,890,0.717,1.068,1.705,20.12,5000,44.26,1,2.48,0.01,0,0.0,0.0,177
2026-05-23T01:21:08.088,268131,706,0.569,0.847,1.042,20.12,5000,44.26,1,2.48,0.01,0,0.0,0.0,177
2026-05-23T01:21:08.213,268235,592,0.477,0.711,0.632,20.12,5000,44.26,1,2.48,0.01,0,0.0,0.0,177
2026-05-23T01:21:08.275,268339,695,0.56,0.834,1.003,20.12,5000,44.26,1,2.48,0.01,0,0.0,0.0,177
2026-05-23T01:21:08.400,268443,883,0.712,1.06,1.68,20.12,5000,44.26,1,2.48,0.01,0,0.0,0.0,177
2026-05-23T01:21:08.524,268547,951,0.766,1.142,1.925,20.12,5000,44.26,1,2.48,0.01,0,0.0,0.0,177
2026-05-23T01:21:08.586,268651,833,0.671,1.0,1.5,20.12,5000,44.26,1,2.48,0.01,0,0.0,0.0,177
2026-05-23T01:21:08.711,268755,639,0.515,0.767,0.801,20.12,5000,44.26,1,2.48,0.01,0,0.0,0.0,177
2026-05-23T01:21:08.837,268905,954,0.769,1.145,1.935,20.12,5000,44.26,1,4.28,0.014,0,0.0,0.0,177
2026-05-23T01:21:08.962,269010,931,0.75,1.118,1.853,20.12,5000,44.26,1,4.28,0.014,0,0.0,0.0,177
2026-05-23T01:21:09.086,269114,778,0.627,0.934,1.302,20.12,5000,44.26,1,4.28,0.014,0,0.0,0.0,177
2026-05-23T01:21:09.146,269218,606,0.488,0.727,0.682,20.12,5000,44.26,1,4.28,0.014,0,0.0,0.0,177
2026-05-23T01:21:09.272,269322,634,0.511,0.761,0.783,20.12,5000,44.26,1,4.28,0.014,0,0.0,0.0,177
2026-05-23T01:21:09.395,269426,833,0.671,1.0,1.5,20.12,5000,44.26,1,4.28,0.014,0,0.0,0.0,177
2026-05-23T01:21:09.457,269530,960,0.774,1.152,1.957,20.12,5000,44.26,1,4.28,0.014,0,0.0,0.0,177
2026-05-23T01:21:09.581,269634,903,0.728,1.084,1.752,20.12,5000,44.26,1,4.28,0.014,0,0.0,0.0,177
2026-05-23T01:21:09.704,269738,702,0.566,0.843,1.028,20.12,5000,44.26,1,4.28,0.014,0,0.0,0.0,177
2026-05-23T01:21:09.828,269842,591,0.476,0.709,0.628,20.12,5000,44.26,1,4.28,0.014,0,0.0,0.0,177
2026-05-23T01:21:09.892,269943,564,0.455,0.677,0.531,20.12,5000,44.26,1,6.53,0.02,0,0.0,0.0,177
2026-05-23T01:21:10.016,270047,733,0.591,0.88,1.14,20.12,5000,44.26,1,6.53,0.02,0,0.0,0.0,177
2026-05-23T01:21:10.078,270151,919,0.741,1.103,1.809,20.12,5000,44.26,1,6.53,0.02,0,0.0,0.0,177
2026-05-23T01:21:10.206,270255,941,0.758,1.13,1.889,20.12,5000,44.26,1,6.53,0.02,0,0.0,0.0,177
2026-05-23T01:21:10.329,270359,790,0.637,0.948,1.345,20.12,5000,44.26,1,6.53,0.02,0,0.0,0.0,177
2026-05-23T01:21:10.391,270463,611,0.492,0.733,0.7,20.12,5000,44.26,1,6.53,0.02,0,0.0,0.0,177
2026-05-23T01:21:10.518,270567,633,0.51,0.76,0.779,20.12,5000,44.26,1,6.53,0.02,0,0.0,0.0,177
2026-05-23T01:21:10.643,270671,817,0.658,0.981,1.442,20.12,5000,44.26,1,6.53,0.02,0,0.0,0.0,177
2026-05-23T01:21:10.707,270775,948,0.764,1.138,1.914,20.12,5000,44.26,1,6.53,0.02,0,0.0,0.0,177
2026-05-23T01:21:10.893,270924,614,0.495,0.737,0.711,20.12,5000,44.26,1,7.04,0.021,0,0.0,0.0,177
2026-05-23T01:21:10.954,271029,616,0.496,0.739,0.718,20.12,5000,44.26,1,7.04,0.021,0,0.0,0.0,177
2026-05-23T01:21:11.079,271133,819,0.66,0.983,1.449,20.12,5000,44.26,1,7.04,0.021,0,0.0,0.0,177
2026-05-23T01:21:11.203,271237,953,0.768,1.144,1.932,20.12,5000,44.26,1,7.04,0.021,0,0.0,0.0,177
2026-05-23T01:21:11.266,271341,906,0.73,1.087,1.762,20.12,5000,44.26,1,7.04,0.021,0,0.0,0.0,177
2026-05-23T01:21:11.389,271445,699,0.563,0.839,1.017,20.12,5000,44.26,1,7.04,0.021,0,0.0,0.0,177
2026-05-23T01:21:11.514,271549,583,0.47,0.7,0.599,20.12,5000,44.26,1,7.04,0.021,0,0.0,0.0,177
2026-05-23T01:21:11.577,271653,686,0.553,0.823,0.97,20.12,5000,44.26,1,7.04,0.021,0,0.0,0.0,177
2026-05-23T01:21:11.703,271757,891,0.718,1.069,1.708,20.12,5000,44.26,1,7.04,0.021,0,0.0,0.0,177
2026-05-23T01:21:11.825,271861,950,0.766,1.14,1.921,20.12,5000,44.26,1,7.04,0.021,0,0.0,0.0,177
2026-05-23T01:21:11.888,271962,885,0.713,1.062,1.687,20.12,5000,44.26,1,7.2,0.021,0,0.0,0.0,177
2026-05-23T01:21:12.013,272066,782,0.63,0.939,1.316,20.12,5000,44.26,1,7.2,0.021,0,0.0,0.0,177
2026-05-23T01:21:12.137,272170,602,0.485,0.723,0.668,20.12,5000,44.26,1,7.2,0.021,0,0.0,0.0,177
2026-05-23T01:21:12.197,272274,618,0.498,0.742,0.725,20.12,5000,44.26,1,7.2,0.021,0,0.0,0.0,177
2026-05-23T01:21:12.323,272378,813,0.655,0.976,1.428,20.12,5000,44.26,1,7.2,0.021,0,0.0,0.0,177
2026-05-23T01:21:12.445,272482,948,0.764,1.138,1.914,20.12,5000,44.26,1,7.2,0.021,0,0.0,0.0,177
2026-05-23T01:21:12.506,272586,903,0.728,1.084,1.752,20.12,5000,44.26,1,7.2,0.021,0,0.0,0.0,177
2026-05-23T01:21:12.632,272690,704,0.567,0.845,1.035,20.12,5000,44.26,1,7.2,0.021,0,0.0,0.0,177
2026-05-23T01:21:12.757,272794,585,0.471,0.702,0.607,20.12,5000,44.26,1,7.2,0.021,0,0.0,0.0,177
2026-05-23T01:21:12.880,272943,911,0.734,1.094,1.781,20.12,5000,44.26,1,7.19,0.021,0,0.0,0.0,177
2026-05-23T01:21:13.007,273048,888,0.716,1.066,1.698,20.12,5000,44.26,1,7.19,0.021,0,0.0,0.0,177
2026-05-23T01:21:13.069,273152,702,0.566,0.843,1.028,20.12,5000,44.26,1,7.19,0.021,0,0.0,0.0,177
2026-05-23T01:21:13.179,273256,589,0.475,0.707,0.621,20.12,5000,44.26,1,7.19,0.021,0,0.0,0.0,177
2026-05-23T01:21:13.287,273360,689,0.555,0.827,0.981,20.12,5000,44.26,1,7.19,0.021,0,0.0,0.0,177
2026-05-23T01:21:13.395,273464,889,0.716,1.067,1.701,20.12,5000,44.26,1,7.19,0.021,0,0.0,0.0,177
2026-05-23T01:21:13.502,273568,947,0.763,1.137,1.91,20.12,5000,44.26,1,7.19,0.021,0,0.0,0.0,177
2026-05-23T01:21:13.630,273672,822,0.662,0.987,1.46,20.12,5000,44.26,1,7.19,0.021,0,0.0,0.0,177
2026-05-23T01:21:13.692,273776,640,0.516,0.768,0.805,20.12,5000,44.26,1,7.19,0.021,0,0.0,0.0,177
2026-05-23T01:21:13.818,273880,603,0.486,0.724,0.671,20.12,5000,44.26,1,7.19,0.021,0,0.0,0.0,177
2026-05-23T01:21:13.925,273981,590,0.475,0.708,0.625,20.12,5000,44.26,1,7.15,0.021,0,0.0,0.0,177
2026-05-23T01:21:14.033,274085,803,0.647,0.964,1.392,20.12,5000,44.26,1,7.15,0.021,0,0.0,0.0,177
2026-05-23T01:21:14.144,274189,937,0.755,1.125,1.874,20.12,5000,44.26,1,7.15,0.021,0,0.0,0.0,177
2026-05-23T01:21:14.251,274293,893,0.72,1.072,1.716,20.12,5000,44.26,1,7.15,0.021,0,0.0,0.0,177
2026-05-23T01:21:14.310,274397,710,0.572,0.852,1.057,20.12,5000,44.26,1,7.15,0.021,0,0.0,0.0,177
2026-05-23T01:21:14.423,274501,590,0.475,0.708,0.625,20.12,5000,44.26,1,7.15,0.021,0,0.0,0.0,177
2026-05-23T01:21:14.545,274605,680,0.548,0.816,0.949,20.12,5000,44.26,1,7.15,0.021,0,0.0,0.0,177
2026-05-23T01:21:14.657,274709,875,0.705,1.05,1.651,20.12,5000,44.26,1,7.15,0.021,0,0.0,0.0,177
2026-05-23T01:21:14.757,274813,942,0.759,1.131,1.892,20.12,5000,44.26,1,7.15,0.021,0,0.0,0.0,177
2026-05-23T01:21:14.909,274963,667,0.538,0.801,0.902,20.12,5000,44.26,1,7.16,0.021,0,0.0,0.0,177
2026-05-23T01:21:15.009,275067,691,0.557,0.829,0.988,20.12,5000,44.26,1,7.16,0.021,0,0.0,0.0,177
2026-05-23T01:21:15.110,275171,880,0.709,1.056,1.669,20.12,5000,44.26,1,7.16,0.021,0,0.0,0.0,177
2026-05-23T01:21:15.211,275275,945,0.762,1.134,1.903,20.12,5000,44.26,1,7.16,0.021,0,0.0,0.0,177
2026-05-23T01:21:15.312,275379,819,0.66,0.983,1.449,20.12,5000,44.26,1,7.16,0.021,0,0.0,0.0,177
2026-05-23T01:21:15.413,275483,638,0.514,0.766,0.797,20.12,5000,44.26,1,7.16,0.021,0,0.0,0.0,177
2026-05-23T01:21:15.515,275587,609,0.491,0.731,0.693,20.12,5000,44.26,1,7.16,0.021,0,0.0,0.0,177
2026-05-23T01:21:15.615,275691,777,0.626,0.933,1.298,20.12,5000,44.26,1,7.16,0.021,0,0.0,0.0,177
2026-05-23T01:21:15.722,275795,925,0.745,1.11,1.831,20.12,5000,44.26,1,7.16,0.021,0,0.0,0.0,177
2026-05-23T01:21:15.823,275899,911,0.734,1.094,1.781,20.12,5000,44.26,1,7.16,0.021,0,0.0,0.0,177
2026-05-23T01:21:15.936,276000,834,0.672,1.001,1.503,20.12,5000,44.26,1,7.16,0.021,0,0.0,0.0,177
2026-05-23T01:21:16.034,276104,702,0.566,0.843,1.028,20.12,5000,44.26,1,7.16,0.021,0,0.0,0.0,177
2026-05-23T01:21:16.154,276208,591,0.476,0.709,0.628,20.12,5000,44.26,1,7.16,0.021,0,0.0,0.0,177
2026-05-23T01:21:16.264,276312,682,0.55,0.819,0.956,20.12,5000,44.26,1,7.16,0.021,0,0.0,0.0,177
2026-05-23T01:21:16.325,276416,876,0.706,1.051,1.654,20.12,5000,44.26,1,7.16,0.021,0,0.0,0.0,177
2026-05-23T01:21:16.448,276520,937,0.755,1.125,1.874,20.12,5000,44.26,1,7.16,0.021,0,0.0,0.0,177
2026-05-23T01:21:16.557,276624,824,0.664,0.989,1.467,20.12,5000,44.26,1,7.16,0.021,0,0.0,0.0,177
2026-05-23T01:21:16.666,276728,641,0.517,0.769,0.808,20.12,5000,44.26,1,7.16,0.021,0,0.0,0.0,177
2026-05-23T01:21:16.775,276832,608,0.49,0.73,0.689,20.12,5000,44.26,1,7.16,0.021,0,0.0,0.0,177
2026-05-23T01:21:16.882,276982,837,0.675,1.005,1.514,20.12,5000,44.26,1,7.15,0.021,0,0.0,0.0,177
2026-05-23T01:21:16.987,277087,758,0.611,0.91,1.23,20.12,5000,44.26,1,7.15,0.021,0,0.0,0.0,177
2026-05-23T01:21:17.095,277191,604,0.487,0.725,0.675,20.12,5000,44.26,1,7.15,0.021,0,0.0,0.0,177
2026-05-23T01:21:17.212,277295,633,0.51,0.76,0.779,20.12,5000,44.26,1,7.15,0.021,0,0.0,0.0,177
2026-05-23T01:21:17.335,277399,835,0.673,1.002,1.507,20.12,5000,44.26,1,7.15,0.021,0,0.0,0.0,177
2026-05-23T01:21:17.460,277503,955,0.77,1.146,1.939,20.12,5000,44.26,1,7.15,0.021,0,0.0,0.0,177
2026-05-23T01:21:17.522,277607,875,0.705,1.05,1.651,20.12,5000,44.26,1,7.15,0.021,0,0.0,0.0,177
2026-05-23T01:21:17.648,277711,691,0.557,0.829,0.988,20.12,5000,44.26,1,7.15,0.021,0,0.0,0.0,177
2026-05-23T01:21:17.772,277815,590,0.475,0.708,0.625,20.12,5000,44.26,1,7.15,0.021,0,0.0,0.0,177
2026-05-23T01:21:17.835,277919,708,0.571,0.85,1.05,20.12,5000,44.26,1,7.15,0.021,0,0.0,0.0,177
2026-05-23T01:21:17.957,278020,714,0.575,0.857,1.071,20.12,5000,44.26,1,7.15,0.021,0,0.0,0.0,177
2026-05-23T01:21:18.019,278124,925,0.745,1.11,1.831,20.12,5000,44.26,1,7.15,0.021,0,0.0,0.0,177
2026-05-23T01:21:18.145,278228,924,0.745,1.109,1.827,20.12,5000,44.26,1,7.15,0.021,0,0.0,0.0,177
2026-05-23T01:21:18.268,278332,770,0.621,0.924,1.273,20.12,5000,44.26,1,7.15,0.021,0,0.0,0.0,177
2026-05-23T01:21:18.333,278436,602,0.485,0.723,0.668,20.12,5000,44.26,1,7.15,0.021,0,0.0,0.0,177
2026-05-23T01:21:18.456,278540,637,0.513,0.765,0.794,20.12,5000,44.26,1,7.15,0.021,0,0.0,0.0,177
2026-05-23T01:21:18.582,278644,832,0.67,0.999,1.496,20.12,5000,44.26,1,7.15,0.021,0,0.0,0.0,177
2026-05-23T01:21:18.644,278748,958,0.772,1.15,1.95,20.12,5000,44.26,1,7.15,0.021,0,0.0,0.0,177
2026-05-23T01:21:18.769,278852,889,0.716,1.067,1.701,20.12,5000,44.26,1,7.15,0.021,0,0.0,0.0,177
2026-05-23T01:21:18.957,279001,819,0.66,0.983,1.449,20.12,5000,44.26,1,7.15,0.021,0,0.0,0.0,177
2026-05-23T01:21:19.020,279106,839,0.676,1.007,1.521,20.12,5000,44.26,1,7.15,0.021,0,0.0,0.0,177
2026-05-23T01:21:19.143,279210,953,0.768,1.144,1.932,20.12,5000,44.26,1,7.15,0.021,0,0.0,0.0,177
2026-05-23T01:21:19.267,279314,879,0.708,1.055,1.665,20.12,5000,44.26,1,7.15,0.021,0,0.0,0.0,177
2026-05-23T01:21:19.330,279418,681,0.549,0.817,0.952,20.12,5000,44.26,1,7.15,0.021,0,0.0,0.0,177
2026-05-23T01:21:19.456,279522,590,0.475,0.708,0.625,20.12,5000,44.26,1,7.15,0.021,0,0.0,0.0,177
2026-05-23T01:21:19.578,279626,708,0.571,0.85,1.05,20.12,5000,44.26,1,7.15,0.021,0,0.0,0.0,177
2026-05-23T01:21:19.641,279730,895,0.721,1.074,1.723,20.12,5000,44.26,1,7.15,0.021,0,0.0,0.0,177
2026-05-23T01:21:19.766,279834,937,0.755,1.125,1.874,20.12,5000,44.26,1,7.15,0.021,0,0.0,0.0,177
2026-05-23T01:21:19.829,279938,794,0.64,0.953,1.359,20.12,5000,44.26,1,7.15,0.021,0,0.0,0.0,177
2026-05-23T01:21:19.954,280039,706,0.569,0.847,1.042,20.12,5000,44.26,1,7.14,0.021,0,0.0,0.0,177
2026-05-23T01:21:20.077,280143,593,0.478,0.712,0.635,20.12,5000,44.26,1,7.14,0.021,0,0.0,0.0,177
2026-05-23T01:21:20.140,280247,628,0.506,0.754,0.761,20.12,5000,44.26,1,7.14,0.021,0,0.0,0.0,177
2026-05-23T01:21:20.264,280351,834,0.672,1.001,1.503,20.12,5000,44.26,1,7.14,0.021,0,0.0,0.0,177
2026-05-23T01:21:20.386,280455,951,0.766,1.142,1.925,20.12,5000,44.26,1,7.14,0.021,0,0.0,0.0,177
2026-05-23T01:21:20.450,280559,874,0.704,1.049,1.647,20.12,5000,44.26,1,7.14,0.021,0,0.0,0.0,177
2026-05-23T01:21:20.574,280663,685,0.552,0.822,0.967,20.12,5000,44.26,1,7.14,0.021,0,0.0,0.0,177
2026-05-23T01:21:20.699,280767,585,0.471,0.702,0.607,20.12,5000,44.26,1,7.14,0.021,0,0.0,0.0,177
2026-05-23T01:21:20.761,280871,703,0.567,0.844,1.031,20.12,5000,44.26,1,7.14,0.021,0,0.0,0.0,177
2026-05-23T01:21:20.946,281020,691,0.557,0.829,0.988,20.12,5000,44.26,1,7.13,0.021,0,0.0,0.0,177
2026-05-23T01:21:21.070,281125,675,0.544,0.81,0.931,20.12,5000,44.26,1,7.13,0.021,0,0.0,0.0,177
2026-05-23T01:21:21.132,281229,585,0.471,0.702,0.607,20.12,5000,44.26,1,7.13,0.021,0,0.0,0.0,177
2026-05-23T01:21:21.258,281333,711,0.573,0.853,1.06,20.12,5000,44.26,1,7.13,0.021,0,0.0,0.0,177
2026-05-23T01:21:21.382,281437,897,0.723,1.077,1.73,20.12,5000,44.26,1,7.13,0.021,0,0.0,0.0,177
2026-05-23T01:21:21.444,281541,936,0.754,1.124,1.871,20.12,5000,44.26,1,7.13,0.021,0,0.0,0.0,177
2026-05-23T01:21:21.570,281645,779,0.628,0.935,1.305,20.12,5000,44.26,1,7.13,0.021,0,0.0,0.0,177
2026-05-23T01:21:21.697,281749,612,0.493,0.735,0.704,20.12,5000,44.26,1,7.13,0.021,0,0.0,0.0,177
2026-05-23T01:21:21.757,281853,617,0.497,0.741,0.722,20.12,5000,44.26,1,7.13,0.021,0,0.0,0.0,177
2026-05-23T01:21:21.882,281957,804,0.648,0.965,1.395,20.12,5000,44.26,1,7.13,0.021,0,0.0,0.0,177
2026-05-23T01:21:21.943,282058,802,0.646,0.963,1.388,20.12,5000,44.26,1,7.15,0.021,0,0.0,0.0,177
2026-05-23T01:21:22.067,282162,949,0.765,1.139,1.917,20.12,5000,44.26,1,7.15,0.021,0,0.0,0.0,177
2026-05-23T01:21:22.194,282266,870,0.701,1.044,1.633,20.12,5000,44.26,1,7.15,0.021,0,0.0,0.0,177
2026-05-23T01:21:22.255,282370,682,0.55,0.819,0.956,20.12,5000,44.26,1,7.15,0.021,0,0.0,0.0,177
2026-05-23T01:21:22.381,282474,594,0.479,0.713,0.639,20.12,5000,44.26,1,7.15,0.021,0,0.0,0.0,177
2026-05-23T01:21:22.505,282578,719,0.579,0.863,1.089,20.12,5000,44.26,1,7.15,0.021,0,0.0,0.0,177
2026-05-23T01:21:22.567,282682,905,0.729,1.086,1.759,20.12,5000,44.26,1,7.15,0.021,0,0.0,0.0,177
2026-05-23T01:21:22.691,282786,942,0.759,1.131,1.892,20.12,5000,44.26,1,7.15,0.021,0,0.0,0.0,177
2026-05-23T01:21:22.815,282890,786,0.633,0.943,1.33,20.12,5000,44.26,1,7.15,0.021,0,0.0,0.0,177
2026-05-23T01:21:22.938,283040,895,0.721,1.074,1.723,20.12,5000,44.26,1,7.16,0.021,0,0.0,0.0,177
2026-05-23T01:21:23.064,283144,914,0.737,1.097,1.791,20.12,5000,44.26,1,7.16,0.021,0,0.0,0.0,177
2026-05-23T01:21:23.187,283248,936,0.754,1.124,1.871,20.12,5000,44.26,1,7.16,0.021,0,0.0,0.0,177
2026-05-23T01:21:23.250,283352,776,0.625,0.931,1.294,20.12,5000,44.26,1,7.16,0.021,0,0.0,0.0,177
2026-05-23T01:21:23.375,283456,606,0.488,0.727,0.682,20.12,5000,44.26,1,7.16,0.021,0,0.0,0.0,177
2026-05-23T01:21:23.437,283560,625,0.504,0.75,0.751,20.12,5000,44.26,1,7.16,0.021,0,0.0,0.0,177
2026-05-23T01:21:23.563,283664,818,0.659,0.982,1.446,20.12,5000,44.26,1,7.16,0.021,0,0.0,0.0,177
2026-05-23T01:21:23.688,283768,951,0.766,1.142,1.925,20.12,5000,44.26,1,7.16,0.021,0,0.0,0.0,177
2026-05-23T01:21:23.750,283872,889,0.716,1.067,1.701,20.12,5000,44.26,1,7.16,0.021,0,0.0,0.0,177
2026-05-23T01:21:23.875,283976,694,0.559,0.833,0.999,20.12,5000,44.26,1,7.16,0.021,0,0.0,0.0,177
2026-05-23T01:21:23.999,284077,618,0.498,0.742,0.725,20.12,5000,44.26,1,7.16,0.021,0,0.0,0.0,177
2026-05-23T01:21:24.060,284181,591,0.476,0.709,0.628,20.12,5000,44.26,1,7.16,0.021,0,0.0,0.0,177
2026-05-23T01:21:24.184,284285,733,0.591,0.88,1.14,20.12,5000,44.26,1,7.16,0.021,0,0.0,0.0,177
2026-05-23T01:21:24.309,284389,918,0.74,1.102,1.806,20.12,5000,44.26,1,7.16,0.021,0,0.0,0.0,177
2026-05-23T01:21:24.370,284493,942,0.759,1.131,1.892,20.12,5000,44.26,1,7.16,0.021,0,0.0,0.0,177
2026-05-23T01:21:24.496,284597,778,0.627,0.934,1.302,20.12,5000,44.26,1,7.16,0.021,0,0.0,0.0,177
2026-05-23T01:21:24.621,284701,605,0.488,0.726,0.679,20.12,5000,44.26,1,7.16,0.021,0,0.0,0.0,177
2026-05-23T01:21:24.683,284805,629,0.507,0.755,0.765,20.12,5000,44.26,1,7.16,0.021,0,0.0,0.0,177
2026-05-23T01:21:24.808,284909,819,0.66,0.983,1.449,20.12,5000,44.26,1,7.16,0.021,0,0.0,0.0,177
2026-05-23T01:21:24.933,285059,607,0.489,0.729,0.686,20.12,5000,44.26,1,7.16,0.021,0,0.0,0.0,177
2026-05-23T01:21:25.058,285164,579,0.467,0.695,0.585,20.12,5000,44.26,1,7.16,0.021,0,0.0,0.0,177
2026-05-23T01:21:25.181,285268,678,0.546,0.814,0.941,20.12,5000,44.26,1,7.16,0.021,0,0.0,0.0,177
2026-05-23T01:21:25.242,285372,886,0.714,1.063,1.69,20.12,5000,44.26,1,7.16,0.021,0,0.0,0.0,177
2026-05-23T01:21:25.368,285476,951,0.766,1.142,1.925,20.12,5000,44.26,1,7.16,0.021,0,0.0,0.0,177
2026-05-23T01:21:25.494,285580,834,0.672,1.001,1.503,20.12,5000,44.26,1,7.16,0.021,0,0.0,0.0,177
2026-05-23T01:21:25.556,285684,626,0.504,0.751,0.754,20.12,5000,44.26,1,7.16,0.021,0,0.0,0.0,177
2026-05-23T01:21:25.679,285788,598,0.482,0.718,0.653,20.12,5000,44.26,1,7.16,0.021,0,0.0,0.0,177
2026-05-23T01:21:25.804,285892,765,0.616,0.918,1.255,20.12,5000,44.26,1,7.16,0.021,0,0.0,0.0,177
2026-05-23T01:21:25.865,285996,936,0.754,1.124,1.871,20.12,5000,44.26,1,7.16,0.021,0,0.0,0.0,177
2026-05-23T01:21:25.992,286101,841,0.678,1.009,1.528,20.12,5000,44.26,1,9.22,0.028,0,0.0,0.0,177
2026-05-23T01:21:26.116,286205,689,0.555,0.827,0.981,20.12,5000,44.26,1,9.22,0.028,0,0.0,0.0,177
2026-05-23T01:21:26.178,286309,575,0.463,0.69,0.571,20.12,5000,44.26,1,9.22,0.028,0,0.0,0.0,177
2026-05-23T01:21:26.304,286413,701,0.565,0.841,1.024,20.12,5000,44.26,1,9.22,0.028,0,0.0,0.0,177
2026-05-23T01:21:26.429,286517,907,0.731,1.089,1.766,20.12,5000,44.26,1,9.22,0.028,0,0.0,0.0,177
2026-05-23T01:21:26.490,286621,945,0.762,1.134,1.903,20.12,5000,44.26,1,9.22,0.028,0,0.0,0.0,177
2026-05-23T01:21:26.615,286725,806,0.65,0.967,1.402,20.12,5000,44.26,1,9.22,0.028,0,0.0,0.0,177
2026-05-23T01:21:26.741,286829,608,0.49,0.73,0.689,20.12,5000,44.26,1,9.22,0.028,0,0.0,0.0,177
2026-05-23T01:21:26.802,286933,604,0.487,0.725,0.675,20.12,5000,44.26,1,9.22,0.028,0,0.0,0.0,177
2026-05-23T01:21:26.989,287068,681,0.549,0.817,0.952,20.12,5000,44.26,1,9.63,0.029,0,0.0,0.0,177
2026-05-23T01:21:27.050,287173,588,0.474,0.706,0.617,20.12,5000,44.26,1,9.63,0.029,0,0.0,0.0,177
2026-05-23T01:21:27.176,287277,746,0.601,0.895,1.186,20.12,5000,44.26,1,9.63,0.029,0,0.0,0.0,177
2026-05-23T01:21:27.300,287381,925,0.745,1.11,1.831,20.12,5000,44.26,1,9.63,0.029,0,0.0,0.0,177
2026-05-23T01:21:27.361,287485,944,0.761,1.133,1.899,20.12,5000,44.26,1,9.63,0.029,0,0.0,0.0,177
2026-05-23T01:21:27.486,287589,768,0.619,0.922,1.266,20.12,5000,44.26,1,9.63,0.029,0,0.0,0.0,177
2026-05-23T01:21:27.611,287693,596,0.48,0.715,0.646,20.12,5000,44.26,1,9.63,0.029,0,0.0,0.0,177
2026-05-23T01:21:27.674,287797,626,0.504,0.751,0.754,20.12,5000,44.26,1,9.63,0.029,0,0.0,0.0,177
2026-05-23T01:21:27.798,287901,835,0.673,1.002,1.507,20.12,5000,44.26,1,9.63,0.029,0,0.0,0.0,177
2026-05-23T01:21:27.923,288005,961,0.774,1.154,1.961,20.12,5000,44.26,1,9.63,0.029,0,0.0,0.0,177
2026-05-23T01:21:27.987,288106,912,0.735,1.095,1.784,20.12,5000,44.26,1,9.61,0.029,0,0.0,0.0,177
2026-05-23T01:21:28.110,288210,848,0.683,1.018,1.554,20.12,5000,44.26,1,9.61,0.029,0,0.0,0.0,177
2026-05-23T01:21:28.233,288314,654,0.527,0.785,0.855,20.12,5000,44.26,1,9.61,0.029,0,0.0,0.0,177
2026-05-23T01:21:28.295,288418,589,0.475,0.707,0.621,20.12,5000,44.26,1,9.61,0.029,0,0.0,0.0,177
2026-05-23T01:21:28.420,288522,750,0.604,0.9,1.201,20.12,5000,44.26,1,9.61,0.029,0,0.0,0.0,177
2026-05-23T01:21:28.542,288626,928,0.748,1.114,1.842,20.12,5000,44.26,1,9.61,0.029,0,0.0,0.0,177
2026-05-23T01:21:28.606,288730,936,0.754,1.124,1.871,20.12,5000,44.26,1,9.61,0.029,0,0.0,0.0,177
2026-05-23T01:21:28.731,288834,765,0.616,0.918,1.255,20.12,5000,44.26,1,9.61,0.029,0,0.0,0.0,177
2026-05-23T01:21:28.859,288938,597,0.481,0.717,0.65,20.12,5000,44.26,1,9.61,0.029,0,0.0,0.0,177
2026-05-23T01:21:28.982,289088,945,0.762,1.134,1.903,20.12,5000,44.26,1,9.61,0.029,0,0.0,0.0,177
2026-05-23T01:21:29.107,289192,931,0.75,1.118,1.853,20.12,5000,44.26,1,9.61,0.029,0,0.0,0.0,177
2026-05-23T01:21:29.167,289296,743,0.599,0.892,1.176,20.12,5000,44.26,1,9.61,0.029,0,0.0,0.0,177
2026-05-23T01:21:29.293,289400,581,0.468,0.697,0.592,20.12,5000,44.26,1,9.61,0.029,0,0.0,0.0,177
2026-05-23T01:21:29.420,289504,648,0.522,0.778,0.833,20.12,5000,44.26,1,9.61,0.029,0,0.0,0.0,177
2026-05-23T01:21:29.481,289608,860,0.693,1.032,1.597,20.12,5000,44.26,1,9.61,0.029,0,0.0,0.0,177
2026-05-23T01:21:29.606,289712,961,0.774,1.154,1.961,20.12,5000,44.26,1,9.61,0.029,0,0.0,0.0,177
2026-05-23T01:21:29.730,289816,859,0.692,1.031,1.593,20.12,5000,44.26,1,9.61,0.029,0,0.0,0.0,177
2026-05-23T01:21:29.792,289920,656,0.529,0.787,0.862,20.12,5000,44.26,1,9.61,0.029,0,0.0,0.0,177
2026-05-23T01:21:29.916,290024,585,0.471,0.702,0.607,20.12,5000,44.26,1,9.61,0.029,0,0.0,0.0,177
2026-05-23T01:21:29.979,290125,572,0.461,0.687,0.56,20.12,5000,44.26,1,9.66,0.029,0,0.0,0.0,177
2026-05-23T01:21:30.103,290229,786,0.633,0.943,1.33,20.12,5000,44.26,1,9.66,0.029,0,0.0,0.0,177
2026-05-23T01:21:30.229,290333,943,0.76,1.132,1.896,20.12,5000,44.26,1,9.66,0.029,0,0.0,0.0,177
2026-05-23T01:21:30.350,290437,918,0.74,1.102,1.806,20.12,5000,44.26,1,9.66,0.029,0,0.0,0.0,177
2026-05-23T01:21:30.413,290541,729,0.587,0.875,1.125,20.12,5000,44.26,1,9.66,0.029,0,0.0,0.0,177
2026-05-23T01:21:30.536,290645,575,0.463,0.69,0.571,20.12,5000,44.26,1,9.66,0.029,0,0.0,0.0,177
2026-05-23T01:21:30.660,290749,661,0.533,0.793,0.88,20.12,5000,44.26,1,9.66,0.029,0,0.0,0.0,177
2026-05-23T01:21:30.721,290853,878,0.708,1.054,1.662,20.12,5000,44.26,1,9.66,0.029,0,0.0,0.0,177
2026-05-23T01:21:30.847,290957,963,0.776,1.156,1.968,20.12,5000,44.26,1,9.66,0.029,0,0.0,0.0,177
2026-05-23T01:21:30.971,291107,652,0.525,0.783,0.848,20.12,5000,44.26,1,10.71,0.033,0,0.0,0.0,177
2026-05-23T01:21:31.095,291212,738,0.595,0.886,1.158,20.12,5000,44.26,1,10.71,0.033,0,0.0,0.0,177
2026-05-23T01:21:31.220,291316,928,0.748,1.114,1.842,20.12,5000,44.26,1,10.71,0.033,0,0.0,0.0,177
2026-05-23T01:21:31.282,291420,944,0.761,1.133,1.899,20.12,5000,44.26,1,10.71,0.033,0,0.0,0.0,177
2026-05-23T01:21:31.406,291524,769,0.62,0.923,1.269,20.12,5000,44.26,1,10.71,0.033,0,0.0,0.0,177
2026-05-23T01:21:31.530,291628,596,0.48,0.715,0.646,20.12,5000,44.26,1,10.71,0.033,0,0.0,0.0,177
2026-05-23T01:21:31.591,291732,622,0.501,0.747,0.74,20.12,5000,44.26,1,10.71,0.033,0,0.0,0.0,177
2026-05-23T01:21:31.718,291836,851,0.686,1.021,1.564,20.12,5000,44.26,1,10.71,0.033,0,0.0,0.0,177
2026-05-23T01:21:31.842,291940,975,0.786,1.17,2.011,20.12,5000,44.26,1,10.71,0.033,0,0.0,0.0,177
2026-05-23T01:21:31.904,292044,888,0.716,1.066,1.698,20.12,5000,44.26,1,10.71,0.033,0,0.0,0.0,177
2026-05-23T01:21:32.030,292144,865,0.697,1.038,1.615,20.12,5000,44.26,1,12.3,0.041,0,0.0,0.0,177
2026-05-23T01:21:32.154,292248,706,0.569,0.847,1.042,20.12,5000,44.26,1,12.3,0.041,0,0.0,0.0,177
2026-05-23T01:21:32.214,292352,573,0.462,0.688,0.563,20.12,5000,44.26,1,12.3,0.041,0,0.0,0.0,177
2026-05-23T01:21:32.342,292456,693,0.558,0.832,0.995,20.12,5000,44.26,1,12.3,0.041,0,0.0,0.0,177
2026-05-23T01:21:32.464,292560,912,0.735,1.095,1.784,20.12,5000,44.26,1,12.3,0.041,0,0.0,0.0,177
2026-05-23T01:21:32.526,292664,972,0.783,1.167,2.0,20.12,5000,44.26,1,12.3,0.041,0,0.0,0.0,177
2026-05-23T01:21:32.651,292768,830,0.669,0.996,1.489,20.12,5000,44.26,1,12.3,0.041,0,0.0,0.0,177
2026-05-23T01:21:32.775,292872,614,0.495,0.737,0.711,20.12,5000,44.26,1,12.3,0.041,0,0.0,0.0,177
2026-05-23T01:21:32.838,292976,600,0.484,0.72,0.661,20.12,5000,44.26,1,12.3,0.041,0,0.0,0.0,177
2026-05-23T01:21:33.024,293126,834,0.672,1.001,1.503,20.12,5000,44.26,1,14.47,0.053,0,0.0,0.0,177
2026-05-23T01:21:33.086,293231,753,0.607,0.904,1.212,20.12,5000,44.26,1,14.47,0.053,0,0.0,0.0,177
2026-05-23T01:21:33.209,293335,571,0.46,0.685,0.556,20.12,5000,44.26,1,14.47,0.053,0,0.0,0.0,177
2026-05-23T01:21:33.334,293439,633,0.51,0.76,0.779,20.12,5000,44.26,1,14.47,0.053,0,0.0,0.0,177
2026-05-23T01:21:33.396,293543,882,0.711,1.059,1.676,20.12,5000,44.26,1,14.47,0.053,0,0.0,0.0,177
2026-05-23T01:21:33.521,293647,978,0.788,1.174,2.022,20.12,5000,44.26,1,14.47,0.053,0,0.0,0.0,177
2026-05-23T01:21:33.644,293751,873,0.704,1.048,1.644,20.12,5000,44.26,1,14.47,0.053,0,0.0,0.0,177
2026-05-23T01:21:33.705,293855,652,0.525,0.783,0.848,20.12,5000,44.26,1,14.47,0.053,0,0.0,0.0,177
2026-05-23T01:21:33.831,293959,578,0.466,0.694,0.581,20.12,5000,44.26,1,14.47,0.053,0,0.0,0.0,177
2026-05-23T01:21:33.955,294063,751,0.605,0.901,1.204,20.12,5000,44.26,1,14.47,0.053,0,0.0,0.0,177
2026-05-23T01:21:34.016,294164,779,0.628,0.935,1.305,20.12,5000,44.26,1,15.55,0.059,0,0.0,0.0,177
2026-05-23T01:21:34.141,294268,965,0.778,1.158,1.975,20.12,5000,44.26,1,15.55,0.059,0,0.0,0.0,177
2026-05-23T01:21:34.266,294372,942,0.759,1.131,1.892,20.12,5000,44.26,1,15.55,0.059,0,0.0,0.0,177
2026-05-23T01:21:34.329,294476,737,0.594,0.885,1.154,20.12,5000,44.26,1,15.55,0.059,0,0.0,0.0,177
2026-05-23T01:21:34.452,294580,570,0.459,0.684,0.553,20.12,5000,44.26,1,15.55,0.059,0,0.0,0.0,177
2026-05-23T01:21:34.578,294684,666,0.537,0.799,0.898,20.12,5000,44.26,1,15.55,0.059,0,0.0,0.0,177
2026-05-23T01:21:34.641,294788,903,0.728,1.084,1.752,20.12,5000,44.26,1,15.55,0.059,0,0.0,0.0,177
2026-05-23T01:21:34.767,294892,987,0.795,1.185,2.054,20.12,5000,44.26,1,15.55,0.059,0,0.0,0.0,177
2026-05-23T01:21:34.894,294996,865,0.697,1.038,1.615,20.12,5000,44.26,1,15.55,0.059,0,0.0,0.0,177
2026-05-23T01:21:35.016,295145,894,0.72,1.073,1.719,20.12,5000,44.26,1,16.37,0.063,0,0.0,0.0,177
2026-05-23T01:21:35.140,295250,916,0.738,1.1,1.799,20.12,5000,44.26,1,16.37,0.063,0,0.0,0.0,177
2026-05-23T01:21:35.204,295354,982,0.791,1.179,2.036,20.12,5000,44.26,1,16.37,0.063,0,0.0,0.0,177
2026-05-23T01:21:35.329,295458,849,0.684,1.019,1.557,20.12,5000,44.26,1,16.37,0.063,0,0.0,0.0,177
2026-05-23T01:21:35.454,295562,619,0.499,0.743,0.729,20.12,5000,44.26,1,16.37,0.063,0,0.0,0.0,177
2026-05-23T01:21:35.514,295666,590,0.475,0.708,0.625,20.12,5000,44.26,1,16.37,0.063,0,0.0,0.0,177
2026-05-23T01:21:35.637,295770,800,0.645,0.96,1.381,20.12,5000,44.26,1,16.37,0.063,0,0.0,0.0,177
2026-05-23T01:21:35.763,295874,967,0.779,1.161,1.982,20.12,5000,44.26,1,16.37,0.063,0,0.0,0.0,177
2026-05-23T01:21:35.826,295978,944,0.761,1.133,1.899,20.12,5000,44.26,1,16.37,0.063,0,0.0,0.0,177
2026-05-23T01:21:35.953,296082,745,0.6,0.894,1.183,20.12,5000,44.26,1,16.37,0.063,0,0.0,0.0,177
2026-05-23T01:21:36.075,296183,678,0.546,0.814,0.941,20.12,5000,44.26,1,16.92,0.066,0,0.0,0.0,177
2026-05-23T01:21:36.138,296287,568,0.458,0.682,0.545,20.12,5000,44.26,1,16.92,0.066,0,0.0,0.0,177
2026-05-23T01:21:36.262,296391,701,0.565,0.841,1.024,20.12,5000,44.26,1,16.92,0.066,0,0.0,0.0,177
2026-05-23T01:21:36.386,296495,928,0.748,1.114,1.842,20.12,5000,44.26,1,16.92,0.066,0,0.0,0.0,177
2026-05-23T01:21:36.448,296599,973,0.784,1.168,2.004,20.12,5000,44.26,1,16.92,0.066,0,0.0,0.0,177
2026-05-23T01:21:36.574,296703,824,0.664,0.989,1.467,20.12,5000,44.26,1,16.92,0.066,0,0.0,0.0,177
2026-05-23T01:21:36.698,296807,609,0.491,0.731,0.693,20.12,5000,44.26,1,16.92,0.066,0,0.0,0.0,177
2026-05-23T01:21:36.761,296911,606,0.488,0.727,0.682,20.12,5000,44.26,1,16.92,0.066,0,0.0,0.0,177
2026-05-23T01:21:36.886,297015,816,0.658,0.979,1.438,20.12,5000,44.26,1,16.92,0.066,0,0.0,0.0,177
2026-05-23T01:21:37.011,297165,613,0.494,0.736,0.707,20.12,5000,44.26,1,17.03,0.067,0,0.0,0.0,177
2026-05-23T01:21:37.136,297269,598,0.482,0.718,0.653,20.12,5000,44.26,1,17.03,0.067,0,0.0,0.0,177
2026-05-23T01:21:37.259,297373,609,0.491,0.731,0.693,20.12,5000,44.26,1,17.03,0.067,0,0.0,0.0,177
2026-05-23T01:21:37.322,297477,834,0.672,1.001,1.503,20.12,5000,44.26,1,17.03,0.067,0,0.0,0.0,177
2026-05-23T01:21:37.445,297581,982,0.791,1.179,2.036,20.12,5000,44.26,1,17.03,0.067,0,0.0,0.0,177
2026-05-23T01:21:37.571,297685,932,0.751,1.119,1.856,20.12,5000,44.26,1,17.03,0.067,0,0.0,0.0,177
2026-05-23T01:21:37.631,297789,713,0.575,0.856,1.068,20.12,5000,44.26,1,17.03,0.067,0,0.0,0.0,177
2026-05-23T01:21:37.756,297893,570,0.459,0.684,0.553,20.12,5000,44.26,1,17.03,0.067,0,0.0,0.0,177
2026-05-23T01:21:37.880,297997,691,0.557,0.829,0.988,20.12,5000,44.26,1,17.03,0.067,0,0.0,0.0,177
2026-05-23T01:21:37.942,298101,920,0.741,1.104,1.813,20.12,5000,44.26,1,17.03,0.067,0,0.0,0.0,177
2026-05-23T01:21:38.068,298202,918,0.74,1.102,1.806,20.12,5000,44.26,1,17.05,0.067,0,0.0,0.0,177
2026-05-23T01:21:38.193,298306,967,0.779,1.161,1.982,20.12,5000,44.26,1,17.05,0.067,0,0.0,0.0,177
2026-05-23T01:21:38.254,298410,798,0.643,0.958,1.374,20.12,5000,44.26,1,17.05,0.067,0,0.0,0.0,177
2026-05-23T01:21:38.379,298514,587,0.473,0.705,0.614,20.12,5000,44.26,1,17.05,0.067,0,0.0,0.0,177
2026-05-23T01:21:38.504,298618,607,0.489,0.729,0.686,20.12,5000,44.26,1,17.05,0.067,0,0.0,0.0,177
2026-05-23T01:21:38.567,298722,853,0.687,1.024,1.572,20.12,5000,44.26,1,17.05,0.067,0,0.0,0.0,177
2026-05-23T01:21:38.691,298826,982,0.791,1.179,2.036,20.12,5000,44.26,1,17.05,0.067,0,0.0,0.0,177
2026-05-23T01:21:38.754,298930,919,0.741,1.103,1.809,20.12,5000,44.26,1,17.05,0.067,0,0.0,0.0,177
2026-05-23T01:21:38.880,299034,697,0.562,0.837,1.01,20.12,5000,44.26,1,17.05,0.067,0,0.0,0.0,177
2026-05-23T01:21:39.067,299184,986,0.795,1.184,2.051,20.12,5000,44.26,1,17.08,0.067,0,0.0,0.0,177
2026-05-23T01:21:39.130,299289,982,0.791,1.179,2.036,20.12,5000,44.26,1,17.08,0.067,0,0.0,0.0,177
2026-05-23T01:21:39.255,299393,849,0.684,1.019,1.557,20.12,5000,44.26,1,17.08,0.067,0,0.0,0.0,177
2026-05-23T01:21:39.379,299497,619,0.499,0.743,0.729,20.12,5000,44.26,1,17.08,0.067,0,0.0,0.0,177
2026-05-23T01:21:39.441,299601,594,0.479,0.713,0.639,20.12,5000,44.26,1,17.08,0.067,0,0.0,0.0,177
2026-05-23T01:21:39.564,299705,804,0.648,0.965,1.395,20.12,5000,44.26,1,17.08,0.067,0,0.0,0.0,177
2026-05-23T01:21:39.689,299809,981,0.791,1.178,2.033,20.12,5000,44.26,1,17.08,0.067,0,0.0,0.0,177
2026-05-23T01:21:39.752,299913,958,0.772,1.15,1.95,20.12,5000,44.26,1,17.08,0.067,0,0.0,0.0,177
2026-05-23T01:21:39.877,300017,746,0.601,0.895,1.186,20.12,5000,44.26,1,17.08,0.067,0,0.0,0.0,177
2026-05-23T01:21:39.939,300121,566,0.456,0.679,0.538,20.12,5000,44.26,1,17.08,0.067,0,0.0,0.0,177
2026-05-23T01:21:40.065,300221,557,0.449,0.669,0.506,20.12,5000,44.26,1,18.66,0.076,1,0.705,0.0,177
2026-05-23T01:21:40.187,300325,636,0.513,0.763,0.79,20.12,5000,44.26,1,18.66,0.076,1,0.705,0.0,177
2026-05-23T01:21:40.249,300429,897,0.723,1.077,1.73,20.12,5000,44.26,1,18.66,0.076,1,0.705,0.0,177
2026-05-23T01:21:40.377,300534,988,0.796,1.186,2.058,20.12,5000,44.26,1,18.66,0.076,1,0.705,0.0,177
2026-05-23T01:21:40.499,300639,775,0.625,0.93,1.291,20.12,5000,44.26,1,18.66,0.076,1,0.705,0.0,177
2026-05-23T01:21:40.562,300744,568,0.458,0.682,0.545,20.12,5000,44.26,1,18.66,0.076,1,0.705,0.0,177
2026-05-23T01:21:40.687,300848,718,0.579,0.862,1.086,20.12,5000,44.26,1,18.66,0.076,1,0.705,0.0,177
2026-05-23T01:21:40.814,300953,980,0.79,1.176,2.029,20.12,5000,44.26,1,18.66,0.076,1,0.705,0.0,177
2026-05-23T01:21:40.873,301058,951,0.766,1.142,1.925,20.12,5000,44.26,1,18.66,0.076,1,0.705,0.0,177
2026-05-23T01:21:41.060,301193,775,0.625,0.93,1.291,20.12,5000,44.26,1,21.09,0.091,1,0.521,0.0,177
2026-05-23T01:21:41.122,301298,982,0.791,1.179,2.036,20.12,5000,44.26,1,21.09,0.091,1,0.521,0.0,177
2026-05-23T01:21:41.248,301403,712,0.574,0.855,1.064,20.12,5000,44.26,1,21.09,0.091,1,0.521,0.0,177
2026-05-23T01:21:41.372,301508,600,0.484,0.72,0.661,20.12,5000,44.26,1,21.09,0.091,1,0.521,0.0,177
2026-05-23T01:21:41.434,301612,820,0.661,0.984,1.453,20.12,5000,44.26,1,21.09,0.091,1,0.521,0.0,177
2026-05-23T01:21:41.560,301717,1020,0.822,1.224,2.173,20.12,5000,44.26,1,21.09,0.091,1,0.521,0.0,177
2026-05-23T01:21:41.682,301822,908,0.732,1.09,1.77,20.12,5000,44.26,1,21.09,0.091,1,0.521,0.0,177
2026-05-23T01:21:41.745,301927,590,0.475,0.708,0.625,20.12,5000,44.26,1,21.09,0.091,1,0.521,0.0,177
2026-05-23T01:21:41.866,302031,662,0.533,0.795,0.884,20.12,5000,44.26,1,21.09,0.091,1,0.521,0.0,177
2026-05-23T01:21:41.991,302135,895,0.721,1.074,1.723,20.12,5000,44.26,1,21.09,0.091,1,0.521,0.0,177
2026-05-23T01:21:42.055,302241,997,0.803,1.197,2.09,20.12,5000,44.26,1,22.59,0.1,1,0.442,0.0,177
2026-05-23T01:21:42.179,302346,757,0.61,0.909,1.226,20.12,5000,44.26,1,22.59,0.1,1,0.442,0.0,177
2026-05-23T01:21:42.302,302451,579,0.467,0.695,0.585,20.12,5000,44.26,1,22.59,0.1,1,0.442,0.0,177
2026-05-23T01:21:42.425,302556,854,0.688,1.025,1.575,20.12,5000,44.26,1,22.59,0.1,1,0.442,0.0,177
2026-05-23T01:21:42.487,302661,1019,0.821,1.223,2.169,20.12,5000,44.26,1,22.59,0.1,1,0.442,0.0,177
2026-05-23T01:21:42.612,302766,885,0.713,1.062,1.687,20.12,5000,44.26,1,22.59,0.1,1,0.442,0.0,177
2026-05-23T01:21:42.733,302871,587,0.473,0.705,0.614,20.12,5000,44.26,1,22.59,0.1,1,0.442,0.0,177
2026-05-23T01:21:42.797,302976,792,0.638,0.951,1.352,20.12,5000,44.26,1,22.59,0.1,1,0.442,0.0,177
2026-05-23T01:21:42.921,303081,1058,0.853,1.27,2.31,20.12,5000,44.26,1,22.59,0.1,1,0.442,0.0,177
2026-05-23T01:21:43.045,303202,585,0.471,0.702,0.607,20.12,5000,44.26,1,23.4,0.105,2,0.814,0.0,177
2026-05-23T01:21:43.171,303307,1008,0.812,1.21,2.13,20.12,5000,44.26,1,23.4,0.105,2,0.814,0.0,177
2026-05-23T01:21:43.234,303412,669,0.539,0.803,0.909,20.12,5000,44.26,1,23.4,0.105,2,0.814,0.0,177
2026-05-23T01:21:43.359,303517,777,0.626,0.933,1.298,20.12,5000,44.26,1,23.4,0.105,2,0.814,0.0,177
2026-05-23T01:21:43.482,303622,1081,0.871,1.298,2.393,20.12,5000,44.26,1,23.4,0.105,2,0.814,0.0,177
2026-05-23T01:21:43.545,303727,1093,0.881,1.312,2.436,20.12,5000,44.26,1,23.4,0.105,2,0.814,0.0,177
2026-05-23T01:21:43.670,303832,821,0.662,0.985,1.456,20.12,5000,44.26,1,23.4,0.105,2,0.814,0.0,177
2026-05-23T01:21:43.795,303937,755,0.608,0.906,1.219,20.12,5000,44.26,1,23.4,0.105,2,0.814,0.0,177
2026-05-23T01:21:43.858,304042,1042,0.84,1.251,2.252,20.12,5000,44.26,1,23.4,0.105,2,0.814,0.0,177
2026-05-23T01:21:43.981,304147,1158,0.933,1.39,2.67,20.12,5000,44.26,1,23.4,0.105,2,0.814,0.0,177
2026-05-23T01:21:44.106,304250,1120,0.903,1.344,2.533,20.12,5000,44.26,1,26.77,0.124,2,0.602,0.0,177
2026-05-23T01:21:44.168,304355,764,0.616,0.917,1.251,20.12,5000,44.26,1,26.77,0.124,2,0.602,0.0,177
2026-05-23T01:21:44.293,304460,854,0.688,1.025,1.575,20.12,5000,44.26,1,26.77,0.124,2,0.602,0.0,177
2026-05-23T01:21:44.416,304565,1152,0.928,1.383,2.648,20.12,5000,44.26,1,26.77,0.124,2,0.602,0.0,177
2026-05-23T01:21:44.478,304670,1193,0.961,1.432,2.796,20.12,5000,44.26,1,26.77,0.124,2,0.602,0.0,177
2026-05-23T01:21:44.602,304775,921,0.742,1.106,1.817,20.12,5000,44.26,1,26.77,0.124,2,0.602,0.0,177
2026-05-23T01:21:44.727,304880,718,0.579,0.862,1.086,20.12,5000,44.26,1,26.77,0.124,2,0.602,0.0,177
2026-05-23T01:21:44.790,304985,1070,0.862,1.284,2.353,20.12,5000,44.26,1,26.77,0.124,2,0.602,0.0,177
2026-05-23T01:21:44.914,305090,1235,0.995,1.482,2.947,20.12,5000,44.26,1,26.77,0.124,2,0.602,0.0,177
2026-05-23T01:21:45.038,305231,1181,0.952,1.418,2.753,20.12,5000,44.26,1,29.79,0.142,3,0.709,0.0,177
2026-05-23T01:21:45.163,305337,947,0.763,1.137,1.91,20.12,5000,44.26,1,29.79,0.142,3,0.709,0.0,177
2026-05-23T01:21:45.287,305442,723,0.583,0.868,1.104,20.12,5000,44.26,1,29.79,0.142,3,0.709,0.0,177
2026-05-23T01:21:45.350,305547,1070,0.862,1.284,2.353,20.12,5000,44.26,1,29.79,0.142,3,0.709,0.0,177
2026-05-23T01:21:45.477,305652,1254,1.011,1.505,3.016,20.12,5000,44.26,1,29.79,0.142,3,0.709,0.0,177
2026-05-23T01:21:45.598,305757,1085,0.874,1.302,2.407,20.12,5000,44.26,1,29.79,0.142,3,0.709,0.0,177
2026-05-23T01:21:45.662,305862,708,0.571,0.85,1.05,20.12,5000,44.26,1,29.79,0.142,3,0.709,0.0,177
2026-05-23T01:21:45.784,305967,967,0.779,1.161,1.982,20.12,5000,44.26,1,29.79,0.142,3,0.709,0.0,177
2026-05-23T01:21:45.911,306072,1246,1.004,1.496,2.987,20.12,5000,44.26,1,29.79,0.142,3,0.709,0.0,177
2026-05-23T01:21:46.036,306236,1201,0.968,1.442,2.825,20.12,5000,44.26,1,33.25,0.162,4,0.742,0.0,177
2026-05-23T01:21:46.161,306341,943,0.76,1.132,1.896,20.12,5000,44.26,1,33.25,0.162,4,0.742,0.0,177
2026-05-23T01:21:46.287,306446,818,0.659,0.982,1.446,20.12,5000,44.26,1,33.25,0.162,4,0.742,0.0,177
2026-05-23T01:21:46.408,306551,1102,0.888,1.323,2.468,20.12,5000,44.26,1,33.25,0.162,4,0.742,0.0,177
2026-05-23T01:21:46.470,306656,1271,1.024,1.526,3.077,20.12,5000,44.26,1,33.25,0.162,4,0.742,0.0,177
2026-05-23T01:21:46.596,306761,1090,0.878,1.308,2.425,20.12,5000,44.26,1,33.25,0.162,4,0.742,0.0,177
2026-05-23T01:21:46.722,306866,719,0.579,0.863,1.089,20.12,5000,44.26,1,33.25,0.162,4,0.742,0.0,177
2026-05-23T01:21:46.783,306971,1021,0.823,1.226,2.177,20.12,5000,44.26,1,33.25,0.162,4,0.742,0.0,177
2026-05-23T01:21:46.907,307076,1294,1.043,1.553,3.16,20.12,5000,44.26,1,33.25,0.162,4,0.742,0.0,177
2026-05-23T01:21:47.278,307443,1230,0.991,1.476,2.929,20.12,5000,44.26,0,33.25,0.162,4,0.742,0.0,178
2026-05-23T01:21:47.403,307548,784,0.632,0.941,1.323,20.12,5000,44.26,0,33.25,0.162,4,0.742,0.0,178
2026-05-23T01:21:47.464,307653,1025,0.826,1.23,2.191,20.12,5000,44.26,0,33.25,0.162,4,0.742,0.0,178
2026-05-23T01:21:47.589,307758,1314,1.059,1.577,3.232,20.12,5000,44.26,0,33.25,0.162,4,0.742,0.0,178
2026-05-23T01:21:47.711,307863,1292,1.041,1.551,3.152,20.12,5000,44.26,0,33.25,0.162,4,0.742,0.0,178
2026-05-23T01:21:47.773,307968,945,0.762,1.134,1.903,20.12,5000,44.26,0,33.25,0.162,4,0.742,0.0,178
2026-05-23T01:21:47.897,308073,999,0.805,1.199,2.097,20.12,5000,44.26,0,33.25,0.162,4,0.742,0.0,178
2026-05-23T01:21:48.023,308178,1261,1.016,1.514,3.041,20.12,5000,44.26,0,33.25,0.162,4,0.742,0.0,178
2026-05-23T01:21:48.084,308278,1246,1.004,1.496,2.987,20.12,5000,44.26,1,37.59,0.188,6,0.849,0.0,178
2026-05-23T01:21:48.208,308383,1403,1.131,1.684,3.552,20.12,5000,44.26,1,37.59,0.188,6,0.849,0.0,178
2026-05-23T01:21:48.332,308488,1126,0.907,1.352,2.555,20.12,5000,44.26,1,37.59,0.188,6,0.849,0.0,178
2026-05-23T01:21:48.395,308593,794,0.64,0.953,1.359,20.12,5000,44.26,1,37.59,0.188,6,0.849,0.0,178
2026-05-23T01:21:48.519,308698,1132,0.912,1.359,2.576,20.12,5000,44.26,1,37.59,0.188,6,0.849,0.0,178
2026-05-23T01:21:48.644,308803,1388,1.119,1.666,3.498,20.12,5000,44.26,1,37.59,0.188,6,0.849,0.0,178
2026-05-23T01:21:48.708,308908,1286,1.036,1.544,3.131,20.12,5000,44.26,1,37.59,0.188,6,0.849,0.0,178
2026-05-23T01:21:48.831,309013,898,0.724,1.078,1.734,20.12,5000,44.26,1,37.59,0.188,6,0.849,0.0,178
2026-05-23T01:21:48.955,309118,1050,0.846,1.26,2.281,20.12,5000,44.26,1,37.59,0.188,6,0.849,0.0,178
2026-05-23T01:21:49.078,309260,1212,0.977,1.455,2.864,20.12,5000,44.26,1,40.12,0.203,7,0.859,0.0,178
2026-05-23T01:21:49.204,309365,1460,1.177,1.752,3.757,20.12,5000,44.26,1,40.12,0.203,7,0.859,0.0,178
2026-05-23T01:21:49.266,309470,1247,1.005,1.497,2.99,20.12,5000,44.26,1,40.12,0.203,7,0.859,0.0,178
2026-05-23T01:21:49.391,309575,912,0.735,1.095,1.784,20.12,5000,44.26,1,40.12,0.203,7,0.859,0.0,178
2026-05-23T01:21:49.516,309680,1071,0.863,1.286,2.357,20.12,5000,44.26,1,40.12,0.203,7,0.859,0.0,178
2026-05-23T01:21:49.579,309785,1365,1.1,1.638,3.415,20.12,5000,44.26,1,40.12,0.203,7,0.859,0.0,178
2026-05-23T01:21:49.702,309890,1394,1.123,1.673,3.52,20.12,5000,44.26,1,40.12,0.203,7,0.859,0.0,178
2026-05-23T01:21:49.828,309995,962,0.775,1.155,1.964,20.12,5000,44.26,1,40.12,0.203,7,0.859,0.0,178
2026-05-23T01:21:49.890,310100,850,0.685,1.02,1.561,20.12,5000,44.26,1,40.12,0.203,7,0.859,0.0,178
2026-05-23T01:21:50.075,310254,1180,0.951,1.416,2.749,20.12,5000,44.26,1,41.85,0.213,7,0.785,0.0,178
2026-05-23T01:21:50.199,310360,798,0.643,0.958,1.374,20.12,5000,44.26,1,41.85,0.213,7,0.785,0.0,178
2026-05-23T01:21:50.260,310465,1079,0.87,1.295,2.385,20.12,5000,44.26,1,41.85,0.213,7,0.785,0.0,178
2026-05-23T01:21:50.384,310570,1334,1.075,1.601,3.304,20.12,5000,44.26,1,41.85,0.213,7,0.785,0.0,178
2026-05-23T01:21:50.509,310675,1174,0.946,1.409,2.728,20.12,5000,44.26,1,41.85,0.213,7,0.785,0.0,178
2026-05-23T01:21:50.572,310780,753,0.607,0.904,1.212,20.12,5000,44.26,1,41.85,0.213,7,0.785,0.0,178
2026-05-23T01:21:50.696,310885,912,0.735,1.095,1.784,20.12,5000,44.26,1,41.85,0.213,7,0.785,0.0,178
2026-05-23T01:21:50.821,310990,1278,1.03,1.534,3.102,20.12,5000,44.26,1,41.85,0.213,7,0.785,0.0,178
2026-05-23T01:21:50.883,311095,1276,1.028,1.532,3.095,20.12,5000,44.26,1,41.85,0.213,7,0.785,0.0,178
2026-05-23T01:21:51.006,311200,939,0.757,1.127,1.881,20.12,5000,44.26,1,41.85,0.213,7,0.785,0.0,178
2026-05-23T01:21:51.131,311302,782,0.63,0.939,1.316,20.12,5000,44.26,1,44.54,0.229,9,0.882,0.0,178
2026-05-23T01:21:51.193,311407,914,0.737,1.097,1.791,20.12,5000,44.26,1,44.54,0.229,9,0.882,0.0,178
2026-05-23T01:21:51.318,311512,1251,1.008,1.502,3.005,20.12,5000,44.26,1,44.54,0.229,9,0.882,0.0,178
2026-05-23T01:21:51.441,311617,1274,1.027,1.529,3.088,20.12,5000,44.26,1,44.54,0.229,9,0.882,0.0,178
2026-05-23T01:21:51.504,311722,971,0.782,1.166,1.997,20.12,5000,44.26,1,44.54,0.229,9,0.882,0.0,178
2026-05-23T01:21:51.629,311827,947,0.763,1.137,1.91,20.12,5000,44.26,1,44.54,0.229,9,0.882,0.0,178
2026-05-23T01:21:51.755,311932,1198,0.965,1.438,2.814,20.12,5000,44.26,1,44.54,0.229,9,0.882,0.0,178
2026-05-23T01:21:51.817,312037,1321,1.065,1.586,3.257,20.12,5000,44.26,1,44.54,0.229,9,0.882,0.0,178
2026-05-23T01:21:51.940,312142,1121,0.903,1.346,2.537,20.12,5000,44.26,1,44.54,0.229,9,0.882,0.0,178
2026-05-23T01:21:52.064,312284,859,0.692,1.031,1.593,20.12,5000,44.26,1,45.87,0.237,9,0.827,0.0,178
2026-05-23T01:21:52.189,312389,865,0.697,1.038,1.615,20.12,5000,44.26,1,45.87,0.237,9,0.827,0.0,178
2026-05-23T01:21:52.314,312494,1131,0.911,1.358,2.573,20.12,5000,44.26,1,45.87,0.237,9,0.827,0.0,178
2026-05-23T01:21:52.377,312599,1294,1.043,1.553,3.16,20.12,5000,44.26,1,45.87,0.237,9,0.827,0.0,178
2026-05-23T01:21:52.501,312704,1149,0.926,1.379,2.638,20.12,5000,44.26,1,45.87,0.237,9,0.827,0.0,178
2026-05-23T01:21:52.625,312809,671,0.541,0.805,0.916,20.12,5000,44.26,1,45.87,0.237,9,0.827,0.0,178
2026-05-23T01:21:52.687,312914,1000,0.806,1.2,2.101,20.12,5000,44.26,1,45.87,0.237,9,0.827,0.0,178
2026-05-23T01:21:52.813,313019,1304,1.051,1.565,3.196,20.12,5000,44.26,1,45.87,0.237,9,0.827,0.0,178
2026-05-23T01:21:52.938,313124,1236,0.996,1.484,2.951,20.12,5000,44.26,1,45.87,0.237,9,0.827,0.0,178
2026-05-23T01:21:53.064,313278,837,0.675,1.005,1.514,20.12,5000,44.26,1,46.9,0.243,10,0.877,0.0,178
2026-05-23T01:21:53.189,313384,1264,1.019,1.517,3.052,20.12,5000,44.26,1,46.9,0.243,10,0.877,0.0,178
2026-05-23T01:21:53.313,313489,943,0.76,1.132,1.896,20.12,5000,44.26,1,46.9,0.243,10,0.877,0.0,178
2026-05-23T01:21:53.375,313594,836,0.674,1.003,1.51,20.12,5000,44.26,1,46.9,0.243,10,0.877,0.0,178
2026-05-23T01:21:53.501,313699,1170,0.943,1.404,2.713,20.12,5000,44.26,1,46.9,0.243,10,0.877,0.0,178
2026-05-23T01:21:53.626,313804,1314,1.059,1.577,3.232,20.12,5000,44.26,1,46.9,0.243,10,0.877,0.0,178
2026-05-23T01:21:53.688,313909,1089,0.878,1.307,2.421,20.12,5000,44.26,1,46.9,0.243,10,0.877,0.0,178
2026-05-23T01:21:53.813,314014,674,0.543,0.809,0.927,20.12,5000,44.26,1,46.9,0.243,10,0.877,0.0,178
2026-05-23T01:21:53.937,314119,1034,0.833,1.241,2.223,20.12,5000,44.26,1,46.9,0.243,10,0.877,0.0,178
2026-05-23T01:21:54.000,314224,1302,1.049,1.563,3.188,20.12,5000,44.26,1,46.9,0.243,10,0.877,0.0,178
2026-05-23T01:21:54.123,314326,1314,1.059,1.577,3.232,20.12,5000,44.26,1,47.19,0.245,10,0.864,0.0,178
2026-05-23T01:21:54.248,314431,1090,0.878,1.308,2.425,20.12,5000,44.26,1,47.19,0.245,10,0.864,0.0,178
2026-05-23T01:21:54.310,314536,673,0.542,0.808,0.923,20.12,5000,44.26,1,47.19,0.245,10,0.864,0.0,178
2026-05-23T01:21:54.435,314641,1003,0.808,1.204,2.112,20.12,5000,44.26,1,47.19,0.245,10,0.864,0.0,178
2026-05-23T01:21:54.560,314746,1296,1.044,1.556,3.167,20.12,5000,44.26,1,47.19,0.245,10,0.864,0.0,178
2026-05-23T01:21:54.669,314851,1207,0.973,1.449,2.846,20.12,5000,44.26,1,47.19,0.245,10,0.864,0.0,178
2026-05-23T01:21:54.724,314956,793,0.639,0.952,1.356,20.12,5000,44.26,1,47.19,0.245,10,0.864,0.0,178
2026-05-23T01:21:54.829,315061,879,0.708,1.055,1.665,20.12,5000,44.26,1,47.19,0.245,10,0.864,0.0,178
2026-05-23T01:21:54.936,315166,1243,1.002,1.492,2.976,20.12,5000,44.26,1,47.19,0.245,10,0.864,0.0,178
2026-05-23T01:21:55.109,315308,1295,1.044,1.554,3.163,20.12,5000,44.26,1,47.19,0.245,10,0.864,0.0,178
2026-05-23T01:21:55.218,315413,1212,0.977,1.455,2.864,20.12,5000,44.26,1,47.19,0.245,10,0.864,0.0,178
2026-05-23T01:21:55.340,315518,823,0.663,0.988,1.464,20.12,5000,44.26,1,47.19,0.245,10,0.864,0.0,178
2026-05-23T01:21:55.402,315623,858,0.691,1.03,1.59,20.12,5000,44.26,1,47.19,0.245,10,0.864,0.0,178
2026-05-23T01:21:55.515,315728,1221,0.984,1.466,2.897,20.12,5000,44.26,1,47.19,0.245,10,0.864,0.0,178
2026-05-23T01:21:55.624,315833,1244,1.002,1.493,2.98,20.12,5000,44.26,1,47.19,0.245,10,0.864,0.0,178
2026-05-23T01:21:55.734,315938,975,0.786,1.17,2.011,20.12,5000,44.26,1,47.19,0.245,10,0.864,0.0,178
2026-05-23T01:21:55.843,316043,742,0.598,0.891,1.172,20.12,5000,44.26,1,47.19,0.245,10,0.864,0.0,178
2026-05-23T01:21:55.953,316148,1081,0.871,1.298,2.393,20.12,5000,44.26,1,47.19,0.245,10,0.864,0.0,178
2026-05-23T01:21:56.074,316302,1286,1.036,1.544,3.131,20.12,5000,44.26,1,47.15,0.245,10,0.865,0.0,178
2026-05-23T01:21:56.200,316408,1001,0.807,1.202,2.105,20.12,5000,44.26,1,47.15,0.245,10,0.865,0.0,178
2026-05-23T01:21:56.323,316513,1268,1.022,1.522,3.066,20.12,5000,44.26,1,47.15,0.245,10,0.865,0.0,178
2026-05-23T01:21:56.385,316618,1186,0.956,1.424,2.771,20.12,5000,44.26,1,47.15,0.245,10,0.865,0.0,178
2026-05-23T01:21:56.511,316723,795,0.641,0.954,1.363,20.12,5000,44.26,1,47.15,0.245,10,0.865,0.0,178
2026-05-23T01:21:56.628,316828,888,0.716,1.066,1.698,20.12,5000,44.26,1,47.15,0.245,10,0.865,0.0,178
2026-05-23T01:21:56.745,316933,1233,0.994,1.48,2.94,20.12,5000,44.26,1,47.15,0.245,10,0.865,0.0,178
2026-05-23T01:21:56.805,317038,1240,0.999,1.488,2.965,20.12,5000,44.26,1,47.15,0.245,10,0.865,0.0,178
2026-05-23T01:21:56.918,317143,949,0.765,1.139,1.917,20.12,5000,44.26,1,47.15,0.245,10,0.865,0.0,178
2026-05-23T01:21:57.019,317248,782,0.63,0.939,1.316,20.12,5000,44.26,1,47.15,0.245,10,0.865,0.0,178
2026-05-23T01:21:57.119,317350,877,0.707,1.053,1.658,20.12,5000,44.26,1,47.18,0.245,10,0.865,0.0,178
2026-05-23T01:21:57.221,317455,1223,0.986,1.468,2.904,20.12,5000,44.26,1,47.18,0.245,10,0.865,0.0,178
2026-05-23T01:21:57.331,317560,1251,1.008,1.502,3.005,20.12,5000,44.26,1,47.18,0.245,10,0.865,0.0,178
2026-05-23T01:21:57.434,317665,951,0.766,1.142,1.925,20.12,5000,44.26,1,47.18,0.245,10,0.865,0.0,178
2026-05-23T01:21:57.541,317770,770,0.621,0.924,1.273,20.12,5000,44.26,1,47.18,0.245,10,0.865,0.0,178
2026-05-23T01:21:57.647,317875,1103,0.889,1.324,2.472,20.12,5000,44.26,1,47.18,0.245,10,0.865,0.0,178
2026-05-23T01:21:57.748,317980,1273,1.026,1.528,3.084,20.12,5000,44.26,1,47.18,0.245,10,0.865,0.0,178
2026-05-23T01:21:57.849,318085,1096,0.883,1.316,2.447,20.12,5000,44.26,1,47.18,0.245,10,0.865,0.0,178
2026-05-23T01:21:57.952,318190,682,0.55,0.819,0.956,20.12,5000,44.26,1,47.18,0.245,10,0.865,0.0,178
2026-05-23T01:21:58.116,318332,834,0.672,1.001,1.503,20.12,5000,44.26,1,47.15,0.244,10,0.869,0.0,178
2026-05-23T01:21:58.218,318437,1088,0.877,1.306,2.418,20.12,5000,44.26,1,47.15,0.244,10,0.869,0.0,178
2026-05-23T01:21:58.319,318542,1275,1.027,1.53,3.091,20.12,5000,44.26,1,47.15,0.244,10,0.869,0.0,178
2026-05-23T01:21:58.428,318647,1104,0.89,1.325,2.475,20.12,5000,44.26,1,47.15,0.244,10,0.869,0.0,178
2026-05-23T01:21:58.531,318752,705,0.568,0.846,1.039,20.12,5000,44.26,1,47.15,0.244,10,0.869,0.0,178
2026-05-23T01:21:58.636,318857,943,0.76,1.132,1.896,20.12,5000,44.26,1,47.15,0.244,10,0.869,0.0,178
2026-05-23T01:21:58.753,318962,1251,1.008,1.502,3.005,20.12,5000,44.26,1,47.15,0.244,10,0.869,0.0,178
2026-05-23T01:21:58.879,319067,1212,0.977,1.455,2.864,20.12,5000,44.26,1,47.15,0.244,10,0.869,0.0,178
2026-05-23T01:21:58.940,319172,834,0.672,1.001,1.503,20.12,5000,44.26,1,47.15,0.244,10,0.869,0.0,178
2026-05-23T01:21:59.103,319326,839,0.676,1.007,1.521,20.12,5000,44.26,1,47.17,0.245,10,0.865,0.0,178
2026-05-23T01:21:59.204,319432,941,0.758,1.13,1.889,20.12,5000,44.26,1,47.17,0.245,10,0.865,0.0,178
2026-05-23T01:21:59.305,319537,780,0.629,0.936,1.309,20.12,5000,44.26,1,47.17,0.245,10,0.865,0.0,178
2026-05-23T01:21:59.424,319642,1109,0.894,1.331,2.493,20.12,5000,44.26,1,47.17,0.245,10,0.865,0.0,178
2026-05-23T01:21:59.534,319747,1268,1.022,1.522,3.066,20.12,5000,44.26,1,47.17,0.245,10,0.865,0.0,178
2026-05-23T01:21:59.608,319852,1077,0.868,1.293,2.378,20.12,5000,44.26,1,47.17,0.245,10,0.865,0.0,178
2026-05-23T01:21:59.711,319957,671,0.541,0.805,0.916,20.12,5000,44.26,1,47.17,0.245,10,0.865,0.0,178
2026-05-23T01:21:59.813,320062,971,0.782,1.166,1.997,20.12,5000,44.26,1,47.17,0.245,10,0.865,0.0,178
2026-05-23T01:21:59.931,320167,1260,1.015,1.512,3.037,20.12,5000,44.26,1,47.17,0.245,10,0.865,0.0,178
2026-05-23T01:22:00.047,320272,1204,0.97,1.445,2.836,20.12,5000,44.26,1,47.17,0.245,10,0.865,0.0,178
2026-05-23T01:22:00.150,320374,1090,0.878,1.308,2.425,20.12,5000,44.26,1,47.17,0.245,10,0.865,0.0,178
2026-05-23T01:22:00.251,320479,675,0.544,0.81,0.931,20.12,5000,44.26,1,47.17,0.245,10,0.865,0.0,178
2026-05-23T01:22:00.351,320584,965,0.778,1.158,1.975,20.12,5000,44.26,1,47.17,0.245,10,0.865,0.0,178
2026-05-23T01:22:00.453,320689,1263,1.018,1.516,3.048,20.12,5000,44.26,1,47.17,0.245,10,0.865,0.0,178
2026-05-23T01:22:00.565,320794,1202,0.969,1.443,2.828,20.12,5000,44.26,1,47.17,0.245,10,0.865,0.0,178
2026-05-23T01:22:00.673,320899,812,0.654,0.975,1.424,20.12,5000,44.26,1,47.17,0.245,10,0.865,0.0,178
2026-05-23T01:22:00.774,321004,856,0.69,1.027,1.582,20.12,5000,44.26,1,47.17,0.245,10,0.865,0.0,178
2026-05-23T01:22:00.875,321109,1212,0.977,1.455,2.864,20.12,5000,44.26,1,47.17,0.245,10,0.865,0.0,178
2026-05-23T01:22:00.976,321214,1241,1.0,1.49,2.969,20.12,5000,44.26,1,47.17,0.245,10,0.865,0.0,178
2026-05-23T01:22:01.139,321356,1133,0.913,1.36,2.58,20.12,5000,44.26,1,47.18,0.245,10,0.865,0.0,178
2026-05-23T01:22:01.264,321461,840,0.677,1.008,1.525,20.12,5000,44.26,1,47.18,0.245,10,0.865,0.0,178
2026-05-23T01:22:01.326,321566,868,0.699,1.042,1.626,20.12,5000,44.26,1,47.18,0.245,10,0.865,0.0,178
2026-05-23T01:22:01.451,321671,1200,0.967,1.44,2.821,20.12,5000,44.26,1,47.18,0.245,10,0.865,0.0,178
2026-05-23T01:22:01.574,321776,1256,1.012,1.508,3.023,20.12,5000,44.26,1,47.18,0.245,10,0.865,0.0,178
2026-05-23T01:22:01.635,321881,989,0.797,1.187,2.061,20.12,5000,44.26,1,47.18,0.245,10,0.865,0.0,178
2026-05-23T01:22:01.752,321986,723,0.583,0.868,1.104,20.12,5000,44.26,1,47.18,0.245,10,0.865,0.0,178
2026-05-23T01:22:01.867,322091,1066,0.859,1.28,2.339,20.12,5000,44.26,1,47.18,0.245,10,0.865,0.0,178
2026-05-23T01:22:01.993,322196,1282,1.033,1.539,3.116,20.12,5000,44.26,1,47.18,0.245,10,0.865,0.0,178
2026-05-23T01:22:02.101,322350,1121,0.903,1.346,2.537,20.12,5000,44.26,1,47.19,0.245,10,0.864,0.0,178
2026-05-23T01:22:02.209,322456,1261,1.016,1.514,3.041,20.12,5000,44.26,1,47.19,0.245,10,0.864,0.0,178
2026-05-23T01:22:02.320,322561,1189,0.958,1.427,2.782,20.12,5000,44.26,1,47.19,0.245,10,0.864,0.0,178
2026-05-23T01:22:02.446,322666,791,0.637,0.949,1.348,20.12,5000,44.26,1,47.19,0.245,10,0.864,0.0,178
2026-05-23T01:22:02.554,322771,870,0.701,1.044,1.633,20.12,5000,44.26,1,47.19,0.245,10,0.864,0.0,178
2026-05-23T01:22:02.665,322876,1228,0.99,1.474,2.922,20.12,5000,44.26,1,47.19,0.245,10,0.864,0.0,178
2026-05-23T01:22:02.729,322981,1252,1.009,1.503,3.008,20.12,5000,44.26,1,47.19,0.245,10,0.864,0.0,178
2026-05-23T01:22:02.853,323086,955,0.77,1.146,1.939,20.12,5000,44.26,1,47.19,0.245,10,0.864,0.0,178
2026-05-23T01:22:02.975,323191,777,0.626,0.933,1.298,20.12,5000,44.26,1,47.19,0.245,10,0.864,0.0,178
2026-05-23T01:22:03.037,323296,1091,0.879,1.31,2.429,20.12,5000,44.26,1,47.19,0.245,10,0.864,0.0,178
2026-05-23T01:22:03.163,323398,1214,0.978,1.457,2.872,20.12,5000,44.26,1,47.19,0.245,10,0.864,0.0,178
2026-05-23T01:22:03.288,323503,1233,0.994,1.48,2.94,20.12,5000,44.26,1,47.19,0.245,10,0.864,0.0,178
2026-05-23T01:22:03.350,323608,943,0.76,1.132,1.896,20.12,5000,44.26,1,47.19,0.245,10,0.864,0.0,178
2026-05-23T01:22:03.477,323713,783,0.631,0.94,1.32,20.12,5000,44.26,1,47.19,0.245,10,0.864,0.0,178
2026-05-23T01:22:03.603,323818,1091,0.879,1.31,2.429,20.12,5000,44.26,1,47.19,0.245,10,0.864,0.0,178
2026-05-23T01:22:03.665,323923,1277,1.029,1.533,3.098,20.12,5000,44.26,1,47.19,0.245,10,0.864,0.0,178
2026-05-23T01:22:03.789,324028,1104,0.89,1.325,2.475,20.12,5000,44.26,1,47.19,0.245,10,0.864,0.0,178
2026-05-23T01:22:03.915,324133,684,0.551,0.821,0.963,20.12,5000,44.26,1,47.19,0.245,10,0.864,0.0,178
2026-05-23T01:22:03.975,324238,1007,0.812,1.209,2.126,20.12,5000,44.26,1,47.19,0.245,10,0.864,0.0,178
2026-05-23T01:22:04.161,324380,1237,0.997,1.485,2.954,20.12,5000,44.26,1,47.17,0.244,10,0.868,0.0,178
2026-05-23T01:22:04.221,324485,1319,1.063,1.583,3.25,20.12,5000,44.26,1,47.17,0.244,10,0.868,0.0,178
2026-05-23T01:22:04.346,324590,1116,0.899,1.34,2.519,20.12,5000,44.26,1,47.17,0.244,10,0.868,0.0,178
2026-05-23T01:22:04.471,324695,681,0.549,0.817,0.952,20.12,5000,44.26,1,47.17,0.244,10,0.868,0.0,178
2026-05-23T01:22:04.532,324800,986,0.795,1.184,2.051,20.12,5000,44.26,1,47.17,0.244,10,0.868,0.0,178
2026-05-23T01:22:04.658,324905,1311,1.056,1.574,3.221,20.12,5000,44.26,1,47.17,0.244,10,0.868,0.0,178
2026-05-23T01:22:04.786,325010,1226,0.988,1.472,2.915,20.12,5000,44.26,1,47.17,0.244,10,0.868,0.0,178
2026-05-23T01:22:04.907,325115,820,0.661,0.984,1.453,20.12,5000,44.26,1,47.17,0.244,10,0.868,0.0,178
2026-05-23T01:22:04.971,325220,898,0.724,1.078,1.734,20.12,5000,44.26,1,47.17,0.244,10,0.868,0.0,178
2026-05-23T01:22:05.156,325374,1254,1.011,1.505,3.016,20.12,5000,44.26,1,47.19,0.245,10,0.864,0.0,178
2026-05-23T01:22:05.216,325480,844,0.68,1.013,1.539,20.12,5000,44.26,1,47.19,0.245,10,0.864,0.0,178
2026-05-23T01:22:05.341,325585,1179,0.95,1.415,2.746,20.12,5000,44.26,1,47.19,0.245,10,0.864,0.0,178
2026-05-23T01:22:05.465,325690,1289,1.039,1.547,3.142,20.12,5000,44.26,1,47.19,0.245,10,0.864,0.0,178
2026-05-23T01:22:05.527,325795,1065,0.858,1.278,2.335,20.12,5000,44.26,1,47.19,0.245,10,0.864,0.0,178
2026-05-23T01:22:05.652,325900,655,0.528,0.786,0.859,20.12,5000,44.26,1,47.19,0.245,10,0.864,0.0,178
2026-05-23T01:22:05.760,326005,1041,0.839,1.25,2.249,20.12,5000,44.26,1,47.19,0.245,10,0.864,0.0,178
2026-05-23T01:22:05.882,326110,1305,1.052,1.566,3.199,20.12,5000,44.26,1,47.19,0.245,10,0.864,0.0,178
2026-05-23T01:22:05.944,326215,1195,0.963,1.434,2.803,20.12,5000,44.26,1,47.19,0.245,10,0.864,0.0,178
2026-05-23T01:22:06.070,326320,769,0.62,0.923,1.269,20.12,5000,44.26,1,47.19,0.245,10,0.864,0.0,178
2026-05-23T01:22:06.195,326422,671,0.541,0.805,0.916,20.12,5000,44.26,1,47.18,0.245,10,0.865,0.0,178
2026-05-23T01:22:06.255,326527,1054,0.849,1.265,2.295,20.12,5000,44.26,1,47.18,0.245,10,0.865,0.0,178
2026-05-23T01:22:06.379,326632,1301,1.048,1.562,3.185,20.12,5000,44.26,1,47.18,0.245,10,0.865,0.0,178
2026-05-23T01:22:06.504,326737,1164,0.938,1.397,2.692,20.12,5000,44.26,1,47.18,0.245,10,0.865,0.0,178
2026-05-23T01:22:06.612,326842,739,0.596,0.887,1.161,20.12,5000,44.26,1,47.18,0.245,10,0.865,0.0,178
2026-05-23T01:22:06.671,326947,917,0.739,1.101,1.802,20.12,5000,44.26,1,47.18,0.245,10,0.865,0.0,178
2026-05-23T01:22:06.797,327052,1244,1.002,1.493,2.98,20.12,5000,44.26,1,47.18,0.245,10,0.865,0.0,178
2026-05-23T01:22:06.921,327157,1221,0.984,1.466,2.897,20.12,5000,44.26,1,47.18,0.245,10,0.865,0.0,178
2026-05-23T01:22:06.986,327262,902,0.727,1.083,1.748,20.12,5000,44.26,1,47.18,0.245,10,0.865,0.0,178
2026-05-23T01:22:07.173,327404,658,0.53,0.79,0.869,20.12,5000,44.26,1,47.14,0.244,10,0.869,0.0,178
2026-05-23T01:22:07.235,327509,904,0.728,1.085,1.755,20.12,5000,44.26,1,47.14,0.244,10,0.869,0.0,178
2026-05-23T01:22:07.362,327614,1248,1.006,1.498,2.994,20.12,5000,44.26,1,47.14,0.244,10,0.869,0.0,178
2026-05-23T01:22:07.484,327719,1218,0.982,1.462,2.886,20.12,5000,44.26,1,47.14,0.244,10,0.869,0.0,178
2026-05-23T01:22:07.546,327824,894,0.72,1.073,1.719,20.12,5000,44.26,1,47.14,0.244,10,0.869,0.0,178
2026-05-23T01:22:07.673,327929,825,0.665,0.99,1.471,20.12,5000,44.26,1,47.14,0.244,10,0.869,0.0,178
2026-05-23T01:22:07.795,328034,1178,0.949,1.414,2.742,20.12,5000,44.26,1,47.14,0.244,10,0.869,0.0,178
2026-05-23T01:22:07.920,328139,1263,1.018,1.516,3.048,20.12,5000,44.26,1,47.14,0.244,10,0.869,0.0,178
2026-05-23T01:22:07.971,328244,1008,0.812,1.21,2.13,20.12,5000,44.26,1,47.14,0.244,10,0.869,0.0,178
2026-05-23T01:22:08.142,328399,666,0.537,0.799,0.898,20.12,5000,44.26,1,47.14,0.244,10,0.869,0.0,178
2026-05-23T01:22:08.244,328504,1093,0.881,1.312,2.436,20.12,5000,44.26,1,47.14,0.244,10,0.869,0.0,178
2026-05-23T01:22:08.345,328609,673,0.542,0.808,0.923,20.12,5000,44.26,1,47.14,0.244,10,0.869,0.0,178
2026-05-23T01:22:08.450,328714,956,0.77,1.148,1.943,20.12,5000,44.26,1,47.14,0.244,10,0.869,0.0,178
2026-05-23T01:22:08.558,328819,1268,1.022,1.522,3.066,20.12,5000,44.26,1,47.14,0.244,10,0.869,0.0,178
2026-05-23T01:22:08.694,328924,1202,0.969,1.443,2.828,20.12,5000,44.26,1,47.14,0.244,10,0.869,0.0,178
2026-05-23T01:22:08.746,329029,797,0.642,0.957,1.37,20.12,5000,44.26,1,47.14,0.244,10,0.869,0.0,178
2026-05-23T01:22:08.867,329134,869,0.7,1.043,1.629,20.12,5000,44.26,1,47.14,0.244,10,0.869,0.0,178
2026-05-23T01:22:08.973,329239,1233,0.994,1.48,2.94,20.12,5000,44.26,1,47.14,0.244,10,0.869,0.0,178
2026-05-23T01:22:09.090,329344,1236,0.996,1.484,2.951,20.12,5000,44.26,1,47.14,0.244,10,0.869,0.0,178
2026-05-23T01:22:09.214,329446,1186,0.956,1.424,2.771,20.12,5000,44.26,1,47.15,0.244,10,0.869,0.0,178
2026-05-23T01:22:09.276,329551,791,0.637,0.949,1.348,20.12,5000,44.26,1,47.15,0.244,10,0.869,0.0,178
2026-05-23T01:22:09.401,329656,871,0.702,1.045,1.636,20.12,5000,44.26,1,47.15,0.244,10,0.869,0.0,178
2026-05-23T01:22:09.525,329761,1230,0.991,1.476,2.929,20.12,5000,44.26,1,47.15,0.244,10,0.869,0.0,178
2026-05-23T01:22:09.587,329866,1248,1.006,1.498,2.994,20.12,5000,44.26,1,47.15,0.244,10,0.869,0.0,178
2026-05-23T01:22:09.713,329971,928,0.748,1.114,1.842,20.12,5000,44.26,1,47.15,0.244,10,0.869,0.0,178
2026-05-23T01:22:09.836,330076,796,0.641,0.955,1.366,20.12,5000,44.26,1,47.15,0.244,10,0.869,0.0,178
2026-05-23T01:22:09.898,330181,1123,0.905,1.348,2.544,20.12,5000,44.26,1,47.15,0.244,10,0.869,0.0,178
2026-05-23T01:22:10.024,330286,1268,1.022,1.522,3.066,20.12,5000,44.26,1,47.15,0.244,10,0.869,0.0,178
2026-05-23T01:22:10.150,330428,1197,0.965,1.437,2.81,20.12,5000,44.26,1,47.14,0.244,10,0.869,0.0,178
2026-05-23T01:22:10.274,330534,813,0.655,0.976,1.428,20.12,5000,44.26,1,47.14,0.244,10,0.869,0.0,178
2026-05-23T01:22:10.400,330639,852,0.687,1.023,1.568,20.12,5000,44.26,1,47.14,0.244,10,0.869,0.0,178
2026-05-23T01:22:10.463,330744,1209,0.974,1.451,2.854,20.12,5000,44.26,1,47.14,0.244,10,0.869,0.0,178
2026-05-23T01:22:10.586,330849,1244,1.002,1.493,2.98,20.12,5000,44.26,1,47.14,0.244,10,0.869,0.0,178
2026-05-23T01:22:10.709,330954,958,0.772,1.15,1.95,20.12,5000,44.26,1,47.14,0.244,10,0.869,0.0,178
2026-05-23T01:22:10.771,331059,766,0.617,0.919,1.258,20.12,5000,44.26,1,47.14,0.244,10,0.869,0.0,178
2026-05-23T01:22:10.895,331164,1099,0.886,1.319,2.457,20.12,5000,44.26,1,47.14,0.244,10,0.869,0.0,178
2026-05-23T01:22:11.023,331269,1271,1.024,1.526,3.077,20.12,5000,44.26,1,47.14,0.244,10,0.869,0.0,178
2026-05-23T01:22:11.147,331433,1080,0.87,1.296,2.389,20.12,5000,44.26,1,47.13,0.244,10,0.869,0.0,178
2026-05-23T01:22:11.270,331538,752,0.606,0.903,1.208,20.12,5000,44.26,1,47.13,0.244,10,0.869,0.0,178
2026-05-23T01:22:11.395,331643,884,0.712,1.061,1.683,20.12,5000,44.26,1,47.13,0.244,10,0.869,0.0,178
2026-05-23T01:22:11.456,331748,1234,0.994,1.481,2.944,20.12,5000,44.26,1,47.13,0.244,10,0.869,0.0,178
2026-05-23T01:22:11.581,331853,1236,0.996,1.484,2.951,20.12,5000,44.26,1,47.13,0.244,10,0.869,0.0,178
2026-05-23T01:22:11.706,331958,916,0.738,1.1,1.799,20.12,5000,44.26,1,47.13,0.244,10,0.869,0.0,178
2026-05-23T01:22:11.831,332063,830,0.669,0.996,1.489,20.12,5000,44.26,1,47.13,0.244,10,0.869,0.0,178
2026-05-23T01:22:11.893,332168,1140,0.919,1.368,2.605,20.12,5000,44.26,1,47.13,0.244,10,0.869,0.0,178
2026-05-23T01:22:12.017,332273,1264,1.019,1.517,3.052,20.12,5000,44.26,1,47.13,0.244,10,0.869,0.0,178
2026-05-23T01:22:12.142,332427,1031,0.831,1.238,2.213,20.12,5000,44.26,1,47.16,0.245,10,0.865,0.0,178
2026-05-23T01:22:12.267,332533,1276,1.028,1.532,3.095,20.12,5000,44.26,1,47.16,0.245,10,0.865,0.0,178
2026-05-23T01:22:12.391,332638,1100,0.886,1.32,2.461,20.12,5000,44.26,1,47.16,0.245,10,0.865,0.0,178
2026-05-23T01:22:12.454,332743,684,0.551,0.821,0.963,20.12,5000,44.26,1,47.16,0.245,10,0.865,0.0,178
2026-05-23T01:22:12.579,332848,957,0.771,1.149,1.946,20.12,5000,44.26,1,47.16,0.245,10,0.865,0.0,178
2026-05-23T01:22:12.704,332953,1260,1.015,1.512,3.037,20.12,5000,44.26,1,47.16,0.245,10,0.865,0.0,178
2026-05-23T01:22:12.767,333058,1197,0.965,1.437,2.81,20.12,5000,44.26,1,47.16,0.245,10,0.865,0.0,178
2026-05-23T01:22:12.890,333163,797,0.642,0.957,1.37,20.12,5000,44.26,1,47.16,0.245,10,0.865,0.0,178
2026-05-23T01:22:13.016,333268,868,0.699,1.042,1.626,20.12,5000,44.26,1,47.16,0.245,10,0.865,0.0,178
2026-05-23T01:22:13.079,333373,1222,0.985,1.467,2.9,20.12,5000,44.26,1,47.16,0.245,10,0.865,0.0,178
2026-05-23T01:22:13.204,333475,1266,1.02,1.52,3.059,20.12,5000,44.26,1,47.16,0.244,10,0.869,0.0,178
2026-05-23T01:22:13.327,333580,1176,0.948,1.412,2.735,20.12,5000,44.26,1,47.16,0.244,10,0.869,0.0,178
2026-05-23T01:22:13.389,333685,765,0.616,0.918,1.255,20.12,5000,44.26,1,47.16,0.244,10,0.869,0.0,178
2026-05-23T01:22:13.506,333790,869,0.7,1.043,1.629,20.12,5000,44.26,1,47.16,0.244,10,0.869,0.0,178
2026-05-23T01:22:13.623,333895,1231,0.992,1.478,2.933,20.12,5000,44.26,1,47.16,0.244,10,0.869,0.0,178
2026-05-23T01:22:13.746,334000,1231,0.992,1.478,2.933,20.12,5000,44.26,1,47.16,0.244,10,0.869,0.0,178
2026-05-23T01:22:13.807,334105,914,0.737,1.097,1.791,20.12,5000,44.26,1,47.16,0.244,10,0.869,0.0,178
2026-05-23T01:22:13.934,334210,828,0.667,0.994,1.482,20.12,5000,44.26,1,47.16,0.244,10,0.869,0.0,178
2026-05-23T01:22:14.055,334315,1144,0.922,1.373,2.62,20.12,5000,44.26,1,47.16,0.244,10,0.869,0.0,178
2026-05-23T01:22:14.180,334457,1275,1.027,1.53,3.091,20.12,5000,44.26,1,47.08,0.244,10,0.87,0.0,178
2026-05-23T01:22:14.304,334562,1227,0.989,1.473,2.918,20.12,5000,44.26,1,47.08,0.244,10,0.87,0.0,178
2026-05-23T01:22:14.365,334667,898,0.724,1.078,1.734,20.12,5000,44.26,1,47.08,0.244,10,0.87,0.0,178
2026-05-23T01:22:14.489,334772,827,0.666,0.993,1.478,20.12,5000,44.26,1,47.08,0.244,10,0.87,0.0,178
2026-05-23T01:22:14.614,334877,1171,0.944,1.406,2.717,20.12,5000,44.26,1,47.08,0.244,10,0.87,0.0,178
2026-05-23T01:22:14.739,334982,1258,1.014,1.51,3.03,20.12,5000,44.26,1,47.08,0.244,10,0.87,0.0,178
2026-05-23T01:22:14.800,335087,1007,0.812,1.209,2.126,20.12,5000,44.26,1,47.08,0.244,10,0.87,0.0,178
2026-05-23T01:22:14.926,335192,682,0.55,0.819,0.956,20.12,5000,44.26,1,47.08,0.244,10,0.87,0.0,178
2026-05-23T01:22:15.037,335297,1050,0.846,1.26,2.281,20.12,5000,44.26,1,47.08,0.244,10,0.87,0.0,178
2026-05-23T01:22:15.193,335451,1271,1.024,1.526,3.077,20.12,5000,44.26,1,47.13,0.244,10,0.869,0.0,178
2026-05-23T01:22:15.300,335557,973,0.784,1.168,2.004,20.12,5000,44.26,1,47.13,0.244,10,0.869,0.0,178
2026-05-23T01:22:15.404,335662,1257,1.013,1.509,3.026,20.12,5000,44.26,1,47.13,0.244,10,0.869,0.0,178
2026-05-23T01:22:15.518,335767,1177,0.948,1.413,2.738,20.12,5000,44.26,1,47.13,0.244,10,0.869,0.0,178
2026-05-23T01:22:15.582,335872,769,0.62,0.923,1.269,20.12,5000,44.26,1,47.13,0.244,10,0.869,0.0,178
2026-05-23T01:22:15.706,335977,882,0.711,1.059,1.676,20.12,5000,44.26,1,47.13,0.244,10,0.869,0.0,178
2026-05-23T01:22:15.829,336082,1230,0.991,1.476,2.929,20.12,5000,44.26,1,47.13,0.244,10,0.869,0.0,178
2026-05-23T01:22:15.892,336187,1188,0.957,1.426,2.778,24.96,5000,54.91,1,47.13,0.244,10,0.869,0.0,178
2026-05-23T01:22:16.000,336293,824,0.664,0.989,1.467,24.96,5000,54.91,1,47.13,0.244,10,0.869,0.0,178
2026-05-23T01:22:16.112,336398,935,0.753,1.122,1.867,24.96,5000,54.91,1,47.13,0.244,10,0.869,0.0,178
2026-05-23T01:22:16.212,336499,963,0.776,1.156,1.968,24.96,5000,54.91,1,47.17,0.244,10,0.868,0.0,178
2026-05-23T01:22:16.313,336604,1297,1.045,1.557,3.17,24.96,5000,54.91,1,47.17,0.244,10,0.868,0.0,178
2026-05-23T01:22:16.414,336709,1261,1.016,1.514,3.041,24.96,5000,54.91,1,47.17,0.244,10,0.868,0.0,178
2026-05-23T01:22:16.517,336814,917,0.739,1.101,1.802,24.96,5000,54.91,1,47.17,0.244,10,0.868,0.0,178
2026-05-23T01:22:16.626,336919,915,0.737,1.098,1.795,24.96,5000,54.91,1,47.17,0.244,10,0.868,0.0,178
2026-05-23T01:22:16.736,337024,1232,0.993,1.479,2.936,24.96,5000,54.91,1,47.17,0.244,10,0.868,0.0,178
2026-05-23T01:22:16.845,337129,1302,1.049,1.563,3.188,24.96,5000,54.91,1,47.17,0.244,10,0.868,0.0,178
2026-05-23T01:22:16.968,337234,1025,0.826,1.23,2.191,24.96,5000,54.91,1,47.17,0.244,10,0.868,0.0,178
2026-05-23T01:22:17.029,337339,788,0.635,0.946,1.338,24.96,5000,54.91,1,47.17,0.244,10,0.868,0.0,178
2026-05-23T01:22:17.219,337481,974,0.785,1.169,2.007,24.96,5000,54.91,1,58.26,0.312,16,0.88,0.0,178
2026-05-23T01:22:17.280,337586,1247,1.005,1.497,2.99,24.96,5000,54.91,1,58.26,0.312,16,0.88,0.0,178
2026-05-23T01:22:17.405,337691,1297,1.045,1.557,3.17,24.96,5000,54.91,1,58.26,0.312,16,0.88,0.0,178
2026-05-23T01:22:17.528,337796,1013,0.816,1.216,2.148,24.96,5000,54.91,1,58.26,0.312,16,0.88,0.0,178
2026-05-23T01:22:17.591,337901,820,0.661,0.984,1.453,24.96,5000,54.91,1,58.26,0.312,16,0.88,0.0,178
2026-05-23T01:22:17.717,338006,1136,0.915,1.364,2.591,24.96,5000,54.91,1,58.26,0.312,16,0.88,0.0,178
2026-05-23T01:22:17.841,338111,1328,1.07,1.594,3.282,24.96,5000,54.91,1,58.26,0.312,16,0.88,0.0,178
2026-05-23T01:22:17.902,338216,1126,0.907,1.352,2.555,24.96,5000,54.91,1,58.26,0.312,16,0.88,0.0,178
2026-05-23T01:22:18.027,338321,702,0.566,0.843,1.028,24.96,5000,54.91,1,58.26,0.312,16,0.88,0.0,178
2026-05-23T01:22:18.214,338475,1035,0.834,1.242,2.227,24.96,5000,54.91,1,58.25,0.312,16,0.88,0.0,178
2026-05-23T01:22:18.278,338581,760,0.612,0.912,1.237,24.96,5000,54.91,1,58.25,0.312,16,0.88,0.0,178
2026-05-23T01:22:18.401,338686,968,0.78,1.162,1.986,24.96,5000,54.91,1,58.25,0.312,16,0.88,0.0,178
2026-05-23T01:22:18.524,338791,1295,1.044,1.554,3.163,24.96,5000,54.91,1,58.25,0.312,16,0.88,0.0,178
2026-05-23T01:22:18.588,338896,1262,1.017,1.515,3.044,24.96,5000,54.91,1,58.25,0.312,16,0.88,0.0,178
2026-05-23T01:22:18.712,339001,891,0.718,1.069,1.708,24.96,5000,54.91,1,58.25,0.312,16,0.88,0.0,178
2026-05-23T01:22:18.838,339106,919,0.741,1.103,1.809,24.96,5000,54.91,1,58.25,0.312,16,0.88,0.0,178
2026-05-23T01:22:18.900,339211,1247,1.005,1.497,2.99,24.96,5000,54.91,1,58.25,0.312,16,0.88,0.0,178
2026-05-23T01:22:19.025,339316,1295,1.044,1.554,3.163,24.96,5000,54.91,1,58.25,0.312,16,0.88,0.0,178
2026-05-23T01:22:19.148,339421,1018,0.82,1.222,2.166,24.96,5000,54.91,1,58.25,0.312,16,0.88,0.0,178
2026-05-23T01:22:19.209,339523,848,0.683,1.018,1.554,24.96,5000,54.91,1,58.26,0.312,16,0.88,0.0,178
2026-05-23T01:22:19.334,339628,947,0.763,1.137,1.91,24.96,5000,54.91,1,58.26,0.312,16,0.88,0.0,178
2026-05-23T01:22:19.461,339733,1287,1.037,1.545,3.134,24.96,5000,54.91,1,58.26,0.312,16,0.88,0.0,178
2026-05-23T01:22:19.521,339838,1318,1.062,1.582,3.246,24.96,5000,54.91,1,58.26,0.312,16,0.88,0.0,178
2026-05-23T01:22:19.646,339943,989,0.797,1.187,2.061,24.96,5000,54.91,1,58.26,0.312,16,0.88,0.0,178
2026-05-23T01:22:19.772,340048,885,0.713,1.062,1.687,24.96,5000,54.91,1,58.26,0.312,16,0.88,0.0,178
2026-05-23T01:22:19.831,340153,1190,0.959,1.428,2.785,24.96,5000,54.91,1,58.26,0.312,16,0.88,0.0,178
2026-05-23T01:22:19.957,340258,1345,1.084,1.614,3.343,24.96,5000,54.91,1,58.26,0.312,16,0.88,0.0,178
2026-05-23T01:22:20.081,340363,1107,0.892,1.329,2.486,24.96,5000,54.91,1,58.26,0.312,16,0.88,0.0,178
2026-05-23T01:22:20.205,340505,841,0.678,1.009,1.528,24.96,5000,54.91,1,58.3,0.312,16,0.879,0.0,178
2026-05-23T01:22:20.331,340610,906,0.73,1.087,1.762,24.96,5000,54.91,1,58.3,0.312,16,0.879,0.0,178
2026-05-23T01:22:20.391,340715,1205,0.971,1.446,2.839,24.96,5000,54.91,1,58.3,0.312,16,0.879,0.0,178
2026-05-23T01:22:20.513,340820,1341,1.081,1.61,3.329,24.96,5000,54.91,1,58.3,0.312,16,0.879,0.0,178
2026-05-23T01:22:20.640,340925,1092,0.88,1.311,2.432,24.96,5000,54.91,1,58.3,0.312,16,0.879,0.0,178
2026-05-23T01:22:20.766,341030,689,0.555,0.827,0.981,24.96,5000,54.91,1,58.3,0.312,16,0.879,0.0,178
2026-05-23T01:22:20.828,341135,1094,0.882,1.313,2.439,24.96,5000,54.91,1,58.3,0.312,16,0.879,0.0,178
2026-05-23T01:22:20.952,341240,1354,1.091,1.625,3.376,24.96,5000,54.91,1,58.3,0.312,16,0.879,0.0,178
2026-05-23T01:22:21.073,341345,1200,0.967,1.44,2.821,24.96,5000,54.91,1,58.3,0.312,16,0.879,0.0,178
2026-05-23T01:22:21.198,341499,757,0.61,0.909,1.226,24.96,5000,54.91,1,58.32,0.312,16,0.879,0.0,178
2026-05-23T01:22:21.308,341605,1258,1.014,1.51,3.03,24.96,5000,54.91,1,58.32,0.312,16,0.879,0.0,178
2026-05-23T01:22:21.434,341710,837,0.675,1.005,1.514,24.96,5000,54.91,1,58.32,0.312,16,0.879,0.0,178
2026-05-23T01:22:21.495,341815,956,0.77,1.148,1.943,24.96,5000,54.91,1,58.32,0.312,16,0.879,0.0,178
2026-05-23T01:22:21.620,341920,1312,1.057,1.575,3.224,24.96,5000,54.91,1,58.32,0.312,16,0.879,0.0,178
2026-05-23T01:22:21.731,342025,1314,1.059,1.577,3.232,24.96,5000,54.91,1,58.32,0.312,16,0.879,0.0,178
2026-05-23T01:22:21.854,342130,971,0.782,1.166,1.997,24.96,5000,54.91,1,58.32,0.312,16,0.879,0.0,178
2026-05-23T01:22:21.915,342235,910,0.733,1.092,1.777,24.96,5000,54.91,1,58.32,0.312,16,0.879,0.0,178
2026-05-23T01:22:22.041,342340,1213,0.978,1.456,2.868,24.96,5000,54.91,1,58.32,0.312,16,0.879,0.0,178
2026-05-23T01:22:22.163,342445,1340,1.08,1.608,3.325,24.96,5000,54.91,1,58.32,0.312,16,0.879,0.0,178
2026-05-23T01:22:22.228,342547,1298,1.046,1.558,3.174,24.96,5000,54.91,1,58.31,0.312,16,0.879,0.0,178
2026-05-23T01:22:22.347,342652,942,0.759,1.131,1.892,24.96,5000,54.91,1,58.31,0.312,16,0.879,0.0,178
2026-05-23T01:22:22.463,342757,937,0.755,1.125,1.874,24.96,5000,54.91,1,58.31,0.312,16,0.879,0.0,178
2026-05-23T01:22:22.580,342862,1250,1.007,1.5,3.001,24.96,5000,54.91,1,58.31,0.312,16,0.879,0.0,178
2026-05-23T01:22:22.696,342967,1330,1.072,1.596,3.289,24.96,5000,54.91,1,58.31,0.312,16,0.879,0.0,178
2026-05-23T01:22:22.758,343072,1052,0.848,1.263,2.288,24.96,5000,54.91,1,58.31,0.312,16,0.879,0.0,178
2026-05-23T01:22:22.881,343177,765,0.616,0.918,1.255,24.96,5000,54.91,1,58.31,0.312,16,0.879,0.0,178
2026-05-23T01:22:23.006,343282,1120,0.903,1.344,2.533,24.96,5000,54.91,1,58.31,0.312,16,0.879,0.0,178
2026-05-23T01:22:23.068,343387,1335,1.076,1.602,3.307,24.96,5000,54.91,1,58.31,0.312,16,0.879,0.0,178
2026-05-23T01:22:23.255,343529,1269,1.023,1.523,3.07,24.96,5000,54.91,1,58.29,0.312,16,0.879,0.0,178
2026-05-23T01:22:23.317,343634,1015,0.818,1.218,2.155,24.96,5000,54.91,1,58.29,0.312,16,0.879,0.0,178
2026-05-23T01:22:23.429,343739,813,0.655,0.976,1.428,24.96,5000,54.91,1,58.29,0.312,16,0.879,0.0,178
2026-05-23T01:22:23.545,343844,1132,0.912,1.359,2.576,24.96,5000,54.91,1,58.29,0.312,16,0.879,0.0,178
2026-05-23T01:22:23.670,343949,1331,1.073,1.598,3.293,24.96,5000,54.91,1,58.29,0.312,16,0.879,0.0,178
2026-05-23T01:22:23.732,344054,1125,0.907,1.35,2.551,24.96,5000,54.91,1,58.29,0.312,16,0.879,0.0,178
2026-05-23T01:22:23.846,344159,697,0.562,0.837,1.01,24.96,5000,54.91,1,58.29,0.312,16,0.879,0.0,178
2026-05-23T01:22:23.947,344264,1031,0.831,1.238,2.213,24.96,5000,54.91,1,58.29,0.312,16,0.879,0.0,178
2026-05-23T01:22:24.051,344369,1326,1.069,1.592,3.275,24.96,5000,54.91,1,58.29,0.312,16,0.879,0.0,178
2026-05-23T01:22:24.202,344523,1224,0.986,1.469,2.908,24.96,5000,54.91,1,58.3,0.312,16,0.879,0.0,178
2026-05-23T01:22:24.302,344629,1297,1.045,1.557,3.17,24.96,5000,54.91,1,58.3,0.312,16,0.879,0.0,178
2026-05-23T01:22:24.403,344734,1259,1.015,1.511,3.034,24.96,5000,54.91,1,58.3,0.312,16,0.879,0.0,178
2026-05-23T01:22:24.506,344839,890,0.717,1.068,1.705,24.96,5000,54.91,1,58.3,0.312,16,0.879,0.0,178
2026-05-23T01:22:24.606,344944,916,0.738,1.1,1.799,24.96,5000,54.91,1,58.3,0.312,16,0.879,0.0,178
2026-05-23T01:22:24.721,345049,1247,1.005,1.497,2.99,24.96,5000,54.91,1,58.3,0.312,16,0.879,0.0,178
2026-05-23T01:22:24.824,345154,1300,1.048,1.56,3.181,24.96,5000,54.91,1,58.3,0.312,16,0.879,0.0,178
2026-05-23T01:22:24.927,345259,1014,0.817,1.217,2.151,24.96,5000,54.91,1,58.3,0.312,16,0.879,0.0,178
2026-05-23T01:22:25.036,345364,808,0.651,0.97,1.41,24.96,5000,54.91,1,58.3,0.312,16,0.879,0.0,178
2026-05-23T01:22:25.143,345469,1130,0.911,1.356,2.569,24.96,5000,54.91,1,58.3,0.312,16,0.879,0.0,178
2026-05-23T01:22:25.264,345571,1266,1.02,1.52,3.059,24.96,5000,54.91,1,58.29,0.312,16,0.879,0.0,178
2026-05-23T01:22:25.388,345676,1288,1.038,1.546,3.138,24.96,5000,54.91,1,58.29,0.312,16,0.879,0.0,178
2026-05-23T01:22:25.443,345781,981,0.791,1.178,2.033,24.96,5000,54.91,1,58.29,0.312,16,0.879,0.0,178
2026-05-23T01:22:25.557,345886,867,0.699,1.041,1.622,24.96,5000,54.91,1,58.29,0.312,16,0.879,0.0,178
2026-05-23T01:22:25.666,345991,1166,0.94,1.4,2.699,24.96,5000,54.91,1,58.29,0.312,16,0.879,0.0,178
2026-05-23T01:22:25.780,346096,1321,1.065,1.586,3.257,24.96,5000,54.91,1,58.29,0.312,16,0.879,0.0,178
2026-05-23T01:22:25.886,346201,1093,0.881,1.312,2.436,24.96,5000,54.91,1,58.29,0.312,16,0.879,0.0,178
2026-05-23T01:22:26.011,346306,690,0.556,0.828,0.985,24.96,5000,54.91,1,58.29,0.312,16,0.879,0.0,178
2026-05-23T01:22:26.074,346411,1061,0.855,1.274,2.321,24.96,5000,54.91,1,58.29,0.312,16,0.879,0.0,178
2026-05-23T01:22:26.247,346553,1275,1.027,1.53,3.091,24.96,5000,54.91,1,58.28,0.312,16,0.879,0.0,178
2026-05-23T01:22:26.370,346658,1311,1.056,1.574,3.221,24.96,5000,54.91,1,58.28,0.312,16,0.879,0.0,178
2026-05-23T01:22:26.425,346763,1075,0.866,1.29,2.371,24.96,5000,54.91,1,58.28,0.312,16,0.879,0.0,178
2026-05-23T01:22:26.533,346868,689,0.555,0.827,0.981,24.96,5000,54.91,1,58.28,0.312,16,0.879,0.0,178
2026-05-23T01:22:26.650,346973,1079,0.87,1.295,2.385,24.96,5000,54.91,1,58.28,0.312,16,0.879,0.0,178
2026-05-23T01:22:26.763,347078,1313,1.058,1.576,3.228,24.96,5000,54.91,1,58.28,0.312,16,0.879,0.0,178
2026-05-23T01:22:26.884,347183,1179,0.95,1.415,2.746,24.96,5000,54.91,1,58.28,0.312,16,0.879,0.0,178
2026-05-23T01:22:26.946,347288,751,0.605,0.901,1.204,24.96,5000,54.91,1,58.28,0.312,16,0.879,0.0,178
2026-05-23T01:22:27.070,347393,971,0.782,1.166,1.997,24.96,5000,54.91,1,58.28,0.312,16,0.879,0.0,178
2026-05-23T01:22:27.256,347557,1291,1.04,1.55,3.149,24.96,5000,54.91,1,58.28,0.312,16,0.879,0.0,178
2026-05-23T01:22:27.318,347663,1256,1.012,1.508,3.023,24.96,5000,54.91,1,58.28,0.312,16,0.879,0.0,178
2026-05-23T01:22:27.426,347768,909,0.733,1.091,1.773,24.96,5000,54.91,1,58.28,0.312,16,0.879,0.0,178
2026-05-23T01:22:27.550,347873,919,0.741,1.103,1.809,24.96,5000,54.91,1,58.28,0.312,16,0.879,0.0,178
2026-05-23T01:22:27.677,347978,1231,0.992,1.478,2.933,24.96,5000,54.91,1,58.28,0.312,16,0.879,0.0,178
2026-05-23T01:22:27.739,348083,1307,1.053,1.569,3.206,24.96,5000,54.91,1,58.28,0.312,16,0.879,0.0,178
2026-05-23T01:22:27.864,348188,1025,0.826,1.23,2.191,24.96,5000,54.91,1,58.28,0.312,16,0.879,0.0,178
2026-05-23T01:22:27.976,348293,787,0.634,0.945,1.334,24.96,5000,54.91,1,58.28,0.312,16,0.879,0.0,178
2026-05-23T01:22:28.077,348398,1122,0.904,1.347,2.54,24.96,5000,54.91,1,58.28,0.312,16,0.879,0.0,178
2026-05-23T01:22:28.239,348562,1321,1.065,1.586,3.257,24.96,5000,54.91,1,58.24,0.311,16,0.883,0.0,178
2026-05-23T01:22:28.341,348667,1220,0.983,1.464,2.893,24.96,5000,54.91,1,58.24,0.311,16,0.883,0.0,178
2026-05-23T01:22:28.453,348772,811,0.654,0.973,1.42,24.96,5000,54.91,1,58.24,0.311,16,0.883,0.0,178
2026-05-23T01:22:28.557,348877,934,0.753,1.121,1.863,24.96,5000,54.91,1,58.24,0.311,16,0.883,0.0,178
2026-05-23T01:22:28.672,348982,1274,1.027,1.529,3.088,24.96,5000,54.91,1,58.24,0.311,16,0.883,0.0,178
2026-05-23T01:22:28.781,349087,1267,1.021,1.521,3.062,24.96,5000,54.91,1,58.24,0.311,16,0.883,0.0,178
2026-05-23T01:22:28.842,349192,958,0.772,1.15,1.95,24.96,5000,54.91,1,58.24,0.311,16,0.883,0.0,178
2026-05-23T01:22:28.963,349297,830,0.669,0.996,1.489,29.99,5000,65.98,1,58.24,0.311,16,0.883,0.0,178
2026-05-23T01:22:29.064,349402,1134,0.914,1.361,2.584,29.99,5000,65.98,1,58.24,0.311,16,0.883,0.0,178
2026-05-23T01:22:29.215,349556,1266,1.02,1.52,3.059,29.99,5000,65.98,1,58.27,0.312,16,0.88,0.0,178
2026-05-23T01:22:29.316,349662,1071,0.863,1.286,2.357,29.99,5000,65.98,1,58.27,0.312,16,0.88,0.0,178
2026-05-23T01:22:29.420,349767,1272,1.025,1.527,3.08,29.99,5000,65.98,1,58.27,0.312,16,0.88,0.0,178
2026-05-23T01:22:29.545,349872,1118,0.901,1.342,2.526,29.99,5000,65.98,1,58.27,0.312,16,0.88,0.0,178
2026-05-23T01:22:29.670,349977,707,0.57,0.849,1.046,29.99,5000,65.98,1,58.27,0.312,16,0.88,0.0,178
2026-05-23T01:22:29.732,350082,959,0.773,1.151,1.953,29.99,5000,65.98,1,58.27,0.312,16,0.88,0.0,178
2026-05-23T01:22:29.858,350187,1259,1.015,1.511,3.034,29.99,5000,65.98,1,58.27,0.312,16,0.88,0.0,178
2026-05-23T01:22:29.983,350292,1211,0.976,1.454,2.861,29.99,5000,65.98,1,58.27,0.312,16,0.88,0.0,178
2026-05-23T01:22:30.043,350397,816,0.658,0.979,1.438,29.99,5000,65.98,1,58.27,0.312,16,0.88,0.0,178
2026-05-23T01:22:30.152,350502,888,0.716,1.066,1.698,29.99,5000,65.98,1,58.27,0.312,16,0.88,0.0,178
2026-05-23T01:22:30.279,350604,977,0.787,1.173,2.018,29.99,5000,65.98,1,69.55,0.382,24,0.903,0.0,178
2026-05-23T01:22:30.402,350709,1270,1.023,1.524,3.073,29.99,5000,65.98,1,69.55,0.382,24,0.903,0.0,178
2026-05-23T01:22:30.465,350814,1200,0.967,1.44,2.821,29.99,5000,65.98,1,69.55,0.382,24,0.903,0.0,178
2026-05-23T01:22:30.590,350919,795,0.641,0.954,1.363,29.99,5000,65.98,1,69.55,0.382,24,0.903,0.0,178
2026-05-23T01:22:30.716,351024,896,0.722,1.075,1.726,29.99,5000,65.98,1,69.55,0.382,24,0.903,0.0,178
2026-05-23T01:22:30.777,351129,1235,0.995,1.482,2.947,29.99,5000,65.98,1,69.55,0.382,24,0.903,0.0,178
2026-05-23T01:22:30.904,351234,1238,0.998,1.486,2.958,29.99,5000,65.98,1,69.55,0.382,24,0.903,0.0,178
2026-05-23T01:22:31.028,351339,934,0.753,1.121,1.863,29.99,5000,65.98,1,69.55,0.382,24,0.903,0.0,178
2026-05-23T01:22:31.092,351444,842,0.679,1.011,1.532,29.99,5000,65.98,1,69.55,0.382,24,0.903,0.0,178
2026-05-23T01:22:31.279,351586,976,0.787,1.172,2.015,29.99,5000,65.98,1,69.55,0.382,24,0.903,0.0,178
2026-05-23T01:22:31.343,351691,1234,0.994,1.481,2.944,29.99,5000,65.98,1,69.55,0.382,24,0.903,0.0,178
2026-05-23T01:22:31.469,351796,1251,1.008,1.502,3.005,29.99,5000,65.98,1,69.55,0.382,24,0.903,0.0,178
2026-05-23T01:22:31.594,351901,925,0.745,1.11,1.831,29.99,5000,65.98,1,69.55,0.382,24,0.903,0.0,178
2026-05-23T01:22:31.657,352006,846,0.682,1.015,1.546,29.99,5000,65.98,1,69.55,0.382,24,0.903,0.0,178
2026-05-23T01:22:31.783,352111,1143,0.921,1.372,2.616,29.99,5000,65.98,1,69.55,0.382,24,0.903,0.0,178
2026-05-23T01:22:31.908,352216,1269,1.023,1.523,3.07,29.99,5000,65.98,1,69.55,0.382,24,0.903,0.0,178
2026-05-23T01:22:31.971,352321,1046,0.843,1.256,2.267,29.99,5000,65.98,1,69.55,0.382,24,0.903,0.0,178
2026-05-23T01:22:32.094,352426,691,0.557,0.829,0.988,29.99,5000,65.98,1,69.55,0.382,24,0.903,0.0,178
2026-05-23T01:22:32.218,352580,1031,0.831,1.238,2.213,29.99,5000,65.98,1,69.55,0.381,24,0.905,0.0,178
2026-05-23T01:22:32.344,352686,704,0.567,0.845,1.035,29.99,5000,65.98,1,69.55,0.381,24,0.905,0.0,178
2026-05-23T01:22:32.469,352791,959,0.773,1.151,1.953,29.99,5000,65.98,1,69.55,0.381,24,0.905,0.0,178
2026-05-23T01:22:32.529,352896,1281,1.032,1.538,3.113,29.99,5000,65.98,1,69.55,0.381,24,0.905,0.0,178
2026-05-23T01:22:32.653,353001,1234,0.994,1.481,2.944,29.99,5000,65.98,1,69.55,0.381,24,0.905,0.0,178
2026-05-23T01:22:32.778,353106,827,0.666,0.993,1.478,29.99,5000,65.98,1,69.55,0.381,24,0.905,0.0,178
2026-05-23T01:22:32.901,353211,906,0.73,1.087,1.762,29.99,5000,65.98,1,69.55,0.381,24,0.905,0.0,178
2026-05-23T01:22:32.965,353316,1246,1.004,1.496,2.987,29.99,5000,65.98,1,69.55,0.381,24,0.905,0.0,178
2026-05-23T01:22:33.091,353421,1266,1.02,1.52,3.059,29.99,5000,65.98,1,69.55,0.381,24,0.905,0.0,178
2026-05-23T01:22:33.214,353526,975,0.786,1.17,2.011,29.99,5000,65.98,1,69.55,0.381,24,0.905,0.0,178
2026-05-23T01:22:33.279,353628,810,0.653,0.972,1.417,29.99,5000,65.98,1,69.59,0.382,24,0.902,0.0,178
2026-05-23T01:22:33.400,353733,911,0.734,1.094,1.781,29.99,5000,65.98,1,69.59,0.382,24,0.902,0.0,178
2026-05-23T01:22:33.525,353838,1264,1.019,1.517,3.052,29.99,5000,65.98,1,69.59,0.382,24,0.902,0.0,178
2026-05-23T01:22:33.588,353943,1274,1.027,1.529,3.088,29.99,5000,65.98,1,69.59,0.382,24,0.902,0.0,178
2026-05-23T01:22:33.713,354048,952,0.767,1.143,1.928,29.99,5000,65.98,1,69.59,0.382,24,0.902,0.0,178
2026-05-23T01:22:33.839,354153,843,0.679,1.012,1.536,29.99,5000,65.98,1,69.59,0.382,24,0.902,0.0,178
2026-05-23T01:22:33.899,354258,1144,0.922,1.373,2.62,29.99,5000,65.98,1,69.59,0.382,24,0.902,0.0,178
2026-05-23T01:22:34.026,354363,1303,1.05,1.564,3.192,29.99,5000,65.98,1,69.59,0.382,24,0.902,0.0,178
2026-05-23T01:22:34.151,354468,1081,0.871,1.298,2.393,29.99,5000,65.98,1,69.59,0.382,24,0.902,0.0,178
2026-05-23T01:22:34.274,354610,815,0.657,0.978,1.435,29.99,5000,65.98,1,69.57,0.382,24,0.903,0.0,178
2026-05-23T01:22:34.397,354715,853,0.687,1.024,1.572,29.99,5000,65.98,1,69.57,0.382,24,0.903,0.0,178
2026-05-23T01:22:34.460,354820,1142,0.92,1.371,2.612,29.99,5000,65.98,1,69.57,0.382,24,0.903,0.0,178
2026-05-23T01:22:34.587,354925,1300,1.048,1.56,3.181,29.99,5000,65.98,1,69.57,0.382,24,0.903,0.0,178
2026-05-23T01:22:34.709,355030,1068,0.861,1.282,2.346,29.99,5000,65.98,1,69.57,0.382,24,0.903,0.0,178
2026-05-23T01:22:34.770,355135,678,0.546,0.814,0.941,29.99,5000,65.98,1,69.57,0.382,24,0.903,0.0,178
2026-05-23T01:22:34.894,355240,1030,0.83,1.236,2.209,29.99,5000,65.98,1,69.57,0.382,24,0.903,0.0,178
2026-05-23T01:22:35.018,355345,1297,1.045,1.557,3.17,29.99,5000,65.98,1,69.57,0.382,24,0.903,0.0,178
2026-05-23T01:22:35.081,355450,1195,0.963,1.434,2.803,29.99,5000,65.98,1,69.57,0.382,24,0.903,0.0,178
2026-05-23T01:22:35.269,355604,767,0.618,0.921,1.262,29.99,5000,65.98,1,69.57,0.381,24,0.905,0.0,178
2026-05-23T01:22:35.393,355710,1239,0.998,1.487,2.962,29.99,5000,65.98,1,69.57,0.381,24,0.905,0.0,178
2026-05-23T01:22:35.454,355815,859,0.692,1.031,1.593,29.99,5000,65.98,1,69.57,0.381,24,0.905,0.0,178
2026-05-23T01:22:35.578,355920,903,0.728,1.084,1.752,29.99,5000,65.98,1,69.57,0.381,24,0.905,0.0,178
2026-05-23T01:22:35.702,356025,1225,0.987,1.47,2.911,29.99,5000,65.98,1,69.57,0.381,24,0.905,0.0,178
2026-05-23T01:22:35.763,356130,1287,1.037,1.545,3.134,29.99,5000,65.98,1,69.57,0.381,24,0.905,0.0,178
2026-05-23T01:22:35.887,356235,990,0.798,1.188,2.065,29.99,5000,65.98,1,69.57,0.381,24,0.905,0.0,178
2026-05-23T01:22:36.013,356340,803,0.647,0.964,1.392,29.99,5000,65.98,1,69.57,0.381,24,0.905,0.0,178
2026-05-23T01:22:36.075,356445,1090,0.878,1.308,2.425,29.99,5000,65.98,1,69.57,0.381,24,0.905,0.0,178
2026-05-23T01:22:36.200,356550,1298,1.046,1.558,3.174,29.99,5000,65.98,1,69.57,0.381,24,0.905,0.0,178
2026-05-23T01:22:36.324,356652,1257,1.013,1.509,3.026,29.99,5000,65.98,1,69.6,0.382,24,0.902,0.0,178
2026-05-23T01:22:36.386,356757,973,0.784,1.168,2.004,29.99,5000,65.98,1,69.6,0.382,24,0.902,0.0,178
2026-05-23T01:22:36.499,356862,806,0.65,0.967,1.402,29.99,5000,65.98,1,69.6,0.382,24,0.902,0.0,178
2026-05-23T01:22:36.608,356967,1091,0.879,1.31,2.429,29.99,5000,65.98,1,69.6,0.382,24,0.902,0.0,178
2026-05-23T01:22:36.717,357072,1268,1.022,1.522,3.066,29.99,5000,65.98,1,69.6,0.382,24,0.902,0.0,178
2026-05-23T01:22:36.827,357177,1096,0.883,1.316,2.447,29.99,5000,65.98,1,69.6,0.382,24,0.902,0.0,178
2026-05-23T01:22:36.939,357282,670,0.54,0.804,0.913,29.99,5000,65.98,1,69.6,0.382,24,0.902,0.0,178
2026-05-23T01:22:37.046,357387,962,0.775,1.155,1.964,29.99,5000,65.98,1,69.6,0.382,24,0.902,0.0,178
2026-05-23T01:22:37.155,357492,1261,1.016,1.514,3.041,29.99,5000,65.98,1,69.6,0.382,24,0.902,0.0,178
2026-05-23T01:22:37.259,357634,1253,1.01,1.504,3.012,29.99,5000,65.98,1,69.59,0.381,24,0.905,0.0,178
2026-05-23T01:22:37.368,357739,1081,0.871,1.298,2.393,29.99,5000,65.98,1,69.59,0.381,24,0.905,0.0,178
2026-05-23T01:22:37.470,357844,680,0.548,0.816,0.949,29.99,5000,65.98,1,69.59,0.381,24,0.905,0.0,178
2026-05-23T01:22:37.576,357949,967,0.779,1.161,1.982,29.99,5000,65.98,1,69.59,0.381,24,0.905,0.0,178
2026-05-23T01:22:37.677,358054,1264,1.019,1.517,3.052,29.99,5000,65.98,1,69.59,0.381,24,0.905,0.0,178
2026-05-23T01:22:37.791,358159,1200,0.967,1.44,2.821,29.99,5000,65.98,1,69.59,0.381,24,0.905,0.0,178
2026-05-23T01:22:37.896,358264,795,0.641,0.954,1.363,29.99,5000,65.98,1,69.59,0.381,24,0.905,0.0,178
2026-05-23T01:22:38.001,358369,883,0.712,1.06,1.68,29.99,5000,65.98,1,69.59,0.381,24,0.905,0.0,178
2026-05-23T01:22:38.105,358474,1221,0.984,1.466,2.897,29.99,5000,65.98,1,69.59,0.381,24,0.905,0.0,178
2026-05-23T01:22:38.260,358628,1241,1.0,1.49,2.969,29.99,5000,65.98,1,69.59,0.381,24,0.905,0.0,178
2026-05-23T01:22:38.367,358734,1147,0.924,1.377,2.63,29.99,5000,65.98,1,69.59,0.381,24,0.905,0.0,178
2026-05-23T01:22:38.481,358839,1261,1.016,1.514,3.041,29.99,5000,65.98,1,69.59,0.381,24,0.905,0.0,178
2026-05-23T01:22:38.587,358944,1024,0.825,1.229,2.187,29.99,5000,65.98,1,69.59,0.381,24,0.905,0.0,178
2026-05-23T01:22:38.696,359049,713,0.575,0.856,1.068,29.99,5000,65.98,1,69.59,0.381,24,0.905,0.0,178
2026-05-23T01:22:38.803,359154,1032,0.832,1.239,2.216,29.99,5000,65.98,1,69.59,0.381,24,0.905,0.0,178
2026-05-23T01:22:38.913,359259,1272,1.025,1.527,3.08,29.99,5000,65.98,1,69.59,0.381,24,0.905,0.0,178
2026-05-23T01:22:39.023,359364,1143,0.921,1.372,2.616,29.99,5000,65.98,1,69.59,0.381,24,0.905,0.0,178
2026-05-23T01:22:39.084,359469,734,0.592,0.881,1.143,29.99,5000,65.98,1,69.59,0.381,24,0.905,0.0,178
2026-05-23T01:22:39.210,359574,917,0.739,1.101,1.802,29.99,5000,65.98,1,69.59,0.381,24,0.905,0.0,178
2026-05-23T01:22:39.334,359676,1045,0.842,1.254,2.263,29.99,5000,65.98,1,69.51,0.381,24,0.906,0.0,178
2026-05-23T01:22:39.393,359781,1273,1.026,1.528,3.084,29.99,5000,65.98,1,69.51,0.381,24,0.906,0.0,178
2026-05-23T01:22:39.500,359886,1127,0.908,1.353,2.558,29.99,5000,65.98,1,69.51,0.381,24,0.906,0.0,178
2026-05-23T01:22:39.616,359991,707,0.57,0.849,1.046,29.99,5000,65.98,1,69.51,0.381,24,0.906,0.0,178
2026-05-23T01:22:39.741,360096,927,0.747,1.113,1.838,29.99,5000,65.98,1,69.51,0.381,24,0.906,0.0,178
2026-05-23T01:22:39.865,360201,1250,1.007,1.5,3.001,29.99,5000,65.98,1,69.51,0.381,24,0.906,0.0,178
2026-05-23T01:22:39.928,360306,1224,0.986,1.469,2.908,29.99,5000,65.98,1,69.51,0.381,24,0.906,0.0,178
2026-05-23T01:22:40.053,360411,854,0.688,1.025,1.575,29.99,5000,65.98,1,69.51,0.381,24,0.906,0.0,178
2026-05-23T01:22:40.178,360516,871,0.702,1.045,1.636,29.99,5000,65.98,1,69.51,0.381,24,0.906,0.0,178
2026-05-23T01:22:40.302,360658,1024,0.825,1.229,2.187,29.99,5000,65.98,1,69.61,0.381,24,0.904,0.0,178
2026-05-23T01:22:40.426,360763,1257,1.013,1.509,3.026,29.99,5000,65.98,1,69.61,0.381,24,0.904,0.0,178
2026-05-23T01:22:40.488,360868,1216,0.98,1.46,2.879,29.99,5000,65.98,1,69.61,0.381,24,0.904,0.0,178
2026-05-23T01:22:40.613,360973,857,0.691,1.029,1.586,29.99,5000,65.98,1,69.61,0.381,24,0.904,0.0,178
2026-05-23T01:22:40.729,361078,869,0.7,1.043,1.629,29.99,5000,65.98,1,69.61,0.381,24,0.904,0.0,178
2026-05-23T01:22:40.845,361183,1186,0.956,1.424,2.771,29.99,5000,65.98,1,69.61,0.381,24,0.904,0.0,178
2026-05-23T01:22:40.907,361288,1246,1.004,1.496,2.987,29.99,5000,65.98,1,69.61,0.381,24,0.904,0.0,178
2026-05-23T01:22:41.017,361393,997,0.803,1.197,2.09,29.99,5000,65.98,1,69.61,0.381,24,0.904,0.0,178
2026-05-23T01:22:41.142,361498,775,0.625,0.93,1.291,29.99,5000,65.98,1,69.61,0.381,24,0.904,0.0,178
2026-05-23T01:22:41.266,361652,1061,0.855,1.274,2.321,29.99,5000,65.98,1,69.56,0.381,24,0.905,0.0,178
2026-05-23T01:22:41.380,361758,661,0.533,0.793,0.88,29.99,5000,65.98,1,69.56,0.381,24,0.905,0.0,178
2026-05-23T01:22:41.481,361863,979,0.789,1.175,2.025,29.99,5000,65.98,1,69.56,0.381,24,0.905,0.0,178
2026-05-23T01:22:41.596,361968,1262,1.017,1.515,3.044,29.99,5000,65.98,1,69.56,0.381,24,0.905,0.0,178
2026-05-23T01:22:41.712,362073,1181,0.952,1.418,2.753,29.99,5000,65.98,1,69.56,0.381,24,0.905,0.0,178
2026-05-23T01:22:41.814,362178,768,0.619,0.922,1.266,29.99,5000,65.98,1,69.56,0.381,24,0.905,0.0,178
2026-05-23T01:22:41.922,362283,885,0.713,1.062,1.687,29.99,5000,65.98,1,69.56,0.381,24,0.905,0.0,178
2026-05-23T01:22:42.046,362388,1224,0.986,1.469,2.908,29.99,5000,65.98,1,69.56,0.381,24,0.905,0.0,178
2026-05-23T01:22:42.097,362493,1235,0.995,1.482,2.947,29.99,5000,65.98,1,69.56,0.381,24,0.905,0.0,178
2026-05-23T01:22:42.198,362598,905,0.729,1.086,1.759,35.02,5000,77.04,1,69.56,0.381,24,0.905,0.0,178
2026-05-23T01:22:42.299,362700,741,0.597,0.889,1.168,35.02,5000,77.04,1,69.52,0.38,24,0.908,0.0,178
2026-05-23T01:22:42.450,362805,877,0.707,1.053,1.658,35.02,5000,77.04,1,69.52,0.38,24,0.908,0.0,178
2026-05-23T01:22:42.514,362910,1219,0.982,1.463,2.89,35.02,5000,77.04,1,69.52,0.38,24,0.908,0.0,178
2026-05-23T01:22:42.624,363015,1219,0.982,1.463,2.89,35.02,5000,77.04,1,69.52,0.38,24,0.908,0.0,178
2026-05-23T01:22:42.733,363120,898,0.724,1.078,1.734,35.02,5000,77.04,1,69.52,0.38,24,0.908,0.0,178
2026-05-23T01:22:42.857,363225,824,0.664,0.989,1.467,35.02,5000,77.04,1,69.52,0.38,24,0.908,0.0,178
2026-05-23T01:22:42.982,363330,1136,0.915,1.364,2.591,35.02,5000,77.04,1,69.52,0.38,24,0.908,0.0,178
2026-05-23T01:22:43.044,363435,1245,1.003,1.494,2.983,35.02,5000,77.04,1,69.52,0.38,24,0.908,0.0,178
2026-05-23T01:22:43.171,363540,1020,0.822,1.224,2.173,35.02,5000,77.04,1,69.52,0.38,24,0.908,0.0,178
2026-05-23T01:22:43.277,363682,776,0.625,0.931,1.294,35.02,5000,77.04,1,80.59,0.45,33,0.909,0.0,178
2026-05-23T01:22:43.403,363787,831,0.67,0.997,1.492,35.02,5000,77.04,1,80.59,0.45,33,0.909,0.0,178
2026-05-23T01:22:43.526,363892,1137,0.916,1.365,2.594,35.02,5000,77.04,1,80.59,0.45,33,0.909,0.0,178
2026-05-23T01:22:43.651,363997,1245,1.003,1.494,2.983,35.02,5000,77.04,1,80.59,0.45,33,0.909,0.0,178
2026-05-23T01:22:43.708,364102,1018,0.82,1.222,2.166,35.02,5000,77.04,1,80.59,0.45,33,0.909,0.0,178
2026-05-23T01:22:43.821,364207,711,0.573,0.853,1.06,35.02,5000,77.04,1,80.59,0.45,33,0.909,0.0,178
2026-05-23T01:22:43.933,364312,1012,0.816,1.215,2.144,35.02,5000,77.04,1,80.59,0.45,33,0.909,0.0,178
2026-05-23T01:22:44.060,364417,1253,1.01,1.504,3.012,35.02,5000,77.04,1,80.59,0.45,33,0.909,0.0,178
2026-05-23T01:22:44.121,364522,1129,0.91,1.355,2.566,35.02,5000,77.04,1,80.59,0.45,33,0.909,0.0,178
2026-05-23T01:22:44.291,364676,722,0.582,0.867,1.1,35.02,5000,77.04,1,80.71,0.451,33,0.906,0.0,178
2026-05-23T01:22:44.415,364782,1188,0.957,1.426,2.778,35.02,5000,77.04,1,80.71,0.451,33,0.906,0.0,178
2026-05-23T01:22:44.479,364887,797,0.642,0.957,1.37,35.02,5000,77.04,1,80.71,0.451,33,0.906,0.0,178
2026-05-23T01:22:44.608,364992,855,0.689,1.026,1.579,35.02,5000,77.04,1,80.71,0.451,33,0.906,0.0,178
2026-05-23T01:22:44.729,365097,1209,0.974,1.451,2.854,35.02,5000,77.04,1,80.71,0.451,33,0.906,0.0,178
2026-05-23T01:22:44.791,365202,1233,0.994,1.48,2.94,35.02,5000,77.04,1,80.71,0.451,33,0.906,0.0,178
2026-05-23T01:22:44.916,365307,937,0.755,1.125,1.874,35.02,5000,77.04,1,80.71,0.451,33,0.906,0.0,178
2026-05-23T01:22:45.040,365412,812,0.654,0.975,1.424,35.02,5000,77.04,1,80.71,0.451,33,0.906,0.0,178
2026-05-23T01:22:45.164,365517,1098,0.885,1.318,2.454,35.02,5000,77.04,1,80.71,0.451,33,0.906,0.0,178
2026-05-23T01:22:45.225,365622,1281,1.032,1.538,3.113,35.02,5000,77.04,1,80.71,0.451,33,0.906,0.0,178
2026-05-23T01:22:45.351,365724,1249,1.007,1.499,2.998,35.02,5000,77.04,1,80.66,0.45,33,0.909,0.0,178
2026-05-23T01:22:45.477,365829,927,0.747,1.113,1.838,35.02,5000,77.04,1,80.66,0.45,33,0.909,0.0,178
2026-05-23T01:22:45.540,365934,838,0.675,1.006,1.518,35.02,5000,77.04,1,80.66,0.45,33,0.909,0.0,178
2026-05-23T01:22:45.657,366039,1135,0.915,1.362,2.587,35.02,5000,77.04,1,80.66,0.45,33,0.909,0.0,178
2026-05-23T01:22:45.773,366144,1286,1.036,1.544,3.131,35.02,5000,77.04,1,80.66,0.45,33,0.909,0.0,178
2026-05-23T01:22:45.834,366249,1054,0.849,1.265,2.295,35.02,5000,77.04,1,80.66,0.45,33,0.909,0.0,178
2026-05-23T01:22:45.944,366354,680,0.548,0.816,0.949,35.02,5000,77.04,1,80.66,0.45,33,0.909,0.0,178
2026-05-23T01:22:46.064,366459,1015,0.818,1.218,2.155,35.02,5000,77.04,1,80.66,0.45,33,0.909,0.0,178
2026-05-23T01:22:46.178,366564,1296,1.044,1.556,3.167,35.02,5000,77.04,1,80.66,0.45,33,0.909,0.0,178
2026-05-23T01:22:46.301,366706,1254,1.011,1.505,3.016,35.02,5000,77.04,1,80.66,0.45,33,0.909,0.0,178
2026-05-23T01:22:46.426,366811,1050,0.846,1.26,2.281,35.02,5000,77.04,1,80.66,0.45,33,0.909,0.0,178
2026-05-23T01:22:46.551,366916,704,0.567,0.845,1.035,35.02,5000,77.04,1,80.66,0.45,33,0.909,0.0,178
2026-05-23T01:22:46.614,367021,1037,0.836,1.245,2.234,35.02,5000,77.04,1,80.66,0.45,33,0.909,0.0,178
2026-05-23T01:22:46.736,367126,1293,1.042,1.552,3.156,35.02,5000,77.04,1,80.66,0.45,33,0.909,0.0,178
2026-05-23T01:22:46.864,367231,1169,0.942,1.403,2.71,35.02,5000,77.04,1,80.66,0.45,33,0.909,0.0,178
2026-05-23T01:22:46.925,367336,737,0.594,0.885,1.154,35.02,5000,77.04,1,80.66,0.45,33,0.909,0.0,178
2026-05-23T01:22:47.049,367441,906,0.73,1.087,1.762,35.02,5000,77.04,1,80.66,0.45,33,0.909,0.0,178
2026-05-23T01:22:47.174,367546,1238,0.998,1.486,2.958,35.02,5000,77.04,1,80.66,0.45,33,0.909,0.0,178
2026-05-23T01:22:47.295,367700,1218,0.982,1.462,2.886,35.02,5000,77.04,1,80.64,0.45,33,0.909,0.0,178
2026-05-23T01:22:47.408,367806,1201,0.968,1.442,2.825,35.02,5000,77.04,1,80.64,0.45,33,0.909,0.0,178
2026-05-23T01:22:47.509,367911,1236,0.996,1.484,2.951,35.02,5000,77.04,1,80.64,0.45,33,0.909,0.0,178
2026-05-23T01:22:47.612,368016,950,0.766,1.14,1.921,35.02,5000,77.04,1,80.64,0.45,33,0.909,0.0,178
2026-05-23T01:22:47.717,368121,811,0.654,0.973,1.42,35.02,5000,77.04,1,80.64,0.45,33,0.909,0.0,178
2026-05-23T01:22:47.822,368226,1085,0.874,1.302,2.407,35.02,5000,77.04,1,80.64,0.45,33,0.909,0.0,178
2026-05-23T01:22:47.934,368331,1258,1.014,1.51,3.03,35.02,5000,77.04,1,80.64,0.45,33,0.909,0.0,178
2026-05-23T01:22:48.042,368436,1069,0.861,1.283,2.349,35.02,5000,77.04,1,80.64,0.45,33,0.909,0.0,178
2026-05-23T01:22:48.167,368541,667,0.538,0.801,0.902,35.02,5000,77.04,1,80.64,0.45,33,0.909,0.0,178
2026-05-23T01:22:48.225,368646,974,0.785,1.169,2.007,35.02,5000,77.04,1,80.64,0.45,33,0.909,0.0,178
2026-05-23T01:22:48.337,368748,1105,0.89,1.326,2.479,35.02,5000,77.04,1,80.65,0.45,33,0.909,0.0,178
2026-05-23T01:22:48.452,368853,1249,1.007,1.499,2.998,35.02,5000,77.04,1,80.65,0.45,33,0.909,0.0,178
2026-05-23T01:22:48.555,368958,1045,0.842,1.254,2.263,35.02,5000,77.04,1,80.65,0.45,33,0.909,0.0,178
2026-05-23T01:22:48.665,369063,684,0.551,0.821,0.963,35.02,5000,77.04,1,80.65,0.45,33,0.909,0.0,178
2026-05-23T01:22:48.775,369168,995,0.802,1.194,2.083,35.02,5000,77.04,1,80.65,0.45,33,0.909,0.0,178
2026-05-23T01:22:48.894,369273,1258,1.014,1.51,3.03,35.02,5000,77.04,1,80.65,0.45,33,0.909,0.0,178
2026-05-23T01:22:49.004,369378,1145,0.923,1.374,2.623,35.02,5000,77.04,1,80.65,0.45,33,0.909,0.0,178
2026-05-23T01:22:49.063,369483,734,0.592,0.881,1.143,35.02,5000,77.04,1,80.65,0.45,33,0.909,0.0,178
2026-05-23T01:22:49.191,369588,903,0.728,1.084,1.752,35.02,5000,77.04,1,80.65,0.45,33,0.909,0.0,178
2026-05-23T01:22:49.314,369730,1109,0.894,1.331,2.493,35.02,5000,77.04,1,80.66,0.45,33,0.909,0.0,178
2026-05-23T01:22:49.439,369835,1264,1.019,1.517,3.052,35.02,5000,77.04,1,80.66,0.45,33,0.909,0.0,178
2026-05-23T01:22:49.564,369940,1134,0.914,1.361,2.584,35.02,5000,77.04,1,80.66,0.45,33,0.909,0.0,178
2026-05-23T01:22:49.624,370045,714,0.575,0.857,1.071,35.02,5000,77.04,1,80.66,0.45,33,0.909,0.0,178
2026-05-23T01:22:49.751,370150,914,0.737,1.097,1.791,35.02,5000,77.04,1,80.66,0.45,33,0.909,0.0,178
2026-05-23T01:22:49.875,370255,1230,0.991,1.476,2.929,35.02,5000,77.04,1,80.66,0.45,33,0.909,0.0,178
2026-05-23T01:22:49.937,370360,1208,0.973,1.45,2.85,35.02,5000,77.04,1,80.66,0.45,33,0.909,0.0,178
2026-05-23T01:22:50.061,370465,848,0.683,1.018,1.554,35.02,5000,77.04,1,80.66,0.45,33,0.909,0.0,178
2026-05-23T01:22:50.188,370570,848,0.683,1.018,1.554,35.02,5000,77.04,1,80.66,0.45,33,0.909,0.0,178
2026-05-23T01:22:50.312,370724,1189,0.958,1.427,2.782,35.02,5000,77.04,1,80.67,0.45,33,0.909,0.0,178
2026-05-23T01:22:50.436,370830,826,0.666,0.991,1.474,35.02,5000,77.04,1,80.67,0.45,33,0.909,0.0,178
2026-05-23T01:22:50.560,370935,1110,0.895,1.332,2.497,35.02,5000,77.04,1,80.67,0.45,33,0.909,0.0,178
2026-05-23T01:22:50.621,371040,1254,1.011,1.505,3.016,35.02,5000,77.04,1,80.67,0.45,33,0.909,0.0,178
2026-05-23T01:22:50.746,371145,1035,0.834,1.242,2.227,35.02,5000,77.04,1,80.67,0.45,33,0.909,0.0,178
2026-05-23T01:22:50.872,371250,694,0.559,0.833,0.999,35.02,5000,77.04,1,80.67,0.45,33,0.909,0.0,178
2026-05-23T01:22:50.934,371355,1002,0.807,1.203,2.108,35.02,5000,77.04,1,80.67,0.45,33,0.909,0.0,178
2026-05-23T01:22:51.058,371460,1265,1.019,1.518,3.055,35.02,5000,77.04,1,80.67,0.45,33,0.909,0.0,178
2026-05-23T01:22:51.186,371565,1140,0.919,1.368,2.605,35.02,5000,77.04,1,80.67,0.45,33,0.909,0.0,178
2026-05-23T01:22:51.245,371670,726,0.585,0.871,1.114,35.02,5000,77.04,1,80.67,0.45,33,0.909,0.0,178
2026-05-23T01:22:51.371,371772,754,0.608,0.905,1.215,35.02,5000,77.04,1,80.53,0.449,33,0.912,0.0,178
2026-05-23T01:22:51.495,371877,1036,0.835,1.244,2.231,35.02,5000,77.04,1,80.53,0.449,33,0.912,0.0,178
2026-05-23T01:22:51.557,371982,1267,1.021,1.521,3.062,35.02,5000,77.04,1,80.53,0.449,33,0.912,0.0,178
2026-05-23T01:22:51.681,372087,1114,0.898,1.337,2.512,35.02,5000,77.04,1,80.53,0.449,33,0.912,0.0,178
2026-05-23T01:22:51.804,372192,695,0.56,0.834,1.003,35.02,5000,77.04,1,80.53,0.449,33,0.912,0.0,178
2026-05-23T01:22:51.866,372297,937,0.755,1.125,1.874,35.02,5000,77.04,1,80.53,0.449,33,0.912,0.0,178
2026-05-23T01:22:51.991,372402,1242,1.001,1.491,2.972,35.02,5000,77.04,1,80.53,0.449,33,0.912,0.0,178
2026-05-23T01:22:52.115,372507,1203,0.969,1.444,2.832,35.02,5000,77.04,1,80.53,0.449,33,0.912,0.0,178
2026-05-23T01:22:52.176,372612,817,0.658,0.981,1.442,35.02,5000,77.04,1,80.53,0.449,33,0.912,0.0,178
2026-05-23T01:22:52.335,372754,769,0.62,0.923,1.269,35.02,5000,77.04,1,80.69,0.45,33,0.908,0.0,178
2026-05-23T01:22:52.436,372859,948,0.764,1.138,1.914,35.02,5000,77.04,1,80.69,0.45,33,0.908,0.0,178
2026-05-23T01:22:52.551,372964,1242,1.001,1.491,2.972,35.02,5000,77.04,1,80.69,0.45,33,0.908,0.0,178
2026-05-23T01:22:52.656,373069,1183,0.953,1.42,2.76,35.02,5000,77.04,1,80.69,0.45,33,0.908,0.0,178
2026-05-23T01:22:52.769,373174,785,0.633,0.942,1.327,35.02,5000,77.04,1,80.69,0.45,33,0.908,0.0,178
2026-05-23T01:22:52.878,373279,877,0.707,1.053,1.658,35.02,5000,77.04,1,80.69,0.45,33,0.908,0.0,178
2026-05-23T01:22:53.005,373384,1219,0.982,1.463,2.89,35.02,5000,77.04,1,80.69,0.45,33,0.908,0.0,178
2026-05-23T01:22:53.058,373489,1261,1.016,1.514,3.041,40.05,5000,88.11,1,80.69,0.45,33,0.908,0.0,178
2026-05-23T01:22:53.158,373594,940,0.758,1.128,1.885,40.05,5000,88.11,1,80.69,0.45,33,0.908,0.0,178
2026-05-23T01:22:53.309,373748,868,0.699,1.042,1.626,40.05,5000,88.11,1,80.74,0.45,33,0.908,0.0,178
2026-05-23T01:22:53.419,373854,1008,0.812,1.21,2.13,40.05,5000,88.11,1,80.74,0.45,33,0.908,0.0,178
2026-05-23T01:22:53.535,373959,828,0.667,0.994,1.482,40.05,5000,88.11,1,80.74,0.45,33,0.908,0.0,178
2026-05-23T01:22:53.643,374064,1114,0.898,1.337,2.512,40.05,5000,88.11,1,80.74,0.45,33,0.908,0.0,178
2026-05-23T01:22:53.751,374169,1311,1.056,1.574,3.221,40.05,5000,88.11,1,80.74,0.45,33,0.908,0.0,178
2026-05-23T01:22:53.875,374274,1122,0.904,1.347,2.54,40.05,5000,88.11,1,80.74,0.45,33,0.908,0.0,178
2026-05-23T01:22:53.938,374379,708,0.571,0.85,1.05,40.05,5000,88.11,1,80.74,0.45,33,0.908,0.0,178
2026-05-23T01:22:54.061,374484,1012,0.816,1.215,2.144,40.05,5000,88.11,1,80.74,0.45,33,0.908,0.0,178
2026-05-23T01:22:54.180,374589,1305,1.052,1.566,3.199,40.05,5000,88.11,1,80.74,0.45,33,0.908,0.0,178
2026-05-23T01:22:54.295,374694,1208,0.973,1.45,2.85,40.05,5000,88.11,1,80.74,0.45,33,0.908,0.0,178
2026-05-23T01:22:54.357,374796,1080,0.87,1.296,2.389,40.05,5000,88.11,1,91.45,0.519,44,0.927,0.0,178
2026-05-23T01:22:54.479,374901,710,0.572,0.852,1.057,40.05,5000,88.11,1,91.45,0.519,44,0.927,0.0,178
2026-05-23T01:22:54.593,375006,1045,0.842,1.254,2.263,40.05,5000,88.11,1,91.45,0.519,44,0.927,0.0,178
2026-05-23T01:22:54.717,375111,1311,1.056,1.574,3.221,40.05,5000,88.11,1,91.45,0.519,44,0.927,0.0,178
2026-05-23T01:22:54.778,375216,1183,0.953,1.42,2.76,40.05,5000,88.11,1,91.45,0.519,44,0.927,0.0,178
2026-05-23T01:22:54.903,375321,756,0.609,0.907,1.222,40.05,5000,88.11,1,91.45,0.519,44,0.927,0.0,178
2026-05-23T01:22:55.027,375426,946,0.762,1.136,1.907,40.05,5000,88.11,1,91.45,0.519,44,0.927,0.0,178
2026-05-23T01:22:55.089,375531,1292,1.041,1.551,3.152,40.05,5000,88.11,1,91.45,0.519,44,0.927,0.0,178
2026-05-23T01:22:55.214,375636,1258,1.014,1.51,3.03,40.05,5000,88.11,1,91.45,0.519,44,0.927,0.0,178
2026-05-23T01:22:55.337,375778,1067,0.86,1.281,2.342,40.05,5000,88.11,1,91.46,0.519,44,0.926,0.0,178
2026-05-23T01:22:55.464,375883,747,0.602,0.897,1.19,40.05,5000,88.11,1,91.46,0.519,44,0.926,0.0,178
2026-05-23T01:22:55.588,375988,987,0.795,1.185,2.054,40.05,5000,88.11,1,91.46,0.519,44,0.926,0.0,178
2026-05-23T01:22:55.649,376093,1318,1.062,1.582,3.246,40.05,5000,88.11,1,91.46,0.519,44,0.926,0.0,178
2026-05-23T01:22:55.774,376198,1258,1.014,1.51,3.03,40.05,5000,88.11,1,91.46,0.519,44,0.926,0.0,178
2026-05-23T01:22:55.897,376303,864,0.696,1.037,1.611,40.05,5000,88.11,1,91.46,0.519,44,0.926,0.0,178
2026-05-23T01:22:55.960,376408,922,0.743,1.107,1.82,40.05,5000,88.11,1,91.46,0.519,44,0.926,0.0,178
2026-05-23T01:22:56.085,376513,1281,1.032,1.538,3.113,40.05,5000,88.11,1,91.46,0.519,44,0.926,0.0,178
2026-05-23T01:22:56.209,376618,1303,1.05,1.564,3.192,40.05,5000,88.11,1,91.46,0.519,44,0.926,0.0,178
2026-05-23T01:22:56.379,376772,992,0.799,1.191,2.072,40.05,5000,88.11,1,91.46,0.519,44,0.926,0.0,178
2026-05-23T01:22:56.443,376878,1323,1.066,1.588,3.264,40.05,5000,88.11,1,91.46,0.519,44,0.926,0.0,178
2026-05-23T01:22:56.567,376983,1056,0.851,1.268,2.303,40.05,5000,88.11,1,91.46,0.519,44,0.926,0.0,178
2026-05-23T01:22:56.689,377088,794,0.64,0.953,1.359,40.05,5000,88.11,1,91.46,0.519,44,0.926,0.0,178
2026-05-23T01:22:56.751,377193,1109,0.894,1.331,2.493,40.05,5000,88.11,1,91.46,0.519,44,0.926,0.0,178
2026-05-23T01:22:56.875,377298,1339,1.079,1.607,3.322,40.05,5000,88.11,1,91.46,0.519,44,0.926,0.0,178
2026-05-23T01:22:57.000,377403,1168,0.941,1.402,2.706,40.05,5000,88.11,1,91.46,0.519,44,0.926,0.0,178
2026-05-23T01:22:57.063,377508,730,0.588,0.876,1.129,40.05,5000,88.11,1,91.46,0.519,44,0.926,0.0,178
2026-05-23T01:22:57.186,377613,1000,0.806,1.2,2.101,40.05,5000,88.11,1,91.46,0.519,44,0.926,0.0,178
2026-05-23T01:22:57.309,377718,1318,1.062,1.582,3.246,40.05,5000,88.11,1,91.46,0.519,44,0.926,0.0,178
2026-05-23T01:22:57.371,377820,1340,1.08,1.608,3.325,40.05,5000,88.11,1,91.42,0.518,44,0.929,0.0,178
2026-05-23T01:22:57.491,377925,1125,0.907,1.35,2.551,40.05,5000,88.11,1,91.42,0.518,44,0.929,0.0,178
2026-05-23T01:22:57.604,378030,714,0.575,0.857,1.071,40.05,5000,88.11,1,91.42,0.518,44,0.929,0.0,178
2026-05-23T01:22:57.730,378135,1040,0.838,1.248,2.245,40.05,5000,88.11,1,91.42,0.518,44,0.929,0.0,178
2026-05-23T01:22:57.786,378240,1323,1.066,1.588,3.264,40.05,5000,88.11,1,91.42,0.518,44,0.929,0.0,178
2026-05-23T01:22:57.899,378345,1216,0.98,1.46,2.879,40.05,5000,88.11,1,91.42,0.518,44,0.929,0.0,178
2026-05-23T01:22:58.023,378450,805,0.649,0.966,1.399,40.05,5000,88.11,1,91.42,0.518,44,0.929,0.0,178
2026-05-23T01:22:58.147,378555,932,0.751,1.119,1.856,40.05,5000,88.11,1,91.42,0.518,44,0.929,0.0,178
2026-05-23T01:22:58.201,378660,1261,1.016,1.514,3.041,40.05,5000,88.11,1,91.42,0.518,44,0.929,0.0,178
2026-05-23T01:22:58.365,378802,1304,1.051,1.565,3.196,40.05,5000,88.11,1,91.43,0.518,44,0.929,0.0,178
2026-05-23T01:22:58.468,378907,1191,0.96,1.43,2.789,40.05,5000,88.11,1,91.43,0.518,44,0.929,0.0,178
2026-05-23T01:22:58.569,379012,777,0.626,0.933,1.298,40.05,5000,88.11,1,91.43,0.518,44,0.929,0.0,178
2026-05-23T01:22:58.671,379117,940,0.758,1.128,1.885,40.05,5000,88.11,1,91.43,0.518,44,0.929,0.0,178
2026-05-23T01:22:58.772,379222,1274,1.027,1.529,3.088,40.05,5000,88.11,1,91.43,0.518,44,0.929,0.0,178
2026-05-23T01:22:58.879,379327,1240,0.999,1.488,2.965,40.05,5000,88.11,1,91.43,0.518,44,0.929,0.0,178
2026-05-23T01:22:58.981,379432,914,0.737,1.097,1.791,40.05,5000,88.11,1,91.43,0.518,44,0.929,0.0,178
2026-05-23T01:22:59.095,379537,879,0.708,1.055,1.665,40.05,5000,88.11,1,91.43,0.518,44,0.929,0.0,178
2026-05-23T01:22:59.199,379642,1217,0.981,1.461,2.882,40.05,5000,88.11,1,91.43,0.518,44,0.929,0.0,178
2026-05-23T01:22:59.352,379796,1292,1.041,1.551,3.152,40.05,5000,88.11,1,91.48,0.518,44,0.928,0.0,178
2026-05-23T01:22:59.463,379902,1143,0.921,1.372,2.616,40.05,5000,88.11,1,91.48,0.518,44,0.928,0.0,178
2026-05-23T01:22:59.579,380007,1311,1.056,1.574,3.221,40.05,5000,88.11,1,91.48,0.518,44,0.928,0.0,178
2026-05-23T01:22:59.700,380112,1080,0.87,1.296,2.389,40.05,5000,88.11,1,91.48,0.518,44,0.928,0.0,178
2026-05-23T01:22:59.765,380217,724,0.583,0.869,1.107,40.05,5000,88.11,1,91.48,0.518,44,0.928,0.0,178
2026-05-23T01:22:59.874,380322,1055,0.85,1.266,2.299,40.05,5000,88.11,1,91.48,0.518,44,0.928,0.0,178
2026-05-23T01:22:59.989,380427,1304,1.051,1.565,3.196,40.05,5000,88.11,1,91.48,0.518,44,0.928,0.0,178
2026-05-23T01:23:00.106,380532,1186,0.956,1.424,2.771,40.05,5000,88.11,1,91.48,0.518,44,0.928,0.0,178
2026-05-23T01:23:00.215,380637,762,0.614,0.915,1.244,40.05,5000,88.11,1,91.48,0.518,44,0.928,0.0,178
2026-05-23T01:23:00.277,380742,948,0.764,1.138,1.914,40.05,5000,88.11,1,91.48,0.518,44,0.928,0.0,178
2026-05-23T01:23:00.386,380844,1086,0.875,1.304,2.411,40.05,5000,88.11,1,91.47,0.518,44,0.928,0.0,178
2026-05-23T01:23:00.512,380949,1303,1.05,1.564,3.192,40.05,5000,88.11,1,91.47,0.518,44,0.928,0.0,178
2026-05-23T01:23:00.631,381054,1146,0.924,1.376,2.627,40.05,5000,88.11,1,91.47,0.518,44,0.928,0.0,178
2026-05-23T01:23:00.697,381159,732,0.59,0.879,1.136,40.05,5000,88.11,1,91.47,0.518,44,0.928,0.0,178
2026-05-23T01:23:00.813,381264,986,0.795,1.184,2.051,40.05,5000,88.11,1,91.47,0.518,44,0.928,0.0,178
2026-05-23T01:23:00.932,381369,1289,1.039,1.547,3.142,40.05,5000,88.11,1,91.47,0.518,44,0.928,0.0,178
2026-05-23T01:23:01.058,381474,1223,0.986,1.468,2.904,40.05,5000,88.11,1,91.47,0.518,44,0.928,0.0,178
2026-05-23T01:23:01.118,381579,838,0.675,1.006,1.518,40.05,5000,88.11,1,91.47,0.518,44,0.928,0.0,178
2026-05-23T01:23:01.228,381684,906,0.73,1.087,1.762,40.05,5000,88.11,1,91.47,0.518,44,0.928,0.0,178
2026-05-23T01:23:01.413,381826,1099,0.886,1.319,2.457,40.05,5000,88.11,1,91.38,0.517,44,0.931,0.0,178
2026-05-23T01:23:01.475,381931,1309,1.055,1.571,3.214,40.05,5000,88.11,1,91.38,0.517,44,0.931,0.0,178
2026-05-23T01:23:01.599,382036,1208,0.973,1.45,2.85,40.05,5000,88.11,1,91.38,0.517,44,0.931,0.0,178
2026-05-23T01:23:01.724,382141,802,0.646,0.963,1.388,40.05,5000,88.11,1,91.38,0.517,44,0.931,0.0,178
2026-05-23T01:23:01.786,382246,936,0.754,1.124,1.871,40.05,5000,88.11,1,91.38,0.517,44,0.931,0.0,178
2026-05-23T01:23:01.910,382351,1270,1.023,1.524,3.073,40.05,5000,88.11,1,91.38,0.517,44,0.931,0.0,178
2026-05-23T01:23:02.034,382456,1254,1.011,1.505,3.016,40.05,5000,88.11,1,91.38,0.517,44,0.931,0.0,178
2026-05-23T01:23:02.097,382561,933,0.752,1.12,1.86,40.05,5000,88.11,1,91.38,0.517,44,0.931,0.0,178
2026-05-23T01:23:02.220,382666,874,0.704,1.049,1.647,40.05,5000,88.11,1,91.38,0.517,44,0.931,0.0,178
2026-05-23T01:23:02.409,382821,1189,0.958,1.427,2.782,40.05,5000,88.11,1,91.35,0.517,44,0.931,0.0,178
2026-05-23T01:23:02.473,382926,844,0.68,1.013,1.539,40.05,5000,88.11,1,91.35,0.517,44,0.931,0.0,178
2026-05-23T01:23:02.595,383031,1122,0.904,1.347,2.54,40.05,5000,88.11,1,91.35,0.517,44,0.931,0.0,178
2026-05-23T01:23:02.720,383136,1308,1.054,1.57,3.21,40.05,5000,88.11,1,91.35,0.517,44,0.931,0.0,178
2026-05-23T01:23:02.782,383241,1097,0.884,1.317,2.45,40.05,5000,88.11,1,91.35,0.517,44,0.931,0.0,178
2026-05-23T01:23:02.907,383346,703,0.567,0.844,1.031,40.05,5000,88.11,1,91.35,0.517,44,0.931,0.0,178
2026-05-23T01:23:03.032,383451,1029,0.829,1.235,2.205,40.05,5000,88.11,1,91.35,0.517,44,0.931,0.0,178
2026-05-23T01:23:03.095,383556,1294,1.043,1.553,3.16,40.05,5000,88.11,1,91.35,0.517,44,0.931,0.0,178
2026-05-23T01:23:03.218,383661,1193,0.961,1.432,2.796,40.05,5000,88.11,1,91.35,0.517,44,0.931,0.0,178
2026-05-23T01:23:03.344,383766,785,0.633,0.942,1.327,40.05,5000,88.11,1,91.35,0.517,44,0.931,0.0,178
2026-05-23T01:23:03.405,383869,851,0.686,1.021,1.564,40.05,5000,88.11,1,91.46,0.518,44,0.928,0.0,178
2026-05-23T01:23:03.518,383974,1140,0.919,1.368,2.605,40.05,5000,88.11,1,91.46,0.518,44,0.928,0.0,178
2026-05-23T01:23:03.621,384079,1300,1.048,1.56,3.181,40.05,5000,88.11,1,91.46,0.518,44,0.928,0.0,178
2026-05-23T01:23:03.721,384184,1080,0.87,1.296,2.389,40.05,5000,88.11,1,91.46,0.518,44,0.928,0.0,178
2026-05-23T01:23:03.833,384289,707,0.57,0.849,1.046,40.05,5000,88.11,1,91.46,0.518,44,0.928,0.0,178
2026-05-23T01:23:03.934,384394,1041,0.839,1.25,2.249,40.05,5000,88.11,1,91.46,0.518,44,0.928,0.0,178
2026-05-23T01:23:04.042,384499,1298,1.046,1.558,3.174,40.05,5000,88.11,1,91.46,0.518,44,0.928,0.0,178
2026-05-23T01:23:04.151,384604,1175,0.947,1.41,2.731,40.05,5000,88.11,1,91.46,0.518,44,0.928,0.0,178
2026-05-23T01:23:04.262,384709,757,0.61,0.909,1.226,40.05,5000,88.11,1,91.46,0.518,44,0.928,0.0,178
2026-05-23T01:23:04.384,384850,864,0.696,1.037,1.611,40.05,5000,88.11,1,91.43,0.517,44,0.93,0.0,178
2026-05-23T01:23:04.508,384956,1102,0.888,1.323,2.468,45.08,5000,99.18,1,91.43,0.517,44,0.93,0.0,178
2026-05-23T01:23:04.611,385061,1329,1.071,1.595,3.286,45.08,5000,99.18,1,91.43,0.517,44,0.93,0.0,178
2026-05-23T01:23:04.712,385166,1170,0.943,1.404,2.713,45.08,5000,99.18,1,91.43,0.517,44,0.93,0.0,178
2026-05-23T01:23:04.813,385271,746,0.601,0.895,1.186,45.08,5000,99.18,1,91.43,0.517,44,0.93,0.0,178
2026-05-23T01:23:04.920,385376,1009,0.813,1.211,2.133,45.08,5000,99.18,1,91.43,0.517,44,0.93,0.0,178
2026-05-23T01:23:05.029,385481,1325,1.068,1.59,3.271,45.08,5000,99.18,1,91.43,0.517,44,0.93,0.0,178
2026-05-23T01:23:05.138,385586,1248,1.006,1.498,2.994,45.08,5000,99.18,1,91.43,0.517,44,0.93,0.0,178
2026-05-23T01:23:05.259,385691,857,0.691,1.029,1.586,45.08,5000,99.18,1,91.43,0.517,44,0.93,0.0,178
2026-05-23T01:23:05.430,385855,966,0.778,1.16,1.979,45.08,5000,99.18,1,95.61,0.545,48,0.921,0.0,178
2026-05-23T01:23:05.492,385960,1192,0.961,1.431,2.792,45.08,5000,99.18,1,95.61,0.545,48,0.921,0.0,178
2026-05-23T01:23:05.600,386065,1326,1.069,1.592,3.275,45.08,5000,99.18,1,95.61,0.545,48,0.921,0.0,178
2026-05-23T01:23:05.709,386170,1078,0.869,1.294,2.382,45.08,5000,99.18,1,95.61,0.545,48,0.921,0.0,178
2026-05-23T01:23:05.833,386275,775,0.625,0.93,1.291,45.08,5000,99.18,1,95.61,0.545,48,0.921,0.0,178
2026-05-23T01:23:05.958,386380,1103,0.889,1.324,2.472,45.08,5000,99.18,1,95.61,0.545,48,0.921,0.0,178
2026-05-23T01:23:06.022,386485,1326,1.069,1.592,3.275,45.08,5000,99.18,1,95.61,0.545,48,0.921,0.0,178
2026-05-23T01:23:06.147,386590,1183,0.953,1.42,2.76,45.08,5000,99.18,1,95.61,0.545,48,0.921,0.0,178
2026-05-23T01:23:06.210,386695,754,0.608,0.905,1.215,45.08,5000,99.18,1,95.61,0.545,48,0.921,0.0,178
2026-05-23T01:23:06.396,386850,1017,0.82,1.221,2.162,45.08,5000,99.18,1,101.99,0.586,56,0.936,0.0,178
2026-05-23T01:23:06.523,386955,831,0.67,0.997,1.492,45.08,5000,99.18,1,101.99,0.586,56,0.936,0.0,178
2026-05-23T01:23:06.584,387060,985,0.794,1.182,2.047,45.08,5000,99.18,1,101.99,0.586,56,0.936,0.0,178
2026-05-23T01:23:06.707,387165,1334,1.075,1.601,3.304,45.08,5000,99.18,1,101.99,0.586,56,0.936,0.0,178
2026-05-23T01:23:06.832,387270,1309,1.055,1.571,3.214,45.08,5000,99.18,1,101.99,0.586,56,0.936,0.0,178
2026-05-23T01:23:06.892,387375,961,0.774,1.154,1.961,45.08,5000,99.18,1,101.99,0.586,56,0.936,0.0,178
2026-05-23T01:23:07.020,387480,940,0.758,1.128,1.885,45.08,5000,99.18,1,101.99,0.586,56,0.936,0.0,178
2026-05-23T01:23:07.146,387585,1247,1.005,1.497,2.99,45.08,5000,99.18,1,101.99,0.586,56,0.936,0.0,178
2026-05-23T01:23:07.207,387690,1345,1.084,1.614,3.343,45.08,5000,99.18,1,101.99,0.586,56,0.936,0.0,178
2026-05-23T01:23:07.331,387795,1066,0.859,1.28,2.339,45.08,5000,99.18,1,101.99,0.586,56,0.936,0.0,178
2026-05-23T01:23:07.456,387897,928,0.748,1.114,1.842,45.08,5000,99.18,1,101.95,0.586,56,0.937,0.0,178
2026-05-23T01:23:07.515,388002,957,0.771,1.149,1.946,45.08,5000,99.18,1,101.95,0.586,56,0.937,0.0,178
2026-05-23T01:23:07.641,388107,1295,1.044,1.554,3.163,45.08,5000,99.18,1,101.95,0.586,56,0.937,0.0,178
2026-05-23T01:23:07.765,388212,1337,1.077,1.605,3.315,45.08,5000,99.18,1,101.95,0.586,56,0.937,0.0,178
2026-05-23T01:23:07.828,388317,1023,0.824,1.228,2.184,45.08,5000,99.18,1,101.95,0.586,56,0.937,0.0,178
2026-05-23T01:23:07.951,388422,884,0.712,1.061,1.683,45.08,5000,99.18,1,101.95,0.586,56,0.937,0.0,178
2026-05-23T01:23:08.076,388527,1184,0.954,1.421,2.764,45.08,5000,99.18,1,101.95,0.586,56,0.937,0.0,178
2026-05-23T01:23:08.139,388632,1375,1.108,1.65,3.451,45.08,5000,99.18,1,101.95,0.586,56,0.937,0.0,178
2026-05-23T01:23:08.262,388737,1130,0.911,1.356,2.569,45.08,5000,99.18,1,101.95,0.586,56,0.937,0.0,178
2026-05-23T01:23:08.388,388869,884,0.712,1.061,1.683,45.08,5000,99.18,1,102.01,0.586,56,0.936,0.0,178
2026-05-23T01:23:08.512,388975,1311,1.056,1.574,3.221,45.08,5000,99.18,1,102.01,0.586,56,0.936,0.0,178
2026-05-23T01:23:08.637,389080,958,0.772,1.15,1.95,45.08,5000,99.18,1,102.01,0.586,56,0.936,0.0,178
2026-05-23T01:23:08.701,389185,930,0.749,1.116,1.849,45.08,5000,99.18,1,102.01,0.586,56,0.936,0.0,178
2026-05-23T01:23:08.825,389290,1215,0.979,1.458,2.875,45.08,5000,99.18,1,102.01,0.586,56,0.936,0.0,178
2026-05-23T01:23:08.937,389395,1324,1.067,1.589,3.268,45.08,5000,99.18,1,102.01,0.586,56,0.936,0.0,178
2026-05-23T01:23:09.039,389500,1059,0.853,1.271,2.313,45.08,5000,99.18,1,102.01,0.586,56,0.936,0.0,178
2026-05-23T01:23:09.140,389605,809,0.652,0.971,1.413,45.08,5000,99.18,1,102.01,0.586,56,0.936,0.0,178
2026-05-23T01:23:09.241,389710,1120,0.903,1.344,2.533,45.08,5000,99.18,1,102.01,0.586,56,0.936,0.0,178
2026-05-23T01:23:09.341,389815,1338,1.078,1.606,3.318,45.08,5000,99.18,1,102.01,0.586,56,0.936,0.0,178
2026-05-23T01:23:09.449,389917,1316,1.061,1.58,3.239,45.08,5000,99.18,1,102.04,0.586,56,0.936,0.0,178
2026-05-23T01:23:09.557,390022,1024,0.825,1.229,2.187,45.08,5000,99.18,1,102.04,0.586,56,0.936,0.0,178
2026-05-23T01:23:09.667,390127,862,0.695,1.035,1.604,45.08,5000,99.18,1,102.04,0.586,56,0.936,0.0,178
2026-05-23T01:23:09.768,390232,1158,0.933,1.39,2.67,45.08,5000,99.18,1,102.04,0.586,56,0.936,0.0,178
2026-05-23T01:23:09.872,390337,1340,1.08,1.608,3.325,45.08,5000,99.18,1,102.04,0.586,56,0.936,0.0,178
2026-05-23T01:23:09.979,390442,1127,0.908,1.353,2.558,45.08,5000,99.18,1,102.04,0.586,56,0.936,0.0,178
2026-05-23T01:23:10.086,390547,718,0.579,0.862,1.086,45.08,5000,99.18,1,102.04,0.586,56,0.936,0.0,178
2026-05-23T01:23:10.192,390652,1066,0.859,1.28,2.339,45.08,5000,99.18,1,102.04,0.586,56,0.936,0.0,178
2026-05-23T01:23:10.300,390757,1328,1.07,1.594,3.282,45.08,5000,99.18,1,102.04,0.586,56,0.936,0.0,178
2026-05-23T01:23:10.410,390899,1306,1.052,1.568,3.203,45.08,5000,99.18,1,102.04,0.586,56,0.936,0.0,178
2026-05-23T01:23:10.536,391004,1090,0.878,1.308,2.425,45.08,5000,99.18,1,102.04,0.586,56,0.936,0.0,178
2026-05-23T01:23:10.655,391109,746,0.601,0.895,1.186,45.08,5000,99.18,1,102.04,0.586,56,0.936,0.0,178
2026-05-23T01:23:10.717,391214,1086,0.875,1.304,2.411,45.08,5000,99.18,1,102.04,0.586,56,0.936,0.0,178
2026-05-23T01:23:10.841,391319,1332,1.073,1.599,3.297,45.08,5000,99.18,1,102.04,0.586,56,0.936,0.0,178
2026-05-23T01:23:10.968,391424,1189,0.958,1.427,2.782,45.08,5000,99.18,1,102.04,0.586,56,0.936,0.0,178
2026-05-23T01:23:11.031,391529,767,0.618,0.921,1.262,45.08,5000,99.18,1,102.04,0.586,56,0.936,0.0,178
2026-05-23T01:23:11.155,391634,993,0.8,1.192,2.076,45.08,5000,99.18,1,102.04,0.586,56,0.936,0.0,178
2026-05-23T01:23:11.281,391739,1319,1.063,1.583,3.25,45.08,5000,99.18,1,102.04,0.586,56,0.936,0.0,178
2026-05-23T01:23:11.406,391893,1262,1.017,1.515,3.044,45.08,5000,99.18,1,101.88,0.585,56,0.939,0.0,178
2026-05-23T01:23:11.529,391999,1298,1.046,1.558,3.174,45.08,5000,99.18,1,101.88,0.585,56,0.939,0.0,178
2026-05-23T01:23:11.654,392104,1292,1.041,1.551,3.152,45.08,5000,99.18,1,101.88,0.585,56,0.939,0.0,178
2026-05-23T01:23:11.716,392209,960,0.774,1.152,1.957,45.08,5000,99.18,1,101.88,0.585,56,0.939,0.0,178
2026-05-23T01:23:11.828,392314,923,0.744,1.108,1.824,45.08,5000,99.18,1,101.88,0.585,56,0.939,0.0,178
2026-05-23T01:23:11.951,392419,1214,0.978,1.457,2.872,45.08,5000,99.18,1,101.88,0.585,56,0.939,0.0,178
2026-05-23T01:23:12.077,392524,1316,1.061,1.58,3.239,45.08,5000,99.18,1,101.88,0.585,56,0.939,0.0,178
2026-05-23T01:23:12.137,392629,1063,0.857,1.276,2.328,45.08,5000,99.18,1,101.88,0.585,56,0.939,0.0,178
2026-05-23T01:23:12.262,392734,816,0.658,0.979,1.438,45.08,5000,99.18,1,101.88,0.585,56,0.939,0.0,178
2026-05-23T01:23:12.382,392839,1124,0.906,1.349,2.548,45.08,5000,99.18,1,101.88,0.585,56,0.939,0.0,178
2026-05-23T01:23:12.434,392941,1258,1.014,1.51,3.03,45.08,5000,99.18,1,101.9,0.584,56,0.941,0.0,178
2026-05-23T01:23:12.558,393046,1303,1.05,1.564,3.192,45.08,5000,99.18,1,101.9,0.584,56,0.941,0.0,178
2026-05-23T01:23:12.684,393151,1016,0.819,1.22,2.159,45.08,5000,99.18,1,101.9,0.584,56,0.941,0.0,178
2026-05-23T01:23:12.745,393256,868,0.699,1.042,1.626,45.08,5000,99.18,1,101.9,0.584,56,0.941,0.0,178
2026-05-23T01:23:12.870,393361,1163,0.937,1.396,2.688,45.08,5000,99.18,1,101.9,0.584,56,0.941,0.0,178
2026-05-23T01:23:12.997,393466,1329,1.071,1.595,3.286,45.08,5000,99.18,1,101.9,0.584,56,0.941,0.0,178
2026-05-23T01:23:13.119,393571,1105,0.89,1.326,2.479,45.08,5000,99.18,1,101.9,0.584,56,0.941,0.0,178
2026-05-23T01:23:13.182,393676,726,0.585,0.871,1.114,45.08,5000,99.18,1,101.9,0.584,56,0.941,0.0,178
2026-05-23T01:23:13.307,393781,1072,0.864,1.287,2.36,45.08,5000,99.18,1,101.9,0.584,56,0.941,0.0,178
2026-05-23T01:23:13.432,393923,1294,1.043,1.553,3.16,45.08,5000,99.18,1,101.96,0.584,56,0.94,0.0,178
2026-05-23T01:23:13.555,394028,1322,1.065,1.587,3.261,45.08,5000,99.18,1,101.96,0.584,56,0.94,0.0,178
2026-05-23T01:23:13.679,394133,1080,0.87,1.296,2.389,45.08,5000,99.18,1,101.96,0.584,56,0.94,0.0,178
2026-05-23T01:23:13.741,394238,775,0.625,0.93,1.291,45.08,5000,99.18,1,101.96,0.584,56,0.94,0.0,178
2026-05-23T01:23:13.866,394343,1101,0.887,1.322,2.465,45.08,5000,99.18,1,101.96,0.584,56,0.94,0.0,178
2026-05-23T01:23:13.992,394448,1329,1.071,1.595,3.286,45.08,5000,99.18,1,101.96,0.584,56,0.94,0.0,178
2026-05-23T01:23:14.054,394553,1177,0.948,1.413,2.738,45.08,5000,99.18,1,101.96,0.584,56,0.94,0.0,178
2026-05-23T01:23:14.178,394658,752,0.606,0.903,1.208,45.08,5000,99.18,1,101.96,0.584,56,0.94,0.0,178
2026-05-23T01:23:14.286,394763,1009,0.813,1.211,2.133,45.08,5000,99.18,1,101.96,0.584,56,0.94,0.0,178
2026-05-23T01:23:14.438,394918,1319,1.063,1.583,3.25,45.08,5000,99.18,1,101.98,0.584,56,0.94,0.0,178
2026-05-23T01:23:14.539,395023,963,0.776,1.156,1.968,45.08,5000,99.18,1,101.98,0.584,56,0.94,0.0,178
2026-05-23T01:23:14.647,395128,1301,1.048,1.562,3.185,45.08,5000,99.18,1,101.98,0.584,56,0.94,0.0,178
2026-05-23T01:23:14.756,395233,1274,1.027,1.529,3.088,45.08,5000,99.18,1,101.98,0.584,56,0.94,0.0,178
2026-05-23T01:23:14.868,395338,937,0.755,1.125,1.874,45.08,5000,99.18,1,101.98,0.584,56,0.94,0.0,178
2026-05-23T01:23:14.926,395443,921,0.742,1.106,1.817,45.08,5000,99.18,1,101.98,0.584,56,0.94,0.0,178
2026-05-23T01:23:15.043,395548,1225,0.987,1.47,2.911,45.08,5000,99.18,1,101.98,0.584,56,0.94,0.0,178
2026-05-23T01:23:15.161,395653,1286,1.036,1.544,3.131,50.11,5000,110.24,1,101.98,0.584,56,0.94,0.0,178
2026-05-23T01:23:15.285,395758,1022,0.824,1.227,2.18,50.11,5000,110.24,1,101.98,0.584,56,0.94,0.0,178
2026-05-23T01:23:15.390,395863,826,0.666,0.991,1.474,50.11,5000,110.24,1,101.98,0.584,56,0.94,0.0,178
2026-05-23T01:23:15.490,395965,928,0.748,1.114,1.842,50.11,5000,110.24,1,101.93,0.584,56,0.94,0.0,178
2026-05-23T01:23:15.592,396070,1257,1.013,1.509,3.026,50.11,5000,110.24,1,101.93,0.584,56,0.94,0.0,178
2026-05-23T01:23:15.693,396175,1266,1.02,1.52,3.059,50.11,5000,110.24,1,101.93,0.584,56,0.94,0.0,178
2026-05-23T01:23:15.805,396280,977,0.787,1.173,2.018,50.11,5000,110.24,1,101.93,0.584,56,0.94,0.0,178
2026-05-23T01:23:15.915,396385,869,0.7,1.043,1.629,50.11,5000,110.24,1,101.93,0.584,56,0.94,0.0,178
2026-05-23T01:23:15.967,396490,1162,0.936,1.395,2.684,50.11,5000,110.24,1,101.93,0.584,56,0.94,0.0,178
2026-05-23T01:23:16.077,396595,1311,1.056,1.574,3.221,50.11,5000,110.24,1,101.93,0.584,56,0.94,0.0,178
2026-05-23T01:23:16.186,396700,1064,0.857,1.277,2.331,50.11,5000,110.24,1,101.93,0.584,56,0.94,0.0,178
2026-05-23T01:23:16.297,396805,746,0.601,0.895,1.186,50.11,5000,110.24,1,101.93,0.584,56,0.94,0.0,178
2026-05-23T01:23:16.460,396947,942,0.759,1.131,1.892,50.11,5000,110.24,1,112.32,0.653,70,0.954,0.0,178
2026-05-23T01:23:16.585,397053,1275,1.027,1.53,3.091,50.11,5000,110.24,1,112.32,0.653,70,0.954,0.0,178
2026-05-23T01:23:16.647,397158,1266,1.02,1.52,3.059,50.11,5000,110.24,1,112.32,0.653,70,0.954,0.0,178
2026-05-23T01:23:16.772,397263,954,0.769,1.145,1.935,50.11,5000,110.24,1,112.32,0.653,70,0.954,0.0,178
2026-05-23T01:23:16.897,397368,886,0.714,1.063,1.69,50.11,5000,110.24,1,112.32,0.653,70,0.954,0.0,178
2026-05-23T01:23:16.959,397473,1178,0.949,1.414,2.742,50.11,5000,110.24,1,112.32,0.653,70,0.954,0.0,178
2026-05-23T01:23:17.066,397578,1301,1.048,1.562,3.185,50.11,5000,110.24,1,112.32,0.653,70,0.954,0.0,178
2026-05-23T01:23:17.195,397683,1042,0.84,1.251,2.252,50.11,5000,110.24,1,112.32,0.653,70,0.954,0.0,178
2026-05-23T01:23:17.319,397788,780,0.629,0.936,1.309,50.11,5000,110.24,1,112.32,0.653,70,0.954,0.0,178
2026-05-23T01:23:17.442,397952,1096,0.883,1.316,2.447,50.11,5000,110.24,1,112.39,0.653,70,0.953,0.0,178
2026-05-23T01:23:17.563,398057,1297,1.045,1.557,3.17,50.11,5000,110.24,1,112.39,0.653,70,0.953,0.0,178
2026-05-23T01:23:17.690,398162,1227,0.989,1.473,2.918,50.11,5000,110.24,1,112.39,0.653,70,0.953,0.0,178
2026-05-23T01:23:17.753,398267,831,0.67,0.997,1.492,50.11,5000,110.24,1,112.39,0.653,70,0.953,0.0,178
2026-05-23T01:23:17.874,398372,934,0.753,1.121,1.863,50.11,5000,110.24,1,112.39,0.653,70,0.953,0.0,178
2026-05-23T01:23:17.984,398477,1271,1.024,1.526,3.077,50.11,5000,110.24,1,112.39,0.653,70,0.953,0.0,178
2026-05-23T01:23:18.109,398582,1258,1.014,1.51,3.03,50.11,5000,110.24,1,112.39,0.653,70,0.953,0.0,178
2026-05-23T01:23:18.170,398687,953,0.768,1.144,1.932,50.11,5000,110.24,1,112.39,0.653,70,0.953,0.0,178
2026-05-23T01:23:18.296,398792,881,0.71,1.057,1.672,50.11,5000,110.24,1,112.39,0.653,70,0.953,0.0,178
2026-05-23T01:23:18.418,398946,1185,0.955,1.422,2.767,50.11,5000,110.24,1,112.38,0.653,70,0.953,0.0,178
2026-05-23T01:23:18.526,399052,842,0.679,1.011,1.532,50.11,5000,110.24,1,112.38,0.653,70,0.953,0.0,178
2026-05-23T01:23:18.651,399157,1133,0.913,1.36,2.58,50.11,5000,110.24,1,112.38,0.653,70,0.953,0.0,178
2026-05-23T01:23:18.774,399262,1310,1.056,1.572,3.217,50.11,5000,110.24,1,112.38,0.653,70,0.953,0.0,178
2026-05-23T01:23:18.837,399367,1120,0.903,1.344,2.533,50.11,5000,110.24,1,112.38,0.653,70,0.953,0.0,178
2026-05-23T01:23:18.961,399472,711,0.573,0.853,1.06,50.11,5000,110.24,1,112.38,0.653,70,0.953,0.0,178
2026-05-23T01:23:19.085,399577,1057,0.852,1.269,2.306,50.11,5000,110.24,1,112.38,0.653,70,0.953,0.0,178
2026-05-23T01:23:19.209,399682,1358,1.094,1.63,3.39,50.11,5000,110.24,1,112.38,0.653,70,0.953,0.0,178
2026-05-23T01:23:19.271,399787,1226,0.988,1.472,2.915,50.11,5000,110.24,1,112.38,0.653,70,0.953,0.0,178
2026-05-23T01:23:19.397,399892,802,0.646,0.963,1.388,50.11,5000,110.24,1,112.38,0.653,70,0.953,0.0,178
2026-05-23T01:23:19.507,399994,766,0.617,0.919,1.258,50.11,5000,110.24,1,112.3,0.652,69,0.942,0.0,178
2026-05-23T01:23:19.568,400099,1112,0.896,1.335,2.504,50.11,5000,110.24,1,112.3,0.652,69,0.942,0.0,178
2026-05-23T01:23:19.692,400204,1351,1.089,1.622,3.365,50.11,5000,110.24,1,112.3,0.652,69,0.942,0.0,178
2026-05-23T01:23:19.812,400309,1187,0.957,1.425,2.774,50.11,5000,110.24,1,112.3,0.652,69,0.942,0.0,178
2026-05-23T01:23:19.925,400414,747,0.602,0.897,1.19,50.11,5000,110.24,1,112.3,0.652,69,0.942,0.0,178
2026-05-23T01:23:19.987,400519,1014,0.817,1.217,2.151,50.11,5000,110.24,1,112.3,0.652,69,0.942,0.0,178
2026-05-23T01:23:20.114,400624,1334,1.075,1.601,3.304,50.11,5000,110.24,1,112.3,0.652,69,0.942,0.0,178
2026-05-23T01:23:20.234,400729,1257,1.013,1.509,3.026,50.11,5000,110.24,1,112.3,0.652,69,0.942,0.0,178
2026-05-23T01:23:20.299,400834,868,0.699,1.042,1.626,50.11,5000,110.24,1,112.3,0.652,69,0.942,0.0,178
2026-05-23T01:23:20.490,400976,843,0.679,1.012,1.536,50.11,5000,110.24,1,112.27,0.651,69,0.944,0.0,178
2026-05-23T01:23:20.548,401081,1054,0.849,1.265,2.295,50.11,5000,110.24,1,112.27,0.651,69,0.944,0.0,178
2026-05-23T01:23:20.672,401186,1341,1.081,1.61,3.329,50.11,5000,110.24,1,112.27,0.651,69,0.944,0.0,178
2026-05-23T01:23:20.797,401291,1238,0.998,1.486,2.958,50.11,5000,110.24,1,112.27,0.651,69,0.944,0.0,178
2026-05-23T01:23:20.861,401396,819,0.66,0.983,1.449,50.11,5000,110.24,1,112.27,0.651,69,0.944,0.0,178
2026-05-23T01:23:20.986,401501,951,0.766,1.142,1.925,50.11,5000,110.24,1,112.27,0.651,69,0.944,0.0,178
2026-05-23T01:23:21.107,401606,1297,1.045,1.557,3.17,50.11,5000,110.24,1,112.27,0.651,69,0.944,0.0,178
2026-05-23T01:23:21.172,401711,1268,1.022,1.522,3.066,50.11,5000,110.24,1,112.27,0.651,69,0.944,0.0,178
2026-05-23T01:23:21.295,401816,936,0.754,1.124,1.871,50.11,5000,110.24,1,112.27,0.651,69,0.944,0.0,178
2026-05-23T01:23:21.448,401970,896,0.722,1.075,1.726,50.11,5000,110.24,1,112.37,0.651,69,0.943,0.0,178
2026-05-23T01:23:21.549,402076,995,0.802,1.194,2.083,50.11,5000,110.24,1,112.37,0.651,69,0.943,0.0,178
2026-05-23T01:23:21.651,402181,863,0.695,1.036,1.608,50.11,5000,110.24,1,112.37,0.651,69,0.943,0.0,178
2026-05-23T01:23:21.751,402286,1146,0.924,1.376,2.627,50.11,5000,110.24,1,112.37,0.651,69,0.943,0.0,178
2026-05-23T01:23:21.852,402391,1318,1.062,1.582,3.246,50.11,5000,110.24,1,112.37,0.651,69,0.943,0.0,178
2026-05-23T01:23:21.955,402496,1091,0.879,1.31,2.429,50.11,5000,110.24,1,112.37,0.651,69,0.943,0.0,178
2026-05-23T01:23:22.106,402601,725,0.584,0.87,1.111,50.11,5000,110.24,1,112.37,0.651,69,0.943,0.0,178
2026-05-23T01:23:22.207,402706,1049,0.845,1.259,2.277,50.11,5000,110.24,1,112.37,0.651,69,0.943,0.0,178
2026-05-23T01:23:22.308,402811,1306,1.052,1.568,3.203,50.11,5000,110.24,1,112.37,0.651,69,0.943,0.0,178
2026-05-23T01:23:22.409,402916,1188,0.957,1.426,2.778,50.11,5000,110.24,1,112.37,0.651,69,0.943,0.0,178
2026-05-23T01:23:22.510,403018,1051,0.847,1.262,2.285,50.11,5000,110.24,1,112.36,0.651,69,0.943,0.0,178
2026-05-23T01:23:22.611,403123,785,0.633,0.942,1.327,50.11,5000,110.24,1,112.36,0.651,69,0.943,0.0,178
2026-05-23T01:23:22.712,403228,1091,0.879,1.31,2.429,50.11,5000,110.24,1,112.36,0.651,69,0.943,0.0,178
2026-05-23T01:23:22.826,403333,1313,1.058,1.576,3.228,50.11,5000,110.24,1,112.36,0.651,69,0.943,0.0,178
2026-05-23T01:23:22.936,403438,1152,0.928,1.383,2.648,50.11,5000,110.24,1,112.36,0.651,69,0.943,0.0,178
2026-05-23T01:23:22.998,403543,750,0.604,0.9,1.201,50.11,5000,110.24,1,112.36,0.651,69,0.943,0.0,178
2026-05-23T01:23:23.102,403648,997,0.803,1.197,2.09,50.11,5000,110.24,1,112.36,0.651,69,0.943,0.0,178
2026-05-23T01:23:23.216,403753,1291,1.04,1.55,3.149,50.11,5000,110.24,1,112.36,0.651,69,0.943,0.0,178
2026-05-23T01:23:23.330,403858,1235,0.995,1.482,2.947,50.11,5000,110.24,1,112.36,0.651,69,0.943,0.0,178
2026-05-23T01:23:23.496,404000,1031,0.831,1.238,2.213,50.11,5000,110.24,1,112.3,0.651,69,0.943,0.0,178
2026-05-23T01:23:23.557,404106,797,0.642,0.957,1.37,50.11,5000,110.24,1,112.3,0.651,69,0.943,0.0,178
2026-05-23T01:23:23.682,404211,1103,0.889,1.324,2.472,50.11,5000,110.24,1,112.3,0.651,69,0.943,0.0,178
2026-05-23T01:23:23.792,404316,1309,1.055,1.571,3.214,50.11,5000,110.24,1,112.3,0.651,69,0.943,0.0,178
2026-05-23T01:23:23.910,404421,1143,0.921,1.372,2.616,50.11,5000,110.24,1,112.3,0.651,69,0.943,0.0,178
2026-05-23T01:23:24.028,404526,732,0.59,0.879,1.136,50.11,5000,110.24,1,112.3,0.651,69,0.943,0.0,178
2026-05-23T01:23:24.083,404631,996,0.803,1.196,2.087,50.11,5000,110.24,1,112.3,0.651,69,0.943,0.0,178
2026-05-23T01:23:24.196,404736,1311,1.056,1.574,3.221,50.11,5000,110.24,1,112.3,0.651,69,0.943,0.0,178
2026-05-23T01:23:24.305,404841,1227,0.989,1.473,2.918,50.11,5000,110.24,1,112.3,0.651,69,0.943,0.0,178
2026-05-23T01:23:24.492,405005,851,0.686,1.021,1.564,50.11,5000,110.24,1,112.28,0.65,69,0.945,0.0,178
2026-05-23T01:23:24.617,405110,875,0.705,1.05,1.651,50.11,5000,110.24,1,112.28,0.65,69,0.945,0.0,178
2026-05-23T01:23:24.679,405215,1180,0.951,1.416,2.749,50.11,5000,110.24,1,112.28,0.65,69,0.945,0.0,178
2026-05-23T01:23:24.787,405320,1303,1.05,1.564,3.192,50.11,5000,110.24,1,112.28,0.65,69,0.945,0.0,178
2026-05-23T01:23:24.912,405425,1068,0.861,1.282,2.346,50.11,5000,110.24,1,112.28,0.65,69,0.945,0.0,178
2026-05-23T01:23:25.038,405530,756,0.609,0.907,1.222,50.11,5000,110.24,1,112.28,0.65,69,0.945,0.0,178
2026-05-23T01:23:25.100,405635,1078,0.869,1.294,2.382,50.11,5000,110.24,1,112.28,0.65,69,0.945,0.0,178
2026-05-23T01:23:25.225,405740,1303,1.05,1.564,3.192,50.11,5000,110.24,1,112.28,0.65,69,0.945,0.0,178
2026-05-23T01:23:25.348,405845,1168,0.941,1.402,2.706,50.11,5000,110.24,1,112.28,0.65,69,0.945,0.0,178
2026-05-23T01:23:25.473,405999,746,0.601,0.895,1.186,50.11,5000,110.24,1,112.23,0.649,69,0.947,0.0,178
2026-05-23T01:23:25.597,406105,1221,0.984,1.466,2.897,50.11,5000,110.24,1,112.23,0.649,69,0.947,0.0,178
2026-05-23T01:23:25.660,406210,820,0.661,0.984,1.453,50.11,5000,110.24,1,112.23,0.649,69,0.947,0.0,178
2026-05-23T01:23:25.786,406315,945,0.762,1.134,1.903,50.11,5000,110.24,1,112.23,0.649,69,0.947,0.0,178
2026-05-23T01:23:25.908,406420,1271,1.024,1.526,3.077,50.11,5000,110.24,1,112.23,0.649,69,0.947,0.0,178
2026-05-23T01:23:25.970,406525,1264,1.019,1.517,3.052,50.11,5000,110.24,1,112.23,0.649,69,0.947,0.0,178
2026-05-23T01:23:26.071,406630,947,0.763,1.137,1.91,50.11,5000,110.24,1,112.23,0.649,69,0.947,0.0,178
2026-05-23T01:23:26.236,406735,877,0.707,1.053,1.658,50.11,5000,110.24,1,112.23,0.649,69,0.947,0.0,178
2026-05-23T01:23:26.298,406840,1178,0.949,1.414,2.742,50.11,5000,110.24,1,112.23,0.649,69,0.947,0.0,178
2026-05-23T01:23:26.408,406945,1293,1.042,1.552,3.156,50.11,5000,110.24,1,112.23,0.649,69,0.947,0.0,178
2026-05-23T01:23:26.515,407047,1248,1.006,1.498,2.994,50.11,5000,110.24,1,112.24,0.649,69,0.947,0.0,178
2026-05-23T01:23:26.641,407152,919,0.741,1.103,1.809,50.11,5000,110.24,1,112.24,0.649,69,0.947,0.0,178
2026-05-23T01:23:26.704,407257,880,0.709,1.056,1.669,55.14,5000,121.31,1,112.24,0.649,69,0.947,0.0,178
2026-05-23T01:23:26.830,407362,1199,0.966,1.439,2.818,55.14,5000,121.31,1,112.24,0.649,69,0.947,0.0,178
2026-05-23T01:23:26.933,407467,1268,1.022,1.522,3.066,55.14,5000,121.31,1,112.24,0.649,69,0.947,0.0,178
2026-05-23T01:23:27.034,407572,1014,0.817,1.217,2.151,55.14,5000,121.31,1,112.24,0.649,69,0.947,0.0,178
2026-05-23T01:23:27.135,407677,810,0.653,0.972,1.417,55.14,5000,121.31,1,112.24,0.649,69,0.947,0.0,178
2026-05-23T01:23:27.236,407782,1095,0.882,1.314,2.443,55.14,5000,121.31,1,112.24,0.649,69,0.947,0.0,178
2026-05-23T01:23:27.347,407887,1288,1.038,1.546,3.138,55.14,5000,121.31,1,112.24,0.649,69,0.947,0.0,178
2026-05-23T01:23:27.514,408029,1234,0.994,1.481,2.944,55.14,5000,121.31,1,117.48,0.685,77,0.956,0.0,178
2026-05-23T01:23:27.576,408135,915,0.737,1.098,1.795,55.14,5000,121.31,1,117.48,0.685,77,0.956,0.0,178
2026-05-23T01:23:27.691,408240,874,0.704,1.049,1.647,55.14,5000,121.31,1,117.48,0.685,77,0.956,0.0,178
2026-05-23T01:23:27.815,408345,1193,0.961,1.432,2.796,55.14,5000,121.31,1,117.48,0.685,77,0.956,0.0,178
2026-05-23T01:23:27.940,408450,1273,1.026,1.528,3.084,55.14,5000,121.31,1,117.48,0.685,77,0.956,0.0,178
2026-05-23T01:23:28.004,408555,1011,0.815,1.214,2.141,55.14,5000,121.31,1,117.48,0.685,77,0.956,0.0,178
2026-05-23T01:23:28.113,408660,801,0.645,0.961,1.384,55.14,5000,121.31,1,117.48,0.685,77,0.956,0.0,178
2026-05-23T01:23:28.234,408765,1089,0.878,1.307,2.421,55.14,5000,121.31,1,117.48,0.685,77,0.956,0.0,178
2026-05-23T01:23:28.360,408870,1304,1.051,1.565,3.196,55.14,5000,121.31,1,117.48,0.685,77,0.956,0.0,178
2026-05-23T01:23:28.486,409034,1126,0.907,1.352,2.555,55.14,5000,121.31,1,122.39,0.717,84,0.957,0.0,178
2026-05-23T01:23:28.610,409139,820,0.661,0.984,1.453,55.14,5000,121.31,1,122.39,0.717,84,0.957,0.0,178
2026-05-23T01:23:28.736,409244,920,0.741,1.104,1.813,55.14,5000,121.31,1,122.39,0.717,84,0.957,0.0,178
2026-05-23T01:23:28.797,409349,1291,1.04,1.55,3.149,55.14,5000,121.31,1,122.39,0.717,84,0.957,0.0,178
2026-05-23T01:23:28.922,409454,1277,1.029,1.533,3.098,55.14,5000,121.31,1,122.39,0.717,84,0.957,0.0,178
2026-05-23T01:23:29.047,409559,968,0.78,1.162,1.986,55.14,5000,121.31,1,122.39,0.717,84,0.957,0.0,178
2026-05-23T01:23:29.108,409664,882,0.711,1.059,1.676,55.14,5000,121.31,1,122.39,0.717,84,0.957,0.0,178
2026-05-23T01:23:29.234,409769,1193,0.961,1.432,2.796,55.14,5000,121.31,1,122.39,0.717,84,0.957,0.0,178
2026-05-23T01:23:29.359,409874,1327,1.069,1.593,3.279,55.14,5000,121.31,1,122.39,0.717,84,0.957,0.0,178
2026-05-23T01:23:29.482,410029,1089,0.878,1.307,2.421,55.14,5000,121.31,1,122.38,0.716,84,0.958,0.0,178
2026-05-23T01:23:29.609,410134,1346,1.085,1.616,3.347,55.14,5000,121.31,1,122.38,0.716,84,0.958,0.0,178
2026-05-23T01:23:29.670,410239,1147,0.924,1.377,2.63,55.14,5000,121.31,1,122.38,0.716,84,0.958,0.0,178
2026-05-23T01:23:29.796,410344,742,0.598,0.891,1.172,55.14,5000,121.31,1,122.38,0.716,84,0.958,0.0,178
2026-05-23T01:23:29.920,410449,1014,0.817,1.217,2.151,55.14,5000,121.31,1,122.38,0.716,84,0.958,0.0,178
2026-05-23T01:23:30.044,410554,1320,1.064,1.584,3.253,55.14,5000,121.31,1,122.38,0.716,84,0.958,0.0,178
2026-05-23T01:23:30.104,410659,1244,1.002,1.493,2.98,55.14,5000,121.31,1,122.38,0.716,84,0.958,0.0,178
2026-05-23T01:23:30.217,410764,856,0.69,1.027,1.582,55.14,5000,121.31,1,122.38,0.716,84,0.958,0.0,178
2026-05-23T01:23:30.329,410869,934,0.753,1.121,1.863,55.14,5000,121.31,1,122.38,0.716,84,0.958,0.0,178
2026-05-23T01:23:30.447,410974,1281,1.032,1.538,3.113,55.14,5000,121.31,1,122.38,0.716,84,0.958,0.0,178
2026-05-23T01:23:30.510,411076,1341,1.081,1.61,3.329,55.14,5000,121.31,1,122.34,0.716,84,0.958,0.0,178
2026-05-23T01:23:30.633,411181,1225,0.987,1.47,2.911,55.14,5000,121.31,1,122.34,0.716,84,0.958,0.0,178
2026-05-23T01:23:30.758,411286,821,0.662,0.985,1.456,55.14,5000,121.31,1,122.34,0.716,84,0.958,0.0,178
2026-05-23T01:23:30.821,411391,945,0.762,1.134,1.903,55.14,5000,121.31,1,122.34,0.716,84,0.958,0.0,178
2026-05-23T01:23:30.945,411496,1309,1.055,1.571,3.214,55.14,5000,121.31,1,122.34,0.716,84,0.958,0.0,178
2026-05-23T01:23:31.071,411601,1281,1.032,1.538,3.113,55.14,5000,121.31,1,122.34,0.716,84,0.958,0.0,178
2026-05-23T01:23:31.135,411706,961,0.774,1.154,1.961,55.14,5000,121.31,1,122.34,0.716,84,0.958,0.0,178
2026-05-23T01:23:31.258,411811,890,0.717,1.068,1.705,55.14,5000,121.31,1,122.34,0.716,84,0.958,0.0,178
2026-05-23T01:23:31.381,411916,1202,0.969,1.443,2.828,55.14,5000,121.31,1,122.34,0.716,84,0.958,0.0,178
2026-05-23T01:23:31.507,412058,1321,1.065,1.586,3.257,55.14,5000,121.31,1,122.34,0.715,84,0.96,0.0,178
2026-05-23T01:23:31.630,412164,1236,0.996,1.484,2.951,55.14,5000,121.31,1,122.34,0.715,84,0.96,0.0,178
2026-05-23T01:23:31.694,412269,835,0.673,1.002,1.507,55.14,5000,121.31,1,122.34,0.715,84,0.96,0.0,178
2026-05-23T01:23:31.817,412374,936,0.754,1.124,1.871,55.14,5000,121.31,1,122.34,0.715,84,0.96,0.0,178
2026-05-23T01:23:31.940,412479,1294,1.043,1.553,3.16,55.14,5000,121.31,1,122.34,0.715,84,0.96,0.0,178
2026-05-23T01:23:32.070,412584,1301,1.048,1.562,3.185,55.14,5000,121.31,1,122.34,0.715,84,0.96,0.0,178
2026-05-23T01:23:32.126,412689,965,0.778,1.158,1.975,55.14,5000,121.31,1,122.34,0.715,84,0.96,0.0,178
2026-05-23T01:23:32.253,412794,880,0.709,1.056,1.669,55.14,5000,121.31,1,122.34,0.715,84,0.96,0.0,178
2026-05-23T01:23:32.377,412899,1189,0.958,1.427,2.782,55.14,5000,121.31,1,122.34,0.715,84,0.96,0.0,178
2026-05-23T01:23:32.503,413063,1325,1.068,1.59,3.271,55.14,5000,121.31,1,122.41,0.715,84,0.959,0.0,178
2026-05-23T01:23:32.625,413169,1097,0.884,1.317,2.45,55.14,5000,121.31,1,122.41,0.715,84,0.959,0.0,178
2026-05-23T01:23:32.751,413274,740,0.596,0.888,1.165,55.14,5000,121.31,1,122.41,0.715,84,0.959,0.0,178
2026-05-23T01:23:32.813,413379,1063,0.857,1.276,2.328,55.14,5000,121.31,1,122.41,0.715,84,0.959,0.0,178
2026-05-23T01:23:32.934,413484,1329,1.071,1.595,3.286,55.14,5000,121.31,1,122.41,0.715,84,0.959,0.0,178
2026-05-23T01:23:33.059,413589,1211,0.976,1.454,2.861,55.14,5000,121.31,1,122.41,0.715,84,0.959,0.0,178
2026-05-23T01:23:33.121,413694,794,0.64,0.953,1.359,55.14,5000,121.31,1,122.41,0.715,84,0.959,0.0,178
2026-05-23T01:23:33.245,413799,950,0.766,1.14,1.921,55.14,5000,121.31,1,122.41,0.715,84,0.959,0.0,178
2026-05-23T01:23:33.369,413904,1313,1.058,1.576,3.228,55.14,5000,121.31,1,122.41,0.715,84,0.959,0.0,178
2026-05-23T01:23:33.494,414068,1266,1.02,1.52,3.059,55.14,5000,121.31,1,122.33,0.715,84,0.96,0.0,178
2026-05-23T01:23:33.617,414173,1041,0.839,1.25,2.249,55.14,5000,121.31,1,122.33,0.715,84,0.96,0.0,178
2026-05-23T01:23:33.733,414278,826,0.666,0.991,1.474,55.14,5000,121.31,1,122.33,0.715,84,0.96,0.0,178
2026-05-23T01:23:33.850,414383,1126,0.907,1.352,2.555,55.14,5000,121.31,1,122.33,0.715,84,0.96,0.0,178
2026-05-23T01:23:33.914,414488,1342,1.081,1.611,3.333,55.14,5000,121.31,1,122.33,0.715,84,0.96,0.0,178
2026-05-23T01:23:34.038,414593,1151,0.928,1.382,2.645,55.14,5000,121.31,1,122.33,0.715,84,0.96,0.0,178
2026-05-23T01:23:34.163,414698,742,0.598,0.891,1.172,55.14,5000,121.31,1,122.33,0.715,84,0.96,0.0,178
2026-05-23T01:23:34.219,414803,1018,0.82,1.222,2.166,55.14,5000,121.31,1,122.33,0.715,84,0.96,0.0,178
2026-05-23T01:23:34.328,414908,1321,1.065,1.586,3.257,55.14,5000,121.31,1,122.33,0.715,84,0.96,0.0,178
2026-05-23T01:23:34.506,415062,1239,0.998,1.487,2.962,55.14,5000,121.31,1,122.34,0.714,84,0.961,0.0,178
2026-05-23T01:23:34.623,415168,1282,1.033,1.539,3.116,55.14,5000,121.31,1,122.34,0.714,84,0.961,0.0,178
2026-05-23T01:23:34.739,415273,1248,1.006,1.498,2.994,55.14,5000,121.31,1,122.34,0.714,84,0.961,0.0,178
2026-05-23T01:23:34.802,415378,925,0.745,1.11,1.831,55.14,5000,121.31,1,122.34,0.714,84,0.961,0.0,178
2026-05-23T01:23:34.910,415483,869,0.7,1.043,1.629,55.14,5000,121.31,1,122.34,0.714,84,0.961,0.0,178
2026-05-23T01:23:35.012,415588,1175,0.947,1.41,2.731,55.14,5000,121.31,1,122.34,0.714,84,0.961,0.0,178
2026-05-23T01:23:35.118,415693,1287,1.037,1.545,3.134,55.14,5000,121.31,1,122.34,0.714,84,0.961,0.0,178
2026-05-23T01:23:35.219,415798,1044,0.841,1.253,2.259,55.14,5000,121.31,1,122.34,0.714,84,0.961,0.0,178
2026-05-23T01:23:35.320,415903,777,0.626,0.933,1.298,55.14,5000,121.31,1,122.34,0.714,84,0.961,0.0,178
2026-05-23T01:23:35.428,416008,1067,0.86,1.281,2.342,55.14,5000,121.31,1,122.34,0.714,84,0.961,0.0,178
2026-05-23T01:23:35.529,416110,1196,0.964,1.436,2.807,55.14,5000,121.31,1,122.44,0.714,84,0.96,0.0,178
2026-05-23T01:23:35.631,416215,1275,1.027,1.53,3.091,55.14,5000,121.31,1,122.44,0.714,84,0.96,0.0,178
2026-05-23T01:23:35.734,416320,1014,0.817,1.217,2.151,55.14,5000,121.31,1,122.44,0.714,84,0.96,0.0,178
2026-05-23T01:23:35.835,416425,800,0.645,0.96,1.381,55.14,5000,121.31,1,122.44,0.714,84,0.96,0.0,178
2026-05-23T01:23:35.937,416530,1089,0.878,1.307,2.421,55.14,5000,121.31,1,122.44,0.714,84,0.96,0.0,178
2026-05-23T01:23:36.042,416635,1303,1.05,1.564,3.192,55.14,5000,121.31,1,122.44,0.714,84,0.96,0.0,178
2026-05-23T01:23:36.153,416740,1128,0.909,1.354,2.562,55.14,5000,121.31,1,122.44,0.714,84,0.96,0.0,178
2026-05-23T01:23:36.266,416845,726,0.585,0.871,1.114,55.14,5000,121.31,1,122.44,0.714,84,0.96,0.0,178
2026-05-23T01:23:36.381,416950,978,0.788,1.174,2.022,55.14,5000,121.31,1,122.44,0.714,84,0.96,0.0,178
2026-05-23T01:23:36.499,417092,1199,0.966,1.439,2.818,55.14,5000,121.31,1,122.46,0.714,84,0.96,0.0,178
2026-05-23T01:23:36.620,417197,1295,1.044,1.554,3.163,55.14,5000,121.31,1,122.46,0.714,84,0.96,0.0,178
2026-05-23T01:23:36.749,417302,1114,0.898,1.337,2.512,55.14,5000,121.31,1,122.46,0.714,84,0.96,0.0,178
2026-05-23T01:23:36.858,417407,703,0.567,0.844,1.031,55.14,5000,121.31,1,122.46,0.714,84,0.96,0.0,178
2026-05-23T01:23:36.919,417512,992,0.799,1.191,2.072,55.14,5000,121.31,1,122.46,0.714,84,0.96,0.0,178
2026-05-23T01:23:37.044,417617,1295,1.044,1.554,3.163,55.14,5000,121.31,1,122.46,0.714,84,0.96,0.0,178
2026-05-23T01:23:37.168,417722,1207,0.973,1.449,2.846,55.14,5000,121.31,1,122.46,0.714,84,0.96,0.0,178
2026-05-23T01:23:37.229,417827,823,0.663,0.988,1.464,55.14,5000,121.31,1,122.46,0.714,84,0.96,0.0,178
2026-05-23T01:23:37.354,417932,913,0.736,1.096,1.788,55.14,5000,121.31,1,122.46,0.714,84,0.96,0.0,178
2026-05-23T01:23:37.541,418086,1254,1.011,1.505,3.016,55.14,5000,121.31,1,122.59,0.714,84,0.959,0.0,178
2026-05-23T01:23:37.603,418192,879,0.708,1.055,1.665,55.14,5000,121.31,1,122.59,0.714,84,0.959,0.0,178
2026-05-23T01:23:37.725,418297,1187,0.957,1.425,2.774,55.14,5000,121.31,1,122.59,0.714,84,0.959,0.0,178
2026-05-23T01:23:37.846,418402,1279,1.031,1.535,3.106,55.14,5000,121.31,1,122.59,0.714,84,0.959,0.0,178
2026-05-23T01:23:37.909,418507,1020,0.822,1.224,2.173,55.14,5000,121.31,1,122.59,0.714,84,0.959,0.0,178
2026-05-23T01:23:38.032,418612,803,0.647,0.964,1.392,55.14,5000,121.31,1,122.59,0.714,84,0.959,0.0,178
2026-05-23T01:23:38.157,418717,1095,0.882,1.314,2.443,55.14,5000,121.31,1,122.59,0.714,84,0.959,0.0,178
2026-05-23T01:23:38.280,418822,1290,1.04,1.548,3.145,55.14,5000,121.31,1,122.59,0.714,84,0.959,0.0,178
2026-05-23T01:23:38.344,418927,1133,0.913,1.36,2.58,55.14,5000,121.31,1,122.59,0.714,84,0.959,0.0,178
2026-05-23T01:23:38.467,419032,724,0.583,0.869,1.107,55.14,5000,121.31,1,122.59,0.714,84,0.959,0.0,178
2026-05-23T01:23:38.575,419134,835,0.673,1.002,1.507,55.14,5000,121.31,1,122.58,0.714,84,0.959,0.0,178
2026-05-23T01:23:38.677,419239,1120,0.903,1.344,2.533,55.14,5000,121.31,1,122.58,0.714,84,0.959,0.0,178
2026-05-23T01:23:38.778,419344,1297,1.045,1.557,3.17,55.14,5000,121.31,1,122.58,0.714,84,0.959,0.0,178
2026-05-23T01:23:38.879,419449,1102,0.888,1.323,2.468,55.14,5000,121.31,1,122.58,0.714,84,0.959,0.0,178
2026-05-23T01:23:38.980,419554,705,0.568,0.846,1.039,55.14,5000,121.31,1,122.58,0.714,84,0.959,0.0,178
2026-05-23T01:23:39.086,419659,1001,0.807,1.202,2.105,55.14,5000,121.31,1,122.58,0.714,84,0.959,0.0,178
2026-05-23T01:23:39.192,419764,1295,1.044,1.554,3.163,55.14,5000,121.31,1,122.58,0.714,84,0.959,0.0,178
2026-05-23T01:23:39.300,419869,1198,0.965,1.438,2.814,55.14,5000,121.31,1,122.58,0.714,84,0.959,0.0,178
2026-05-23T01:23:39.404,419974,808,0.651,0.97,1.41,55.14,5000,121.31,1,122.58,0.714,84,0.959,0.0,178
2026-05-23T01:23:39.562,420116,835,0.673,1.002,1.507,55.14,5000,121.31,1,122.55,0.713,84,0.961,0.0,178
2026-05-23T01:23:39.623,420221,1023,0.824,1.228,2.184,55.14,5000,121.31,1,122.55,0.713,84,0.961,0.0,178
2026-05-23T01:23:39.734,420326,1512,1.218,1.815,3.945,59.98,5000,131.96,1,122.55,0.713,84,0.961,0.0,178
2026-05-23T01:23:39.857,420432,1100,0.886,1.32,2.461,59.98,5000,131.96,1,122.55,0.713,84,0.961,0.0,178
2026-05-23T01:23:39.962,420537,708,0.571,0.85,1.05,59.98,5000,131.96,1,122.55,0.713,84,0.961,0.0,178
2026-05-23T01:23:40.064,420642,1002,0.807,1.203,2.108,59.98,5000,131.96,1,122.55,0.713,84,0.961,0.0,178
2026-05-23T01:23:40.164,420747,1278,1.03,1.534,3.102,59.98,5000,131.96,1,122.55,0.713,84,0.961,0.0,178
2026-05-23T01:23:40.265,420852,1204,0.97,1.445,2.836,59.98,5000,131.96,1,122.55,0.713,84,0.961,0.0,178
2026-05-23T01:23:40.374,420957,822,0.662,0.987,1.46,59.98,5000,131.96,1,122.55,0.713,84,0.961,0.0,178
2026-05-23T01:23:40.543,421120,916,0.738,1.1,1.799,59.98,5000,131.96,1,130.77,0.769,97,0.964,0.0,178
2026-05-23T01:23:40.656,421226,1170,0.943,1.404,2.713,59.98,5000,131.96,1,130.77,0.769,97,0.964,0.0,178
2026-05-23T01:23:40.761,421331,1293,1.042,1.552,3.156,59.98,5000,131.96,1,130.77,0.769,97,0.964,0.0,178
2026-05-23T01:23:40.876,421436,1044,0.841,1.253,2.259,59.98,5000,131.96,1,130.77,0.769,97,0.964,0.0,178
2026-05-23T01:23:40.932,421541,781,0.629,0.937,1.312,59.98,5000,131.96,1,130.77,0.769,97,0.964,0.0,178
2026-05-23T01:23:41.042,421646,1064,0.857,1.277,2.331,59.98,5000,131.96,1,130.77,0.769,97,0.964,0.0,178
2026-05-23T01:23:41.167,421751,1302,1.049,1.563,3.188,59.98,5000,131.96,1,130.77,0.769,97,0.964,0.0,178
2026-05-23T01:23:41.291,421856,1138,0.917,1.366,2.598,59.98,5000,131.96,1,130.77,0.769,97,0.964,0.0,178
2026-05-23T01:23:41.401,421961,754,0.608,0.905,1.215,59.98,5000,131.96,1,130.77,0.769,97,0.964,0.0,178
2026-05-23T01:23:41.514,422115,963,0.776,1.156,1.968,59.98,5000,131.96,1,132.22,0.778,99,0.962,0.0,178
2026-05-23T01:23:41.634,422221,827,0.666,0.993,1.478,59.98,5000,131.96,1,132.22,0.778,99,0.962,0.0,178
2026-05-23T01:23:41.760,422326,905,0.729,1.086,1.759,59.98,5000,131.96,1,132.22,0.778,99,0.962,0.0,178
2026-05-23T01:23:41.820,422431,1266,1.02,1.52,3.059,59.98,5000,131.96,1,132.22,0.778,99,0.962,0.0,178
2026-05-23T01:23:41.944,422536,1249,1.007,1.499,2.998,59.98,5000,131.96,1,132.22,0.778,99,0.962,0.0,178
2026-05-23T01:23:42.070,422641,952,0.767,1.143,1.928,59.98,5000,131.96,1,132.22,0.778,99,0.962,0.0,178
2026-05-23T01:23:42.192,422746,864,0.696,1.037,1.611,59.98,5000,131.96,1,132.22,0.778,99,0.962,0.0,178
2026-05-23T01:23:42.255,422851,1154,0.93,1.385,2.656,59.98,5000,131.96,1,132.22,0.778,99,0.962,0.0,178
2026-05-23T01:23:42.379,422956,1296,1.044,1.556,3.167,59.98,5000,131.96,1,132.22,0.778,99,0.962,0.0,178
2026-05-23T01:23:42.505,423061,1063,0.857,1.276,2.328,59.98,5000,131.96,1,132.22,0.778,99,0.962,0.0,178
2026-05-23T01:23:42.566,423163,922,0.743,1.107,1.82,59.98,5000,131.96,1,132.22,0.777,99,0.963,0.0,178
2026-05-23T01:23:42.693,423268,869,0.7,1.043,1.629,59.98,5000,131.96,1,132.22,0.777,99,0.963,0.0,178
2026-05-23T01:23:42.815,423373,1188,0.957,1.426,2.778,59.98,5000,131.96,1,132.22,0.777,99,0.963,0.0,178
2026-05-23T01:23:42.879,423478,1277,1.029,1.533,3.098,59.98,5000,131.96,1,132.22,0.777,99,0.963,0.0,178
2026-05-23T01:23:43.005,423583,1036,0.835,1.244,2.231,59.98,5000,131.96,1,132.22,0.777,99,0.963,0.0,178
2026-05-23T01:23:43.129,423688,792,0.638,0.951,1.352,59.98,5000,131.96,1,132.22,0.777,99,0.963,0.0,178
2026-05-23T01:23:43.191,423793,1074,0.865,1.289,2.367,59.98,5000,131.96,1,132.22,0.777,99,0.963,0.0,178
2026-05-23T01:23:43.316,423898,1292,1.041,1.551,3.152,59.98,5000,131.96,1,132.22,0.777,99,0.963,0.0,178
2026-05-23T01:23:43.441,424003,1142,0.92,1.371,2.612,59.98,5000,131.96,1,132.22,0.777,99,0.963,0.0,178
2026-05-23T01:23:43.565,424145,924,0.745,1.109,1.827,59.98,5000,131.96,1,132.12,0.777,99,0.964,0.0,178
2026-05-23T01:23:43.691,424250,804,0.648,0.965,1.395,59.98,5000,131.96,1,132.12,0.777,99,0.964,0.0,178
2026-05-23T01:23:43.752,424355,1092,0.88,1.311,2.432,59.98,5000,131.96,1,132.12,0.777,99,0.964,0.0,178
2026-05-23T01:23:43.877,424460,1299,1.047,1.559,3.178,59.98,5000,131.96,1,132.12,0.777,99,0.964,0.0,178
2026-05-23T01:23:44.002,424565,1140,0.919,1.368,2.605,59.98,5000,131.96,1,132.12,0.777,99,0.964,0.0,178
2026-05-23T01:23:44.062,424670,733,0.591,0.88,1.14,59.98,5000,131.96,1,132.12,0.777,99,0.964,0.0,178
2026-05-23T01:23:44.187,424775,977,0.787,1.173,2.018,59.98,5000,131.96,1,132.12,0.777,99,0.964,0.0,178
2026-05-23T01:23:44.312,424880,1299,1.047,1.559,3.178,59.98,5000,131.96,1,132.12,0.777,99,0.964,0.0,178
2026-05-23T01:23:44.375,424985,1217,0.981,1.461,2.882,59.98,5000,131.96,1,132.12,0.777,99,0.964,0.0,178
2026-05-23T01:23:44.561,425139,864,0.696,1.037,1.611,59.98,5000,131.96,1,132.14,0.776,99,0.965,0.0,178
2026-05-23T01:23:44.621,425245,1278,1.03,1.534,3.102,59.98,5000,131.96,1,132.14,0.776,99,0.965,0.0,178
2026-05-23T01:23:44.745,425350,948,0.764,1.138,1.914,59.98,5000,131.96,1,132.14,0.776,99,0.965,0.0,178
2026-05-23T01:23:44.869,425455,893,0.72,1.072,1.716,59.98,5000,131.96,1,132.14,0.776,99,0.965,0.0,178
2026-05-23T01:23:44.993,425560,1199,0.966,1.439,2.818,59.98,5000,131.96,1,132.14,0.776,99,0.965,0.0,178
2026-05-23T01:23:45.055,425665,1326,1.069,1.592,3.275,59.98,5000,131.96,1,132.14,0.776,99,0.965,0.0,178
2026-05-23T01:23:45.180,425770,1065,0.858,1.278,2.335,59.98,5000,131.96,1,132.14,0.776,99,0.965,0.0,178
2026-05-23T01:23:45.302,425875,787,0.634,0.945,1.334,59.98,5000,131.96,1,132.14,0.776,99,0.965,0.0,178
2026-05-23T01:23:45.366,425980,1090,0.878,1.308,2.425,59.98,5000,131.96,1,132.14,0.776,99,0.965,0.0,178
2026-05-23T01:23:45.490,426085,1337,1.077,1.605,3.315,59.98,5000,131.96,1,132.14,0.776,99,0.965,0.0,178
2026-05-23T01:23:45.614,426187,1315,1.06,1.578,3.235,59.98,5000,131.96,1,132.12,0.776,99,0.965,0.0,178
2026-05-23T01:23:45.676,426292,1046,0.843,1.256,2.267,59.98,5000,131.96,1,132.12,0.776,99,0.965,0.0,178
2026-05-23T01:23:45.798,426397,812,0.654,0.975,1.424,59.98,5000,131.96,1,132.12,0.776,99,0.965,0.0,178
2026-05-23T01:23:45.923,426502,1110,0.895,1.332,2.497,59.98,5000,131.96,1,132.12,0.776,99,0.965,0.0,178
2026-05-23T01:23:45.985,426607,1328,1.07,1.594,3.282,59.98,5000,131.96,1,132.12,0.776,99,0.965,0.0,178
2026-05-23T01:23:46.109,426712,1165,0.939,1.398,2.695,59.98,5000,131.96,1,132.12,0.776,99,0.965,0.0,178
2026-05-23T01:23:46.234,426817,740,0.596,0.888,1.165,59.98,5000,131.96,1,132.12,0.776,99,0.965,0.0,178
2026-05-23T01:23:46.297,426922,990,0.798,1.188,2.065,59.98,5000,131.96,1,132.12,0.776,99,0.965,0.0,178
2026-05-23T01:23:46.423,427027,1315,1.06,1.578,3.235,59.98,5000,131.96,1,132.12,0.776,99,0.965,0.0,178
2026-05-23T01:23:46.547,427169,1319,1.063,1.583,3.25,59.98,5000,131.96,1,132.13,0.775,99,0.966,0.0,178
2026-05-23T01:23:46.672,427274,1151,0.928,1.382,2.645,59.98,5000,131.96,1,132.13,0.775,99,0.966,0.0,178
2026-05-23T01:23:46.795,427379,734,0.592,0.881,1.143,59.98,5000,131.96,1,132.13,0.775,99,0.966,0.0,178
2026-05-23T01:23:46.857,427484,988,0.796,1.186,2.058,59.98,5000,131.96,1,132.13,0.775,99,0.966,0.0,178
2026-05-23T01:23:46.981,427589,1314,1.059,1.577,3.232,59.98,5000,131.96,1,132.13,0.775,99,0.966,0.0,178
2026-05-23T01:23:47.106,427694,1238,0.998,1.486,2.958,59.98,5000,131.96,1,132.13,0.775,99,0.966,0.0,178
2026-05-23T01:23:47.169,427799,874,0.704,1.049,1.647,59.98,5000,131.96,1,132.13,0.775,99,0.966,0.0,178
2026-05-23T01:23:47.292,427904,913,0.736,1.096,1.788,59.98,5000,131.96,1,132.13,0.775,99,0.966,0.0,178
2026-05-23T01:23:47.417,428009,1263,1.018,1.516,3.048,59.98,5000,131.96,1,132.13,0.775,99,0.966,0.0,178
2026-05-23T01:23:47.589,428163,1288,1.038,1.546,3.138,59.98,5000,131.96,1,132.05,0.774,99,0.968,0.0,178
2026-05-23T01:23:47.652,428269,1178,0.949,1.414,2.742,59.98,5000,131.96,1,132.05,0.774,99,0.968,0.0,178
2026-05-23T01:23:47.776,428374,1315,1.06,1.578,3.235,59.98,5000,131.96,1,132.05,0.774,99,0.968,0.0,178
2026-05-23T01:23:47.900,428479,1076,0.867,1.292,2.375,59.98,5000,131.96,1,132.05,0.774,99,0.968,0.0,178
2026-05-23T01:23:47.963,428584,764,0.616,0.917,1.251,59.98,5000,131.96,1,132.05,0.774,99,0.968,0.0,178
2026-05-23T01:23:48.087,428689,1055,0.85,1.266,2.299,59.98,5000,131.96,1,132.05,0.774,99,0.968,0.0,178
2026-05-23T01:23:48.211,428794,1330,1.072,1.596,3.289,59.98,5000,131.96,1,132.05,0.774,99,0.968,0.0,178
2026-05-23T01:23:48.272,428899,1190,0.959,1.428,2.785,59.98,5000,131.96,1,132.05,0.774,99,0.968,0.0,178
2026-05-23T01:23:48.398,429004,791,0.637,0.949,1.348,59.98,5000,131.96,1,132.05,0.774,99,0.968,0.0,178
2026-05-23T01:23:48.518,429109,932,0.751,1.119,1.856,59.98,5000,131.96,1,132.05,0.774,99,0.968,0.0,178
2026-05-23T01:23:48.580,429211,1078,0.869,1.294,2.382,59.98,5000,131.96,1,131.99,0.773,99,0.97,0.0,178
2026-05-23T01:23:48.705,429316,1317,1.061,1.581,3.243,59.98,5000,131.96,1,131.99,0.773,99,0.97,0.0,178
2026-05-23T01:23:48.831,429421,1170,0.943,1.404,2.713,59.98,5000,131.96,1,131.99,0.773,99,0.97,0.0,178
2026-05-23T01:23:48.893,429526,763,0.615,0.916,1.248,59.98,5000,131.96,1,131.99,0.773,99,0.97,0.0,178
2026-05-23T01:23:49.015,429631,933,0.752,1.12,1.86,59.98,5000,131.96,1,131.99,0.773,99,0.97,0.0,178
2026-05-23T01:23:49.141,429736,1266,1.02,1.52,3.059,59.98,5000,131.96,1,131.99,0.773,99,0.97,0.0,178
2026-05-23T01:23:49.202,429841,1238,0.998,1.486,2.958,59.98,5000,131.96,1,131.99,0.773,99,0.97,0.0,178
2026-05-23T01:23:49.327,429946,904,0.728,1.085,1.755,59.98,5000,131.96,1,131.99,0.773,99,0.97,0.0,178
2026-05-23T01:23:49.452,430051,871,0.702,1.045,1.636,59.98,5000,131.96,1,131.99,0.773,99,0.97,0.0,178
2026-05-23T01:23:49.577,430193,1031,0.831,1.238,2.213,59.98,5000,131.96,1,131.98,0.773,99,0.97,0.0,178
2026-05-23T01:23:49.700,430298,1255,1.011,1.506,3.019,59.98,5000,131.96,1,131.98,0.773,99,0.97,0.0,178
2026-05-23T01:23:49.761,430403,1231,0.992,1.478,2.933,59.98,5000,131.96,1,131.98,0.773,99,0.97,0.0,178
2026-05-23T01:23:49.888,430508,891,0.718,1.069,1.708,59.98,5000,131.96,1,131.98,0.773,99,0.97,0.0,178
2026-05-23T01:23:50.012,430613,867,0.699,1.041,1.622,59.98,5000,131.96,1,131.98,0.773,99,0.97,0.0,178
2026-05-23T01:23:50.075,430718,1180,0.951,1.416,2.749,59.98,5000,131.96,1,131.98,0.773,99,0.97,0.0,178
2026-05-23T01:23:50.201,430823,1248,1.006,1.498,2.994,59.98,5000,131.96,1,131.98,0.773,99,0.97,0.0,178
2026-05-23T01:23:50.322,430928,987,0.795,1.185,2.054,59.98,5000,131.96,1,131.98,0.773,99,0.97,0.0,178
2026-05-23T01:23:50.449,431033,793,0.639,0.952,1.356,59.98,5000,131.96,1,131.98,0.773,99,0.97,0.0,178
2026-05-23T01:23:50.573,431187,1067,0.86,1.281,2.342,59.98,5000,131.96,1,132.08,0.773,99,0.969,0.0,178
2026-05-23T01:23:50.696,431293,713,0.575,0.856,1.068,59.98,5000,131.96,1,132.08,0.773,99,0.969,0.0,178
2026-05-23T01:23:50.759,431398,996,0.803,1.196,2.087,59.98,5000,131.96,1,132.08,0.773,99,0.969,0.0,178
2026-05-23T01:23:50.885,431503,1296,1.044,1.556,3.167,59.98,5000,131.96,1,132.08,0.773,99,0.969,0.0,178
2026-05-23T01:23:51.009,431608,1204,0.97,1.445,2.836,59.98,5000,131.96,1,132.08,0.773,99,0.969,0.0,178
2026-05-23T01:23:51.070,431713,803,0.647,0.964,1.392,59.98,5000,131.96,1,132.08,0.773,99,0.969,0.0,178
2026-05-23T01:23:51.195,431818,925,0.745,1.11,1.831,59.98,5000,131.96,1,132.08,0.773,99,0.969,0.0,178
2026-05-23T01:23:51.318,431923,1290,1.04,1.548,3.145,59.98,5000,131.96,1,132.08,0.773,99,0.969,0.0,178
2026-05-23T01:23:51.380,432028,1272,1.025,1.527,3.08,59.98,5000,131.96,1,132.08,0.773,99,0.969,0.0,178
2026-05-23T01:23:51.505,432133,954,0.769,1.145,1.935,59.98,5000,131.96,1,132.08,0.773,99,0.969,0.0,178
2026-05-23T01:23:51.818,432412,1198,0.965,1.438,2.814,59.98,5000,131.96,0,132.08,0.773,99,0.969,0.0,179
2026-05-23T01:23:51.881,432517,702,0.566,0.843,1.028,59.98,5000,131.96,0,132.08,0.773,99,0.969,0.0,179
2026-05-23T01:23:52.005,432622,997,0.803,1.197,2.09,59.98,5000,131.96,0,132.08,0.773,99,0.969,0.0,179
2026-05-23T01:23:52.129,432727,1297,1.045,1.557,3.17,59.98,5000,131.96,0,132.08,0.773,99,0.969,0.0,179
2026-05-23T01:23:52.189,432832,1210,0.975,1.452,2.857,59.98,5000,131.96,0,132.08,0.773,99,0.969,0.0,179
2026-05-23T01:23:52.314,432937,826,0.666,0.991,1.474,59.98,5000,131.96,0,132.08,0.773,99,0.969,0.0,179
2026-05-23T01:23:52.437,433042,894,0.72,1.073,1.719,59.98,5000,131.96,0,132.08,0.773,99,0.969,0.0,179
2026-05-23T01:23:52.499,433147,1248,1.006,1.498,2.994,59.98,5000,131.96,0,132.08,0.773,99,0.969,0.0,179
2026-05-23T01:23:52.623,433249,1292,1.041,1.551,3.152,59.98,5000,131.96,1,132.12,0.757,97,0.969,0.0,179
2026-05-23T01:23:52.749,433354,1196,0.964,1.436,2.807,59.98,5000,131.96,1,132.12,0.757,97,0.969,0.0,179
2026-05-23T01:23:52.813,433459,810,0.653,0.972,1.417,59.98,5000,131.96,1,132.12,0.757,97,0.969,0.0,179
2026-05-23T01:23:52.938,433564,914,0.737,1.097,1.791,59.98,5000,131.96,1,132.12,0.757,97,0.969,0.0,179
2026-05-23T01:23:53.062,433669,1252,1.009,1.503,3.008,59.98,5000,131.96,1,132.12,0.757,97,0.969,0.0,179
2026-05-23T01:23:53.124,433774,1261,1.016,1.514,3.041,59.98,5000,131.96,1,132.12,0.757,97,0.969,0.0,179
2026-05-23T01:23:53.245,433879,947,0.763,1.137,1.91,59.98,5000,131.96,1,132.12,0.757,97,0.969,0.0,179
2026-05-23T01:23:53.371,433984,857,0.691,1.029,1.586,59.98,5000,131.96,1,132.12,0.757,97,0.969,0.0,179
2026-05-23T01:23:53.474,434089,1132,0.912,1.359,2.576,59.98,5000,131.96,1,132.12,0.757,97,0.969,0.0,179
2026-05-23T01:23:53.591,434231,1275,1.027,1.53,3.091,59.98,5000,131.96,1,132.14,0.757,97,0.969,0.0,179
2026-05-23T01:23:53.703,434337,1216,0.98,1.46,2.879,59.98,5000,131.96,1,132.14,0.757,97,0.969,0.0,179
2026-05-23T01:23:53.804,434442,851,0.686,1.021,1.564,59.98,5000,131.96,1,132.14,0.757,97,0.969,0.0,179
2026-05-23T01:23:53.905,434547,876,0.706,1.051,1.654,59.98,5000,131.96,1,132.14,0.757,97,0.969,0.0,179
2026-05-23T01:23:54.006,434652,1235,0.995,1.482,2.947,59.98,5000,131.96,1,132.14,0.757,97,0.969,0.0,179
2026-05-23T01:23:54.122,434757,1252,1.009,1.503,3.008,59.98,5000,131.96,1,132.14,0.757,97,0.969,0.0,179
2026-05-23T01:23:54.225,434862,986,0.795,1.184,2.051,59.98,5000,131.96,1,132.14,0.757,97,0.969,0.0,179
2026-05-23T01:23:54.325,434967,831,0.67,0.997,1.492,59.98,5000,131.96,1,132.14,0.757,97,0.969,0.0,179
2026-05-23T01:23:54.429,435072,1103,0.889,1.324,2.472,59.98,5000,131.96,1,132.14,0.757,97,0.969,0.0,179
2026-05-23T01:23:54.580,435236,1274,1.027,1.529,3.088,59.98,5000,131.96,1,132.15,0.757,97,0.969,0.0,179
2026-05-23T01:23:54.680,435341,1185,0.955,1.422,2.767,59.98,5000,131.96,1,132.15,0.757,97,0.969,0.0,179
2026-05-23T01:23:54.796,435446,802,0.646,0.963,1.388,59.98,5000,131.96,1,132.15,0.757,97,0.969,0.0,179
2026-05-23T01:23:54.897,435551,906,0.73,1.087,1.762,59.98,5000,131.96,1,132.15,0.757,97,0.969,0.0,179
2026-05-23T01:23:55.006,435656,1258,1.014,1.51,3.03,59.98,5000,131.96,1,132.15,0.757,97,0.969,0.0,179
2026-05-23T01:23:55.106,435761,1248,1.006,1.498,2.994,59.98,5000,131.96,1,132.15,0.757,97,0.969,0.0,179
2026-05-23T01:23:55.229,435866,941,0.758,1.13,1.889,59.98,5000,131.96,1,132.15,0.757,97,0.969,0.0,179
2026-05-23T01:23:55.337,435971,855,0.689,1.026,1.579,59.98,5000,131.96,1,132.15,0.757,97,0.969,0.0,179
2026-05-23T01:23:55.444,436076,1137,0.916,1.365,2.594,59.98,5000,131.96,1,132.15,0.757,97,0.969,0.0,179
2026-05-23T01:23:55.598,436230,1287,1.037,1.545,3.134,59.98,5000,131.96,1,132.16,0.756,97,0.97,0.0,179
2026-05-23T01:23:55.716,436336,1068,0.861,1.282,2.346,59.98,5000,131.96,1,132.16,0.756,97,0.97,0.0,179
2026-05-23T01:23:55.833,436441,1279,1.031,1.535,3.106,59.98,5000,131.96,1,132.16,0.756,97,0.97,0.0,179
2026-05-23T01:23:55.889,436546,1136,0.915,1.364,2.591,59.98,5000,131.96,1,132.16,0.756,97,0.97,0.0,179
2026-05-23T01:23:56.007,436651,730,0.588,0.876,1.129,59.98,5000,131.96,1,132.16,0.756,97,0.97,0.0,179
2026-05-23T01:23:56.132,436756,937,0.755,1.125,1.874,59.98,5000,131.96,1,132.16,0.756,97,0.97,0.0,179
2026-05-23T01:23:56.195,436861,1271,1.024,1.526,3.077,59.98,5000,131.96,1,132.16,0.756,97,0.97,0.0,179
2026-05-23T01:23:56.317,436966,1216,0.98,1.46,2.879,59.98,5000,131.96,1,132.16,0.756,97,0.97,0.0,179
2026-05-23T01:23:56.433,437071,887,0.715,1.065,1.694,59.98,5000,131.96,1,132.16,0.756,97,0.97,0.0,179
2026-05-23T01:23:56.552,437176,863,0.695,1.036,1.608,59.98,5000,131.96,1,132.16,0.756,97,0.97,0.0,179
2026-05-23T01:23:56.661,437283,1292,1.041,1.551,3.152,59.98,5000,131.96,1,132.13,0.756,97,0.971,0.0,179
2026-05-23T01:23:56.722,437388,1200,0.967,1.44,2.821,59.98,5000,131.96,1,132.13,0.756,97,0.971,0.0,179
2026-05-23T01:23:56.847,437493,834,0.672,1.001,1.503,59.98,5000,131.96,1,132.13,0.756,97,0.971,0.0,179
2026-05-23T01:23:56.963,437598,881,0.71,1.057,1.672,59.98,5000,131.96,1,132.13,0.756,97,0.971,0.0,179
2026-05-23T01:23:57.082,437703,1229,0.99,1.475,2.926,59.98,5000,131.96,1,132.13,0.756,97,0.971,0.0,179
2026-05-23T01:23:57.137,437808,1254,1.011,1.505,3.016,59.98,5000,131.96,1,132.13,0.756,97,0.971,0.0,179
2026-05-23T01:23:57.254,437913,969,0.781,1.163,1.989,59.98,5000,131.96,1,132.13,0.756,97,0.971,0.0,179
2026-05-23T01:23:57.368,438018,835,0.673,1.002,1.507,59.98,5000,131.96,1,132.13,0.756,97,0.971,0.0,179
2026-05-23T01:23:57.488,438123,1101,0.887,1.322,2.465,59.98,5000,131.96,1,132.13,0.756,97,0.971,0.0,179
2026-05-23T01:23:57.606,438250,885,0.713,1.062,1.687,59.98,5000,131.96,1,131.91,0.755,96,0.963,0.0,179
2026-05-23T01:23:57.721,438355,936,0.754,1.124,1.871,59.98,5000,131.96,1,131.91,0.755,96,0.963,0.0,179
2026-05-23T01:23:57.830,438460,848,0.683,1.018,1.554,59.98,5000,131.96,1,131.91,0.755,96,0.963,0.0,179
2026-05-23T01:23:57.894,438565,1137,0.916,1.365,2.594,59.98,5000,131.96,1,131.91,0.755,96,0.963,0.0,179
2026-05-23T01:23:58.020,438670,1276,1.028,1.532,3.095,59.98,5000,131.96,1,131.91,0.755,96,0.963,0.0,179
2026-05-23T01:23:58.145,438775,1065,0.858,1.278,2.335,59.98,5000,131.96,1,131.91,0.755,96,0.963,0.0,179
2026-05-23T01:23:58.206,438880,738,0.595,0.886,1.158,59.98,5000,131.96,1,131.91,0.755,96,0.963,0.0,179
2026-05-23T01:23:58.331,438985,1012,0.816,1.215,2.144,59.98,5000,131.96,1,131.91,0.755,96,0.963,0.0,179
2026-05-23T01:23:58.456,439090,1286,1.036,1.544,3.131,59.98,5000,131.96,1,131.91,0.755,96,0.963,0.0,179
2026-05-23T01:23:58.627,439244,1183,0.953,1.42,2.76,59.98,5000,131.96,1,131.9,0.755,96,0.964,0.0,179
2026-05-23T01:23:58.690,439350,1272,1.025,1.527,3.08,59.98,5000,131.96,1,131.9,0.755,96,0.964,0.0,179
2026-05-23T01:23:58.813,439455,1218,0.982,1.462,2.886,59.98,5000,131.96,1,131.9,0.755,96,0.964,0.0,179
2026-05-23T01:23:58.926,439560,896,0.722,1.075,1.726,59.98,5000,131.96,1,131.9,0.755,96,0.964,0.0,179
2026-05-23T01:23:59.047,439665,863,0.695,1.036,1.608,59.98,5000,131.96,1,131.9,0.755,96,0.964,0.0,179
2026-05-23T01:23:59.109,439770,1179,0.95,1.415,2.746,59.98,5000,131.96,1,131.9,0.755,96,0.964,0.0,179
2026-05-23T01:23:59.233,439875,1271,1.024,1.526,3.077,59.98,5000,131.96,1,131.9,0.755,96,0.964,0.0,179
2026-05-23T01:23:59.360,439980,1023,0.824,1.228,2.184,59.98,5000,131.96,1,131.9,0.755,96,0.964,0.0,179
2026-05-23T01:23:59.420,440085,774,0.624,0.929,1.287,59.98,5000,131.96,1,131.9,0.755,96,0.964,0.0,179
2026-05-23T01:23:59.544,440190,1050,0.846,1.26,2.281,59.98,5000,131.96,1,131.9,0.755,96,0.964,0.0,179
2026-05-23T01:23:59.667,440292,1193,0.961,1.432,2.796,59.98,5000,131.96,1,131.91,0.754,96,0.965,0.0,179
2026-05-23T01:23:59.729,440397,1261,1.016,1.514,3.041,59.98,5000,131.96,1,131.91,0.754,96,0.965,0.0,179
2026-05-23T01:23:59.854,440502,1034,0.833,1.241,2.223,59.98,5000,131.96,1,131.91,0.754,96,0.965,0.0,179
2026-05-23T01:23:59.956,440607,788,0.635,0.946,1.338,59.98,5000,131.96,1,131.91,0.754,96,0.965,0.0,179
2026-05-23T01:24:00.056,440712,1062,0.856,1.275,2.324,59.98,5000,131.96,1,131.91,0.754,96,0.965,0.0,179
2026-05-23T01:24:00.180,440817,1278,1.03,1.534,3.102,59.98,5000,131.96,1,131.91,0.754,96,0.965,0.0,179
2026-05-23T01:24:00.244,440922,1135,0.915,1.362,2.587,59.98,5000,131.96,1,131.91,0.754,96,0.965,0.0,179
2026-05-23T01:24:00.368,441027,743,0.599,0.892,1.176,59.98,5000,131.96,1,131.91,0.754,96,0.965,0.0,179
2026-05-23T01:24:00.493,441132,927,0.747,1.113,1.838,59.98,5000,131.96,1,131.91,0.754,96,0.965,0.0,179
2026-05-23T01:24:00.619,441274,1141,0.919,1.37,2.609,59.98,5000,131.96,1,132.05,0.755,96,0.962,0.0,179
2026-05-23T01:24:00.734,441379,1295,1.044,1.554,3.163,59.98,5000,131.96,1,132.05,0.755,96,0.962,0.0,179
2026-05-23T01:24:00.851,441484,1146,0.924,1.376,2.627,59.98,5000,131.96,1,132.05,0.755,96,0.962,0.0,179
2026-05-23T01:24:00.952,441589,757,0.61,0.909,1.226,65.01,5000,143.02,1,132.05,0.755,96,0.962,0.0,179
2026-05-23T01:24:01.053,441694,928,0.748,1.114,1.842,65.01,5000,143.02,1,132.05,0.755,96,0.962,0.0,179
2026-05-23T01:24:01.154,441799,1261,1.016,1.514,3.041,65.01,5000,143.02,1,132.05,0.755,96,0.962,0.0,179
2026-05-23T01:24:01.255,441904,1228,0.99,1.474,2.922,65.01,5000,143.02,1,132.05,0.755,96,0.962,0.0,179
2026-05-23T01:24:01.366,442009,910,0.733,1.092,1.777,65.01,5000,143.02,1,132.05,0.755,96,0.962,0.0,179
2026-05-23T01:24:01.474,442114,876,0.706,1.051,1.654,65.01,5000,143.02,1,132.05,0.755,96,0.962,0.0,179
2026-05-23T01:24:01.581,442268,1173,0.945,1.408,2.724,65.01,5000,143.02,1,140.01,0.804,110,0.977,0.0,179
2026-05-23T01:24:01.692,442374,842,0.679,1.011,1.532,65.01,5000,143.02,1,140.01,0.804,110,0.977,0.0,179
2026-05-23T01:24:01.803,442479,1102,0.888,1.323,2.468,65.01,5000,143.02,1,140.01,0.804,110,0.977,0.0,179
2026-05-23T01:24:01.927,442584,1290,1.04,1.548,3.145,65.01,5000,143.02,1,140.01,0.804,110,0.977,0.0,179
2026-05-23T01:24:02.050,442689,1120,0.903,1.344,2.533,65.01,5000,143.02,1,140.01,0.804,110,0.977,0.0,179
2026-05-23T01:24:02.109,442794,728,0.587,0.874,1.122,65.01,5000,143.02,1,140.01,0.804,110,0.977,0.0,179
2026-05-23T01:24:02.234,442899,978,0.788,1.174,2.022,65.01,5000,143.02,1,140.01,0.804,110,0.977,0.0,179
2026-05-23T01:24:02.359,443004,1273,1.026,1.528,3.084,65.01,5000,143.02,1,140.01,0.804,110,0.977,0.0,179
2026-05-23T01:24:02.423,443109,1221,0.984,1.466,2.897,65.01,5000,143.02,1,140.01,0.804,110,0.977,0.0,179
2026-05-23T01:24:02.547,443214,880,0.709,1.056,1.669,65.01,5000,143.02,1,140.01,0.804,110,0.977,0.0,179
2026-05-23T01:24:02.672,443316,726,0.585,0.871,1.114,65.01,5000,143.02,1,142.32,0.761,106,0.978,0.0,179
2026-05-23T01:24:02.734,443421,971,0.782,1.166,1.997,65.01,5000,143.02,1,142.32,0.761,106,0.978,0.0,179
2026-05-23T01:24:02.859,443526,1271,1.024,1.526,3.077,65.01,5000,143.02,1,142.32,0.761,106,0.978,0.0,179
2026-05-23T01:24:02.984,443631,1218,0.982,1.462,2.886,65.01,5000,143.02,1,142.32,0.761,106,0.978,0.0,179
2026-05-23T01:24:03.045,443736,881,0.71,1.057,1.672,65.01,5000,143.02,1,142.32,0.761,106,0.978,0.0,179
2026-05-23T01:24:03.170,443841,888,0.716,1.066,1.698,65.01,5000,143.02,1,142.32,0.761,106,0.978,0.0,179
2026-05-23T01:24:03.294,443946,1218,0.982,1.462,2.886,65.01,5000,143.02,1,142.32,0.761,106,0.978,0.0,179
2026-05-23T01:24:03.419,444051,1261,1.016,1.514,3.041,65.01,5000,143.02,1,142.32,0.761,106,0.978,0.0,179
2026-05-23T01:24:03.482,444156,1002,0.807,1.203,2.108,65.01,5000,143.02,1,142.32,0.761,106,0.978,0.0,179
2026-05-23T01:24:03.605,444298,770,0.621,0.924,1.273,65.01,5000,143.02,1,142.43,0.706,98,0.974,0.0,179
2026-05-23T01:24:03.732,444403,874,0.704,1.049,1.647,65.01,5000,143.02,1,142.43,0.706,98,0.974,0.0,179
2026-05-23T01:24:03.856,444508,1198,0.965,1.438,2.814,65.01,5000,143.02,1,142.43,0.706,98,0.974,0.0,179
2026-05-23T01:24:03.919,444613,1273,1.026,1.528,3.084,65.01,5000,143.02,1,142.43,0.706,98,0.974,0.0,179
2026-05-23T01:24:04.044,444718,1016,0.819,1.22,2.159,65.01,5000,143.02,1,142.43,0.706,98,0.974,0.0,179
2026-05-23T01:24:04.167,444823,792,0.638,0.951,1.352,65.01,5000,143.02,1,142.43,0.706,98,0.974,0.0,179
2026-05-23T01:24:04.292,444928,1069,0.861,1.283,2.349,65.01,5000,143.02,1,142.43,0.706,98,0.974,0.0,179
2026-05-23T01:24:04.355,445033,1301,1.048,1.562,3.185,65.01,5000,143.02,1,142.43,0.706,98,0.974,0.0,179
2026-05-23T01:24:04.479,445138,1150,0.927,1.38,2.641,65.01,5000,143.02,1,142.43,0.706,98,0.974,0.0,179
2026-05-23T01:24:04.604,445292,758,0.611,0.91,1.23,65.01,5000,143.02,1,142.49,0.69,96,0.976,0.0,179
2026-05-23T01:24:04.728,445398,1221,0.984,1.466,2.897,65.01,5000,143.02,1,142.49,0.69,96,0.976,0.0,179
2026-05-23T01:24:04.854,445503,860,0.693,1.032,1.597,65.01,5000,143.02,1,142.49,0.69,96,0.976,0.0,179
2026-05-23T01:24:04.913,445608,925,0.745,1.11,1.831,65.01,5000,143.02,1,142.49,0.69,96,0.976,0.0,179
2026-05-23T01:24:05.033,445713,1264,1.019,1.517,3.052,65.01,5000,143.02,1,142.49,0.69,96,0.976,0.0,179
2026-05-23T01:24:05.149,445818,1300,1.048,1.56,3.181,65.01,5000,143.02,1,142.49,0.69,96,0.976,0.0,179
2026-05-23T01:24:05.273,445923,1004,0.809,1.205,2.115,65.01,5000,143.02,1,142.49,0.69,96,0.976,0.0,179
2026-05-23T01:24:05.334,446028,846,0.682,1.015,1.546,65.01,5000,143.02,1,142.49,0.69,96,0.976,0.0,179
2026-05-23T01:24:05.460,446133,1138,0.917,1.366,2.598,65.01,5000,143.02,1,142.49,0.69,96,0.976,0.0,179
2026-05-23T01:24:05.571,446238,1323,1.066,1.588,3.264,65.01,5000,143.02,1,142.49,0.69,96,0.976,0.0,179
2026-05-23T01:24:05.691,446340,1287,1.037,1.545,3.134,65.01,5000,143.02,1,142.58,0.691,96,0.974,0.0,179
2026-05-23T01:24:05.755,446445,999,0.805,1.199,2.097,65.01,5000,143.02,1,142.58,0.691,96,0.974,0.0,179
2026-05-23T01:24:05.878,446550,847,0.683,1.017,1.55,65.01,5000,143.02,1,142.58,0.691,96,0.974,0.0,179
2026-05-23T01:24:06.005,446655,1134,0.914,1.361,2.584,65.01,5000,143.02,1,142.58,0.691,96,0.974,0.0,179
2026-05-23T01:24:06.068,446760,1335,1.076,1.602,3.307,65.01,5000,143.02,1,142.58,0.691,96,0.974,0.0,179
2026-05-23T01:24:06.190,446865,1137,0.916,1.365,2.594,65.01,5000,143.02,1,142.58,0.691,96,0.974,0.0,179
2026-05-23T01:24:06.314,446970,741,0.597,0.889,1.168,65.01,5000,143.02,1,142.58,0.691,96,0.974,0.0,179
2026-05-23T01:24:06.375,447075,993,0.8,1.192,2.076,65.01,5000,143.02,1,142.58,0.691,96,0.974,0.0,179
2026-05-23T01:24:06.501,447180,1317,1.061,1.581,3.243,65.01,5000,143.02,1,142.58,0.691,96,0.974,0.0,179
2026-05-23T01:24:06.625,447322,1314,1.059,1.577,3.232,65.01,5000,143.02,1,142.57,0.692,96,0.973,0.0,179
2026-05-23T01:24:06.750,447428,1075,0.866,1.29,2.371,65.01,5000,143.02,1,142.57,0.692,96,0.973,0.0,179
2026-05-23T01:24:06.873,447533,767,0.618,0.921,1.262,65.01,5000,143.02,1,142.57,0.692,96,0.973,0.0,179
2026-05-23T01:24:06.937,447638,1052,0.848,1.263,2.288,65.01,5000,143.02,1,142.57,0.692,96,0.973,0.0,179
2026-05-23T01:24:07.063,447743,1291,1.04,1.55,3.149,65.01,5000,143.02,1,142.57,0.692,96,0.973,0.0,179
2026-05-23T01:24:07.185,447848,1179,0.95,1.415,2.746,65.01,5000,143.02,1,142.57,0.692,96,0.973,0.0,179
2026-05-23T01:24:07.247,447953,797,0.642,0.957,1.37,65.01,5000,143.02,1,142.57,0.692,96,0.973,0.0,179
2026-05-23T01:24:07.371,448058,925,0.745,1.11,1.831,65.01,5000,143.02,1,142.57,0.692,96,0.973,0.0,179
2026-05-23T01:24:07.498,448163,1258,1.014,1.51,3.03,65.01,5000,143.02,1,142.57,0.692,96,0.973,0.0,179
2026-05-23T01:24:07.662,448327,1240,0.999,1.488,2.965,65.01,5000,143.02,1,142.58,0.691,96,0.974,0.0,179
2026-05-23T01:24:07.773,448432,1041,0.839,1.25,2.249,65.01,5000,143.02,1,142.58,0.691,96,0.974,0.0,179
2026-05-23T01:24:07.831,448537,758,0.611,0.91,1.23,65.01,5000,143.02,1,142.58,0.691,96,0.974,0.0,179
2026-05-23T01:24:07.957,448642,1038,0.836,1.246,2.238,65.01,5000,143.02,1,142.58,0.691,96,0.974,0.0,179
2026-05-23T01:24:08.068,448747,1276,1.028,1.532,3.095,65.01,5000,143.02,1,142.58,0.691,96,0.974,0.0,179
2026-05-23T01:24:08.188,448852,1160,0.935,1.392,2.677,65.01,5000,143.02,1,142.58,0.691,96,0.974,0.0,179
2026-05-23T01:24:08.248,448957,774,0.624,0.929,1.287,65.01,5000,143.02,1,142.58,0.691,96,0.974,0.0,179
2026-05-23T01:24:08.371,449062,922,0.743,1.107,1.82,65.01,5000,143.02,1,142.58,0.691,96,0.974,0.0,179
2026-05-23T01:24:08.496,449167,1252,1.009,1.503,3.008,65.01,5000,143.02,1,142.58,0.691,96,0.974,0.0,179
2026-05-23T01:24:08.621,449321,1236,0.996,1.484,2.951,65.01,5000,143.02,1,142.55,0.685,95,0.972,0.0,179
2026-05-23T01:24:08.733,449427,1200,0.967,1.44,2.821,65.01,5000,143.02,1,142.55,0.685,95,0.972,0.0,179
2026-05-23T01:24:08.854,449532,1258,1.014,1.51,3.03,65.01,5000,143.02,1,142.55,0.685,95,0.972,0.0,179
2026-05-23T01:24:08.979,449637,1007,0.812,1.209,2.126,65.01,5000,143.02,1,142.55,0.685,95,0.972,0.0,179
2026-05-23T01:24:09.041,449742,798,0.643,0.958,1.374,65.01,5000,143.02,1,142.55,0.685,95,0.972,0.0,179
2026-05-23T01:24:09.165,449847,1071,0.863,1.286,2.357,65.01,5000,143.02,1,142.55,0.685,95,0.972,0.0,179
2026-05-23T01:24:09.290,449952,1298,1.046,1.558,3.174,65.01,5000,143.02,1,142.55,0.685,95,0.972,0.0,179
2026-05-23T01:24:09.351,450057,1145,0.923,1.374,2.623,65.01,5000,143.02,1,142.55,0.685,95,0.972,0.0,179
2026-05-23T01:24:09.476,450162,747,0.602,0.897,1.19,65.01,5000,143.02,1,142.55,0.685,95,0.972,0.0,179
2026-05-23T01:24:09.602,450267,967,0.779,1.161,1.982,65.01,5000,143.02,1,142.55,0.685,95,0.972,0.0,179
2026-05-23T01:24:09.663,450369,1105,0.89,1.326,2.479,65.01,5000,143.02,1,142.52,0.683,95,0.975,0.0,179
2026-05-23T01:24:09.787,450474,1320,1.064,1.584,3.253,65.01,5000,143.02,1,142.52,0.683,95,0.975,0.0,179
2026-05-23T01:24:09.911,450579,1144,0.922,1.373,2.62,65.01,5000,143.02,1,142.52,0.683,95,0.975,0.0,179
2026-05-23T01:24:09.973,450684,746,0.601,0.895,1.186,65.01,5000,143.02,1,142.52,0.683,95,0.975,0.0,179
2026-05-23T01:24:10.099,450789,969,0.781,1.163,1.989,65.01,5000,143.02,1,142.52,0.683,95,0.975,0.0,179
2026-05-23T01:24:10.220,450894,1308,1.054,1.57,3.21,65.01,5000,143.02,1,142.52,0.683,95,0.975,0.0,179
2026-05-23T01:24:10.283,450999,1254,1.011,1.505,3.016,65.01,5000,143.02,1,142.52,0.683,95,0.975,0.0,179
2026-05-23T01:24:10.409,451104,919,0.741,1.103,1.809,65.01,5000,143.02,1,142.52,0.683,95,0.975,0.0,179
2026-05-23T01:24:10.532,451209,920,0.741,1.104,1.813,65.01,5000,143.02,1,142.52,0.683,95,0.975,0.0,179
2026-05-23T01:24:10.657,451351,1080,0.87,1.296,2.389,65.01,5000,143.02,1,142.51,0.681,95,0.978,0.0,179
2026-05-23T01:24:10.782,451456,1305,1.052,1.566,3.199,65.01,5000,143.02,1,142.51,0.681,95,0.978,0.0,179
2026-05-23T01:24:10.844,451561,1258,1.014,1.51,3.03,65.01,5000,143.02,1,142.51,0.681,95,0.978,0.0,179
2026-05-23T01:24:10.969,451666,922,0.743,1.107,1.82,65.01,5000,143.02,1,142.51,0.681,95,0.978,0.0,179
2026-05-23T01:24:11.093,451771,908,0.732,1.09,1.77,65.01,5000,143.02,1,142.51,0.681,95,0.978,0.0,179
2026-05-23T01:24:11.156,451876,1212,0.977,1.455,2.864,65.01,5000,143.02,1,142.51,0.681,95,0.978,0.0,179
2026-05-23T01:24:11.279,451981,1315,1.06,1.578,3.235,65.01,5000,143.02,1,142.51,0.681,95,0.978,0.0,179
2026-05-23T01:24:11.402,452086,1059,0.853,1.271,2.313,65.01,5000,143.02,1,142.51,0.681,95,0.978,0.0,179
2026-05-23T01:24:11.527,452191,792,0.638,0.951,1.352,65.01,5000,143.02,1,142.51,0.681,95,0.978,0.0,179
2026-05-23T01:24:11.651,452345,1086,0.875,1.304,2.411,65.01,5000,143.02,1,142.55,0.68,94,0.969,0.0,179
2026-05-23T01:24:11.778,452451,736,0.593,0.883,1.15,65.01,5000,143.02,1,142.55,0.68,94,0.969,0.0,179
2026-05-23T01:24:11.841,452556,998,0.804,1.198,2.094,65.01,5000,143.02,1,142.55,0.68,94,0.969,0.0,179
2026-05-23T01:24:11.967,452661,1317,1.061,1.581,3.243,65.01,5000,143.02,1,142.55,0.68,94,0.969,0.0,179
2026-05-23T01:24:12.091,452766,1241,1.0,1.49,2.969,65.01,5000,143.02,1,142.55,0.68,94,0.969,0.0,179
2026-05-23T01:24:12.152,452871,896,0.722,1.075,1.726,65.01,5000,143.02,1,142.55,0.68,94,0.969,0.0,179
2026-05-23T01:24:12.279,452976,903,0.728,1.084,1.752,65.01,5000,143.02,1,142.55,0.68,94,0.969,0.0,179
2026-05-23T01:24:12.402,453081,1238,0.998,1.486,2.958,65.01,5000,143.02,1,142.55,0.68,94,0.969,0.0,179
2026-05-23T01:24:12.465,453186,1291,1.04,1.55,3.149,65.01,5000,143.02,1,142.55,0.68,94,0.969,0.0,179
2026-05-23T01:24:12.587,453291,1015,0.818,1.218,2.155,65.01,5000,143.02,1,142.55,0.68,94,0.969,0.0,179
2026-05-23T01:24:12.714,453393,895,0.721,1.074,1.723,65.01,5000,143.02,1,142.53,0.68,94,0.969,0.0,179
2026-05-23T01:24:12.775,453498,892,0.719,1.071,1.712,65.01,5000,143.02,1,142.53,0.68,94,0.969,0.0,179
2026-05-23T01:24:12.898,453603,1199,0.966,1.439,2.818,65.01,5000,143.02,1,142.53,0.68,94,0.969,0.0,179
2026-05-23T01:24:12.999,453708,1270,1.023,1.524,3.073,65.01,5000,143.02,1,142.53,0.68,94,0.969,0.0,179
2026-05-23T01:24:13.101,453813,1019,0.821,1.223,2.169,65.01,5000,143.02,1,142.53,0.68,94,0.969,0.0,179
2026-05-23T01:24:13.202,453918,786,0.633,0.943,1.33,65.01,5000,143.02,1,142.53,0.68,94,0.969,0.0,179
2026-05-23T01:24:13.303,454023,1063,0.857,1.276,2.328,65.01,5000,143.02,1,142.53,0.68,94,0.969,0.0,179
2026-05-23T01:24:13.404,454128,1290,1.04,1.548,3.145,65.01,5000,143.02,1,142.53,0.68,94,0.969,0.0,179
2026-05-23T01:24:13.505,454233,1152,0.928,1.383,2.648,65.01,5000,143.02,1,142.53,0.68,94,0.969,0.0,179
2026-05-23T01:24:13.660,454375,944,0.761,1.133,1.899,65.01,5000,143.02,1,142.6,0.677,94,0.973,0.0,179
2026-05-23T01:24:13.761,454480,757,0.61,0.909,1.226,65.01,5000,143.02,1,142.6,0.677,94,0.973,0.0,179
2026-05-23T01:24:13.862,454585,1040,0.838,1.248,2.245,65.01,5000,143.02,1,142.6,0.677,94,0.973,0.0,179
2026-05-23T01:24:13.963,454690,1292,1.041,1.551,3.152,65.01,5000,143.02,1,142.6,0.677,94,0.973,0.0,179
2026-05-23T01:24:14.068,454795,1169,0.942,1.403,2.71,65.01,5000,143.02,1,142.6,0.677,94,0.973,0.0,179
2026-05-23T01:24:14.192,454900,782,0.63,0.939,1.316,65.01,5000,143.02,1,142.6,0.677,94,0.973,0.0,179
2026-05-23T01:24:14.295,455005,924,0.745,1.109,1.827,65.01,5000,143.02,1,142.6,0.677,94,0.973,0.0,179
2026-05-23T01:24:14.396,455110,1258,1.014,1.51,3.03,65.01,5000,143.02,1,142.6,0.677,94,0.973,0.0,179
2026-05-23T01:24:14.503,455215,1246,1.004,1.496,2.987,65.01,5000,143.02,1,142.6,0.677,94,0.973,0.0,179
2026-05-23T01:24:14.662,455370,931,0.75,1.118,1.853,65.01,5000,143.02,1,142.57,0.675,94,0.976,0.0,179
2026-05-23T01:24:14.764,455475,1271,1.024,1.526,3.077,65.01,5000,143.02,1,142.57,0.675,94,0.976,0.0,179
2026-05-23T01:24:14.865,455580,1016,0.819,1.22,2.159,65.01,5000,143.02,1,142.57,0.675,94,0.976,0.0,179
2026-05-23T01:24:14.966,455685,794,0.64,0.953,1.359,65.01,5000,143.02,1,142.57,0.675,94,0.976,0.0,179
2026-05-23T01:24:15.067,455790,1066,0.859,1.28,2.339,65.01,5000,143.02,1,142.57,0.675,94,0.976,0.0,179
2026-05-23T01:24:15.174,455895,1285,1.036,1.542,3.127,65.01,5000,143.02,1,142.57,0.675,94,0.976,0.0,179
2026-05-23T01:24:15.276,456000,1143,0.921,1.372,2.616,65.01,5000,143.02,1,142.57,0.675,94,0.976,0.0,179
2026-05-23T01:24:15.378,456105,749,0.604,0.899,1.197,65.01,5000,143.02,1,142.57,0.675,94,0.976,0.0,179
2026-05-23T01:24:15.479,456210,932,0.751,1.119,1.856,65.01,5000,143.02,1,142.57,0.675,94,0.976,0.0,179
2026-05-23T01:24:15.580,456315,1263,1.018,1.516,3.048,65.01,5000,143.02,1,142.57,0.675,94,0.976,0.0,179
2026-05-23T01:24:15.692,456417,1291,1.04,1.55,3.149,65.01,5000,143.02,1,142.6,0.673,93,0.969,0.0,179
2026-05-23T01:24:15.799,456522,1149,0.926,1.379,2.638,65.01,5000,143.02,1,142.6,0.673,93,0.969,0.0,179
2026-05-23T01:24:15.900,456627,761,0.613,0.913,1.24,65.01,5000,143.02,1,142.6,0.673,93,0.969,0.0,179
2026-05-23T01:24:16.001,456732,930,0.749,1.116,1.849,65.01,5000,143.02,1,142.6,0.673,93,0.969,0.0,179
2026-05-23T01:24:16.101,456837,1259,1.015,1.511,3.034,65.01,5000,143.02,1,142.6,0.673,93,0.969,0.0,179
2026-05-23T01:24:16.203,456942,1238,0.998,1.486,2.958,65.01,5000,143.02,1,142.6,0.673,93,0.969,0.0,179
2026-05-23T01:24:16.355,457047,920,0.741,1.104,1.813,65.01,5000,143.02,1,142.6,0.673,93,0.969,0.0,179
2026-05-23T01:24:16.456,457152,867,0.699,1.041,1.622,65.01,5000,143.02,1,142.6,0.673,93,0.969,0.0,179
2026-05-23T01:24:16.558,457257,1151,0.928,1.382,2.645,65.01,5000,143.02,1,142.6,0.673,93,0.969,0.0,179
2026-05-23T01:24:16.665,457399,1287,1.037,1.545,3.134,65.01,5000,143.02,1,142.62,0.673,94,0.979,0.0,179
2026-05-23T01:24:16.771,457505,1198,0.965,1.438,2.814,65.01,5000,143.02,1,142.62,0.673,94,0.979,0.0,179
2026-05-23T01:24:16.875,457610,846,0.682,1.015,1.546,65.01,5000,143.02,1,142.62,0.673,94,0.979,0.0,179
2026-05-23T01:24:16.992,457715,887,0.715,1.065,1.694,65.01,5000,143.02,1,142.62,0.673,94,0.979,0.0,179
2026-05-23T01:24:17.117,457820,1223,0.986,1.468,2.904,65.01,5000,143.02,1,142.62,0.673,94,0.979,0.0,179
2026-05-23T01:24:17.241,457925,1244,1.002,1.493,2.98,65.01,5000,143.02,1,142.62,0.673,94,0.979,0.0,179
2026-05-23T01:24:17.303,458030,991,0.799,1.19,2.069,65.01,5000,143.02,1,142.62,0.673,94,0.979,0.0,179
2026-05-23T01:24:17.428,458135,820,0.661,0.984,1.453,65.01,5000,143.02,1,142.62,0.673,94,0.979,0.0,179
2026-05-23T01:24:17.553,458240,1080,0.87,1.296,2.389,65.01,5000,143.02,1,142.62,0.673,94,0.979,0.0,179
2026-05-23T01:24:17.662,458404,1274,1.027,1.529,3.088,65.01,5000,143.02,1,142.62,0.675,94,0.976,0.0,179
2026-05-23T01:24:17.787,458509,1191,0.96,1.43,2.789,65.01,5000,143.02,1,142.62,0.675,94,0.976,0.0,179
2026-05-23T01:24:17.911,458614,841,0.678,1.009,1.528,65.01,5000,143.02,1,142.62,0.675,94,0.976,0.0,179
2026-05-23T01:24:18.022,458719,884,0.712,1.061,1.683,65.01,5000,143.02,1,142.62,0.675,94,0.976,0.0,179
2026-05-23T01:24:18.083,458824,1223,0.986,1.468,2.904,65.01,5000,143.02,1,142.62,0.675,94,0.976,0.0,179
2026-05-23T01:24:18.207,458929,1245,1.003,1.494,2.983,65.01,5000,143.02,1,142.62,0.675,94,0.976,0.0,179
2026-05-23T01:24:18.331,459034,987,0.795,1.185,2.054,65.01,5000,143.02,1,142.62,0.675,94,0.976,0.0,179
2026-05-23T01:24:18.393,459139,818,0.659,0.982,1.446,65.01,5000,143.02,1,142.62,0.675,94,0.976,0.0,179
2026-05-23T01:24:18.518,459244,1082,0.872,1.299,2.396,65.01,5000,143.02,1,142.62,0.675,94,0.976,0.0,179
2026-05-23T01:24:18.677,459398,1272,1.025,1.527,3.08,65.01,5000,143.02,1,142.55,0.675,94,0.976,0.0,179
2026-05-23T01:24:18.783,459504,1001,0.807,1.202,2.105,65.01,5000,143.02,1,142.55,0.675,94,0.976,0.0,179
2026-05-23T01:24:18.907,459609,1266,1.02,1.52,3.059,65.01,5000,143.02,1,142.55,0.675,94,0.976,0.0,179
2026-05-23T01:24:18.970,459714,1190,0.959,1.428,2.785,65.01,5000,143.02,1,142.55,0.675,94,0.976,0.0,179
2026-05-23T01:24:19.094,459819,834,0.672,1.001,1.503,65.01,5000,143.02,1,142.55,0.675,94,0.976,0.0,179
2026-05-23T01:24:19.217,459924,904,0.728,1.085,1.755,65.01,5000,143.02,1,142.55,0.675,94,0.976,0.0,179
2026-05-23T01:24:19.278,460029,1221,0.984,1.466,2.897,65.01,5000,143.02,1,142.55,0.675,94,0.976,0.0,179
2026-05-23T01:24:19.405,460134,1249,1.007,1.499,2.998,65.01,5000,143.02,1,142.55,0.675,94,0.976,0.0,179
2026-05-23T01:24:19.529,460239,975,0.786,1.17,2.011,65.01,5000,143.02,1,142.55,0.675,94,0.976,0.0,179
2026-05-23T01:24:19.591,460344,826,0.666,0.991,1.474,65.01,5000,143.02,1,142.55,0.675,94,0.976,0.0,179
2026-05-23T01:24:19.719,460446,886,0.714,1.063,1.69,65.01,5000,143.02,1,142.52,0.673,93,0.969,0.0,179
2026-05-23T01:24:19.841,460551,1220,0.983,1.464,2.893,65.01,5000,143.02,1,142.52,0.673,93,0.969,0.0,179
2026-05-23T01:24:19.965,460656,1246,1.004,1.496,2.987,65.01,5000,143.02,1,142.52,0.673,93,0.969,0.0,179
2026-05-23T01:24:20.026,460761,988,0.796,1.186,2.058,65.01,5000,143.02,1,142.52,0.673,93,0.969,0.0,179
2026-05-23T01:24:20.151,460866,821,0.662,0.985,1.456,65.01,5000,143.02,1,142.52,0.673,93,0.969,0.0,179
2026-05-23T01:24:20.273,460971,1084,0.874,1.301,2.403,65.01,5000,143.02,1,142.52,0.673,93,0.969,0.0,179
2026-05-23T01:24:20.334,461076,1276,1.028,1.532,3.095,65.01,5000,143.02,1,142.52,0.673,93,0.969,0.0,179
2026-05-23T01:24:20.458,461181,1129,0.91,1.355,2.566,65.01,5000,143.02,1,142.52,0.673,93,0.969,0.0,179
2026-05-23T01:24:20.583,461286,736,0.593,0.883,1.15,65.01,5000,143.02,1,142.52,0.673,93,0.969,0.0,179
2026-05-23T01:24:20.709,461428,866,0.698,1.039,1.618,65.01,5000,143.02,1,142.43,0.675,94,0.977,0.0,179
2026-05-23T01:24:20.831,461533,1067,0.86,1.281,2.342,65.01,5000,143.02,1,142.43,0.675,94,0.977,0.0,179
2026-05-23T01:24:20.893,461638,1272,1.025,1.527,3.08,65.01,5000,143.02,1,142.43,0.675,94,0.977,0.0,179
2026-05-23T01:24:21.017,461743,1142,0.92,1.371,2.612,65.01,5000,143.02,1,142.43,0.675,94,0.977,0.0,179
2026-05-23T01:24:21.142,461848,763,0.615,0.916,1.248,65.01,5000,143.02,1,142.43,0.675,94,0.977,0.0,179
2026-05-23T01:24:21.206,461953,933,0.752,1.12,1.86,65.01,5000,143.02,1,142.43,0.675,94,0.977,0.0,179
2026-05-23T01:24:21.332,462058,1257,1.013,1.509,3.026,65.01,5000,143.02,1,142.43,0.675,94,0.977,0.0,179
2026-05-23T01:24:21.456,462163,1231,0.992,1.478,2.933,65.01,5000,143.02,1,142.43,0.675,94,0.977,0.0,179
2026-05-23T01:24:21.517,462268,925,0.745,1.11,1.831,65.01,5000,143.02,1,142.43,0.675,94,0.977,0.0,179
2026-05-23T01:24:21.704,462423,862,0.695,1.035,1.604,65.01,5000,143.02,1,142.55,0.673,93,0.969,0.0,179
2026-05-23T01:24:21.829,462528,1004,0.809,1.205,2.115,65.01,5000,143.02,1,142.55,0.673,93,0.969,0.0,179
2026-05-23T01:24:21.892,462633,786,0.633,0.943,1.33,65.01,5000,143.02,1,142.55,0.673,93,0.969,0.0,179
2026-05-23T01:24:22.013,462738,1065,0.858,1.278,2.335,65.01,5000,143.02,1,142.55,0.673,93,0.969,0.0,179
2026-05-23T01:24:22.137,462843,1278,1.03,1.534,3.102,65.01,5000,143.02,1,142.55,0.673,93,0.969,0.0,179
2026-05-23T01:24:22.198,462948,1139,0.918,1.367,2.602,65.01,5000,143.02,1,142.55,0.673,93,0.969,0.0,179
2026-05-23T01:24:22.323,463053,748,0.603,0.898,1.194,65.01,5000,143.02,1,142.55,0.673,93,0.969,0.0,179
2026-05-23T01:24:22.448,463158,928,0.748,1.114,1.842,65.01,5000,143.02,1,142.55,0.673,93,0.969,0.0,179
2026-05-23T01:24:22.509,463263,1248,1.006,1.498,2.994,65.01,5000,143.02,1,142.55,0.673,93,0.969,0.0,179
2026-05-23T01:24:22.636,463368,1221,0.984,1.466,2.897,65.01,5000,143.02,1,142.55,0.673,93,0.969,0.0,179
2026-05-23T01:24:22.761,463470,1147,0.924,1.377,2.63,65.01,5000,143.02,1,142.52,0.671,93,0.972,0.0,179
2026-05-23T01:24:22.822,463575,774,0.624,0.929,1.287,65.01,5000,143.02,1,142.52,0.671,93,0.972,0.0,179
2026-05-23T01:24:22.945,463680,928,0.748,1.114,1.842,65.01,5000,143.02,1,142.52,0.671,93,0.972,0.0,179
2026-05-23T01:24:23.070,463785,1255,1.011,1.506,3.019,65.01,5000,143.02,1,142.52,0.671,93,0.972,0.0,179
2026-05-23T01:24:23.131,463890,1229,0.99,1.475,2.926,65.01,5000,143.02,1,142.52,0.671,93,0.972,0.0,179
2026-05-23T01:24:23.254,463995,927,0.747,1.113,1.838,65.01,5000,143.02,1,142.52,0.671,93,0.972,0.0,179
2026-05-23T01:24:23.378,464100,862,0.695,1.035,1.604,65.01,5000,143.02,1,142.52,0.671,93,0.972,0.0,179
2026-05-23T01:24:23.440,464205,1143,0.921,1.372,2.616,65.01,5000,143.02,1,142.52,0.671,93,0.972,0.0,179
2026-05-23T01:24:23.565,464310,1267,1.021,1.521,3.062,65.01,5000,143.02,1,142.52,0.671,93,0.972,0.0,179
2026-05-23T01:24:23.689,464452,1191,0.96,1.43,2.789,65.01,5000,143.02,1,142.51,0.671,93,0.972,0.0,179
2026-05-23T01:24:23.813,464558,875,0.705,1.05,1.651,65.01,5000,143.02,1,142.51,0.671,93,0.972,0.0,179
2026-05-23T01:24:23.939,464663,893,0.72,1.072,1.716,65.01,5000,143.02,1,142.51,0.671,93,0.972,0.0,179
2026-05-23T01:24:23.999,464768,1199,0.966,1.439,2.818,65.01,5000,143.02,1,142.51,0.671,93,0.972,0.0,179
2026-05-23T01:24:24.125,464873,1258,1.014,1.51,3.03,65.01,5000,143.02,1,142.51,0.671,93,0.972,0.0,179
2026-05-23T01:24:24.234,464978,1005,0.81,1.206,2.119,65.01,5000,143.02,1,142.51,0.671,93,0.972,0.0,179
2026-05-23T01:24:24.358,465083,782,0.63,0.939,1.316,65.01,5000,143.02,1,142.51,0.671,93,0.972,0.0,179
2026-05-23T01:24:24.419,465188,1061,0.855,1.274,2.321,65.01,5000,143.02,1,142.51,0.671,93,0.972,0.0,179
2026-05-23T01:24:24.543,465293,1278,1.03,1.534,3.102,65.01,5000,143.02,1,142.51,0.671,93,0.972,0.0,179
2026-05-23T01:24:24.732,465457,1138,0.917,1.366,2.598,65.01,5000,143.02,1,142.51,0.667,93,0.978,0.0,179
2026-05-23T01:24:24.793,465562,885,0.713,1.062,1.687,65.01,5000,143.02,1,142.51,0.667,93,0.978,0.0,179
2026-05-23T01:24:24.918,465667,881,0.71,1.057,1.672,65.01,5000,143.02,1,142.51,0.667,93,0.978,0.0,179
2026-05-23T01:24:25.043,465772,1188,0.957,1.426,2.778,65.01,5000,143.02,1,142.51,0.667,93,0.978,0.0,179
2026-05-23T01:24:25.105,465877,1257,1.013,1.509,3.026,65.01,5000,143.02,1,142.51,0.667,93,0.978,0.0,179
2026-05-23T01:24:25.220,465982,1017,0.82,1.221,2.162,65.01,5000,143.02,1,142.51,0.667,93,0.978,0.0,179
2026-05-23T01:24:25.328,466087,781,0.629,0.937,1.312,65.01,5000,143.02,1,142.51,0.667,93,0.978,0.0,179
2026-05-23T01:24:25.429,466192,1050,0.846,1.26,2.281,65.01,5000,143.02,1,142.51,0.667,93,0.978,0.0,179
2026-05-23T01:24:25.543,466297,1286,1.036,1.544,3.131,65.01,5000,143.02,1,142.51,0.667,93,0.978,0.0,179
2026-05-23T01:24:25.714,466452,1152,0.928,1.383,2.648,65.01,5000,143.02,1,142.52,0.664,92,0.972,0.0,179
2026-05-23T01:24:25.823,466557,1354,1.091,1.625,3.376,70.04,5000,154.09,1,142.52,0.664,92,0.972,0.0,179
2026-05-23T01:24:25.886,466662,1567,1.263,1.881,4.143,70.04,5000,154.09,1,142.52,0.664,92,0.972,0.0,179
2026-05-23T01:24:26.005,466767,920,0.741,1.104,1.813,70.04,5000,154.09,1,142.52,0.664,92,0.972,0.0,179
2026-05-23T01:24:26.119,466872,616,0.496,0.739,0.718,70.04,5000,154.09,1,142.52,0.664,92,0.972,0.0,179
2026-05-23T01:24:26.243,466977,1108,0.893,1.33,2.49,70.04,5000,154.09,1,142.52,0.664,92,0.972,0.0,179
2026-05-23T01:24:26.306,467082,1553,1.252,1.864,4.092,70.04,5000,154.09,1,142.52,0.664,92,0.972,0.0,179
2026-05-23T01:24:26.431,467187,1251,1.008,1.502,3.005,70.04,5000,154.09,1,142.52,0.664,92,0.972,0.0,179
2026-05-23T01:24:26.558,467292,587,0.473,0.705,0.614,70.04,5000,154.09,1,142.52,0.664,92,0.972,0.0,179
2026-05-23T01:24:26.619,467397,834,0.672,1.001,1.503,70.04,5000,154.09,1,142.52,0.664,92,0.972,0.0,179
2026-05-23T01:24:26.745,467499,1076,0.867,1.292,2.375,70.04,5000,154.09,1,152.63,0.659,98,0.974,0.0,179
2026-05-23T01:24:26.869,467604,1568,1.264,1.882,4.146,70.04,5000,154.09,1,152.63,0.659,98,0.974,0.0,179
2026-05-23T01:24:26.930,467709,1306,1.052,1.568,3.203,70.04,5000,154.09,1,152.63,0.659,98,0.974,0.0,179
2026-05-23T01:24:27.054,467814,585,0.471,0.702,0.607,70.04,5000,154.09,1,152.63,0.659,98,0.974,0.0,179
2026-05-23T01:24:27.179,467919,812,0.654,0.975,1.424,70.04,5000,154.09,1,152.63,0.659,98,0.974,0.0,179
2026-05-23T01:24:27.302,468024,1459,1.176,1.751,3.754,70.04,5000,154.09,1,152.63,0.659,98,0.974,0.0,179
2026-05-23T01:24:27.364,468129,1574,1.268,1.889,4.168,70.04,5000,154.09,1,152.63,0.659,98,0.974,0.0,179
2026-05-23T01:24:27.489,468234,780,0.629,0.936,1.309,70.04,5000,154.09,1,152.63,0.659,98,0.974,0.0,179
2026-05-23T01:24:27.614,468339,660,0.532,0.792,0.877,70.04,5000,154.09,1,152.63,0.659,98,0.974,0.0,179
2026-05-23T01:24:27.737,468481,940,0.758,1.128,1.885,70.04,5000,154.09,1,152.68,0.651,97,0.975,0.0,179
2026-05-23T01:24:27.864,468587,1501,1.21,1.802,3.905,70.04,5000,154.09,1,152.68,0.651,97,0.975,0.0,179
2026-05-23T01:24:27.924,468692,1505,1.213,1.806,3.919,70.04,5000,154.09,1,152.68,0.651,97,0.975,0.0,179
2026-05-23T01:24:28.050,468797,674,0.543,0.809,0.927,70.04,5000,154.09,1,152.68,0.651,97,0.975,0.0,179
2026-05-23T01:24:28.174,468902,678,0.546,0.814,0.941,70.04,5000,154.09,1,152.68,0.651,97,0.975,0.0,179
2026-05-23T01:24:28.236,469007,1314,1.059,1.577,3.232,70.04,5000,154.09,1,152.68,0.651,97,0.975,0.0,179
2026-05-23T01:24:28.361,469112,1608,1.296,1.93,4.29,70.04,5000,154.09,1,152.68,0.651,97,0.975,0.0,179
2026-05-23T01:24:28.484,469217,1041,0.839,1.25,2.249,70.04,5000,154.09,1,152.68,0.651,97,0.975,0.0,179
2026-05-23T01:24:28.547,469322,627,0.505,0.753,0.758,70.04,5000,154.09,1,152.68,0.651,97,0.975,0.0,179
2026-05-23T01:24:28.736,469486,1022,0.824,1.227,2.18,70.04,5000,154.09,1,152.7,0.649,97,0.978,0.0,179
2026-05-23T01:24:28.858,469591,1484,1.196,1.781,3.844,70.04,5000,154.09,1,152.7,0.649,97,0.978,0.0,179
2026-05-23T01:24:28.920,469696,1566,1.262,1.88,4.139,70.04,5000,154.09,1,152.7,0.649,97,0.978,0.0,179
2026-05-23T01:24:29.045,469801,758,0.611,0.91,1.23,70.04,5000,154.09,1,152.7,0.649,97,0.978,0.0,179
2026-05-23T01:24:29.169,469906,668,0.538,0.802,0.905,70.04,5000,154.09,1,152.7,0.649,97,0.978,0.0,179
2026-05-23T01:24:29.232,470011,1262,1.017,1.515,3.044,70.04,5000,154.09,1,152.7,0.649,97,0.978,0.0,179
2026-05-23T01:24:29.356,470116,1619,1.305,1.943,4.33,70.04,5000,154.09,1,152.7,0.649,97,0.978,0.0,179
2026-05-23T01:24:29.481,470221,1127,0.908,1.353,2.558,70.04,5000,154.09,1,152.7,0.649,97,0.978,0.0,179
2026-05-23T01:24:29.543,470326,620,0.5,0.744,0.733,70.04,5000,154.09,1,152.7,0.649,97,0.978,0.0,179
2026-05-23T01:24:29.731,470480,970,0.782,1.164,1.993,70.04,5000,154.09,1,152.85,0.65,97,0.976,0.0,179
2026-05-23T01:24:29.854,470586,572,0.461,0.687,0.56,70.04,5000,154.09,1,152.85,0.65,97,0.976,0.0,179
2026-05-23T01:24:29.907,470691,792,0.638,0.951,1.352,70.04,5000,154.09,1,152.85,0.65,97,0.976,0.0,179
2026-05-23T01:24:30.007,470796,1418,1.143,1.702,3.606,70.04,5000,154.09,1,152.85,0.65,97,0.976,0.0,179
2026-05-23T01:24:30.158,470901,1554,1.252,1.865,4.096,70.04,5000,154.09,1,152.85,0.65,97,0.976,0.0,179
2026-05-23T01:24:30.264,471006,804,0.648,0.965,1.395,70.04,5000,154.09,1,152.85,0.65,97,0.976,0.0,179
2026-05-23T01:24:30.322,471111,655,0.528,0.786,0.859,70.04,5000,154.09,1,152.85,0.65,97,0.976,0.0,179
2026-05-23T01:24:30.430,471216,1203,0.969,1.444,2.832,70.04,5000,154.09,1,152.85,0.65,97,0.976,0.0,179
2026-05-23T01:24:30.546,471321,1576,1.27,1.892,4.175,70.04,5000,154.09,1,152.85,0.65,97,0.976,0.0,179
2026-05-23T01:24:30.663,471426,1167,0.94,1.401,2.702,70.04,5000,154.09,1,152.85,0.65,97,0.976,0.0,179
2026-05-23T01:24:30.787,471528,868,0.699,1.042,1.626,70.04,5000,154.09,1,152.83,0.651,97,0.974,0.0,179
2026-05-23T01:24:30.850,471633,635,0.512,0.762,0.787,70.04,5000,154.09,1,152.83,0.651,97,0.974,0.0,179
2026-05-23T01:24:30.975,471738,1160,0.935,1.392,2.677,70.04,5000,154.09,1,152.83,0.651,97,0.974,0.0,179
2026-05-23T01:24:31.099,471843,1578,1.272,1.894,4.182,70.04,5000,154.09,1,152.83,0.651,97,0.974,0.0,179
2026-05-23T01:24:31.163,471948,1236,0.996,1.484,2.951,70.04,5000,154.09,1,152.83,0.651,97,0.974,0.0,179
2026-05-23T01:24:31.286,472053,597,0.481,0.717,0.65,70.04,5000,154.09,1,152.83,0.651,97,0.974,0.0,179
2026-05-23T01:24:31.411,472158,893,0.72,1.072,1.716,70.04,5000,154.09,1,152.83,0.651,97,0.974,0.0,179
2026-05-23T01:24:31.467,472263,1516,1.222,1.82,3.959,70.04,5000,154.09,1,152.83,0.651,97,0.974,0.0,179
2026-05-23T01:24:31.584,472368,1536,1.238,1.844,4.031,70.04,5000,154.09,1,152.83,0.651,97,0.974,0.0,179
2026-05-23T01:24:31.772,472510,1098,0.885,1.318,2.454,70.04,5000,154.09,1,152.81,0.651,97,0.975,0.0,179
2026-05-23T01:24:31.834,472616,626,0.504,0.751,0.754,70.04,5000,154.09,1,152.81,0.651,97,0.975,0.0,179
2026-05-23T01:24:31.958,472721,975,0.786,1.17,2.011,70.04,5000,154.09,1,152.81,0.651,97,0.975,0.0,179
2026-05-23T01:24:32.084,472826,1559,1.256,1.871,4.114,70.04,5000,154.09,1,152.81,0.651,97,0.975,0.0,179
2026-05-23T01:24:32.145,472931,1474,1.188,1.769,3.808,70.04,5000,154.09,1,152.81,0.651,97,0.975,0.0,179
2026-05-23T01:24:32.269,473036,613,0.494,0.736,0.707,70.04,5000,154.09,1,152.81,0.651,97,0.975,0.0,179
2026-05-23T01:24:32.396,473141,717,0.578,0.861,1.082,70.04,5000,154.09,1,152.81,0.651,97,0.975,0.0,179
2026-05-23T01:24:32.455,473246,1392,1.122,1.671,3.513,70.04,5000,154.09,1,152.81,0.651,97,0.975,0.0,179
2026-05-23T01:24:32.565,473351,1615,1.301,1.939,4.316,70.04,5000,154.09,1,152.81,0.651,97,0.975,0.0,179
2026-05-23T01:24:32.752,473515,982,0.791,1.179,2.036,70.04,5000,154.09,1,152.88,0.651,97,0.974,0.0,179
2026-05-23T01:24:32.879,473620,606,0.488,0.727,0.682,70.04,5000,154.09,1,152.88,0.651,97,0.974,0.0,179
2026-05-23T01:24:32.940,473725,919,0.741,1.103,1.809,70.04,5000,154.09,1,152.88,0.651,97,0.974,0.0,179
2026-05-23T01:24:33.065,473830,1523,1.227,1.828,3.984,70.04,5000,154.09,1,152.88,0.651,97,0.974,0.0,179
2026-05-23T01:24:33.189,473935,1515,1.221,1.818,3.955,70.04,5000,154.09,1,152.88,0.651,97,0.974,0.0,179
2026-05-23T01:24:33.249,474040,689,0.555,0.827,0.981,70.04,5000,154.09,1,152.88,0.651,97,0.974,0.0,179
2026-05-23T01:24:33.374,474145,698,0.562,0.838,1.013,70.04,5000,154.09,1,152.88,0.651,97,0.974,0.0,179
2026-05-23T01:24:33.503,474250,1341,1.081,1.61,3.329,70.04,5000,154.09,1,152.88,0.651,97,0.974,0.0,179
2026-05-23T01:24:33.563,474355,1614,1.301,1.937,4.312,70.04,5000,154.09,1,152.88,0.651,97,0.974,0.0,179
2026-05-23T01:24:33.748,474509,1059,0.853,1.271,2.313,70.04,5000,154.09,1,152.82,0.651,97,0.975,0.0,179
2026-05-23T01:24:33.873,474615,1598,1.288,1.918,4.254,70.04,5000,154.09,1,152.82,0.651,97,0.975,0.0,179
2026-05-23T01:24:33.934,474720,1271,1.024,1.526,3.077,70.04,5000,154.09,1,152.82,0.651,97,0.975,0.0,179
2026-05-23T01:24:34.060,474825,594,0.479,0.713,0.639,70.04,5000,154.09,1,152.82,0.651,97,0.975,0.0,179
2026-05-23T01:24:34.184,474930,862,0.695,1.035,1.604,70.04,5000,154.09,1,152.82,0.651,97,0.975,0.0,179
2026-05-23T01:24:34.247,475035,1505,1.213,1.806,3.919,70.04,5000,154.09,1,152.82,0.651,97,0.975,0.0,179
2026-05-23T01:24:34.370,475140,1555,1.253,1.867,4.1,70.04,5000,154.09,1,152.82,0.651,97,0.975,0.0,179
2026-05-23T01:24:34.494,475245,737,0.594,0.885,1.154,70.04,5000,154.09,1,152.82,0.651,97,0.975,0.0,179
2026-05-23T01:24:34.556,475350,669,0.539,0.803,0.909,70.04,5000,154.09,1,152.82,0.651,97,0.975,0.0,179
2026-05-23T01:24:34.681,475455,1263,1.018,1.516,3.048,70.04,5000,154.09,1,152.82,0.651,97,0.975,0.0,179
2026-05-23T01:24:34.807,475557,1445,1.164,1.734,3.703,70.04,5000,154.09,1,152.87,0.65,97,0.976,0.0,179
2026-05-23T01:24:34.869,475662,1573,1.268,1.888,4.164,70.04,5000,154.09,1,152.87,0.65,97,0.976,0.0,179
2026-05-23T01:24:34.995,475767,802,0.646,0.963,1.388,70.04,5000,154.09,1,152.87,0.65,97,0.976,0.0,179
2026-05-23T01:24:35.117,475872,653,0.526,0.784,0.851,70.04,5000,154.09,1,152.87,0.65,97,0.976,0.0,179
2026-05-23T01:24:35.178,475977,1220,0.983,1.464,2.893,70.04,5000,154.09,1,152.87,0.65,97,0.976,0.0,179
2026-05-23T01:24:35.303,476082,1593,1.284,1.912,4.236,70.04,5000,154.09,1,152.87,0.65,97,0.976,0.0,179
2026-05-23T01:24:35.427,476187,1182,0.953,1.419,2.756,70.04,5000,154.09,1,152.87,0.65,97,0.976,0.0,179
2026-05-23T01:24:35.489,476292,608,0.49,0.73,0.689,70.04,5000,154.09,1,152.87,0.65,97,0.976,0.0,179
2026-05-23T01:24:35.612,476397,930,0.749,1.116,1.849,70.04,5000,154.09,1,152.87,0.65,97,0.976,0.0,179
2026-05-23T01:24:35.734,476539,1332,1.073,1.599,3.297,70.04,5000,154.09,1,152.86,0.648,97,0.979,0.0,179
2026-05-23T01:24:35.858,476645,1619,1.305,1.943,4.33,70.04,5000,154.09,1,152.86,0.648,97,0.979,0.0,179
2026-05-23T01:24:35.981,476750,1089,0.878,1.307,2.421,70.04,5000,154.09,1,152.86,0.648,97,0.979,0.0,179
2026-05-23T01:24:36.045,476855,632,0.509,0.759,0.776,70.04,5000,154.09,1,152.86,0.648,97,0.979,0.0,179
2026-05-23T01:24:36.171,476960,1007,0.812,1.209,2.126,70.04,5000,154.09,1,152.86,0.648,97,0.979,0.0,179
2026-05-23T01:24:36.279,477065,1573,1.268,1.888,4.164,70.04,5000,154.09,1,152.86,0.648,97,0.979,0.0,179
2026-05-23T01:24:36.402,477170,1440,1.16,1.728,3.685,70.04,5000,154.09,1,152.86,0.648,97,0.979,0.0,179
2026-05-23T01:24:36.465,477275,572,0.461,0.687,0.56,70.04,5000,154.09,1,152.86,0.648,97,0.979,0.0,179
2026-05-23T01:24:36.588,477380,743,0.599,0.892,1.176,70.04,5000,154.09,1,152.86,0.648,97,0.979,0.0,179
2026-05-23T01:24:36.768,477544,1401,1.129,1.682,3.545,70.04,5000,154.09,1,152.86,0.649,97,0.977,0.0,179
2026-05-23T01:24:36.886,477649,1614,1.301,1.937,4.312,70.04,5000,154.09,1,152.86,0.649,97,0.977,0.0,179
2026-05-23T01:24:36.946,477754,1195,0.963,1.434,2.803,70.04,5000,154.09,1,152.86,0.649,97,0.977,0.0,179
2026-05-23T01:24:37.056,477859,618,0.498,0.742,0.725,70.04,5000,154.09,1,152.86,0.649,97,0.977,0.0,179
2026-05-23T01:24:37.179,477964,948,0.764,1.138,1.914,70.04,5000,154.09,1,152.86,0.649,97,0.977,0.0,179
2026-05-23T01:24:37.290,478069,1547,1.247,1.857,4.071,70.04,5000,154.09,1,152.86,0.649,97,0.977,0.0,179
2026-05-23T01:24:37.414,478174,1504,1.212,1.805,3.916,70.04,5000,154.09,1,152.86,0.649,97,0.977,0.0,179
2026-05-23T01:24:37.477,478279,658,0.53,0.79,0.869,70.04,5000,154.09,1,152.86,0.649,97,0.977,0.0,179
2026-05-23T01:24:37.599,478384,711,0.573,0.853,1.06,70.04,5000,154.09,1,152.86,0.649,97,0.977,0.0,179
2026-05-23T01:24:37.723,478538,1352,1.09,1.623,3.369,70.04,5000,154.09,1,152.94,0.649,97,0.977,0.0,179
2026-05-23T01:24:37.847,478644,657,0.529,0.789,0.866,70.04,5000,154.09,1,152.94,0.649,97,0.977,0.0,179
2026-05-23T01:24:37.970,478749,1193,0.961,1.432,2.796,70.04,5000,154.09,1,152.94,0.649,97,0.977,0.0,179
2026-05-23T01:24:38.095,478854,1609,1.297,1.931,4.294,70.04,5000,154.09,1,152.94,0.649,97,0.977,0.0,179
2026-05-23T01:24:38.158,478959,1238,0.998,1.486,2.958,70.04,5000,154.09,1,152.94,0.649,97,0.977,0.0,179
2026-05-23T01:24:38.283,479064,599,0.483,0.719,0.657,70.04,5000,154.09,1,152.94,0.649,97,0.977,0.0,179
2026-05-23T01:24:38.407,479169,894,0.72,1.073,1.719,70.04,5000,154.09,1,152.94,0.649,97,0.977,0.0,179
2026-05-23T01:24:38.469,479274,1488,1.199,1.786,3.858,70.04,5000,154.09,1,152.94,0.649,97,0.977,0.0,179
2026-05-23T01:24:38.593,479379,1506,1.214,1.808,3.923,70.04,5000,154.09,1,152.94,0.649,97,0.977,0.0,179
2026-05-23T01:24:38.718,479484,691,0.557,0.829,0.988,70.04,5000,154.09,1,152.94,0.649,97,0.977,0.0,179
2026-05-23T01:24:38.779,479586,577,0.465,0.693,0.578,70.04,5000,154.09,1,152.93,0.648,97,0.978,0.0,179
2026-05-23T01:24:38.889,479691,835,0.673,1.002,1.507,70.04,5000,154.09,1,152.93,0.648,97,0.978,0.0,179
2026-05-23T01:24:39.003,479796,1452,1.17,1.743,3.729,70.04,5000,154.09,1,152.93,0.648,97,0.978,0.0,179
2026-05-23T01:24:39.106,479901,1529,1.232,1.835,4.006,70.04,5000,154.09,1,152.93,0.648,97,0.978,0.0,179
2026-05-23T01:24:39.206,480006,731,0.589,0.877,1.132,70.04,5000,154.09,1,152.93,0.648,97,0.978,0.0,179
2026-05-23T01:24:39.310,480111,657,0.529,0.789,0.866,70.04,5000,154.09,1,152.93,0.648,97,0.978,0.0,179
2026-05-23T01:24:39.412,480216,1255,1.011,1.506,3.019,70.04,5000,154.09,1,152.93,0.648,97,0.978,0.0,179
2026-05-23T01:24:39.526,480321,1584,1.276,1.901,4.204,70.04,5000,154.09,1,152.93,0.648,97,0.978,0.0,179
2026-05-23T01:24:39.637,480426,1083,0.873,1.3,2.4,70.04,5000,154.09,1,152.93,0.648,97,0.978,0.0,179
2026-05-23T01:24:39.755,480568,587,0.473,0.705,0.614,70.04,5000,154.09,1,153.0,0.647,97,0.979,0.0,179
2026-05-23T01:24:39.869,480673,639,0.515,0.767,0.801,70.04,5000,154.09,1,153.0,0.647,97,0.979,0.0,179
2026-05-23T01:24:39.995,480778,1196,0.964,1.436,2.807,70.04,5000,154.09,1,153.0,0.647,97,0.979,0.0,179
2026-05-23T01:24:40.111,480883,1582,1.275,1.899,4.197,70.04,5000,154.09,1,153.0,0.647,97,0.979,0.0,179
2026-05-23T01:24:40.163,480988,1164,0.938,1.397,2.692,70.04,5000,154.09,1,153.0,0.647,97,0.979,0.0,179
2026-05-23T01:24:40.290,481093,604,0.487,0.725,0.675,70.04,5000,154.09,1,153.0,0.647,97,0.979,0.0,179
2026-05-23T01:24:40.396,481198,923,0.744,1.108,1.824,70.04,5000,154.09,1,153.0,0.647,97,0.979,0.0,179
2026-05-23T01:24:40.510,481303,1500,1.209,1.8,3.901,70.04,5000,154.09,1,153.0,0.647,97,0.979,0.0,179
2026-05-23T01:24:40.631,481408,1459,1.176,1.751,3.754,70.04,5000,154.09,1,153.0,0.647,97,0.979,0.0,179
2026-05-23T01:24:40.743,481563,629,0.507,0.755,0.765,70.04,5000,154.09,1,152.99,0.646,97,0.981,0.0,179
2026-05-23T01:24:40.862,481668,1563,1.26,1.876,4.128,70.04,5000,154.09,1,152.99,0.646,97,0.981,0.0,179
2026-05-23T01:24:40.989,481773,843,0.679,1.012,1.536,70.04,5000,154.09,1,152.99,0.646,97,0.981,0.0,179
2026-05-23T01:24:41.051,481878,637,0.513,0.765,0.794,70.04,5000,154.09,1,152.99,0.646,97,0.981,0.0,179
2026-05-23T01:24:41.173,481983,1173,0.945,1.408,2.724,70.04,5000,154.09,1,152.99,0.646,97,0.981,0.0,179
2026-05-23T01:24:41.285,482088,1565,1.261,1.879,4.136,70.04,5000,154.09,1,152.99,0.646,97,0.981,0.0,179
2026-05-23T01:24:41.392,482193,1191,0.96,1.43,2.789,70.04,5000,154.09,1,152.99,0.646,97,0.981,0.0,179
2026-05-23T01:24:41.516,482298,594,0.479,0.713,0.639,70.04,5000,154.09,1,152.99,0.646,97,0.981,0.0,179
2026-05-23T01:24:41.578,482403,888,0.716,1.066,1.698,70.04,5000,154.09,1,152.99,0.646,97,0.981,0.0,179
2026-05-23T01:24:41.702,482508,1491,1.202,1.79,3.869,70.04,5000,154.09,1,152.99,0.646,97,0.981,0.0,179
2026-05-23T01:24:41.826,482610,1557,1.255,1.869,4.107,70.04,5000,154.09,1,152.95,0.646,97,0.981,0.0,179
2026-05-23T01:24:41.888,482715,1223,0.986,1.468,2.904,70.04,5000,154.09,1,152.95,0.646,97,0.981,0.0,179
2026-05-23T01:24:42.008,482820,588,0.474,0.706,0.617,70.04,5000,154.09,1,152.95,0.646,97,0.981,0.0,179
2026-05-23T01:24:42.122,482925,859,0.692,1.031,1.593,70.04,5000,154.09,1,152.95,0.646,97,0.981,0.0,179
2026-05-23T01:24:42.247,483030,1477,1.19,1.773,3.819,70.04,5000,154.09,1,152.95,0.646,97,0.981,0.0,179
2026-05-23T01:24:42.309,483135,1500,1.209,1.8,3.901,70.04,5000,154.09,1,152.95,0.646,97,0.981,0.0,179
2026-05-23T01:24:42.433,483240,692,0.558,0.831,0.992,70.04,5000,154.09,1,152.95,0.646,97,0.981,0.0,179
2026-05-23T01:24:42.557,483345,662,0.533,0.795,0.884,70.04,5000,154.09,1,152.95,0.646,97,0.981,0.0,179
2026-05-23T01:24:42.619,483450,1286,1.036,1.544,3.131,70.04,5000,154.09,1,152.95,0.646,97,0.981,0.0,179
2026-05-23T01:24:42.806,483582,1530,1.233,1.837,4.01,70.04,5000,154.09,1,152.8,0.646,97,0.982,0.0,179
2026-05-23T01:24:42.867,483688,826,0.666,0.991,1.474,70.04,5000,154.09,1,152.8,0.646,97,0.982,0.0,179
2026-05-23T01:24:42.992,483793,1441,1.161,1.73,3.689,70.04,5000,154.09,1,152.8,0.646,97,0.982,0.0,179
2026-05-23T01:24:43.118,483898,1534,1.236,1.841,4.024,70.04,5000,154.09,1,152.8,0.646,97,0.982,0.0,179
2026-05-23T01:24:43.180,484003,744,0.6,0.893,1.179,70.04,5000,154.09,1,152.8,0.646,97,0.982,0.0,179
2026-05-23T01:24:43.305,484108,655,0.528,0.786,0.859,70.04,5000,154.09,1,152.8,0.646,97,0.982,0.0,179
2026-05-23T01:24:43.429,484213,1240,0.999,1.488,2.965,70.04,5000,154.09,1,152.8,0.646,97,0.982,0.0,179
2026-05-23T01:24:43.491,484318,1578,1.272,1.894,4.182,70.04,5000,154.09,1,152.8,0.646,97,0.982,0.0,179
2026-05-23T01:24:43.617,484423,1107,0.892,1.329,2.486,70.04,5000,154.09,1,152.8,0.646,97,0.982,0.0,179
2026-05-23T01:24:43.741,484528,611,0.492,0.733,0.7,70.04,5000,154.09,1,152.8,0.646,97,0.982,0.0,179
2026-05-23T01:24:43.802,484630,641,0.517,0.769,0.808,70.04,5000,154.09,1,152.69,0.645,96,0.974,0.0,179
2026-05-23T01:24:43.926,484735,1206,0.972,1.448,2.843,70.04,5000,154.09,1,152.69,0.645,96,0.974,0.0,179
2026-05-23T01:24:44.054,484840,1576,1.27,1.892,4.175,70.04,5000,154.09,1,152.69,0.645,96,0.974,0.0,179
2026-05-23T01:24:44.116,484945,1150,0.927,1.38,2.641,70.04,5000,154.09,1,152.69,0.645,96,0.974,0.0,179
2026-05-23T01:24:44.239,485050,608,0.49,0.73,0.689,70.04,5000,154.09,1,152.69,0.645,96,0.974,0.0,179
2026-05-23T01:24:44.351,485155,932,0.751,1.119,1.856,70.04,5000,154.09,1,152.69,0.645,96,0.974,0.0,179
2026-05-23T01:24:44.451,485260,1505,1.213,1.806,3.919,70.04,5000,154.09,1,152.69,0.645,96,0.974,0.0,179
2026-05-23T01:24:44.552,485365,1454,1.172,1.745,3.736,70.04,5000,154.09,1,152.69,0.645,96,0.974,0.0,179
2026-05-23T01:24:44.672,485470,613,0.494,0.736,0.707,70.04,5000,154.09,1,152.69,0.645,96,0.974,0.0,179
2026-05-23T01:24:44.786,485612,615,0.496,0.738,0.715,70.04,5000,154.09,1,152.75,0.645,97,0.984,0.0,179
2026-05-23T01:24:44.907,485717,863,0.695,1.036,1.608,70.04,5000,154.09,1,152.75,0.645,97,0.984,0.0,179
2026-05-23T01:24:45.035,485822,1480,1.193,1.776,3.829,74.88,5000,164.74,1,152.75,0.645,97,0.984,0.0,179
2026-05-23T01:24:45.094,485927,1500,1.209,1.8,3.901,74.88,5000,164.74,1,152.75,0.645,97,0.984,0.0,179
2026-05-23T01:24:45.200,486032,691,0.557,0.829,0.988,74.88,5000,164.74,1,152.75,0.645,97,0.984,0.0,179
2026-05-23T01:24:45.301,486137,673,0.542,0.808,0.923,74.88,5000,164.74,1,152.75,0.645,97,0.984,0.0,179
2026-05-23T01:24:45.401,486242,1291,1.04,1.55,3.149,74.88,5000,164.74,1,152.75,0.645,97,0.984,0.0,179
2026-05-23T01:24:45.514,486347,1590,1.281,1.909,4.226,74.88,5000,164.74,1,152.75,0.645,97,0.984,0.0,179
2026-05-23T01:24:45.639,486452,1051,0.847,1.262,2.285,74.88,5000,164.74,1,152.75,0.645,97,0.984,0.0,179
2026-05-23T01:24:45.766,486606,619,0.499,0.743,0.729,74.88,5000,164.74,1,156.2,0.652,100,0.981,0.0,179
2026-05-23T01:24:45.889,486712,1254,1.011,1.505,3.016,74.88,5000,164.74,1,156.2,0.652,100,0.981,0.0,179
2026-05-23T01:24:46.001,486817,586,0.472,0.703,0.61,74.88,5000,164.74,1,156.2,0.652,100,0.981,0.0,179
2026-05-23T01:24:46.125,486922,843,0.679,1.012,1.536,74.88,5000,164.74,1,156.2,0.652,100,0.981,0.0,179
2026-05-23T01:24:46.189,487027,1467,1.182,1.761,3.783,74.88,5000,164.74,1,156.2,0.652,100,0.981,0.0,179
2026-05-23T01:24:46.313,487132,1530,1.233,1.837,4.01,74.88,5000,164.74,1,156.2,0.652,100,0.981,0.0,179
2026-05-23T01:24:46.437,487237,738,0.595,0.886,1.158,74.88,5000,164.74,1,156.2,0.652,100,0.981,0.0,179
2026-05-23T01:24:46.499,487342,663,0.534,0.796,0.887,74.88,5000,164.74,1,156.2,0.652,100,0.981,0.0,179
2026-05-23T01:24:46.623,487447,1255,1.011,1.506,3.019,74.88,5000,164.74,1,156.2,0.652,100,0.981,0.0,179
2026-05-23T01:24:46.747,487552,1590,1.281,1.909,4.226,74.88,5000,164.74,1,156.2,0.652,100,0.981,0.0,179
2026-05-23T01:24:46.808,487654,1550,1.249,1.861,4.082,74.88,5000,164.74,1,162.63,0.64,102,0.979,0.0,179
2026-05-23T01:24:46.932,487759,767,0.618,0.921,1.262,74.88,5000,164.74,1,162.63,0.64,102,0.979,0.0,179
2026-05-23T01:24:47.057,487864,661,0.533,0.793,0.88,74.88,5000,164.74,1,162.63,0.64,102,0.979,0.0,179
2026-05-23T01:24:47.118,487969,1227,0.989,1.473,2.918,74.88,5000,164.74,1,162.63,0.64,102,0.979,0.0,179
2026-05-23T01:24:47.244,488074,1592,1.283,1.911,4.233,74.88,5000,164.74,1,162.63,0.64,102,0.979,0.0,179
2026-05-23T01:24:47.367,488179,1148,0.925,1.378,2.634,74.88,5000,164.74,1,162.63,0.64,102,0.979,0.0,179
2026-05-23T01:24:47.491,488284,626,0.504,0.751,0.754,74.88,5000,164.74,1,162.63,0.64,102,0.979,0.0,179
2026-05-23T01:24:47.553,488389,985,0.794,1.182,2.047,74.88,5000,164.74,1,162.63,0.64,102,0.979,0.0,179
2026-05-23T01:24:47.680,488494,1555,1.253,1.867,4.1,74.88,5000,164.74,1,162.63,0.64,102,0.979,0.0,179
2026-05-23T01:24:47.797,488636,1621,1.306,1.946,4.337,74.88,5000,164.74,1,162.55,0.64,102,0.98,0.0,179
2026-05-23T01:24:47.929,488741,1228,0.99,1.474,2.922,74.88,5000,164.74,1,162.55,0.64,102,0.98,0.0,179
2026-05-23T01:24:48.051,488846,610,0.492,0.732,0.697,74.88,5000,164.74,1,162.55,0.64,102,0.98,0.0,179
2026-05-23T01:24:48.113,488951,923,0.744,1.108,1.824,74.88,5000,164.74,1,162.55,0.64,102,0.98,0.0,179
2026-05-23T01:24:48.237,489056,1532,1.235,1.839,4.017,74.88,5000,164.74,1,162.55,0.64,102,0.98,0.0,179
2026-05-23T01:24:48.362,489161,1523,1.227,1.828,3.984,74.88,5000,164.74,1,162.55,0.64,102,0.98,0.0,179
2026-05-23T01:24:48.424,489266,697,0.562,0.837,1.01,74.88,5000,164.74,1,162.55,0.64,102,0.98,0.0,179
2026-05-23T01:24:48.548,489371,694,0.559,0.833,0.999,74.88,5000,164.74,1,162.55,0.64,102,0.98,0.0,179
2026-05-23T01:24:48.674,489476,1335,1.076,1.602,3.307,74.88,5000,164.74,1,162.55,0.64,102,0.98,0.0,179
2026-05-23T01:24:48.800,489630,1614,1.301,1.937,4.312,74.88,5000,164.74,1,162.56,0.641,103,0.988,0.0,179
2026-05-23T01:24:48.926,489736,1161,0.936,1.394,2.681,74.88,5000,164.74,1,162.56,0.641,103,0.988,0.0,179
2026-05-23T01:24:48.989,489841,1603,1.292,1.924,4.272,74.88,5000,164.74,1,162.56,0.641,103,0.988,0.0,179
2026-05-23T01:24:49.114,489946,1262,1.017,1.515,3.044,74.88,5000,164.74,1,162.56,0.641,103,0.988,0.0,179
2026-05-23T01:24:49.239,490051,592,0.477,0.711,0.632,74.88,5000,164.74,1,162.56,0.641,103,0.988,0.0,179
2026-05-23T01:24:49.300,490156,885,0.713,1.062,1.687,74.88,5000,164.74,1,162.56,0.641,103,0.988,0.0,179
2026-05-23T01:24:49.426,490261,1505,1.213,1.806,3.919,74.88,5000,164.74,1,162.56,0.641,103,0.988,0.0,179
2026-05-23T01:24:49.549,490366,1545,1.245,1.855,4.064,74.88,5000,164.74,1,162.56,0.641,103,0.988,0.0,179
2026-05-23T01:24:49.612,490471,721,0.581,0.865,1.096,74.88,5000,164.74,1,162.56,0.641,103,0.988,0.0,179
2026-05-23T01:24:49.735,490576,691,0.557,0.829,0.988,74.88,5000,164.74,1,162.56,0.641,103,0.988,0.0,179
2026-05-23T01:24:49.861,490678,847,0.683,1.017,1.55,74.88,5000,164.74,1,162.55,0.641,103,0.988,0.0,179
2026-05-23T01:24:49.920,490783,1480,1.193,1.776,3.829,74.88,5000,164.74,1,162.55,0.641,103,0.988,0.0,179
2026-05-23T01:24:50.047,490888,1571,1.266,1.886,4.157,74.88,5000,164.74,1,162.55,0.641,103,0.988,0.0,179
2026-05-23T01:24:50.171,490993,768,0.619,0.922,1.266,74.88,5000,164.74,1,162.55,0.641,103,0.988,0.0,179
2026-05-23T01:24:50.283,491098,673,0.542,0.808,0.923,74.88,5000,164.74,1,162.55,0.641,103,0.988,0.0,179
2026-05-23T01:24:50.342,491203,1263,1.018,1.516,3.048,74.88,5000,164.74,1,162.55,0.641,103,0.988,0.0,179
2026-05-23T01:24:50.470,491308,1618,1.304,1.942,4.326,74.88,5000,164.74,1,162.55,0.641,103,0.988,0.0,179
2026-05-23T01:24:50.593,491413,1134,0.914,1.361,2.584,74.88,5000,164.74,1,162.55,0.641,103,0.988,0.0,179
2026-05-23T01:24:50.656,491518,628,0.506,0.754,0.761,74.88,5000,164.74,1,162.55,0.641,103,0.988,0.0,179
2026-05-23T01:24:50.829,491660,720,0.58,0.864,1.093,74.88,5000,164.74,1,162.55,0.644,103,0.983,0.0,179
2026-05-23T01:24:50.949,491765,1211,0.976,1.454,2.861,74.88,5000,164.74,1,162.55,0.644,103,0.983,0.0,179
2026-05-23T01:24:51.012,491870,1605,1.293,1.927,4.28,74.88,5000,164.74,1,162.55,0.644,103,0.983,0.0,179
2026-05-23T01:24:51.136,491975,1217,0.981,1.461,2.882,74.88,5000,164.74,1,162.55,0.644,103,0.983,0.0,179
2026-05-23T01:24:51.263,492080,608,0.49,0.73,0.689,74.88,5000,164.74,1,162.55,0.644,103,0.983,0.0,179
2026-05-23T01:24:51.324,492185,919,0.741,1.103,1.809,74.88,5000,164.74,1,162.55,0.644,103,0.983,0.0,179
2026-05-23T01:24:51.448,492290,1507,1.214,1.809,3.927,74.88,5000,164.74,1,162.55,0.644,103,0.983,0.0,179
2026-05-23T01:24:51.573,492395,1500,1.209,1.8,3.901,74.88,5000,164.74,1,162.55,0.644,103,0.983,0.0,179
2026-05-23T01:24:51.635,492500,665,0.536,0.798,0.895,74.88,5000,164.74,1,162.55,0.644,103,0.983,0.0,179
2026-05-23T01:24:51.823,492654,679,0.547,0.815,0.945,74.88,5000,164.74,1,162.56,0.644,103,0.983,0.0,179
2026-05-23T01:24:51.948,492760,896,0.722,1.075,1.726,74.88,5000,164.74,1,162.56,0.644,103,0.983,0.0,179
2026-05-23T01:24:52.009,492865,626,0.504,0.751,0.754,74.88,5000,164.74,1,162.56,0.644,103,0.983,0.0,179
2026-05-23T01:24:52.134,492970,1153,0.929,1.384,2.652,74.88,5000,164.74,1,162.56,0.644,103,0.983,0.0,179
2026-05-23T01:24:52.257,493075,1577,1.271,1.893,4.179,74.88,5000,164.74,1,162.56,0.644,103,0.983,0.0,179
2026-05-23T01:24:52.319,493180,1236,0.996,1.484,2.951,74.88,5000,164.74,1,162.56,0.644,103,0.983,0.0,179
2026-05-23T01:24:52.444,493285,594,0.479,0.713,0.639,74.88,5000,164.74,1,162.56,0.644,103,0.983,0.0,179
2026-05-23T01:24:52.570,493390,869,0.7,1.043,1.629,74.88,5000,164.74,1,162.56,0.644,103,0.983,0.0,179
2026-05-23T01:24:52.630,493495,1486,1.198,1.784,3.851,74.88,5000,164.74,1,162.56,0.644,103,0.983,0.0,179
2026-05-23T01:24:52.755,493600,1531,1.234,1.838,4.013,74.88,5000,164.74,1,162.56,0.644,103,0.983,0.0,179
2026-05-23T01:24:52.879,493702,1295,1.044,1.554,3.163,74.88,5000,164.74,1,162.56,0.644,103,0.983,0.0,179
2026-05-23T01:24:52.942,493807,596,0.48,0.715,0.646,74.88,5000,164.74,1,162.56,0.644,103,0.983,0.0,179
2026-05-23T01:24:53.067,493912,857,0.691,1.029,1.586,74.88,5000,164.74,1,162.56,0.644,103,0.983,0.0,179
2026-05-23T01:24:53.192,494017,1481,1.193,1.778,3.833,74.88,5000,164.74,1,162.56,0.644,103,0.983,0.0,179
2026-05-23T01:24:53.254,494122,1563,1.26,1.876,4.128,74.88,5000,164.74,1,162.56,0.644,103,0.983,0.0,179
2026-05-23T01:24:53.365,494227,759,0.612,0.911,1.233,74.88,5000,164.74,1,162.56,0.644,103,0.983,0.0,179
2026-05-23T01:24:53.488,494332,666,0.537,0.799,0.898,74.88,5000,164.74,1,162.56,0.644,103,0.983,0.0,179
2026-05-23T01:24:53.613,494437,1286,1.036,1.544,3.131,74.88,5000,164.74,1,162.56,0.644,103,0.983,0.0,179
2026-05-23T01:24:53.676,494542,1611,1.298,1.934,4.301,74.88,5000,164.74,1,162.56,0.644,103,0.983,0.0,179
2026-05-23T01:24:53.864,494684,1461,1.177,1.754,3.761,74.88,5000,164.74,1,162.59,0.643,103,0.985,0.0,179
2026-05-23T01:24:53.928,494789,850,0.685,1.02,1.561,74.88,5000,164.74,1,162.59,0.643,103,0.985,0.0,179
2026-05-23T01:24:54.053,494894,655,0.528,0.786,0.859,74.88,5000,164.74,1,162.59,0.643,103,0.985,0.0,179
2026-05-23T01:24:54.175,494999,1231,0.992,1.478,2.933,74.88,5000,164.74,1,162.59,0.643,103,0.985,0.0,179
2026-05-23T01:24:54.236,495104,1612,1.299,1.935,4.305,74.88,5000,164.74,1,162.59,0.643,103,0.985,0.0,179
2026-05-23T01:24:54.363,495209,1202,0.969,1.443,2.828,74.88,5000,164.74,1,162.59,0.643,103,0.985,0.0,179
2026-05-23T01:24:54.487,495314,610,0.492,0.732,0.697,74.88,5000,164.74,1,162.59,0.643,103,0.985,0.0,179
2026-05-23T01:24:54.548,495419,937,0.755,1.125,1.874,74.88,5000,164.74,1,162.59,0.643,103,0.985,0.0,179
2026-05-23T01:24:54.674,495524,1543,1.243,1.852,4.056,74.88,5000,164.74,1,162.59,0.643,103,0.985,0.0,179
2026-05-23T01:24:54.798,495678,1502,1.21,1.803,3.909,74.88,5000,164.74,1,162.65,0.643,103,0.984,0.0,179
2026-05-23T01:24:54.923,495784,1440,1.16,1.728,3.685,74.88,5000,164.74,1,162.65,0.643,103,0.984,0.0,179
2026-05-23T01:24:55.047,495889,1600,1.289,1.921,4.262,74.88,5000,164.74,1,162.65,0.643,103,0.984,0.0,179
2026-05-23T01:24:55.173,495994,892,0.719,1.071,1.712,74.88,5000,164.74,1,162.65,0.643,103,0.984,0.0,179
2026-05-23T01:24:55.236,496099,657,0.529,0.789,0.866,74.88,5000,164.74,1,162.65,0.643,103,0.984,0.0,179
2026-05-23T01:24:55.360,496204,1203,0.969,1.444,2.832,74.88,5000,164.74,1,162.65,0.643,103,0.984,0.0,179
2026-05-23T01:24:55.484,496309,1603,1.292,1.924,4.272,74.88,5000,164.74,1,162.65,0.643,103,0.984,0.0,179
2026-05-23T01:24:55.547,496414,1237,0.997,1.485,2.954,74.88,5000,164.74,1,162.65,0.643,103,0.984,0.0,179
2026-05-23T01:24:55.672,496519,596,0.48,0.715,0.646,74.88,5000,164.74,1,162.65,0.643,103,0.984,0.0,179
2026-05-23T01:24:55.795,496624,905,0.729,1.086,1.759,74.88,5000,164.74,1,162.65,0.643,103,0.984,0.0,179
2026-05-23T01:24:55.858,496726,1153,0.929,1.384,2.652,74.88,5000,164.74,1,162.63,0.642,103,0.986,0.0,179
2026-05-23T01:24:55.983,496831,1592,1.283,1.911,4.233,74.88,5000,164.74,1,162.63,0.642,103,0.986,0.0,179
2026-05-23T01:24:56.108,496936,1286,1.036,1.544,3.131,74.88,5000,164.74,1,162.63,0.642,103,0.986,0.0,179
2026-05-23T01:24:56.170,497041,597,0.481,0.717,0.65,74.88,5000,164.74,1,162.63,0.642,103,0.986,0.0,179
2026-05-23T01:24:56.291,497146,864,0.696,1.037,1.611,74.88,5000,164.74,1,162.63,0.642,103,0.986,0.0,179
2026-05-23T01:24:56.400,497251,1485,1.197,1.782,3.847,74.88,5000,164.74,1,162.63,0.642,103,0.986,0.0,179
2026-05-23T01:24:56.524,497356,1554,1.252,1.865,4.096,74.88,5000,164.74,1,162.63,0.642,103,0.986,0.0,179
2026-05-23T01:24:56.586,497461,738,0.595,0.886,1.158,74.88,5000,164.74,1,162.63,0.642,103,0.986,0.0,179
2026-05-23T01:24:56.711,497566,672,0.542,0.807,0.92,74.88,5000,164.74,1,162.63,0.642,103,0.986,0.0,179
2026-05-23T01:24:56.837,497708,990,0.798,1.188,2.065,74.88,5000,164.74,1,162.61,0.642,103,0.986,0.0,179
2026-05-23T01:24:56.961,497813,1460,1.177,1.752,3.757,74.88,5000,164.74,1,162.61,0.642,103,0.986,0.0,179
2026-05-23T01:24:57.086,497918,1586,1.278,1.904,4.211,74.88,5000,164.74,1,162.61,0.642,103,0.986,0.0,179
2026-05-23T01:24:57.147,498023,823,0.663,0.988,1.464,74.88,5000,164.74,1,162.61,0.642,103,0.986,0.0,179
2026-05-23T01:24:57.266,498128,665,0.536,0.798,0.895,74.88,5000,164.74,1,162.61,0.642,103,0.986,0.0,179
2026-05-23T01:24:57.379,498233,1235,0.995,1.482,2.947,74.88,5000,164.74,1,162.61,0.642,103,0.986,0.0,179
2026-05-23T01:24:57.503,498338,1606,1.294,1.928,4.283,74.88,5000,164.74,1,162.61,0.642,103,0.986,0.0,179
2026-05-23T01:24:57.567,498443,1181,0.952,1.418,2.753,74.88,5000,164.74,1,162.61,0.642,103,0.986,0.0,179
2026-05-23T01:24:57.686,498548,607,0.489,0.729,0.686,74.88,5000,164.74,1,162.61,0.642,103,0.986,0.0,179
2026-05-23T01:24:57.846,498712,917,0.739,1.101,1.802,74.88,5000,164.74,1,162.67,0.641,103,0.987,0.0,179
2026-05-23T01:24:57.958,498818,1477,1.19,1.773,3.819,74.88,5000,164.74,1,162.67,0.641,103,0.987,0.0,179
2026-05-23T01:24:58.059,498923,1501,1.21,1.802,3.905,74.88,5000,164.74,1,162.67,0.641,103,0.987,0.0,179
2026-05-23T01:24:58.160,499028,678,0.546,0.814,0.941,74.88,5000,164.74,1,162.67,0.641,103,0.987,0.0,179
2026-05-23T01:24:58.262,499133,662,0.533,0.795,0.884,74.88,5000,164.74,1,162.67,0.641,103,0.987,0.0,179
2026-05-23T01:24:58.362,499238,1290,1.04,1.548,3.145,74.88,5000,164.74,1,162.67,0.641,103,0.987,0.0,179
2026-05-23T01:24:58.471,499343,1572,1.267,1.887,4.161,74.88,5000,164.74,1,162.67,0.641,103,0.987,0.0,179
2026-05-23T01:24:58.575,499448,1033,0.832,1.24,2.22,74.88,5000,164.74,1,162.67,0.641,103,0.987,0.0,179
2026-05-23T01:24:58.690,499553,617,0.497,0.741,0.722,74.88,5000,164.74,1,162.67,0.641,103,0.987,0.0,179
2026-05-23T01:24:58.855,499717,1006,0.811,1.208,2.123,74.88,5000,164.74,1,162.65,0.641,103,0.987,0.0,179
2026-05-23T01:24:58.971,499822,1433,1.155,1.72,3.66,74.88,5000,164.74,1,162.65,0.641,103,0.987,0.0,179
2026-05-23T01:24:59.030,499927,1521,1.226,1.826,3.977,74.88,5000,164.74,1,162.65,0.641,103,0.987,0.0,179
2026-05-23T01:24:59.143,500032,735,0.592,0.882,1.147,74.88,5000,164.74,1,162.65,0.641,103,0.987,0.0,179
2026-05-23T01:24:59.252,500137,648,0.522,0.778,0.833,74.88,5000,164.74,1,162.65,0.641,103,0.987,0.0,179
2026-05-23T01:24:59.367,500242,1223,0.986,1.468,2.904,74.88,5000,164.74,1,162.65,0.641,103,0.987,0.0,179
2026-05-23T01:24:59.482,500347,1573,1.268,1.888,4.164,74.88,5000,164.74,1,162.65,0.641,103,0.987,0.0,179
2026-05-23T01:24:59.592,500452,1100,0.886,1.32,2.461,74.88,5000,164.74,1,162.65,0.641,103,0.987,0.0,179
2026-05-23T01:24:59.717,500557,608,0.49,0.73,0.689,74.88,5000,164.74,1,162.65,0.641,103,0.987,0.0,179
2026-05-23T01:24:59.841,500711,953,0.768,1.144,1.932,74.88,5000,164.74,1,162.6,0.641,103,0.988,0.0,179
2026-05-23T01:24:59.966,500817,581,0.468,0.697,0.592,74.88,5000,164.74,1,162.6,0.641,103,0.988,0.0,179
2026-05-23T01:25:00.028,500922,798,0.643,0.958,1.374,74.88,5000,164.74,1,162.6,0.641,103,0.988,0.0,179
2026-05-23T01:25:00.153,501027,1416,1.141,1.7,3.599,74.88,5000,164.74,1,162.6,0.641,103,0.988,0.0,179
2026-05-23T01:25:00.262,501132,1535,1.237,1.843,4.028,74.88,5000,164.74,1,162.6,0.641,103,0.988,0.0,179
2026-05-23T01:25:00.386,501237,783,0.631,0.94,1.32,74.88,5000,164.74,1,162.6,0.641,103,0.988,0.0,179
2026-05-23T01:25:00.448,501342,640,0.516,0.768,0.805,74.88,5000,164.74,1,162.6,0.641,103,0.988,0.0,179
2026-05-23T01:25:00.575,501447,1208,0.973,1.45,2.85,74.88,5000,164.74,1,162.6,0.641,103,0.988,0.0,179
2026-05-23T01:25:00.700,501552,1567,1.263,1.881,4.143,74.88,5000,164.74,1,162.6,0.641,103,0.988,0.0,179
2026-05-23T01:25:00.762,501657,1138,0.917,1.366,2.598,74.88,5000,164.74,1,162.6,0.641,103,0.988,0.0,179
2026-05-23T01:25:00.886,501759,829,0.668,0.995,1.485,74.88,5000,164.74,1,162.62,0.641,103,0.988,0.0,179
2026-05-23T01:25:01.009,501864,625,0.504,0.75,0.751,74.88,5000,164.74,1,162.62,0.641,103,0.988,0.0,179
2026-05-23T01:25:01.117,501969,1173,0.945,1.408,2.724,74.88,5000,164.74,1,162.62,0.641,103,0.988,0.0,179
2026-05-23T01:25:01.169,502074,1554,1.252,1.865,4.096,74.88,5000,164.74,1,162.62,0.641,103,0.988,0.0,179
2026-05-23T01:25:01.321,502179,1177,0.948,1.413,2.738,74.88,5000,164.74,1,162.62,0.641,103,0.988,0.0,179
2026-05-23T01:25:01.430,502284,593,0.478,0.712,0.635,74.88,5000,164.74,1,162.62,0.641,103,0.988,0.0,179
2026-05-23T01:25:01.493,502389,888,0.716,1.066,1.698,74.88,5000,164.74,1,162.62,0.641,103,0.988,0.0,179
2026-05-23T01:25:01.597,502494,1466,1.181,1.76,3.779,74.88,5000,164.74,1,162.62,0.641,103,0.988,0.0,179
2026-05-23T01:25:01.699,502599,1472,1.186,1.767,3.801,74.88,5000,164.74,1,162.62,0.641,103,0.988,0.0,179
2026-05-23T01:25:01.852,502741,1034,0.833,1.241,2.223,74.88,5000,164.74,1,162.51,0.641,103,0.988,0.0,179
2026-05-23T01:25:01.974,502847,615,0.496,0.738,0.715,74.88,5000,164.74,1,162.51,0.641,103,0.988,0.0,179
2026-05-23T01:25:02.097,502952,978,0.788,1.174,2.022,74.88,5000,164.74,1,162.51,0.641,103,0.988,0.0,179
2026-05-23T01:25:02.161,503057,1510,1.217,1.812,3.937,74.88,5000,164.74,1,162.51,0.641,103,0.988,0.0,179
2026-05-23T01:25:02.284,503162,1409,1.135,1.691,3.574,74.88,5000,164.74,1,162.51,0.641,103,0.988,0.0,179
2026-05-23T01:25:02.407,503267,565,0.455,0.678,0.535,74.88,5000,164.74,1,162.51,0.641,103,0.988,0.0,179
2026-05-23T01:25:02.517,503372,712,0.574,0.855,1.064,74.88,5000,164.74,1,162.51,0.641,103,0.988,0.0,179
2026-05-23T01:25:02.579,503477,1363,1.098,1.636,3.408,74.88,5000,164.74,1,162.51,0.641,103,0.988,0.0,179
2026-05-23T01:25:02.704,503582,1560,1.257,1.873,4.118,74.88,5000,164.74,1,162.51,0.641,103,0.988,0.0,179
2026-05-23T01:25:02.889,503746,915,0.737,1.098,1.795,74.88,5000,164.74,1,162.56,0.641,103,0.988,0.0,179
2026-05-23T01:25:02.953,503851,607,0.489,0.729,0.686,74.88,5000,164.74,1,162.56,0.641,103,0.988,0.0,179
2026-05-23T01:25:03.057,503956,925,0.745,1.11,1.831,74.88,5000,164.74,1,162.56,0.641,103,0.988,0.0,179
2026-05-23T01:25:03.158,504061,1486,1.198,1.784,3.851,74.88,5000,164.74,1,162.56,0.641,103,0.988,0.0,179
2026-05-23T01:25:03.261,504166,1450,1.168,1.74,3.721,74.88,5000,164.74,1,162.56,0.641,103,0.988,0.0,179
2026-05-23T01:25:03.368,504271,613,0.494,0.736,0.707,74.88,5000,164.74,1,162.56,0.641,103,0.988,0.0,179
2026-05-23T01:25:03.480,504376,672,0.542,0.807,0.92,74.88,5000,164.74,1,162.56,0.641,103,0.988,0.0,179
2026-05-23T01:25:03.608,504481,1318,1.062,1.582,3.246,74.88,5000,164.74,1,162.56,0.641,103,0.988,0.0,179
2026-05-23T01:25:03.711,504586,1563,1.26,1.876,4.128,80.1,5000,176.22,1,162.56,0.641,103,0.988,0.0,179
2026-05-23T01:25:03.861,504740,971,0.782,1.166,1.997,80.1,5000,176.22,1,162.49,0.642,103,0.987,0.0,179
2026-05-23T01:25:03.962,504846,1576,1.27,1.892,4.175,80.1,5000,176.22,1,162.49,0.642,103,0.987,0.0,179
2026-05-23T01:25:04.063,504951,1189,0.958,1.427,2.782,80.1,5000,176.22,1,162.49,0.642,103,0.987,0.0,179
2026-05-23T01:25:04.170,505056,594,0.479,0.713,0.639,80.1,5000,176.22,1,162.49,0.642,103,0.987,0.0,179
2026-05-23T01:25:04.279,505161,907,0.731,1.089,1.766,80.1,5000,176.22,1,162.49,0.642,103,0.987,0.0,179
2026-05-23T01:25:04.389,505266,1508,1.215,1.81,3.93,80.1,5000,176.22,1,162.49,0.642,103,0.987,0.0,179
2026-05-23T01:25:04.498,505371,1477,1.19,1.773,3.819,80.1,5000,176.22,1,162.49,0.642,103,0.987,0.0,179
2026-05-23T01:25:04.617,505476,671,0.541,0.805,0.916,80.1,5000,176.22,1,162.49,0.642,103,0.987,0.0,179
2026-05-23T01:25:04.676,505581,687,0.554,0.825,0.974,80.1,5000,176.22,1,162.49,0.642,103,0.987,0.0,179
2026-05-23T01:25:04.786,505686,1307,1.053,1.569,3.206,80.1,5000,176.22,1,162.49,0.642,103,0.987,0.0,179
2026-05-23T01:25:04.897,505788,1477,1.19,1.773,3.819,80.1,5000,176.22,1,173.18,0.641,110,0.99,0.0,179
2026-05-23T01:25:05.020,505893,1516,1.222,1.82,3.959,80.1,5000,176.22,1,173.18,0.641,110,0.99,0.0,179
2026-05-23T01:25:05.082,505998,725,0.584,0.87,1.111,80.1,5000,176.22,1,173.18,0.641,110,0.99,0.0,179
2026-05-23T01:25:05.206,506103,667,0.538,0.801,0.902,80.1,5000,176.22,1,173.18,0.641,110,0.99,0.0,179
2026-05-23T01:25:05.332,506208,1282,1.033,1.539,3.116,80.1,5000,176.22,1,173.18,0.641,110,0.99,0.0,179
2026-05-23T01:25:05.394,506313,1582,1.275,1.899,4.197,80.1,5000,176.22,1,173.18,0.641,110,0.99,0.0,179
2026-05-23T01:25:05.519,506418,1073,0.865,1.288,2.364,80.1,5000,176.22,1,173.18,0.641,110,0.99,0.0,179
2026-05-23T01:25:05.645,506523,620,0.5,0.744,0.733,80.1,5000,176.22,1,173.18,0.641,110,0.99,0.0,179
2026-05-23T01:25:05.769,506628,1013,0.816,1.216,2.148,80.1,5000,176.22,1,173.18,0.641,110,0.99,0.0,179
2026-05-23T01:25:05.894,506770,1393,1.123,1.672,3.516,80.1,5000,176.22,1,173.03,0.641,110,0.991,0.0,179
2026-05-23T01:25:05.955,506876,1611,1.298,1.934,4.301,80.1,5000,176.22,1,173.03,0.641,110,0.991,0.0,179
2026-05-23T01:25:06.081,506981,981,0.791,1.178,2.033,80.1,5000,176.22,1,173.03,0.641,110,0.991,0.0,179
2026-05-23T01:25:06.205,507086,651,0.525,0.781,0.844,80.1,5000,176.22,1,173.03,0.641,110,0.991,0.0,179
2026-05-23T01:25:06.268,507191,1125,0.907,1.35,2.551,80.1,5000,176.22,1,173.03,0.641,110,0.991,0.0,179
2026-05-23T01:25:06.393,507296,1614,1.301,1.937,4.312,80.1,5000,176.22,1,173.03,0.641,110,0.991,0.0,179
2026-05-23T01:25:06.518,507401,1317,1.061,1.581,3.243,80.1,5000,176.22,1,173.03,0.641,110,0.991,0.0,179
2026-05-23T01:25:06.645,507506,601,0.484,0.721,0.664,80.1,5000,176.22,1,173.03,0.641,110,0.991,0.0,179
2026-05-23T01:25:06.703,507611,865,0.697,1.038,1.615,80.1,5000,176.22,1,173.03,0.641,110,0.991,0.0,179
2026-05-23T01:25:06.890,507774,1486,1.198,1.784,3.851,80.1,5000,176.22,1,173.38,0.64,110,0.991,0.0,179
2026-05-23T01:25:07.014,507880,1619,1.305,1.943,4.33,80.1,5000,176.22,1,173.38,0.64,110,0.991,0.0,179
2026-05-23T01:25:07.075,507985,1034,0.833,1.241,2.223,80.1,5000,176.22,1,173.38,0.64,110,0.991,0.0,179
2026-05-23T01:25:07.201,508090,637,0.513,0.765,0.794,80.1,5000,176.22,1,173.38,0.64,110,0.991,0.0,179
2026-05-23T01:25:07.325,508195,1090,0.878,1.308,2.425,80.1,5000,176.22,1,173.38,0.64,110,0.991,0.0,179
2026-05-23T01:25:07.387,508300,1607,1.295,1.929,4.287,80.1,5000,176.22,1,173.38,0.64,110,0.991,0.0,179
2026-05-23T01:25:07.510,508405,1369,1.103,1.643,3.43,80.1,5000,176.22,1,173.38,0.64,110,0.991,0.0,179
2026-05-23T01:25:07.634,508510,573,0.462,0.688,0.563,80.1,5000,176.22,1,173.38,0.64,110,0.991,0.0,179
2026-05-23T01:25:07.695,508615,818,0.659,0.982,1.446,80.1,5000,176.22,1,173.38,0.64,110,0.991,0.0,179
2026-05-23T01:25:07.877,508779,1468,1.183,1.762,3.786,80.1,5000,176.22,1,173.39,0.64,110,0.991,0.0,179
2026-05-23T01:25:08.008,508885,1597,1.287,1.917,4.251,80.1,5000,176.22,1,173.39,0.64,110,0.991,0.0,179
2026-05-23T01:25:08.071,508990,916,0.738,1.1,1.799,80.1,5000,176.22,1,173.39,0.64,110,0.991,0.0,179
2026-05-23T01:25:08.194,509095,653,0.526,0.784,0.851,80.1,5000,176.22,1,173.39,0.64,110,0.991,0.0,179
2026-05-23T01:25:08.302,509200,1197,0.965,1.437,2.81,80.1,5000,176.22,1,173.39,0.64,110,0.991,0.0,179
2026-05-23T01:25:08.427,509305,1612,1.299,1.935,4.305,80.1,5000,176.22,1,173.39,0.64,110,0.991,0.0,179
2026-05-23T01:25:08.489,509410,1259,1.015,1.511,3.034,80.1,5000,176.22,1,173.39,0.64,110,0.991,0.0,179
2026-05-23T01:25:08.614,509515,606,0.488,0.727,0.682,80.1,5000,176.22,1,173.39,0.64,110,0.991,0.0,179
2026-05-23T01:25:08.739,509620,912,0.735,1.095,1.784,80.1,5000,176.22,1,173.39,0.64,110,0.991,0.0,179
2026-05-23T01:25:08.866,509784,1514,1.22,1.817,3.952,80.1,5000,176.22,1,173.42,0.641,110,0.989,0.0,179
2026-05-23T01:25:08.991,509890,1567,1.263,1.881,4.143,80.1,5000,176.22,1,173.42,0.641,110,0.989,0.0,179
2026-05-23T01:25:09.118,509995,782,0.63,0.939,1.316,80.1,5000,176.22,1,173.42,0.641,110,0.989,0.0,179
2026-05-23T01:25:09.179,510100,678,0.546,0.814,0.941,80.1,5000,176.22,1,173.42,0.641,110,0.989,0.0,179
2026-05-23T01:25:09.301,510205,1294,1.043,1.553,3.16,80.1,5000,176.22,1,173.42,0.641,110,0.989,0.0,179
2026-05-23T01:25:09.424,510310,1626,1.31,1.952,4.355,80.1,5000,176.22,1,173.42,0.641,110,0.989,0.0,179
2026-05-23T01:25:09.487,510415,1138,0.917,1.366,2.598,80.1,5000,176.22,1,173.42,0.641,110,0.989,0.0,179
2026-05-23T01:25:09.611,510520,623,0.502,0.748,0.743,80.1,5000,176.22,1,173.42,0.641,110,0.989,0.0,179
2026-05-23T01:25:09.737,510625,995,0.802,1.194,2.083,80.1,5000,176.22,1,173.42,0.641,110,0.989,0.0,179
2026-05-23T01:25:09.863,510788,1556,1.254,1.868,4.103,80.1,5000,176.22,1,173.38,0.64,110,0.991,0.0,179
2026-05-23T01:25:09.989,510894,1579,1.272,1.895,4.186,80.1,5000,176.22,1,173.38,0.64,110,0.991,0.0,179
2026-05-23T01:25:10.113,510999,838,0.675,1.006,1.518,80.1,5000,176.22,1,173.38,0.64,110,0.991,0.0,179
2026-05-23T01:25:10.175,511104,642,0.517,0.771,0.812,80.1,5000,176.22,1,173.38,0.64,110,0.991,0.0,179
2026-05-23T01:25:10.299,511209,1221,0.984,1.466,2.897,80.1,5000,176.22,1,173.38,0.64,110,0.991,0.0,179
2026-05-23T01:25:10.421,511314,1613,1.3,1.936,4.308,80.1,5000,176.22,1,173.38,0.64,110,0.991,0.0,179
2026-05-23T01:25:10.484,511419,1204,0.97,1.445,2.836,80.1,5000,176.22,1,173.38,0.64,110,0.991,0.0,179
2026-05-23T01:25:10.611,511524,600,0.484,0.72,0.661,80.1,5000,176.22,1,173.38,0.64,110,0.991,0.0,179
2026-05-23T01:25:10.734,511629,937,0.755,1.125,1.874,80.1,5000,176.22,1,173.38,0.64,110,0.991,0.0,179
2026-05-23T01:25:10.861,511793,1551,1.25,1.862,4.085,80.1,5000,176.22,1,173.37,0.641,110,0.989,0.0,179
2026-05-23T01:25:10.986,511899,1551,1.25,1.862,4.085,80.1,5000,176.22,1,173.37,0.641,110,0.989,0.0,179
2026-05-23T01:25:11.110,512004,743,0.599,0.892,1.176,80.1,5000,176.22,1,173.37,0.641,110,0.989,0.0,179
2026-05-23T01:25:11.171,512109,684,0.551,0.821,0.963,80.1,5000,176.22,1,173.37,0.641,110,0.989,0.0,179
2026-05-23T01:25:11.297,512214,1332,1.073,1.599,3.297,80.1,5000,176.22,1,173.37,0.641,110,0.989,0.0,179
2026-05-23T01:25:11.420,512319,1625,1.31,1.951,4.352,80.1,5000,176.22,1,173.37,0.641,110,0.989,0.0,179
2026-05-23T01:25:11.481,512424,1112,0.896,1.335,2.504,80.1,5000,176.22,1,173.37,0.641,110,0.989,0.0,179
2026-05-23T01:25:11.608,512529,636,0.513,0.763,0.79,80.1,5000,176.22,1,173.37,0.641,110,0.989,0.0,179
2026-05-23T01:25:11.735,512634,1047,0.844,1.257,2.27,80.1,5000,176.22,1,173.37,0.641,110,0.989,0.0,179
2026-05-23T01:25:11.855,512798,1592,1.283,1.911,4.233,80.1,5000,176.22,1,173.29,0.641,110,0.99,0.0,179
2026-05-23T01:25:11.982,512903,1592,1.283,1.911,4.233,80.1,5000,176.22,1,173.29,0.641,110,0.99,0.0,179
2026-05-23T01:25:12.108,513008,829,0.668,0.995,1.485,80.1,5000,176.22,1,173.29,0.641,110,0.99,0.0,179
2026-05-23T01:25:12.169,513113,668,0.538,0.802,0.905,80.1,5000,176.22,1,173.29,0.641,110,0.99,0.0,179
2026-05-23T01:25:12.297,513218,1265,1.019,1.518,3.055,80.1,5000,176.22,1,173.29,0.641,110,0.99,0.0,179
2026-05-23T01:25:12.421,513323,1620,1.305,1.945,4.334,80.1,5000,176.22,1,173.29,0.641,110,0.99,0.0,179
2026-05-23T01:25:12.543,513428,1209,0.974,1.451,2.854,80.1,5000,176.22,1,173.29,0.641,110,0.99,0.0,179
2026-05-23T01:25:12.597,513533,619,0.499,0.743,0.729,80.1,5000,176.22,1,173.29,0.641,110,0.99,0.0,179
2026-05-23T01:25:12.715,513638,965,0.778,1.158,1.975,80.1,5000,176.22,1,173.29,0.641,110,0.99,0.0,179
2026-05-23T01:25:12.889,513792,1551,1.25,1.862,4.085,80.1,5000,176.22,1,173.36,0.64,110,0.991,0.0,179
2026-05-23T01:25:13.012,513898,805,0.649,0.966,1.399,80.1,5000,176.22,1,173.36,0.64,110,0.991,0.0,179
2026-05-23T01:25:13.074,514003,1433,1.155,1.72,3.66,80.1,5000,176.22,1,173.36,0.64,110,0.991,0.0,179
2026-05-23T01:25:13.199,514108,1591,1.282,1.91,4.229,80.1,5000,176.22,1,173.36,0.64,110,0.991,0.0,179
2026-05-23T01:25:13.325,514213,909,0.733,1.091,1.773,80.1,5000,176.22,1,173.36,0.64,110,0.991,0.0,179
2026-05-23T01:25:13.384,514318,639,0.515,0.767,0.801,80.1,5000,176.22,1,173.36,0.64,110,0.991,0.0,179
2026-05-23T01:25:13.499,514423,1153,0.929,1.384,2.652,80.1,5000,176.22,1,173.36,0.64,110,0.991,0.0,179
2026-05-23T01:25:13.617,514528,1573,1.268,1.888,4.164,80.1,5000,176.22,1,173.36,0.64,110,0.991,0.0,179
2026-05-23T01:25:13.726,514633,1259,1.015,1.511,3.034,80.1,5000,176.22,1,173.36,0.64,110,0.991,0.0,179
2026-05-23T01:25:13.788,514738,586,0.472,0.703,0.61,80.1,5000,176.22,1,173.36,0.64,110,0.991,0.0,179
2026-05-23T01:25:13.912,514840,628,0.506,0.754,0.761,80.1,5000,176.22,1,173.4,0.64,110,0.991,0.0,179
2026-05-23T01:25:14.036,514945,1093,0.881,1.312,2.436,80.1,5000,176.22,1,173.4,0.64,110,0.991,0.0,179
2026-05-23T01:25:14.146,515050,1576,1.27,1.892,4.175,80.1,5000,176.22,1,173.4,0.64,110,0.991,0.0,179
2026-05-23T01:25:14.251,515155,1321,1.065,1.586,3.257,80.1,5000,176.22,1,173.4,0.64,110,0.991,0.0,179
2026-05-23T01:25:14.353,515260,571,0.46,0.685,0.556,80.1,5000,176.22,1,173.4,0.64,110,0.991,0.0,179
2026-05-23T01:25:14.414,515365,840,0.677,1.008,1.525,80.1,5000,176.22,1,173.4,0.64,110,0.991,0.0,179
2026-05-23T01:25:14.524,515470,1443,1.163,1.732,3.696,80.1,5000,176.22,1,173.4,0.64,110,0.991,0.0,179
2026-05-23T01:25:14.625,515575,1562,1.259,1.875,4.125,80.1,5000,176.22,1,173.4,0.64,110,0.991,0.0,179
2026-05-23T01:25:14.727,515680,820,0.661,0.984,1.453,80.1,5000,176.22,1,173.4,0.64,110,0.991,0.0,179
2026-05-23T01:25:14.885,515827,597,0.481,0.717,0.65,80.1,5000,176.22,1,173.4,0.64,110,0.991,0.0,179
2026-05-23T01:25:14.986,515932,1441,1.161,1.73,3.689,80.1,5000,176.22,1,173.4,0.64,110,0.991,0.0,179
2026-05-23T01:25:15.086,516037,1560,1.257,1.873,4.118,80.1,5000,176.22,1,173.4,0.64,110,0.991,0.0,179
2026-05-23T01:25:15.189,516142,849,0.684,1.019,1.557,80.1,5000,176.22,1,173.4,0.64,110,0.991,0.0,179
2026-05-23T01:25:15.291,516247,636,0.513,0.763,0.79,80.1,5000,176.22,1,173.4,0.64,110,0.991,0.0,179
2026-05-23T01:25:15.396,516352,1183,0.953,1.42,2.76,80.1,5000,176.22,1,173.4,0.64,110,0.991,0.0,179
2026-05-23T01:25:15.508,516457,1568,1.264,1.882,4.146,80.1,5000,176.22,1,173.4,0.64,110,0.991,0.0,179
2026-05-23T01:25:15.622,516562,1217,0.981,1.461,2.882,80.1,5000,176.22,1,173.4,0.64,110,0.991,0.0,179
2026-05-23T01:25:15.737,516667,596,0.48,0.715,0.646,80.1,5000,176.22,1,173.4,0.64,110,0.991,0.0,179
2026-05-23T01:25:15.922,516826,896,0.722,1.075,1.726,80.1,5000,176.22,1,173.35,0.64,110,0.991,0.0,179
2026-05-23T01:25:15.984,516932,799,0.644,0.959,1.377,80.1,5000,176.22,1,173.35,0.64,110,0.991,0.0,179
2026-05-23T01:25:16.110,517037,1417,1.142,1.701,3.603,80.1,5000,176.22,1,173.35,0.64,110,0.991,0.0,179
2026-05-23T01:25:16.235,517142,1556,1.254,1.868,4.103,80.1,5000,176.22,1,173.35,0.64,110,0.991,0.0,179
2026-05-23T01:25:16.298,517247,862,0.695,1.035,1.604,80.1,5000,176.22,1,173.35,0.64,110,0.991,0.0,179
2026-05-23T01:25:16.405,517352,631,0.508,0.757,0.772,80.1,5000,176.22,1,173.35,0.64,110,0.991,0.0,179
2026-05-23T01:25:16.529,517457,1188,0.957,1.426,2.778,80.1,5000,176.22,1,173.35,0.64,110,0.991,0.0,179
2026-05-23T01:25:16.640,517562,1570,1.265,1.885,4.154,80.1,5000,176.22,1,173.35,0.64,110,0.991,0.0,179
2026-05-23T01:25:16.764,517667,1218,0.982,1.462,2.886,80.1,5000,176.22,1,173.35,0.64,110,0.991,0.0,179
2026-05-23T01:25:16.887,517821,587,0.473,0.705,0.614,80.1,5000,176.22,1,173.34,0.641,110,0.99,0.0,179
2026-05-23T01:25:17.011,517927,1424,1.148,1.709,3.628,80.1,5000,176.22,1,173.34,0.641,110,0.99,0.0,179
2026-05-23T01:25:17.121,518032,592,0.477,0.711,0.632,80.1,5000,176.22,1,173.34,0.641,110,0.99,0.0,179
2026-05-23T01:25:17.183,518137,732,0.59,0.879,1.136,80.1,5000,176.22,1,173.34,0.641,110,0.99,0.0,179
2026-05-23T01:25:17.308,518242,1371,1.105,1.646,3.437,80.1,5000,176.22,1,173.34,0.641,110,0.99,0.0,179
2026-05-23T01:25:17.428,518347,1571,1.266,1.886,4.157,80.1,5000,176.22,1,173.34,0.641,110,0.99,0.0,179
2026-05-23T01:25:17.495,518452,952,0.767,1.143,1.928,80.1,5000,176.22,1,173.34,0.641,110,0.99,0.0,179
2026-05-23T01:25:17.607,518557,623,0.502,0.748,0.743,80.1,5000,176.22,1,173.34,0.641,110,0.99,0.0,179
2026-05-23T01:25:17.727,518662,1099,0.886,1.319,2.457,80.1,5000,176.22,1,173.34,0.641,110,0.99,0.0,179
2026-05-23T01:25:17.854,518767,1568,1.264,1.882,4.146,80.1,5000,176.22,1,173.34,0.641,110,0.99,0.0,179
2026-05-23T01:25:17.915,518869,1573,1.268,1.888,4.164,80.1,5000,176.22,1,173.32,0.641,110,0.99,0.0,179
2026-05-23T01:25:18.041,518974,997,0.803,1.197,2.09,80.1,5000,176.22,1,173.32,0.641,110,0.99,0.0,179
2026-05-23T01:25:18.163,519079,623,0.502,0.748,0.743,80.1,5000,176.22,1,173.32,0.641,110,0.99,0.0,179
2026-05-23T01:25:18.225,519184,1056,0.851,1.268,2.303,80.1,5000,176.22,1,173.32,0.641,110,0.99,0.0,179
2026-05-23T01:25:18.351,519289,1553,1.252,1.864,4.092,80.1,5000,176.22,1,173.32,0.641,110,0.99,0.0,179
2026-05-23T01:25:18.474,519394,1351,1.089,1.622,3.365,80.1,5000,176.22,1,173.32,0.641,110,0.99,0.0,179
2026-05-23T01:25:18.534,519499,555,0.447,0.666,0.499,80.1,5000,176.22,1,173.32,0.641,110,0.99,0.0,179
2026-05-23T01:25:18.660,519604,796,0.641,0.955,1.366,80.1,5000,176.22,1,173.32,0.641,110,0.99,0.0,179
2026-05-23T01:25:18.784,519709,1398,1.127,1.678,3.534,80.1,5000,176.22,1,173.32,0.641,110,0.99,0.0,179
2026-05-23T01:25:18.908,519851,1563,1.26,1.876,4.128,80.1,5000,176.22,1,173.31,0.641,110,0.99,0.0,179
2026-05-23T01:25:19.034,519956,1429,1.152,1.715,3.646,80.1,5000,176.22,1,173.31,0.641,110,0.99,0.0,179
2026-05-23T01:25:19.097,520061,607,0.489,0.729,0.686,80.1,5000,176.22,1,173.31,0.641,110,0.99,0.0,179
2026-05-23T01:25:19.223,520166,724,0.583,0.869,1.107,80.1,5000,176.22,1,173.31,0.641,110,0.99,0.0,179
2026-05-23T01:25:19.346,520271,1360,1.096,1.632,3.397,80.1,5000,176.22,1,173.31,0.641,110,0.99,0.0,179
2026-05-23T01:25:19.409,520376,1565,1.261,1.879,4.136,80.1,5000,176.22,1,173.31,0.641,110,0.99,0.0,179
2026-05-23T01:25:19.532,520481,953,0.768,1.144,1.932,80.1,5000,176.22,1,173.31,0.641,110,0.99,0.0,179
2026-05-23T01:25:19.657,520586,623,0.502,0.748,0.743,80.1,5000,176.22,1,173.31,0.641,110,0.99,0.0,179
2026-05-23T01:25:19.719,520691,1100,0.886,1.32,2.461,80.1,5000,176.22,1,173.31,0.641,110,0.99,0.0,179
2026-05-23T01:25:19.875,520845,1562,1.259,1.875,4.125,80.1,5000,176.22,1,173.22,0.641,110,0.99,0.0,179
2026-05-23T01:25:19.998,520951,933,0.752,1.12,1.86,80.1,5000,176.22,1,173.22,0.641,110,0.99,0.0,179
2026-05-23T01:25:20.123,521056,1502,1.21,1.803,3.909,80.1,5000,176.22,1,173.22,0.641,110,0.99,0.0,179
2026-05-23T01:25:20.225,521161,1336,1.077,1.604,3.311,85.13,5000,187.29,1,173.22,0.641,110,0.99,0.0,179
2026-05-23T01:25:20.326,521267,568,0.458,0.682,0.545,85.13,5000,187.29,1,173.22,0.641,110,0.99,0.0,179
2026-05-23T01:25:20.427,521372,822,0.662,0.987,1.46,85.13,5000,187.29,1,173.22,0.641,110,0.99,0.0,179
2026-05-23T01:25:20.528,521477,1435,1.156,1.722,3.667,85.13,5000,187.29,1,173.22,0.641,110,0.99,0.0,179
2026-05-23T01:25:20.641,521582,1550,1.249,1.861,4.082,85.13,5000,187.29,1,173.22,0.641,110,0.99,0.0,179
2026-05-23T01:25:20.764,521687,809,0.652,0.971,1.413,85.13,5000,187.29,1,173.22,0.641,110,0.99,0.0,179
2026-05-23T01:25:20.826,521792,661,0.533,0.793,0.88,85.13,5000,187.29,1,173.22,0.641,110,0.99,0.0,179
2026-05-23T01:25:20.951,521893,686,0.553,0.823,0.97,85.13,5000,187.29,1,182.37,0.649,117,0.988,0.0,179
2026-05-23T01:25:21.077,521998,1304,1.051,1.565,3.196,85.13,5000,187.29,1,182.37,0.649,117,0.988,0.0,179
2026-05-23T01:25:21.138,522103,1590,1.281,1.909,4.226,85.13,5000,187.29,1,182.37,0.649,117,0.988,0.0,179
2026-05-23T01:25:21.262,522208,1068,0.861,1.282,2.346,85.13,5000,187.29,1,182.37,0.649,117,0.988,0.0,179
2026-05-23T01:25:21.371,522313,626,0.504,0.751,0.754,85.13,5000,187.29,1,182.37,0.649,117,0.988,0.0,179
2026-05-23T01:25:21.494,522418,1039,0.837,1.247,2.241,85.13,5000,187.29,1,182.37,0.649,117,0.988,0.0,179
2026-05-23T01:25:21.557,522523,1551,1.25,1.862,4.085,85.13,5000,187.29,1,182.37,0.649,117,0.988,0.0,179
2026-05-23T01:25:21.683,522628,1388,1.119,1.666,3.498,85.13,5000,187.29,1,182.37,0.649,117,0.988,0.0,179
2026-05-23T01:25:21.808,522733,573,0.462,0.688,0.563,85.13,5000,187.29,1,182.37,0.649,117,0.988,0.0,179
2026-05-23T01:25:21.932,522875,637,0.513,0.765,0.794,85.13,5000,187.29,1,183.71,0.646,118,0.994,0.0,179
2026-05-23T01:25:22.058,522980,968,0.78,1.162,1.986,85.13,5000,187.29,1,183.71,0.646,118,0.994,0.0,179
2026-05-23T01:25:22.121,523085,1520,1.225,1.825,3.974,85.13,5000,187.29,1,183.71,0.646,118,0.994,0.0,179
2026-05-23T01:25:22.245,523190,1463,1.179,1.756,3.768,85.13,5000,187.29,1,183.71,0.646,118,0.994,0.0,179
2026-05-23T01:25:22.368,523295,622,0.501,0.747,0.74,85.13,5000,187.29,1,183.71,0.646,118,0.994,0.0,179
2026-05-23T01:25:22.431,523400,728,0.587,0.874,1.122,85.13,5000,187.29,1,183.71,0.646,118,0.994,0.0,179
2026-05-23T01:25:22.556,523505,1358,1.094,1.63,3.39,85.13,5000,187.29,1,183.71,0.646,118,0.994,0.0,179
2026-05-23T01:25:22.681,523610,1587,1.279,1.905,4.215,85.13,5000,187.29,1,183.71,0.646,118,0.994,0.0,179
2026-05-23T01:25:22.742,523715,982,0.791,1.179,2.036,85.13,5000,187.29,1,183.71,0.646,118,0.994,0.0,179
2026-05-23T01:25:22.928,523870,627,0.505,0.753,0.758,85.13,5000,187.29,1,183.82,0.646,118,0.993,0.0,179
2026-05-23T01:25:22.991,523975,1185,0.955,1.422,2.767,85.13,5000,187.29,1,183.82,0.646,118,0.993,0.0,179
2026-05-23T01:25:23.117,524080,601,0.484,0.721,0.664,85.13,5000,187.29,1,183.82,0.646,118,0.993,0.0,179
2026-05-23T01:25:23.241,524185,947,0.763,1.137,1.91,85.13,5000,187.29,1,183.82,0.646,118,0.993,0.0,179
2026-05-23T01:25:23.364,524290,1505,1.213,1.806,3.919,85.13,5000,187.29,1,183.82,0.646,118,0.993,0.0,179
2026-05-23T01:25:23.426,524395,1475,1.189,1.77,3.811,85.13,5000,187.29,1,183.82,0.646,118,0.993,0.0,179
2026-05-23T01:25:23.551,524500,664,0.535,0.797,0.891,85.13,5000,187.29,1,183.82,0.646,118,0.993,0.0,179
2026-05-23T01:25:23.675,524605,726,0.585,0.871,1.114,85.13,5000,187.29,1,183.82,0.646,118,0.993,0.0,179
2026-05-23T01:25:23.737,524710,1351,1.089,1.622,3.365,85.13,5000,187.29,1,183.82,0.646,118,0.993,0.0,179
2026-05-23T01:25:23.862,524815,1581,1.274,1.898,4.193,85.13,5000,187.29,1,183.82,0.646,118,0.993,0.0,179
2026-05-23T01:25:23.987,524917,1502,1.21,1.803,3.909,85.13,5000,187.29,1,183.78,0.647,118,0.992,0.0,179
2026-05-23T01:25:24.049,525022,708,0.571,0.85,1.05,85.13,5000,187.29,1,183.78,0.647,118,0.992,0.0,179
2026-05-23T01:25:24.175,525127,703,0.567,0.844,1.031,85.13,5000,187.29,1,183.78,0.647,118,0.992,0.0,179
2026-05-23T01:25:24.299,525232,1342,1.081,1.611,3.333,85.13,5000,187.29,1,183.78,0.647,118,0.992,0.0,179
2026-05-23T01:25:24.362,525337,1625,1.31,1.951,4.352,85.13,5000,187.29,1,183.78,0.647,118,0.992,0.0,179
2026-05-23T01:25:24.485,525442,1064,0.857,1.277,2.331,85.13,5000,187.29,1,183.78,0.647,118,0.992,0.0,179
2026-05-23T01:25:24.609,525547,637,0.513,0.765,0.794,85.13,5000,187.29,1,183.78,0.647,118,0.992,0.0,179
2026-05-23T01:25:24.670,525652,1074,0.865,1.289,2.367,85.13,5000,187.29,1,183.78,0.647,118,0.992,0.0,179
2026-05-23T01:25:24.797,525757,1602,1.291,1.923,4.269,85.13,5000,187.29,1,183.78,0.647,118,0.992,0.0,179
2026-05-23T01:25:24.919,525899,1591,1.282,1.91,4.229,85.13,5000,187.29,1,183.86,0.647,118,0.991,0.0,179
2026-05-23T01:25:25.043,526005,957,0.771,1.149,1.946,85.13,5000,187.29,1,183.86,0.647,118,0.991,0.0,179
2026-05-23T01:25:25.167,526110,654,0.527,0.785,0.855,85.13,5000,187.29,1,183.86,0.647,118,0.991,0.0,179
2026-05-23T01:25:25.231,526215,1164,0.938,1.397,2.692,85.13,5000,187.29,1,183.86,0.647,118,0.991,0.0,179
2026-05-23T01:25:25.357,526320,1608,1.296,1.93,4.29,85.13,5000,187.29,1,183.86,0.647,118,0.991,0.0,179
2026-05-23T01:25:25.473,526425,1292,1.041,1.551,3.152,85.13,5000,187.29,1,183.86,0.647,118,0.991,0.0,179
2026-05-23T01:25:25.590,526530,603,0.486,0.724,0.671,85.13,5000,187.29,1,183.86,0.647,118,0.991,0.0,179
2026-05-23T01:25:25.652,526635,884,0.712,1.061,1.683,85.13,5000,187.29,1,183.86,0.647,118,0.991,0.0,179
2026-05-23T01:25:25.777,526740,1516,1.222,1.82,3.959,85.13,5000,187.29,1,183.86,0.647,118,0.991,0.0,179
2026-05-23T01:25:25.963,526904,1551,1.25,1.862,4.085,85.13,5000,187.29,1,183.83,0.647,118,0.992,0.0,179
2026-05-23T01:25:26.025,527010,806,0.65,0.967,1.402,85.13,5000,187.29,1,183.83,0.647,118,0.992,0.0,179
2026-05-23T01:25:26.152,527115,682,0.55,0.819,0.956,85.13,5000,187.29,1,183.83,0.647,118,0.992,0.0,179
2026-05-23T01:25:26.278,527220,1287,1.037,1.545,3.134,85.13,5000,187.29,1,183.83,0.647,118,0.992,0.0,179
2026-05-23T01:25:26.340,527325,1613,1.3,1.936,4.308,85.13,5000,187.29,1,183.83,0.647,118,0.992,0.0,179
2026-05-23T01:25:26.464,527430,1161,0.936,1.394,2.681,85.13,5000,187.29,1,183.83,0.647,118,0.992,0.0,179
2026-05-23T01:25:26.588,527535,625,0.504,0.75,0.751,85.13,5000,187.29,1,183.83,0.647,118,0.992,0.0,179
2026-05-23T01:25:26.648,527640,1002,0.807,1.203,2.108,85.13,5000,187.29,1,183.83,0.647,118,0.992,0.0,179
2026-05-23T01:25:26.773,527745,1579,1.272,1.895,4.186,85.13,5000,187.29,1,183.83,0.647,118,0.992,0.0,179
2026-05-23T01:25:26.961,527909,1473,1.187,1.768,3.804,85.13,5000,187.29,1,183.87,0.647,118,0.991,0.0,179
2026-05-23T01:25:27.017,528014,856,0.69,1.027,1.582,85.13,5000,187.29,1,183.87,0.647,118,0.991,0.0,179
2026-05-23T01:25:27.130,528119,663,0.534,0.796,0.887,85.13,5000,187.29,1,183.87,0.647,118,0.991,0.0,179
2026-05-23T01:25:27.259,528224,1248,1.006,1.498,2.994,85.13,5000,187.29,1,183.87,0.647,118,0.991,0.0,179
2026-05-23T01:25:27.385,528329,1608,1.296,1.93,4.29,85.13,5000,187.29,1,183.87,0.647,118,0.991,0.0,179
2026-05-23T01:25:27.447,528434,1203,0.969,1.444,2.832,85.13,5000,187.29,1,183.87,0.647,118,0.991,0.0,179
2026-05-23T01:25:27.571,528539,605,0.488,0.726,0.679,85.13,5000,187.29,1,183.87,0.647,118,0.991,0.0,179
2026-05-23T01:25:27.693,528644,963,0.776,1.156,1.968,85.13,5000,187.29,1,183.87,0.647,118,0.991,0.0,179
2026-05-23T01:25:27.755,528749,1528,1.231,1.834,4.002,85.13,5000,187.29,1,183.87,0.647,118,0.991,0.0,179
2026-05-23T01:25:27.942,528903,1486,1.198,1.784,3.851,85.13,5000,187.29,1,183.84,0.647,118,0.992,0.0,179
2026-05-23T01:25:28.067,529009,1449,1.168,1.739,3.718,85.13,5000,187.29,1,183.84,0.647,118,0.992,0.0,179
2026-05-23T01:25:28.129,529114,1580,1.273,1.897,4.19,85.13,5000,187.29,1,183.84,0.647,118,0.992,0.0,179
2026-05-23T01:25:28.252,529219,880,0.709,1.056,1.669,85.13,5000,187.29,1,183.84,0.647,118,0.992,0.0,179
2026-05-23T01:25:28.376,529324,662,0.533,0.795,0.884,85.13,5000,187.29,1,183.84,0.647,118,0.992,0.0,179
2026-05-23T01:25:28.439,529429,1223,0.986,1.468,2.904,85.13,5000,187.29,1,183.84,0.647,118,0.992,0.0,179
2026-05-23T01:25:28.562,529534,1602,1.291,1.923,4.269,85.13,5000,187.29,1,183.84,0.647,118,0.992,0.0,179
2026-05-23T01:25:28.687,529639,1217,0.981,1.461,2.882,85.13,5000,187.29,1,183.84,0.647,118,0.992,0.0,179
2026-05-23T01:25:28.750,529744,596,0.48,0.715,0.646,85.13,5000,187.29,1,183.84,0.647,118,0.992,0.0,179
2026-05-23T01:25:28.872,529849,942,0.759,1.131,1.892,85.13,5000,187.29,1,183.84,0.647,118,0.992,0.0,179
2026-05-23T01:25:28.999,529951,1179,0.95,1.415,2.746,85.13,5000,187.29,1,183.81,0.648,118,0.99,0.0,179
2026-05-23T01:25:29.060,530056,1603,1.292,1.924,4.272,85.13,5000,187.29,1,183.81,0.648,118,0.99,0.0,179
2026-05-23T01:25:29.183,530161,1260,1.015,1.512,3.037,85.13,5000,187.29,1,183.81,0.648,118,0.99,0.0,179
2026-05-23T01:25:29.306,530266,597,0.481,0.717,0.65,85.13,5000,187.29,1,183.81,0.648,118,0.99,0.0,179
2026-05-23T01:25:29.368,530371,913,0.736,1.096,1.788,85.13,5000,187.29,1,183.81,0.648,118,0.99,0.0,179
2026-05-23T01:25:29.476,530476,1521,1.226,1.826,3.977,85.13,5000,187.29,1,183.81,0.648,118,0.99,0.0,179
2026-05-23T01:25:29.586,530581,1531,1.234,1.838,4.013,85.13,5000,187.29,1,183.81,0.648,118,0.99,0.0,179
2026-05-23T01:25:29.712,530686,718,0.579,0.862,1.086,85.13,5000,187.29,1,183.81,0.648,118,0.99,0.0,179
2026-05-23T01:25:29.834,530791,712,0.574,0.855,1.064,85.13,5000,187.29,1,183.81,0.648,118,0.99,0.0,179
2026-05-23T01:25:29.962,530933,1062,0.856,1.275,2.324,85.13,5000,187.29,1,183.83,0.647,118,0.992,0.0,179
2026-05-23T01:25:30.084,531039,1577,1.271,1.893,4.179,85.13,5000,187.29,1,183.83,0.647,118,0.992,0.0,179
2026-05-23T01:25:30.148,531144,1456,1.173,1.748,3.743,85.13,5000,187.29,1,183.83,0.647,118,0.992,0.0,179
2026-05-23T01:25:30.269,531249,600,0.484,0.72,0.661,85.13,5000,187.29,1,183.83,0.647,118,0.992,0.0,179
2026-05-23T01:25:30.395,531354,769,0.62,0.923,1.269,85.13,5000,187.29,1,183.83,0.647,118,0.992,0.0,179
2026-05-23T01:25:30.458,531459,1422,1.146,1.707,3.621,85.13,5000,187.29,1,183.83,0.647,118,0.992,0.0,179
2026-05-23T01:25:30.582,531564,1598,1.288,1.918,4.254,85.13,5000,187.29,1,183.83,0.647,118,0.992,0.0,179
2026-05-23T01:25:30.708,531669,941,0.758,1.13,1.889,85.13,5000,187.29,1,183.83,0.647,118,0.992,0.0,179
2026-05-23T01:25:30.764,531774,659,0.531,0.791,0.873,85.13,5000,187.29,1,183.83,0.647,118,0.992,0.0,179
2026-05-23T01:25:30.926,531938,1188,0.957,1.426,2.778,85.13,5000,187.29,1,183.83,0.647,118,0.992,0.0,179
2026-05-23T01:25:31.051,532043,1582,1.275,1.899,4.197,85.13,5000,187.29,1,183.83,0.647,118,0.992,0.0,179
2026-05-23T01:25:31.162,532148,1485,1.197,1.782,3.847,85.13,5000,187.29,1,183.83,0.647,118,0.992,0.0,179
2026-05-23T01:25:31.282,532253,622,0.501,0.747,0.74,85.13,5000,187.29,1,183.83,0.647,118,0.992,0.0,179
2026-05-23T01:25:31.348,532358,750,0.604,0.9,1.201,85.13,5000,187.29,1,183.83,0.647,118,0.992,0.0,179
2026-05-23T01:25:31.471,532463,1395,1.124,1.674,3.523,85.13,5000,187.29,1,183.83,0.647,118,0.992,0.0,179
2026-05-23T01:25:31.597,532568,1615,1.301,1.939,4.316,85.13,5000,187.29,1,183.83,0.647,118,0.992,0.0,179
2026-05-23T01:25:31.657,532673,972,0.783,1.167,2.0,85.13,5000,187.29,1,183.83,0.647,118,0.992,0.0,179
2026-05-23T01:25:31.783,532778,656,0.529,0.787,0.862,85.13,5000,187.29,1,183.83,0.647,118,0.992,0.0,179
2026-05-23T01:25:31.971,532932,1162,0.936,1.395,2.684,85.13,5000,187.29,1,183.79,0.648,118,0.99,0.0,179
2026-05-23T01:25:32.032,533038,622,0.501,0.747,0.74,85.13,5000,187.29,1,183.79,0.648,118,0.99,0.0,179
2026-05-23T01:25:32.156,533143,1003,0.808,1.204,2.112,85.13,5000,187.29,1,183.79,0.648,118,0.99,0.0,179
2026-05-23T01:25:32.281,533248,1572,1.267,1.887,4.161,85.13,5000,187.29,1,183.79,0.648,118,0.99,0.0,179
2026-05-23T01:25:32.344,533353,1476,1.189,1.772,3.815,85.13,5000,187.29,1,183.79,0.648,118,0.99,0.0,179
2026-05-23T01:25:32.468,533458,608,0.49,0.73,0.689,85.13,5000,187.29,1,183.79,0.648,118,0.99,0.0,179
2026-05-23T01:25:32.592,533563,742,0.598,0.891,1.172,85.13,5000,187.29,1,183.79,0.648,118,0.99,0.0,179
2026-05-23T01:25:32.653,533668,1382,1.114,1.659,3.477,85.13,5000,187.29,1,183.79,0.648,118,0.99,0.0,179
2026-05-23T01:25:32.772,533773,1577,1.271,1.893,4.179,85.13,5000,187.29,1,183.79,0.648,118,0.99,0.0,179
2026-05-23T01:25:32.873,533878,950,0.766,1.14,1.921,85.13,5000,187.29,1,183.79,0.648,118,0.99,0.0,179
2026-05-23T01:25:32.975,533980,634,0.511,0.761,0.783,85.13,5000,187.29,1,183.82,0.647,118,0.992,0.0,179
2026-05-23T01:25:33.076,534085,717,0.578,0.861,1.082,85.13,5000,187.29,1,183.82,0.647,118,0.992,0.0,179
2026-05-23T01:25:33.187,534190,1364,1.099,1.637,3.412,85.13,5000,187.29,1,183.82,0.647,118,0.992,0.0,179
2026-05-23T01:25:33.291,534295,1571,1.266,1.886,4.157,85.13,5000,187.29,1,183.82,0.647,118,0.992,0.0,179
2026-05-23T01:25:33.392,534400,965,0.778,1.158,1.975,85.13,5000,187.29,1,183.82,0.647,118,0.992,0.0,179
2026-05-23T01:25:33.494,534505,628,0.506,0.754,0.761,85.13,5000,187.29,1,183.82,0.647,118,0.992,0.0,179
2026-05-23T01:25:33.599,534610,1110,0.895,1.332,2.497,85.13,5000,187.29,1,183.82,0.647,118,0.992,0.0,179
2026-05-23T01:25:33.715,534715,1568,1.264,1.882,4.146,85.13,5000,187.29,1,183.82,0.647,118,0.992,0.0,179
2026-05-23T01:25:33.824,534820,1279,1.031,1.535,3.106,85.13,5000,187.29,1,183.82,0.647,118,0.992,0.0,179
2026-05-23T01:25:33.949,534962,775,0.625,0.93,1.291,85.13,5000,187.29,1,183.83,0.649,118,0.989,0.0,179
2026-05-23T01:25:34.073,535067,622,0.501,0.747,0.74,85.13,5000,187.29,1,183.83,0.649,118,0.989,0.0,179
2026-05-23T01:25:34.198,535172,1072,0.864,1.287,2.36,85.13,5000,187.29,1,183.83,0.649,118,0.989,0.0,179
2026-05-23T01:25:34.255,535277,1564,1.26,1.877,4.132,85.13,5000,187.29,1,183.83,0.649,118,0.989,0.0,179
2026-05-23T01:25:34.370,535382,1318,1.062,1.582,3.246,85.13,5000,187.29,1,183.83,0.649,118,0.989,0.0,179
2026-05-23T01:25:34.495,535487,573,0.462,0.688,0.563,85.13,5000,187.29,1,183.83,0.649,118,0.989,0.0,179
2026-05-23T01:25:34.603,535592,833,0.671,1.0,1.5,85.13,5000,187.29,1,183.83,0.649,118,0.989,0.0,179
2026-05-23T01:25:34.719,535697,1444,1.164,1.733,3.7,85.13,5000,187.29,1,183.83,0.649,118,0.989,0.0,179
2026-05-23T01:25:34.774,535802,1543,1.243,1.852,4.056,85.13,5000,187.29,1,183.83,0.649,118,0.989,0.0,179
2026-05-23T01:25:34.945,535957,794,0.64,0.953,1.359,85.13,5000,187.29,1,183.83,0.649,118,0.989,0.0,179
2026-05-23T01:25:35.068,536062,1575,1.269,1.891,4.172,85.13,5000,187.29,1,183.83,0.649,118,0.989,0.0,179
2026-05-23T01:25:35.193,536167,987,0.795,1.185,2.054,85.13,5000,187.29,1,183.83,0.649,118,0.989,0.0,179
2026-05-23T01:25:35.253,536272,631,0.508,0.757,0.772,85.13,5000,187.29,1,183.83,0.649,118,0.989,0.0,179
2026-05-23T01:25:35.380,536377,1086,0.875,1.304,2.411,85.13,5000,187.29,1,183.83,0.649,118,0.989,0.0,179
2026-05-23T01:25:35.505,536482,1562,1.259,1.875,4.125,85.13,5000,187.29,1,183.83,0.649,118,0.989,0.0,179
2026-05-23T01:25:35.568,536587,1306,1.052,1.568,3.203,85.13,5000,187.29,1,183.83,0.649,118,0.989,0.0,179
2026-05-23T01:25:35.691,536692,584,0.471,0.701,0.603,85.13,5000,187.29,1,183.83,0.649,118,0.989,0.0,179
2026-05-23T01:25:35.816,536797,848,0.683,1.018,1.554,85.13,5000,187.29,1,183.83,0.649,118,0.989,0.0,179
2026-05-23T01:25:35.878,536902,1458,1.175,1.75,3.75,85.13,5000,187.29,1,183.83,0.649,118,0.989,0.0,179
2026-05-23T01:25:36.007,537004,1553,1.252,1.864,4.092,85.13,5000,187.29,1,183.81,0.649,118,0.989,0.0,179
2026-05-23T01:25:36.131,537109,1324,1.067,1.589,3.268,85.13,5000,187.29,1,183.81,0.649,118,0.989,0.0,179
2026-05-23T01:25:36.192,537214,584,0.471,0.701,0.603,85.13,5000,187.29,1,183.81,0.649,118,0.989,0.0,179
2026-05-23T01:25:36.316,537319,834,0.672,1.001,1.503,85.13,5000,187.29,1,183.81,0.649,118,0.989,0.0,179
2026-05-23T01:25:36.440,537424,1456,1.173,1.748,3.743,85.13,5000,187.29,1,183.81,0.649,118,0.989,0.0,179
2026-05-23T01:25:36.502,537529,1537,1.239,1.845,4.035,85.13,5000,187.29,1,183.81,0.649,118,0.989,0.0,179
2026-05-23T01:25:36.627,537634,787,0.634,0.945,1.334,85.13,5000,187.29,1,183.81,0.649,118,0.989,0.0,179
2026-05-23T01:25:36.751,537739,657,0.529,0.789,0.866,85.13,5000,187.29,1,183.81,0.649,118,0.989,0.0,179
2026-05-23T01:25:36.811,537844,1258,1.014,1.51,3.03,85.13,5000,187.29,1,183.81,0.649,118,0.989,0.0,179
2026-05-23T01:25:36.999,537976,1526,1.23,1.832,3.995,85.13,5000,187.29,1,183.81,0.649,118,0.989,0.0,179
2026-05-23T01:25:37.062,538082,822,0.662,0.987,1.46,85.13,5000,187.29,1,183.81,0.649,118,0.989,0.0,179
2026-05-23T01:25:37.187,538187,1461,1.177,1.754,3.761,85.13,5000,187.29,1,183.81,0.649,118,0.989,0.0,179
2026-05-23T01:25:37.311,538292,1545,1.245,1.855,4.064,85.13,5000,187.29,1,183.81,0.649,118,0.989,0.0,179
2026-05-23T01:25:37.375,538397,796,0.641,0.955,1.366,85.13,5000,187.29,1,183.81,0.649,118,0.989,0.0,179
2026-05-23T01:25:37.497,538502,651,0.525,0.781,0.844,85.13,5000,187.29,1,183.81,0.649,118,0.989,0.0,179
2026-05-23T01:25:37.622,538607,1253,1.01,1.504,3.012,85.13,5000,187.29,1,183.81,0.649,118,0.989,0.0,179
2026-05-23T01:25:37.686,538712,1575,1.269,1.891,4.172,85.13,5000,187.29,1,183.81,0.649,118,0.989,0.0,179
2026-05-23T01:25:37.808,538817,1115,0.899,1.338,2.515,85.13,5000,187.29,1,183.81,0.649,118,0.989,0.0,179
2026-05-23T01:25:37.934,538922,612,0.493,0.735,0.704,85.13,5000,187.29,1,183.81,0.649,118,0.989,0.0,179
2026-05-23T01:25:37.996,539024,653,0.526,0.784,0.851,85.13,5000,187.29,1,183.84,0.649,118,0.989,0.0,179
2026-05-23T01:25:38.121,539129,1237,0.997,1.485,2.954,85.13,5000,187.29,1,183.84,0.649,118,0.989,0.0,179
2026-05-23T01:25:38.246,539234,1578,1.272,1.894,4.182,85.13,5000,187.29,1,183.84,0.649,118,0.989,0.0,179
2026-05-23T01:25:38.308,539339,1138,0.917,1.366,2.598,85.13,5000,187.29,1,183.84,0.649,118,0.989,0.0,179
2026-05-23T01:25:38.433,539444,613,0.494,0.736,0.707,85.13,5000,187.29,1,183.84,0.649,118,0.989,0.0,179
2026-05-23T01:25:38.558,539549,984,0.793,1.181,2.043,85.13,5000,187.29,1,183.84,0.649,118,0.989,0.0,179
2026-05-23T01:25:38.620,539654,1522,1.227,1.827,3.981,85.13,5000,187.29,1,183.84,0.649,118,0.989,0.0,179
2026-05-23T01:25:38.745,539759,1422,1.146,1.707,3.621,85.13,5000,187.29,1,183.84,0.649,118,0.989,0.0,179
2026-05-23T01:25:38.870,539864,583,0.47,0.7,0.599,85.13,5000,187.29,1,183.84,0.649,118,0.989,0.0,179
2026-05-23T01:25:38.993,540006,632,0.509,0.759,0.776,85.13,5000,187.29,1,183.8,0.649,118,0.989,0.0,179
2026-05-23T01:25:39.117,540111,943,0.76,1.132,1.896,85.13,5000,187.29,1,183.8,0.649,118,0.989,0.0,179
2026-05-23T01:25:39.179,540216,1512,1.218,1.815,3.945,85.13,5000,187.29,1,183.8,0.649,118,0.989,0.0,179
2026-05-23T01:25:39.304,540321,1456,1.173,1.748,3.743,85.13,5000,187.29,1,183.8,0.649,118,0.989,0.0,179
2026-05-23T01:25:39.426,540426,627,0.505,0.753,0.758,85.13,5000,187.29,1,183.8,0.649,118,0.989,0.0,179
2026-05-23T01:25:39.488,540531,716,0.577,0.859,1.078,85.13,5000,187.29,1,183.8,0.649,118,0.989,0.0,179
2026-05-23T01:25:39.613,540636,1357,1.094,1.629,3.387,85.13,5000,187.29,1,183.8,0.649,118,0.989,0.0,179
2026-05-23T01:25:39.738,540741,1566,1.262,1.88,4.139,85.13,5000,187.29,1,183.8,0.649,118,0.989,0.0,179
2026-05-23T01:25:39.800,540846,961,0.774,1.154,1.961,85.13,5000,187.29,1,183.8,0.649,118,0.989,0.0,179
2026-05-23T01:25:39.986,541000,636,0.513,0.763,0.79,85.13,5000,187.29,1,183.75,0.649,118,0.989,0.0,179
2026-05-23T01:25:40.111,541106,1149,0.926,1.379,2.638,85.13,5000,187.29,1,183.75,0.649,118,0.989,0.0,179
2026-05-23T01:25:40.172,541211,613,0.494,0.736,0.707,85.13,5000,187.29,1,183.75,0.649,118,0.989,0.0,179
2026-05-23T01:25:40.297,541316,970,0.782,1.164,1.993,85.13,5000,187.29,1,183.75,0.649,118,0.989,0.0,179
2026-05-23T01:25:40.423,541421,1519,1.224,1.823,3.97,85.13,5000,187.29,1,183.75,0.649,118,0.989,0.0,179
2026-05-23T01:25:40.485,541526,1444,1.164,1.733,3.7,85.13,5000,187.29,1,183.75,0.649,118,0.989,0.0,179
2026-05-23T01:25:40.610,541631,618,0.498,0.742,0.725,85.13,5000,187.29,1,183.75,0.649,118,0.989,0.0,179
2026-05-23T01:25:40.734,541736,727,0.586,0.873,1.118,85.13,5000,187.29,1,183.75,0.649,118,0.989,0.0,179
2026-05-23T01:25:40.796,541841,1367,1.102,1.641,3.423,85.13,5000,187.29,1,183.75,0.649,118,0.989,0.0,179
2026-05-23T01:25:40.921,541946,1565,1.261,1.879,4.136,85.13,5000,187.29,1,183.75,0.649,118,0.989,0.0,179
2026-05-23T01:25:41.044,542048,1465,1.181,1.758,3.775,85.13,5000,187.29,1,183.69,0.649,118,0.989,0.0,179
2026-05-23T01:25:41.106,542153,648,0.522,0.778,0.833,85.13,5000,187.29,1,183.69,0.649,118,0.989,0.0,179
2026-05-23T01:25:41.232,542258,716,0.577,0.859,1.078,85.13,5000,187.29,1,183.69,0.649,118,0.989,0.0,179
2026-05-23T01:25:41.357,542363,1338,1.078,1.606,3.318,85.13,5000,187.29,1,183.69,0.649,118,0.989,0.0,179
2026-05-23T01:25:41.417,542468,1566,1.262,1.88,4.139,85.13,5000,187.29,1,183.69,0.649,118,0.989,0.0,179
2026-05-23T01:25:41.543,542573,976,0.787,1.172,2.015,85.13,5000,187.29,1,183.69,0.649,118,0.989,0.0,179
2026-05-23T01:25:41.667,542678,624,0.503,0.749,0.747,85.13,5000,187.29,1,183.69,0.649,118,0.989,0.0,179
2026-05-23T01:25:41.729,542783,1087,0.876,1.305,2.414,85.13,5000,187.29,1,183.69,0.649,118,0.989,0.0,179
2026-05-23T01:25:41.856,542888,1558,1.256,1.87,4.11,85.13,5000,187.29,1,183.69,0.649,118,0.989,0.0,179
2026-05-23T01:25:41.978,543030,1536,1.238,1.844,4.031,85.13,5000,187.29,1,183.71,0.65,118,0.988,0.0,179
2026-05-23T01:25:42.105,543136,862,0.695,1.035,1.604,85.13,5000,187.29,1,183.71,0.65,118,0.988,0.0,179
2026-05-23T01:25:42.217,543241,642,0.517,0.771,0.812,85.13,5000,187.29,1,183.71,0.65,118,0.988,0.0,179
2026-05-23T01:25:42.318,543346,1193,0.961,1.432,2.796,85.13,5000,187.29,1,183.71,0.65,118,0.988,0.0,179
2026-05-23T01:25:42.420,543451,1568,1.264,1.882,4.146,85.13,5000,187.29,1,183.71,0.65,118,0.988,0.0,179
2026-05-23T01:25:42.524,543556,1196,0.964,1.436,2.807,85.13,5000,187.29,1,183.71,0.65,118,0.988,0.0,179
2026-05-23T01:25:42.627,543661,596,0.48,0.715,0.646,85.13,5000,187.29,1,183.71,0.65,118,0.988,0.0,179
2026-05-23T01:25:42.734,543766,930,0.749,1.116,1.849,85.13,5000,187.29,1,183.71,0.65,118,0.988,0.0,179
2026-05-23T01:25:42.852,543871,1490,1.201,1.788,3.865,85.13,5000,187.29,1,183.71,0.65,118,0.988,0.0,179
2026-05-23T01:25:43.022,544035,1467,1.182,1.761,3.783,85.13,5000,187.29,1,183.73,0.649,118,0.989,0.0,179
2026-05-23T01:25:43.084,544140,911,0.734,1.094,1.781,89.97,5000,197.93,1,183.73,0.649,118,0.989,0.0,179
2026-05-23T01:25:43.195,544245,665,0.536,0.798,0.895,89.97,5000,197.93,1,183.73,0.649,118,0.989,0.0,179
2026-05-23T01:25:43.296,544350,1170,0.943,1.404,2.713,89.97,5000,197.93,1,183.73,0.649,118,0.989,0.0,179
2026-05-23T01:25:43.397,544455,1581,1.274,1.898,4.193,89.97,5000,197.93,1,183.73,0.649,118,0.989,0.0,179
2026-05-23T01:25:43.506,544560,1225,0.987,1.47,2.911,89.97,5000,197.93,1,183.73,0.649,118,0.989,0.0,179
2026-05-23T01:25:43.615,544665,580,0.467,0.696,0.589,89.97,5000,197.93,1,183.73,0.649,118,0.989,0.0,179
2026-05-23T01:25:43.726,544770,923,0.744,1.108,1.824,89.97,5000,197.93,1,183.73,0.649,118,0.989,0.0,179
2026-05-23T01:25:43.844,544875,1504,1.212,1.805,3.916,89.97,5000,197.93,1,183.73,0.649,118,0.989,0.0,179
2026-05-23T01:25:44.017,545029,1501,1.21,1.802,3.905,89.97,5000,197.93,1,193.86,0.661,128,0.998,0.0,179
2026-05-23T01:25:44.084,545135,1409,1.135,1.691,3.574,89.97,5000,197.93,1,193.86,0.661,128,0.998,0.0,179
2026-05-23T01:25:44.209,545240,1574,1.268,1.889,4.168,89.97,5000,197.93,1,193.86,0.661,128,0.998,0.0,179
2026-05-23T01:25:44.333,545345,923,0.744,1.108,1.824,89.97,5000,197.93,1,193.86,0.661,128,0.998,0.0,179
2026-05-23T01:25:44.395,545450,670,0.54,0.804,0.913,89.97,5000,197.93,1,193.86,0.661,128,0.998,0.0,179
2026-05-23T01:25:44.521,545555,1179,0.95,1.415,2.746,89.97,5000,197.93,1,193.86,0.661,128,0.998,0.0,179
2026-05-23T01:25:44.643,545660,1580,1.273,1.897,4.19,89.97,5000,197.93,1,193.86,0.661,128,0.998,0.0,179
2026-05-23T01:25:44.705,545765,1246,1.004,1.496,2.987,89.97,5000,197.93,1,193.86,0.661,128,0.998,0.0,179
2026-05-23T01:25:44.831,545870,578,0.466,0.694,0.581,89.97,5000,197.93,1,193.86,0.661,128,0.998,0.0,179
2026-05-23T01:25:44.958,545975,913,0.736,1.096,1.788,89.97,5000,197.93,1,193.86,0.661,128,0.998,0.0,179
2026-05-23T01:25:45.018,546077,1140,0.919,1.368,2.605,89.97,5000,197.93,1,193.84,0.662,128,0.997,0.0,179
2026-05-23T01:25:45.144,546182,1586,1.278,1.904,4.211,89.97,5000,197.93,1,193.84,0.662,128,0.997,0.0,179
2026-05-23T01:25:45.268,546287,1279,1.031,1.535,3.106,89.97,5000,197.93,1,193.84,0.662,128,0.997,0.0,179
2026-05-23T01:25:45.329,546392,579,0.467,0.695,0.585,89.97,5000,197.93,1,193.84,0.662,128,0.997,0.0,179
2026-05-23T01:25:45.454,546497,884,0.712,1.061,1.683,89.97,5000,197.93,1,193.84,0.662,128,0.997,0.0,179
2026-05-23T01:25:45.580,546602,1481,1.193,1.778,3.833,89.97,5000,197.93,1,193.84,0.662,128,0.997,0.0,179
2026-05-23T01:25:45.640,546707,1546,1.246,1.856,4.067,89.97,5000,197.93,1,193.84,0.662,128,0.997,0.0,179
2026-05-23T01:25:45.764,546812,746,0.601,0.895,1.186,89.97,5000,197.93,1,193.84,0.662,128,0.997,0.0,179
2026-05-23T01:25:45.887,546917,716,0.577,0.859,1.078,89.97,5000,197.93,1,193.84,0.662,128,0.997,0.0,179
2026-05-23T01:25:46.009,547059,1024,0.825,1.229,2.187,89.97,5000,197.93,1,193.88,0.663,128,0.995,0.0,179
2026-05-23T01:25:46.135,547165,1562,1.259,1.875,4.125,89.97,5000,197.93,1,193.88,0.663,128,0.995,0.0,179
2026-05-23T01:25:46.257,547270,1492,1.202,1.791,3.873,89.97,5000,197.93,1,193.88,0.663,128,0.995,0.0,179
2026-05-23T01:25:46.320,547375,635,0.512,0.762,0.787,89.97,5000,197.93,1,193.88,0.663,128,0.995,0.0,179
2026-05-23T01:25:46.446,547480,750,0.604,0.9,1.201,89.97,5000,197.93,1,193.88,0.663,128,0.995,0.0,179
2026-05-23T01:25:46.553,547585,1404,1.131,1.685,3.556,89.97,5000,197.93,1,193.88,0.663,128,0.995,0.0,179
2026-05-23T01:25:46.678,547690,1612,1.299,1.935,4.305,89.97,5000,197.93,1,193.88,0.663,128,0.995,0.0,179
2026-05-23T01:25:46.737,547795,992,0.799,1.191,2.072,89.97,5000,197.93,1,193.88,0.663,128,0.995,0.0,179
2026-05-23T01:25:46.864,547900,664,0.535,0.797,0.891,89.97,5000,197.93,1,193.88,0.663,128,0.995,0.0,179
2026-05-23T01:25:47.034,548063,1138,0.917,1.366,2.598,89.97,5000,197.93,1,193.87,0.662,128,0.997,0.0,179
2026-05-23T01:25:47.158,548169,1558,1.256,1.87,4.11,89.97,5000,197.93,1,193.87,0.662,128,0.997,0.0,179
2026-05-23T01:25:47.220,548274,1520,1.225,1.825,3.974,89.97,5000,197.93,1,193.87,0.662,128,0.997,0.0,179
2026-05-23T01:25:47.347,548379,687,0.554,0.825,0.974,89.97,5000,197.93,1,193.87,0.662,128,0.997,0.0,179
2026-05-23T01:25:47.458,548484,746,0.601,0.895,1.186,89.97,5000,197.93,1,193.87,0.662,128,0.997,0.0,179
2026-05-23T01:25:47.516,548589,1366,1.101,1.64,3.419,89.97,5000,197.93,1,193.87,0.662,128,0.997,0.0,179
2026-05-23T01:25:47.628,548694,1614,1.301,1.937,4.312,89.97,5000,197.93,1,193.87,0.662,128,0.997,0.0,179
2026-05-23T01:25:47.752,548799,1030,0.83,1.236,2.209,89.97,5000,197.93,1,193.87,0.662,128,0.997,0.0,179
2026-05-23T01:25:47.874,548904,653,0.526,0.784,0.851,89.97,5000,197.93,1,193.87,0.662,128,0.997,0.0,179
2026-05-23T01:25:47.999,549068,1109,0.894,1.331,2.493,89.97,5000,197.93,1,193.91,0.661,128,0.998,0.0,179
2026-05-23T01:25:48.124,549174,1596,1.286,1.916,4.247,89.97,5000,197.93,1,193.91,0.661,128,0.998,0.0,179
2026-05-23T01:25:48.247,549279,1398,1.127,1.678,3.534,89.97,5000,197.93,1,193.91,0.661,128,0.998,0.0,179
2026-05-23T01:25:48.310,549384,569,0.459,0.683,0.549,89.97,5000,197.93,1,193.91,0.661,128,0.998,0.0,179
2026-05-23T01:25:48.435,549489,806,0.65,0.967,1.402,89.97,5000,197.93,1,193.91,0.661,128,0.998,0.0,179
2026-05-23T01:25:48.559,549594,1426,1.149,1.712,3.635,89.97,5000,197.93,1,193.91,0.661,128,0.998,0.0,179
2026-05-23T01:25:48.682,549699,1584,1.276,1.901,4.204,89.97,5000,197.93,1,193.91,0.661,128,0.998,0.0,179
2026-05-23T01:25:48.742,549804,882,0.711,1.059,1.676,89.97,5000,197.93,1,193.91,0.661,128,0.998,0.0,179
2026-05-23T01:25:48.852,549909,681,0.549,0.817,0.952,89.97,5000,197.93,1,193.91,0.661,128,0.998,0.0,179
2026-05-23T01:25:49.026,550073,1206,0.972,1.448,2.843,89.97,5000,197.93,1,193.83,0.661,128,0.999,0.0,179
2026-05-23T01:25:49.138,550178,1561,1.258,1.874,4.121,89.97,5000,197.93,1,193.83,0.661,128,0.999,0.0,179
2026-05-23T01:25:49.240,550283,1426,1.149,1.712,3.635,89.97,5000,197.93,1,193.83,0.661,128,0.999,0.0,179
2026-05-23T01:25:49.341,550388,601,0.484,0.721,0.664,89.97,5000,197.93,1,193.83,0.661,128,0.999,0.0,179
2026-05-23T01:25:49.450,550493,758,0.611,0.91,1.23,89.97,5000,197.93,1,193.83,0.661,128,0.999,0.0,179
2026-05-23T01:25:49.559,550598,1425,1.148,1.71,3.631,89.97,5000,197.93,1,193.83,0.661,128,0.999,0.0,179
2026-05-23T01:25:49.671,550703,1601,1.29,1.922,4.265,89.97,5000,197.93,1,193.83,0.661,128,0.999,0.0,179
2026-05-23T01:25:49.773,550808,934,0.753,1.121,1.863,89.97,5000,197.93,1,193.83,0.661,128,0.999,0.0,179
2026-05-23T01:25:49.874,550913,653,0.526,0.784,0.851,89.97,5000,197.93,1,193.83,0.661,128,0.999,0.0,179
2026-05-23T01:25:50.028,551067,1161,0.936,1.394,2.681,89.97,5000,197.93,1,193.81,0.661,128,0.999,0.0,179
2026-05-23T01:25:50.130,551173,601,0.484,0.721,0.664,89.97,5000,197.93,1,193.81,0.661,128,0.999,0.0,179
2026-05-23T01:25:50.232,551278,984,0.793,1.181,2.043,89.97,5000,197.93,1,193.81,0.661,128,0.999,0.0,179
2026-05-23T01:25:50.334,551383,1547,1.247,1.857,4.071,89.97,5000,197.93,1,193.81,0.661,128,0.999,0.0,179
2026-05-23T01:25:50.445,551488,1464,1.18,1.757,3.772,89.97,5000,197.93,1,193.81,0.661,128,0.999,0.0,179
2026-05-23T01:25:50.554,551593,625,0.504,0.75,0.751,89.97,5000,197.93,1,193.81,0.661,128,0.999,0.0,179
2026-05-23T01:25:50.659,551698,739,0.596,0.887,1.161,89.97,5000,197.93,1,193.81,0.661,128,0.999,0.0,179
2026-05-23T01:25:50.765,551803,1388,1.119,1.666,3.498,89.97,5000,197.93,1,193.81,0.661,128,0.999,0.0,179
2026-05-23T01:25:50.883,551908,1586,1.278,1.904,4.211,89.97,5000,197.93,1,193.81,0.661,128,0.999,0.0,179
2026-05-23T01:25:50.944,552013,967,0.779,1.161,1.982,89.97,5000,197.93,1,193.81,0.661,128,0.999,0.0,179
2026-05-23T01:25:51.069,552115,654,0.527,0.785,0.855,89.97,5000,197.93,1,193.87,0.661,128,0.998,0.0,179
2026-05-23T01:25:51.175,552220,730,0.588,0.876,1.129,89.97,5000,197.93,1,193.87,0.661,128,0.998,0.0,179
2026-05-23T01:25:51.279,552325,1356,1.093,1.628,3.383,89.97,5000,197.93,1,193.87,0.661,128,0.998,0.0,179
2026-05-23T01:25:51.383,552430,1582,1.275,1.899,4.197,89.97,5000,197.93,1,193.87,0.661,128,0.998,0.0,179
2026-05-23T01:25:51.489,552535,998,0.804,1.198,2.094,89.97,5000,197.93,1,193.87,0.661,128,0.998,0.0,179
2026-05-23T01:25:51.597,552640,632,0.509,0.759,0.776,89.97,5000,197.93,1,193.87,0.661,128,0.998,0.0,179
2026-05-23T01:25:51.697,552745,1104,0.89,1.325,2.475,89.97,5000,197.93,1,193.87,0.661,128,0.998,0.0,179
2026-05-23T01:25:51.800,552850,1573,1.268,1.888,4.164,89.97,5000,197.93,1,193.87,0.661,128,0.998,0.0,179
2026-05-23T01:25:51.907,552955,1322,1.065,1.587,3.261,89.97,5000,197.93,1,193.87,0.661,128,0.998,0.0,179
2026-05-23T01:25:52.032,553097,820,0.661,0.984,1.453,89.97,5000,197.93,1,193.87,0.661,128,0.998,0.0,179
2026-05-23T01:25:52.136,553202,622,0.501,0.747,0.74,89.97,5000,197.93,1,193.87,0.661,128,0.998,0.0,179
2026-05-23T01:25:52.240,553307,1041,0.839,1.25,2.249,89.97,5000,197.93,1,193.87,0.661,128,0.998,0.0,179
2026-05-23T01:25:52.344,553412,1564,1.26,1.877,4.132,89.97,5000,197.93,1,193.87,0.661,128,0.998,0.0,179
2026-05-23T01:25:52.448,553517,1383,1.115,1.66,3.48,89.97,5000,197.93,1,193.87,0.661,128,0.998,0.0,179
2026-05-23T01:25:52.557,553622,567,0.457,0.681,0.542,89.97,5000,197.93,1,193.87,0.661,128,0.998,0.0,179
2026-05-23T01:25:52.673,553727,791,0.637,0.949,1.348,89.97,5000,197.93,1,193.87,0.661,128,0.998,0.0,179
2026-05-23T01:25:52.796,553832,1425,1.148,1.71,3.631,89.97,5000,197.93,1,193.87,0.661,128,0.998,0.0,179
2026-05-23T01:25:52.858,553937,1570,1.265,1.885,4.154,89.97,5000,197.93,1,193.87,0.661,128,0.998,0.0,179
2026-05-23T01:25:53.044,554092,868,0.699,1.042,1.626,89.97,5000,197.93,1,193.92,0.661,128,0.998,0.0,179
2026-05-23T01:25:53.109,554197,1583,1.276,1.9,4.2,89.97,5000,197.93,1,193.92,0.661,128,0.998,0.0,179
2026-05-23T01:25:53.232,554302,1079,0.87,1.295,2.385,89.97,5000,197.93,1,193.92,0.661,128,0.998,0.0,179
2026-05-23T01:25:53.356,554407,621,0.5,0.745,0.736,89.97,5000,197.93,1,193.92,0.661,128,0.998,0.0,179
2026-05-23T01:25:53.467,554512,1039,0.837,1.247,2.241,89.97,5000,197.93,1,193.92,0.661,128,0.998,0.0,179
2026-05-23T01:25:53.531,554617,1559,1.256,1.871,4.114,89.97,5000,197.93,1,193.92,0.661,128,0.998,0.0,179
2026-05-23T01:25:53.655,554722,1390,1.12,1.668,3.505,89.97,5000,197.93,1,193.92,0.661,128,0.998,0.0,179
2026-05-23T01:25:53.763,554827,574,0.463,0.689,0.567,89.97,5000,197.93,1,193.92,0.661,128,0.998,0.0,179
2026-05-23T01:25:53.872,554932,799,0.644,0.959,1.377,89.97,5000,197.93,1,193.92,0.661,128,0.998,0.0,179
2026-05-23T01:25:53.974,555037,1409,1.135,1.691,3.574,89.97,5000,197.93,1,193.92,0.661,128,0.998,0.0,179
2026-05-23T01:25:54.075,555139,1558,1.256,1.87,4.11,89.97,5000,197.93,1,193.89,0.662,128,0.997,0.0,179
2026-05-23T01:25:54.185,555244,1428,1.151,1.714,3.642,89.97,5000,197.93,1,193.89,0.662,128,0.997,0.0,179
2026-05-23T01:25:54.310,555349,594,0.479,0.713,0.639,89.97,5000,197.93,1,193.89,0.662,128,0.997,0.0,179
2026-05-23T01:25:54.372,555454,769,0.62,0.923,1.269,89.97,5000,197.93,1,193.89,0.662,128,0.997,0.0,179
2026-05-23T01:25:54.484,555559,1408,1.135,1.69,3.57,89.97,5000,197.93,1,193.89,0.662,128,0.997,0.0,179
2026-05-23T01:25:54.593,555664,1580,1.273,1.897,4.19,89.97,5000,197.93,1,193.89,0.662,128,0.997,0.0,179
2026-05-23T01:25:54.715,555769,930,0.749,1.116,1.849,89.97,5000,197.93,1,193.89,0.662,128,0.997,0.0,179
2026-05-23T01:25:54.815,555874,663,0.534,0.796,0.887,89.97,5000,197.93,1,193.89,0.662,128,0.997,0.0,179
2026-05-23T01:25:54.916,555979,1168,0.941,1.402,2.706,89.97,5000,197.93,1,193.89,0.662,128,0.997,0.0,179
2026-05-23T01:25:55.018,556111,1476,1.189,1.772,3.815,89.97,5000,197.93,1,193.87,0.662,128,0.997,0.0,179
2026-05-23T01:25:55.120,556217,746,0.601,0.895,1.186,89.97,5000,197.93,1,193.87,0.662,128,0.997,0.0,179
2026-05-23T01:25:55.222,556322,1373,1.106,1.648,3.444,89.97,5000,197.93,1,193.87,0.662,128,0.997,0.0,179
2026-05-23T01:25:55.327,556427,1580,1.273,1.897,4.19,89.97,5000,197.93,1,193.87,0.662,128,0.997,0.0,179
2026-05-23T01:25:55.446,556532,964,0.777,1.157,1.971,89.97,5000,197.93,1,193.87,0.662,128,0.997,0.0,179
2026-05-23T01:25:55.565,556637,653,0.526,0.784,0.851,89.97,5000,197.93,1,193.87,0.662,128,0.997,0.0,179
2026-05-23T01:25:55.673,556742,1124,0.906,1.349,2.548,89.97,5000,197.93,1,193.87,0.662,128,0.997,0.0,179
2026-05-23T01:25:55.776,556847,1577,1.271,1.893,4.179,89.97,5000,197.93,1,193.87,0.662,128,0.997,0.0,179
2026-05-23T01:25:55.880,556952,1286,1.036,1.544,3.131,89.97,5000,197.93,1,193.87,0.662,128,0.997,0.0,179
2026-05-23T01:25:55.993,557057,568,0.458,0.682,0.545,89.97,5000,197.93,1,193.87,0.662,128,0.997,0.0,179
2026-05-23T01:25:56.102,557159,634,0.511,0.761,0.783,89.97,5000,197.93,1,193.89,0.663,128,0.995,0.0,179
2026-05-23T01:25:56.161,557264,1095,0.882,1.314,2.443,89.97,5000,197.93,1,193.89,0.663,128,0.995,0.0,179
2026-05-23T01:25:56.285,557369,1570,1.265,1.885,4.154,89.97,5000,197.93,1,193.89,0.663,128,0.995,0.0,179
2026-05-23T01:25:56.397,557474,1324,1.067,1.589,3.268,89.97,5000,197.93,1,193.89,0.663,128,0.995,0.0,179
2026-05-23T01:25:56.497,557579,572,0.461,0.687,0.56,89.97,5000,197.93,1,193.89,0.663,128,0.995,0.0,179
2026-05-23T01:25:56.611,557684,842,0.679,1.011,1.532,89.97,5000,197.93,1,193.89,0.663,128,0.995,0.0,179
2026-05-23T01:25:56.736,557789,1450,1.168,1.74,3.721,89.97,5000,197.93,1,193.89,0.663,128,0.995,0.0,179
2026-05-23T01:25:56.798,557894,1559,1.256,1.871,4.114,89.97,5000,197.93,1,193.89,0.663,128,0.995,0.0,179
2026-05-23T01:25:56.908,557999,818,0.659,0.982,1.446,95.0,5000,209.0,1,193.89,0.663,128,0.995,0.0,179
2026-05-23T01:25:57.058,558141,566,0.456,0.679,0.538,95.0,5000,209.0,1,193.85,0.662,128,0.997,0.0,179
2026-05-23T01:25:57.160,558246,816,0.658,0.979,1.438,95.0,5000,209.0,1,193.85,0.662,128,0.997,0.0,179
2026-05-23T01:25:57.281,558351,1455,1.173,1.746,3.739,95.0,5000,209.0,1,193.85,0.662,128,0.997,0.0,179
2026-05-23T01:25:57.394,558456,1607,1.295,1.929,4.287,95.0,5000,209.0,1,193.85,0.662,128,0.997,0.0,179
2026-05-23T01:25:57.496,558561,912,0.735,1.095,1.784,95.0,5000,209.0,1,193.85,0.662,128,0.997,0.0,179
2026-05-23T01:25:57.596,558666,711,0.573,0.853,1.06,95.0,5000,209.0,1,193.85,0.662,128,0.997,0.0,179
2026-05-23T01:25:57.702,558771,1215,0.979,1.458,2.875,95.0,5000,209.0,1,193.85,0.662,128,0.997,0.0,179
2026-05-23T01:25:57.826,558876,1603,1.292,1.924,4.272,95.0,5000,209.0,1,193.85,0.662,128,0.997,0.0,179
2026-05-23T01:25:57.890,558981,1231,0.992,1.478,2.933,95.0,5000,209.0,1,193.85,0.662,128,0.997,0.0,179
2026-05-23T01:25:58.044,559135,539,0.434,0.647,0.441,95.0,5000,209.0,1,204.51,0.683,139,0.995,0.0,179
2026-05-23T01:25:58.170,559241,1429,1.152,1.715,3.646,95.0,5000,209.0,1,204.51,0.683,139,0.995,0.0,179
2026-05-23T01:25:58.233,559346,604,0.487,0.725,0.675,95.0,5000,209.0,1,204.51,0.683,139,0.995,0.0,179
2026-05-23T01:25:58.359,559451,805,0.649,0.966,1.399,95.0,5000,209.0,1,204.51,0.683,139,0.995,0.0,179
2026-05-23T01:25:58.484,559556,1443,1.163,1.732,3.696,95.0,5000,209.0,1,204.51,0.683,139,0.995,0.0,179
2026-05-23T01:25:58.609,559661,1608,1.296,1.93,4.29,95.0,5000,209.0,1,204.51,0.683,139,0.995,0.0,179
2026-05-23T01:25:58.673,559766,933,0.752,1.12,1.86,95.0,5000,209.0,1,204.51,0.683,139,0.995,0.0,179
2026-05-23T01:25:58.795,559871,706,0.569,0.847,1.042,95.0,5000,209.0,1,204.51,0.683,139,0.995,0.0,179
2026-05-23T01:25:58.919,559976,1197,0.965,1.437,2.81,95.0,5000,209.0,1,204.51,0.683,139,0.995,0.0,179
2026-05-23T01:25:58.972,560081,1592,1.283,1.911,4.233,95.0,5000,209.0,1,204.51,0.683,139,0.995,0.0,179
2026-05-23T01:25:59.077,560183,1602,1.291,1.923,4.269,95.0,5000,209.0,1,204.58,0.683,139,0.994,0.0,179
2026-05-23T01:25:59.187,560288,969,0.781,1.163,1.989,95.0,5000,209.0,1,204.58,0.683,139,0.994,0.0,179
2026-05-23T01:25:59.292,560393,690,0.556,0.828,0.985,95.0,5000,209.0,1,204.58,0.683,139,0.994,0.0,179
2026-05-23T01:25:59.402,560498,1159,0.934,1.391,2.674,95.0,5000,209.0,1,204.58,0.683,139,0.994,0.0,179
2026-05-23T01:25:59.514,560603,1596,1.286,1.916,4.247,95.0,5000,209.0,1,204.58,0.683,139,0.994,0.0,179
2026-05-23T01:25:59.635,560708,1292,1.041,1.551,3.152,95.0,5000,209.0,1,204.58,0.683,139,0.994,0.0,179
2026-05-23T01:25:59.743,560813,513,0.413,0.616,0.347,95.0,5000,209.0,1,204.58,0.683,139,0.994,0.0,179
2026-05-23T01:25:59.804,560918,905,0.729,1.086,1.759,95.0,5000,209.0,1,204.58,0.683,139,0.994,0.0,179
2026-05-23T01:25:59.916,561023,1507,1.214,1.809,3.927,95.0,5000,209.0,1,204.58,0.683,139,0.994,0.0,179
2026-05-23T01:26:00.104,561165,1596,1.286,1.916,4.247,95.0,5000,209.0,1,204.58,0.683,139,0.994,0.0,179
2026-05-23T01:26:00.164,561271,1182,0.953,1.419,2.756,95.0,5000,209.0,1,204.58,0.683,139,0.994,0.0,179
2026-05-23T01:26:00.279,561376,567,0.457,0.681,0.542,95.0,5000,209.0,1,204.58,0.683,139,0.994,0.0,179
2026-05-23T01:26:00.388,561481,986,0.795,1.184,2.051,95.0,5000,209.0,1,204.58,0.683,139,0.994,0.0,179
2026-05-23T01:26:00.498,561586,1554,1.252,1.865,4.096,95.0,5000,209.0,1,204.58,0.683,139,0.994,0.0,179
2026-05-23T01:26:00.608,561691,1469,1.184,1.763,3.79,95.0,5000,209.0,1,204.58,0.683,139,0.994,0.0,179
2026-05-23T01:26:00.725,561796,650,0.524,0.78,0.841,95.0,5000,209.0,1,204.58,0.683,139,0.994,0.0,179
2026-05-23T01:26:00.778,561901,764,0.616,0.917,1.251,95.0,5000,209.0,1,204.58,0.683,139,0.994,0.0,179
2026-05-23T01:26:00.898,562006,1386,1.117,1.664,3.491,95.0,5000,209.0,1,204.58,0.683,139,0.994,0.0,179
2026-05-23T01:26:01.068,562170,1590,1.281,1.909,4.226,95.0,5000,209.0,1,204.56,0.683,139,0.994,0.0,179
2026-05-23T01:26:01.176,562275,1221,0.984,1.466,2.897,95.0,5000,209.0,1,204.56,0.683,139,0.994,0.0,179
2026-05-23T01:26:01.301,562380,539,0.434,0.647,0.441,95.0,5000,209.0,1,204.56,0.683,139,0.994,0.0,179
2026-05-23T01:26:01.410,562485,952,0.767,1.143,1.928,95.0,5000,209.0,1,204.56,0.683,139,0.994,0.0,179
2026-05-23T01:26:01.471,562590,1536,1.238,1.844,4.031,95.0,5000,209.0,1,204.56,0.683,139,0.994,0.0,179
2026-05-23T01:26:01.596,562695,1513,1.219,1.816,3.948,95.0,5000,209.0,1,204.56,0.683,139,0.994,0.0,179
2026-05-23T01:26:01.720,562800,707,0.57,0.849,1.046,95.0,5000,209.0,1,204.56,0.683,139,0.994,0.0,179
2026-05-23T01:26:01.783,562905,760,0.612,0.912,1.237,95.0,5000,209.0,1,204.56,0.683,139,0.994,0.0,179
2026-05-23T01:26:01.907,563010,1383,1.115,1.66,3.48,95.0,5000,209.0,1,204.56,0.683,139,0.994,0.0,179
2026-05-23T01:26:02.094,563164,1624,1.309,1.949,4.348,95.0,5000,209.0,1,204.5,0.683,139,0.995,0.0,179
2026-05-23T01:26:02.156,563270,1218,0.982,1.462,2.886,95.0,5000,209.0,1,204.5,0.683,139,0.995,0.0,179
2026-05-23T01:26:02.282,563375,1629,1.313,1.955,4.366,95.0,5000,209.0,1,204.5,0.683,139,0.995,0.0,179
2026-05-23T01:26:02.406,563480,1265,1.019,1.518,3.055,95.0,5000,209.0,1,204.5,0.683,139,0.995,0.0,179
2026-05-23T01:26:02.468,563585,536,0.432,0.643,0.43,95.0,5000,209.0,1,204.5,0.683,139,0.995,0.0,179
2026-05-23T01:26:02.597,563690,941,0.758,1.13,1.889,95.0,5000,209.0,1,204.5,0.683,139,0.995,0.0,179
2026-05-23T01:26:02.720,563795,1543,1.243,1.852,4.056,95.0,5000,209.0,1,204.5,0.683,139,0.995,0.0,179
2026-05-23T01:26:02.781,563900,1559,1.256,1.871,4.114,95.0,5000,209.0,1,204.5,0.683,139,0.995,0.0,179
2026-05-23T01:26:02.908,564005,736,0.593,0.883,1.15,95.0,5000,209.0,1,204.5,0.683,139,0.995,0.0,179
2026-05-23T01:26:03.031,564110,762,0.614,0.915,1.244,95.0,5000,209.0,1,204.5,0.683,139,0.995,0.0,179
2026-05-23T01:26:03.094,564212,907,0.731,1.089,1.766,95.0,5000,209.0,1,204.47,0.683,139,0.995,0.0,179
2026-05-23T01:26:03.220,564317,1535,1.237,1.843,4.028,95.0,5000,209.0,1,204.47,0.683,139,0.995,0.0,179
2026-05-23T01:26:03.344,564422,1599,1.289,1.919,4.258,95.0,5000,209.0,1,204.47,0.683,139,0.995,0.0,179
2026-05-23T01:26:03.405,564527,794,0.64,0.953,1.359,95.0,5000,209.0,1,204.47,0.683,139,0.995,0.0,179
2026-05-23T01:26:03.528,564632,743,0.599,0.892,1.176,95.0,5000,209.0,1,204.47,0.683,139,0.995,0.0,179
2026-05-23T01:26:03.654,564737,1326,1.069,1.592,3.275,95.0,5000,209.0,1,204.47,0.683,139,0.995,0.0,179
2026-05-23T01:26:03.718,564842,1622,1.307,1.947,4.341,95.0,5000,209.0,1,204.47,0.683,139,0.995,0.0,179
2026-05-23T01:26:03.838,564947,1148,0.925,1.378,2.634,95.0,5000,209.0,1,204.47,0.683,139,0.995,0.0,179
2026-05-23T01:26:03.964,565052,594,0.479,0.713,0.639,95.0,5000,209.0,1,204.47,0.683,139,0.995,0.0,179
2026-05-23T01:26:04.089,565194,785,0.633,0.942,1.327,95.0,5000,209.0,1,204.43,0.683,139,0.995,0.0,179
2026-05-23T01:26:04.213,565299,1263,1.018,1.516,3.048,95.0,5000,209.0,1,204.43,0.683,139,0.995,0.0,179
2026-05-23T01:26:04.274,565404,1615,1.301,1.939,4.316,95.0,5000,209.0,1,204.43,0.683,139,0.995,0.0,179
2026-05-23T01:26:04.400,565509,1229,0.99,1.475,2.926,95.0,5000,209.0,1,204.43,0.683,139,0.995,0.0,179
2026-05-23T01:26:04.508,565614,548,0.442,0.658,0.473,95.0,5000,209.0,1,204.43,0.683,139,0.995,0.0,179
2026-05-23T01:26:04.632,565719,979,0.789,1.175,2.025,95.0,5000,209.0,1,204.43,0.683,139,0.995,0.0,179
2026-05-23T01:26:04.694,565824,1567,1.263,1.881,4.143,95.0,5000,209.0,1,204.43,0.683,139,0.995,0.0,179
2026-05-23T01:26:04.818,565929,1533,1.235,1.84,4.02,95.0,5000,209.0,1,204.43,0.683,139,0.995,0.0,179
2026-05-23T01:26:04.943,566034,701,0.565,0.841,1.024,95.0,5000,209.0,1,204.43,0.683,139,0.995,0.0,179
2026-05-23T01:26:05.067,566189,768,0.619,0.922,1.266,95.0,5000,209.0,1,204.46,0.683,139,0.995,0.0,179
2026-05-23T01:26:05.191,566294,928,0.748,1.114,1.842,95.0,5000,209.0,1,204.46,0.683,139,0.995,0.0,179
2026-05-23T01:26:05.316,566399,713,0.575,0.856,1.068,95.0,5000,209.0,1,204.46,0.683,139,0.995,0.0,179
2026-05-23T01:26:05.378,566504,1210,0.975,1.452,2.857,95.0,5000,209.0,1,204.46,0.683,139,0.995,0.0,179
2026-05-23T01:26:05.503,566609,1599,1.289,1.919,4.258,95.0,5000,209.0,1,204.46,0.683,139,0.995,0.0,179
2026-05-23T01:26:05.628,566714,1234,0.994,1.481,2.944,95.0,5000,209.0,1,204.46,0.683,139,0.995,0.0,179
2026-05-23T01:26:05.689,566819,488,0.393,0.586,0.257,95.0,5000,209.0,1,204.46,0.683,139,0.995,0.0,179
2026-05-23T01:26:05.814,566924,862,0.695,1.035,1.604,95.0,5000,209.0,1,204.46,0.683,139,0.995,0.0,179
2026-05-23T01:26:05.938,567029,1468,1.183,1.762,3.786,95.0,5000,209.0,1,204.46,0.683,139,0.995,0.0,179
2026-05-23T01:26:06.000,567134,1496,1.206,1.796,3.887,95.0,5000,209.0,1,204.46,0.683,139,0.995,0.0,179
2026-05-23T01:26:06.123,567236,1268,1.022,1.522,3.066,95.0,5000,209.0,1,204.56,0.684,140,1.0,0.0,179
2026-05-23T01:26:06.248,567341,481,0.388,0.577,0.232,95.0,5000,209.0,1,204.56,0.684,140,1.0,0.0,179
2026-05-23T01:26:06.311,567446,824,0.664,0.989,1.467,95.0,5000,209.0,1,204.56,0.684,140,1.0,0.0,179
2026-05-23T01:26:06.436,567551,1435,1.156,1.722,3.667,95.0,5000,209.0,1,204.56,0.684,140,1.0,0.0,179
2026-05-23T01:26:06.560,567656,1537,1.239,1.845,4.035,95.0,5000,209.0,1,204.56,0.684,140,1.0,0.0,179
2026-05-23T01:26:06.622,567761,785,0.633,0.942,1.327,95.0,5000,209.0,1,204.56,0.684,140,1.0,0.0,179
2026-05-23T01:26:06.748,567866,735,0.592,0.882,1.147,95.0,5000,209.0,1,204.56,0.684,140,1.0,0.0,179
2026-05-23T01:26:06.873,567971,1316,1.061,1.58,3.239,95.0,5000,209.0,1,204.56,0.684,140,1.0,0.0,179
2026-05-23T01:26:06.934,568076,1621,1.306,1.946,4.337,95.0,5000,209.0,1,204.56,0.684,140,1.0,0.0,179
2026-05-23T01:26:07.123,568218,1495,1.205,1.794,3.883,95.0,5000,209.0,1,204.57,0.684,140,1.0,0.0,179
2026-05-23T01:26:07.185,568324,700,0.564,0.84,1.021,95.0,5000,209.0,1,204.57,0.684,140,1.0,0.0,179
2026-05-23T01:26:07.309,568429,766,0.617,0.919,1.258,95.0,5000,209.0,1,204.57,0.684,140,1.0,0.0,179
2026-05-23T01:26:07.433,568534,1382,1.114,1.659,3.477,95.0,5000,209.0,1,204.57,0.684,140,1.0,0.0,179
2026-05-23T01:26:07.496,568639,1622,1.307,1.947,4.341,95.0,5000,209.0,1,204.57,0.684,140,1.0,0.0,179
2026-05-23T01:26:07.614,568744,1067,0.86,1.281,2.342,95.0,5000,209.0,1,204.57,0.684,140,1.0,0.0,179
2026-05-23T01:26:07.730,568849,650,0.524,0.78,0.841,95.0,5000,209.0,1,204.57,0.684,140,1.0,0.0,179
2026-05-23T01:26:07.854,568954,1100,0.886,1.32,2.461,95.0,5000,209.0,1,204.57,0.684,140,1.0,0.0,179
2026-05-23T01:26:07.966,569059,1607,1.295,1.929,4.287,95.0,5000,209.0,1,204.57,0.684,140,1.0,0.0,179
2026-05-23T01:26:08.091,569223,1417,1.142,1.701,3.603,95.0,5000,209.0,1,204.54,0.684,140,1.0,0.0,179
2026-05-23T01:26:08.215,569328,788,0.635,0.946,1.338,95.0,5000,209.0,1,204.54,0.684,140,1.0,0.0,179
2026-05-23T01:26:08.340,569433,746,0.601,0.895,1.186,95.0,5000,209.0,1,204.54,0.684,140,1.0,0.0,179
2026-05-23T01:26:08.403,569538,1322,1.065,1.587,3.261,95.0,5000,209.0,1,204.54,0.684,140,1.0,0.0,179
2026-05-23T01:26:08.531,569643,1624,1.309,1.949,4.348,95.0,5000,209.0,1,204.54,0.684,140,1.0,0.0,179
2026-05-23T01:26:08.655,569748,1162,0.936,1.395,2.684,95.0,5000,209.0,1,204.54,0.684,140,1.0,0.0,179
2026-05-23T01:26:08.717,569853,585,0.471,0.702,0.607,95.0,5000,209.0,1,204.54,0.684,140,1.0,0.0,179
2026-05-23T01:26:08.842,569958,1022,0.824,1.227,2.18,95.0,5000,209.0,1,204.54,0.684,140,1.0,0.0,179
2026-05-23T01:26:08.968,570063,1591,1.282,1.91,4.229,95.0,5000,209.0,1,204.54,0.684,140,1.0,0.0,179
2026-05-23T01:26:09.092,570217,1488,1.199,1.786,3.858,95.0,5000,209.0,1,204.6,0.684,140,1.0,0.0,179
2026-05-23T01:26:09.216,570323,1494,1.204,1.793,3.88,95.0,5000,209.0,1,204.6,0.684,140,1.0,0.0,179
2026-05-23T01:26:09.278,570428,1615,1.301,1.939,4.316,95.0,5000,209.0,1,204.6,0.684,140,1.0,0.0,179
2026-05-23T01:26:09.402,570533,867,0.699,1.041,1.622,95.0,5000,209.0,1,204.6,0.684,140,1.0,0.0,179
2026-05-23T01:26:09.525,570638,727,0.586,0.873,1.118,95.0,5000,209.0,1,204.6,0.684,140,1.0,0.0,179
2026-05-23T01:26:09.648,570743,1260,1.015,1.512,3.037,95.0,5000,209.0,1,204.6,0.684,140,1.0,0.0,179
2026-05-23T01:26:09.715,570848,1632,1.315,1.959,4.377,95.0,5000,209.0,1,204.6,0.684,140,1.0,0.0,179
2026-05-23T01:26:09.835,570953,1235,0.995,1.482,2.947,95.0,5000,209.0,1,204.6,0.684,140,1.0,0.0,179
2026-05-23T01:26:09.963,571058,545,0.439,0.654,0.463,95.0,5000,209.0,1,204.6,0.684,140,1.0,0.0,179
2026-05-23T01:26:10.024,571163,972,0.783,1.167,2.0,95.0,5000,209.0,1,204.6,0.684,140,1.0,0.0,179
2026-05-23T01:26:10.146,571265,1197,0.965,1.437,2.81,95.0,5000,209.0,1,204.62,0.685,140,0.998,0.0,179
2026-05-23T01:26:10.271,571370,1635,1.318,1.963,4.388,95.0,5000,209.0,1,204.62,0.685,140,0.998,0.0,179
2026-05-23T01:26:10.334,571475,1298,1.046,1.558,3.174,95.0,5000,209.0,1,204.62,0.685,140,0.998,0.0,179
2026-05-23T01:26:10.459,571580,528,0.425,0.634,0.401,95.0,5000,209.0,1,204.62,0.685,140,0.998,0.0,179
2026-05-23T01:26:10.582,571685,925,0.745,1.11,1.831,95.0,5000,209.0,1,204.62,0.685,140,0.998,0.0,179
2026-05-23T01:26:10.645,571790,1541,1.242,1.85,4.049,95.0,5000,209.0,1,204.62,0.685,140,0.998,0.0,179
2026-05-23T01:26:10.770,571895,1592,1.283,1.911,4.233,95.0,5000,209.0,1,204.62,0.685,140,0.998,0.0,179
2026-05-23T01:26:10.895,572000,779,0.628,0.935,1.305,95.0,5000,209.0,1,204.62,0.685,140,0.998,0.0,179
2026-05-23T01:26:10.955,572105,752,0.606,0.903,1.208,95.0,5000,209.0,1,204.62,0.685,140,0.998,0.0,179
2026-05-23T01:26:11.141,572247,1041,0.839,1.25,2.249,95.0,5000,209.0,1,204.57,0.685,140,0.999,0.0,179
2026-05-23T01:26:11.204,572352,1489,1.2,1.787,3.862,95.0,5000,209.0,1,204.57,0.685,140,0.999,0.0,179
2026-05-23T01:26:11.330,572457,1618,1.304,1.942,4.326,95.0,5000,209.0,1,204.57,0.685,140,0.999,0.0,179
2026-05-23T01:26:11.452,572562,885,0.713,1.062,1.687,95.0,5000,209.0,1,204.57,0.685,140,0.999,0.0,179
2026-05-23T01:26:11.516,572667,715,0.576,0.858,1.075,95.0,5000,209.0,1,204.57,0.685,140,0.999,0.0,179
2026-05-23T01:26:11.639,572772,1243,1.002,1.492,2.976,95.0,5000,209.0,1,204.57,0.685,140,0.999,0.0,179
2026-05-23T01:26:11.763,572877,1630,1.314,1.957,4.37,95.0,5000,209.0,1,204.57,0.685,140,0.999,0.0,179
2026-05-23T01:26:11.827,572982,1245,1.003,1.494,2.983,95.0,5000,209.0,1,204.57,0.685,140,0.999,0.0,179
2026-05-23T01:26:11.948,573087,536,0.432,0.643,0.43,95.0,5000,209.0,1,204.57,0.685,140,0.999,0.0,179
2026-05-23T01:26:12.136,573242,952,0.767,1.143,1.928,95.0,5000,209.0,1,204.56,0.686,140,0.997,0.0,179
2026-05-23T01:26:12.198,573347,600,0.484,0.72,0.661,95.0,5000,209.0,1,204.56,0.686,140,0.997,0.0,179
2026-05-23T01:26:12.324,573452,799,0.644,0.959,1.377,95.0,5000,209.0,1,204.56,0.686,140,0.997,0.0,179
2026-05-23T01:26:12.447,573557,1447,1.166,1.737,3.711,95.0,5000,209.0,1,204.56,0.686,140,0.997,0.0,179
2026-05-23T01:26:12.508,573662,1628,1.312,1.954,4.362,95.0,5000,209.0,1,204.56,0.686,140,0.997,0.0,179
2026-05-23T01:26:12.632,573767,973,0.784,1.168,2.004,95.0,5000,209.0,1,204.56,0.686,140,0.997,0.0,179
2026-05-23T01:26:12.759,573872,703,0.567,0.844,1.031,95.0,5000,209.0,1,204.56,0.686,140,0.997,0.0,179
2026-05-23T01:26:12.820,573977,1193,0.961,1.432,2.796,95.0,5000,209.0,1,204.56,0.686,140,0.997,0.0,179
2026-05-23T01:26:12.947,574082,1633,1.316,1.96,4.38,95.0,5000,209.0,1,204.56,0.686,140,0.997,0.0,179
2026-05-23T01:26:13.072,574187,1326,1.069,1.592,3.275,95.0,5000,209.0,1,204.56,0.686,140,0.997,0.0,179
2026-05-23T01:26:13.136,574289,1031,0.831,1.238,2.213,95.0,5000,209.0,1,204.54,0.686,140,0.997,0.0,179
2026-05-23T01:26:13.261,574394,647,0.521,0.777,0.83,95.0,5000,209.0,1,204.54,0.686,140,0.997,0.0,179
2026-05-23T01:26:13.384,574499,1134,0.914,1.361,2.584,95.0,5000,209.0,1,204.54,0.686,140,0.997,0.0,179
2026-05-23T01:26:13.446,574604,1638,1.32,1.966,4.398,95.0,5000,209.0,1,204.54,0.686,140,0.997,0.0,179
2026-05-23T01:26:13.572,574709,1377,1.11,1.653,3.459,95.0,5000,209.0,1,204.54,0.686,140,0.997,0.0,179
2026-05-23T01:26:13.695,574814,555,0.447,0.666,0.499,95.0,5000,209.0,1,204.54,0.686,140,0.997,0.0,179
2026-05-23T01:26:13.759,574919,863,0.695,1.036,1.608,95.0,5000,209.0,1,204.54,0.686,140,0.997,0.0,179
2026-05-23T01:26:13.883,575024,1502,1.21,1.803,3.909,95.0,5000,209.0,1,204.54,0.686,140,0.997,0.0,179
2026-05-23T01:26:14.008,575129,1617,1.303,1.941,4.323,95.0,5000,209.0,1,204.54,0.686,140,0.997,0.0,179
2026-05-23T01:26:14.132,575271,1240,0.999,1.488,2.965,95.0,5000,209.0,1,204.51,0.685,140,0.999,0.0,179
2026-05-23T01:26:14.256,575377,533,0.43,0.64,0.419,95.0,5000,209.0,1,204.51,0.685,140,0.999,0.0,179
2026-05-23T01:26:14.319,575482,929,0.749,1.115,1.845,95.0,5000,209.0,1,204.51,0.685,140,0.999,0.0,179
2026-05-23T01:26:14.445,575587,1560,1.257,1.873,4.118,95.0,5000,209.0,1,204.51,0.685,140,0.999,0.0,179
2026-05-23T01:26:14.570,575692,1597,1.287,1.917,4.251,95.0,5000,209.0,1,204.51,0.685,140,0.999,0.0,179
2026-05-23T01:26:14.631,575797,775,0.625,0.93,1.291,95.0,5000,209.0,1,204.51,0.685,140,0.999,0.0,179
2026-05-23T01:26:14.755,575902,757,0.61,0.909,1.226,95.0,5000,209.0,1,204.51,0.685,140,0.999,0.0,179
2026-05-23T01:26:14.880,576007,1341,1.081,1.61,3.329,95.0,5000,209.0,1,204.51,0.685,140,0.999,0.0,179
2026-05-23T01:26:14.942,576112,1634,1.317,1.961,4.384,95.0,5000,209.0,1,204.51,0.685,140,0.999,0.0,179
2026-05-23T01:26:15.129,576276,1147,0.924,1.377,2.63,95.0,5000,209.0,1,204.55,0.685,140,0.999,0.0,179
2026-05-23T01:26:15.253,576381,552,0.445,0.663,0.488,95.0,5000,209.0,1,204.55,0.685,140,0.999,0.0,179
2026-05-23T01:26:15.316,576486,866,0.698,1.039,1.618,95.0,5000,209.0,1,204.55,0.685,140,0.999,0.0,179
2026-05-23T01:26:15.441,576591,1508,1.215,1.81,3.93,95.0,5000,209.0,1,204.55,0.685,140,0.999,0.0,179
2026-05-23T01:26:15.565,576696,1622,1.307,1.947,4.341,95.0,5000,209.0,1,204.55,0.685,140,0.999,0.0,179
2026-05-23T01:26:15.627,576801,867,0.699,1.041,1.622,95.0,5000,209.0,1,204.55,0.685,140,0.999,0.0,179
2026-05-23T01:26:15.751,576906,729,0.587,0.875,1.125,95.0,5000,209.0,1,204.55,0.685,140,0.999,0.0,179
2026-05-23T01:26:15.876,577011,1276,1.028,1.532,3.095,95.0,5000,209.0,1,204.55,0.685,140,0.999,0.0,179
2026-05-23T01:26:16.001,577116,1636,1.318,1.964,4.391,95.0,5000,209.0,1,204.55,0.685,140,0.999,0.0,179
2026-05-23T01:26:16.125,577270,1236,0.996,1.484,2.951,95.0,5000,209.0,1,204.58,0.685,140,0.999,0.0,179
2026-05-23T01:26:16.248,577376,1613,1.3,1.936,4.308,95.0,5000,209.0,1,204.58,0.685,140,0.999,0.0,179
2026-05-23T01:26:16.309,577481,1449,1.168,1.739,3.718,95.0,5000,209.0,1,204.58,0.685,140,0.999,0.0,179
2026-05-23T01:26:16.436,577586,593,0.478,0.712,0.635,95.0,5000,209.0,1,204.58,0.685,140,0.999,0.0,179
2026-05-23T01:26:16.560,577691,820,0.661,0.984,1.453,95.0,5000,209.0,1,204.58,0.685,140,0.999,0.0,179
2026-05-23T01:26:16.622,577796,1458,1.175,1.75,3.75,95.0,5000,209.0,1,204.58,0.685,140,0.999,0.0,179
2026-05-23T01:26:16.745,577901,1623,1.308,1.948,4.344,95.0,5000,209.0,1,204.58,0.685,140,0.999,0.0,179
2026-05-23T01:26:16.871,578006,955,0.77,1.146,1.939,95.0,5000,209.0,1,204.58,0.685,140,0.999,0.0,179
2026-05-23T01:26:16.933,578111,705,0.568,0.846,1.039,95.0,5000,209.0,1,204.58,0.685,140,0.999,0.0,179
2026-05-23T01:26:17.057,578216,1201,0.968,1.442,2.825,95.0,5000,209.0,1,204.58,0.685,140,0.999,0.0,179
2026-05-23T01:26:17.181,578318,1428,1.151,1.714,3.642,95.0,5000,209.0,1,204.57,0.685,140,0.999,0.0,179
2026-05-23T01:26:17.244,578423,1621,1.306,1.946,4.337,95.0,5000,209.0,1,204.57,0.685,140,0.999,0.0,179
2026-05-23T01:26:17.368,578528,1000,0.806,1.2,2.101,95.0,5000,209.0,1,204.57,0.685,140,0.999,0.0,179
2026-05-23T01:26:17.493,578633,677,0.546,0.813,0.938,95.0,5000,209.0,1,204.57,0.685,140,0.999,0.0,179
2026-05-23T01:26:17.556,578738,1143,0.921,1.372,2.616,95.0,5000,209.0,1,204.57,0.685,140,0.999,0.0,179
2026-05-23T01:26:17.681,578843,1620,1.305,1.945,4.334,95.0,5000,209.0,1,204.57,0.685,140,0.999,0.0,179
2026-05-23T01:26:17.804,578948,1363,1.098,1.636,3.408,95.0,5000,209.0,1,204.57,0.685,140,0.999,0.0,179
2026-05-23T01:26:17.931,579053,536,0.432,0.643,0.43,95.0,5000,209.0,1,204.57,0.685,140,0.999,0.0,179
2026-05-23T01:26:17.992,579158,862,0.695,1.035,1.604,95.0,5000,209.0,1,204.57,0.685,140,0.999,0.0,179
2026-05-23T01:26:18.165,579300,1266,1.02,1.52,3.059,95.0,5000,209.0,1,204.57,0.685,140,0.999,0.0,179
2026-05-23T01:26:18.226,579406,1626,1.31,1.952,4.355,95.0,5000,209.0,1,204.57,0.685,140,0.999,0.0,179
2026-05-23T01:26:18.352,579511,1267,1.021,1.521,3.062,95.0,5000,209.0,1,204.57,0.685,140,0.999,0.0,179
2026-05-23T01:26:18.476,579616,529,0.426,0.635,0.405,95.0,5000,209.0,1,204.57,0.685,140,0.999,0.0,179
2026-05-23T01:26:18.538,579721,931,0.75,1.118,1.853,95.0,5000,209.0,1,204.57,0.685,140,0.999,0.0,179
2026-05-23T01:26:18.663,579826,1545,1.245,1.855,4.064,95.0,5000,209.0,1,204.57,0.685,140,0.999,0.0,179
2026-05-23T01:26:18.788,579931,1586,1.278,1.904,4.211,95.0,5000,209.0,1,204.57,0.685,140,0.999,0.0,179
2026-05-23T01:26:18.849,580036,759,0.612,0.911,1.233,95.0,5000,209.0,1,204.57,0.685,140,0.999,0.0,179
2026-05-23T01:26:18.973,580141,753,0.607,0.904,1.212,95.0,5000,209.0,1,204.57,0.685,140,0.999,0.0,179
2026-05-23T01:26:19.158,580305,1338,1.078,1.606,3.318,95.0,5000,209.0,1,204.61,0.685,140,0.998,0.0,179
2026-05-23T01:26:19.282,580411,1621,1.306,1.946,4.337,95.0,5000,209.0,1,204.61,0.685,140,0.998,0.0,179
2026-05-23T01:26:19.344,580516,1179,0.95,1.415,2.746,95.0,5000,209.0,1,204.61,0.685,140,0.998,0.0,179
2026-05-23T01:26:19.467,580621,566,0.456,0.679,0.538,95.0,5000,209.0,1,204.61,0.685,140,0.998,0.0,179
2026-05-23T01:26:19.591,580726,1003,0.808,1.204,2.112,95.0,5000,209.0,1,204.61,0.685,140,0.998,0.0,179
2026-05-23T01:26:19.655,580831,1555,1.253,1.867,4.1,95.0,5000,209.0,1,204.61,0.685,140,0.998,0.0,179
2026-05-23T01:26:19.778,580936,1485,1.197,1.782,3.847,95.0,5000,209.0,1,204.61,0.685,140,0.998,0.0,179
2026-05-23T01:26:19.895,581041,655,0.528,0.786,0.859,95.0,5000,209.0,1,204.61,0.685,140,0.998,0.0,179
2026-05-23T01:26:20.012,581146,763,0.615,0.916,1.248,95.0,5000,209.0,1,204.61,0.685,140,0.998,0.0,179
2026-05-23T01:26:20.138,581310,1378,1.11,1.654,3.462,95.0,5000,209.0,1,204.58,0.685,140,0.999,0.0,179
2026-05-23T01:26:20.264,581415,1601,1.29,1.922,4.265,95.0,5000,209.0,1,204.58,0.685,140,0.999,0.0,179
2026-05-23T01:26:20.364,581520,1254,1.011,1.505,3.016,95.0,5000,209.0,1,204.58,0.685,140,0.999,0.0,179
2026-05-23T01:26:20.465,581625,532,0.429,0.639,0.416,95.0,5000,209.0,1,204.58,0.685,140,0.999,0.0,179
2026-05-23T01:26:20.594,581730,944,0.761,1.133,1.899,95.0,5000,209.0,1,204.58,0.685,140,0.999,0.0,179
2026-05-23T01:26:20.647,581835,1516,1.222,1.82,3.959,95.0,5000,209.0,1,204.58,0.685,140,0.999,0.0,179
2026-05-23T01:26:20.749,581940,1544,1.244,1.853,4.06,95.0,5000,209.0,1,204.58,0.685,140,0.999,0.0,179
2026-05-23T01:26:20.850,582045,740,0.596,0.888,1.165,95.0,5000,209.0,1,204.58,0.685,140,0.999,0.0,179
2026-05-23T01:26:21.005,582150,746,0.601,0.895,1.186,95.0,5000,209.0,1,204.58,0.685,140,0.999,0.0,179
2026-05-23T01:26:21.123,582304,1330,1.072,1.596,3.289,95.0,5000,209.0,1,204.61,0.686,140,0.997,0.0,179
2026-05-23T01:26:21.232,582410,680,0.548,0.816,0.949,95.0,5000,209.0,1,204.61,0.686,140,0.997,0.0,179
2026-05-23T01:26:21.339,582515,1148,0.925,1.378,2.634,95.0,5000,209.0,1,204.61,0.686,140,0.997,0.0,179
2026-05-23T01:26:21.466,582620,1599,1.289,1.919,4.258,95.0,5000,209.0,1,204.61,0.686,140,0.997,0.0,179
2026-05-23T01:26:21.574,582725,1305,1.052,1.566,3.199,95.0,5000,209.0,1,204.61,0.686,140,0.997,0.0,179
2026-05-23T01:26:21.637,582830,528,0.425,0.634,0.401,95.0,5000,209.0,1,204.61,0.686,140,0.997,0.0,179
2026-05-23T01:26:21.745,582935,877,0.707,1.053,1.658,95.0,5000,209.0,1,204.61,0.686,140,0.997,0.0,179
2026-05-23T01:26:21.845,583040,1498,1.207,1.798,3.894,95.0,5000,209.0,1,204.61,0.686,140,0.997,0.0,179
2026-05-23T01:26:21.949,583145,1579,1.272,1.895,4.186,95.0,5000,209.0,1,204.61,0.686,140,0.997,0.0,179
2026-05-23T01:26:22.074,583250,797,0.642,0.957,1.37,95.0,5000,209.0,1,204.61,0.686,140,0.997,0.0,179
2026-05-23T01:26:22.200,583352,553,0.446,0.664,0.491,95.0,5000,209.0,1,204.56,0.685,140,0.999,0.0,179
2026-05-23T01:26:22.262,583457,846,0.682,1.015,1.546,95.0,5000,209.0,1,204.56,0.685,140,0.999,0.0,179
2026-05-23T01:26:22.386,583562,1468,1.183,1.762,3.786,95.0,5000,209.0,1,204.56,0.685,140,0.999,0.0,179
2026-05-23T01:26:22.510,583667,1593,1.284,1.912,4.236,95.0,5000,209.0,1,204.56,0.685,140,0.999,0.0,179
2026-05-23T01:26:22.573,583772,851,0.686,1.021,1.564,95.0,5000,209.0,1,204.56,0.685,140,0.999,0.0,179
2026-05-23T01:26:22.697,583877,720,0.58,0.864,1.093,95.0,5000,209.0,1,204.56,0.685,140,0.999,0.0,179
2026-05-23T01:26:22.822,583982,1246,1.004,1.496,2.987,95.0,5000,209.0,1,204.56,0.685,140,0.999,0.0,179
2026-05-23T01:26:22.945,584087,1598,1.288,1.918,4.254,95.0,5000,209.0,1,204.56,0.685,140,0.999,0.0,179
2026-05-23T01:26:23.006,584192,1192,0.961,1.431,2.792,95.0,5000,209.0,1,204.56,0.685,140,0.999,0.0,179
2026-05-23T01:26:23.159,584334,696,0.561,0.835,1.006,95.0,5000,209.0,1,204.63,0.686,140,0.997,0.0,179
2026-05-23T01:26:23.261,584439,696,0.561,0.835,1.006,95.0,5000,209.0,1,204.63,0.686,140,0.997,0.0,179
2026-05-23T01:26:23.381,584544,1174,0.946,1.409,2.728,95.0,5000,209.0,1,204.63,0.686,140,0.997,0.0,179
2026-05-23T01:26:23.505,584649,1597,1.287,1.917,4.251,95.0,5000,209.0,1,204.63,0.686,140,0.997,0.0,179
2026-05-23T01:26:23.563,584754,1277,1.029,1.533,3.098,95.0,5000,209.0,1,204.63,0.686,140,0.997,0.0,179
2026-05-23T01:26:23.670,584859,519,0.418,0.623,0.369,95.0,5000,209.0,1,204.63,0.686,140,0.997,0.0,179
2026-05-23T01:26:23.779,584964,907,0.731,1.089,1.766,95.0,5000,209.0,1,204.63,0.686,140,0.997,0.0,179
2026-05-23T01:26:23.888,585069,1514,1.22,1.817,3.952,95.0,5000,209.0,1,204.63,0.686,140,0.997,0.0,179
2026-05-23T01:26:23.997,585174,1564,1.26,1.877,4.132,95.0,5000,209.0,1,204.63,0.686,140,0.997,0.0,179
2026-05-23T01:26:24.171,585329,760,0.612,0.912,1.237,95.0,5000,209.0,1,204.58,0.687,140,0.996,0.0,179
2026-05-23T01:26:24.226,585434,1597,1.287,1.917,4.251,95.0,5000,209.0,1,204.58,0.687,140,0.996,0.0,179
2026-05-23T01:26:24.380,585539,984,0.793,1.181,2.043,95.0,5000,209.0,1,204.58,0.687,140,0.996,0.0,179
2026-05-23T01:26:24.437,585644,663,0.534,0.796,0.887,95.0,5000,209.0,1,204.58,0.687,140,0.996,0.0,179
2026-05-23T01:26:24.546,585749,1126,0.907,1.352,2.555,95.0,5000,209.0,1,204.58,0.687,140,0.996,0.0,179
2026-05-23T01:26:24.662,585854,1598,1.288,1.918,4.254,95.0,5000,209.0,1,204.58,0.687,140,0.996,0.0,179
2026-05-23T01:26:24.789,585959,1321,1.065,1.586,3.257,95.0,5000,209.0,1,204.58,0.687,140,0.996,0.0,179
2026-05-23T01:26:24.910,586064,519,0.418,0.623,0.369,95.0,5000,209.0,1,204.58,0.687,140,0.996,0.0,179
2026-05-23T01:26:24.974,586169,878,0.708,1.054,1.662,95.0,5000,209.0,1,204.58,0.687,140,0.996,0.0,179
2026-05-23T01:26:25.100,586274,1481,1.193,1.778,3.833,95.0,5000,209.0,1,204.58,0.687,140,0.996,0.0,179
2026-05-23T01:26:25.227,586376,1583,1.276,1.9,4.2,95.0,5000,209.0,1,204.62,0.686,140,0.997,0.0,179
2026-05-23T01:26:25.284,586481,1366,1.101,1.64,3.419,95.0,5000,209.0,1,204.62,0.686,140,0.997,0.0,179
2026-05-23T01:26:25.409,586586,552,0.445,0.663,0.488,95.0,5000,209.0,1,204.62,0.686,140,0.997,0.0,179
2026-05-23T01:26:25.533,586691,837,0.675,1.005,1.514,95.0,5000,209.0,1,204.62,0.686,140,0.997,0.0,179
2026-05-23T01:26:25.584,586796,1463,1.179,1.756,3.768,95.0,5000,209.0,1,204.62,0.686,140,0.997,0.0,179
2026-05-23T01:26:25.701,586901,1590,1.281,1.909,4.226,95.0,5000,209.0,1,204.62,0.686,140,0.997,0.0,179
2026-05-23T01:26:25.803,587006,858,0.691,1.03,1.59,95.0,5000,209.0,1,204.62,0.686,140,0.997,0.0,179
2026-05-23T01:26:25.904,587111,709,0.571,0.851,1.053,95.0,5000,209.0,1,204.62,0.686,140,0.997,0.0,179
2026-05-23T01:26:26.017,587216,1242,1.001,1.491,2.972,95.0,5000,209.0,1,204.62,0.686,140,0.997,0.0,179
2026-05-23T01:26:26.184,587348,1519,1.224,1.823,3.97,95.0,5000,209.0,1,204.58,0.685,140,0.999,0.0,179
2026-05-23T01:26:26.290,587454,800,0.645,0.96,1.381,95.0,5000,209.0,1,204.58,0.685,140,0.999,0.0,179
2026-05-23T01:26:26.404,587559,1428,1.151,1.714,3.642,95.0,5000,209.0,1,204.58,0.685,140,0.999,0.0,179
2026-05-23T01:26:26.466,587664,1598,1.288,1.918,4.254,95.0,5000,209.0,1,204.58,0.685,140,0.999,0.0,179
2026-05-23T01:26:26.590,587769,918,0.74,1.102,1.806,95.0,5000,209.0,1,204.58,0.685,140,0.999,0.0,179
2026-05-23T01:26:26.713,587874,692,0.558,0.831,0.992,95.0,5000,209.0,1,204.58,0.685,140,0.999,0.0,179
2026-05-23T01:26:26.778,587979,1194,0.962,1.433,2.8,95.0,5000,209.0,1,204.58,0.685,140,0.999,0.0,179
2026-05-23T01:26:26.901,588084,1600,1.289,1.921,4.262,95.0,5000,209.0,1,204.58,0.685,140,0.999,0.0,179
2026-05-23T01:26:27.026,588189,1247,1.005,1.497,2.99,95.0,5000,209.0,1,204.58,0.685,140,0.999,0.0,179
2026-05-23T01:26:27.089,588294,526,0.424,0.631,0.394,95.0,5000,209.0,1,204.58,0.685,140,0.999,0.0,179
2026-05-23T01:26:27.213,588396,684,0.551,0.821,0.963,95.0,5000,209.0,1,204.65,0.687,140,0.995,0.0,179
2026-05-23T01:26:27.339,588501,1153,0.929,1.384,2.652,95.0,5000,209.0,1,204.65,0.687,140,0.995,0.0,179
2026-05-23T01:26:27.401,588606,1594,1.285,1.913,4.24,95.0,5000,209.0,1,204.65,0.687,140,0.995,0.0,179
2026-05-23T01:26:27.526,588711,1294,1.043,1.553,3.16,95.0,5000,209.0,1,204.65,0.687,140,0.995,0.0,179
2026-05-23T01:26:27.651,588816,509,0.41,0.611,0.333,95.0,5000,209.0,1,204.65,0.687,140,0.995,0.0,179
2026-05-23T01:26:27.714,588921,887,0.715,1.065,1.694,95.0,5000,209.0,1,204.65,0.687,140,0.995,0.0,179
2026-05-23T01:26:27.838,589026,1507,1.214,1.809,3.927,95.0,5000,209.0,1,204.65,0.687,140,0.995,0.0,179
2026-05-23T01:26:27.964,589131,1563,1.26,1.876,4.128,95.0,5000,209.0,1,204.65,0.687,140,0.995,0.0,179
2026-05-23T01:26:28.025,589236,763,0.615,0.916,1.248,95.0,5000,209.0,1,204.65,0.687,140,0.995,0.0,179
2026-05-23T01:26:28.213,589378,574,0.463,0.689,0.567,95.0,5000,209.0,1,204.57,0.686,140,0.997,0.0,179
2026-05-23T01:26:28.273,589483,841,0.678,1.009,1.528,95.0,5000,209.0,1,204.57,0.686,140,0.997,0.0,179
2026-05-23T01:26:28.386,589588,1460,1.177,1.752,3.757,95.0,5000,209.0,1,204.57,0.686,140,0.997,0.0,179
2026-05-23T01:26:28.486,589693,1583,1.276,1.9,4.2,95.0,5000,209.0,1,204.57,0.686,140,0.997,0.0,179
2026-05-23T01:26:28.589,589798,845,0.681,1.014,1.543,95.0,5000,209.0,1,204.57,0.686,140,0.997,0.0,179
2026-05-23T01:26:28.691,589903,708,0.571,0.85,1.05,95.0,5000,209.0,1,204.57,0.686,140,0.997,0.0,179
2026-05-23T01:26:28.791,590008,1249,1.007,1.499,2.998,95.0,5000,209.0,1,204.57,0.686,140,0.997,0.0,179
2026-05-23T01:26:28.896,590113,1593,1.284,1.912,4.236,95.0,5000,209.0,1,204.57,0.686,140,0.997,0.0,179
2026-05-23T01:26:29.009,590218,1187,0.957,1.425,2.774,95.0,5000,209.0,1,204.57,0.686,140,0.997,0.0,179
2026-05-23T01:26:29.165,590372,550,0.443,0.66,0.481,95.0,5000,209.0,1,204.55,0.687,140,0.996,0.0,179
2026-05-23T01:26:29.275,590478,1383,1.115,1.66,3.48,95.0,5000,209.0,1,204.55,0.687,140,0.996,0.0,179
2026-05-23T01:26:29.387,590583,565,0.455,0.678,0.535,95.0,5000,209.0,1,204.55,0.687,140,0.996,0.0,179
2026-05-23T01:26:29.500,590688,816,0.658,0.979,1.438,95.0,5000,209.0,1,204.55,0.687,140,0.996,0.0,179
2026-05-23T01:26:29.610,590793,1448,1.167,1.738,3.714,95.0,5000,209.0,1,204.55,0.687,140,0.996,0.0,179
2026-05-23T01:26:29.674,590898,1590,1.281,1.909,4.226,95.0,5000,209.0,1,204.55,0.687,140,0.996,0.0,179
2026-05-23T01:26:29.799,591003,887,0.715,1.065,1.694,95.0,5000,209.0,1,204.55,0.687,140,0.996,0.0,179
2026-05-23T01:26:29.923,591108,705,0.568,0.846,1.039,95.0,5000,209.0,1,204.55,0.687,140,0.996,0.0,179
2026-05-23T01:26:30.032,591213,1210,0.975,1.452,2.857,95.0,5000,209.0,1,204.55,0.687,140,0.996,0.0,179
2026-05-23T01:26:30.095,591318,1595,1.285,1.915,4.244,95.0,5000,209.0,1,204.55,0.687,140,0.996,0.0,179
2026-05-23T01:26:30.211,591420,1598,1.288,1.918,4.254,95.0,5000,209.0,1,204.48,0.686,140,0.998,0.0,179
2026-05-23T01:26:30.321,591525,938,0.756,1.126,1.878,95.0,5000,209.0,1,204.48,0.686,140,0.998,0.0,179
2026-05-23T01:26:30.435,591630,690,0.556,0.828,0.985,95.0,5000,209.0,1,204.48,0.686,140,0.998,0.0,179
2026-05-23T01:26:30.562,591735,1170,0.943,1.404,2.713,95.0,5000,209.0,1,204.48,0.686,140,0.998,0.0,179
2026-05-23T01:26:30.623,591840,1597,1.287,1.917,4.251,95.0,5000,209.0,1,204.48,0.686,140,0.998,0.0,179
2026-05-23T01:26:30.750,591945,1267,1.021,1.521,3.062,95.0,5000,209.0,1,204.48,0.686,140,0.998,0.0,179
2026-05-23T01:26:30.875,592050,518,0.417,0.622,0.365,95.0,5000,209.0,1,204.48,0.686,140,0.998,0.0,179
2026-05-23T01:26:30.938,592155,912,0.735,1.095,1.784,95.0,5000,209.0,1,204.48,0.686,140,0.998,0.0,179
2026-05-23T01:26:31.063,592260,1493,1.203,1.792,3.876,95.0,5000,209.0,1,204.48,0.686,140,0.998,0.0,179
2026-05-23T01:26:31.424,592605,1587,1.279,1.905,4.215,95.0,5000,209.0,0,204.48,0.686,140,0.998,0.0,180
2026-05-23T01:26:31.486,592710,965,0.778,1.158,1.975,95.0,5000,209.0,0,204.48,0.686,140,0.998,0.0,180
2026-05-23T01:26:31.612,592815,675,0.544,0.81,0.931,95.0,5000,209.0,0,204.48,0.686,140,0.998,0.0,180
2026-05-23T01:26:31.736,592920,1140,0.919,1.368,2.605,95.0,5000,209.0,0,204.48,0.686,140,0.998,0.0,180
2026-05-23T01:26:31.798,593025,1590,1.281,1.909,4.226,95.0,5000,209.0,0,204.48,0.686,140,0.998,0.0,180
2026-05-23T01:26:31.921,593130,1297,1.045,1.557,3.17,95.0,5000,209.0,0,204.48,0.686,140,0.998,0.0,180
2026-05-23T01:26:32.046,593235,504,0.406,0.605,0.315,95.0,5000,209.0,0,204.48,0.686,140,0.998,0.0,180
2026-05-23T01:26:32.108,593340,885,0.713,1.062,1.687,95.0,5000,209.0,0,204.48,0.686,140,0.998,0.0,180
2026-05-23T01:26:32.234,593440,823,0.663,0.988,1.464,95.0,5000,209.0,1,204.41,0.686,140,0.998,0.0,180
2026-05-23T01:26:32.359,593545,1452,1.17,1.743,3.729,95.0,5000,209.0,1,204.41,0.686,140,0.998,0.0,180
2026-05-23T01:26:32.420,593650,1586,1.278,1.904,4.211,95.0,5000,209.0,1,204.41,0.686,140,0.998,0.0,180
2026-05-23T01:26:32.545,593755,866,0.698,1.039,1.618,95.0,5000,209.0,1,204.41,0.686,140,0.998,0.0,180
2026-05-23T01:26:32.669,593860,709,0.571,0.851,1.053,95.0,5000,209.0,1,204.41,0.686,140,0.998,0.0,180
2026-05-23T01:26:32.732,593965,1234,0.994,1.481,2.944,95.0,5000,209.0,1,204.41,0.686,140,0.998,0.0,180
2026-05-23T01:26:32.856,594070,1589,1.281,1.907,4.222,95.0,5000,209.0,1,204.41,0.686,140,0.998,0.0,180
2026-05-23T01:26:32.968,594175,1204,0.97,1.445,2.836,95.0,5000,209.0,1,204.41,0.686,140,0.998,0.0,180
2026-05-23T01:26:33.090,594280,540,0.435,0.648,0.445,95.0,5000,209.0,1,204.41,0.686,140,0.998,0.0,180
2026-05-23T01:26:33.214,594422,743,0.599,0.892,1.176,95.0,5000,209.0,1,204.62,0.687,140,0.995,0.0,180
2026-05-23T01:26:33.338,594527,1161,0.936,1.394,2.681,95.0,5000,209.0,1,204.62,0.687,140,0.995,0.0,180
2026-05-23T01:26:33.400,594632,1597,1.287,1.917,4.251,95.0,5000,209.0,1,204.62,0.687,140,0.995,0.0,180
2026-05-23T01:26:33.523,594737,1278,1.03,1.534,3.102,95.0,5000,209.0,1,204.62,0.687,140,0.995,0.0,180
2026-05-23T01:26:33.648,594842,521,0.42,0.625,0.376,95.0,5000,209.0,1,204.62,0.687,140,0.995,0.0,180
2026-05-23T01:26:33.710,594947,886,0.714,1.063,1.69,95.0,5000,209.0,1,204.62,0.687,140,0.995,0.0,180
2026-05-23T01:26:33.836,595052,1506,1.214,1.808,3.923,95.0,5000,209.0,1,204.62,0.687,140,0.995,0.0,180
2026-05-23T01:26:33.960,595157,1565,1.261,1.879,4.136,95.0,5000,209.0,1,204.62,0.687,140,0.995,0.0,180
2026-05-23T01:26:34.024,595262,766,0.617,0.919,1.258,95.0,5000,209.0,1,204.62,0.687,140,0.995,0.0,180
2026-05-23T01:26:34.212,595416,735,0.592,0.882,1.147,95.0,5000,209.0,1,204.52,0.686,140,0.997,0.0,180
2026-05-23T01:26:34.337,595522,986,0.795,1.184,2.051,95.0,5000,209.0,1,204.52,0.686,140,0.997,0.0,180
2026-05-23T01:26:34.399,595627,661,0.533,0.793,0.88,95.0,5000,209.0,1,204.52,0.686,140,0.997,0.0,180
2026-05-23T01:26:34.522,595732,1130,0.911,1.356,2.569,95.0,5000,209.0,1,204.52,0.686,140,0.997,0.0,180
2026-05-23T01:26:34.647,595837,1586,1.278,1.904,4.211,95.0,5000,209.0,1,204.52,0.686,140,0.997,0.0,180
2026-05-23T01:26:34.707,595942,1323,1.066,1.588,3.264,95.0,5000,209.0,1,204.52,0.686,140,0.997,0.0,180
2026-05-23T01:26:34.833,596047,528,0.425,0.634,0.401,95.0,5000,209.0,1,204.52,0.686,140,0.997,0.0,180
2026-05-23T01:26:34.959,596152,866,0.698,1.039,1.618,95.0,5000,209.0,1,204.52,0.686,140,0.997,0.0,180
2026-05-23T01:26:35.020,596257,1487,1.198,1.785,3.855,95.0,5000,209.0,1,204.52,0.686,140,0.997,0.0,180
2026-05-23T01:26:35.145,596362,1578,1.272,1.894,4.182,95.0,5000,209.0,1,204.52,0.686,140,0.997,0.0,180
2026-05-23T01:26:35.253,596464,1366,1.101,1.64,3.419,95.0,5000,209.0,1,204.46,0.685,140,0.999,0.0,180
2026-05-23T01:26:35.379,596569,562,0.453,0.675,0.524,95.0,5000,209.0,1,204.46,0.685,140,0.999,0.0,180
2026-05-23T01:26:35.441,596674,830,0.669,0.996,1.489,95.0,5000,209.0,1,204.46,0.685,140,0.999,0.0,180
2026-05-23T01:26:35.542,596779,1455,1.173,1.746,3.739,95.0,5000,209.0,1,204.46,0.685,140,0.999,0.0,180
2026-05-23T01:26:35.658,596884,1590,1.281,1.909,4.226,95.0,5000,209.0,1,204.46,0.685,140,0.999,0.0,180
2026-05-23T01:26:35.783,596989,865,0.697,1.038,1.615,95.0,5000,209.0,1,204.46,0.685,140,0.999,0.0,180
2026-05-23T01:26:35.847,597094,708,0.571,0.85,1.05,95.0,5000,209.0,1,204.46,0.685,140,0.999,0.0,180
2026-05-23T01:26:35.956,597199,1228,0.99,1.474,2.922,95.0,5000,209.0,1,204.46,0.685,140,0.999,0.0,180
2026-05-23T01:26:36.081,597304,1591,1.282,1.91,4.229,95.0,5000,209.0,1,204.46,0.685,140,0.999,0.0,180
2026-05-23T01:26:36.240,597446,1516,1.222,1.82,3.959,95.0,5000,209.0,1,204.45,0.686,140,0.998,0.0,180
2026-05-23T01:26:36.344,597551,953,0.768,1.144,1.932,95.0,5000,209.0,1,204.45,0.686,140,0.998,0.0,180
2026-05-23T01:26:36.453,597656,678,0.546,0.814,0.941,95.0,5000,209.0,1,204.45,0.686,140,0.998,0.0,180
2026-05-23T01:26:36.513,597761,1167,0.94,1.401,2.702,95.0,5000,209.0,1,204.45,0.686,140,0.998,0.0,180
2026-05-23T01:26:36.623,597866,1590,1.281,1.909,4.226,95.0,5000,209.0,1,204.45,0.686,140,0.998,0.0,180
2026-05-23T01:26:36.747,597971,1287,1.037,1.545,3.134,95.0,5000,209.0,1,204.45,0.686,140,0.998,0.0,180
2026-05-23T01:26:36.873,598076,523,0.421,0.628,0.383,95.0,5000,209.0,1,204.45,0.686,140,0.998,0.0,180
2026-05-23T01:26:36.936,598181,890,0.717,1.068,1.705,95.0,5000,209.0,1,204.45,0.686,140,0.998,0.0,180
2026-05-23T01:26:37.059,598286,1507,1.214,1.809,3.927,95.0,5000,209.0,1,204.45,0.686,140,0.998,0.0,180
2026-05-23T01:26:37.246,598440,1568,1.264,1.882,4.146,95.0,5000,209.0,1,204.47,0.687,140,0.996,0.0,180
2026-05-23T01:26:37.307,598546,1383,1.115,1.66,3.48,95.0,5000,209.0,1,204.47,0.687,140,0.996,0.0,180
2026-05-23T01:26:37.433,598651,1598,1.288,1.918,4.254,95.0,5000,209.0,1,204.47,0.687,140,0.996,0.0,180
2026-05-23T01:26:37.557,598756,999,0.805,1.199,2.097,95.0,5000,209.0,1,204.47,0.687,140,0.996,0.0,180
2026-05-23T01:26:37.619,598861,666,0.537,0.799,0.898,95.0,5000,209.0,1,204.47,0.687,140,0.996,0.0,180
2026-05-23T01:26:37.745,598966,1130,0.911,1.356,2.569,95.0,5000,209.0,1,204.47,0.687,140,0.996,0.0,180
2026-05-23T01:26:37.868,599071,1591,1.282,1.91,4.229,95.0,5000,209.0,1,204.47,0.687,140,0.996,0.0,180
2026-05-23T01:26:37.930,599176,1322,1.065,1.587,3.261,95.0,5000,209.0,1,204.47,0.687,140,0.996,0.0,180
2026-05-23T01:26:38.046,599281,534,0.43,0.641,0.423,95.0,5000,209.0,1,204.47,0.687,140,0.996,0.0,180
2026-05-23T01:26:38.161,599386,863,0.695,1.036,1.608,95.0,5000,209.0,1,204.47,0.687,140,0.996,0.0,180
2026-05-23T01:26:38.272,599488,1091,0.879,1.31,2.429,95.0,5000,209.0,1,204.4,0.686,140,0.998,0.0,180
2026-05-23T01:26:38.374,599593,1591,1.282,1.91,4.229,95.0,5000,209.0,1,204.4,0.686,140,0.998,0.0,180
2026-05-23T01:26:38.440,599698,1369,1.103,1.643,3.43,95.0,5000,209.0,1,204.4,0.686,140,0.998,0.0,180
2026-05-23T01:26:38.567,599803,562,0.453,0.675,0.524,95.0,5000,209.0,1,204.4,0.686,140,0.998,0.0,180
2026-05-23T01:26:38.688,599908,831,0.67,0.997,1.492,95.0,5000,209.0,1,204.4,0.686,140,0.998,0.0,180
2026-05-23T01:26:38.812,600013,1462,1.178,1.755,3.765,95.0,5000,209.0,1,204.4,0.686,140,0.998,0.0,180
2026-05-23T01:26:38.875,600118,1599,1.289,1.919,4.258,95.0,5000,209.0,1,204.4,0.686,140,0.998,0.0,180
2026-05-23T01:26:39.000,600223,864,0.696,1.037,1.611,95.0,5000,209.0,1,204.4,0.686,140,0.998,0.0,180
2026-05-23T01:26:39.113,600328,713,0.575,0.856,1.068,95.0,5000,209.0,1,204.4,0.686,140,0.998,0.0,180
2026-05-23T01:26:39.234,600470,953,0.768,1.144,1.932,95.0,5000,209.0,1,204.45,0.686,140,0.998,0.0,180
2026-05-23T01:26:39.359,600576,1507,1.214,1.809,3.927,95.0,5000,209.0,1,204.45,0.686,140,0.998,0.0,180
2026-05-23T01:26:39.468,600681,1553,1.252,1.864,4.092,95.0,5000,209.0,1,204.45,0.686,140,0.998,0.0,180
2026-05-23T01:26:39.530,600786,758,0.611,0.91,1.23,95.0,5000,209.0,1,204.45,0.686,140,0.998,0.0,180
2026-05-23T01:26:39.655,600891,739,0.596,0.887,1.161,95.0,5000,209.0,1,204.45,0.686,140,0.998,0.0,180
2026-05-23T01:26:39.778,600996,1316,1.061,1.58,3.239,95.0,5000,209.0,1,204.45,0.686,140,0.998,0.0,180
2026-05-23T01:26:39.839,601101,1591,1.282,1.91,4.229,95.0,5000,209.0,1,204.45,0.686,140,0.998,0.0,180
2026-05-23T01:26:39.965,601206,1107,0.892,1.329,2.486,95.0,5000,209.0,1,204.45,0.686,140,0.998,0.0,180
2026-05-23T01:26:40.088,601311,593,0.478,0.712,0.635,95.0,5000,209.0,1,204.45,0.686,140,0.998,0.0,180
2026-05-23T01:26:40.213,601475,1049,0.845,1.259,2.277,95.0,5000,209.0,1,204.45,0.686,140,0.998,0.0,180
2026-05-23T01:26:40.338,601580,1477,1.19,1.773,3.819,95.0,5000,209.0,1,204.45,0.686,140,0.998,0.0,180
2026-05-23T01:26:40.463,601685,1577,1.271,1.893,4.179,95.0,5000,209.0,1,204.45,0.686,140,0.998,0.0,180
2026-05-23T01:26:40.525,601790,817,0.658,0.981,1.442,95.0,5000,209.0,1,204.45,0.686,140,0.998,0.0,180
2026-05-23T01:26:40.645,601895,725,0.584,0.87,1.111,95.0,5000,209.0,1,204.45,0.686,140,0.998,0.0,180
2026-05-23T01:26:40.760,602000,1278,1.03,1.534,3.102,95.0,5000,209.0,1,204.45,0.686,140,0.998,0.0,180
2026-05-23T01:26:40.884,602105,1595,1.285,1.915,4.244,95.0,5000,209.0,1,204.45,0.686,140,0.998,0.0,180
2026-05-23T01:26:40.948,602210,1167,0.94,1.401,2.702,95.0,5000,209.0,1,204.45,0.686,140,0.998,0.0,180
2026-05-23T01:26:41.072,602315,567,0.457,0.681,0.542,95.0,5000,209.0,1,204.45,0.686,140,0.998,0.0,180
2026-05-23T01:26:41.246,602469,993,0.8,1.192,2.076,95.0,5000,209.0,1,204.54,0.687,140,0.996,0.0,180
2026-05-23T01:26:41.306,602575,550,0.443,0.66,0.481,95.0,5000,209.0,1,204.54,0.687,140,0.996,0.0,180
2026-05-23T01:26:41.429,602680,839,0.676,1.007,1.521,95.0,5000,209.0,1,204.54,0.687,140,0.996,0.0,180
2026-05-23T01:26:41.553,602785,1458,1.175,1.75,3.75,95.0,5000,209.0,1,204.54,0.687,140,0.996,0.0,180
2026-05-23T01:26:41.678,602890,1582,1.275,1.899,4.197,95.0,5000,209.0,1,204.54,0.687,140,0.996,0.0,180
2026-05-23T01:26:41.741,602995,863,0.695,1.036,1.608,95.0,5000,209.0,1,204.54,0.687,140,0.996,0.0,180
2026-05-23T01:26:41.866,603100,711,0.573,0.853,1.06,95.0,5000,209.0,1,204.54,0.687,140,0.996,0.0,180
2026-05-23T01:26:41.980,603205,1243,1.002,1.492,2.976,95.0,5000,209.0,1,204.54,0.687,140,0.996,0.0,180
2026-05-23T01:26:42.037,603310,1595,1.285,1.915,4.244,95.0,5000,209.0,1,204.54,0.687,140,0.996,0.0,180
2026-05-23T01:26:42.155,603415,1199,0.966,1.439,2.818,95.0,5000,209.0,1,204.54,0.687,140,0.996,0.0,180
2026-05-23T01:26:42.259,603517,922,0.743,1.107,1.82,95.0,5000,209.0,1,204.34,0.687,140,0.997,0.0,180
2026-05-23T01:26:42.381,603622,696,0.561,0.835,1.006,95.0,5000,209.0,1,204.34,0.687,140,0.997,0.0,180
2026-05-23T01:26:42.506,603727,1190,0.959,1.428,2.785,95.0,5000,209.0,1,204.34,0.687,140,0.997,0.0,180
2026-05-23T01:26:42.569,603832,1601,1.29,1.922,4.265,95.0,5000,209.0,1,204.34,0.687,140,0.997,0.0,180
2026-05-23T01:26:42.692,603937,1252,1.009,1.503,3.008,95.0,5000,209.0,1,204.34,0.687,140,0.997,0.0,180
2026-05-23T01:26:42.817,604042,527,0.425,0.633,0.398,95.0,5000,209.0,1,204.34,0.687,140,0.997,0.0,180
2026-05-23T01:26:42.879,604147,923,0.744,1.108,1.824,95.0,5000,209.0,1,204.34,0.687,140,0.997,0.0,180
2026-05-23T01:26:42.988,604252,1511,1.218,1.814,3.941,95.0,5000,209.0,1,204.34,0.687,140,0.997,0.0,180
2026-05-23T01:26:43.113,604357,1537,1.239,1.845,4.035,95.0,5000,209.0,1,204.34,0.687,140,0.997,0.0,180
2026-05-23T01:26:43.224,604499,1108,0.893,1.33,2.49,95.0,5000,209.0,1,204.54,0.687,140,0.996,0.0,180
2026-05-23T01:26:43.324,604604,535,0.431,0.642,0.427,95.0,5000,209.0,1,204.54,0.687,140,0.996,0.0,180
2026-05-23T01:26:43.487,604709,857,0.691,1.029,1.586,95.0,5000,209.0,1,204.54,0.687,140,0.996,0.0,180
2026-05-23T01:26:43.550,604814,1476,1.189,1.772,3.815,95.0,5000,209.0,1,204.54,0.687,140,0.996,0.0,180
2026-05-23T01:26:43.659,604919,1571,1.266,1.886,4.157,95.0,5000,209.0,1,204.54,0.687,140,0.996,0.0,180
2026-05-23T01:26:43.782,605024,820,0.661,0.984,1.453,95.0,5000,209.0,1,204.54,0.687,140,0.996,0.0,180
2026-05-23T01:26:43.904,605129,719,0.579,0.863,1.089,95.0,5000,209.0,1,204.54,0.687,140,0.996,0.0,180
2026-05-23T01:26:43.969,605234,1193,0.961,1.432,2.796,70.23,5000,154.51,1,204.54,0.687,140,0.996,0.0,180
2026-05-23T01:26:44.070,605339,1567,1.263,1.881,4.143,70.23,5000,154.51,1,204.54,0.687,140,0.996,0.0,180
2026-05-23T01:26:44.236,605493,1151,0.928,1.382,2.645,70.23,5000,154.51,1,204.41,0.686,140,0.998,0.0,180
2026-05-23T01:26:44.351,605599,1531,1.234,1.838,4.013,70.23,5000,154.51,1,204.41,0.686,140,0.998,0.0,180
2026-05-23T01:26:44.454,605704,1346,1.085,1.616,3.347,70.23,5000,154.51,1,204.41,0.686,140,0.998,0.0,180
2026-05-23T01:26:44.572,605809,541,0.436,0.649,0.448,70.23,5000,154.51,1,204.41,0.686,140,0.998,0.0,180
2026-05-23T01:26:44.692,605914,757,0.61,0.909,1.226,70.23,5000,154.51,1,204.41,0.686,140,0.998,0.0,180
2026-05-23T01:26:44.752,606019,1382,1.114,1.659,3.477,70.23,5000,154.51,1,204.41,0.686,140,0.998,0.0,180
2026-05-23T01:26:44.876,606124,1558,1.256,1.87,4.11,70.23,5000,154.51,1,204.41,0.686,140,0.998,0.0,180
2026-05-23T01:26:45.001,606229,852,0.687,1.023,1.568,70.23,5000,154.51,1,204.41,0.686,140,0.998,0.0,180
2026-05-23T01:26:45.064,606334,637,0.513,0.765,0.794,70.23,5000,154.51,1,204.41,0.686,140,0.998,0.0,180
2026-05-23T01:26:45.188,606439,1170,0.943,1.404,2.713,70.23,5000,154.51,1,204.41,0.686,140,0.998,0.0,180
2026-05-23T01:26:45.314,606541,1357,1.094,1.629,3.387,70.23,5000,154.51,1,153.06,0.656,98,0.976,0.0,180
2026-05-23T01:26:45.375,606646,1570,1.265,1.885,4.154,70.23,5000,154.51,1,153.06,0.656,98,0.976,0.0,180
2026-05-23T01:26:45.498,606751,908,0.732,1.09,1.77,70.23,5000,154.51,1,153.06,0.656,98,0.976,0.0,180
2026-05-23T01:26:45.624,606856,628,0.506,0.754,0.761,70.23,5000,154.51,1,153.06,0.656,98,0.976,0.0,180
2026-05-23T01:26:45.686,606961,1127,0.908,1.353,2.558,70.23,5000,154.51,1,153.06,0.656,98,0.976,0.0,180
2026-05-23T01:26:45.811,607066,1553,1.252,1.864,4.092,70.23,5000,154.51,1,153.06,0.656,98,0.976,0.0,180
2026-05-23T01:26:45.936,607171,1235,0.995,1.482,2.947,70.23,5000,154.51,1,153.06,0.656,98,0.976,0.0,180
2026-05-23T01:26:45.999,607276,588,0.474,0.706,0.617,70.23,5000,154.51,1,153.06,0.656,98,0.976,0.0,180
2026-05-23T01:26:46.103,607381,846,0.682,1.015,1.546,70.23,5000,154.51,1,153.06,0.656,98,0.976,0.0,180
2026-05-23T01:26:46.259,607523,1238,0.998,1.486,2.958,70.23,5000,154.51,1,152.99,0.66,99,0.98,0.0,180
2026-05-23T01:26:46.386,607628,1534,1.236,1.841,4.024,70.23,5000,154.51,1,152.99,0.66,99,0.98,0.0,180
2026-05-23T01:26:46.488,607733,1321,1.065,1.586,3.257,70.23,5000,154.51,1,152.99,0.66,99,0.98,0.0,180
2026-05-23T01:26:46.599,607838,578,0.466,0.694,0.581,70.23,5000,154.51,1,152.99,0.66,99,0.98,0.0,180
2026-05-23T01:26:46.653,607943,795,0.641,0.954,1.363,70.23,5000,154.51,1,152.99,0.66,99,0.98,0.0,180
2026-05-23T01:26:46.766,608048,1420,1.144,1.704,3.613,70.23,5000,154.51,1,152.99,0.66,99,0.98,0.0,180
2026-05-23T01:26:46.873,608153,1553,1.252,1.864,4.092,70.23,5000,154.51,1,152.99,0.66,99,0.98,0.0,180
2026-05-23T01:26:46.996,608258,806,0.65,0.967,1.402,70.23,5000,154.51,1,152.99,0.66,99,0.98,0.0,180
2026-05-23T01:26:47.113,608363,640,0.516,0.768,0.805,70.23,5000,154.51,1,152.99,0.66,99,0.98,0.0,180
2026-05-23T01:26:47.230,608518,1196,0.964,1.436,2.807,70.23,5000,154.51,1,152.98,0.661,99,0.979,0.0,180
2026-05-23T01:26:47.352,608623,628,0.506,0.754,0.761,70.23,5000,154.51,1,152.98,0.661,99,0.979,0.0,180
2026-05-23T01:26:47.471,608728,1016,0.819,1.22,2.159,70.23,5000,154.51,1,152.98,0.661,99,0.979,0.0,180
2026-05-23T01:26:47.587,608833,1528,1.231,1.834,4.002,70.23,5000,154.51,1,152.98,0.661,99,0.979,0.0,180
2026-05-23T01:26:47.649,608938,1359,1.095,1.631,3.394,70.23,5000,154.51,1,152.98,0.661,99,0.979,0.0,180
2026-05-23T01:26:47.776,609043,551,0.444,0.661,0.484,70.23,5000,154.51,1,152.98,0.661,99,0.979,0.0,180
2026-05-23T01:26:47.899,609148,753,0.607,0.904,1.212,70.23,5000,154.51,1,152.98,0.661,99,0.979,0.0,180
2026-05-23T01:26:47.961,609253,1390,1.12,1.668,3.505,70.23,5000,154.51,1,152.98,0.661,99,0.979,0.0,180
2026-05-23T01:26:48.085,609358,1557,1.255,1.869,4.107,70.23,5000,154.51,1,152.98,0.661,99,0.979,0.0,180
2026-05-23T01:26:48.210,609463,861,0.694,1.033,1.6,70.23,5000,154.51,1,152.98,0.661,99,0.979,0.0,180
2026-05-23T01:26:48.272,609565,578,0.466,0.694,0.581,70.23,5000,154.51,1,153.09,0.66,99,0.979,0.0,180
2026-05-23T01:26:48.386,609670,719,0.579,0.863,1.089,70.23,5000,154.51,1,153.09,0.66,99,0.979,0.0,180
2026-05-23T01:26:48.502,609775,1363,1.098,1.636,3.408,70.23,5000,154.51,1,153.09,0.66,99,0.979,0.0,180
2026-05-23T01:26:48.605,609880,1565,1.261,1.879,4.136,70.23,5000,154.51,1,153.09,0.66,99,0.979,0.0,180
2026-05-23T01:26:48.711,609985,919,0.741,1.103,1.809,70.23,5000,154.51,1,153.09,0.66,99,0.979,0.0,180
2026-05-23T01:26:48.834,610090,636,0.513,0.763,0.79,70.23,5000,154.51,1,153.09,0.66,99,0.979,0.0,180
2026-05-23T01:26:48.898,610195,1115,0.899,1.338,2.515,70.23,5000,154.51,1,153.09,0.66,99,0.979,0.0,180
2026-05-23T01:26:49.022,610300,1549,1.248,1.859,4.078,70.23,5000,154.51,1,153.09,0.66,99,0.979,0.0,180
2026-05-23T01:26:49.145,610405,1250,1.007,1.5,3.001,70.23,5000,154.51,1,153.09,0.66,99,0.979,0.0,180
2026-05-23T01:26:49.270,610547,748,0.603,0.898,1.194,70.23,5000,154.51,1,153.08,0.66,99,0.979,0.0,180
2026-05-23T01:26:49.394,610652,626,0.504,0.751,0.754,70.23,5000,154.51,1,153.08,0.66,99,0.979,0.0,180
2026-05-23T01:26:49.456,610757,1043,0.841,1.252,2.256,70.23,5000,154.51,1,153.08,0.66,99,0.979,0.0,180
2026-05-23T01:26:49.582,610862,1535,1.237,1.843,4.028,70.23,5000,154.51,1,153.08,0.66,99,0.979,0.0,180
2026-05-23T01:26:49.697,610967,1335,1.076,1.602,3.307,70.23,5000,154.51,1,153.08,0.66,99,0.979,0.0,180
2026-05-23T01:26:49.810,611072,577,0.465,0.693,0.578,70.23,5000,154.51,1,153.08,0.66,99,0.979,0.0,180
2026-05-23T01:26:49.877,611177,786,0.633,0.943,1.33,70.23,5000,154.51,1,153.08,0.66,99,0.979,0.0,180
2026-05-23T01:26:49.986,611282,1414,1.139,1.697,3.592,70.23,5000,154.51,1,153.08,0.66,99,0.979,0.0,180
2026-05-23T01:26:50.111,611387,1554,1.252,1.865,4.096,70.23,5000,154.51,1,153.08,0.66,99,0.979,0.0,180
2026-05-23T01:26:50.296,611542,824,0.664,0.989,1.467,70.23,5000,154.51,1,153.01,0.659,99,0.981,0.0,180
2026-05-23T01:26:50.351,611647,1585,1.277,1.903,4.208,70.23,5000,154.51,1,153.01,0.659,99,0.981,0.0,180
2026-05-23T01:26:50.457,611752,1050,0.846,1.26,2.281,70.23,5000,154.51,1,153.01,0.659,99,0.981,0.0,180
2026-05-23T01:26:50.577,611857,626,0.504,0.751,0.754,70.23,5000,154.51,1,153.01,0.659,99,0.981,0.0,180
2026-05-23T01:26:50.680,611962,1012,0.816,1.215,2.144,70.23,5000,154.51,1,153.01,0.659,99,0.981,0.0,180
2026-05-23T01:26:50.794,612067,1532,1.235,1.839,4.017,70.23,5000,154.51,1,153.01,0.659,99,0.981,0.0,180
2026-05-23T01:26:50.920,612172,1367,1.102,1.641,3.423,70.23,5000,154.51,1,153.01,0.659,99,0.981,0.0,180
2026-05-23T01:26:50.982,612277,552,0.445,0.663,0.488,70.23,5000,154.51,1,153.01,0.659,99,0.981,0.0,180
2026-05-23T01:26:51.091,612382,745,0.6,0.894,1.183,70.23,5000,154.51,1,153.01,0.659,99,0.981,0.0,180
2026-05-23T01:26:51.215,612487,1371,1.105,1.646,3.437,70.23,5000,154.51,1,153.01,0.659,99,0.981,0.0,180
2026-05-23T01:26:51.341,612589,1511,1.218,1.814,3.941,70.23,5000,154.51,1,153.07,0.659,99,0.981,0.0,180
2026-05-23T01:26:51.403,612694,1416,1.141,1.7,3.599,70.23,5000,154.51,1,153.07,0.659,99,0.981,0.0,180
2026-05-23T01:26:51.528,612799,583,0.47,0.7,0.599,70.23,5000,154.51,1,153.07,0.659,99,0.981,0.0,180
2026-05-23T01:26:51.653,612904,714,0.575,0.857,1.071,70.23,5000,154.51,1,153.07,0.659,99,0.981,0.0,180
2026-05-23T01:26:51.714,613009,1358,1.094,1.63,3.39,70.23,5000,154.51,1,153.07,0.659,99,0.981,0.0,180
2026-05-23T01:26:51.839,613114,1569,1.264,1.883,4.15,70.23,5000,154.51,1,153.07,0.659,99,0.981,0.0,180
2026-05-23T01:26:51.947,613219,928,0.748,1.114,1.842,70.23,5000,154.51,1,153.07,0.659,99,0.981,0.0,180
2026-05-23T01:26:52.073,613324,640,0.516,0.768,0.805,70.23,5000,154.51,1,153.07,0.659,99,0.981,0.0,180
2026-05-23T01:26:52.134,613429,1104,0.89,1.325,2.475,70.23,5000,154.51,1,153.07,0.659,99,0.981,0.0,180
2026-05-23T01:26:52.309,613561,1447,1.166,1.737,3.711,70.23,5000,154.51,1,153.06,0.661,99,0.978,0.0,180
2026-05-23T01:26:52.369,613667,684,0.551,0.821,0.963,70.23,5000,154.51,1,153.06,0.661,99,0.978,0.0,180
2026-05-23T01:26:52.484,613772,1328,1.07,1.594,3.282,70.23,5000,154.51,1,153.06,0.661,99,0.978,0.0,180
2026-05-23T01:26:52.605,613877,1573,1.268,1.888,4.164,70.23,5000,154.51,1,153.06,0.661,99,0.978,0.0,180
2026-05-23T01:26:52.728,613982,967,0.779,1.161,1.982,70.23,5000,154.51,1,153.06,0.661,99,0.978,0.0,180
2026-05-23T01:26:52.792,614087,632,0.509,0.759,0.776,70.23,5000,154.51,1,153.06,0.661,99,0.978,0.0,180
2026-05-23T01:26:52.915,614192,1072,0.864,1.287,2.36,70.23,5000,154.51,1,153.06,0.661,99,0.978,0.0,180
2026-05-23T01:26:53.037,614297,1549,1.248,1.859,4.078,70.23,5000,154.51,1,153.06,0.661,99,0.978,0.0,180
2026-05-23T01:26:53.090,614402,1287,1.037,1.545,3.134,70.23,5000,154.51,1,153.06,0.661,99,0.978,0.0,180
2026-05-23T01:26:53.191,614507,579,0.467,0.695,0.585,70.23,5000,154.51,1,153.06,0.661,99,0.978,0.0,180
2026-05-23T01:26:53.292,614609,626,0.504,0.751,0.754,70.23,5000,154.51,1,153.13,0.66,99,0.979,0.0,180
2026-05-23T01:26:53.399,614714,1044,0.841,1.253,2.259,70.23,5000,154.51,1,153.13,0.66,99,0.979,0.0,180
2026-05-23T01:26:53.551,614819,1537,1.239,1.845,4.035,70.23,5000,154.51,1,153.13,0.66,99,0.979,0.0,180
2026-05-23T01:26:53.660,614924,1322,1.065,1.587,3.261,70.23,5000,154.51,1,153.13,0.66,99,0.979,0.0,180
2026-05-23T01:26:53.724,615029,568,0.458,0.682,0.545,70.23,5000,154.51,1,153.13,0.66,99,0.979,0.0,180
2026-05-23T01:26:53.849,615134,792,0.638,0.951,1.352,70.23,5000,154.51,1,153.13,0.66,99,0.979,0.0,180
2026-05-23T01:26:53.974,615239,1420,1.144,1.704,3.613,70.23,5000,154.51,1,153.13,0.66,99,0.979,0.0,180
2026-05-23T01:26:54.036,615344,1548,1.247,1.858,4.074,70.23,5000,154.51,1,153.13,0.66,99,0.979,0.0,180
2026-05-23T01:26:54.160,615449,864,0.696,1.037,1.611,40.63,5000,89.39,1,153.13,0.66,99,0.979,0.0,180
2026-05-23T01:26:54.313,615591,814,0.656,0.977,1.431,40.63,5000,89.39,1,153.1,0.661,99,0.978,0.0,180
2026-05-23T01:26:54.413,615696,1016,0.819,1.22,2.159,40.63,5000,89.39,1,153.1,0.661,99,0.978,0.0,180
2026-05-23T01:26:54.514,615801,1315,1.06,1.578,3.235,40.63,5000,89.39,1,153.1,0.661,99,0.978,0.0,180
2026-05-23T01:26:54.630,615906,1257,1.013,1.509,3.026,40.63,5000,89.39,1,153.1,0.661,99,0.978,0.0,180
2026-05-23T01:26:54.691,616011,897,0.723,1.077,1.73,40.63,5000,89.39,1,153.1,0.661,99,0.978,0.0,180
2026-05-23T01:26:54.800,616116,939,0.757,1.127,1.881,40.63,5000,89.39,1,153.1,0.661,99,0.978,0.0,180
2026-05-23T01:26:54.925,616221,1235,0.995,1.482,2.947,40.63,5000,89.39,1,153.1,0.661,99,0.978,0.0,180
2026-05-23T01:26:55.050,616326,1311,1.056,1.574,3.221,40.63,5000,89.39,1,153.1,0.661,99,0.978,0.0,180
2026-05-23T01:26:55.112,616431,1051,0.847,1.262,2.285,40.63,5000,89.39,1,153.1,0.661,99,0.978,0.0,180
2026-05-23T01:26:55.266,616585,785,0.633,0.942,1.327,40.63,5000,89.39,1,95.23,0.481,43,0.938,0.0,180
2026-05-23T01:26:55.418,616691,1133,0.913,1.36,2.58,40.63,5000,89.39,1,95.23,0.481,43,0.938,0.0,180
2026-05-23T01:26:55.533,616796,737,0.594,0.885,1.154,40.63,5000,89.39,1,95.23,0.481,43,0.938,0.0,180
2026-05-23T01:26:55.596,616901,1019,0.821,1.223,2.169,40.63,5000,89.39,1,95.23,0.481,43,0.938,0.0,180
2026-05-23T01:26:55.701,617006,1320,1.064,1.584,3.253,40.63,5000,89.39,1,95.23,0.481,43,0.938,0.0,180
2026-05-23T01:26:55.812,617111,1256,1.012,1.508,3.023,40.63,5000,89.39,1,95.23,0.481,43,0.938,0.0,180
2026-05-23T01:26:55.927,617216,898,0.724,1.078,1.734,40.63,5000,89.39,1,95.23,0.481,43,0.938,0.0,180
2026-05-23T01:26:56.049,617321,934,0.753,1.121,1.863,40.63,5000,89.39,1,95.23,0.481,43,0.938,0.0,180
2026-05-23T01:26:56.110,617426,1247,1.005,1.497,2.99,40.63,5000,89.39,1,95.23,0.481,43,0.938,0.0,180
2026-05-23T01:26:56.234,617531,1307,1.053,1.569,3.206,40.63,5000,89.39,1,95.23,0.481,43,0.938,0.0,180
2026-05-23T01:26:56.360,617633,1264,1.019,1.517,3.052,40.63,5000,89.39,1,92.47,0.501,43,0.928,0.0,180
2026-05-23T01:26:56.419,617738,915,0.737,1.098,1.795,40.63,5000,89.39,1,92.47,0.501,43,0.928,0.0,180
2026-05-23T01:26:56.530,617843,931,0.75,1.118,1.853,40.63,5000,89.39,1,92.47,0.501,43,0.928,0.0,180
2026-05-23T01:26:56.647,617948,1236,0.996,1.484,2.951,40.63,5000,89.39,1,92.47,0.501,43,0.928,0.0,180
2026-05-23T01:26:56.764,618053,1307,1.053,1.569,3.206,40.63,5000,89.39,1,92.47,0.501,43,0.928,0.0,180
2026-05-23T01:26:56.888,618158,1061,0.855,1.274,2.321,40.63,5000,89.39,1,92.47,0.501,43,0.928,0.0,180
2026-05-23T01:26:56.946,618263,786,0.633,0.943,1.33,40.63,5000,89.39,1,92.47,0.501,43,0.928,0.0,180
2026-05-23T01:26:57.060,618368,1103,0.889,1.324,2.472,40.63,5000,89.39,1,92.47,0.501,43,0.928,0.0,180
2026-05-23T01:26:57.164,618473,1327,1.069,1.593,3.279,40.63,5000,89.39,1,92.47,0.501,43,0.928,0.0,180
2026-05-23T01:26:57.319,618615,1281,1.032,1.538,3.113,40.63,5000,89.39,1,92.53,0.501,43,0.927,0.0,180
2026-05-23T01:26:57.433,618720,1085,0.874,1.302,2.407,40.63,5000,89.39,1,92.53,0.501,43,0.927,0.0,180
2026-05-23T01:26:57.494,618825,756,0.609,0.907,1.222,40.63,5000,89.39,1,92.53,0.501,43,0.927,0.0,180
2026-05-23T01:26:57.610,618930,1065,0.858,1.278,2.335,40.63,5000,89.39,1,92.53,0.501,43,0.927,0.0,180
2026-05-23T01:26:57.728,619035,1326,1.069,1.592,3.275,40.63,5000,89.39,1,92.53,0.501,43,0.927,0.0,180
2026-05-23T01:26:57.852,619140,1221,0.984,1.466,2.897,40.63,5000,89.39,1,92.53,0.501,43,0.927,0.0,180
2026-05-23T01:26:57.913,619245,829,0.668,0.995,1.485,40.63,5000,89.39,1,92.53,0.501,43,0.927,0.0,180
2026-05-23T01:26:58.037,619350,959,0.773,1.151,1.953,40.63,5000,89.39,1,92.53,0.501,43,0.927,0.0,180
2026-05-23T01:26:58.155,619455,1297,1.045,1.557,3.17,40.63,5000,89.39,1,92.53,0.501,43,0.927,0.0,180
2026-05-23T01:26:58.331,619609,1290,1.04,1.548,3.145,40.63,5000,89.39,1,92.47,0.501,43,0.928,0.0,180
2026-05-23T01:26:58.394,619715,1209,0.974,1.451,2.854,40.63,5000,89.39,1,92.47,0.501,43,0.928,0.0,180
2026-05-23T01:26:58.519,619820,1310,1.056,1.572,3.217,40.63,5000,89.39,1,92.47,0.501,43,0.928,0.0,180
2026-05-23T01:26:58.631,619925,1071,0.863,1.286,2.357,40.63,5000,89.39,1,92.47,0.501,43,0.928,0.0,180
2026-05-23T01:26:58.737,620030,756,0.609,0.907,1.222,40.63,5000,89.39,1,92.47,0.501,43,0.928,0.0,180
2026-05-23T01:26:58.799,620135,1080,0.87,1.296,2.389,40.63,5000,89.39,1,92.47,0.501,43,0.928,0.0,180
2026-05-23T01:26:58.923,620240,1319,1.063,1.583,3.25,40.63,5000,89.39,1,92.47,0.501,43,0.928,0.0,180
2026-05-23T01:26:59.048,620345,1214,0.978,1.457,2.872,40.63,5000,89.39,1,92.47,0.501,43,0.928,0.0,180
2026-05-23T01:26:59.172,620450,813,0.655,0.976,1.428,40.63,5000,89.39,1,92.47,0.501,43,0.928,0.0,180
2026-05-23T01:26:59.236,620555,963,0.776,1.156,1.968,40.63,5000,89.39,1,92.47,0.501,43,0.928,0.0,180
2026-05-23T01:26:59.360,620657,1068,0.861,1.282,2.346,40.63,5000,89.39,1,92.51,0.501,43,0.927,0.0,180
2026-05-23T01:26:59.485,620762,1318,1.062,1.582,3.246,40.63,5000,89.39,1,92.51,0.501,43,0.927,0.0,180
2026-05-23T01:26:59.545,620867,1215,0.979,1.458,2.875,40.63,5000,89.39,1,92.51,0.501,43,0.927,0.0,180
2026-05-23T01:26:59.646,620972,814,0.656,0.977,1.431,40.63,5000,89.39,1,92.51,0.501,43,0.927,0.0,180
2026-05-23T01:26:59.748,621077,955,0.77,1.146,1.939,40.63,5000,89.39,1,92.51,0.501,43,0.927,0.0,180
2026-05-23T01:26:59.855,621182,1288,1.038,1.546,3.138,40.63,5000,89.39,1,92.51,0.501,43,0.927,0.0,180
2026-05-23T01:26:59.958,621287,1276,1.028,1.532,3.095,40.63,5000,89.39,1,92.51,0.501,43,0.927,0.0,180
2026-05-23T01:27:00.058,621392,977,0.787,1.173,2.018,40.63,5000,89.39,1,92.51,0.501,43,0.927,0.0,180
2026-05-23T01:27:00.175,621497,873,0.704,1.048,1.644,40.63,5000,89.39,1,92.51,0.501,43,0.927,0.0,180
2026-05-23T01:27:00.299,621639,1009,0.813,1.211,2.133,40.63,5000,89.39,1,92.53,0.501,43,0.927,0.0,180
2026-05-23T01:27:00.423,621744,1272,1.025,1.527,3.08,40.63,5000,89.39,1,92.53,0.501,43,0.927,0.0,180
2026-05-23T01:27:00.547,621849,1278,1.03,1.534,3.102,40.63,5000,89.39,1,92.53,0.501,43,0.927,0.0,180
2026-05-23T01:27:00.674,621954,996,0.803,1.196,2.087,40.63,5000,89.39,1,92.53,0.501,43,0.927,0.0,180
2026-05-23T01:27:00.733,622059,862,0.695,1.035,1.604,40.63,5000,89.39,1,92.53,0.501,43,0.927,0.0,180
2026-05-23T01:27:00.856,622164,1141,0.919,1.37,2.609,40.63,5000,89.39,1,92.53,0.501,43,0.927,0.0,180
2026-05-23T01:27:00.984,622269,1323,1.066,1.588,3.264,40.63,5000,89.39,1,92.53,0.501,43,0.927,0.0,180
2026-05-23T01:27:01.045,622374,1135,0.915,1.362,2.587,40.63,5000,89.39,1,92.53,0.501,43,0.927,0.0,180
2026-05-23T01:27:01.169,622479,739,0.596,0.887,1.161,40.63,5000,89.39,1,92.53,0.501,43,0.927,0.0,180
2026-05-23T01:27:01.294,622633,1013,0.816,1.216,2.148,40.63,5000,89.39,1,92.54,0.501,43,0.927,0.0,180
2026-05-23T01:27:01.419,622739,814,0.656,0.977,1.431,40.63,5000,89.39,1,92.54,0.501,43,0.927,0.0,180
2026-05-23T01:27:01.544,622844,943,0.76,1.132,1.896,40.63,5000,89.39,1,92.54,0.501,43,0.927,0.0,180
2026-05-23T01:27:01.606,622949,1286,1.036,1.544,3.131,40.63,5000,89.39,1,92.54,0.501,43,0.927,0.0,180
2026-05-23T01:27:01.730,623054,1274,1.027,1.529,3.088,40.63,5000,89.39,1,92.54,0.501,43,0.927,0.0,180
2026-05-23T01:27:01.854,623159,980,0.79,1.176,2.029,40.63,5000,89.39,1,92.54,0.501,43,0.927,0.0,180
2026-05-23T01:27:01.917,623264,874,0.704,1.049,1.647,40.63,5000,89.39,1,92.54,0.501,43,0.927,0.0,180
2026-05-23T01:27:02.043,623369,1164,0.938,1.397,2.692,40.63,5000,89.39,1,92.54,0.501,43,0.927,0.0,180
2026-05-23T01:27:02.168,623474,1325,1.068,1.59,3.271,40.63,5000,89.39,1,92.54,0.501,43,0.927,0.0,180
2026-05-23T01:27:02.292,623579,1118,0.901,1.342,2.526,40.63,5000,89.39,1,92.54,0.501,43,0.927,0.0,180
2026-05-23T01:27:02.352,623681,978,0.788,1.174,2.022,40.63,5000,89.39,1,92.55,0.501,43,0.927,0.0,180
2026-05-23T01:27:02.478,623786,875,0.705,1.05,1.651,40.63,5000,89.39,1,92.55,0.501,43,0.927,0.0,180
2026-05-23T01:27:02.603,623891,1150,0.927,1.38,2.641,40.63,5000,89.39,1,92.55,0.501,43,0.927,0.0,180
2026-05-23T01:27:02.667,623996,1326,1.069,1.592,3.275,40.63,5000,89.39,1,92.55,0.501,43,0.927,0.0,180
2026-05-23T01:27:02.783,624101,1117,0.9,1.341,2.522,40.63,5000,89.39,1,92.55,0.501,43,0.927,0.0,180
2026-05-23T01:27:02.901,624206,722,0.582,0.867,1.1,40.63,5000,89.39,1,92.55,0.501,43,0.927,0.0,180
2026-05-23T01:27:02.963,624311,1032,0.832,1.239,2.216,40.63,5000,89.39,1,92.55,0.501,43,0.927,0.0,180
2026-05-23T01:27:03.089,624416,1316,1.061,1.58,3.239,40.63,5000,89.39,1,92.55,0.501,43,0.927,0.0,180
2026-05-23T01:27:03.213,624521,1244,1.002,1.493,2.98,40.63,5000,89.39,1,92.55,0.501,43,0.927,0.0,180
2026-05-23T01:27:03.336,624663,1040,0.838,1.248,2.245,40.63,5000,89.39,1,92.53,0.501,43,0.927,0.0,180
2026-05-23T01:27:03.461,624768,730,0.588,0.876,1.129,40.63,5000,89.39,1,92.53,0.501,43,0.927,0.0,180
2026-05-23T01:27:03.523,624873,1008,0.812,1.21,2.13,40.63,5000,89.39,1,92.53,0.501,43,0.927,0.0,180
2026-05-23T01:27:03.648,624978,1308,1.054,1.57,3.21,40.63,5000,89.39,1,92.53,0.501,43,0.927,0.0,180
2026-05-23T01:27:03.771,625083,1247,1.005,1.497,2.99,40.63,5000,89.39,1,92.53,0.501,43,0.927,0.0,180
2026-05-23T01:27:03.896,625188,881,0.71,1.057,1.672,40.63,5000,89.39,1,92.53,0.501,43,0.927,0.0,180
2026-05-23T01:27:03.958,625293,926,0.746,1.112,1.835,40.63,5000,89.39,1,92.53,0.501,43,0.927,0.0,180
2026-05-23T01:27:04.084,625398,1254,1.011,1.505,3.016,40.63,5000,89.39,1,92.53,0.501,43,0.927,0.0,180
2026-05-23T01:27:04.209,625503,1293,1.042,1.552,3.156,40.63,5000,89.39,1,92.53,0.501,43,0.927,0.0,180
2026-05-23T01:27:04.334,625657,1022,0.824,1.227,2.18,40.63,5000,89.39,1,92.38,0.5,43,0.93,0.0,180
2026-05-23T01:27:04.440,625763,1315,1.06,1.578,3.235,40.63,5000,89.39,1,92.38,0.5,43,0.93,0.0,180
2026-05-23T01:27:04.540,625868,1106,0.891,1.328,2.483,40.63,5000,89.39,1,92.38,0.5,43,0.93,0.0,180
2026-05-23T01:27:04.643,625973,711,0.573,0.853,1.06,40.63,5000,89.39,1,92.38,0.5,43,0.93,0.0,180
2026-05-23T01:27:04.751,626078,1024,0.825,1.229,2.187,40.63,5000,89.39,1,92.38,0.5,43,0.93,0.0,180
2026-05-23T01:27:04.855,626183,1312,1.057,1.575,3.224,40.63,5000,89.39,1,92.38,0.5,43,0.93,0.0,180
2026-05-23T01:27:04.970,626288,1230,0.991,1.476,2.929,40.63,5000,89.39,1,92.38,0.5,43,0.93,0.0,180
2026-05-23T01:27:05.087,626393,842,0.679,1.011,1.532,40.63,5000,89.39,1,92.38,0.5,43,0.93,0.0,180
2026-05-23T01:27:05.140,626498,936,0.754,1.124,1.871,40.63,5000,89.39,1,92.38,0.5,43,0.93,0.0,180
2026-05-23T01:27:05.243,626603,1265,1.019,1.518,3.055,40.63,5000,89.39,1,92.38,0.5,43,0.93,0.0,180
2026-05-23T01:27:05.345,626705,1308,1.054,1.57,3.21,40.63,5000,89.39,1,92.48,0.5,43,0.929,0.0,180
2026-05-23T01:27:05.497,626810,1229,0.99,1.475,2.926,40.63,5000,89.39,1,92.48,0.5,43,0.929,0.0,180
2026-05-23T01:27:05.612,626915,846,0.682,1.015,1.546,40.63,5000,89.39,1,92.48,0.5,43,0.929,0.0,180
2026-05-23T01:27:05.663,627020,937,0.755,1.125,1.874,40.63,5000,89.39,1,92.48,0.5,43,0.929,0.0,180
2026-05-23T01:27:05.781,627125,1265,1.019,1.518,3.055,40.63,5000,89.39,1,92.48,0.5,43,0.929,0.0,180
2026-05-23T01:27:05.907,627230,1297,1.045,1.557,3.17,40.63,5000,89.39,1,92.48,0.5,43,0.929,0.0,180
2026-05-23T01:27:06.031,627335,1010,0.814,1.212,2.137,40.63,5000,89.39,1,92.48,0.5,43,0.929,0.0,180
2026-05-23T01:27:06.094,627440,858,0.691,1.03,1.59,40.63,5000,89.39,1,92.48,0.5,43,0.929,0.0,180
2026-05-23T01:27:06.219,627545,1149,0.926,1.379,2.638,40.63,5000,89.39,1,92.48,0.5,43,0.929,0.0,180
2026-05-23T01:27:06.342,627687,1320,1.064,1.584,3.253,40.63,5000,89.39,1,92.47,0.5,43,0.93,0.0,180
2026-05-23T01:27:06.466,627792,1316,1.061,1.58,3.239,40.63,5000,89.39,1,92.47,0.5,43,0.93,0.0,180
2026-05-23T01:27:06.593,627897,1030,0.83,1.236,2.209,40.63,5000,89.39,1,92.47,0.5,43,0.93,0.0,180
2026-05-23T01:27:06.653,628002,838,0.675,1.006,1.518,40.63,5000,89.39,1,92.47,0.5,43,0.93,0.0,180
2026-05-23T01:27:06.777,628107,1132,0.912,1.359,2.576,40.63,5000,89.39,1,92.47,0.5,43,0.93,0.0,180
2026-05-23T01:27:06.903,628212,1352,1.09,1.623,3.369,40.63,5000,89.39,1,92.47,0.5,43,0.93,0.0,180
2026-05-23T01:27:06.966,628317,1071,0.863,1.286,2.357,40.63,5000,89.39,1,92.47,0.5,43,0.93,0.0,180
2026-05-23T01:27:07.091,628422,739,0.596,0.887,1.161,40.63,5000,89.39,1,92.47,0.5,43,0.93,0.0,180
2026-05-23T01:27:07.215,628527,1281,1.032,1.538,3.113,40.63,5000,89.39,1,92.47,0.5,43,0.93,0.0,180
2026-05-23T01:27:07.339,628681,1562,1.259,1.875,4.125,40.63,5000,89.39,1,92.42,0.5,43,0.93,0.0,180
2026-05-23T01:27:07.464,628787,951,0.766,1.142,1.925,40.63,5000,89.39,1,92.42,0.5,43,0.93,0.0,180
2026-05-23T01:27:07.527,628892,1640,1.322,1.969,4.406,40.63,5000,89.39,1,92.42,0.5,43,0.93,0.0,180
2026-05-23T01:27:07.651,628997,1572,1.267,1.887,4.161,40.63,5000,89.39,1,92.42,0.5,43,0.93,0.0,180
2026-05-23T01:27:07.774,629102,1217,0.981,1.461,2.882,40.63,5000,89.39,1,92.42,0.5,43,0.93,0.0,180
2026-05-23T01:27:07.898,629207,1209,0.974,1.451,2.854,40.63,5000,89.39,1,92.42,0.5,43,0.93,0.0,180
2026-05-23T01:27:07.963,629312,1371,1.105,1.646,3.437,40.63,5000,89.39,1,92.42,0.5,43,0.93,0.0,180
2026-05-23T01:27:08.086,629417,1512,1.218,1.815,3.945,40.63,5000,89.39,1,92.42,0.5,43,0.93,0.0,180
2026-05-23T01:27:08.211,629522,1298,1.046,1.558,3.174,40.63,5000,89.39,1,92.42,0.5,43,0.93,0.0,180
2026-05-23T01:27:08.273,629627,875,0.705,1.05,1.651,40.63,5000,89.39,1,92.42,0.5,43,0.93,0.0,180
2026-05-23T01:27:08.585,629906,1199,0.966,1.439,2.818,40.63,5000,89.39,0,92.42,0.5,43,0.93,0.0,181
2026-05-23T01:27:08.647,630011,1011,0.815,1.214,2.141,40.63,5000,89.39,0,92.42,0.5,43,0.93,0.0,181
2026-05-23T01:27:08.773,630116,1329,1.071,1.595,3.286,40.63,5000,89.39,0,92.42,0.5,43,0.93,0.0,181
2026-05-23T01:27:08.896,630221,1394,1.123,1.673,3.52,40.63,5000,89.39,0,92.42,0.5,43,0.93,0.0,181
2026-05-23T01:27:08.959,630326,1123,0.905,1.348,2.544,40.63,5000,89.39,0,92.42,0.5,43,0.93,0.0,181
2026-05-23T01:27:09.084,630431,873,0.704,1.048,1.644,40.63,5000,89.39,0,92.42,0.5,43,0.93,0.0,181
2026-05-23T01:27:09.209,630536,1189,0.958,1.427,2.782,40.63,5000,89.39,0,92.42,0.5,43,0.93,0.0,181
2026-05-23T01:27:09.272,630641,1418,1.143,1.702,3.606,40.63,5000,89.39,0,92.42,0.5,43,0.93,0.0,181
2026-05-23T01:27:09.397,630744,1358,1.094,1.63,3.39,40.63,5000,89.39,1,75.12,0.4,28,0.931,0.0,181
2026-05-23T01:27:09.522,630849,1043,0.841,1.252,2.256,40.63,5000,89.39,1,75.12,0.4,28,0.931,0.0,181
2026-05-23T01:27:09.581,630954,953,0.768,1.144,1.932,40.63,5000,89.39,1,75.12,0.4,28,0.931,0.0,181
2026-05-23T01:27:09.708,631059,1258,1.014,1.51,3.03,40.63,5000,89.39,1,75.12,0.4,28,0.931,0.0,181
2026-05-23T01:27:09.832,631164,1396,1.125,1.676,3.527,40.63,5000,89.39,1,75.12,0.4,28,0.931,0.0,181
2026-05-23T01:27:09.894,631269,1163,0.937,1.396,2.688,40.63,5000,89.39,1,75.12,0.4,28,0.931,0.0,181
2026-05-23T01:27:10.020,631374,766,0.617,0.919,1.258,40.63,5000,89.39,1,75.12,0.4,28,0.931,0.0,181
2026-05-23T01:27:10.145,631479,1068,0.861,1.282,2.346,40.63,5000,89.39,1,75.12,0.4,28,0.931,0.0,181
2026-05-23T01:27:10.268,631584,1313,1.058,1.576,3.228,40.63,5000,89.39,1,75.12,0.4,28,0.931,0.0,181
2026-05-23T01:27:10.390,631725,1293,1.042,1.552,3.156,40.63,5000,89.39,1,72.85,0.387,26,0.922,0.0,181
2026-05-23T01:27:10.452,631831,1119,0.902,1.343,2.53,40.63,5000,89.39,1,72.85,0.387,26,0.922,0.0,181
2026-05-23T01:27:10.577,631936,747,0.602,0.897,1.19,40.63,5000,89.39,1,72.85,0.387,26,0.922,0.0,181
2026-05-23T01:27:10.701,632041,1022,0.824,1.227,2.18,40.63,5000,89.39,1,72.85,0.387,26,0.922,0.0,181
2026-05-23T01:27:10.827,632146,1252,1.009,1.503,3.008,40.63,5000,89.39,1,72.85,0.387,26,0.922,0.0,181
2026-05-23T01:27:10.890,632251,1200,0.967,1.44,2.821,40.63,5000,89.39,1,72.85,0.387,26,0.922,0.0,181
2026-05-23T01:27:11.013,632356,854,0.688,1.025,1.575,40.63,5000,89.39,1,72.85,0.387,26,0.922,0.0,181
2026-05-23T01:27:11.138,632461,916,0.738,1.1,1.799,40.63,5000,89.39,1,72.85,0.387,26,0.922,0.0,181
2026-05-23T01:27:11.199,632566,1123,0.905,1.348,2.544,40.63,5000,89.39,1,72.85,0.387,26,0.922,0.0,181
2026-05-23T01:27:11.384,632720,1168,0.941,1.402,2.706,40.63,5000,89.39,1,59.81,0.312,17,0.911,0.0,181
2026-05-23T01:27:11.447,632826,999,0.805,1.199,2.097,40.63,5000,89.39,1,59.81,0.312,17,0.911,0.0,181
2026-05-23T01:27:11.572,632931,1104,0.89,1.325,2.475,40.63,5000,89.39,1,59.81,0.312,17,0.911,0.0,181
2026-05-23T01:27:11.697,633036,953,0.768,1.144,1.932,40.63,5000,89.39,1,59.81,0.312,17,0.911,0.0,181
2026-05-23T01:27:11.759,633141,628,0.506,0.754,0.761,40.63,5000,89.39,1,59.81,0.312,17,0.911,0.0,181
2026-05-23T01:27:11.884,633246,804,0.648,0.965,1.395,40.63,5000,89.39,1,59.81,0.312,17,0.911,0.0,181
2026-05-23T01:27:12.005,633351,998,0.804,1.198,2.094,40.63,5000,89.39,1,59.81,0.312,17,0.911,0.0,181
2026-05-23T01:27:12.130,633456,980,0.79,1.176,2.029,40.63,5000,89.39,1,59.81,0.312,17,0.911,0.0,181
2026-05-23T01:27:12.192,633561,677,0.546,0.813,0.938,40.63,5000,89.39,1,59.81,0.312,17,0.911,0.0,181
2026-05-23T01:27:12.317,633666,640,0.516,0.768,0.805,40.63,5000,89.39,1,59.81,0.312,17,0.911,0.0,181
2026-05-23T01:27:12.439,633768,713,0.575,0.856,1.068,40.63,5000,89.39,1,41.74,0.209,8,0.917,0.0,181
2026-05-23T01:27:12.502,633873,951,0.766,1.142,1.925,40.63,5000,89.39,1,41.74,0.209,8,0.917,0.0,181
2026-05-23T01:27:12.626,633978,929,0.749,1.115,1.845,40.63,5000,89.39,1,41.74,0.209,8,0.917,0.0,181
2026-05-23T01:27:12.752,634083,656,0.529,0.787,0.862,40.63,5000,89.39,1,41.74,0.209,8,0.917,0.0,181
2026-05-23T01:27:12.814,634188,622,0.501,0.747,0.74,40.63,5000,89.39,1,41.74,0.209,8,0.917,0.0,181
2026-05-23T01:27:12.938,634293,884,0.712,1.061,1.683,40.63,5000,89.39,1,41.74,0.209,8,0.917,0.0,181
2026-05-23T01:27:13.062,634398,970,0.782,1.164,1.993,40.63,5000,89.39,1,41.74,0.209,8,0.917,0.0,181
2026-05-23T01:27:13.125,634503,755,0.608,0.906,1.219,40.63,5000,89.39,1,41.74,0.209,8,0.917,0.0,181
2026-05-23T01:27:13.250,634608,585,0.471,0.702,0.607,40.63,5000,89.39,1,41.74,0.209,8,0.917,0.0,181
2026-05-23T01:27:13.375,634750,664,0.535,0.797,0.891,40.63,5000,89.39,1,31.23,0.15,4,0.853,0.0,181
2026-05-23T01:27:13.501,634855,871,0.702,1.045,1.636,40.63,5000,89.39,1,31.23,0.15,4,0.853,0.0,181
2026-05-23T01:27:13.624,634960,954,0.769,1.145,1.935,40.63,5000,89.39,1,31.23,0.15,4,0.853,0.0,181
2026-05-23T01:27:13.687,635065,747,0.602,0.897,1.19,40.63,5000,89.39,1,31.23,0.15,4,0.853,0.0,181
2026-05-23T01:27:13.811,635170,586,0.472,0.703,0.61,40.63,5000,89.39,1,31.23,0.15,4,0.853,0.0,181
2026-05-23T01:27:13.934,635275,764,0.616,0.917,1.251,40.63,5000,89.39,1,31.23,0.15,4,0.853,0.0,181
2026-05-23T01:27:13.997,635380,952,0.767,1.143,1.928,40.63,5000,89.39,1,31.23,0.15,4,0.853,0.0,181
2026-05-23T01:27:14.121,635485,837,0.675,1.005,1.514,40.63,5000,89.39,1,31.23,0.15,4,0.853,0.0,181
2026-05-23T01:27:14.246,635590,609,0.491,0.731,0.693,40.63,5000,89.39,1,31.23,0.15,4,0.853,0.0,181
2026-05-23T01:27:14.371,635754,675,0.544,0.81,0.931,40.63,5000,89.39,1,21.47,0.095,1,0.49,0.0,181
2026-05-23T01:27:14.494,635859,857,0.691,1.029,1.586,40.63,5000,89.39,1,21.47,0.095,1,0.49,0.0,181
2026-05-23T01:27:14.619,635964,934,0.753,1.121,1.863,40.63,5000,89.39,1,21.47,0.095,1,0.49,0.0,181
2026-05-23T01:27:14.682,636069,735,0.592,0.882,1.147,40.63,5000,89.39,1,21.47,0.095,1,0.49,0.0,181
2026-05-23T01:27:14.805,636174,595,0.479,0.714,0.643,40.63,5000,89.39,1,21.47,0.095,1,0.49,0.0,181
2026-05-23T01:27:14.930,636278,713,0.575,0.856,1.068,40.63,5000,89.39,1,21.47,0.095,1,0.49,0.0,181
2026-05-23T01:27:14.991,636383,920,0.741,1.104,1.813,40.63,5000,89.39,1,21.47,0.095,1,0.49,0.0,181
2026-05-23T01:27:15.118,636488,865,0.697,1.038,1.615,40.63,5000,89.39,1,21.47,0.095,1,0.49,0.0,181
2026-05-23T01:27:15.243,636593,641,0.517,0.769,0.808,40.63,5000,89.39,1,21.47,0.095,1,0.49,0.0,181
2026-05-23T01:27:15.367,636749,622,0.501,0.747,0.74,40.63,5000,89.39,1,9.49,0.031,0,0.0,0.0,181
2026-05-23T01:27:15.494,636853,684,0.551,0.821,0.963,40.63,5000,89.39,1,9.49,0.031,0,0.0,0.0,181
2026-05-23T01:27:15.605,636957,608,0.49,0.73,0.689,40.63,5000,89.39,1,9.49,0.031,0,0.0,0.0,181
2026-05-23T01:27:15.668,637061,712,0.574,0.855,1.064,40.63,5000,89.39,1,9.49,0.031,0,0.0,0.0,181
2026-05-23T01:27:15.792,637165,884,0.712,1.061,1.683,40.63,5000,89.39,1,9.49,0.031,0,0.0,0.0,181
2026-05-23T01:27:15.916,637269,920,0.741,1.104,1.813,40.63,5000,89.39,1,9.49,0.031,0,0.0,0.0,181
2026-05-23T01:27:15.978,637373,783,0.631,0.94,1.32,40.63,5000,89.39,1,9.49,0.031,0,0.0,0.0,181
2026-05-23T01:27:16.103,637477,619,0.499,0.743,0.729,40.63,5000,89.39,1,9.49,0.031,0,0.0,0.0,181
2026-05-23T01:27:16.227,637581,629,0.507,0.755,0.765,40.63,5000,89.39,1,9.49,0.031,0,0.0,0.0,181
2026-05-23T01:27:16.289,637685,796,0.641,0.955,1.366,40.63,5000,89.39,1,9.49,0.031,0,0.0,0.0,181
2026-05-23T01:27:16.414,637786,784,0.632,0.941,1.323,40.63,5000,89.39,1,0.81,0.0,0,0.0,0.0,181
2026-05-23T01:27:16.538,637890,928,0.748,1.114,1.842,40.63,5000,89.39,1,0.81,0.0,0,0.0,0.0,181
2026-05-23T01:27:16.602,637994,854,0.688,1.025,1.575,40.63,5000,89.39,1,0.81,0.0,0,0.0,0.0,181
2026-05-23T01:27:16.727,638098,680,0.548,0.816,0.949,40.63,5000,89.39,1,0.81,0.0,0,0.0,0.0,181
2026-05-23T01:27:16.852,638202,603,0.486,0.724,0.671,40.63,5000,89.39,1,0.81,0.0,0,0.0,0.0,181
2026-05-23T01:27:16.914,638306,716,0.577,0.859,1.078,40.63,5000,89.39,1,0.81,0.0,0,0.0,0.0,181
2026-05-23T01:27:17.038,638410,877,0.707,1.053,1.658,40.63,5000,89.39,1,0.81,0.0,0,0.0,0.0,181
2026-05-23T01:27:17.160,638514,917,0.739,1.101,1.802,40.63,5000,89.39,1,0.81,0.0,0,0.0,0.0,181
2026-05-23T01:27:17.222,638618,776,0.625,0.931,1.294,40.63,5000,89.39,1,0.81,0.0,0,0.0,0.0,181
2026-05-23T01:27:17.410,638768,881,0.71,1.057,1.672,40.63,5000,89.39,1,0.0,0.0,0,0.0,0.0,181
2026-05-23T01:27:17.472,638873,915,0.737,1.098,1.795,40.63,5000,89.39,1,0.0,0.0,0,0.0,0.0,181
2026-05-23T01:27:17.598,638977,884,0.712,1.061,1.683,40.63,5000,89.39,1,0.0,0.0,0,0.0,0.0,181
2026-05-23T01:27:17.722,639081,714,0.575,0.857,1.071,40.63,5000,89.39,1,0.0,0.0,0,0.0,0.0,181
2026-05-23T01:27:17.786,639185,608,0.49,0.73,0.689,40.63,5000,89.39,1,0.0,0.0,0,0.0,0.0,181
2026-05-23T01:27:17.909,639289,685,0.552,0.822,0.967,40.63,5000,89.39,1,0.0,0.0,0,0.0,0.0,181
2026-05-23T01:27:18.034,639393,862,0.695,1.035,1.604,40.63,5000,89.39,1,0.0,0.0,0,0.0,0.0,181
2026-05-23T01:27:18.096,639497,940,0.758,1.128,1.885,40.63,5000,89.39,1,0.0,0.0,0,0.0,0.0,181
2026-05-23T01:27:18.221,639601,821,0.662,0.985,1.456,40.63,5000,89.39,1,0.0,0.0,0,0.0,0.0,181
2026-05-23T01:27:18.346,639705,651,0.525,0.781,0.844,40.63,5000,89.39,1,0.0,0.0,0,0.0,0.0,181
2026-05-23T01:27:18.409,639806,588,0.474,0.706,0.617,40.63,5000,89.39,1,0.0,0.0,0,0.0,0.0,181
2026-05-23T01:27:18.533,639910,628,0.506,0.754,0.761,40.63,5000,89.39,1,0.0,0.0,0,0.0,0.0,181
2026-05-23T01:27:18.658,640014,891,0.718,1.069,1.708,40.63,5000,89.39,1,0.0,0.0,0,0.0,0.0,181
2026-05-23T01:27:18.724,640118,1093,0.881,1.312,2.436,40.63,5000,89.39,1,0.0,0.0,0,0.0,0.0,181
2026-05-23T01:27:18.844,640222,907,0.731,1.089,1.766,40.63,5000,89.39,1,0.0,0.0,0,0.0,0.0,181
2026-05-23T01:27:18.970,640326,638,0.514,0.766,0.797,40.63,5000,89.39,1,0.0,0.0,0,0.0,0.0,181
2026-05-23T01:27:19.031,640430,452,0.364,0.543,0.128,40.63,5000,89.39,1,0.0,0.0,0,0.0,0.0,181
2026-05-23T01:27:19.157,640534,766,0.617,0.919,1.258,40.63,5000,89.39,1,0.0,0.0,0,0.0,0.0,181
2026-05-23T01:27:19.282,640638,963,0.776,1.156,1.968,40.63,5000,89.39,1,0.0,0.0,0,0.0,0.0,181
2026-05-23T01:27:19.405,640787,454,0.366,0.545,0.135,40.63,5000,89.39,1,0.0,0.0,0,0.0,0.0,181
2026-05-23T01:27:19.528,640892,447,0.36,0.537,0.11,40.63,5000,89.39,1,0.0,0.0,0,0.0,0.0,181
2026-05-23T01:27:19.592,640996,793,0.639,0.952,1.356,40.63,5000,89.39,1,0.0,0.0,0,0.0,0.0,181
2026-05-23T01:27:19.718,641100,980,0.79,1.176,2.029,40.63,5000,89.39,1,0.0,0.0,0,0.0,0.0,181
2026-05-23T01:27:19.842,641204,1084,0.874,1.301,2.403,40.63,5000,89.39,1,0.0,0.0,0,0.0,0.0,181
2026-05-23T01:27:19.903,641308,605,0.488,0.726,0.679,40.63,5000,89.39,1,0.0,0.0,0,0.0,0.0,181
2026-05-23T01:27:20.026,641412,529,0.426,0.635,0.405,40.63,5000,89.39,1,0.0,0.0,0,0.0,0.0,181
2026-05-23T01:27:20.151,641516,740,0.596,0.888,1.165,40.63,5000,89.39,1,0.0,0.0,0,0.0,0.0,181
2026-05-23T01:27:20.213,641620,1010,0.814,1.212,2.137,40.63,5000,89.39,1,0.0,0.0,0,0.0,0.0,181
2026-05-23T01:27:20.339,641724,1091,0.879,1.31,2.429,40.63,5000,89.39,1,0.0,0.0,0,0.0,0.0,181
2026-05-23T01:27:20.463,641825,1044,0.841,1.253,2.259,40.63,5000,89.39,1,0.0,0.0,0,0.0,0.0,181
2026-05-23T01:27:20.525,641929,866,0.698,1.039,1.618,40.63,5000,89.39,1,0.0,0.0,0,0.0,0.0,181
2026-05-23T01:27:20.649,642033,667,0.538,0.801,0.902,40.63,5000,89.39,1,0.0,0.0,0,0.0,0.0,181
2026-05-23T01:27:20.772,642137,595,0.479,0.714,0.643,40.63,5000,89.39,1,0.0,0.0,0,0.0,0.0,181
2026-05-23T01:27:20.835,642241,732,0.59,0.879,1.136,40.63,5000,89.39,1,0.0,0.0,0,0.0,0.0,181
2026-05-23T01:27:20.960,642345,913,0.736,1.096,1.788,40.63,5000,89.39,1,0.0,0.0,0,0.0,0.0,181
2026-05-23T01:27:21.084,642449,929,0.749,1.115,1.845,40.63,5000,89.39,1,0.0,0.0,0,0.0,0.0,181
2026-05-23T01:27:21.145,642553,759,0.612,0.911,1.233,40.63,5000,89.39,1,0.0,0.0,0,0.0,0.0,181
2026-05-23T01:27:21.270,642657,600,0.484,0.72,0.661,40.63,5000,89.39,1,0.0,0.0,0,0.0,0.0,181
2026-05-23T01:27:21.642,643012,942,0.759,1.131,1.892,40.63,5000,89.39,0,0.0,0.0,0,0.0,0.0,182
2026-05-23T01:27:21.704,643116,703,0.567,0.844,1.031,40.63,5000,89.39,0,0.0,0.0,0,0.0,0.0,182
2026-05-23T01:27:21.830,643220,589,0.475,0.707,0.621,40.63,5000,89.39,0,0.0,0.0,0,0.0,0.0,182
2026-05-23T01:27:21.954,643324,678,0.546,0.814,0.941,40.63,5000,89.39,0,0.0,0.0,0,0.0,0.0,182
2026-05-23T01:27:22.060,643428,879,0.708,1.055,1.665,40.63,5000,89.39,0,0.0,0.0,0,0.0,0.0,182
2026-05-23T01:27:22.123,643532,958,0.772,1.15,1.95,40.63,5000,89.39,0,0.0,0.0,0,0.0,0.0,182
2026-05-23T01:27:22.250,643636,823,0.663,0.988,1.464,40.63,5000,89.39,0,0.0,0.0,0,0.0,0.0,182
2026-05-23T01:27:22.361,643740,626,0.504,0.751,0.754,40.63,5000,89.39,0,0.0,0.0,0,0.0,0.0,182
2026-05-23T01:27:22.641,644018,825,0.665,0.99,1.471,40.63,5000,89.39,0,0.0,0.0,0,0.0,0.0,183
2026-05-23T01:27:22.748,644122,608,0.49,0.73,0.689,40.63,5000,89.39,0,0.0,0.0,0,0.0,0.0,183
2026-05-23T01:27:22.811,644226,628,0.506,0.754,0.761,40.63,5000,89.39,0,0.0,0.0,0,0.0,0.0,183
2026-05-23T01:27:22.947,644330,812,0.654,0.975,1.424,40.63,5000,89.39,0,0.0,0.0,0,0.0,0.0,183
2026-05-23T01:27:23.051,644434,956,0.77,1.148,1.943,40.63,5000,89.39,0,0.0,0.0,0,0.0,0.0,183
2026-05-23T01:27:23.155,644538,893,0.72,1.072,1.716,40.63,5000,89.39,0,0.0,0.0,0,0.0,0.0,183
2026-05-23T01:27:23.280,644642,689,0.555,0.827,0.981,40.63,5000,89.39,0,0.0,0.0,0,0.0,0.0,183
2026-05-23T01:27:23.334,644746,592,0.477,0.711,0.632,40.63,5000,89.39,0,0.0,0.0,0,0.0,0.0,183
2026-05-23T01:27:23.634,645024,709,0.571,0.851,1.053,40.63,5000,89.39,0,0.0,0.0,0,0.0,0.0,184
2026-05-23T01:27:23.739,645128,600,0.484,0.72,0.661,40.63,5000,89.39,0,0.0,0.0,0,0.0,0.0,184
2026-05-23T01:27:23.842,645232,741,0.597,0.889,1.168,40.63,5000,89.39,0,0.0,0.0,0,0.0,0.0,184
2026-05-23T01:27:23.945,645336,928,0.748,1.114,1.842,40.63,5000,89.39,0,0.0,0.0,0,0.0,0.0,184
2026-05-23T01:27:24.046,645440,938,0.756,1.126,1.878,40.63,5000,89.39,0,0.0,0.0,0,0.0,0.0,184
2026-05-23T01:27:24.149,645544,766,0.617,0.919,1.258,40.63,5000,89.39,0,0.0,0.0,0,0.0,0.0,184
2026-05-23T01:27:24.278,645648,601,0.484,0.721,0.664,40.63,5000,89.39,0,0.0,0.0,0,0.0,0.0,184
2026-05-23T01:27:24.333,645752,640,0.516,0.768,0.805,40.63,5000,89.39,0,0.0,0.0,0,0.0,0.0,184
