pc_timestamp,stm32_ms,adc_raw,adc_voltage_v,sensor_voltage_v,pressure_bar,duty_percent,frequency_hz,estimated_output_rms_v,jsy_online,jsy_voltage_rms_v,jsy_current_rms_a,jsy_voltage_raw_v,jsy_current_raw_a,jsy_active_power_w,jsy_power_factor,jsy_energy_kwh,jsy_error_count,nn_mode,nn_duty_percent,valve_open_count,valve_state_label,valve_phase,setpoint_bar,episode_id,is_decision,event
2026-06-26T00:27:46.181,3379587,610,0.4932666666666667,0.7228666666666667,0.6686666666666667,90.0,5000,198.0,1,195.18,0.881,196.93,0.954,187,0.995,0.06,2549,0,89.5,-,Belum ditandai,unset,0.3,1,0,
2026-06-26T00:27:46.722,3380122,592,0.49106666666666665,0.7227333333333333,0.6680666666666667,90.0,5000,198.0,1,195.18,0.881,196.93,0.954,187,0.995,0.06,2549,0,89.5,-,Belum ditandai,unset,0.3,1,0,
2026-06-26T00:27:47.252,3380699,618,0.49466666666666664,0.7248,0.6743333333333333,90.0,5000,198.0,1,195.17,0.881,196.92,0.954,187,0.995,0.06,2549,0,89.5,-,Belum ditandai,unset,0.3,1,0,
2026-06-26T00:27:47.810,3381234,613,0.49146666666666666,0.7227333333333333,0.6679999999999999,90.0,5000,198.0,1,195.17,0.881,196.92,0.954,187,0.995,0.06,2549,0,89.5,-,Belum ditandai,unset,0.3,1,0,
2026-06-26T00:27:48.370,3381811,611,0.49346666666666666,0.7228666666666667,0.6684,90.0,5000,198.0,1,195.26,0.881,197.01,0.954,187,0.994,0.06,2549,0,89.5,-,Belum ditandai,unset,0.3,1,0,
2026-06-26T00:27:48.916,3382346,574,0.48960000000000004,0.7204666666666667,0.6611333333333334,90.0,5000,198.0,1,195.26,0.881,197.01,0.954,187,0.994,0.06,2549,0,89.5,-,Belum ditandai,unset,0.3,1,0,
2026-06-26T00:27:49.473,3382923,609,0.4921333333333333,0.7208,0.6621333333333334,90.0,5000,198.0,1,195.22,0.882,196.97,0.955,187,0.994,0.06,2549,0,89.5,-,Belum ditandai,unset,0.3,1,0,
2026-06-26T00:27:50.032,3383500,605,0.493,0.721,0.6626666666666667,90.0,5000,198.0,1,195.22,0.881,196.97,0.954,187,0.995,0.06,2549,0,89.5,-,Belum ditandai,unset,0.3,1,0,
2026-06-26T00:27:50.582,3384035,611,0.4955333333333333,0.7201333333333333,0.6600666666666667,90.0,5000,198.0,1,195.22,0.881,196.97,0.954,187,0.995,0.06,2549,0,89.5,-,Belum ditandai,unset,0.3,1,0,
2026-06-26T00:27:51.174,3384612,616,0.4955333333333333,0.7201333333333333,0.6602,90.0,5000,198.0,1,195.28,0.882,197.03,0.955,187,0.993,0.06,2549,0,89.5,-,Belum ditandai,unset,0.3,1,0,
2026-06-26T00:27:51.676,3385147,640,0.4948666666666667,0.7203999999999999,0.6614000000000001,90.0,5000,198.0,1,195.28,0.882,197.03,0.955,187,0.993,0.06,2549,0,89.5,-,Belum ditandai,unset,0.3,1,0,
2026-06-26T00:27:52.189,3385621,605,0.4944,0.7216,0.6648666666666667,90.0,5000,198.0,1,195.28,0.881,197.03,0.954,187,0.994,0.06,2549,0,89.5,-,Belum ditandai,unset,0.3,1,0,
2026-06-26T00:27:52.683,3386156,606,0.491,0.7186666666666667,0.6561333333333333,90.0,5000,198.0,1,195.28,0.881,197.03,0.954,187,0.994,0.06,2549,0,89.5,-,Belum ditandai,unset,0.3,1,0,
2026-06-26T00:27:53.182,3386632,605,0.4886666666666667,0.7168666666666667,0.6503333333333334,90.0,5000,198.0,1,195.31,0.864,197.06,0.938,184,0.995,0.06,2549,0,89.5,-,Belum ditandai,unset,0.3,1,0,
2026-06-26T00:27:53.686,3387167,632,0.4877333333333333,0.7175999999999999,0.6527999999999999,90.0,5000,198.0,1,195.31,0.864,197.06,0.938,184,0.995,0.06,2549,0,89.5,-,Belum ditandai,unset,0.3,1,0,
2026-06-26T00:27:54.278,3387734,610,0.49019999999999997,0.7197333333333333,0.6591333333333333,90.0,5000,198.0,1,195.17,0.881,196.92,0.954,187,0.995,0.06,2549,0,89.5,-,Belum ditandai,unset,0.3,1,0,
2026-06-26T00:27:54.842,3388269,618,0.4916,0.7215333333333334,0.6648666666666667,90.0,5000,198.0,1,195.17,0.881,196.92,0.954,187,0.995,0.06,2549,0,89.5,-,Belum ditandai,unset,0.3,1,0,
2026-06-26T00:27:55.406,3388845,608,0.4928666666666667,0.7202,0.661,90.0,5000,198.0,1,195.18,0.881,196.93,0.954,187,0.995,0.06,2549,0,89.5,-,Belum ditandai,unset,0.3,1,0,
2026-06-26T00:27:55.906,3389380,605,0.49346666666666666,0.7203333333333333,0.6614000000000001,90.0,5000,198.0,1,195.18,0.881,196.93,0.954,187,0.995,0.06,2549,0,89.5,-,Belum ditandai,unset,0.3,1,0,
2026-06-26T00:27:56.404,3389850,610,0.49633333333333335,0.7210666666666666,0.6639333333333333,90.0,5000,198.0,1,195.22,0.881,196.97,0.954,187,0.995,0.06,2549,0,89.5,-,Belum ditandai,unset,0.3,1,0,
2026-06-26T00:27:56.905,3390385,599,0.49260000000000004,0.7200666666666666,0.6605333333333334,90.0,5000,198.0,1,195.22,0.881,196.97,0.954,187,0.995,0.06,2549,0,89.5,-,Belum ditandai,unset,0.3,1,0,
2026-06-26T00:27:57.404,3390855,612,0.49013333333333337,0.7189333333333333,0.6569333333333334,90.0,5000,198.0,1,195.31,0.881,197.06,0.954,187,0.994,0.06,2549,0,89.5,-,Belum ditandai,unset,0.3,1,0,
2026-06-26T00:27:57.905,3391390,625,0.48973333333333335,0.7179333333333333,0.6539333333333334,90.0,5000,198.0,1,195.31,0.881,197.06,0.954,187,0.994,0.06,2549,0,89.5,-,Belum ditandai,unset,0.3,1,0,
2026-06-26T00:27:58.402,3391860,597,0.49,0.7176666666666666,0.6535333333333334,90.0,5000,198.0,1,195.26,0.881,197.01,0.954,187,0.994,0.06,2549,0,89.5,-,Belum ditandai,unset,0.3,1,0,
2026-06-26T00:27:58.903,3392395,604,0.49106666666666665,0.7179333333333333,0.6541333333333335,90.0,5000,198.0,1,195.26,0.881,197.01,0.954,187,0.994,0.06,2549,0,89.5,-,Belum ditandai,unset,0.3,1,0,
2026-06-26T00:27:59.523,3392972,605,0.4894,0.719,0.6572666666666667,90.0,5000,198.0,1,195.07,0.88,196.83,0.953,187,0.996,0.06,2549,0,89.5,-,Belum ditandai,unset,0.3,1,0,
2026-06-26T00:28:00.086,3393549,613,0.48686666666666667,0.7184,0.6549333333333334,90.0,5000,198.0,1,195.11,0.88,196.87,0.953,187,0.996,0.06,2549,0,89.5,-,Belum ditandai,unset,0.3,1,0,
2026-06-26T00:28:00.574,3394084,622,0.48686666666666667,0.7189333333333333,0.6566666666666666,90.0,5000,198.0,1,195.11,0.88,196.87,0.953,187,0.996,0.06,2549,0,89.5,-,Belum ditandai,unset,0.3,1,0,
2026-06-26T00:28:01.176,3394661,603,0.4886,0.7196,0.6589333333333334,90.0,5000,198.0,1,195.22,0.88,196.97,0.953,187,0.996,0.06,2549,0,89.5,-,Belum ditandai,unset,0.3,1,0,
2026-06-26T00:28:01.706,3395196,612,0.4908666666666666,0.7200666666666666,0.6606000000000001,90.0,5000,198.0,1,195.22,0.88,196.97,0.953,187,0.996,0.06,2549,0,89.5,-,Belum ditandai,unset,0.3,1,0,
2026-06-26T00:28:02.298,3395773,615,0.4908,0.7198666666666667,0.66,90.0,5000,198.0,1,195.02,0.88,196.78,0.953,186,0.991,0.06,2549,0,89.5,-,Belum ditandai,unset,0.3,1,0,
2026-06-26T00:28:02.843,3396308,599,0.4912,0.7199333333333333,0.66,90.0,5000,198.0,1,195.02,0.88,196.78,0.953,186,0.991,0.06,2549,0,89.5,-,Belum ditandai,unset,0.3,1,0,
2026-06-26T00:28:03.405,3396885,625,0.48973333333333335,0.7193333333333333,0.6579333333333334,90.0,5000,198.0,1,195.16,0.879,196.91,0.952,186,0.992,0.06,2549,0,89.5,-,Belum ditandai,unset,0.3,1,0,
2026-06-26T00:28:03.952,3397420,607,0.4886666666666667,0.7188,0.6561333333333333,90.0,5000,198.0,1,195.16,0.879,196.91,0.952,186,0.992,0.06,2549,0,89.5,-,Belum ditandai,unset,0.3,1,0,
2026-06-26T00:28:04.513,3397997,626,0.48806666666666665,0.7169333333333333,0.6503333333333334,90.0,5000,198.0,1,195.28,0.855,197.03,0.929,182,0.994,0.06,2549,0,89.5,-,Belum ditandai,unset,0.3,1,0,
2026-06-26T00:28:05.076,3398573,606,0.4887333333333333,0.7178,0.6537333333333334,90.0,5000,198.0,1,195.22,0.853,196.97,0.927,182,0.996,0.06,2549,0,89.5,-,Belum ditandai,unset,0.3,1,0,
2026-06-26T00:28:05.639,3399108,610,0.4890666666666667,0.717,0.6512666666666667,90.0,5000,198.0,1,195.22,0.853,196.97,0.927,182,0.996,0.06,2549,0,89.5,-,Belum ditandai,unset,0.3,1,0,
2026-06-26T00:28:06.186,3399685,614,0.48846666666666666,0.7162666666666666,0.6491333333333333,90.0,5000,198.0,1,195.11,0.854,196.87,0.928,182,0.996,0.06,2549,0,89.5,-,Belum ditandai,unset,0.3,1,0,
2026-06-26T00:28:06.686,3400220,606,0.4885333333333333,0.7156666666666667,0.6467333333333334,90.0,5000,198.0,1,195.11,0.854,196.87,0.928,182,0.996,0.06,2549,0,89.5,-,Belum ditandai,unset,0.3,1,0,
2026-06-26T00:28:07.183,3400690,559,0.4884,0.7170666666666666,0.6507333333333334,90.0,5000,198.0,1,195.24,0.853,196.99,0.927,182,0.996,0.06,2549,0,89.5,-,Belum ditandai,unset,0.3,1,0,
2026-06-26T00:28:07.732,3401225,612,0.4892,0.7177333333333333,0.6529333333333334,90.0,5000,198.0,1,195.24,0.853,196.99,0.927,182,0.996,0.06,2549,0,89.5,-,Belum ditandai,unset,0.3,1,0,
2026-06-26T00:28:08.293,3401802,591,0.4876,0.7178666666666665,0.6535333333333334,90.0,5000,198.0,1,195.06,0.852,196.82,0.926,181,0.993,0.06,2549,0,89.5,-,Belum ditandai,unset,0.3,1,0,
2026-06-26T00:28:08.856,3402337,608,0.4885333333333333,0.7175999999999999,0.6532,90.0,5000,198.0,1,195.06,0.852,196.82,0.926,181,0.993,0.06,2549,0,89.5,-,Belum ditandai,unset,0.3,1,0,
2026-06-26T00:28:09.415,3402914,624,0.4882666666666667,0.7194,0.659,90.0,5000,198.0,1,195.2,0.852,196.95,0.926,181,0.992,0.06,2549,0,89.5,-,Belum ditandai,unset,0.3,1,0,
2026-06-26T00:28:09.946,3403449,605,0.49139999999999995,0.7213999999999999,0.6643333333333333,90.0,5000,198.0,1,195.2,0.852,196.95,0.926,181,0.992,0.06,2549,0,89.5,-,Belum ditandai,unset,0.3,1,0,
2026-06-26T00:28:10.481,3404026,604,0.49260000000000004,0.7217333333333333,0.6647333333333333,90.0,5000,198.0,1,195.28,0.852,197.03,0.926,181,0.992,0.06,2549,0,89.5,-,Belum ditandai,unset,0.3,1,0,
2026-06-26T00:28:11.105,3404603,613,0.4953333333333333,0.7218,0.6646000000000001,90.0,5000,198.0,1,195.05,0.852,196.81,0.926,181,0.993,0.06,2549,0,89.5,-,Belum ditandai,unset,0.3,1,0,
2026-06-26T00:28:11.604,3405138,616,0.4964,0.7205333333333334,0.6609333333333333,90.0,5000,198.0,1,195.05,0.852,196.81,0.926,181,0.993,0.06,2549,0,89.5,-,Belum ditandai,unset,0.3,1,0,
2026-06-26T00:28:12.196,3405715,606,0.49726666666666663,0.7202,0.6603333333333334,90.0,5000,198.0,1,195.22,0.852,196.97,0.926,181,0.992,0.06,2549,0,89.5,-,Belum ditandai,unset,0.3,1,0,
2026-06-26T00:28:12.694,3406250,659,0.49853333333333333,0.7205999999999999,0.6613333333333333,90.0,5000,198.0,1,195.22,0.852,196.97,0.926,181,0.992,0.06,2549,0,89.5,-,Belum ditandai,unset,0.3,1,0,
2026-06-26T00:28:13.194,3406720,614,0.4953333333333333,0.7204666666666667,0.6608,90.0,5000,198.0,1,195.11,0.852,196.87,0.926,181,0.992,0.06,2549,0,89.5,-,Belum ditandai,unset,0.3,1,0,
2026-06-26T00:28:13.755,3407255,611,0.492,0.7198666666666667,0.6585333333333333,90.0,5000,198.0,1,195.11,0.852,196.87,0.926,181,0.992,0.06,2549,0,89.5,-,Belum ditandai,unset,0.3,1,0,
2026-06-26T00:28:14.319,3407832,613,0.4907333333333333,0.7180666666666666,0.6537333333333334,90.0,5000,198.0,1,195.18,0.851,196.93,0.925,181,0.993,0.06,2549,0,89.5,-,Belum ditandai,unset,0.3,1,0,
2026-06-26T00:28:14.816,3408367,604,0.4882666666666667,0.7177333333333333,0.6531333333333333,90.0,5000,198.0,1,195.18,0.851,196.93,0.925,181,0.993,0.06,2549,0,89.5,-,Belum ditandai,unset,0.3,1,0,
2026-06-26T00:28:15.313,3408837,619,0.48966666666666664,0.7188,0.6567333333333334,90.0,5000,198.0,1,195.23,0.852,196.98,0.926,181,0.992,0.06,2549,0,89.5,-,Belum ditandai,unset,0.3,1,0,
2026-06-26T00:28:15.815,3409372,612,0.4896,0.7203999999999999,0.6611333333333334,90.0,5000,198.0,1,195.23,0.852,196.98,0.926,181,0.992,0.06,2549,0,89.5,-,Belum ditandai,unset,0.3,1,0,
2026-06-26T00:28:16.427,3409949,623,0.49179999999999996,0.7205333333333334,0.6617999999999999,90.0,5000,198.0,1,195.13,0.852,196.89,0.926,181,0.992,0.06,2549,0,89.5,-,Belum ditandai,unset,0.3,1,0,
2026-06-26T00:28:16.928,3410484,610,0.4941333333333333,0.7210666666666666,0.6632666666666667,90.0,5000,198.0,1,195.13,0.852,196.89,0.926,181,0.992,0.06,2549,0,89.5,-,Belum ditandai,unset,0.3,1,0,
2026-06-26T00:28:17.428,3410954,608,0.4948666666666667,0.7197999999999999,0.6592,90.0,5000,198.0,1,195.1,0.853,196.86,0.927,181,0.991,0.06,2549,0,89.5,-,Belum ditandai,unset,0.3,1,0,
2026-06-26T00:28:17.932,3411489,610,0.49246666666666666,0.7173333333333333,0.6516000000000001,90.0,5000,198.0,1,195.1,0.853,196.86,0.927,181,0.991,0.06,2549,0,89.5,-,Belum ditandai,unset,0.3,1,0,
2026-06-26T00:28:18.490,3412066,614,0.4896,0.7162000000000001,0.6480666666666667,90.0,5000,198.0,1,195.09,0.852,196.85,0.926,181,0.992,0.06,2549,0,89.5,-,Belum ditandai,unset,0.3,1,0,
2026-06-26T00:28:19.112,3412642,604,0.4878666666666666,0.7148,0.6442666666666667,90.0,5000,198.0,1,195.2,0.852,196.95,0.926,181,0.992,0.06,2549,0,89.5,-,Belum ditandai,unset,0.3,1,0,
2026-06-26T00:28:19.613,3413178,606,0.4885333333333333,0.7145333333333334,0.6434,90.0,5000,198.0,1,195.2,0.852,196.95,0.926,181,0.992,0.06,2549,0,89.5,-,Belum ditandai,unset,0.3,1,0,
2026-06-26T00:28:20.106,3413647,612,0.4882666666666667,0.7143999999999999,0.6432666666666668,90.0,5000,198.0,1,195.17,0.852,196.92,0.926,181,0.992,0.06,2549,0,89.5,-,Belum ditandai,unset,0.3,1,0,
2026-06-26T00:28:20.720,3414290,599,0.4885333333333333,0.7138666666666666,0.6416000000000001,90.0,5000,198.0,1,195.17,0.852,196.92,0.926,181,0.992,0.06,2549,0,89.5,-,Belum ditandai,unset,0.3,1,0,
2026-06-26T00:28:21.222,3414759,616,0.48813333333333336,0.7135999999999999,0.6410666666666667,90.0,5000,198.0,1,195.24,0.853,196.99,0.927,182,0.996,0.06,2549,0,89.5,-,Belum ditandai,unset,0.3,1,0,
2026-06-26T00:28:21.724,3415294,599,0.486,0.7120666666666666,0.6361333333333333,90.0,5000,198.0,1,195.24,0.853,196.99,0.927,182,0.996,0.06,2549,0,89.5,-,Belum ditandai,unset,0.3,1,0,
2026-06-26T00:28:22.226,3415764,614,0.48586666666666667,0.7118,0.6352,90.0,5000,198.0,1,195.18,0.852,196.93,0.926,181,0.992,0.06,2549,0,89.5,-,Belum ditandai,unset,0.3,1,0,
2026-06-26T00:28:22.723,3416299,606,0.48519999999999996,0.7124,0.6367999999999999,90.0,5000,198.0,1,195.18,0.852,196.93,0.926,181,0.992,0.06,2549,0,89.5,-,Belum ditandai,unset,0.3,1,0,
2026-06-26T00:28:23.221,3416769,618,0.48686666666666667,0.7143333333333334,0.6427333333333334,90.0,5000,198.0,1,195.21,0.852,196.96,0.926,181,0.992,0.06,2549,0,89.5,-,Belum ditandai,unset,0.3,1,0,
2026-06-26T00:28:23.720,3417304,606,0.4877333333333333,0.7158666666666667,0.6478666666666667,90.0,5000,198.0,1,195.21,0.852,196.96,0.926,181,0.992,0.06,2549,0,89.5,-,Belum ditandai,unset,0.3,1,0,
2026-06-26T00:28:24.223,3417774,608,0.4892666666666666,0.717,0.6511333333333333,90.0,5000,198.0,1,195.18,0.851,196.93,0.925,181,0.993,0.06,2549,0,89.5,-,Belum ditandai,unset,0.3,1,0,
2026-06-26T00:28:24.727,3418309,604,0.4908,0.7175333333333334,0.6531333333333333,90.0,5000,198.0,1,195.18,0.851,196.93,0.925,181,0.993,0.06,2549,0,89.5,-,Belum ditandai,unset,0.3,1,0,
2026-06-26T00:28:25.225,3418784,601,0.49013333333333337,0.7184666666666666,0.6556666666666667,90.0,5000,198.0,1,195.17,0.851,196.92,0.925,181,0.993,0.06,2549,0,89.5,-,Belum ditandai,unset,0.3,1,0,
2026-06-26T00:28:25.724,3419319,599,0.4878,0.7174666666666667,0.6527999999999999,90.0,5000,198.0,1,195.17,0.851,196.92,0.925,181,0.993,0.06,2549,0,89.5,-,Belum ditandai,unset,0.3,1,0,
2026-06-26T00:28:26.226,3419794,595,0.48673333333333335,0.7163999999999999,0.6496,90.0,5000,198.0,1,195.21,0.852,196.96,0.926,181,0.992,0.06,2549,0,89.5,-,Belum ditandai,unset,0.3,1,0,
2026-06-26T00:28:26.726,3420329,609,0.4882666666666667,0.7156666666666667,0.6474,90.0,5000,198.0,1,195.21,0.852,196.96,0.926,181,0.992,0.06,2549,0,89.5,-,Belum ditandai,unset,0.3,1,0,
2026-06-26T00:28:27.334,3420906,600,0.4874,0.7141333333333333,0.6427999999999999,90.0,5000,198.0,1,195.07,0.851,196.83,0.925,181,0.994,0.06,2549,0,89.5,-,Belum ditandai,unset,0.3,1,0,
2026-06-26T00:28:27.831,3421441,595,0.48793333333333333,0.7141333333333333,0.6422666666666667,90.0,5000,198.0,1,195.07,0.851,196.83,0.925,181,0.994,0.06,2549,0,89.5,-,Belum ditandai,unset,0.3,1,0,
2026-06-26T00:28:28.335,3421911,607,0.4840666666666667,0.7124,0.6370666666666668,90.0,5000,198.0,1,195.01,0.85,196.77,0.924,181,0.995,0.06,2549,0,89.5,-,Belum ditandai,unset,0.3,1,0,
2026-06-26T00:28:28.833,3422446,613,0.4856666666666667,0.7117333333333333,0.6347333333333334,90.0,5000,198.0,1,195.01,0.85,196.77,0.924,181,0.995,0.06,2549,0,89.5,-,Belum ditandai,unset,0.3,1,0,
2026-06-26T00:28:29.334,3422916,614,0.48673333333333335,0.7115333333333334,0.6342666666666666,90.0,5000,198.0,1,194.94,0.85,196.71,0.924,181,0.995,0.06,2549,0,89.5,-,Belum ditandai,unset,0.3,1,0,
2026-06-26T00:28:29.833,3423451,598,0.4886,0.7127333333333332,0.6379333333333334,90.0,5000,198.0,1,194.94,0.85,196.71,0.924,181,0.995,0.06,2549,0,89.5,-,Belum ditandai,unset,0.3,1,0,
2026-06-26T00:28:30.334,3423921,600,0.489,0.7136666666666667,0.6409333333333334,90.0,5000,198.0,1,195.07,0.85,196.83,0.924,181,0.995,0.06,2549,0,89.5,-,Belum ditandai,unset,0.3,1,0,
2026-06-26T00:28:30.836,3424456,597,0.4885333333333333,0.7130666666666666,0.6396,90.0,5000,198.0,1,195.07,0.85,196.83,0.924,181,0.995,0.06,2549,0,89.5,-,Belum ditandai,unset,0.3,1,0,
2026-06-26T00:28:31.338,3424926,617,0.48893333333333333,0.7132666666666666,0.6400666666666667,90.0,5000,198.0,1,195.01,0.851,196.77,0.925,181,0.994,0.06,2549,0,89.5,-,Belum ditandai,unset,0.3,1,0,
2026-06-26T00:28:31.962,3425568,595,0.4886666666666667,0.7126,0.6382,90.0,5000,198.0,1,195.01,0.851,196.77,0.925,181,0.994,0.06,2549,0,89.5,-,Belum ditandai,unset,0.3,1,0,
2026-06-26T00:28:32.525,3426144,599,0.48719999999999997,0.7130666666666666,0.6394000000000001,90.0,5000,198.0,1,195.01,0.851,196.77,0.925,181,0.994,0.06,2549,0,89.5,-,Belum ditandai,unset,0.3,1,0,
2026-06-26T00:28:33.090,3426721,598,0.48793333333333333,0.7126,0.6383333333333333,90.0,5000,198.0,1,195.07,0.852,196.83,0.926,181,0.993,0.06,2549,0,89.5,-,Belum ditandai,unset,0.3,1,0,
2026-06-26T00:28:33.655,3427256,593,0.48693333333333333,0.7115333333333334,0.6352,90.0,5000,198.0,1,195.07,0.852,196.83,0.926,181,0.993,0.06,2549,0,89.5,-,Belum ditandai,unset,0.3,1,0,
2026-06-26T00:28:34.214,3427833,599,0.486,0.7113333333333334,0.6346666666666666,90.0,5000,198.0,1,195.05,0.852,196.81,0.926,181,0.993,0.06,2549,0,89.5,-,Belum ditandai,unset,0.3,1,0,
2026-06-26T00:28:34.750,3428368,599,0.48346666666666666,0.7110666666666667,0.6335333333333334,90.0,5000,198.0,1,195.05,0.852,196.81,0.926,181,0.993,0.06,2549,0,89.5,-,Belum ditandai,unset,0.3,1,0,
2026-06-26T00:28:35.307,3428945,617,0.4840666666666667,0.7116,0.6348,90.0,5000,198.0,1,195.07,0.851,196.83,0.925,181,0.994,0.06,2549,0,89.5,-,Belum ditandai,unset,0.3,1,0,
2026-06-26T00:28:35.838,3429480,604,0.48460000000000003,0.7106666666666667,0.6316666666666666,90.0,5000,198.0,1,195.07,0.851,196.83,0.925,181,0.994,0.06,2549,0,89.5,-,Belum ditandai,unset,0.3,1,0,
2026-06-26T00:28:36.325,3429950,595,0.48446666666666666,0.7098666666666666,0.6290666666666667,90.0,5000,198.0,1,195.09,0.85,196.85,0.924,181,0.995,0.06,2549,0,89.5,-,Belum ditandai,unset,0.3,1,0,
2026-06-26T00:28:36.869,3430485,604,0.4826,0.7088,0.6257333333333333,90.0,5000,198.0,1,195.09,0.85,196.85,0.924,181,0.995,0.06,2549,0,89.5,-,Belum ditandai,unset,0.3,1,0,
2026-06-26T00:28:37.413,3431061,591,0.48206666666666664,0.7087333333333333,0.626,90.0,5000,198.0,1,195.07,0.851,196.83,0.925,181,0.994,0.06,2549,0,89.5,-,Belum ditandai,unset,0.3,1,0,
2026-06-26T00:28:37.976,3431596,602,0.4814,0.7086666666666666,0.626,90.0,5000,198.0,1,195.07,0.851,196.83,0.925,181,0.994,0.06,2549,0,89.5,-,Belum ditandai,unset,0.3,1,0,
2026-06-26T00:28:38.528,3432173,598,0.4835333333333333,0.7098666666666666,0.6296,90.0,5000,198.0,1,195.08,0.849,196.84,0.923,181,0.996,0.06,2549,0,89.5,-,Belum ditandai,unset,0.3,1,0,
2026-06-26T00:28:39.119,3432750,597,0.48246666666666665,0.7101999999999999,0.6302,90.0,5000,198.0,1,195.1,0.849,196.86,0.923,181,0.996,0.06,2549,0,89.5,-,Belum ditandai,unset,0.3,1,0,
2026-06-26T00:28:39.649,3433285,603,0.48433333333333334,0.7108,0.632,90.0,5000,198.0,1,195.1,0.849,196.86,0.923,181,0.996,0.06,2549,0,89.5,-,Belum ditandai,unset,0.3,1,0,
2026-06-26T00:28:40.219,3433862,606,0.486,0.7106666666666667,0.6316666666666666,90.0,5000,198.0,1,195.17,0.849,196.92,0.923,181,0.995,0.06,2549,0,89.5,-,Belum ditandai,unset,0.3,1,0,
2026-06-26T00:28:40.772,3434397,609,0.4875333333333333,0.7111333333333333,0.6332666666666668,90.0,5000,198.0,1,195.17,0.849,196.92,0.923,181,0.995,0.06,2549,0,89.5,-,Belum ditandai,unset,0.3,1,0,
2026-06-26T00:28:41.319,3434974,615,0.4886,0.7124,0.637,90.0,5000,198.0,1,195.13,0.849,196.89,0.923,181,0.995,0.06,2549,0,89.5,-,Belum ditandai,unset,0.3,1,0,
2026-06-26T00:28:41.864,3435509,606,0.48706666666666665,0.7124,0.6374666666666666,90.0,5000,198.0,1,195.13,0.849,196.89,0.923,181,0.995,0.06,2549,0,89.5,-,Belum ditandai,unset,0.3,1,0,
2026-06-26T00:28:42.364,3435979,609,0.4876,0.7122666666666666,0.6371333333333333,90.0,5000,198.0,1,195.11,0.85,196.87,0.924,181,0.995,0.06,2549,0,89.5,-,Belum ditandai,unset,0.3,1,0,
2026-06-26T00:28:42.890,3436514,598,0.4845333333333333,0.7112666666666666,0.6345333333333334,90.0,5000,198.0,1,195.11,0.85,196.87,0.924,181,0.995,0.06,2549,0,89.5,-,Belum ditandai,unset,0.3,1,0,
2026-06-26T00:28:43.440,3437091,591,0.48393333333333327,0.7111333333333333,0.6338666666666667,90.0,5000,198.0,1,195.1,0.85,196.86,0.924,181,0.995,0.06,2549,0,89.5,-,Belum ditandai,unset,0.3,1,0,
2026-06-26T00:28:43.985,3437626,594,0.482,0.7111999999999999,0.6338,90.0,5000,198.0,1,195.1,0.85,196.86,0.924,181,0.995,0.06,2549,0,89.5,-,Belum ditandai,unset,0.3,1,0,
2026-06-26T00:28:44.546,3438203,603,0.4826,0.7108666666666666,0.6325333333333333,90.0,5000,198.0,1,195.1,0.85,196.86,0.924,181,0.995,0.06,2549,0,89.5,-,Belum ditandai,unset,0.3,1,0,
2026-06-26T00:28:45.139,3438780,602,0.4822666666666667,0.711,0.6327333333333333,90.0,5000,198.0,1,195.23,0.85,196.98,0.924,181,0.994,0.06,2549,0,89.5,-,Belum ditandai,unset,0.3,1,0,
2026-06-26T00:28:45.639,3439315,604,0.48346666666666666,0.7099999999999999,0.6296666666666667,90.0,5000,198.0,1,195.23,0.85,196.98,0.924,181,0.994,0.06,2549,0,89.5,-,Belum ditandai,unset,0.3,1,0,
2026-06-26T00:28:46.137,3439785,604,0.48346666666666666,0.7104666666666667,0.6306666666666667,90.0,5000,198.0,1,195.25,0.851,197.0,0.925,181,0.993,0.06,2549,0,89.5,-,Belum ditandai,unset,0.3,1,0,
2026-06-26T00:28:46.637,3440320,611,0.48473333333333335,0.7105333333333334,0.6311333333333333,90.0,5000,198.0,1,195.25,0.851,197.0,0.925,181,0.993,0.06,2549,0,89.5,-,Belum ditandai,unset,0.3,1,0,
2026-06-26T00:28:47.134,3440789,597,0.4842,0.7093333333333333,0.6276666666666666,90.0,5000,198.0,1,195.25,0.85,197.0,0.924,181,0.994,0.06,2549,0,89.5,-,Belum ditandai,unset,0.3,1,0,
2026-06-26T00:28:47.634,3441325,600,0.48460000000000003,0.7093333333333333,0.6284666666666666,90.0,5000,198.0,1,195.25,0.85,197.0,0.924,181,0.994,0.06,2549,0,89.5,-,Belum ditandai,unset,0.3,1,0,
2026-06-26T00:28:48.255,3441901,594,0.48513333333333336,0.709,0.6274,90.0,5000,198.0,1,195.21,0.85,196.96,0.924,181,0.994,0.06,2549,0,89.5,-,Belum ditandai,unset,0.3,1,0,
2026-06-26T00:28:48.752,3442436,600,0.48460000000000003,0.7099999999999999,0.6301333333333333,90.0,5000,198.0,1,195.21,0.85,196.96,0.924,181,0.994,0.06,2549,0,89.5,-,Belum ditandai,unset,0.3,1,0,
2026-06-26T00:28:49.253,3442906,608,0.4852666666666667,0.7105999999999999,0.632,90.0,5000,198.0,1,195.18,0.851,196.93,0.925,181,0.993,0.06,2549,0,89.5,-,Belum ditandai,unset,0.3,1,0,
2026-06-26T00:28:49.749,3443441,598,0.4826,0.7101333333333333,0.6304,90.0,5000,198.0,1,195.18,0.851,196.93,0.925,181,0.993,0.06,2549,0,89.5,-,Belum ditandai,unset,0.3,1,0,
2026-06-26T00:28:50.249,3443911,609,0.48473333333333335,0.709,0.6272,90.0,5000,198.0,1,195.26,0.849,197.01,0.923,181,0.995,0.06,2549,0,89.5,-,Belum ditandai,unset,0.3,1,0,
2026-06-26T00:28:50.746,3444446,595,0.48333333333333334,0.7091333333333333,0.6275999999999999,90.0,5000,198.0,1,195.26,0.849,197.01,0.923,181,0.995,0.06,2549,0,89.5,-,Belum ditandai,unset,0.3,1,0,
2026-06-26T00:28:51.246,3444916,611,0.48466666666666663,0.7093333333333333,0.6283333333333334,90.0,5000,198.0,1,195.21,0.849,196.96,0.923,181,0.995,0.06,2549,0,89.5,-,Belum ditandai,unset,0.3,1,0,
2026-06-26T00:28:51.745,3445451,594,0.48333333333333334,0.7086666666666666,0.6265333333333333,90.0,5000,198.0,1,195.21,0.849,196.96,0.923,181,0.995,0.06,2549,0,89.5,-,Belum ditandai,unset,0.3,1,0,
2026-06-26T00:28:52.247,3445921,616,0.4856666666666667,0.7087333333333333,0.6268666666666667,90.0,5000,198.0,1,195.22,0.849,196.97,0.923,181,0.995,0.06,2549,0,89.5,-,Belum ditandai,unset,0.3,1,0,
2026-06-26T00:28:52.751,3446456,609,0.48666666666666664,0.7091333333333333,0.6278,90.0,5000,198.0,1,195.22,0.849,196.97,0.923,181,0.995,0.06,2549,0,89.5,-,Belum ditandai,unset,0.3,1,0,
2026-06-26T00:28:53.250,3446926,630,0.4877333333333333,0.7100666666666666,0.6302,90.0,5000,198.0,1,195.23,0.849,196.98,0.923,181,0.995,0.06,2549,0,89.5,-,Belum ditandai,unset,0.3,1,0,
2026-06-26T00:28:53.750,3447461,599,0.48766666666666664,0.7124666666666666,0.6372,90.0,5000,198.0,1,195.23,0.849,196.98,0.923,181,0.995,0.06,2549,0,89.5,-,Belum ditandai,unset,0.3,1,0,
2026-06-26T00:28:54.250,3447931,594,0.48586666666666667,0.7115333333333334,0.6342,90.0,5000,198.0,1,195.26,0.849,197.01,0.923,181,0.995,0.06,2549,0,89.5,-,Belum ditandai,unset,0.3,1,0,
2026-06-26T00:28:54.749,3448466,598,0.4841333333333333,0.7113333333333334,0.6336666666666667,90.0,5000,198.0,1,195.26,0.849,197.01,0.923,181,0.995,0.06,2549,0,89.5,-,Belum ditandai,unset,0.3,1,0,
2026-06-26T00:28:55.247,3448936,599,0.48146666666666665,0.7103333333333333,0.6308666666666667,90.0,5000,198.0,1,195.22,0.849,196.97,0.923,181,0.995,0.06,2549,0,89.5,-,Belum ditandai,unset,0.3,1,0,
2026-06-26T00:28:55.748,3449471,608,0.4823333333333333,0.7101333333333333,0.6305999999999999,90.0,5000,198.0,1,195.22,0.849,196.97,0.923,181,0.995,0.06,2549,0,89.5,-,Belum ditandai,unset,0.3,1,0,
2026-06-26T00:28:56.248,3449941,552,0.48086666666666666,0.7107333333333333,0.6324000000000001,90.0,5000,198.0,1,195.24,0.849,196.99,0.923,181,0.995,0.06,2549,0,89.5,-,Belum ditandai,unset,0.3,1,0,
2026-06-26T00:28:56.802,3450476,603,0.4806666666666667,0.7117333333333333,0.6354666666666666,90.0,5000,198.0,1,195.24,0.849,196.99,0.923,181,0.995,0.06,2549,0,89.5,-,Belum ditandai,unset,0.3,1,0,
2026-06-26T00:28:57.339,3451053,612,0.4842666666666667,0.7151333333333334,0.6456000000000001,90.0,5000,198.0,1,195.24,0.85,196.99,0.924,181,0.994,0.06,2549,0,89.5,-,Belum ditandai,unset,0.3,1,0,
2026-06-26T00:28:57.899,3451588,607,0.4904,0.7184666666666666,0.6558666666666667,90.0,5000,198.0,1,195.24,0.85,196.99,0.924,181,0.994,0.06,2549,0,89.5,-,Belum ditandai,unset,0.3,1,0,
2026-06-26T00:28:58.445,3452165,609,0.49473333333333336,0.7214666666666666,0.6644666666666666,90.0,5000,198.0,1,195.19,0.849,196.94,0.923,181,0.995,0.06,2549,0,89.5,-,Belum ditandai,unset,0.3,1,0,
2026-06-26T00:28:59.007,3452700,601,0.4932666666666667,0.7225333333333332,0.6674666666666667,90.0,5000,198.0,1,195.19,0.849,196.94,0.923,181,0.995,0.06,2549,0,89.5,-,Belum ditandai,unset,0.3,1,0,
2026-06-26T00:28:59.575,3453277,624,0.4925333333333333,0.7225333333333332,0.6674666666666667,90.0,5000,198.0,1,195.27,0.848,197.02,0.922,181,0.996,0.06,2549,0,89.5,-,Belum ditandai,unset,0.3,1,0,
2026-06-26T00:29:00.128,3453854,623,0.4922,0.723,0.6693333333333334,90.0,5000,198.0,1,195.23,0.848,196.98,0.922,181,0.996,0.06,2549,0,89.5,-,Belum ditandai,unset,0.3,1,0,
2026-06-26T00:29:00.689,3454389,588,0.4911333333333333,0.7194,0.6585333333333333,90.0,5000,198.0,1,195.23,0.848,196.98,0.922,181,0.996,0.06,2549,0,89.5,-,Belum ditandai,unset,0.3,1,0,
2026-06-26T00:29:01.249,3454966,621,0.4925333333333333,0.7175999999999999,0.6533333333333334,90.0,5000,198.0,1,195.25,0.848,197.0,0.922,180,0.991,0.06,2549,0,89.5,-,Belum ditandai,unset,0.3,1,0,
2026-06-26T00:29:01.812,3455501,617,0.4965333333333334,0.7178666666666665,0.6539333333333334,90.0,5000,198.0,1,195.25,0.848,197.0,0.922,180,0.991,0.06,2549,0,89.5,-,Belum ditandai,unset,0.3,1,0,
2026-06-26T00:29:02.373,3456078,602,0.49806666666666666,0.7243333333333334,0.6734666666666667,90.0,5000,198.0,1,195.26,0.848,197.01,0.922,181,0.996,0.06,2549,0,89.5,-,Belum ditandai,unset,0.3,1,0,
2026-06-26T00:29:02.874,3456613,610,0.49906666666666666,0.7263333333333333,0.6791333333333334,90.0,5000,198.0,1,195.26,0.848,197.01,0.922,181,0.996,0.06,2549,0,89.5,-,Belum ditandai,unset,0.3,1,0,
2026-06-26T00:29:03.377,3457083,616,0.49446666666666667,0.7245333333333334,0.6738666666666667,90.0,5000,198.0,1,195.24,0.848,196.99,0.922,181,0.996,0.06,2549,0,89.5,-,Belum ditandai,unset,0.3,1,0,
2026-06-26T00:29:03.876,3457618,607,0.4946,0.7211333333333333,0.6635333333333334,90.0,5000,198.0,1,195.24,0.848,196.99,0.922,181,0.996,0.06,2549,0,89.5,-,Belum ditandai,unset,0.3,1,0,
2026-06-26T00:29:04.376,3458088,622,0.4920666666666667,0.72,0.6601333333333333,90.0,5000,198.0,1,195.19,0.848,196.94,0.922,180,0.991,0.06,2549,0,89.5,-,Belum ditandai,unset,0.3,1,0,
2026-06-26T00:29:04.875,3458623,613,0.49273333333333336,0.7203333333333333,0.6612000000000001,90.0,5000,198.0,1,195.19,0.848,196.94,0.922,180,0.991,0.06,2549,0,89.5,-,Belum ditandai,unset,0.3,1,0,
2026-06-26T00:29:05.375,3459093,600,0.4904,0.7204666666666667,0.6614666666666668,90.0,5000,198.0,1,195.28,0.849,197.03,0.923,181,0.995,0.06,2549,0,89.5,-,Belum ditandai,unset,0.3,1,0,
2026-06-26T00:29:05.920,3459628,610,0.4917333333333333,0.7205999999999999,0.662,90.0,5000,198.0,1,195.28,0.849,197.03,0.923,181,0.995,0.06,2549,0,89.5,-,Belum ditandai,unset,0.3,1,0,
2026-06-26T00:29:06.486,3460205,615,0.4895333333333333,0.72,0.6604666666666666,90.0,5000,198.0,1,195.17,0.847,196.92,0.921,180,0.992,0.06,2549,0,89.5,-,Belum ditandai,unset,0.3,1,0,
2026-06-26T00:29:06.986,3460740,655,0.4938,0.7198666666666667,0.6600666666666667,90.0,5000,198.0,1,195.17,0.847,196.92,0.921,180,0.992,0.06,2549,0,89.5,-,Belum ditandai,unset,0.3,1,0,
2026-06-26T00:29:07.487,3461210,611,0.49473333333333336,0.7211333333333333,0.6637333333333333,90.0,5000,198.0,1,195.22,0.847,196.97,0.921,180,0.992,0.06,2549,0,89.5,-,Belum ditandai,unset,0.3,1,0,
2026-06-26T00:29:07.992,3461745,614,0.49779999999999996,0.7238,0.6713333333333333,90.0,5000,198.0,1,195.22,0.847,196.97,0.921,180,0.992,0.06,2549,0,89.5,-,Belum ditandai,unset,0.3,1,0,
2026-06-26T00:29:08.493,3462214,623,0.5002666666666666,0.7272666666666666,0.6818000000000001,90.0,5000,198.0,1,195.22,0.847,196.97,0.921,180,0.992,0.06,2549,0,89.5,-,Belum ditandai,unset,0.3,1,0,
2026-06-26T00:29:08.996,3462749,626,0.5008,0.7324666666666667,0.6972,90.0,5000,198.0,1,195.22,0.847,196.97,0.921,180,0.992,0.06,2549,0,89.5,-,Belum ditandai,unset,0.3,1,0,
2026-06-26T00:29:09.496,3463219,624,0.5032666666666666,0.7394,0.7178666666666668,90.0,5000,198.0,1,195.12,0.845,196.88,0.919,180,0.994,0.06,2549,0,89.5,-,Belum ditandai,unset,0.3,1,0,
2026-06-26T00:29:09.998,3463754,606,0.5028666666666667,0.743,0.7284666666666666,90.0,5000,198.0,1,195.12,0.845,196.88,0.919,180,0.994,0.06,2549,0,89.5,-,Belum ditandai,unset,0.3,1,0,
2026-06-26T00:29:10.496,3464224,659,0.5026666666666667,0.7446666666666667,0.7335999999999999,90.0,5000,198.0,1,195.11,0.844,196.87,0.918,180,0.995,0.06,2549,0,89.5,-,Belum ditandai,unset,0.3,1,0,
2026-06-26T00:29:10.999,3464759,605,0.4982,0.738,0.7136,90.0,5000,198.0,1,195.11,0.844,196.87,0.918,180,0.995,0.06,2549,0,89.5,-,Belum ditandai,unset,0.3,1,0,
2026-06-26T00:29:11.496,3465229,617,0.49633333333333335,0.7328666666666667,0.6980000000000001,90.0,5000,198.0,1,195.07,0.844,196.83,0.918,180,0.996,0.06,2549,0,89.5,-,Belum ditandai,unset,0.3,1,0,
2026-06-26T00:29:11.997,3465764,601,0.4934,0.7253333333333333,0.6756,90.0,5000,198.0,1,195.07,0.844,196.83,0.918,180,0.996,0.06,2549,0,89.5,-,Belum ditandai,unset,0.3,1,0,
2026-06-26T00:29:12.555,3466341,592,0.48639999999999994,0.7173999999999999,0.6517333333333333,90.0,5000,198.0,1,195.02,0.844,196.78,0.918,179,0.99,0.06,2549,0,89.5,-,Belum ditandai,unset,0.3,1,0,
2026-06-26T00:29:13.180,3466917,597,0.48373333333333335,0.7119333333333333,0.6358666666666667,90.0,5000,198.0,1,195.0,0.843,196.76,0.917,179,0.992,0.06,2549,0,89.5,-,Belum ditandai,unset,0.3,1,0,
2026-06-26T00:29:13.677,3467453,599,0.4828,0.7108666666666666,0.6326,90.0,5000,198.0,1,195.0,0.843,196.76,0.917,179,0.992,0.06,2549,0,89.5,-,Belum ditandai,unset,0.3,1,0,
2026-06-26T00:29:14.286,3468029,613,0.48433333333333334,0.7112666666666666,0.6340666666666667,90.0,5000,198.0,1,195.04,0.844,196.8,0.918,180,0.996,0.06,2549,0,89.5,-,Belum ditandai,unset,0.3,1,0,
2026-06-26T00:29:14.784,3468564,604,0.487,0.7171333333333333,0.6514666666666666,90.0,5000,198.0,1,195.04,0.844,196.8,0.918,180,0.996,0.06,2549,0,89.5,-,Belum ditandai,unset,0.3,1,0,
2026-06-26T00:29:15.391,3469141,621,0.4953333333333333,0.7257333333333332,0.6775333333333333,90.0,5000,198.0,1,195.09,0.844,196.85,0.918,180,0.996,0.06,2549,0,89.5,-,Belum ditandai,unset,0.3,1,0,
2026-06-26T00:29:15.890,3469676,650,0.503,0.7391333333333333,0.7175333333333334,90.0,5000,198.0,1,195.09,0.844,196.85,0.918,180,0.996,0.06,2549,0,89.5,-,Belum ditandai,unset,0.3,1,0,
2026-06-26T00:29:16.390,3470146,611,0.5046666666666667,0.743,0.7290666666666666,90.0,5000,198.0,1,194.91,0.845,196.68,0.919,180,0.995,0.06,2549,0,89.5,-,Belum ditandai,unset,0.3,1,0,
2026-06-26T00:29:16.890,3470681,622,0.5049333333333333,0.7404666666666666,0.7218,90.0,5000,198.0,1,194.91,0.845,196.68,0.919,180,0.995,0.06,2549,0,89.5,-,Belum ditandai,unset,0.3,1,0,
2026-06-26T00:29:17.390,3471151,603,0.49979999999999997,0.733,0.6994666666666667,90.0,5000,198.0,1,195.07,0.844,196.83,0.918,180,0.996,0.06,2549,0,89.5,-,Belum ditandai,unset,0.3,1,0,
2026-06-26T00:29:17.893,3471686,589,0.4953333333333333,0.7234666666666667,0.6708666666666667,90.0,5000,198.0,1,195.07,0.844,196.83,0.918,180,0.996,0.06,2549,0,89.5,-,Belum ditandai,unset,0.3,1,0,
2026-06-26T00:29:18.389,3472156,607,0.49133333333333334,0.7208,0.6625333333333334,90.0,5000,198.0,1,195.04,0.844,196.8,0.918,180,0.996,0.06,2549,0,89.5,-,Belum ditandai,unset,0.3,1,0,
2026-06-26T00:29:18.891,3472691,594,0.49046666666666666,0.7194666666666667,0.6583333333333333,90.0,5000,198.0,1,195.04,0.844,196.8,0.918,180,0.996,0.06,2549,0,89.5,-,Belum ditandai,unset,0.3,1,0,
2026-06-26T00:29:19.389,3473160,605,0.48966666666666664,0.7199333333333333,0.6596,90.0,5000,198.0,1,194.95,0.844,196.72,0.918,180,0.996,0.06,2549,0,89.5,-,Belum ditandai,unset,0.3,1,0,
2026-06-26T00:29:19.887,3473695,608,0.49319999999999997,0.7219333333333332,0.6657333333333334,90.0,5000,198.0,1,194.95,0.844,196.72,0.918,180,0.996,0.06,2549,0,89.5,-,Belum ditandai,unset,0.3,1,0,
2026-06-26T00:29:20.388,3474165,620,0.49319999999999997,0.7232,0.67,90.0,5000,198.0,1,194.92,0.844,196.69,0.918,180,0.996,0.06,2549,0,89.5,-,Belum ditandai,unset,0.3,1,0,
2026-06-26T00:29:20.892,3474700,615,0.498,0.7276,0.6829333333333333,90.0,5000,198.0,1,194.92,0.844,196.69,0.918,180,0.996,0.06,2549,0,89.5,-,Belum ditandai,unset,0.3,1,0,
2026-06-26T00:29:21.390,3475170,623,0.49926666666666664,0.7298666666666667,0.6895333333333333,90.0,5000,198.0,1,194.9,0.844,196.67,0.918,179,0.991,0.06,2549,0,89.5,-,Belum ditandai,unset,0.3,1,0,
2026-06-26T00:29:21.891,3475705,608,0.49953333333333333,0.7329333333333333,0.6979333333333333,90.0,5000,198.0,1,194.9,0.844,196.67,0.918,179,0.991,0.06,2549,0,89.5,-,Belum ditandai,unset,0.3,1,0,
2026-06-26T00:29:22.391,3476175,624,0.4986666666666667,0.7335999999999999,0.7000666666666666,90.0,5000,198.0,1,194.97,0.844,196.73,0.918,180,0.996,0.06,2549,0,89.5,-,Belum ditandai,unset,0.3,1,0,
2026-06-26T00:29:22.889,3476710,628,0.5003333333333333,0.7343333333333334,0.7026666666666667,90.0,5000,198.0,1,194.97,0.844,196.73,0.918,180,0.996,0.06,2549,0,89.5,-,Belum ditandai,unset,0.3,1,0,
2026-06-26T00:29:23.498,3477287,632,0.5002,0.7343333333333334,0.7034,90.0,5000,198.0,1,195.01,0.844,196.77,0.918,180,0.996,0.06,2549,0,89.5,-,Belum ditandai,unset,0.3,1,0,
2026-06-26T00:29:23.994,3477822,617,0.5027333333333334,0.7363999999999999,0.7092666666666666,90.0,5000,198.0,1,195.01,0.844,196.77,0.918,180,0.996,0.06,2549,0,89.5,-,Belum ditandai,unset,0.3,1,0,
2026-06-26T00:29:24.496,3478292,628,0.49953333333333333,0.7367333333333334,0.7102666666666667,90.0,5000,198.0,1,195.04,0.844,196.8,0.918,179,0.99,0.06,2549,0,89.5,-,Belum ditandai,unset,0.3,1,0,
2026-06-26T00:29:25.022,3478827,652,0.5044,0.7406,0.7213999999999999,90.0,5000,198.0,1,195.04,0.844,196.8,0.918,179,0.99,0.06,2549,0,89.5,-,Belum ditandai,unset,0.3,1,0,
2026-06-26T00:29:25.520,3479297,627,0.5031333333333333,0.7408666666666667,0.7221333333333333,90.0,5000,198.0,1,195.0,0.845,196.76,0.919,180,0.995,0.06,2549,0,89.5,-,Belum ditandai,unset,0.3,1,0,
2026-06-26T00:29:26.015,3479832,627,0.5084000000000001,0.7411333333333333,0.7235999999999999,90.0,5000,198.0,1,195.0,0.845,196.76,0.919,180,0.995,0.06,2549,0,89.5,-,Belum ditandai,unset,0.3,1,0,
2026-06-26T00:29:26.513,3480301,631,0.508,0.7406666666666666,0.7219333333333332,90.0,5000,198.0,1,194.9,0.843,196.67,0.917,179,0.992,0.06,2549,0,89.5,-,Belum ditandai,unset,0.3,1,0,
2026-06-26T00:29:27.014,3480836,635,0.5124666666666667,0.7434666666666666,0.7302,90.0,5000,198.0,1,194.9,0.843,196.67,0.917,179,0.992,0.06,2549,0,89.5,-,Belum ditandai,unset,0.3,1,0,
2026-06-26T00:29:27.617,3481413,592,0.5092666666666666,0.7454,0.7355333333333333,90.0,5000,198.0,1,195.03,0.845,196.79,0.919,180,0.995,0.06,2549,0,89.5,-,Belum ditandai,unset,0.3,1,0,
2026-06-26T00:29:28.178,3481990,613,0.508,0.7469333333333333,0.7404,90.0,5000,198.0,1,195.04,0.843,196.8,0.917,179,0.991,0.06,2549,0,89.5,-,Belum ditandai,unset,0.3,1,0,
2026-06-26T00:29:28.718,3482525,628,0.5049333333333333,0.7454666666666667,0.7360666666666666,90.0,5000,198.0,1,195.04,0.843,196.8,0.917,179,0.991,0.06,2549,0,89.5,-,Belum ditandai,unset,0.3,1,0,
2026-06-26T00:29:29.259,3483102,614,0.5040666666666667,0.7432666666666666,0.7295333333333333,90.0,5000,198.0,1,194.97,0.843,196.73,0.917,179,0.992,0.06,2549,0,89.5,-,Belum ditandai,unset,0.3,1,0,
2026-06-26T00:29:29.823,3483637,598,0.49906666666666666,0.735,0.7044666666666667,90.0,5000,198.0,1,194.97,0.843,196.73,0.917,179,0.992,0.06,2549,0,89.5,-,Belum ditandai,unset,0.3,1,0,
2026-06-26T00:29:30.367,3484214,621,0.4925333333333333,0.7233999999999999,0.6698666666666667,90.0,5000,198.0,1,195.08,0.827,196.84,0.901,176,0.992,0.06,2549,0,89.5,-,Belum ditandai,unset,0.3,1,0,
2026-06-26T00:29:30.898,3484749,612,0.48819999999999997,0.7151333333333334,0.6452666666666667,90.0,5000,198.0,1,195.08,0.827,196.84,0.901,176,0.992,0.06,2549,0,89.5,-,Belum ditandai,unset,0.3,1,0,
2026-06-26T00:29:31.492,3485326,612,0.4855333333333333,0.7110666666666667,0.6334666666666667,90.0,5000,198.0,1,195.33,0.75,197.08,0.825,162,0.996,0.06,2549,0,89.5,-,Belum ditandai,unset,0.3,1,0,
2026-06-26T00:29:32.053,3485861,603,0.48186666666666667,0.7094,0.6282,90.0,5000,198.0,1,195.33,0.75,197.08,0.825,162,0.996,0.06,2549,0,89.5,-,Belum ditandai,unset,0.3,1,0,
2026-06-26T00:29:32.616,3486438,598,0.4832666666666666,0.7075999999999999,0.6225333333333333,90.0,5000,198.0,1,195.41,0.749,197.15,0.824,161,0.991,0.06,2549,0,89.5,-,Belum ditandai,unset,0.3,1,0,
2026-06-26T00:29:33.175,3487015,605,0.4832666666666666,0.7070666666666666,0.6208666666666667,90.0,5000,198.0,1,195.51,0.75,197.25,0.825,162,0.995,0.06,2549,0,89.5,-,Belum ditandai,unset,0.3,1,0,
2026-06-26T00:29:33.739,3487550,598,0.4842,0.7068666666666666,0.6204,90.0,5000,198.0,1,195.51,0.75,197.25,0.825,162,0.995,0.06,2549,0,89.5,-,Belum ditandai,unset,0.3,1,0,
2026-06-26T00:29:34.300,3488127,606,0.4835333333333333,0.7080666666666666,0.6241333333333333,90.0,5000,198.0,1,195.59,0.75,197.32,0.825,162,0.995,0.06,2549,0,89.5,-,Belum ditandai,unset,0.3,1,0,
2026-06-26T00:29:34.799,3488662,602,0.48473333333333335,0.7085333333333333,0.6254000000000001,90.0,5000,198.0,1,195.59,0.75,197.32,0.825,162,0.995,0.06,2549,0,89.5,-,Belum ditandai,unset,0.3,1,0,
2026-06-26T00:29:35.301,3489132,606,0.48639999999999994,0.7101333333333333,0.6301333333333333,90.0,5000,198.0,1,195.66,0.75,197.39,0.825,162,0.994,0.06,2549,0,89.5,-,Belum ditandai,unset,0.3,1,0,
2026-06-26T00:29:35.800,3489667,623,0.49139999999999995,0.7148,0.6442666666666667,90.0,5000,198.0,1,195.66,0.75,197.39,0.825,162,0.994,0.06,2549,0,89.5,-,Belum ditandai,unset,0.3,1,0,
2026-06-26T00:29:36.296,3490137,616,0.4922666666666667,0.7183333333333334,0.6550666666666667,90.0,5000,198.0,1,195.66,0.75,197.39,0.825,162,0.994,0.06,2549,0,89.5,-,Belum ditandai,unset,0.3,1,0,
2026-06-26T00:29:36.795,3490672,588,0.4945333333333333,0.7227333333333333,0.6686666666666667,90.0,5000,198.0,1,195.66,0.75,197.39,0.825,162,0.994,0.06,2549,0,89.5,-,Belum ditandai,unset,0.3,1,0,
2026-06-26T00:29:37.295,3491142,616,0.4925333333333333,0.7213333333333334,0.6642666666666667,90.0,5000,198.0,1,195.68,0.75,197.41,0.825,162,0.994,0.06,2549,0,89.5,-,Belum ditandai,unset,0.3,1,0,
2026-06-26T00:29:37.795,3491677,583,0.49146666666666666,0.7207333333333333,0.6622666666666668,90.0,5000,198.0,1,195.68,0.75,197.41,0.825,162,0.994,0.06,2549,0,89.5,-,Belum ditandai,unset,0.3,1,0,
2026-06-26T00:29:38.291,3492147,621,0.48846666666666666,0.7194,0.6584000000000001,90.0,5000,198.0,1,195.54,0.75,197.28,0.825,162,0.995,0.06,2549,0,89.5,-,Belum ditandai,unset,0.3,1,0,
2026-06-26T00:29:38.794,3492682,606,0.49066666666666664,0.7204666666666667,0.6619333333333334,90.0,5000,198.0,1,195.54,0.75,197.28,0.825,162,0.995,0.06,2549,0,89.5,-,Belum ditandai,unset,0.3,1,0,
2026-06-26T00:29:39.417,3493259,593,0.4875333333333333,0.7204666666666667,0.6617333333333334,90.0,5000,198.0,1,195.68,0.751,197.41,0.826,162,0.993,0.06,2549,0,89.5,-,Belum ditandai,unset,0.3,1,0,
2026-06-26T00:29:40.041,3493901,614,0.4886666666666667,0.7201333333333333,0.6604666666666666,90.0,5000,198.0,1,195.68,0.751,197.41,0.826,162,0.993,0.06,2549,0,89.5,-,Belum ditandai,unset,0.3,1,0,
2026-06-26T00:29:40.604,3494478,609,0.48966666666666664,0.7188666666666667,0.6566,90.0,5000,198.0,1,195.69,0.752,197.42,0.827,162,0.992,0.06,2549,0,89.5,-,Belum ditandai,unset,0.3,1,0,
2026-06-26T00:29:41.167,3495054,593,0.4886666666666667,0.7186666666666667,0.656,90.0,5000,198.0,1,195.74,0.752,197.47,0.827,162,0.991,0.06,2549,0,89.5,-,Belum ditandai,unset,0.3,1,0,
2026-06-26T00:29:41.729,3495590,601,0.4874,0.7186,0.6559333333333334,90.0,5000,198.0,1,195.74,0.752,197.47,0.827,162,0.991,0.06,2549,0,89.5,-,Belum ditandai,unset,0.3,1,0,
2026-06-26T00:29:42.275,3496167,641,0.4891333333333333,0.7192000000000001,0.6577333333333333,90.0,5000,198.0,1,195.79,0.752,197.51,0.827,162,0.991,0.06,2549,0,89.5,-,Belum ditandai,unset,0.3,1,0,
2026-06-26T00:29:42.837,3496702,568,0.48993333333333333,0.7184,0.6552666666666667,90.0,5000,198.0,1,195.79,0.752,197.51,0.827,162,0.991,0.06,2549,0,89.5,-,Belum ditandai,unset,0.3,1,0,
2026-06-26T00:29:43.400,3497278,607,0.48973333333333335,0.7186666666666667,0.6560666666666667,90.0,5000,198.0,1,195.67,0.753,197.4,0.828,162,0.991,0.06,2549,0,89.5,-,Belum ditandai,unset,0.3,1,0,
2026-06-26T00:29:43.903,3497813,608,0.4914,0.7186,0.6557333333333334,90.0,5000,198.0,1,195.67,0.753,197.4,0.828,162,0.991,0.06,2549,0,89.5,-,Belum ditandai,unset,0.3,1,0,
2026-06-26T00:29:44.405,3498283,613,0.49179999999999996,0.7188666666666667,0.6563333333333333,90.0,5000,198.0,1,195.63,0.754,197.36,0.829,162,0.99,0.06,2549,0,89.5,-,Belum ditandai,unset,0.3,1,0,
2026-06-26T00:29:44.906,3498818,627,0.5015333333333333,0.7208,0.662,90.0,5000,198.0,1,195.63,0.754,197.36,0.829,162,0.99,0.06,2549,0,89.5,-,Belum ditandai,unset,0.3,1,0,
2026-06-26T00:29:45.409,3499288,608,0.4948666666666667,0.7199333333333333,0.6592666666666668,90.0,5000,198.0,1,195.73,0.754,197.46,0.829,163,0.995,0.06,2549,0,89.5,-,Belum ditandai,unset,0.3,1,0,
2026-06-26T00:29:45.908,3499823,600,0.49260000000000004,0.7191333333333333,0.6572666666666667,90.0,5000,198.0,1,195.73,0.754,197.46,0.829,163,0.995,0.06,2549,0,89.5,-,Belum ditandai,unset,0.3,1,0,
2026-06-26T00:29:46.406,3500293,620,0.4882666666666667,0.7185333333333332,0.6554666666666668,90.0,5000,198.0,1,195.69,0.754,197.42,0.829,162,0.989,0.06,2549,0,89.5,-,Belum ditandai,unset,0.3,1,0,
2026-06-26T00:29:46.968,3500828,612,0.4877333333333333,0.7182666666666666,0.6549333333333334,90.0,5000,198.0,1,195.69,0.754,197.42,0.829,162,0.989,0.06,2549,0,89.5,-,Belum ditandai,unset,0.3,1,0,
2026-06-26T00:29:47.530,3501405,621,0.49166666666666664,0.7200666666666666,0.6604,90.0,5000,198.0,1,195.66,0.753,197.39,0.828,162,0.991,0.06,2549,0,89.5,-,Belum ditandai,unset,0.3,1,0,
2026-06-26T00:29:48.028,3501940,593,0.4915333333333333,0.7196666666666667,0.6594666666666668,90.0,5000,198.0,1,195.66,0.753,197.39,0.828,162,0.991,0.06,2549,0,89.5,-,Belum ditandai,unset,0.3,1,0,
2026-06-26T00:29:48.526,3502410,600,0.4958666666666666,0.722,0.6665333333333334,90.0,5000,198.0,1,195.66,0.755,197.39,0.83,163,0.994,0.06,2549,0,89.5,-,Belum ditandai,unset,0.3,1,0,
2026-06-26T00:29:49.211,3503094,611,0.49426666666666663,0.7229333333333333,0.6688,90.0,5000,198.0,1,195.65,0.753,197.38,0.828,162,0.991,0.06,2549,0,89.5,-,Belum ditandai,unset,0.3,1,0,
2026-06-26T00:29:49.712,3503629,614,0.4955333333333333,0.7246,0.6736666666666667,90.0,5000,198.0,1,195.65,0.753,197.38,0.828,162,0.991,0.06,2549,0,89.5,-,Belum ditandai,unset,0.3,1,0,
2026-06-26T00:29:50.209,3504098,641,0.4966666666666667,0.7245333333333334,0.6733333333333335,90.0,5000,198.0,1,195.61,0.753,197.34,0.828,162,0.991,0.06,2549,0,89.5,-,Belum ditandai,unset,0.3,1,0,
2026-06-26T00:29:50.710,3504634,610,0.49646666666666667,0.7238666666666667,0.6714666666666668,90.0,5000,198.0,1,195.61,0.753,197.34,0.828,162,0.991,0.06,2549,0,89.5,-,Belum ditandai,unset,0.3,1,0,
2026-06-26T00:29:51.213,3505103,609,0.49406666666666665,0.7233333333333333,0.6698666666666667,90.0,5000,198.0,1,195.45,0.752,197.19,0.827,162,0.993,0.06,2549,0,89.5,-,Belum ditandai,unset,0.3,1,0,
2026-06-26T00:29:51.710,3505639,607,0.49266666666666664,0.7220666666666666,0.6662,90.0,5000,198.0,1,195.45,0.752,197.19,0.827,162,0.993,0.06,2549,0,89.5,-,Belum ditandai,unset,0.3,1,0,
2026-06-26T00:29:52.210,3506108,624,0.49146666666666666,0.7211333333333333,0.6631333333333334,90.0,5000,198.0,1,195.58,0.753,197.31,0.828,162,0.991,0.06,2549,0,89.5,-,Belum ditandai,unset,0.3,1,0,
2026-06-26T00:29:52.709,3506644,623,0.49233333333333335,0.7200666666666666,0.6598666666666666,90.0,5000,198.0,1,195.58,0.753,197.31,0.828,162,0.991,0.06,2549,0,89.5,-,Belum ditandai,unset,0.3,1,0,
2026-06-26T00:29:53.209,3507113,597,0.49166666666666664,0.7195333333333332,0.6582666666666667,90.0,5000,198.0,1,195.51,0.754,197.25,0.829,162,0.99,0.06,2549,0,89.5,-,Belum ditandai,unset,0.3,1,0,
2026-06-26T00:29:53.711,3507648,617,0.4944,0.7193333333333333,0.6577333333333333,90.0,5000,198.0,1,195.51,0.754,197.25,0.829,162,0.99,0.06,2549,0,89.5,-,Belum ditandai,unset,0.3,1,0,
2026-06-26T00:29:54.213,3508118,590,0.49166666666666664,0.718,0.6536666666666666,90.0,5000,198.0,1,195.5,0.754,197.24,0.829,162,0.99,0.06,2549,0,89.5,-,Belum ditandai,unset,0.3,1,0,
2026-06-26T00:29:54.714,3508653,605,0.4907333333333333,0.7167333333333333,0.65,90.0,5000,198.0,1,195.5,0.754,197.24,0.829,162,0.99,0.06,2549,0,89.5,-,Belum ditandai,unset,0.3,1,0,
2026-06-26T00:29:55.216,3509123,600,0.49133333333333334,0.7167333333333333,0.6500666666666668,90.0,5000,198.0,1,195.45,0.753,197.19,0.828,162,0.992,0.06,2549,0,89.5,-,Belum ditandai,unset,0.3,1,0,
2026-06-26T00:29:55.718,3509658,601,0.49333333333333335,0.7189333333333333,0.6570666666666667,90.0,5000,198.0,1,195.45,0.753,197.19,0.828,162,0.992,0.06,2549,0,89.5,-,Belum ditandai,unset,0.3,1,0,
2026-06-26T00:29:56.219,3510128,600,0.4917333333333333,0.7204666666666667,0.6616000000000001,90.0,5000,198.0,1,195.45,0.753,197.19,0.828,162,0.992,0.06,2549,0,89.5,-,Belum ditandai,unset,0.3,1,0,
2026-06-26T00:29:56.724,3510663,632,0.49393333333333334,0.7206666666666666,0.6620666666666667,90.0,5000,198.0,1,195.45,0.753,197.19,0.828,162,0.992,0.06,2549,0,89.5,-,Belum ditandai,unset,0.3,1,0,
2026-06-26T00:29:57.336,3511240,632,0.4936666666666667,0.7218,0.6650666666666667,90.0,5000,198.0,1,195.58,0.754,197.31,0.829,162,0.99,0.06,2549,0,89.5,-,Belum ditandai,unset,0.3,1,0,
2026-06-26T00:29:57.834,3511775,606,0.4938666666666666,0.7204666666666667,0.661,90.0,5000,198.0,1,195.58,0.754,197.31,0.829,162,0.99,0.06,2549,0,89.5,-,Belum ditandai,unset,0.3,1,0,
2026-06-26T00:29:58.336,3512245,609,0.49313333333333337,0.7215333333333334,0.6643333333333333,90.0,5000,198.0,1,195.58,0.752,197.31,0.827,162,0.992,0.07,2549,0,89.5,-,Belum ditandai,unset,0.3,1,0,
2026-06-26T00:29:58.837,3512780,589,0.49260000000000004,0.7209333333333333,0.6626,90.0,5000,198.0,1,195.58,0.752,197.31,0.827,162,0.992,0.07,2549,0,89.5,-,Belum ditandai,unset,0.3,1,0,
2026-06-26T00:29:59.337,3513249,608,0.49246666666666666,0.7215333333333334,0.6646000000000001,90.0,5000,198.0,1,195.63,0.751,197.36,0.826,162,0.993,0.07,2549,0,89.5,-,Belum ditandai,unset,0.3,1,0,
2026-06-26T00:29:59.962,3513891,624,0.4935333333333333,0.7220666666666666,0.6662,90.0,5000,198.0,1,195.63,0.751,197.36,0.826,162,0.993,0.07,2549,0,89.5,-,Belum ditandai,unset,0.3,1,0,
2026-06-26T00:30:00.528,3514468,575,0.4898666666666667,0.7224,0.6673333333333333,90.0,5000,198.0,1,195.64,0.751,197.37,0.826,162,0.993,0.07,2549,0,89.5,-,Belum ditandai,unset,0.3,1,0,
2026-06-26T00:30:01.028,3515003,623,0.4918666666666667,0.7232666666666667,0.6700666666666667,90.0,5000,198.0,1,195.64,0.751,197.37,0.826,162,0.993,0.07,2549,0,89.5,-,Belum ditandai,unset,0.3,1,0,
2026-06-26T00:30:01.530,3515473,621,0.4916,0.7222666666666666,0.6669333333333334,90.0,5000,198.0,1,195.6,0.752,197.33,0.827,162,0.992,0.07,2549,0,89.5,-,Belum ditandai,unset,0.3,1,0,
2026-06-26T00:30:02.029,3516008,607,0.49646666666666667,0.7227999999999999,0.6684666666666668,90.0,5000,198.0,1,195.6,0.752,197.33,0.827,162,0.992,0.07,2549,0,89.5,-,Belum ditandai,unset,0.3,1,0,
2026-06-26T00:30:02.529,3516478,601,0.49773333333333336,0.7214666666666666,0.6643333333333333,90.0,5000,198.0,1,195.61,0.752,197.34,0.827,162,0.992,0.07,2549,0,89.5,-,Belum ditandai,unset,0.3,1,0,
2026-06-26T00:30:03.091,3517013,618,0.4987333333333333,0.7202666666666667,0.6609333333333333,90.0,5000,198.0,1,195.61,0.752,197.34,0.827,162,0.992,0.07,2549,0,89.5,-,Belum ditandai,unset,0.3,1,0,
2026-06-26T00:30:03.656,3517590,588,0.4908666666666666,0.7184666666666666,0.6555333333333333,90.0,5000,198.0,1,195.57,0.752,197.3,0.827,162,0.992,0.07,2549,0,89.5,-,Belum ditandai,unset,0.3,1,0,
2026-06-26T00:30:04.218,3518167,621,0.4918666666666667,0.7196666666666667,0.6592,90.0,5000,198.0,1,195.6,0.755,197.33,0.83,163,0.995,0.07,2549,0,89.5,-,Belum ditandai,unset,0.3,1,0,
2026-06-26T00:30:04.718,3518702,623,0.49179999999999996,0.7197333333333333,0.6592,90.0,5000,198.0,1,195.6,0.755,197.33,0.83,163,0.995,0.07,2549,0,89.5,-,Belum ditandai,unset,0.3,1,0,
2026-06-26T00:30:05.217,3519171,622,0.49606666666666666,0.7216,0.6649333333333334,90.0,5000,198.0,1,195.56,0.755,197.29,0.83,163,0.995,0.07,2549,0,89.5,-,Belum ditandai,unset,0.3,1,0,
2026-06-26T00:30:05.716,3519707,595,0.49806666666666666,0.7214666666666666,0.6646000000000001,90.0,5000,198.0,1,195.56,0.755,197.29,0.83,163,0.995,0.07,2549,0,89.5,-,Belum ditandai,unset,0.3,1,0,
2026-06-26T00:30:06.217,3520176,617,0.4974,0.7214666666666666,0.6650000000000001,90.0,5000,198.0,1,195.49,0.755,197.23,0.83,163,0.995,0.07,2549,0,89.5,-,Belum ditandai,unset,0.3,1,0,
2026-06-26T00:30:06.719,3520712,614,0.4928666666666667,0.72,0.6610666666666667,90.0,5000,198.0,1,195.49,0.755,197.23,0.83,163,0.995,0.07,2549,0,89.5,-,Belum ditandai,unset,0.3,1,0,
2026-06-26T00:30:07.220,3521181,604,0.4906,0.7193333333333333,0.6586000000000001,90.0,5000,198.0,1,195.47,0.755,197.21,0.83,163,0.995,0.07,2549,0,89.5,-,Belum ditandai,unset,0.3,1,0,
2026-06-26T00:30:07.724,3521716,620,0.49466666666666664,0.7200666666666666,0.6603333333333334,90.0,5000,198.0,1,195.47,0.755,197.21,0.83,163,0.995,0.07,2549,0,89.5,-,Belum ditandai,unset,0.3,1,0,
2026-06-26T00:30:08.224,3522186,618,0.4966,0.7213333333333334,0.6638000000000001,90.0,5000,198.0,1,195.49,0.755,197.23,0.83,163,0.995,0.07,2549,0,89.5,-,Belum ditandai,unset,0.3,1,0,
2026-06-26T00:30:08.727,3522721,598,0.4958,0.7204666666666667,0.6615333333333333,90.0,5000,198.0,1,195.49,0.755,197.23,0.83,163,0.995,0.07,2549,0,89.5,-,Belum ditandai,unset,0.3,1,0,
2026-06-26T00:30:09.227,3523191,617,0.49546666666666667,0.7197333333333333,0.6596,90.0,5000,198.0,1,195.54,0.753,197.28,0.828,162,0.991,0.07,2549,0,89.5,-,Belum ditandai,unset,0.3,1,0,
2026-06-26T00:30:09.771,3523726,601,0.4916,0.7179333333333333,0.6544000000000001,90.0,5000,198.0,1,195.54,0.753,197.28,0.828,162,0.991,0.07,2549,0,89.5,-,Belum ditandai,unset,0.3,1,0,
2026-06-26T00:30:10.332,3524303,611,0.49273333333333336,0.7182666666666666,0.6551333333333333,90.0,5000,198.0,1,195.5,0.752,197.24,0.827,162,0.993,0.07,2549,0,89.5,-,Belum ditandai,unset,0.3,1,0,
2026-06-26T00:30:10.832,3524838,595,0.49139999999999995,0.7184666666666666,0.6555333333333333,90.0,5000,198.0,1,195.5,0.752,197.24,0.827,162,0.993,0.07,2549,0,89.5,-,Belum ditandai,unset,0.3,1,0,
2026-06-26T00:30:11.335,3525308,628,0.4949333333333333,0.7200666666666666,0.6600666666666667,90.0,5000,198.0,1,195.56,0.752,197.29,0.827,162,0.992,0.07,2549,0,89.5,-,Belum ditandai,unset,0.3,1,0,
2026-06-26T00:30:11.832,3525843,596,0.4951333333333333,0.7203333333333333,0.6609333333333333,90.0,5000,198.0,1,195.56,0.752,197.29,0.827,162,0.992,0.07,2549,0,89.5,-,Belum ditandai,unset,0.3,1,0,
2026-06-26T00:30:12.353,3526312,671,0.4971333333333333,0.7213333333333334,0.6641333333333334,90.0,5000,198.0,1,195.52,0.752,197.26,0.827,162,0.993,0.07,2549,0,89.5,-,Belum ditandai,unset,0.3,1,0,
2026-06-26T00:30:12.855,3526847,615,0.4962,0.7230666666666666,0.6694,90.0,5000,198.0,1,195.52,0.752,197.26,0.827,162,0.993,0.07,2549,0,89.5,-,Belum ditandai,unset,0.3,1,0,
2026-06-26T00:30:13.354,3527317,628,0.49479999999999996,0.7217333333333333,0.6654666666666668,90.0,5000,198.0,1,195.48,0.752,197.22,0.827,162,0.993,0.07,2549,0,89.5,-,Belum ditandai,unset,0.3,1,0,
2026-06-26T00:30:13.978,3527959,611,0.49406666666666665,0.7223333333333333,0.6666000000000001,90.0,5000,198.0,1,195.48,0.752,197.22,0.827,162,0.993,0.07,2549,0,89.5,-,Belum ditandai,unset,0.3,1,0,
2026-06-26T00:30:14.508,3528536,609,0.4936666666666667,0.72,0.6598,90.0,5000,198.0,1,195.42,0.753,197.16,0.828,162,0.992,0.07,2549,0,89.5,-,Belum ditandai,unset,0.3,1,0,
2026-06-26T00:30:15.069,3529071,599,0.49233333333333335,0.7216666666666666,0.6651333333333334,90.0,5000,198.0,1,195.42,0.753,197.16,0.828,162,0.992,0.07,2549,0,89.5,-,Belum ditandai,unset,0.3,1,0,
2026-06-26T00:30:15.615,3529648,622,0.49139999999999995,0.7206666666666666,0.6628666666666667,90.0,5000,198.0,1,195.45,0.753,197.19,0.828,162,0.992,0.07,2549,0,89.5,-,Belum ditandai,unset,0.3,1,0,
2026-06-26T00:30:16.224,3530225,631,0.49260000000000004,0.7218,0.6660666666666667,90.0,5000,198.0,1,195.48,0.753,197.22,0.828,162,0.992,0.07,2549,0,89.5,-,Belum ditandai,unset,0.3,1,0,
2026-06-26T00:30:16.784,3530760,602,0.4936,0.7199333333333333,0.6605333333333334,90.0,5000,198.0,1,195.48,0.753,197.22,0.828,162,0.992,0.07,2549,0,89.5,-,Belum ditandai,unset,0.3,1,0,
2026-06-26T00:30:17.344,3531337,588,0.49266666666666664,0.7188,0.6564666666666668,90.0,5000,198.0,1,195.45,0.752,197.19,0.827,162,0.993,0.07,2549,0,89.5,-,Belum ditandai,unset,0.3,1,0,
2026-06-26T00:30:17.844,3531872,601,0.48960000000000004,0.7182666666666666,0.6548,90.0,5000,198.0,1,195.45,0.752,197.19,0.827,162,0.993,0.07,2549,0,89.5,-,Belum ditandai,unset,0.3,1,0,
2026-06-26T00:30:18.343,3532342,608,0.4856,0.7188666666666667,0.6564666666666668,90.0,5000,198.0,1,195.53,0.752,197.27,0.827,162,0.992,0.07,2549,0,89.5,-,Belum ditandai,unset,0.3,1,0,
2026-06-26T00:30:18.840,3532877,590,0.48386666666666667,0.7213333333333334,0.6642666666666667,90.0,5000,198.0,1,195.53,0.752,197.27,0.827,162,0.992,0.07,2549,0,89.5,-,Belum ditandai,unset,0.3,1,0,
2026-06-26T00:30:19.340,3533346,658,0.48886666666666667,0.7220666666666666,0.6666000000000001,90.0,5000,198.0,1,195.59,0.752,197.32,0.827,162,0.992,0.07,2549,0,89.5,-,Belum ditandai,unset,0.3,1,0,
2026-06-26T00:30:19.837,3533881,623,0.4932666666666667,0.7231333333333333,0.67,90.0,5000,198.0,1,195.59,0.752,197.32,0.827,162,0.992,0.07,2549,0,89.5,-,Belum ditandai,unset,0.3,1,0,
2026-06-26T00:30:20.461,3534458,603,0.4936666666666667,0.7215333333333334,0.6648666666666667,90.0,5000,198.0,1,195.62,0.752,197.35,0.827,162,0.992,0.07,2549,0,89.5,-,Belum ditandai,unset,0.3,1,0,
2026-06-26T00:30:20.963,3534993,620,0.4916,0.7222000000000001,0.6668000000000001,90.0,5000,198.0,1,195.62,0.752,197.35,0.827,162,0.992,0.07,2549,0,89.5,-,Belum ditandai,unset,0.3,1,0,
2026-06-26T00:30:21.462,3535463,607,0.49106666666666665,0.7208,0.6622,90.0,5000,198.0,1,195.56,0.752,197.29,0.827,162,0.992,0.07,2549,0,89.5,-,Belum ditandai,unset,0.3,1,0,
2026-06-26T00:30:22.088,3536105,608,0.48973333333333335,0.7155333333333332,0.6463333333333333,90.0,5000,198.0,1,195.56,0.752,197.29,0.827,162,0.992,0.07,2549,0,89.5,-,Belum ditandai,unset,0.3,1,0,
2026-06-26T00:30:22.648,3536682,616,0.49166666666666664,0.7111333333333333,0.6331333333333333,90.0,5000,198.0,1,195.61,0.752,197.34,0.827,162,0.992,0.07,2549,0,89.5,-,Belum ditandai,unset,0.3,1,0,
2026-06-26T00:30:23.208,3537259,610,0.4920666666666667,0.7125333333333332,0.6372666666666668,90.0,5000,198.0,1,195.64,0.752,197.37,0.827,162,0.992,0.07,2549,0,89.5,-,Belum ditandai,unset,0.3,1,0,
2026-06-26T00:30:23.770,3537794,621,0.4907333333333333,0.7156666666666667,0.6472,90.0,5000,198.0,1,195.64,0.752,197.37,0.827,162,0.992,0.07,2549,0,89.5,-,Belum ditandai,unset,0.3,1,0,
2026-06-26T00:30:24.332,3538371,643,0.492,0.7196,0.6588666666666667,90.0,5000,198.0,1,195.64,0.752,197.37,0.827,162,0.992,0.07,2549,0,89.5,-,Belum ditandai,unset,0.3,1,0,
2026-06-26T00:30:24.895,3538906,606,0.4936,0.7205333333333334,0.6618666666666667,90.0,5000,198.0,1,195.64,0.752,197.37,0.827,162,0.992,0.07,2549,0,89.5,-,Belum ditandai,unset,0.3,1,0,
2026-06-26T00:30:25.463,3539483,609,0.499,0.7217333333333333,0.6650666666666667,90.0,5000,198.0,1,195.56,0.752,197.29,0.827,162,0.992,0.07,2549,0,89.5,-,Belum ditandai,unset,0.3,1,0,
2026-06-26T00:30:25.964,3540018,596,0.4936,0.7189333333333333,0.6567333333333334,90.0,5000,198.0,1,195.56,0.752,197.29,0.827,162,0.992,0.07,2549,0,89.5,-,Belum ditandai,unset,0.3,1,0,
2026-06-26T00:30:26.524,3540594,605,0.4944,0.7177333333333333,0.6534,90.0,5000,198.0,1,195.6,0.752,197.33,0.827,162,0.992,0.07,2549,0,89.5,-,Belum ditandai,unset,0.3,1,0,
2026-06-26T00:30:27.090,3541129,596,0.4919333333333333,0.7194,0.6582000000000001,90.0,5000,198.0,1,195.6,0.752,197.33,0.827,162,0.992,0.07,2549,0,89.5,-,Belum ditandai,unset,0.3,1,0,
2026-06-26T00:30:27.656,3541706,629,0.49606666666666666,0.7246666666666666,0.6739333333333334,90.0,5000,198.0,1,195.62,0.751,197.35,0.826,162,0.993,0.07,2549,0,89.5,-,Belum ditandai,unset,0.3,1,0,
2026-06-26T00:30:28.220,3542283,607,0.4951333333333333,0.7259333333333333,0.6774,90.0,5000,198.0,1,195.57,0.752,197.3,0.827,162,0.992,0.07,2549,0,89.5,-,Belum ditandai,unset,0.3,1,0,
2026-06-26T00:30:28.782,3542818,610,0.4941333333333333,0.7253333333333333,0.6758000000000001,90.0,5000,198.0,1,195.57,0.752,197.3,0.827,162,0.992,0.07,2549,0,89.5,-,Belum ditandai,unset,0.3,1,0,
2026-06-26T00:30:29.342,3543395,622,0.49606666666666666,0.7242666666666666,0.6728000000000001,90.0,5000,198.0,1,195.53,0.753,197.27,0.828,162,0.991,0.07,2549,0,89.5,-,Belum ditandai,unset,0.3,1,0,
2026-06-26T00:30:29.843,3543930,615,0.49566666666666664,0.7249333333333332,0.6746666666666667,90.0,5000,198.0,1,195.53,0.753,197.27,0.828,162,0.991,0.07,2549,0,89.5,-,Belum ditandai,unset,0.3,1,0,
2026-06-26T00:30:30.341,3544399,577,0.4987333333333333,0.7252,0.6753333333333333,90.0,5000,198.0,1,195.5,0.753,197.24,0.828,162,0.991,0.07,2549,0,89.5,-,Belum ditandai,unset,0.3,1,0,
2026-06-26T00:30:30.901,3544934,598,0.4958666666666666,0.7248666666666667,0.6744,90.0,5000,198.0,1,195.5,0.753,197.24,0.828,162,0.991,0.07,2549,0,89.5,-,Belum ditandai,unset,0.3,1,0,
2026-06-26T00:30:31.461,3545511,612,0.49766666666666665,0.7242,0.6723333333333333,90.0,5000,198.0,1,195.5,0.753,197.24,0.828,162,0.991,0.07,2549,0,89.5,-,Belum ditandai,unset,0.3,1,0,
2026-06-26T00:30:31.960,3546046,615,0.4925333333333333,0.7224666666666667,0.6673333333333333,90.0,5000,198.0,1,195.5,0.753,197.24,0.828,162,0.991,0.07,2549,0,89.5,-,Belum ditandai,unset,0.3,1,0,
2026-06-26T00:30:32.459,3546516,621,0.4919333333333333,0.7212,0.6633333333333334,90.0,5000,198.0,1,195.5,0.753,197.24,0.828,162,0.991,0.07,2549,0,89.5,-,Belum ditandai,unset,0.3,1,0,
2026-06-26T00:30:32.960,3547051,601,0.48946666666666666,0.7205333333333334,0.6618666666666667,90.0,5000,198.0,1,195.5,0.753,197.24,0.828,162,0.991,0.07,2549,0,89.5,-,Belum ditandai,unset,0.3,1,0,
2026-06-26T00:30:33.459,3547521,612,0.4922,0.7192666666666666,0.6578666666666667,90.0,5000,198.0,1,195.49,0.753,197.23,0.828,162,0.992,0.07,2549,0,89.5,-,Belum ditandai,unset,0.3,1,0,
2026-06-26T00:30:33.957,3548056,599,0.4919333333333333,0.7186,0.656,90.0,5000,198.0,1,195.49,0.753,197.23,0.828,162,0.992,0.07,2549,0,89.5,-,Belum ditandai,unset,0.3,1,0,
2026-06-26T00:30:34.457,3548525,612,0.4891333333333333,0.7178666666666665,0.6535333333333334,90.0,5000,198.0,1,195.53,0.753,197.27,0.828,162,0.991,0.07,2549,0,89.5,-,Belum ditandai,unset,0.3,1,0,
2026-06-26T00:30:34.957,3549060,620,0.4905333333333333,0.7200666666666666,0.6598,90.0,5000,198.0,1,195.53,0.753,197.27,0.828,162,0.991,0.07,2549,0,89.5,-,Belum ditandai,unset,0.3,1,0,
2026-06-26T00:30:35.456,3549530,607,0.4920666666666667,0.7213333333333334,0.664,90.0,5000,198.0,1,195.36,0.753,197.1,0.828,162,0.992,0.07,2549,0,89.5,-,Belum ditandai,unset,0.3,1,0,
2026-06-26T00:30:35.956,3550065,595,0.49260000000000004,0.7205999999999999,0.6616,90.0,5000,198.0,1,195.36,0.753,197.1,0.828,162,0.992,0.07,2549,0,89.5,-,Belum ditandai,unset,0.3,1,0,
2026-06-26T00:30:36.458,3550540,586,0.4916,0.7177333333333333,0.6530666666666666,90.0,5000,198.0,1,195.39,0.752,197.13,0.827,162,0.993,0.07,2549,0,89.5,-,Belum ditandai,unset,0.3,1,0,
2026-06-26T00:30:36.961,3551075,580,0.4836,0.7099333333333333,0.6294000000000001,90.0,5000,198.0,1,195.39,0.752,197.13,0.827,162,0.993,0.07,2549,0,89.5,-,Belum ditandai,unset,0.3,1,0,
2026-06-26T00:30:37.461,3551550,590,0.48160000000000003,0.707,0.6208666666666667,90.0,5000,198.0,1,195.38,0.752,197.12,0.827,162,0.993,0.07,2549,0,89.5,-,Belum ditandai,unset,0.3,1,0,
2026-06-26T00:30:38.026,3552085,603,0.482,0.7087333333333333,0.626,90.0,5000,198.0,1,195.38,0.752,197.12,0.827,162,0.993,0.07,2549,0,89.5,-,Belum ditandai,unset,0.3,1,0,
2026-06-26T00:30:38.584,3552662,592,0.4827333333333333,0.7152,0.6456666666666667,90.0,5000,198.0,1,195.4,0.752,197.14,0.827,162,0.993,0.07,2549,0,89.5,-,Belum ditandai,unset,0.3,1,0,
2026-06-26T00:30:39.085,3553197,563,0.4841333333333333,0.7202,0.6605333333333334,90.0,5000,198.0,1,195.4,0.752,197.14,0.827,162,0.993,0.07,2549,0,89.5,-,Belum ditandai,unset,0.3,1,0,
2026-06-26T00:30:39.584,3553667,609,0.4839333333333334,0.7198666666666667,0.6595333333333334,90.0,5000,198.0,1,195.53,0.751,197.27,0.826,162,0.994,0.07,2549,0,89.5,-,Belum ditandai,unset,0.3,1,0,
2026-06-26T00:30:40.084,3554202,605,0.48886666666666667,0.7206666666666666,0.6619333333333334,90.0,5000,198.0,1,195.53,0.751,197.27,0.826,162,0.994,0.07,2549,0,89.5,-,Belum ditandai,unset,0.3,1,0,
2026-06-26T00:30:40.589,3554672,605,0.4876,0.7199333333333333,0.6596,90.0,5000,198.0,1,195.49,0.751,197.23,0.826,162,0.994,0.07,2549,0,89.5,-,Belum ditandai,unset,0.3,1,0,
2026-06-26T00:30:41.273,3555355,592,0.4925333333333333,0.7222000000000001,0.666,90.0,5000,198.0,1,195.52,0.751,197.26,0.826,162,0.994,0.07,2549,0,89.5,-,Belum ditandai,unset,0.3,1,0,
2026-06-26T00:30:41.772,3555890,632,0.4962,0.7230666666666666,0.6688666666666667,90.0,5000,198.0,1,195.52,0.751,197.26,0.826,162,0.994,0.07,2549,0,89.5,-,Belum ditandai,unset,0.3,1,0,
2026-06-26T00:30:42.270,3556360,580,0.49606666666666666,0.7238666666666667,0.6712,90.0,5000,198.0,1,195.45,0.752,197.19,0.827,162,0.993,0.07,2549,0,89.5,-,Belum ditandai,unset,0.3,1,0,
2026-06-26T00:30:42.770,3556895,607,0.4932666666666667,0.7231333333333333,0.6692,90.0,5000,198.0,1,195.45,0.752,197.19,0.827,162,0.993,0.07,2549,0,89.5,-,Belum ditandai,unset,0.3,1,0,
2026-06-26T00:30:43.271,3557365,578,0.48966666666666664,0.7217333333333333,0.6649333333333334,90.0,5000,198.0,1,195.38,0.751,197.12,0.826,162,0.994,0.07,2549,0,89.5,-,Belum ditandai,unset,0.3,1,0,
2026-06-26T00:30:43.768,3557900,613,0.4891333333333333,0.7187333333333332,0.6558666666666667,90.0,5000,198.0,1,195.38,0.751,197.12,0.826,162,0.994,0.07,2549,0,89.5,-,Belum ditandai,unset,0.3,1,0,
2026-06-26T00:30:44.268,3558370,618,0.49019999999999997,0.7165333333333332,0.6496,90.0,5000,198.0,1,195.48,0.752,197.22,0.827,162,0.993,0.07,2549,0,89.5,-,Belum ditandai,unset,0.3,1,0,
2026-06-26T00:30:44.767,3558905,578,0.48693333333333333,0.7132666666666666,0.6398666666666667,90.0,5000,198.0,1,195.48,0.752,197.22,0.827,162,0.993,0.07,2549,0,89.5,-,Belum ditandai,unset,0.3,1,0,
2026-06-26T00:30:45.270,3559374,605,0.48593333333333333,0.7116,0.6347333333333334,90.0,5000,198.0,1,195.47,0.752,197.21,0.827,162,0.993,0.07,2549,0,89.5,-,Belum ditandai,unset,0.3,1,0,
2026-06-26T00:30:45.769,3559910,598,0.484,0.7089333333333333,0.6267333333333334,90.0,5000,198.0,1,195.47,0.752,197.21,0.827,162,0.993,0.07,2549,0,89.5,-,Belum ditandai,unset,0.3,1,0,
2026-06-26T00:30:46.268,3560379,556,0.48186666666666667,0.7085333333333333,0.6255333333333333,90.0,5000,198.0,1,195.47,0.753,197.21,0.828,162,0.992,0.07,2549,0,89.5,-,Belum ditandai,unset,0.3,1,0,
2026-06-26T00:30:46.769,3560915,586,0.47873333333333334,0.7028666666666666,0.6089333333333333,90.0,5000,198.0,1,195.47,0.753,197.21,0.828,162,0.992,0.07,2549,0,89.5,-,Belum ditandai,unset,0.3,1,0,
2026-06-26T00:30:47.269,3561384,643,0.4789333333333333,0.7021333333333334,0.6064,90.0,5000,198.0,1,195.51,0.753,197.25,0.828,162,0.991,0.07,2549,0,89.5,-,Belum ditandai,unset,0.3,1,0,
2026-06-26T00:30:47.770,3561919,598,0.47713333333333335,0.7012666666666667,0.6037333333333332,90.0,5000,198.0,1,195.51,0.753,197.25,0.828,162,0.991,0.07,2549,0,89.5,-,Belum ditandai,unset,0.3,1,0,
2026-06-26T00:30:48.272,3562389,624,0.48366666666666663,0.7041999999999999,0.6122666666666666,90.0,5000,198.0,1,195.49,0.753,197.23,0.828,162,0.992,0.07,2549,0,89.5,-,Belum ditandai,unset,0.3,1,0,
2026-06-26T00:30:48.775,3562924,591,0.48506666666666665,0.707,0.6208666666666667,90.0,5000,198.0,1,195.49,0.753,197.23,0.828,162,0.992,0.07,2549,0,89.5,-,Belum ditandai,unset,0.3,1,0,
2026-06-26T00:30:49.278,3563394,612,0.4856666666666667,0.7092666666666666,0.6282,90.0,5000,198.0,1,195.6,0.755,197.33,0.83,163,0.995,0.07,2549,0,89.5,-,Belum ditandai,unset,0.3,1,0,
2026-06-26T00:30:49.778,3563929,608,0.48306666666666664,0.7128,0.6386666666666667,90.0,5000,198.0,1,195.6,0.755,197.33,0.83,163,0.995,0.07,2549,0,89.5,-,Belum ditandai,unset,0.3,1,0,
2026-06-26T00:30:50.276,3564399,609,0.485,0.7158,0.6474,90.0,5000,198.0,1,195.48,0.755,197.22,0.83,163,0.995,0.07,2549,0,89.5,-,Belum ditandai,unset,0.3,1,0,
2026-06-26T00:30:50.777,3564934,584,0.48893333333333333,0.7173333333333333,0.6517333333333333,90.0,5000,198.0,1,195.48,0.755,197.22,0.83,163,0.995,0.07,2549,0,89.5,-,Belum ditandai,unset,0.3,1,0,
2026-06-26T00:30:51.275,3565404,584,0.49246666666666666,0.7188,0.6562666666666668,90.0,5000,198.0,1,195.51,0.754,197.25,0.829,162,0.99,0.07,2549,0,89.5,-,Belum ditandai,unset,0.3,1,0,
2026-06-26T00:30:51.775,3565939,653,0.495,0.7206666666666666,0.6622666666666668,90.0,5000,198.0,1,195.51,0.754,197.25,0.829,162,0.99,0.07,2549,0,89.5,-,Belum ditandai,unset,0.3,1,0,
2026-06-26T00:30:52.277,3566409,594,0.4908,0.7222000000000001,0.6670666666666667,90.0,5000,198.0,1,195.51,0.754,197.25,0.829,162,0.99,0.07,2549,0,89.5,-,Belum ditandai,unset,0.3,1,0,
2026-06-26T00:30:52.899,3567051,611,0.495,0.7230666666666666,0.6698666666666667,90.0,5000,198.0,1,195.51,0.754,197.25,0.829,162,0.99,0.07,2549,0,89.5,-,Belum ditandai,unset,0.3,1,0,
2026-06-26T00:30:53.459,3567628,589,0.4871333333333333,0.7208666666666665,0.6631333333333334,90.0,5000,198.0,1,195.45,0.755,197.19,0.83,163,0.995,0.07,2549,0,89.5,-,Belum ditandai,unset,0.3,1,0,
2026-06-26T00:30:54.021,3568163,613,0.49006666666666665,0.7222666666666666,0.6670666666666667,90.0,5000,198.0,1,195.45,0.755,197.19,0.83,163,0.995,0.07,2549,0,89.5,-,Belum ditandai,unset,0.3,1,0,
2026-06-26T00:30:54.586,3568740,618,0.4857333333333333,0.7226,0.6678666666666667,90.0,5000,198.0,1,195.5,0.756,197.24,0.831,163,0.994,0.07,2549,0,89.5,-,Belum ditandai,unset,0.3,1,0,
2026-06-26T00:30:55.090,3569275,642,0.49406666666666665,0.7246,0.6736666666666667,90.0,5000,198.0,1,195.5,0.756,197.24,0.831,163,0.994,0.07,2549,0,89.5,-,Belum ditandai,unset,0.3,1,0,
2026-06-26T00:30:55.590,3569744,618,0.4967333333333333,0.7248,0.6742,90.0,5000,198.0,1,195.46,0.755,197.2,0.83,163,0.995,0.07,2549,0,89.5,-,Belum ditandai,unset,0.3,1,0,
2026-06-26T00:30:56.089,3570279,602,0.49733333333333335,0.7233999999999999,0.67,90.0,5000,198.0,1,195.46,0.755,197.2,0.83,163,0.995,0.07,2549,0,89.5,-,Belum ditandai,unset,0.3,1,0,
2026-06-26T00:30:56.589,3570749,621,0.4928666666666667,0.7216666666666666,0.6647333333333333,90.0,5000,198.0,1,195.52,0.754,197.26,0.829,162,0.99,0.07,2549,0,89.5,-,Belum ditandai,unset,0.3,1,0,
2026-06-26T00:30:57.092,3571284,565,0.4906666666666667,0.7205999999999999,0.6616666666666667,90.0,5000,198.0,1,195.52,0.754,197.26,0.829,162,0.99,0.07,2549,0,89.5,-,Belum ditandai,unset,0.3,1,0,
2026-06-26T00:30:57.594,3571754,651,0.49273333333333336,0.7206666666666666,0.6617333333333334,90.0,5000,198.0,1,195.49,0.755,197.23,0.83,162,0.989,0.07,2549,0,89.5,-,Belum ditandai,unset,0.3,1,0,
2026-06-26T00:30:58.097,3572289,606,0.494,0.7222666666666666,0.6663333333333334,90.0,5000,198.0,1,195.49,0.755,197.23,0.83,162,0.989,0.07,2549,0,89.5,-,Belum ditandai,unset,0.3,1,0,
2026-06-26T00:30:58.598,3572759,627,0.49293333333333333,0.7205999999999999,0.6616000000000001,90.0,5000,198.0,1,195.43,0.754,197.17,0.829,162,0.991,0.07,2549,0,89.5,-,Belum ditandai,unset,0.3,1,0,
2026-06-26T00:30:59.098,3573294,587,0.4918666666666667,0.7196666666666667,0.6589333333333334,90.0,5000,198.0,1,195.43,0.754,197.17,0.829,162,0.991,0.07,2549,0,89.5,-,Belum ditandai,unset,0.3,1,0,
2026-06-26T00:30:59.595,3573764,612,0.4884,0.7194,0.6584666666666668,90.0,5000,198.0,1,195.41,0.753,197.15,0.828,162,0.992,0.07,2549,0,89.5,-,Belum ditandai,unset,0.3,1,0,
2026-06-26T00:31:00.155,3574299,643,0.4915333333333333,0.7197333333333333,0.6592666666666668,90.0,5000,198.0,1,195.41,0.753,197.15,0.828,162,0.992,0.07,2549,0,89.5,-,Belum ditandai,unset,0.3,1,0,
2026-06-26T00:31:00.715,3574876,626,0.49293333333333333,0.7208,0.6621333333333334,90.0,5000,198.0,1,195.43,0.753,197.17,0.828,162,0.992,0.07,2549,0,89.5,-,Belum ditandai,unset,0.3,1,0,
2026-06-26T00:31:01.281,3575453,631,0.49633333333333335,0.7201333333333333,0.6596666666666666,90.0,5000,198.0,1,195.6,0.752,197.33,0.827,162,0.992,0.07,2549,0,89.5,-,Belum ditandai,unset,0.3,1,0,
2026-06-26T00:31:01.781,3575988,598,0.4952,0.7196,0.6584666666666668,90.0,5000,198.0,1,195.6,0.752,197.33,0.827,162,0.992,0.07,2549,0,89.5,-,Belum ditandai,unset,0.3,1,0,
2026-06-26T00:31:02.281,3576458,608,0.49506666666666665,0.721,0.6626,90.0,5000,198.0,1,195.58,0.753,197.31,0.828,162,0.991,0.07,2549,0,89.5,-,Belum ditandai,unset,0.3,1,0,
2026-06-26T00:31:02.781,3576993,614,0.49433333333333335,0.7213333333333334,0.6634,90.0,5000,198.0,1,195.58,0.753,197.31,0.828,162,0.991,0.07,2549,0,89.5,-,Belum ditandai,unset,0.3,1,0,
2026-06-26T00:31:03.279,3577463,599,0.49126666666666663,0.7218666666666667,0.6649333333333334,90.0,5000,198.0,1,195.6,0.752,197.33,0.827,162,0.992,0.07,2549,0,89.5,-,Belum ditandai,unset,0.3,1,0,
2026-06-26T00:31:03.842,3577998,607,0.4946,0.7234666666666667,0.6698666666666667,90.0,5000,198.0,1,195.6,0.752,197.33,0.827,162,0.992,0.07,2549,0,89.5,-,Belum ditandai,unset,0.3,1,0,
2026-06-26T00:31:04.407,3578575,603,0.4938,0.7232666666666667,0.6698666666666667,90.0,5000,198.0,1,195.65,0.752,197.38,0.827,162,0.992,0.07,2549,0,89.5,-,Belum ditandai,unset,0.3,1,0,
2026-06-26T00:31:04.908,3579110,612,0.49166666666666664,0.7224666666666667,0.6676000000000001,90.0,5000,198.0,1,195.65,0.752,197.38,0.827,162,0.992,0.07,2549,0,89.5,-,Belum ditandai,unset,0.3,1,0,
2026-06-26T00:31:05.411,3579580,621,0.4842666666666667,0.72,0.6601333333333333,90.0,5000,198.0,1,195.58,0.752,197.31,0.827,162,0.992,0.07,2549,0,89.5,-,Belum ditandai,unset,0.3,1,0,
2026-06-26T00:31:05.911,3580115,626,0.4884,0.721,0.6632666666666667,90.0,5000,198.0,1,195.58,0.752,197.31,0.827,162,0.992,0.07,2549,0,89.5,-,Belum ditandai,unset,0.3,1,0,
2026-06-26T00:31:06.413,3580585,590,0.48979999999999996,0.722,0.6661333333333334,90.0,5000,198.0,1,195.59,0.752,197.32,0.827,162,0.992,0.07,2549,0,89.5,-,Belum ditandai,unset,0.3,1,0,
2026-06-26T00:31:06.915,3581120,628,0.49319999999999997,0.722,0.6662666666666667,90.0,5000,198.0,1,195.59,0.752,197.32,0.827,162,0.992,0.07,2549,0,89.5,-,Belum ditandai,unset,0.3,1,0,
2026-06-26T00:31:07.417,3581590,577,0.48633333333333334,0.7203999999999999,0.6613333333333333,90.0,5000,198.0,1,195.57,0.753,197.3,0.828,162,0.991,0.07,2549,0,89.5,-,Belum ditandai,unset,0.3,1,0,
2026-06-26T00:31:07.919,3582125,607,0.48660000000000003,0.7190666666666666,0.6576666666666667,90.0,5000,198.0,1,195.57,0.753,197.3,0.828,162,0.991,0.07,2549,0,89.5,-,Belum ditandai,unset,0.3,1,0,
2026-06-26T00:31:08.485,3582701,619,0.4886,0.719,0.6574666666666666,90.0,5000,198.0,1,195.51,0.754,197.25,0.829,162,0.99,0.07,2549,0,89.5,-,Belum ditandai,unset,0.3,1,0,
2026-06-26T00:31:09.045,3583236,604,0.48933333333333334,0.7185333333333332,0.6560666666666667,90.0,5000,198.0,1,195.51,0.754,197.25,0.829,162,0.99,0.07,2549,0,89.5,-,Belum ditandai,unset,0.3,1,0,
2026-06-26T00:31:09.609,3583814,608,0.4871333333333333,0.7179333333333333,0.6542666666666667,90.0,5000,198.0,1,195.6,0.752,197.33,0.827,162,0.992,0.07,2549,0,89.5,-,Belum ditandai,unset,0.3,1,0,
2026-06-26T00:31:10.108,3584349,617,0.48693333333333333,0.7181333333333334,0.6548,90.0,5000,198.0,1,195.6,0.752,197.33,0.827,162,0.992,0.07,2549,0,89.5,-,Belum ditandai,unset,0.3,1,0,
2026-06-26T00:31:10.609,3584818,616,0.48933333333333334,0.7178,0.6539333333333334,90.0,5000,198.0,1,195.54,0.752,197.28,0.827,162,0.992,0.07,2549,0,89.5,-,Belum ditandai,unset,0.3,1,0,
2026-06-26T00:31:11.106,3585353,596,0.48586666666666667,0.7132000000000001,0.6399333333333334,90.0,5000,198.0,1,195.54,0.752,197.28,0.827,162,0.992,0.07,2549,0,89.5,-,Belum ditandai,unset,0.3,1,0,
2026-06-26T00:31:11.605,3585823,611,0.4849333333333333,0.7085333333333333,0.6261333333333333,90.0,5000,198.0,1,195.56,0.751,197.29,0.826,162,0.994,0.07,2549,0,89.5,-,Belum ditandai,unset,0.3,1,0,
2026-06-26T00:31:12.168,3586358,606,0.48386666666666667,0.7032,0.6099333333333333,90.0,5000,198.0,1,195.56,0.751,197.29,0.826,162,0.994,0.07,2549,0,89.5,-,Belum ditandai,unset,0.3,1,0,
2026-06-26T00:31:12.733,3586935,604,0.4826,0.7038666666666666,0.6117333333333334,90.0,5000,198.0,1,195.59,0.752,197.32,0.827,162,0.992,0.07,2549,0,89.5,-,Belum ditandai,unset,0.3,1,0,
2026-06-26T00:31:13.297,3587512,566,0.4822666666666667,0.7051999999999999,0.6154666666666666,90.0,5000,198.0,1,195.57,0.752,197.3,0.827,162,0.992,0.07,2549,0,89.5,-,Belum ditandai,unset,0.3,1,0,
2026-06-26T00:31:13.799,3588047,595,0.48073333333333335,0.7051999999999999,0.6156666666666666,90.0,5000,198.0,1,195.57,0.752,197.3,0.827,162,0.992,0.07,2549,0,89.5,-,Belum ditandai,unset,0.3,1,0,
2026-06-26T00:31:14.299,3588517,587,0.48166666666666663,0.7049333333333333,0.6149333333333333,90.0,5000,198.0,1,195.57,0.753,197.3,0.828,162,0.991,0.07,2549,0,89.5,-,Belum ditandai,unset,0.3,1,0,
2026-06-26T00:31:14.795,3589052,600,0.48206666666666664,0.7030666666666666,0.6094,90.0,5000,198.0,1,195.57,0.753,197.3,0.828,162,0.991,0.07,2549,0,89.5,-,Belum ditandai,unset,0.3,1,0,
2026-06-26T00:31:15.294,3589522,571,0.4808,0.7037999999999999,0.6114666666666667,90.0,5000,198.0,1,195.51,0.753,197.25,0.828,162,0.991,0.07,2549,0,89.5,-,Belum ditandai,unset,0.3,1,0,
2026-06-26T00:31:15.854,3590057,612,0.48179999999999995,0.7055333333333333,0.6164666666666666,90.0,5000,198.0,1,195.51,0.753,197.25,0.828,162,0.991,0.07,2549,0,89.5,-,Belum ditandai,unset,0.3,1,0,
2026-06-26T00:31:16.418,3590634,565,0.4809333333333333,0.7088666666666666,0.6266666666666667,90.0,5000,198.0,1,195.5,0.753,197.24,0.828,162,0.991,0.07,2549,0,89.5,-,Belum ditandai,unset,0.3,1,0,
2026-06-26T00:31:16.918,3591169,608,0.4832,0.7126,0.6381333333333334,90.0,5000,198.0,1,195.5,0.753,197.24,0.828,162,0.991,0.07,2549,0,89.5,-,Belum ditandai,unset,0.3,1,0,
2026-06-26T00:31:17.417,3591639,625,0.4856,0.7147333333333333,0.6444666666666666,90.0,5000,198.0,1,195.51,0.753,197.25,0.828,162,0.991,0.07,2549,0,89.5,-,Belum ditandai,unset,0.3,1,0,
2026-06-26T00:31:17.928,3592174,594,0.4748,0.7118666666666666,0.6356666666666667,90.0,5000,198.0,1,195.51,0.753,197.25,0.828,162,0.991,0.07,2549,0,89.5,-,Belum ditandai,unset,0.3,1,0,
2026-06-26T00:31:18.493,3592750,622,0.4861333333333333,0.7152666666666666,0.6457999999999999,90.0,5000,198.0,1,195.47,0.753,197.21,0.828,162,0.992,0.07,2549,0,89.5,-,Belum ditandai,unset,0.3,1,0,
2026-06-26T00:31:19.011,3593285,596,0.48546666666666666,0.7160666666666666,0.6482666666666667,90.0,5000,198.0,1,195.47,0.753,197.21,0.828,162,0.992,0.07,2549,0,89.5,-,Belum ditandai,unset,0.3,1,0,
2026-06-26T00:31:19.591,3593862,611,0.49899999999999994,0.7206666666666666,0.6622,90.0,5000,198.0,1,195.53,0.753,197.27,0.828,162,0.991,0.07,2549,0,89.5,-,Belum ditandai,unset,0.3,1,0,
2026-06-26T00:31:20.118,3594397,638,0.49306666666666665,0.7184,0.6552666666666667,90.0,5000,198.0,1,195.53,0.753,197.27,0.828,162,0.991,0.07,2549,0,89.5,-,Belum ditandai,unset,0.3,1,0,
2026-06-26T00:31:20.698,3594974,590,0.4907333333333333,0.7165333333333332,0.6494666666666667,90.0,5000,198.0,1,195.46,0.753,197.2,0.828,162,0.992,0.07,2549,0,89.5,-,Belum ditandai,unset,0.3,1,0,
2026-06-26T00:31:21.308,3595551,606,0.4875333333333333,0.7152666666666666,0.6458666666666667,90.0,5000,198.0,1,195.56,0.753,197.29,0.828,162,0.991,0.07,2549,0,89.5,-,Belum ditandai,unset,0.3,1,0,
2026-06-26T00:31:21.842,3596086,642,0.48719999999999997,0.7148666666666667,0.6446000000000001,90.0,5000,198.0,1,195.56,0.753,197.29,0.828,162,0.991,0.07,2549,0,89.5,-,Belum ditandai,unset,0.3,1,0,
2026-06-26T00:31:22.422,3596663,601,0.49166666666666664,0.7181333333333334,0.6548,90.0,5000,198.0,1,195.5,0.753,197.24,0.828,162,0.991,0.07,2549,0,89.5,-,Belum ditandai,unset,0.3,1,0,
2026-06-26T00:31:22.935,3597198,611,0.4912,0.7193333333333333,0.6582000000000001,90.0,5000,198.0,1,195.5,0.753,197.24,0.828,162,0.991,0.07,2549,0,89.5,-,Belum ditandai,unset,0.3,1,0,
2026-06-26T00:31:23.502,3597774,604,0.4876,0.7191333333333333,0.6578666666666667,90.0,5000,198.0,1,195.51,0.754,197.25,0.829,162,0.99,0.07,2549,0,89.5,-,Belum ditandai,unset,0.3,1,0,
2026-06-26T00:31:24.045,3598309,572,0.48306666666666664,0.7165999999999999,0.65,90.0,5000,198.0,1,195.51,0.754,197.25,0.829,162,0.99,0.07,2549,0,89.5,-,Belum ditandai,unset,0.3,1,0,
2026-06-26T00:31:24.605,3598886,612,0.482,0.7160666666666666,0.6483333333333333,90.0,5000,198.0,1,195.52,0.754,197.26,0.829,162,0.99,0.07,2549,0,89.5,-,Belum ditandai,unset,0.3,1,0,
2026-06-26T00:31:25.124,3599421,607,0.4830666666666667,0.7172,0.6517333333333333,90.0,5000,198.0,1,195.52,0.754,197.26,0.829,162,0.99,0.07,2549,0,89.5,-,Belum ditandai,unset,0.3,1,0,
2026-06-26T00:31:25.717,3599998,594,0.48546666666666666,0.7188,0.6564666666666666,90.0,5000,198.0,1,195.56,0.752,197.29,0.827,162,0.992,0.07,2549,0,89.5,-,Belum ditandai,unset,0.3,1,0,
2026-06-26T00:31:26.299,3600575,604,0.487,0.72,0.6600666666666667,90.0,5000,198.0,1,195.59,0.753,197.32,0.828,162,0.991,0.07,2549,0,89.5,-,Belum ditandai,unset,0.3,1,0,
2026-06-26T00:31:26.829,3601110,600,0.48053333333333337,0.7103333333333333,0.6314,75.0,5000,165.0,1,195.59,0.753,197.32,0.828,162,0.991,0.07,2549,0,89.5,-,Belum ditandai,unset,0.3,1,0,
2026-06-26T00:31:27.438,3601687,458,0.44806666666666667,0.6666666666666666,0.5066,75.0,5000,165.0,1,184.13,0.724,186.44,0.8,147,0.985,0.07,2549,0,89.5,-,Belum ditandai,unset,0.3,1,0,
2026-06-26T00:31:27.937,3602222,460,0.42279999999999995,0.6213333333333334,0.3758,75.0,5000,165.0,1,184.13,0.724,186.44,0.8,147,0.985,0.07,2549,0,89.5,-,Belum ditandai,unset,0.3,1,0,
2026-06-26T00:31:28.544,3602799,486,0.39826666666666666,0.5859333333333333,0.2743333333333334,60.0,5000,132.0,1,161.96,0.717,165.4,0.793,129,0.983,0.07,2549,0,89.5,-,Belum ditandai,unset,0.3,1,0,
2026-06-26T00:31:29.043,3603334,419,0.3831333333333333,0.5609333333333333,0.19786666666666666,60.0,5000,132.0,1,161.96,0.717,165.4,0.793,129,0.983,0.07,2549,0,89.5,-,Belum ditandai,unset,0.3,1,0,
2026-06-26T00:31:29.602,3603910,468,0.36006666666666665,0.5334666666666668,0.11626666666666667,60.0,5000,132.0,1,132.67,0.61,137.59,0.687,92,0.973,0.07,2549,0,89.5,-,Belum ditandai,unset,0.3,1,0,
2026-06-26T00:31:30.165,3604444,424,0.34373333333333334,0.5022666666666666,0.030266666666666667,60.0,5000,132.0,1,132.67,0.61,137.59,0.687,92,0.973,0.07,2549,0,89.5,-,Belum ditandai,unset,0.3,1,0,
2026-06-26T00:31:30.728,3605020,426,0.3425333333333333,0.4954,0.015933333333333334,60.0,5000,132.0,1,129.65,0.614,134.73,0.691,90,0.966,0.07,2549,0,89.5,-,Belum ditandai,unset,0.3,1,0,
2026-06-26T00:31:31.289,3605599,404,0.3378666666666667,0.4873333333333333,0.012066666666666667,60.0,5000,132.0,1,128.88,0.61,133.99,0.687,89,0.966,0.07,2549,0,89.5,-,Belum ditandai,unset,0.3,1,0,
2026-06-26T00:31:31.852,3606132,410,0.328,0.48073333333333335,0.010666666666666666,60.0,5000,132.0,1,128.88,0.61,133.99,0.687,89,0.966,0.07,2549,0,89.5,-,Belum ditandai,unset,0.3,1,0,
2026-06-26T00:31:32.412,3606710,411,0.32426666666666665,0.476,0.011000000000000001,60.0,5000,132.0,1,25.06,0.089,35.44,0.173,5,0.815,0.07,2549,0,89.5,-,Belum ditandai,unset,0.3,1,0,
2026-06-26T00:31:32.915,3607240,395,0.3204,0.474,0.010466666666666668,60.0,5000,132.0,1,25.06,0.089,35.44,0.173,5,0.815,0.07,2549,0,89.5,-,Belum ditandai,unset,0.3,1,0,
2026-06-26T00:31:33.414,3607714,403,0.32393333333333335,0.4726666666666667,0.011666666666666665,60.0,5000,132.0,1,0.0,0.0,1.48,0.0,0,0.0,0.07,2549,0,89.5,-,Belum ditandai,unset,0.3,1,0,
2026-06-26T00:31:33.916,3608239,417,0.32120000000000004,0.47126666666666667,0.010333333333333333,60.0,5000,132.0,1,0.0,0.0,1.48,0.0,0,0.0,0.07,2549,0,89.5,-,Belum ditandai,unset,0.3,1,0,
2026-06-26T00:31:34.480,3608761,397,0.31793333333333335,0.4700666666666667,0.0104,60.0,5000,132.0,1,0.0,0.0,1.02,0.0,0,0.0,0.07,2549,0,89.5,-,Belum ditandai,unset,0.3,1,0,
2026-06-26T00:31:34.980,3609286,395,0.31893333333333335,0.47200000000000003,0.009399999999999999,60.0,5000,132.0,1,0.0,0.0,1.02,0.0,0,0.0,0.07,2549,0,89.5,-,Belum ditandai,unset,0.3,1,0,
2026-06-26T00:31:35.542,3609839,406,0.32053333333333334,0.4719333333333333,0.009466666666666667,60.0,5000,132.0,1,0.0,0.0,0.0,0.0,0,0.0,0.07,2549,0,89.5,-,Belum ditandai,unset,0.3,1,0,
2026-06-26T00:31:36.043,3610364,422,0.32586666666666664,0.47413333333333335,0.009399999999999999,60.0,5000,132.0,1,0.0,0.0,0.0,0.0,0,0.0,0.07,2549,0,89.5,-,Belum ditandai,unset,0.3,1,0,
2026-06-26T00:31:36.545,3610886,385,0.32793333333333335,0.4782,0.0108,60.0,5000,132.0,1,0.0,0.0,0.0,0.0,0,0.0,0.07,2549,0,89.5,-,Belum ditandai,unset,0.3,1,0,
2026-06-26T00:31:37.108,3611411,408,0.3281333333333334,0.4811333333333333,0.0108,60.0,5000,132.0,1,0.0,0.0,0.0,0.0,0,0.0,0.07,2549,0,89.5,-,Belum ditandai,unset,0.3,1,0,
2026-06-26T00:31:37.672,3611973,409,0.3281333333333334,0.48160000000000003,0.011333333333333332,60.0,5000,132.0,1,0.0,0.0,0.0,0.0,0,0.0,0.07,2549,0,89.5,-,Belum ditandai,unset,0.3,1,0,
2026-06-26T00:31:38.171,3612498,431,0.32880000000000004,0.48086666666666666,0.0104,60.0,5000,132.0,1,0.0,0.0,0.0,0.0,0,0.0,0.07,2549,0,89.5,-,Belum ditandai,unset,0.3,1,0,
2026-06-26T00:31:38.671,3612968,400,0.331,0.48133333333333334,0.010466666666666668,60.0,5000,132.0,1,0.0,0.0,0.0,0.0,0,0.0,0.07,2549,0,89.5,-,Belum ditandai,unset,0.3,1,0,
2026-06-26T00:31:39.281,3613598,434,0.3328,0.4844,0.010266666666666667,60.0,5000,132.0,1,0.0,0.0,0.0,0.0,0,0.0,0.07,2549,0,89.5,-,Belum ditandai,unset,0.3,1,0,
2026-06-26T00:31:39.809,3614120,361,0.3297333333333333,0.48346666666666666,0.009466666666666667,60.0,5000,132.0,1,0.0,0.0,0.0,0.0,0,0.0,0.07,2549,0,89.5,-,Belum ditandai,unset,0.3,1,0,
2026-06-26T00:31:40.363,3614682,369,0.3268666666666667,0.4829333333333333,0.009399999999999999,60.0,5000,132.0,1,0.0,0.0,0.0,0.0,0,0.0,0.07,2549,0,89.5,-,Belum ditandai,unset,0.3,1,0,
2026-06-26T00:31:40.865,3615208,416,0.3236,0.48173333333333335,0.009666666666666665,60.0,5000,132.0,1,0.0,0.0,0.0,0.0,0,0.0,0.07,2549,0,89.5,-,Belum ditandai,unset,0.3,1,0,
2026-06-26T00:31:41.463,3615793,430,0.328,0.48306666666666664,0.011266666666666666,60.0,5000,132.0,1,0.0,0.0,0.0,0.0,0,0.0,0.07,2549,0,89.5,-,Belum ditandai,unset,0.3,1,0,
2026-06-26T00:31:42.010,3616318,373,0.3266666666666667,0.48246666666666665,0.011266666666666666,60.0,5000,132.0,1,0.0,0.0,0.0,0.0,0,0.0,0.07,2549,0,89.5,-,Belum ditandai,unset,0.3,1,0,
2026-06-26T00:31:42.556,3616902,405,0.32633333333333336,0.48160000000000003,0.011000000000000001,60.0,5000,132.0,1,0.0,0.0,0.0,0.0,0,0.0,0.07,2549,0,89.5,-,Belum ditandai,unset,0.3,1,0,
2026-06-26T00:31:43.057,3617427,408,0.3248,0.4826666666666667,0.009733333333333333,60.0,5000,132.0,1,0.0,0.0,0.0,0.0,0,0.0,0.07,2549,0,89.5,-,Belum ditandai,unset,0.3,1,0,
2026-06-26T00:31:43.560,3617897,407,0.3256,0.4832666666666666,0.01,60.0,5000,132.0,1,0.0,0.0,0.0,0.0,0,0.0,0.07,2549,0,89.5,-,Belum ditandai,unset,0.3,1,0,
2026-06-26T00:31:44.061,3618422,414,0.3308,0.48366666666666663,0.0106,60.0,5000,132.0,1,0.0,0.0,0.0,0.0,0,0.0,0.07,2549,0,89.5,-,Belum ditandai,unset,0.3,1,0,
2026-06-26T00:31:44.626,3618944,418,0.33253333333333335,0.4829333333333333,0.0106,60.0,5000,132.0,1,0.0,0.0,0.0,0.0,0,0.0,0.07,2549,0,89.5,-,Belum ditandai,unset,0.3,1,0,
2026-06-26T00:31:45.125,3619469,410,0.3359333333333333,0.4824,0.0104,60.0,5000,132.0,1,0.0,0.0,0.0,0.0,0,0.0,0.07,2549,0,89.5,-,Belum ditandai,unset,0.3,1,0,
2026-06-26T00:31:45.689,3620022,411,0.3329333333333333,0.4832666666666666,0.0096,60.0,5000,132.0,1,0.0,0.0,0.0,0.0,0,0.0,0.07,2549,0,89.5,-,Belum ditandai,unset,0.3,1,0,
2026-06-26T00:31:46.190,3620547,396,0.3302,0.4832666666666666,0.009733333333333333,60.0,5000,132.0,1,0.0,0.0,0.0,0.0,0,0.0,0.07,2549,0,89.5,-,Belum ditandai,unset,0.3,1,0,
2026-06-26T00:31:46.688,3621069,416,0.32713333333333333,0.48333333333333334,0.0098,60.0,5000,132.0,1,0.0,0.0,0.0,0.0,0,0.0,0.07,2549,0,89.5,-,Belum ditandai,unset,0.3,1,0,
2026-06-26T00:31:47.248,3621594,411,0.3311333333333334,0.48433333333333334,0.010466666666666668,60.0,5000,132.0,1,0.0,0.0,0.0,0.0,0,0.0,0.07,2549,0,89.5,-,Belum ditandai,unset,0.3,1,0,
2026-06-26T00:31:47.810,3622157,442,0.33366666666666667,0.48546666666666666,0.011000000000000001,60.0,5000,132.0,1,0.0,0.0,0.0,0.0,0,0.0,0.07,2549,0,89.5,-,Belum ditandai,unset,0.3,1,0,
2026-06-26T00:31:48.372,3622741,414,0.3346666666666667,0.4848,0.010933333333333333,60.0,5000,132.0,1,0.0,0.0,0.0,0.0,0,0.0,0.07,2549,0,89.5,-,Belum ditandai,unset,0.3,1,0,
2026-06-26T00:31:48.914,3623266,403,0.3326,0.4831333333333333,0.0108,60.0,5000,132.0,1,0.0,0.0,0.0,0.0,0,0.0,0.07,2549,0,89.5,-,Belum ditandai,unset,0.3,1,0,
2026-06-26T00:31:49.462,3623841,428,0.33140000000000003,0.48053333333333337,0.009933333333333332,60.0,5000,132.0,1,0.0,0.0,0.0,0.0,0,0.0,0.07,2549,0,89.5,-,Belum ditandai,unset,0.3,1,0,
2026-06-26T00:31:50.025,3624366,422,0.3307333333333334,0.4809333333333333,0.0098,60.0,5000,132.0,1,0.0,0.0,0.0,0.0,0,0.0,0.07,2549,0,89.5,-,Belum ditandai,unset,0.3,1,0,
2026-06-26T00:31:50.527,3624888,409,0.3278666666666667,0.4797333333333333,0.009466666666666667,60.0,5000,132.0,1,0.0,0.0,0.0,0.0,0,0.0,0.07,2549,0,89.5,-,Belum ditandai,unset,0.3,1,0,
2026-06-26T00:31:51.027,3625413,411,0.3244666666666667,0.48053333333333337,0.009733333333333333,60.0,5000,132.0,1,0.0,0.0,0.0,0.0,0,0.0,0.07,2549,0,89.5,-,Belum ditandai,unset,0.3,1,0,
2026-06-26T00:31:51.584,3625966,414,0.325,0.47946666666666665,0.010666666666666666,60.0,5000,132.0,1,0.0,0.0,0.0,0.0,0,0.0,0.07,2549,0,89.5,-,Belum ditandai,unset,0.3,1,0,
2026-06-26T00:31:52.148,3626491,415,0.32753333333333334,0.48013333333333336,0.010666666666666666,60.0,5000,132.0,1,0.0,0.0,0.0,0.0,0,0.0,0.07,2549,0,89.5,-,Belum ditandai,unset,0.3,1,0,
2026-06-26T00:31:52.650,3627013,402,0.3282,0.4794,0.011066666666666667,60.0,5000,132.0,1,0.0,0.0,0.0,0.0,0,0.0,0.07,2549,0,89.5,-,Belum ditandai,unset,0.3,1,0,
2026-06-26T00:31:53.273,3627643,405,0.3266666666666667,0.4799333333333333,0.010199999999999999,60.0,5000,132.0,1,0.0,0.0,0.0,0.0,0,0.0,0.07,2549,0,89.5,-,Belum ditandai,unset,0.3,1,0,
2026-06-26T00:31:53.838,3628206,421,0.3270666666666667,0.4804,0.009866666666666666,60.0,5000,132.0,1,0.0,0.0,0.0,0.0,0,0.0,0.07,2549,0,89.5,-,Belum ditandai,unset,0.3,1,0,
2026-06-26T00:31:54.402,3628790,413,0.3296,0.48019999999999996,0.009733333333333333,60.0,5000,132.0,1,0.0,0.0,0.0,0.0,0,0.0,0.07,2549,0,89.5,-,Belum ditandai,unset,0.3,1,0,
2026-06-26T00:31:54.960,3629316,420,0.33053333333333335,0.48086666666666666,0.0104,60.0,5000,132.0,1,0.0,0.0,0.0,0.0,0,0.0,0.07,2549,0,89.5,-,Belum ditandai,unset,0.3,1,0,
2026-06-26T00:31:55.524,3629900,397,0.3310666666666667,0.4823333333333333,0.010533333333333334,60.0,5000,132.0,1,0.0,0.0,0.0,0.0,0,0.0,0.07,2549,0,89.5,-,Belum ditandai,unset,0.3,1,0,
2026-06-26T00:31:56.022,3630425,413,0.3312,0.48446666666666666,0.0112,60.0,5000,132.0,1,0.0,0.0,0.0,0.0,0,0.0,0.07,2549,0,89.5,-,Belum ditandai,unset,0.3,1,0,
2026-06-26T00:31:56.520,3630895,414,0.3312666666666667,0.4857333333333333,0.0118,60.0,5000,132.0,1,0.0,0.0,0.0,0.0,0,0.0,0.07,2549,0,89.5,-,Belum ditandai,unset,0.3,1,0,
2026-06-26T00:31:57.017,3631420,404,0.3281333333333334,0.4849333333333333,0.012,60.0,5000,132.0,1,0.0,0.0,0.0,0.0,0,0.0,0.07,2549,0,89.5,-,Belum ditandai,unset,0.3,1,0,
2026-06-26T00:31:57.519,3631942,421,0.3268666666666667,0.48446666666666666,0.0118,60.0,5000,132.0,1,0.0,0.0,0.0,0.0,0,0.0,0.07,2549,0,89.5,-,Belum ditandai,unset,0.3,1,0,
2026-06-26T00:31:58.078,3632467,412,0.32926666666666665,0.48246666666666665,0.010866666666666667,60.0,5000,132.0,1,0.0,0.0,0.0,0.0,0,0.0,0.07,2549,0,89.5,-,Belum ditandai,unset,0.3,1,0,
2026-06-26T00:31:58.639,3633020,406,0.3308666666666667,0.48133333333333334,0.011000000000000001,60.0,5000,132.0,1,0.0,0.0,0.0,0.0,0,0.0,0.07,2549,0,89.5,-,Belum ditandai,unset,0.3,1,0,
2026-06-26T00:31:59.139,3633545,405,0.3298,0.4829333333333333,0.0128,60.0,5000,132.0,1,0.0,0.0,0.0,0.0,0,0.0,0.07,2549,0,89.5,-,Belum ditandai,unset,0.3,1,0,
2026-06-26T00:31:59.641,3634067,415,0.3280666666666667,0.48386666666666667,0.012466666666666666,60.0,5000,132.0,1,0.0,0.0,0.0,0.0,0,0.0,0.07,2549,0,89.5,-,Belum ditandai,unset,0.3,1,0,
2026-06-26T00:32:00.202,3634592,402,0.3274,0.485,0.012133333333333333,60.0,5000,132.0,1,0.0,0.0,0.0,0.0,0,0.0,0.07,2549,0,89.5,-,Belum ditandai,unset,0.3,1,0,
2026-06-26T00:32:00.763,3635155,338,0.3237333333333333,0.48339999999999994,0.010533333333333334,60.0,5000,132.0,1,0.0,0.0,0.0,0.0,0,0.0,0.07,2549,0,89.5,-,Belum ditandai,unset,0.3,1,0,
2026-06-26T00:32:01.265,3635680,384,0.3222,0.4821333333333333,0.010333333333333333,60.0,5000,132.0,1,0.0,0.0,0.0,0.0,0,0.0,0.07,2549,0,89.5,-,Belum ditandai,unset,0.3,1,0,
2026-06-26T00:32:01.764,3636160,427,0.32,0.4808,0.0098,60.0,5000,132.0,1,0.0,0.0,0.0,0.0,0,0.0,0.07,2549,0,89.5,-,Belum ditandai,unset,0.3,1,0,
2026-06-26T00:32:02.261,3636685,410,0.3191333333333333,0.4804,0.011333333333333332,60.0,5000,132.0,1,0.0,0.0,0.0,0.0,0,0.0,0.07,2549,0,89.5,-,Belum ditandai,unset,0.3,1,0,
2026-06-26T00:32:02.761,3637164,403,0.3228,0.482,0.011199999999999998,60.0,5000,132.0,1,0.0,0.0,0.0,0.0,0,0.0,0.07,2549,0,89.5,-,Belum ditandai,unset,0.3,1,0,
2026-06-26T00:32:03.449,3637844,408,0.32453333333333334,0.4828666666666666,0.0116,60.0,5000,132.0,1,0.0,0.0,0.0,0.0,0,0.0,0.07,2549,0,89.5,-,Belum ditandai,unset,0.3,1,0,
2026-06-26T00:32:04.073,3638474,409,0.3286,0.4828666666666666,0.0108,60.0,5000,132.0,1,0.0,0.0,0.0,0.0,0,0.0,0.07,2549,0,89.5,-,Belum ditandai,unset,0.3,1,0,
2026-06-26T00:32:04.683,3639101,421,0.3303333333333333,0.4826,0.0108,60.0,5000,132.0,1,0.0,0.0,0.0,0.0,0,0.0,0.07,2549,0,89.5,-,Belum ditandai,unset,0.3,1,0,
2026-06-26T00:32:05.183,3639626,409,0.33393333333333336,0.48393333333333327,0.0108,60.0,5000,132.0,1,0.0,0.0,0.0,0.0,0,0.0,0.07,2549,0,89.5,-,Belum ditandai,unset,0.3,1,0,
2026-06-26T00:32:05.744,3640179,401,0.33426666666666666,0.48646666666666666,0.011666666666666665,60.0,5000,132.0,1,0.0,0.0,0.0,0.0,0,0.0,0.07,2549,0,89.5,-,Belum ditandai,unset,0.3,1,0,
2026-06-26T00:32:06.244,3640704,411,0.3324666666666667,0.48639999999999994,0.012066666666666667,60.0,5000,132.0,1,0.0,0.0,0.0,0.0,0,0.0,0.07,2549,0,89.5,-,Belum ditandai,unset,0.3,1,0,
2026-06-26T00:32:06.806,3641226,420,0.32966666666666666,0.48686666666666667,0.012133333333333333,60.0,5000,132.0,1,0.0,0.0,0.0,0.0,0,0.0,0.07,2549,0,89.5,-,Belum ditandai,unset,0.3,1,0,
2026-06-26T00:32:07.477,3641893,407,0.3274666666666667,0.48593333333333333,0.0112,60.0,5000,132.0,1,0.0,0.0,0.0,0.0,0,0.0,0.07,2549,0,89.5,-,Belum ditandai,unset,0.3,1,0,
2026-06-26T00:32:07.975,3642419,409,0.3317333333333333,0.4873333333333333,0.011933333333333332,60.0,5000,132.0,1,0.0,0.0,0.0,0.0,0,0.0,0.07,2549,0,89.5,-,Belum ditandai,unset,0.3,1,0,
2026-06-26T00:32:08.475,3642898,426,0.33366666666666667,0.4878666666666666,0.011666666666666665,60.0,5000,132.0,1,0.0,0.0,0.0,0.0,0,0.0,0.07,2549,0,89.5,-,Belum ditandai,unset,0.3,1,0,
2026-06-26T00:32:08.975,3643423,414,0.33353333333333335,0.48473333333333335,0.011533333333333333,60.0,5000,132.0,1,0.0,0.0,0.0,0.0,0,0.0,0.07,2549,0,89.5,-,Belum ditandai,unset,0.3,1,0,
2026-06-26T00:32:09.478,3643892,414,0.3304,0.4828666666666666,0.0104,60.0,5000,132.0,1,0.0,0.0,0.0,0.0,0,0.0,0.07,2549,0,89.5,-,Belum ditandai,unset,0.3,1,0,
2026-06-26T00:32:09.976,3644418,416,0.33193333333333336,0.4826,0.0106,60.0,5000,132.0,1,0.0,0.0,0.0,0.0,0,0.0,0.07,2549,0,89.5,-,Belum ditandai,unset,0.3,1,0,
2026-06-26T00:32:10.474,3644940,428,0.33153333333333335,0.4854,0.011133333333333332,60.0,5000,132.0,1,0.0,0.0,0.0,0.0,0,0.0,0.07,2549,0,89.5,-,Belum ditandai,unset,0.3,1,0,
2026-06-26T00:32:11.035,3645465,405,0.3310666666666667,0.4840666666666667,0.010666666666666666,60.0,5000,132.0,1,0.0,0.0,0.0,0.0,0,0.0,0.07,2549,0,89.5,-,Belum ditandai,unset,0.3,1,0,
2026-06-26T00:32:11.597,3646028,410,0.32766666666666666,0.484,0.0104,60.0,5000,132.0,1,0.0,0.0,0.0,0.0,0,0.0,0.07,2549,0,89.5,-,Belum ditandai,unset,0.3,1,0,
2026-06-26T00:32:12.095,3646553,428,0.32913333333333333,0.4823333333333333,0.009933333333333332,60.0,5000,132.0,1,0.0,0.0,0.0,0.0,0,0.0,0.07,2549,0,89.5,-,Belum ditandai,unset,0.3,1,0,
2026-06-26T00:32:12.595,3647032,408,0.3316,0.4842,0.010066666666666666,60.0,5000,132.0,1,0.0,0.0,0.0,0.0,0,0.0,0.07,2549,0,89.5,-,Belum ditandai,unset,0.3,1,0,
2026-06-26T00:32:13.095,3647557,410,0.3328,0.4842,0.009866666666666666,60.0,5000,132.0,1,0.0,0.0,0.0,0.0,0,0.0,0.07,2549,0,89.5,-,Belum ditandai,unset,0.3,1,0,
2026-06-26T00:32:13.596,3648027,421,0.3328666666666667,0.48506666666666665,0.0098,60.0,5000,132.0,1,0.0,0.0,0.0,0.0,0,0.0,0.07,2549,0,89.5,-,Belum ditandai,unset,0.3,1,0,
2026-06-26T00:32:14.094,3648552,413,0.3303333333333333,0.4854,0.009533333333333333,60.0,5000,132.0,1,0.0,0.0,0.0,0.0,0,0.0,0.07,2549,0,89.5,-,Belum ditandai,unset,0.3,1,0,
2026-06-26T00:32:14.595,3649075,412,0.331,0.48460000000000003,0.009199999999999998,60.0,5000,132.0,1,0.0,0.0,0.0,0.0,0,0.0,0.07,2549,0,89.5,-,Belum ditandai,unset,0.3,1,0,
2026-06-26T00:32:15.157,3649600,412,0.32893333333333336,0.4836,0.009,60.0,5000,132.0,1,0.0,0.0,0.0,0.0,0,0.0,0.07,2549,0,89.5,-,Belum ditandai,unset,0.3,1,0,
2026-06-26T00:32:15.719,3650162,409,0.3299333333333333,0.48373333333333335,0.009,60.0,5000,132.0,1,0.0,0.0,0.0,0.0,0,0.0,0.07,2549,0,89.5,-,Belum ditandai,unset,0.3,1,0,
2026-06-26T00:32:16.218,3650687,415,0.3302666666666667,0.48446666666666666,0.009,60.0,5000,132.0,1,0.0,0.0,0.0,0.0,0,0.0,0.07,2549,0,89.5,-,Belum ditandai,unset,0.3,1,0,
2026-06-26T00:32:16.718,3651159,411,0.33080000000000004,0.48466666666666663,0.009,60.0,5000,132.0,0,0.0,0.0,0.0,0.0,0,0.0,0.07,2550,0,89.5,-,Belum ditandai,unset,0.3,1,0,
2026-06-26T00:32:17.216,3651684,21,0.22233333333333333,0.3384,0.009,60.0,5000,132.0,0,0.0,0.0,0.0,0.0,0,0.0,0.07,2550,0,89.5,-,Belum ditandai,unset,0.3,1,0,
2026-06-26T00:32:17.715,3652173,3,0.15593333333333334,0.24213333333333334,0.009,60.0,5000,132.0,0,0.0,0.0,0.0,0.0,0,0.0,0.07,2551,0,89.5,-,Belum ditandai,unset,0.3,1,0,
2026-06-26T00:32:18.217,3652698,8,0.0458,0.08106666666666666,0.009,60.0,5000,132.0,0,0.0,0.0,0.0,0.0,0,0.0,0.07,2551,0,89.5,-,Belum ditandai,unset,0.3,1,0,
2026-06-26T00:32:18.719,3653187,0,0.002266666666666667,0.006866666666666668,0.009,60.0,5000,132.0,0,0.0,0.0,0.0,0.0,0,0.0,0.07,2552,0,89.5,-,Belum ditandai,unset,0.3,1,0,
2026-06-26T00:32:19.222,3653712,0,0.0016666666666666668,0.0027333333333333333,0.009,60.0,5000,132.0,0,0.0,0.0,0.0,0.0,0,0.0,0.07,2552,0,89.5,-,Belum ditandai,unset,0.3,1,0,
2026-06-26T00:32:19.719,3654201,6,0.0020666666666666667,0.0029333333333333334,0.009,60.0,5000,132.0,0,0.0,0.0,0.0,0.0,0,0.0,0.07,2553,0,89.5,-,Belum ditandai,unset,0.3,1,0,
2026-06-26T00:32:20.220,3654726,3,0.0016666666666666668,0.002866666666666667,0.009,60.0,5000,132.0,0,0.0,0.0,0.0,0.0,0,0.0,0.07,2553,0,89.5,-,Belum ditandai,unset,0.3,1,0,
2026-06-26T00:32:20.717,3655215,0,0.0018,0.0030666666666666668,0.009,60.0,5000,132.0,0,0.0,0.0,0.0,0.0,0,0.0,0.07,2554,0,89.5,-,Belum ditandai,unset,0.3,1,0,
2026-06-26T00:32:21.278,3655740,0,0.0018,0.0033333333333333335,0.009,60.0,5000,132.0,0,0.0,0.0,0.0,0.0,0,0.0,0.07,2554,0,89.5,-,Belum ditandai,unset,0.3,1,0,
2026-06-26T00:32:21.842,3656334,2,0.0022,0.004066666666666666,0.009,60.0,5000,132.0,0,0.0,0.0,0.0,0.0,0,0.0,0.07,2555,0,89.5,-,Belum ditandai,unset,0.3,1,0,
2026-06-26T00:32:22.339,3656859,3,0.0026666666666666666,0.0042,0.009,60.0,5000,132.0,0,0.0,0.0,0.0,0.0,0,0.0,0.07,2555,0,89.5,-,Belum ditandai,unset,0.3,1,0,
2026-06-26T00:32:22.963,3657453,3,0.0024666666666666665,0.004600000000000001,0.009,60.0,5000,132.0,0,0.0,0.0,0.0,0.0,0,0.0,0.07,2556,0,89.5,-,Belum ditandai,unset,0.3,1,0,
2026-06-26T00:32:23.466,3657978,2,0.0023333333333333335,0.0038,0.009,60.0,5000,132.0,0,0.0,0.0,0.0,0.0,0,0.0,0.07,2556,0,89.5,-,Belum ditandai,unset,0.3,1,0,
2026-06-26T00:32:23.966,3658467,0,0.0018,0.0037333333333333333,0.009,60.0,5000,132.0,0,0.0,0.0,0.0,0.0,0,0.0,0.07,2557,0,89.5,-,Belum ditandai,unset,0.3,1,0,
2026-06-26T00:32:24.468,3658992,0,0.0023333333333333335,0.0036,0.009,60.0,5000,132.0,0,0.0,0.0,0.0,0.0,0,0.0,0.07,2557,0,89.5,-,Belum ditandai,unset,0.3,1,0,
2026-06-26T00:32:24.967,3659481,1,0.0021333333333333334,0.0036666666666666666,0.009,60.0,5000,132.0,0,0.0,0.0,0.0,0.0,0,0.0,0.07,2558,0,89.5,-,Belum ditandai,unset,0.3,1,0,
2026-06-26T00:32:25.529,3660006,6,0.0019333333333333333,0.0034000000000000002,0.009,60.0,5000,132.0,0,0.0,0.0,0.0,0.0,0,0.0,0.07,2558,0,89.5,-,Belum ditandai,unset,0.3,1,0,
2026-06-26T00:32:26.097,3660600,5,0.0018,0.0033333333333333335,0.009,60.0,5000,132.0,0,0.0,0.0,0.0,0.0,0,0.0,0.07,2559,0,89.5,-,Belum ditandai,unset,0.3,1,0,
2026-06-26T00:32:26.785,3661299,5,0.0016,0.003533333333333333,0.009,60.0,5000,132.0,0,0.0,0.0,0.0,0.0,0,0.0,0.07,2560,0,89.5,-,Belum ditandai,unset,0.3,1,0,
2026-06-26T00:32:27.287,3661824,0,0.002,0.003466666666666667,0.009,60.0,5000,132.0,0,0.0,0.0,0.0,0.0,0,0.0,0.07,2560,0,89.5,-,Belum ditandai,unset,0.3,1,0,
2026-06-26T00:32:27.787,3662313,21,0.0031333333333333335,0.0033333333333333335,0.009,60.0,5000,132.0,0,0.0,0.0,0.0,0.0,0,0.0,0.07,2561,0,89.5,-,Belum ditandai,unset,0.3,1,0,
2026-06-26T00:32:28.352,3662838,5,0.004533333333333334,0.0044,0.009,60.0,5000,132.0,0,0.0,0.0,0.0,0.0,0,0.0,0.07,2561,0,89.5,-,Belum ditandai,unset,0.3,1,0,
2026-06-26T00:32:28.917,3663432,2,0.004866666666666668,0.004333333333333333,0.009,60.0,5000,132.0,0,0.0,0.0,0.0,0.0,0,0.0,0.07,2562,0,89.5,-,Belum ditandai,unset,0.3,1,0,
2026-06-26T00:32:29.417,3663957,0,0.004333333333333333,0.004333333333333333,0.009,60.0,5000,132.0,0,0.0,0.0,0.0,0.0,0,0.0,0.07,2562,0,89.5,-,Belum ditandai,unset,0.3,1,0,
2026-06-26T00:32:29.916,3664446,2,0.0037333333333333333,0.004066666666666666,0.009,60.0,5000,132.0,0,0.0,0.0,0.0,0.0,0,0.0,0.07,2563,0,89.5,-,Belum ditandai,unset,0.3,1,0,
2026-06-26T00:32:30.432,3664971,1,0.0028666666666666662,0.0029333333333333334,0.009,60.0,5000,132.0,0,0.0,0.0,0.0,0.0,0,0.0,0.07,2563,0,89.5,-,Belum ditandai,unset,0.3,1,0,
2026-06-26T00:32:30.947,3665460,0,0.0027333333333333333,0.0032,0.009,60.0,5000,132.0,0,0.0,0.0,0.0,0.0,0,0.0,0.07,2564,0,89.5,-,Belum ditandai,unset,0.3,1,0,
2026-06-26T00:32:31.451,3665985,0,0.0024666666666666665,0.0030666666666666668,0.009,60.0,5000,132.0,0,0.0,0.0,0.0,0.0,0,0.0,0.07,2564,0,89.5,-,Belum ditandai,unset,0.3,1,0,
2026-06-26T00:32:32.058,3666579,1,0.0016666666666666668,0.0034000000000000002,0.009,60.0,5000,132.0,0,0.0,0.0,0.0,0.0,0,0.0,0.07,2565,0,89.5,-,Belum ditandai,unset,0.3,1,0,
2026-06-26T00:32:32.557,3667104,0,0.0017333333333333335,0.0036666666666666666,0.009,60.0,5000,132.0,0,0.0,0.0,0.0,0.0,0,0.0,0.07,2565,0,89.5,-,Belum ditandai,unset,0.3,1,0,
2026-06-26T00:32:33.079,3667593,0,0.0014666666666666667,0.0038,0.009,60.0,5000,132.0,0,0.0,0.0,0.0,0.0,0,0.0,0.07,2566,0,89.5,-,Belum ditandai,unset,0.3,1,0,
2026-06-26T00:32:33.615,3668118,2,0.0014,0.0038666666666666667,0.009,60.0,5000,132.0,0,0.0,0.0,0.0,0.0,0,0.0,0.07,2566,0,89.5,-,Belum ditandai,unset,0.3,1,0,
2026-06-26T00:32:34.173,3668712,0,0.0012666666666666666,0.003466666666666667,0.009,60.0,5000,132.0,0,0.0,0.0,0.0,0.0,0,0.0,0.07,2567,0,89.5,-,Belum ditandai,unset,0.3,1,0,
2026-06-26T00:32:34.891,3669411,6,0.0017333333333333335,0.003266666666666667,0.009,60.0,5000,132.0,0,0.0,0.0,0.0,0.0,0,0.0,0.07,2568,0,89.5,-,Belum ditandai,unset,0.3,1,0,
2026-06-26T00:32:35.392,3669936,0,0.0020666666666666667,0.0031333333333333335,0.009,60.0,5000,132.0,0,0.0,0.0,0.0,0.0,0,0.0,0.07,2568,0,89.5,-,Belum ditandai,unset,0.3,1,0,
2026-06-26T00:32:35.891,3670425,13,0.0027333333333333333,0.0032,0.009,60.0,5000,132.0,0,0.0,0.0,0.0,0.0,0,0.0,0.07,2569,0,89.5,-,Belum ditandai,unset,0.3,1,0,
2026-06-26T00:32:36.392,3670950,8,0.0030666666666666668,0.0033333333333333335,0.009,60.0,5000,132.0,0,0.0,0.0,0.0,0.0,0,0.0,0.07,2569,0,89.5,-,Belum ditandai,unset,0.3,1,0,
2026-06-26T00:32:36.887,3671439,0,0.002533333333333333,0.003266666666666667,0.009,60.0,5000,132.0,0,0.0,0.0,0.0,0.0,0,0.0,0.07,2570,0,89.5,-,Belum ditandai,unset,0.3,1,0,
2026-06-26T00:32:37.388,3671964,4,0.0037333333333333333,0.0034000000000000002,0.009,60.0,5000,132.0,0,0.0,0.0,0.0,0.0,0,0.0,0.07,2570,0,89.5,-,Belum ditandai,unset,0.3,1,0,
2026-06-26T00:32:37.886,3672453,3,0.0027333333333333333,0.0030666666666666668,0.009,60.0,5000,132.0,0,0.0,0.0,0.0,0.0,0,0.0,0.07,2571,0,89.5,-,Belum ditandai,unset,0.3,1,0,
2026-06-26T00:32:38.447,3672978,3,0.0023333333333333335,0.003266666666666667,0.009,60.0,5000,132.0,0,0.0,0.0,0.0,0.0,0,0.0,0.07,2571,0,89.5,-,Belum ditandai,unset,0.3,1,0,
2026-06-26T00:32:39.012,3673572,0,0.0023333333333333335,0.003466666666666667,0.009,60.0,5000,132.0,0,0.0,0.0,0.0,0.0,0,0.0,0.07,2572,0,89.5,-,Belum ditandai,unset,0.3,1,0,
2026-06-26T00:32:39.510,3674097,0,0.0013333333333333333,0.003266666666666667,0.009,60.0,5000,132.0,0,0.0,0.0,0.0,0.0,0,0.0,0.07,2572,0,89.5,-,Belum ditandai,unset,0.3,1,0,
2026-06-26T00:32:40.041,3674586,5,0.0012666666666666666,0.0033333333333333335,0.009,60.0,5000,132.0,0,0.0,0.0,0.0,0.0,0,0.0,0.07,2573,0,89.5,-,Belum ditandai,unset,0.3,1,0,
2026-06-26T00:32:40.539,3675111,5,0.0015333333333333334,0.0033333333333333335,0.009,60.0,5000,132.0,0,0.0,0.0,0.0,0.0,0,0.0,0.07,2573,0,89.5,-,Belum ditandai,unset,0.3,1,0,
2026-06-26T00:32:41.044,3675600,1,0.0018666666666666666,0.003466666666666667,0.009,60.0,5000,132.0,0,0.0,0.0,0.0,0.0,0,0.0,0.07,2574,0,89.5,-,Belum ditandai,unset,0.3,1,0,
2026-06-26T00:32:41.543,3676125,0,0.002533333333333333,0.0036666666666666666,0.009,60.0,5000,132.0,0,0.0,0.0,0.0,0.0,0,0.0,0.07,2574,0,89.5,-,Belum ditandai,unset,0.3,1,0,
2026-06-26T00:32:42.166,3676719,3,0.0023333333333333335,0.0037333333333333333,0.009,60.0,5000,132.0,0,0.0,0.0,0.0,0.0,0,0.0,0.07,2575,0,89.5,-,Belum ditandai,unset,0.3,1,0,
2026-06-26T00:32:42.944,3677523,7,0.003266666666666667,0.0037333333333333333,0.009,60.0,5000,132.0,0,0.0,0.0,0.0,0.0,0,0.0,0.07,2576,0,89.5,-,Belum ditandai,unset,0.3,1,0,
2026-06-26T00:32:43.506,3678048,0,0.0034000000000000002,0.0036,0.009,60.0,5000,132.0,0,0.0,0.0,0.0,0.0,0,0.0,0.07,2576,0,89.5,-,Belum ditandai,unset,0.3,1,0,
2026-06-26T00:32:44.069,3678642,10,0.004,0.003533333333333333,0.009,60.0,5000,132.0,0,0.0,0.0,0.0,0.0,0,0.0,0.07,2577,0,89.5,-,Belum ditandai,unset,0.3,1,0,
2026-06-26T00:32:44.572,3679167,1,0.0026,0.003266666666666667,0.009,60.0,5000,132.0,0,0.0,0.0,0.0,0.0,0,0.0,0.07,2577,0,89.5,-,Belum ditandai,unset,0.3,1,0,
2026-06-26T00:32:45.074,3679656,2,0.0022,0.0029333333333333334,0.009,60.0,5000,132.0,0,0.0,0.0,0.0,0.0,0,0.0,0.07,2578,0,89.5,-,Belum ditandai,unset,0.3,1,0,
2026-06-26T00:32:45.576,3680181,4,0.0018666666666666666,0.0030666666666666668,0.009,60.0,5000,132.0,0,0.0,0.0,0.0,0.0,0,0.0,0.07,2578,0,89.5,-,Belum ditandai,unset,0.3,1,0,
2026-06-26T00:32:46.074,3680670,10,0.002,0.003,0.009,60.0,5000,132.0,0,0.0,0.0,0.0,0.0,0,0.0,0.07,2579,0,89.5,-,Belum ditandai,unset,0.3,1,0,
2026-06-26T00:32:46.637,3681195,4,0.0018666666666666666,0.0034000000000000002,0.009,60.0,5000,132.0,0,0.0,0.0,0.0,0.0,0,0.0,0.07,2579,0,89.5,-,Belum ditandai,unset,0.3,1,0,
2026-06-26T00:32:47.197,3681789,3,0.0024,0.0041333333333333335,0.009,60.0,5000,132.0,0,0.0,0.0,0.0,0.0,0,0.0,0.07,2580,0,89.5,-,Belum ditandai,unset,0.3,1,0,
2026-06-26T00:32:47.697,3682314,4,0.0026666666666666666,0.0041333333333333335,0.009,60.0,5000,132.0,0,0.0,0.0,0.0,0.0,0,0.0,0.07,2580,0,89.5,-,Belum ditandai,unset,0.3,1,0,
2026-06-26T00:32:48.307,3682908,3,0.0033333333333333335,0.004333333333333333,0.009,60.0,5000,132.0,0,0.0,0.0,0.0,0.0,0,0.0,0.07,2581,0,89.5,-,Belum ditandai,unset,0.3,1,0,
2026-06-26T00:32:48.991,3683607,20,0.003533333333333333,0.0042,0.009,60.0,5000,132.0,0,0.0,0.0,0.0,0.0,0,0.0,0.07,2582,0,89.5,-,Belum ditandai,unset,0.3,1,0,
2026-06-26T00:32:49.538,3684132,5,0.0034000000000000002,0.0041333333333333335,0.009,60.0,5000,132.0,0,0.0,0.0,0.0,0.0,0,0.0,0.07,2582,0,89.5,-,Belum ditandai,unset,0.3,1,0,
2026-06-26T00:32:50.041,3684621,5,0.0026666666666666666,0.004,0.009,60.0,5000,132.0,0,0.0,0.0,0.0,0.0,0,0.0,0.07,2583,0,89.5,-,Belum ditandai,unset,0.3,1,0,
2026-06-26T00:32:50.542,3685146,9,0.0037333333333333333,0.004066666666666666,0.009,60.0,5000,132.0,0,0.0,0.0,0.0,0.0,0,0.0,0.07,2583,0,89.5,-,Belum ditandai,unset,0.3,1,0,
2026-06-26T00:32:51.164,3685740,0,0.002533333333333333,0.0033333333333333335,0.009,60.0,5000,132.0,0,0.0,0.0,0.0,0.0,0,0.0,0.07,2584,0,89.5,-,Belum ditandai,unset,0.3,1,0,
2026-06-26T00:32:51.661,3686265,0,0.0024666666666666665,0.0030666666666666668,0.009,60.0,5000,132.0,0,0.0,0.0,0.0,0.0,0,0.0,0.07,2584,0,89.5,-,Belum ditandai,unset,0.3,1,0,
2026-06-26T00:32:52.162,3686754,2,0.0026666666666666666,0.0031333333333333335,0.009,60.0,5000,132.0,0,0.0,0.0,0.0,0.0,0,0.0,0.07,2585,0,89.5,-,Belum ditandai,unset,0.3,1,0,
2026-06-26T00:32:52.664,3687279,0,0.0016,0.0027333333333333333,0.009,60.0,5000,132.0,0,0.0,0.0,0.0,0.0,0,0.0,0.07,2585,0,89.5,-,Belum ditandai,unset,0.3,1,0,
2026-06-26T00:32:53.164,3687768,0,0.0013333333333333333,0.0027333333333333333,0.009,60.0,5000,132.0,0,0.0,0.0,0.0,0.0,0,0.0,0.07,2586,0,89.5,-,Belum ditandai,unset,0.3,1,0,
2026-06-26T00:32:53.663,3688293,3,0.0011333333333333334,0.0026666666666666666,0.009,60.0,5000,132.0,0,0.0,0.0,0.0,0.0,0,0.0,0.07,2586,0,89.5,-,Belum ditandai,unset,0.3,1,0,
2026-06-26T00:32:54.161,3688782,2,0.0014666666666666667,0.0033333333333333335,0.009,60.0,5000,132.0,0,0.0,0.0,0.0,0.0,0,0.0,0.07,2587,0,89.5,-,Belum ditandai,unset,0.3,1,0,
2026-06-26T00:32:54.689,3689307,0,0.0017333333333333335,0.0038666666666666667,0.009,60.0,5000,132.0,0,0.0,0.0,0.0,0.0,0,0.0,0.07,2587,0,89.5,-,Belum ditandai,unset,0.3,1,0,
2026-06-26T00:32:55.281,3689901,5,0.0018,0.004533333333333334,0.009,60.0,5000,132.0,0,0.0,0.0,0.0,0.0,0,0.0,0.07,2588,0,89.5,-,Belum ditandai,unset,0.3,1,0,
2026-06-26T00:32:55.797,3690426,0,0.0019333333333333333,0.0042,0.009,60.0,5000,132.0,0,0.0,0.0,0.0,0.0,0,0.0,0.07,2588,0,89.5,-,Belum ditandai,unset,0.3,1,0,
2026-06-26T00:32:56.311,3690915,0,0.0044,0.004600000000000001,0.009,60.0,5000,132.0,0,0.0,0.0,0.0,0.0,0,0.0,0.07,2589,0,89.5,-,Belum ditandai,unset,0.3,1,0,
2026-06-26T00:32:56.811,3691440,7,0.004666666666666666,0.0051333333333333335,0.009,60.0,5000,132.0,0,0.0,0.0,0.0,0.0,0,0.0,0.07,2589,0,89.5,-,Belum ditandai,unset,0.3,1,0,
2026-06-26T00:32:57.310,3691929,3,0.0044,0.0054666666666666665,0.009,60.0,5000,132.0,0,0.0,0.0,0.0,0.0,0,0.0,0.07,2590,0,89.5,-,Belum ditandai,unset,0.3,1,0,
2026-06-26T00:32:57.857,3692454,0,0.0042,0.005933333333333333,0.009,60.0,5000,132.0,0,0.0,0.0,0.0,0.0,0,0.0,0.07,2590,0,89.5,-,Belum ditandai,unset,0.3,1,0,
2026-06-26T00:32:58.401,3693048,0,0.0024000000000000002,0.005066666666666666,0.009,60.0,5000,132.0,0,0.0,0.0,0.0,0.0,0,0.0,0.07,2591,0,89.5,-,Belum ditandai,unset,0.3,1,0,
2026-06-26T00:32:59.134,3693747,0,0.0020666666666666667,0.004733333333333334,0.009,60.0,5000,132.0,0,0.0,0.0,0.0,0.0,0,0.0,0.07,2592,0,89.5,-,Belum ditandai,unset,0.3,1,0,
2026-06-26T00:32:59.661,3694272,0,0.002266666666666667,0.0038,0.009,60.0,5000,132.0,0,0.0,0.0,0.0,0.0,0,0.0,0.07,2592,0,89.5,-,Belum ditandai,unset,0.3,1,0,
2026-06-26T00:33:00.155,3694761,9,0.0028,0.004266666666666667,0.009,60.0,5000,132.0,0,0.0,0.0,0.0,0.0,0,0.0,0.07,2593,0,89.5,-,Belum ditandai,unset,0.3,1,0,
2026-06-26T00:33:00.655,3695286,3,0.003466666666666667,0.004600000000000001,0.009,60.0,5000,132.0,0,0.0,0.0,0.0,0.0,0,0.0,0.07,2593,0,89.5,-,Belum ditandai,unset,0.3,1,0,
2026-06-26T00:33:01.154,3695775,1,0.003466666666666667,0.0044666666666666665,0.009,60.0,5000,132.0,0,0.0,0.0,0.0,0.0,0,0.0,0.07,2594,0,89.5,-,Belum ditandai,unset,0.3,1,0,
2026-06-26T00:33:01.652,3696300,0,0.0036666666666666666,0.004733333333333334,0.009,60.0,5000,132.0,0,0.0,0.0,0.0,0.0,0,0.0,0.07,2594,0,89.5,-,Belum ditandai,unset,0.3,1,0,
2026-06-26T00:33:02.153,3696789,0,0.0028,0.0042,0.009,60.0,5000,132.0,0,0.0,0.0,0.0,0.0,0,0.0,0.07,2595,0,89.5,-,Belum ditandai,unset,0.3,1,0,
2026-06-26T00:33:02.653,3697314,5,0.0034000000000000002,0.0044,0.009,60.0,5000,132.0,0,0.0,0.0,0.0,0.0,0,0.0,0.07,2595,0,89.5,-,Belum ditandai,unset,0.3,1,0,
2026-06-26T00:33:03.151,3697803,0,0.0032,0.0042,0.009,60.0,5000,132.0,0,0.0,0.0,0.0,0.0,0,0.0,0.07,2596,0,89.5,-,Belum ditandai,unset,0.3,1,0,
2026-06-26T00:33:03.652,3698328,0,0.0027333333333333333,0.004266666666666667,0.009,60.0,5000,132.0,0,0.0,0.0,0.0,0.0,0,0.0,0.07,2596,0,89.5,-,Belum ditandai,unset,0.3,1,0,
2026-06-26T00:33:04.187,3698817,4,0.0036666666666666666,0.004533333333333334,0.009,60.0,5000,132.0,0,0.0,0.0,0.0,0.0,0,0.0,0.07,2597,0,89.5,-,Belum ditandai,unset,0.3,1,0,
2026-06-26T00:33:04.682,3699342,15,0.003933333333333333,0.0044666666666666665,0.009,60.0,5000,132.0,0,0.0,0.0,0.0,0.0,0,0.0,0.07,2597,0,89.5,-,Belum ditandai,unset,0.3,1,0,
2026-06-26T00:33:05.207,3699831,0,0.004066666666666666,0.004600000000000001,0.009,60.0,5000,132.0,0,0.0,0.0,0.0,0.0,0,0.0,0.07,2598,0,89.5,-,Belum ditandai,unset,0.3,1,0,
2026-06-26T00:33:05.815,3700461,4,0.0038,0.004600000000000001,0.009,60.0,5000,132.0,0,0.0,0.0,0.0,0.0,0,0.0,0.07,2598,0,89.5,-,Belum ditandai,unset,0.3,1,0,
2026-06-26T00:33:06.309,3700950,0,0.0034000000000000002,0.004333333333333333,0.009,60.0,5000,132.0,0,0.0,0.0,0.0,0.0,0,0.0,0.07,2599,0,89.5,-,Belum ditandai,unset,0.3,1,0,
2026-06-26T00:33:06.809,3701475,5,0.002266666666666667,0.004666666666666667,0.009,60.0,5000,132.0,0,0.0,0.0,0.0,0.0,0,0.0,0.07,2599,0,89.5,-,Belum ditandai,unset,0.3,1,0,
2026-06-26T00:33:07.309,3701964,0,0.0015333333333333334,0.004533333333333334,0.009,60.0,5000,132.0,0,0.0,0.0,0.0,0.0,0,0.0,0.07,2600,0,89.5,-,Belum ditandai,unset,0.3,1,0,
2026-06-26T00:33:07.809,3702489,6,0.0022,0.004533333333333334,0.009,60.0,5000,132.0,0,0.0,0.0,0.0,0.0,0,0.0,0.07,2600,0,89.5,-,Belum ditandai,unset,0.3,1,0,
2026-06-26T00:33:08.310,3702978,0,0.0022,0.005533333333333334,0.009,60.0,5000,132.0,0,0.0,0.0,0.0,0.0,0,0.0,0.07,2601,0,89.5,-,Belum ditandai,unset,0.3,1,0,
2026-06-26T00:33:08.810,3703503,0,0.0021333333333333334,0.0054666666666666665,0.009,60.0,5000,132.0,0,0.0,0.0,0.0,0.0,0,0.0,0.07,2601,0,89.5,-,Belum ditandai,unset,0.3,1,0,
2026-06-26T00:33:09.308,3703992,11,0.0026666666666666666,0.0056,0.009,60.0,5000,132.0,0,0.0,0.0,0.0,0.0,0,0.0,0.07,2602,0,89.5,-,Belum ditandai,unset,0.3,1,0,
2026-06-26T00:33:09.871,3704517,7,0.0028666666666666662,0.0054,0.009,60.0,5000,132.0,0,0.0,0.0,0.0,0.0,0,0.0,0.07,2602,0,89.5,-,Belum ditandai,unset,0.3,1,0,
2026-06-26T00:33:10.432,3705111,8,0.0031333333333333335,0.0048000000000000004,0.009,60.0,5000,132.0,0,0.0,0.0,0.0,0.0,0,0.0,0.07,2603,0,89.5,-,Belum ditandai,unset,0.3,1,0,
2026-06-26T00:33:10.963,3705636,5,0.0033333333333333335,0.0041333333333333335,0.009,60.0,5000,132.0,0,0.0,0.0,0.0,0.0,0,0.0,0.07,2603,0,89.5,-,Belum ditandai,unset,0.3,1,0,
2026-06-26T00:33:11.546,3706230,17,0.004333333333333333,0.004333333333333333,0.009,60.0,5000,132.0,0,0.0,0.0,0.0,0.0,0,0.0,0.07,2604,0,89.5,-,Belum ditandai,unset,0.3,1,0,
2026-06-26T00:33:12.216,3706929,0,0.0034666666666666665,0.0038666666666666667,0.009,60.0,5000,132.0,0,0.0,0.0,0.0,0.0,0,0.0,0.07,2605,0,89.5,-,Belum ditandai,unset,0.3,1,0,
2026-06-26T00:33:12.769,3707454,2,0.0037333333333333333,0.004066666666666666,0.009,60.0,5000,132.0,0,0.0,0.0,0.0,0.0,0,0.0,0.07,2605,0,89.5,-,Belum ditandai,unset,0.3,1,0,
2026-06-26T00:33:13.263,3707943,3,0.0036,0.004266666666666667,0.009,60.0,5000,132.0,0,0.0,0.0,0.0,0.0,0,0.0,0.07,2606,0,89.5,-,Belum ditandai,unset,0.3,1,0,
2026-06-26T00:33:13.760,3708468,6,0.0022,0.0041333333333333335,0.009,60.0,5000,132.0,0,0.0,0.0,0.0,0.0,0,0.0,0.07,2606,0,89.5,-,Belum ditandai,unset,0.3,1,0,
2026-06-26T00:33:14.262,3708957,16,0.003266666666666667,0.004066666666666666,0.009,60.0,5000,132.0,0,0.0,0.0,0.0,0.0,0,0.0,0.07,2607,0,89.5,-,Belum ditandai,unset,0.3,1,0,
2026-06-26T00:33:14.762,3709482,2,0.004266666666666667,0.0044,0.009,60.0,5000,132.0,0,0.0,0.0,0.0,0.0,0,0.0,0.07,2607,0,89.5,-,Belum ditandai,unset,0.3,1,0,
2026-06-26T00:33:15.262,3709971,9,0.004933333333333333,0.004266666666666667,0.009,60.0,5000,132.0,0,0.0,0.0,0.0,0.0,0,0.0,0.07,2608,0,89.5,-,Belum ditandai,unset,0.3,1,0,
2026-06-26T00:33:15.826,3710496,2,0.0048000000000000004,0.0041333333333333335,0.009,60.0,5000,132.0,0,0.0,0.0,0.0,0.0,0,0.0,0.07,2608,0,89.5,-,Belum ditandai,unset,0.3,1,0,
2026-06-26T00:33:16.384,3711090,4,0.004533333333333334,0.0041333333333333335,0.009,60.0,5000,132.0,0,0.0,0.0,0.0,0.0,0,0.0,0.07,2609,0,89.5,-,Belum ditandai,unset,0.3,1,0,
2026-06-26T00:33:16.885,3711615,0,0.0028,0.0036666666666666666,0.009,60.0,5000,132.0,0,0.0,0.0,0.0,0.0,0,0.0,0.07,2609,0,89.5,-,Belum ditandai,unset,0.3,1,0,
2026-06-26T00:33:17.508,3712209,0,0.0024666666666666665,0.003466666666666667,0.009,60.0,5000,132.0,0,0.0,0.0,0.0,0.0,0,0.0,0.07,2610,0,89.5,-,Belum ditandai,unset,0.3,1,0,
2026-06-26T00:33:18.008,3712734,1,0.0026,0.0034000000000000002,0.009,60.0,5000,132.0,0,0.0,0.0,0.0,0.0,0,0.0,0.07,2610,0,89.5,-,Belum ditandai,unset,0.3,1,0,
2026-06-26T00:33:18.512,3713223,7,0.002266666666666667,0.0032,0.009,60.0,5000,132.0,0,0.0,0.0,0.0,0.0,0,0.0,0.07,2611,0,89.5,-,Belum ditandai,unset,0.3,1,0,
2026-06-26T00:33:19.013,3713748,2,0.0031333333333333335,0.0038666666666666667,0.009,60.0,5000,132.0,0,0.0,0.0,0.0,0.0,0,0.0,0.07,2611,0,89.5,-,Belum ditandai,unset,0.3,1,0,
2026-06-26T00:33:19.517,3714237,0,0.0034000000000000002,0.0038666666666666667,0.009,60.0,5000,132.0,0,0.0,0.0,0.0,0.0,0,0.0,0.07,2612,0,89.5,-,Belum ditandai,unset,0.3,1,0,
2026-06-26T00:33:20.082,3714762,0,0.0029333333333333334,0.004333333333333333,0.009,60.0,5000,132.0,0,0.0,0.0,0.0,0.0,0,0.0,0.07,2612,0,89.5,-,Belum ditandai,unset,0.3,1,0,
2026-06-26T00:33:20.647,3715356,7,0.0028,0.0042,0.009,60.0,5000,132.0,0,0.0,0.0,0.0,0.0,0,0.0,0.07,2613,0,89.5,-,Belum ditandai,unset,0.3,1,0,
2026-06-26T00:33:21.337,3716055,2,0.0024000000000000002,0.004533333333333334,0.009,60.0,5000,132.0,0,0.0,0.0,0.0,0.0,0,0.0,0.07,2614,0,89.5,-,Belum ditandai,unset,0.3,1,0,
2026-06-26T00:33:21.836,3716580,0,0.0024666666666666665,0.0051333333333333335,0.009,60.0,5000,132.0,0,0.0,0.0,0.0,0.0,0,0.0,0.07,2614,0,89.5,-,Belum ditandai,unset,0.3,1,0,
2026-06-26T00:33:22.322,3717069,0,0.0024000000000000002,0.005666666666666667,0.009,60.0,5000,132.0,0,0.0,0.0,0.0,0.0,0,0.0,0.07,2615,0,89.5,-,Belum ditandai,unset,0.3,1,0,
2026-06-26T00:33:22.873,3717594,1,0.0029333333333333334,0.005666666666666667,0.009,60.0,5000,132.0,0,0.0,0.0,0.0,0.0,0,0.0,0.07,2615,0,89.5,-,Belum ditandai,unset,0.3,1,0,
2026-06-26T00:33:23.374,3718083,3,0.0029333333333333334,0.005333333333333333,0.009,60.0,5000,132.0,0,0.0,0.0,0.0,0.0,0,0.0,0.07,2616,0,89.5,-,Belum ditandai,unset,0.3,1,0,
2026-06-26T00:33:23.875,3718608,12,0.006,0.0054666666666666665,0.009,60.0,5000,132.0,0,0.0,0.0,0.0,0.0,0,0.0,0.07,2616,0,89.5,-,Belum ditandai,unset,0.3,1,0,
2026-06-26T00:33:24.472,3719202,2,0.0056,0.0052,0.009,60.0,5000,132.0,0,0.0,0.0,0.0,0.0,0,0.0,0.07,2617,0,89.5,-,Belum ditandai,unset,0.3,1,0,
2026-06-26T00:33:25.019,3719727,7,0.005933333333333333,0.0052,0.009,60.0,5000,132.0,0,0.0,0.0,0.0,0.0,0,0.0,0.07,2617,0,89.5,-,Belum ditandai,unset,0.3,1,0,
2026-06-26T00:33:25.569,3720321,4,0.004,0.005,0.009,60.0,5000,132.0,0,0.0,0.0,0.0,0.0,0,0.0,0.07,2618,0,89.5,-,Belum ditandai,unset,0.3,1,0,
2026-06-26T00:33:26.085,3720846,27,0.004933333333333333,0.005533333333333334,0.009,60.0,5000,132.0,0,0.0,0.0,0.0,0.0,0,0.0,0.07,2618,0,89.5,-,Belum ditandai,unset,0.3,1,0,
2026-06-26T00:33:26.616,3721335,2,0.0036,0.005533333333333334,0.009,60.0,5000,132.0,0,0.0,0.0,0.0,0.0,0,0.0,0.07,2619,0,89.5,-,Belum ditandai,unset,0.3,1,0,
2026-06-26T00:33:27.133,3721860,2,0.0027333333333333333,0.0051333333333333335,0.009,60.0,5000,132.0,0,0.0,0.0,0.0,0.0,0,0.0,0.07,2619,0,89.5,-,Belum ditandai,unset,0.3,1,0,
2026-06-26T00:33:27.636,3722349,2,0.0026666666666666666,0.0041333333333333335,0.009,60.0,5000,132.0,0,0.0,0.0,0.0,0.0,0,0.0,0.07,2620,0,89.5,-,Belum ditandai,unset,0.3,1,0,
2026-06-26T00:33:28.137,3722874,0,0.0011333333333333334,0.0033333333333333335,0.009,60.0,5000,132.0,0,0.0,0.0,0.0,0.0,0,0.0,0.07,2620,0,89.5,-,Belum ditandai,unset,0.3,1,0,
2026-06-26T00:33:28.641,3723363,5,0.0012666666666666666,0.0034000000000000002,0.009,60.0,5000,132.0,0,0.0,0.0,0.0,0.0,0,0.0,0.07,2621,0,89.5,-,Belum ditandai,unset,0.3,1,0,
2026-06-26T00:33:29.436,3724167,3,0.0016,0.004,0.009,60.0,5000,132.0,0,0.0,0.0,0.0,0.0,0,0.0,0.07,2622,0,89.5,-,Belum ditandai,unset,0.3,1,0,
2026-06-26T00:33:29.936,3724692,2,0.0026,0.0044666666666666665,0.009,60.0,5000,132.0,0,0.0,0.0,0.0,0.0,0,0.0,0.07,2622,0,89.5,-,Belum ditandai,unset,0.3,1,0,
2026-06-26T00:33:30.436,3725181,4,0.003266666666666667,0.0041333333333333335,0.009,60.0,5000,132.0,0,0.0,0.0,0.0,0.0,0,0.0,0.07,2623,0,89.5,-,Belum ditandai,unset,0.3,1,0,
2026-06-26T00:33:30.936,3725706,4,0.0033333333333333335,0.004266666666666667,0.009,60.0,5000,132.0,0,0.0,0.0,0.0,0.0,0,0.0,0.07,2623,0,89.5,-,Belum ditandai,unset,0.3,1,0,
2026-06-26T00:33:31.437,3726195,8,0.003933333333333333,0.004333333333333333,0.009,60.0,5000,132.0,0,0.0,0.0,0.0,0.0,0,0.0,0.07,2624,0,89.5,-,Belum ditandai,unset,0.3,1,0,
2026-06-26T00:33:31.935,3726720,1,0.0030666666666666668,0.003466666666666667,0.009,60.0,5000,132.0,0,0.0,0.0,0.0,0.0,0,0.0,0.07,2624,0,89.5,-,Belum ditandai,unset,0.3,1,0,
2026-06-26T00:33:32.436,3727209,3,0.0026666666666666666,0.003533333333333333,0.009,60.0,5000,132.0,0,0.0,0.0,0.0,0.0,0,0.0,0.07,2625,0,89.5,-,Belum ditandai,unset,0.3,1,0,
2026-06-26T00:33:33.000,3727734,2,0.002,0.003266666666666667,0.009,60.0,5000,132.0,0,0.0,0.0,0.0,0.0,0,0.0,0.07,2625,0,89.5,-,Belum ditandai,unset,0.3,1,0,
2026-06-26T00:33:33.561,3728328,0,0.0021333333333333334,0.004333333333333333,0.009,60.0,5000,132.0,0,0.0,0.0,0.0,0.0,0,0.0,0.07,2626,0,89.5,-,Belum ditandai,unset,0.3,1,0,
2026-06-26T00:33:34.064,3728853,0,0.0020666666666666667,0.004600000000000001,0.009,60.0,5000,132.0,0,0.0,0.0,0.0,0.0,0,0.0,0.07,2626,0,89.5,-,Belum ditandai,unset,0.3,1,0,
2026-06-26T00:33:34.565,3729342,3,0.002,0.0044666666666666665,0.009,60.0,5000,132.0,0,0.0,0.0,0.0,0.0,0,0.0,0.07,2627,0,89.5,-,Belum ditandai,unset,0.3,1,0,
2026-06-26T00:33:35.069,3729867,0,0.0018666666666666666,0.004,0.009,60.0,5000,132.0,0,0.0,0.0,0.0,0.0,0,0.0,0.07,2627,0,89.5,-,Belum ditandai,unset,0.3,1,0,
2026-06-26T00:33:35.572,3730356,5,0.0017333333333333335,0.003933333333333334,0.009,60.0,5000,132.0,0,0.0,0.0,0.0,0.0,0,0.0,0.07,2628,0,89.5,-,Belum ditandai,unset,0.3,1,0,
2026-06-26T00:33:36.121,3730881,1,0.002333333333333333,0.004333333333333333,0.009,60.0,5000,132.0,0,0.0,0.0,0.0,0.0,0,0.0,0.07,2628,0,89.5,-,Belum ditandai,unset,0.3,1,0,
2026-06-26T00:33:36.620,3731370,9,0.0027333333333333333,0.004533333333333334,0.009,60.0,5000,132.0,0,0.0,0.0,0.0,0.0,0,0.0,0.07,2629,0,89.5,-,Belum ditandai,unset,0.3,1,0,
2026-06-26T00:33:37.120,3731895,0,0.0033333333333333335,0.005,0.009,60.0,5000,132.0,0,0.0,0.0,0.0,0.0,0,0.0,0.07,2629,0,89.5,-,Belum ditandai,unset,0.3,1,0,
2026-06-26T00:33:37.620,3732384,4,0.0031333333333333335,0.004866666666666667,0.009,60.0,5000,132.0,0,0.0,0.0,0.0,0.0,0,0.0,0.07,2630,0,89.5,-,Belum ditandai,unset,0.3,1,0,
2026-06-26T00:33:38.122,3732909,6,0.0028,0.004933333333333333,0.009,60.0,5000,132.0,0,0.0,0.0,0.0,0.0,0,0.0,0.07,2630,0,89.5,-,Belum ditandai,unset,0.3,1,0,
2026-06-26T00:33:38.623,3733398,4,0.002533333333333333,0.004666666666666667,0.009,60.0,5000,132.0,0,0.0,0.0,0.0,0.0,0,0.0,0.07,2631,0,89.5,-,Belum ditandai,unset,0.3,1,0,
2026-06-26T00:33:39.119,3733923,0,0.0030666666666666668,0.0044,0.009,60.0,5000,132.0,0,0.0,0.0,0.0,0.0,0,0.0,0.07,2631,0,89.5,-,Belum ditandai,unset,0.3,1,0,
2026-06-26T00:33:39.743,3734517,3,0.0028666666666666662,0.0041333333333333335,0.009,60.0,5000,132.0,0,0.0,0.0,0.0,0.0,0,0.0,0.07,2632,0,89.5,-,Belum ditandai,unset,0.3,1,0,
2026-06-26T00:33:40.242,3735042,4,0.0029333333333333334,0.004066666666666666,0.009,60.0,5000,132.0,0,0.0,0.0,0.0,0.0,0,0.0,0.07,2632,0,89.5,-,Belum ditandai,unset,0.3,1,0,
2026-06-26T00:33:40.741,3735531,4,0.0021333333333333334,0.003933333333333334,0.009,60.0,5000,132.0,0,0.0,0.0,0.0,0.0,0,0.0,0.07,2633,0,89.5,-,Belum ditandai,unset,0.3,1,0,
2026-06-26T00:33:41.243,3736056,3,0.002533333333333333,0.0038,0.009,60.0,5000,132.0,0,0.0,0.0,0.0,0.0,0,0.0,0.07,2633,0,89.5,-,Belum ditandai,unset,0.3,1,0,
2026-06-26T00:33:41.744,3736545,6,0.0023333333333333335,0.0038,0.009,60.0,5000,132.0,0,0.0,0.0,0.0,0.0,0,0.0,0.07,2634,0,89.5,-,Belum ditandai,unset,0.3,1,0,
2026-06-26T00:33:42.558,3737349,3,0.0029333333333333334,0.004266666666666667,0.009,60.0,5000,132.0,0,0.0,0.0,0.0,0.0,0,0.0,0.07,2635,0,89.5,-,Belum ditandai,unset,0.3,1,0,
2026-06-26T00:33:43.058,3737874,8,0.0037333333333333333,0.004600000000000001,0.009,60.0,5000,132.0,0,0.0,0.0,0.0,0.0,0,0.0,0.07,2635,0,89.5,-,Belum ditandai,unset,0.3,1,0,
2026-06-26T00:33:43.558,3738363,1,0.0034666666666666665,0.004533333333333334,0.009,60.0,5000,132.0,0,0.0,0.0,0.0,0.0,0,0.0,0.07,2636,0,89.5,-,Belum ditandai,unset,0.3,1,0,
2026-06-26T00:33:44.057,3738888,0,0.0032,0.003933333333333334,0.009,60.0,5000,132.0,0,0.0,0.0,0.0,0.0,0,0.0,0.07,2636,0,89.5,-,Belum ditandai,unset,0.3,1,0,
2026-06-26T00:33:44.556,3739377,6,0.0029333333333333334,0.0037333333333333333,0.009,60.0,5000,132.0,0,0.0,0.0,0.0,0.0,0,0.0,0.07,2637,0,89.5,-,Belum ditandai,unset,0.3,1,0,
2026-06-26T00:33:45.119,3739902,0,0.0020666666666666667,0.0033333333333333335,0.009,60.0,5000,132.0,0,0.0,0.0,0.0,0.0,0,0.0,0.07,2637,0,89.5,-,Belum ditandai,unset,0.3,1,0,
2026-06-26T00:33:45.683,3740496,4,0.0024000000000000002,0.003533333333333333,0.009,60.0,5000,132.0,0,0.0,0.0,0.0,0.0,0,0.0,0.07,2638,0,89.5,-,Belum ditandai,unset,0.3,1,0,
2026-06-26T00:33:46.184,3741021,4,0.0024666666666666665,0.003933333333333334,0.009,60.0,5000,132.0,0,0.0,0.0,0.0,0.0,0,0.0,0.07,2638,0,89.5,-,Belum ditandai,unset,0.3,1,0,
2026-06-26T00:33:46.689,3741510,1,0.0026666666666666666,0.0038,0.009,60.0,5000,132.0,0,0.0,0.0,0.0,0.0,0,0.0,0.07,2639,0,89.5,-,Belum ditandai,unset,0.3,1,0,
2026-06-26T00:33:47.191,3742035,0,0.004,0.004,0.009,60.0,5000,132.0,0,0.0,0.0,0.0,0.0,0,0.0,0.07,2639,0,89.5,-,Belum ditandai,unset,0.3,1,0,
2026-06-26T00:33:47.694,3742524,2,0.0034000000000000002,0.0038,0.009,60.0,5000,132.0,0,0.0,0.0,0.0,0.0,0,0.0,0.07,2640,0,89.5,-,Belum ditandai,unset,0.3,1,0,
2026-06-26T00:33:48.244,3743049,6,0.004266666666666667,0.0042,0.009,60.0,5000,132.0,0,0.0,0.0,0.0,0.0,0,0.0,0.07,2640,0,89.5,-,Belum ditandai,unset,0.3,1,0,
2026-06-26T00:33:48.745,3743538,2,0.004333333333333333,0.0044,0.009,60.0,5000,132.0,0,0.0,0.0,0.0,0.0,0,0.0,0.07,2641,0,89.5,-,Belum ditandai,unset,0.3,1,0,
2026-06-26T00:33:49.370,3744168,5,0.003533333333333333,0.005066666666666666,0.009,60.0,5000,132.0,0,0.0,0.0,0.0,0.0,0,0.0,0.07,2641,0,89.5,-,Belum ditandai,unset,0.3,1,0,
2026-06-26T00:33:49.935,3744762,2,0.0026666666666666666,0.0048,0.009,60.0,5000,132.0,0,0.0,0.0,0.0,0.0,0,0.0,0.07,2642,0,89.5,-,Belum ditandai,unset,0.3,1,0,
2026-06-26T00:33:50.625,3745461,0,0.0023333333333333335,0.004866666666666667,0.009,60.0,5000,132.0,0,0.0,0.0,0.0,0.0,0,0.0,0.07,2643,0,89.5,-,Belum ditandai,unset,0.3,1,0,
2026-06-26T00:33:51.125,3745986,10,0.0022,0.004066666666666666,0.009,60.0,5000,132.0,0,0.0,0.0,0.0,0.0,0,0.0,0.07,2643,0,89.5,-,Belum ditandai,unset,0.3,1,0,
2026-06-26T00:33:51.623,3746475,2,0.002,0.0037333333333333333,0.009,60.0,5000,132.0,0,0.0,0.0,0.0,0.0,0,0.0,0.07,2644,0,89.5,-,Belum ditandai,unset,0.3,1,0,
2026-06-26T00:33:52.187,3747000,2,0.002,0.0042,0.009,60.0,5000,132.0,0,0.0,0.0,0.0,0.0,0,0.0,0.07,2644,0,89.5,-,Belum ditandai,unset,0.3,1,0,
2026-06-26T00:33:52.727,3747594,4,0.0024000000000000002,0.004666666666666667,0.009,60.0,5000,132.0,0,0.0,0.0,0.0,0.0,0,0.0,0.07,2645,0,89.5,-,Belum ditandai,unset,0.3,1,0,
2026-06-26T00:33:53.292,3748119,1,0.0026666666666666666,0.005,0.009,60.0,5000,132.0,0,0.0,0.0,0.0,0.0,0,0.0,0.07,2645,0,89.5,-,Belum ditandai,unset,0.3,1,0,
2026-06-26T00:33:53.793,3748608,5,0.0024000000000000002,0.0048000000000000004,0.009,60.0,5000,132.0,0,0.0,0.0,0.0,0.0,0,0.0,0.07,2646,0,89.5,-,Belum ditandai,unset,0.3,1,0,
2026-06-26T00:33:54.293,3749133,6,0.0029333333333333334,0.004066666666666666,0.009,60.0,5000,132.0,0,0.0,0.0,0.0,0.0,0,0.0,0.07,2646,0,89.5,-,Belum ditandai,unset,0.3,1,0,
2026-06-26T00:33:54.794,3749622,3,0.002866666666666667,0.004333333333333333,0.009,60.0,5000,132.0,0,0.0,0.0,0.0,0.0,0,0.0,0.07,2647,0,89.5,-,Belum ditandai,unset,0.3,1,0,
2026-06-26T00:33:55.294,3750147,3,0.0024666666666666665,0.004533333333333334,0.009,60.0,5000,132.0,0,0.0,0.0,0.0,0.0,0,0.0,0.07,2647,0,89.5,-,Belum ditandai,unset,0.3,1,0,
2026-06-26T00:33:55.793,3750636,3,0.0026666666666666666,0.0048000000000000004,0.009,60.0,5000,132.0,0,0.0,0.0,0.0,0.0,0,0.0,0.07,2648,0,89.5,-,Belum ditandai,unset,0.3,1,0,
2026-06-26T00:33:56.413,3751266,0,0.0022,0.0048000000000000004,0.009,60.0,5000,132.0,0,0.0,0.0,0.0,0.0,0,0.0,0.07,2648,0,89.5,-,Belum ditandai,unset,0.3,1,0,
2026-06-26T00:33:56.915,3751755,0,0.0023333333333333335,0.004666666666666667,0.009,60.0,5000,132.0,0,0.0,0.0,0.0,0.0,0,0.0,0.07,2649,0,89.5,-,Belum ditandai,unset,0.3,1,0,
2026-06-26T00:33:57.417,3752280,0,0.0026,0.004533333333333334,0.009,60.0,5000,132.0,0,0.0,0.0,0.0,0.0,0,0.0,0.07,2649,0,89.5,-,Belum ditandai,unset,0.3,1,0,
2026-06-26T00:33:58.008,3752874,0,0.0023333333333333335,0.004266666666666667,0.009,60.0,5000,132.0,0,0.0,0.0,0.0,0.0,0,0.0,0.07,2650,0,89.5,-,Belum ditandai,unset,0.3,1,0,
2026-06-26T00:33:58.683,3753573,0,0.0024,0.004066666666666666,0.009,60.0,5000,132.0,0,0.0,0.0,0.0,0.0,0,0.0,0.07,2651,0,89.5,-,Belum ditandai,unset,0.3,1,0,
2026-06-26T00:33:59.228,3754098,4,0.0026,0.004266666666666667,0.009,60.0,5000,132.0,0,0.0,0.0,0.0,0.0,0,0.0,0.07,2651,0,89.5,-,Belum ditandai,unset,0.3,1,0,
2026-06-26T00:33:59.729,3754587,4,0.0027333333333333333,0.004600000000000001,0.009,60.0,5000,132.0,0,0.0,0.0,0.0,0.0,0,0.0,0.07,2652,0,89.5,-,Belum ditandai,unset,0.3,1,0,
2026-06-26T00:34:00.351,3755217,3,0.003933333333333334,0.006,0.009,60.0,5000,132.0,0,0.0,0.0,0.0,0.0,0,0.0,0.07,2652,0,89.5,-,Belum ditandai,unset,0.3,1,0,
2026-06-26T00:34:00.959,3755811,3,0.0034000000000000002,0.0058000000000000005,0.009,60.0,5000,132.0,0,0.0,0.0,0.0,0.0,0,0.0,0.07,2653,0,89.5,-,Belum ditandai,unset,0.3,1,0,
2026-06-26T00:34:01.456,3756336,7,0.0036,0.006,0.009,60.0,5000,132.0,0,0.0,0.0,0.0,0.0,0,0.0,0.07,2653,0,89.5,-,Belum ditandai,unset,0.3,1,0,
2026-06-26T00:34:01.955,3756825,0,0.0037333333333333333,0.005066666666666666,0.009,60.0,5000,132.0,0,0.0,0.0,0.0,0.0,0,0.0,0.07,2654,0,89.5,-,Belum ditandai,unset,0.3,1,0,
2026-06-26T00:34:02.450,3757350,1,0.0019333333333333333,0.004733333333333334,0.009,60.0,5000,132.0,0,0.0,0.0,0.0,0.0,0,0.0,0.07,2654,0,89.5,-,Belum ditandai,unset,0.3,1,0,
2026-06-26T00:34:02.952,3757839,7,0.0022,0.005,0.009,60.0,5000,132.0,0,0.0,0.0,0.0,0.0,0,0.0,0.07,2655,0,89.5,-,Belum ditandai,unset,0.3,1,0,
2026-06-26T00:34:03.500,3758364,0,0.0013333333333333333,0.0041333333333333335,0.009,60.0,5000,132.0,0,0.0,0.0,0.0,0.0,0,0.0,0.07,2655,0,89.5,-,Belum ditandai,unset,0.3,1,0,
2026-06-26T00:34:04.001,3758853,2,0.0016,0.0038666666666666667,0.009,60.0,5000,132.0,0,0.0,0.0,0.0,0.0,0,0.0,0.07,2656,0,89.5,-,Belum ditandai,unset,0.3,1,0,
2026-06-26T00:34:04.797,3759657,3,0.0020666666666666667,0.004066666666666666,0.009,60.0,5000,132.0,0,0.0,0.0,0.0,0.0,0,0.0,0.07,2657,0,89.5,-,Belum ditandai,unset,0.3,1,0,
2026-06-26T00:34:05.296,3760182,4,0.0024666666666666665,0.004,0.009,60.0,5000,132.0,0,0.0,0.0,0.0,0.0,0,0.0,0.07,2657,0,89.5,-,Belum ditandai,unset,0.3,1,0,
2026-06-26T00:34:05.798,3760671,0,0.002266666666666667,0.0038,0.009,60.0,5000,132.0,0,0.0,0.0,0.0,0.0,0,0.0,0.07,2658,0,89.5,-,Belum ditandai,unset,0.3,1,0,
2026-06-26T00:34:06.299,3761196,3,0.0026666666666666666,0.0041333333333333335,0.009,60.0,5000,132.0,0,0.0,0.0,0.0,0.0,0,0.0,0.07,2658,0,89.5,-,Belum ditandai,unset,0.3,1,0,
2026-06-26T00:34:06.797,3761685,7,0.002533333333333333,0.0037333333333333333,0.009,60.0,5000,132.0,0,0.0,0.0,0.0,0.0,0,0.0,0.07,2659,0,89.5,-,Belum ditandai,unset,0.3,1,0,
2026-06-26T00:34:07.297,3762210,1,0.0018666666666666666,0.0038666666666666667,0.009,60.0,5000,132.0,0,0.0,0.0,0.0,0.0,0,0.0,0.07,2659,0,89.5,-,Belum ditandai,unset,0.3,1,0,
2026-06-26T00:34:07.796,3762699,3,0.0018666666666666666,0.0041333333333333335,0.009,60.0,5000,132.0,0,0.0,0.0,0.0,0.0,0,0.0,0.07,2660,0,89.5,-,Belum ditandai,unset,0.3,1,0,
2026-06-26T00:34:08.296,3763224,5,0.0023333333333333335,0.0036666666666666666,0.009,60.0,5000,132.0,0,0.0,0.0,0.0,0.0,0,0.0,0.07,2660,0,89.5,-,Belum ditandai,unset,0.3,1,0,
2026-06-26T00:34:08.794,3763713,7,0.0026666666666666666,0.0038666666666666667,0.009,60.0,5000,132.0,0,0.0,0.0,0.0,0.0,0,0.0,0.07,2661,0,89.5,-,Belum ditandai,unset,0.3,1,0,
2026-06-26T00:34:09.361,3764238,0,0.0024000000000000002,0.0037333333333333333,0.009,60.0,5000,132.0,0,0.0,0.0,0.0,0.0,0,0.0,0.07,2661,0,89.5,-,Belum ditandai,unset,0.3,1,0,
2026-06-26T00:34:09.925,3764832,0,0.0017333333333333335,0.004066666666666666,0.009,60.0,5000,132.0,0,0.0,0.0,0.0,0.0,0,0.0,0.07,2662,0,89.5,-,Belum ditandai,unset,0.3,1,0,
2026-06-26T00:34:10.427,3765357,3,0.0017333333333333335,0.0041333333333333335,0.009,60.0,5000,132.0,0,0.0,0.0,0.0,0.0,0,0.0,0.07,2662,0,89.5,-,Belum ditandai,unset,0.3,1,0,
2026-06-26T00:34:10.928,3765846,0,0.0016666666666666668,0.0044,0.009,60.0,5000,132.0,0,0.0,0.0,0.0,0.0,0,0.0,0.07,2663,0,89.5,-,Belum ditandai,unset,0.3,1,0,
2026-06-26T00:34:11.430,3766371,0,0.002266666666666667,0.004933333333333333,0.009,60.0,5000,132.0,0,0.0,0.0,0.0,0.0,0,0.0,0.07,2663,0,89.5,-,Belum ditandai,unset,0.3,1,0,
2026-06-26T00:34:11.929,3766860,3,0.0022,0.004666666666666667,0.009,60.0,5000,132.0,0,0.0,0.0,0.0,0.0,0,0.0,0.07,2664,0,89.5,-,Belum ditandai,unset,0.3,1,0,
2026-06-26T00:34:12.490,3767385,0,0.0026666666666666666,0.004533333333333334,0.009,60.0,5000,132.0,0,0.0,0.0,0.0,0.0,0,0.0,0.07,2664,0,89.5,-,Belum ditandai,unset,0.3,1,0,
2026-06-26T00:34:13.055,3767979,0,0.002266666666666667,0.0038666666666666667,0.009,60.0,5000,132.0,0,0.0,0.0,0.0,0.0,0,0.0,0.07,2665,0,89.5,-,Belum ditandai,unset,0.3,1,0,
2026-06-26T00:34:13.555,3768504,4,0.0016,0.0041333333333333335,0.009,60.0,5000,132.0,0,0.0,0.0,0.0,0.0,0,0.0,0.07,2665,0,89.5,-,Belum ditandai,unset,0.3,1,0,
2026-06-26T00:34:14.054,3768993,1,0.0012000000000000001,0.0041333333333333335,0.009,60.0,5000,132.0,0,0.0,0.0,0.0,0.0,0,0.0,0.07,2666,0,89.5,-,Belum ditandai,unset,0.3,1,0,
2026-06-26T00:34:14.619,3769518,0,0.0024666666666666665,0.0054,0.009,60.0,5000,132.0,0,0.0,0.0,0.0,0.0,0,0.0,0.07,2666,0,89.5,-,Belum ditandai,unset,0.3,1,0,
2026-06-26T00:34:15.186,3770112,1,0.0023333333333333335,0.0058,0.009,60.0,5000,132.0,0,0.0,0.0,0.0,0.0,0,0.0,0.07,2667,0,89.5,-,Belum ditandai,unset,0.3,1,0,
2026-06-26T00:34:15.874,3770811,8,0.004733333333333333,0.006533333333333334,0.009,60.0,5000,132.0,0,0.0,0.0,0.0,0.0,0,0.0,0.07,2668,0,89.5,-,Belum ditandai,unset,0.3,1,0,
2026-06-26T00:34:16.437,3771336,3,0.0042,0.006266666666666667,0.009,60.0,5000,132.0,0,0.0,0.0,0.0,0.0,0,0.0,0.07,2668,0,89.5,-,Belum ditandai,unset,0.3,1,0,
2026-06-26T00:34:17.004,3771930,24,0.007733333333333333,0.005666666666666667,0.009,60.0,5000,132.0,0,0.0,0.0,0.0,0.0,0,0.0,0.07,2669,0,89.5,-,Belum ditandai,unset,0.3,1,0,
2026-06-26T00:34:17.502,3772455,0,0.008133333333333333,0.005866666666666667,0.009,60.0,5000,132.0,0,0.0,0.0,0.0,0.0,0,0.0,0.07,2669,0,89.5,-,Belum ditandai,unset,0.3,1,0,
2026-06-26T00:34:18.001,3772944,1,0.008266666666666667,0.005666666666666667,0.009,60.0,5000,132.0,0,0.0,0.0,0.0,0.0,0,0.0,0.07,2670,0,89.5,-,Belum ditandai,unset,0.3,1,0,
2026-06-26T00:34:18.563,3773469,3,0.005866666666666667,0.005066666666666666,0.009,60.0,5000,132.0,0,0.0,0.0,0.0,0.0,0,0.0,0.07,2670,0,89.5,-,Belum ditandai,unset,0.3,1,0,
2026-06-26T00:34:19.124,3774063,6,0.0029333333333333334,0.0038666666666666667,0.009,60.0,5000,132.0,0,0.0,0.0,0.0,0.0,0,0.0,0.07,2671,0,89.5,-,Belum ditandai,unset,0.3,1,0,
2026-06-26T00:34:19.625,3774588,7,0.0019333333333333333,0.003533333333333333,0.009,60.0,5000,132.0,0,0.0,0.0,0.0,0.0,0,0.0,0.07,2671,0,89.5,-,Belum ditandai,unset,0.3,1,0,
2026-06-26T00:34:20.125,3775077,3,0.0024000000000000002,0.0034000000000000002,0.009,60.0,5000,132.0,0,0.0,0.0,0.0,0.0,0,0.0,0.07,2672,0,89.5,-,Belum ditandai,unset,0.3,1,0,
2026-06-26T00:34:20.683,3775602,0,0.003,0.003533333333333333,0.009,60.0,5000,132.0,0,0.0,0.0,0.0,0.0,0,0.0,0.07,2672,0,89.5,-,Belum ditandai,unset,0.3,1,0,
2026-06-26T00:34:21.244,3776196,4,0.002533333333333333,0.0042,0.009,60.0,5000,132.0,0,0.0,0.0,0.0,0.0,0,0.0,0.07,2673,0,89.5,-,Belum ditandai,unset,0.3,1,0,
2026-06-26T00:34:21.931,3776895,3,0.0020666666666666667,0.0044,0.009,60.0,5000,132.0,0,0.0,0.0,0.0,0.0,0,0.0,0.07,2674,0,89.5,-,Belum ditandai,unset,0.3,1,0,
2026-06-26T00:34:22.493,3777420,5,0.0062,0.0058,0.009,60.0,5000,132.0,0,0.0,0.0,0.0,0.0,0,0.0,0.07,2674,0,89.5,-,Belum ditandai,unset,0.3,1,0,
2026-06-26T00:34:23.056,3778014,1,0.0066,0.0054,0.009,60.0,5000,132.0,0,0.0,0.0,0.0,0.0,0,0.0,0.07,2675,0,89.5,-,Belum ditandai,unset,0.3,1,0,
2026-06-26T00:34:23.558,3778539,3,0.006266666666666667,0.005066666666666666,0.009,60.0,5000,132.0,0,0.0,0.0,0.0,0.0,0,0.0,0.07,2675,0,89.5,-,Belum ditandai,unset,0.3,1,0,
2026-06-26T00:34:24.057,3779028,1,0.006066666666666666,0.004733333333333334,0.009,60.0,5000,132.0,0,0.0,0.0,0.0,0.0,0,0.0,0.07,2676,0,89.5,-,Belum ditandai,unset,0.3,1,0,
2026-06-26T00:34:24.621,3779553,2,0.0018,0.0041333333333333335,0.009,60.0,5000,132.0,0,0.0,0.0,0.0,0.0,0,0.0,0.07,2676,0,89.5,-,Belum ditandai,unset,0.3,1,0,
2026-06-26T00:34:25.185,3780147,8,0.0023333333333333335,0.0044666666666666665,0.009,60.0,5000,132.0,0,0.0,0.0,0.0,0.0,0,0.0,0.07,2677,0,89.5,-,Belum ditandai,unset,0.3,1,0,
2026-06-26T00:34:25.688,3780672,9,0.003,0.0048000000000000004,0.009,60.0,5000,132.0,0,0.0,0.0,0.0,0.0,0,0.0,0.07,2677,0,89.5,-,Belum ditandai,unset,0.3,1,0,
2026-06-26T00:34:26.190,3781161,2,0.0034000000000000002,0.0048000000000000004,0.009,60.0,5000,132.0,0,0.0,0.0,0.0,0.0,0,0.0,0.07,2678,0,89.5,-,Belum ditandai,unset,0.3,1,0,
2026-06-26T00:34:26.690,3781686,0,0.0024666666666666665,0.0044,0.009,60.0,5000,132.0,0,0.0,0.0,0.0,0.0,0,0.0,0.07,2678,0,89.5,-,Belum ditandai,unset,0.3,1,0,
2026-06-26T00:34:27.186,3782175,5,0.0024666666666666665,0.004666666666666667,0.009,60.0,5000,132.0,0,0.0,0.0,0.0,0.0,0,0.0,0.07,2679,0,89.5,-,Belum ditandai,unset,0.3,1,0,
2026-06-26T00:34:27.746,3782700,3,0.0020666666666666667,0.004066666666666666,0.009,60.0,5000,132.0,0,0.0,0.0,0.0,0.0,0,0.0,0.07,2679,0,89.5,-,Belum ditandai,unset,0.3,1,0,
2026-06-26T00:34:28.245,3783189,0,0.0020666666666666667,0.0038666666666666667,0.009,60.0,5000,132.0,0,0.0,0.0,0.0,0.0,0,0.0,0.07,2680,0,89.5,-,Belum ditandai,unset,0.3,1,0,
2026-06-26T00:34:28.744,3783714,0,0.0020666666666666667,0.0030666666666666668,0.009,60.0,5000,132.0,0,0.0,0.0,0.0,0.0,0,0.0,0.07,2680,0,89.5,-,Belum ditandai,unset,0.3,1,0,
2026-06-26T00:34:29.305,3784308,3,0.0019333333333333333,0.0029333333333333334,0.009,60.0,5000,132.0,0,0.0,0.0,0.0,0.0,0,0.0,0.07,2681,0,89.5,-,Belum ditandai,unset,0.3,1,0,
2026-06-26T00:34:30.053,3785007,0,0.0024666666666666665,0.0032,0.009,60.0,5000,132.0,0,0.0,0.0,0.0,0.0,0,0.0,0.07,2682,0,89.5,-,Belum ditandai,unset,0.3,1,0,
2026-06-26T00:34:30.554,3785532,2,0.0021333333333333334,0.0032,0.009,60.0,5000,132.0,0,0.0,0.0,0.0,0.0,0,0.0,0.07,2682,0,89.5,-,Belum ditandai,unset,0.3,1,0,
2026-06-26T00:34:31.145,3786126,18,0.003,0.0033333333333333335,0.009,60.0,5000,132.0,0,0.0,0.0,0.0,0.0,0,0.0,0.07,2683,0,89.5,-,Belum ditandai,unset,0.3,1,0,
2026-06-26T00:34:31.691,3786651,2,0.0028666666666666662,0.0038,0.009,60.0,5000,132.0,0,0.0,0.0,0.0,0.0,0,0.0,0.07,2683,0,89.5,-,Belum ditandai,unset,0.3,1,0,
2026-06-26T00:34:32.236,3787245,0,0.003533333333333333,0.004333333333333333,0.009,60.0,5000,132.0,0,0.0,0.0,0.0,0.0,0,0.0,0.07,2684,0,89.5,-,Belum ditandai,unset,0.3,1,0,
2026-06-26T00:34:32.797,3787770,0,0.0036,0.004600000000000001,0.009,60.0,5000,132.0,0,0.0,0.0,0.0,0.0,0,0.0,0.07,2684,0,89.5,-,Belum ditandai,unset,0.3,1,0,
2026-06-26T00:34:33.297,3788259,4,0.0020666666666666667,0.0044,0.009,60.0,5000,132.0,0,0.0,0.0,0.0,0.0,0,0.0,0.07,2685,0,89.5,-,Belum ditandai,unset,0.3,1,0,
2026-06-26T00:34:33.793,3788784,8,0.002,0.004,0.009,60.0,5000,132.0,0,0.0,0.0,0.0,0.0,0,0.0,0.07,2685,0,89.5,-,Belum ditandai,unset,0.3,1,0,
2026-06-26T00:34:34.404,3789378,0,0.0030666666666666668,0.004333333333333333,0.009,60.0,5000,132.0,0,0.0,0.0,0.0,0.0,0,0.0,0.07,2686,0,89.5,-,Belum ditandai,unset,0.3,1,0,
2026-06-26T00:34:35.093,3790077,0,0.0028666666666666662,0.004533333333333334,0.009,60.0,5000,132.0,0,0.0,0.0,0.0,0.0,0,0.0,0.07,2687,0,89.5,-,Belum ditandai,unset,0.3,1,0,
2026-06-26T00:34:35.705,3790707,6,0.0028666666666666662,0.004666666666666667,0.009,60.0,5000,132.0,0,0.0,0.0,0.0,0.0,0,0.0,0.07,2687,0,89.5,-,Belum ditandai,unset,0.3,1,0,
2026-06-26T00:34:36.208,3791196,7,0.0021333333333333334,0.0044,0.009,60.0,5000,132.0,0,0.0,0.0,0.0,0.0,0,0.0,0.07,2688,0,89.5,-,Belum ditandai,unset,0.3,1,0,
2026-06-26T00:34:36.819,3791826,0,0.0034000000000000002,0.0038666666666666667,0.009,60.0,5000,132.0,0,0.0,0.0,0.0,0.0,0,0.0,0.07,2688,0,89.5,-,Belum ditandai,unset,0.3,1,0,
2026-06-26T00:34:37.306,3792315,4,0.002866666666666667,0.0033333333333333335,0.009,60.0,5000,132.0,0,0.0,0.0,0.0,0.0,0,0.0,0.07,2689,0,89.5,-,Belum ditandai,unset,0.3,1,0,
2026-06-26T00:34:37.807,3792840,7,0.007666666666666667,0.004533333333333334,0.009,60.0,5000,132.0,0,0.0,0.0,0.0,0.0,0,0.0,0.07,2689,0,89.5,-,Belum ditandai,unset,0.3,1,0,
2026-06-26T00:34:38.308,3793329,0,0.0066,0.004533333333333334,0.009,60.0,5000,132.0,0,0.0,0.0,0.0,0.0,0,0.0,0.07,2690,0,89.5,-,Belum ditandai,unset,0.3,1,0,
2026-06-26T00:34:38.810,3793854,0,0.006466666666666667,0.004666666666666667,0.009,60.0,5000,132.0,0,0.0,0.0,0.0,0.0,0,0.0,0.07,2690,0,89.5,-,Belum ditandai,unset,0.3,1,0,
2026-06-26T00:34:39.312,3794343,3,0.006466666666666667,0.004600000000000001,0.009,60.0,5000,132.0,0,0.0,0.0,0.0,0.0,0,0.0,0.07,2691,0,89.5,-,Belum ditandai,unset,0.3,1,0,
2026-06-26T00:34:39.875,3794868,0,0.0016,0.0033333333333333335,0.009,60.0,5000,132.0,0,0.0,0.0,0.0,0.0,0,0.0,0.07,2691,0,89.5,-,Belum ditandai,unset,0.3,1,0,
2026-06-26T00:34:40.443,3795462,9,0.0019333333333333333,0.0036666666666666666,0.009,60.0,5000,132.0,0,0.0,0.0,0.0,0.0,0,0.0,0.07,2692,0,89.5,-,Belum ditandai,unset,0.3,1,0,
2026-06-26T00:34:41.126,3796161,4,0.0033333333333333335,0.004333333333333333,0.009,60.0,5000,132.0,0,0.0,0.0,0.0,0.0,0,0.0,0.07,2693,0,89.5,-,Belum ditandai,unset,0.3,1,0,
2026-06-26T00:34:41.629,3796686,3,0.003533333333333333,0.0044,0.009,60.0,5000,132.0,0,0.0,0.0,0.0,0.0,0,0.0,0.07,2693,0,89.5,-,Belum ditandai,unset,0.3,1,0,
2026-06-26T00:34:42.134,3797175,4,0.0037333333333333333,0.0044666666666666665,0.009,60.0,5000,132.0,0,0.0,0.0,0.0,0.0,0,0.0,0.07,2694,0,89.5,-,Belum ditandai,unset,0.3,1,0,
2026-06-26T00:34:42.695,3797700,0,0.0032,0.0041333333333333335,0.009,60.0,5000,132.0,0,0.0,0.0,0.0,0.0,0,0.0,0.07,2694,0,89.5,-,Belum ditandai,unset,0.3,1,0,
2026-06-26T00:34:43.258,3798294,2,0.002,0.004,0.009,60.0,5000,132.0,0,0.0,0.0,0.0,0.0,0,0.0,0.07,2695,0,89.5,-,Belum ditandai,unset,0.3,1,0,
2026-06-26T00:34:43.757,3798819,2,0.0018,0.004,0.009,60.0,5000,132.0,0,0.0,0.0,0.0,0.0,0,0.0,0.07,2695,0,89.5,-,Belum ditandai,unset,0.3,1,0,
2026-06-26T00:34:44.259,3799308,9,0.002266666666666667,0.0041333333333333335,0.009,60.0,5000,132.0,0,0.0,0.0,0.0,0.0,0,0.0,0.07,2696,0,89.5,-,Belum ditandai,unset,0.3,1,0,
2026-06-26T00:34:44.821,3799833,4,0.0026,0.004666666666666667,0.009,60.0,5000,132.0,0,0.0,0.0,0.0,0.0,0,0.0,0.07,2696,0,89.5,-,Belum ditandai,unset,0.3,1,0,
2026-06-26T00:34:45.380,3800427,2,0.002266666666666667,0.0044666666666666665,0.009,60.0,5000,132.0,0,0.0,0.0,0.0,0.0,0,0.0,0.07,2697,0,89.5,-,Belum ditandai,unset,0.3,1,0,
2026-06-26T00:34:45.881,3800952,5,0.0021333333333333334,0.004066666666666666,0.009,60.0,5000,132.0,0,0.0,0.0,0.0,0.0,0,0.0,0.07,2697,0,89.5,-,Belum ditandai,unset,0.3,1,0,
2026-06-26T00:34:46.383,3801441,0,0.0018,0.003933333333333334,0.009,60.0,5000,132.0,0,0.0,0.0,0.0,0.0,0,0.0,0.07,2698,0,89.5,-,Belum ditandai,unset,0.3,1,0,
2026-06-26T00:34:46.948,3801966,0,0.0021333333333333334,0.0041333333333333335,0.009,60.0,5000,132.0,0,0.0,0.0,0.0,0.0,0,0.0,0.07,2698,0,89.5,-,Belum ditandai,unset,0.3,1,0,
2026-06-26T00:34:47.512,3802560,0,0.002,0.0042,0.009,60.0,5000,132.0,0,0.0,0.0,0.0,0.0,0,0.0,0.07,2699,0,89.5,-,Belum ditandai,unset,0.3,1,0,
2026-06-26T00:34:48.196,3803259,2,0.0018,0.0041333333333333335,0.009,60.0,5000,132.0,0,0.0,0.0,0.0,0.0,0,0.0,0.07,2700,0,89.5,-,Belum ditandai,unset,0.3,1,0,
2026-06-26T00:34:48.758,3803784,3,0.0014,0.0034000000000000002,0.009,60.0,5000,132.0,0,0.0,0.0,0.0,0.0,0,0.0,0.07,2700,0,89.5,-,Belum ditandai,unset,0.3,1,0,
2026-06-26T00:34:49.320,3804378,0,0.0014666666666666667,0.0037333333333333333,0.009,60.0,5000,132.0,0,0.0,0.0,0.0,0.0,0,0.0,0.07,2701,0,89.5,-,Belum ditandai,unset,0.3,1,0,
2026-06-26T00:34:49.818,3804903,1,0.0018666666666666666,0.004266666666666667,0.009,60.0,5000,132.0,0,0.0,0.0,0.0,0.0,0,0.0,0.07,2701,0,89.5,-,Belum ditandai,unset,0.3,1,0,
2026-06-26T00:34:50.426,3805497,4,0.0024000000000000002,0.0041333333333333335,0.009,60.0,5000,132.0,0,0.0,0.0,0.0,0.0,0,0.0,0.07,2702,0,89.5,-,Belum ditandai,unset,0.3,1,0,
2026-06-26T00:34:50.986,3806022,0,0.003,0.003933333333333334,0.009,60.0,5000,132.0,0,0.0,0.0,0.0,0.0,0,0.0,0.07,2702,0,89.5,-,Belum ditandai,unset,0.3,1,0,
2026-06-26T00:34:51.532,3806616,9,0.0030666666666666668,0.0036,0.009,60.0,5000,132.0,0,0.0,0.0,0.0,0.0,0,0.0,0.07,2703,0,89.5,-,Belum ditandai,unset,0.3,1,0,
2026-06-26T00:34:52.234,3807315,13,0.0034000000000000002,0.003933333333333334,0.009,60.0,5000,132.0,0,0.0,0.0,0.0,0.0,0,0.0,0.07,2704,0,89.5,-,Belum ditandai,unset,0.3,1,0,
2026-06-26T00:34:52.755,3807840,3,0.0023333333333333335,0.0038,0.009,60.0,5000,132.0,0,0.0,0.0,0.0,0.0,0,0.0,0.07,2704,0,89.5,-,Belum ditandai,unset,0.3,1,0,
2026-06-26T00:34:53.363,3808434,3,0.0038,0.004066666666666666,0.009,60.0,5000,132.0,0,0.0,0.0,0.0,0.0,0,0.0,0.07,2705,0,89.5,-,Belum ditandai,unset,0.3,1,0,
2026-06-26T00:34:53.873,3808959,0,0.0034666666666666665,0.0038,0.009,60.0,5000,132.0,0,0.0,0.0,0.0,0.0,0,0.0,0.07,2705,0,89.5,-,Belum ditandai,unset,0.3,1,0,
2026-06-26T00:34:54.491,3809553,1,0.0033333333333333335,0.0036,0.009,60.0,5000,132.0,0,0.0,0.0,0.0,0.0,0,0.0,0.07,2706,0,89.5,-,Belum ditandai,unset,0.3,1,0,
2026-06-26T00:34:54.991,3810078,4,0.002,0.0036666666666666666,0.009,60.0,5000,132.0,0,0.0,0.0,0.0,0.0,0,0.0,0.07,2706,0,89.5,-,Belum ditandai,unset,0.3,1,0,
2026-06-26T00:34:55.491,3810567,0,0.0017333333333333335,0.003533333333333333,0.009,60.0,5000,132.0,0,0.0,0.0,0.0,0.0,0,0.0,0.07,2707,0,89.5,-,Belum ditandai,unset,0.3,1,0,
2026-06-26T00:34:55.989,3811092,4,0.0021333333333333334,0.0037333333333333333,0.009,60.0,5000,132.0,0,0.0,0.0,0.0,0.0,0,0.0,0.07,2707,0,89.5,-,Belum ditandai,unset,0.3,1,0,
2026-06-26T00:34:56.490,3811581,2,0.0023333333333333335,0.0037333333333333333,0.009,60.0,5000,132.0,0,0.0,0.0,0.0,0.0,0,0.0,0.07,2708,0,89.5,-,Belum ditandai,unset,0.3,1,0,
2026-06-26T00:34:57.050,3812106,1,0.0020666666666666667,0.0034000000000000002,0.009,60.0,5000,132.0,0,0.0,0.0,0.0,0.0,0,0.0,0.07,2708,0,89.5,-,Belum ditandai,unset,0.3,1,0,
2026-06-26T00:34:57.616,3812700,4,0.0018,0.0033333333333333335,0.009,60.0,5000,132.0,0,0.0,0.0,0.0,0.0,0,0.0,0.07,2709,0,89.5,-,Belum ditandai,unset,0.3,1,0,
2026-06-26T00:34:58.303,3813399,0,0.0015333333333333334,0.003,0.009,60.0,5000,132.0,0,0.0,0.0,0.0,0.0,0,0.0,0.07,2710,0,89.5,-,Belum ditandai,unset,0.3,1,0,
2026-06-26T00:34:58.864,3813924,8,0.0019333333333333333,0.0034000000000000002,0.009,60.0,5000,132.0,0,0.0,0.0,0.0,0.0,0,0.0,0.07,2710,0,89.5,-,Belum ditandai,unset,0.3,1,0,
2026-06-26T00:34:59.426,3814518,3,0.002,0.003466666666666667,0.009,60.0,5000,132.0,0,0.0,0.0,0.0,0.0,0,0.0,0.07,2711,0,89.5,-,Belum ditandai,unset,0.3,1,0,
2026-06-26T00:34:59.925,3815043,2,0.0020666666666666667,0.003466666666666667,0.009,60.0,5000,132.0,0,0.0,0.0,0.0,0.0,0,0.0,0.07,2711,0,89.5,-,Belum ditandai,unset,0.3,1,0,
2026-06-26T00:35:00.426,3815532,10,0.0026,0.0036666666666666666,0.009,60.0,5000,132.0,0,0.0,0.0,0.0,0.0,0,0.0,0.07,2712,0,89.5,-,Belum ditandai,unset,0.3,1,0,
2026-06-26T00:35:00.928,3816057,9,0.0026666666666666666,0.004333333333333333,0.009,60.0,5000,132.0,0,0.0,0.0,0.0,0.0,0,0.0,0.07,2712,0,89.5,-,Belum ditandai,unset,0.3,1,0,
2026-06-26T00:35:01.429,3816546,0,0.0027333333333333333,0.004533333333333334,0.009,60.0,5000,132.0,0,0.0,0.0,0.0,0.0,0,0.0,0.07,2713,0,89.5,-,Belum ditandai,unset,0.3,1,0,
2026-06-26T00:35:01.990,3817071,0,0.0028,0.0054666666666666665,0.009,60.0,5000,132.0,0,0.0,0.0,0.0,0.0,0,0.0,0.07,2713,0,89.5,-,Belum ditandai,unset,0.3,1,0,
2026-06-26T00:35:02.554,3817665,0,0.0032,0.005666666666666667,0.009,60.0,5000,132.0,0,0.0,0.0,0.0,0.0,0,0.0,0.07,2714,0,89.5,-,Belum ditandai,unset,0.3,1,0,
2026-06-26T00:35:03.052,3818190,1,0.004266666666666667,0.005533333333333334,0.009,60.0,5000,132.0,0,0.0,0.0,0.0,0.0,0,0.0,0.07,2714,0,89.5,-,Belum ditandai,unset,0.3,1,0,
2026-06-26T00:35:03.555,3818679,0,0.004,0.0051333333333333335,0.009,60.0,5000,132.0,0,0.0,0.0,0.0,0.0,0,0.0,0.07,2715,0,89.5,-,Belum ditandai,unset,0.3,1,0,
2026-06-26T00:35:04.119,3819204,0,0.003533333333333333,0.004333333333333333,0.009,60.0,5000,132.0,0,0.0,0.0,0.0,0.0,0,0.0,0.07,2715,0,89.5,-,Belum ditandai,unset,0.3,1,0,
2026-06-26T00:35:04.684,3819798,0,0.0036666666666666666,0.0037333333333333333,0.009,60.0,5000,132.0,0,0.0,0.0,0.0,0.0,0,0.0,0.07,2716,0,89.5,-,Belum ditandai,unset,0.3,1,0,
2026-06-26T00:35:05.370,3820497,3,0.0082,0.004933333333333333,0.009,60.0,5000,132.0,0,0.0,0.0,0.0,0.0,0,0.0,0.07,2717,0,89.5,-,Belum ditandai,unset,0.3,1,0,
2026-06-26T00:35:05.933,3821022,6,0.0088,0.0056,0.009,60.0,5000,132.0,0,0.0,0.0,0.0,0.0,0,0.0,0.07,2717,0,89.5,-,Belum ditandai,unset,0.3,1,0,
2026-06-26T00:35:06.492,3821616,0,0.007933333333333332,0.0056,0.009,60.0,5000,132.0,0,0.0,0.0,0.0,0.0,0,0.0,0.07,2718,0,89.5,-,Belum ditandai,unset,0.3,1,0,
2026-06-26T00:35:06.994,3822141,3,0.0024666666666666665,0.0054,0.009,60.0,5000,132.0,0,0.0,0.0,0.0,0.0,0,0.0,0.07,2718,0,89.5,-,Belum ditandai,unset,0.3,1,0,
2026-06-26T00:35:07.501,3822630,7,0.0026666666666666666,0.004066666666666666,0.009,60.0,5000,132.0,0,0.0,0.0,0.0,0.0,0,0.0,0.07,2719,0,89.5,-,Belum ditandai,unset,0.3,1,0,
2026-06-26T00:35:08.003,3823155,0,0.0017333333333333335,0.0044,0.009,60.0,5000,132.0,0,0.0,0.0,0.0,0.0,0,0.0,0.07,2719,0,89.5,-,Belum ditandai,unset,0.3,1,0,
2026-06-26T00:35:08.504,3823644,1,0.002,0.004533333333333334,0.009,60.0,5000,132.0,0,0.0,0.0,0.0,0.0,0,0.0,0.07,2720,0,89.5,-,Belum ditandai,unset,0.3,1,0,
2026-06-26T00:35:09.007,3824169,2,0.0020666666666666667,0.0044,0.009,60.0,5000,132.0,0,0.0,0.0,0.0,0.0,0,0.0,0.07,2720,0,89.5,-,Belum ditandai,unset,0.3,1,0,
2026-06-26T00:35:09.510,3824658,5,0.0019333333333333333,0.004333333333333333,0.009,60.0,5000,132.0,0,0.0,0.0,0.0,0.0,0,0.0,0.07,2721,0,89.5,-,Belum ditandai,unset,0.3,1,0,
2026-06-26T00:35:10.075,3825183,0,0.004,0.004266666666666667,0.009,60.0,5000,132.0,0,0.0,0.0,0.0,0.0,0,0.0,0.07,2721,0,89.5,-,Belum ditandai,unset,0.3,1,0,
2026-06-26T00:35:10.640,3825777,7,0.0037333333333333333,0.0048,0.009,60.0,5000,132.0,0,0.0,0.0,0.0,0.0,0,0.0,0.07,2722,0,89.5,-,Belum ditandai,unset,0.3,1,0,
2026-06-26T00:35:11.137,3826302,0,0.0042,0.004866666666666667,0.009,60.0,5000,132.0,0,0.0,0.0,0.0,0.0,0,0.0,0.07,2722,0,89.5,-,Belum ditandai,unset,0.3,1,0,
2026-06-26T00:35:11.639,3826791,1,0.0027333333333333333,0.004666666666666667,0.009,60.0,5000,132.0,0,0.0,0.0,0.0,0.0,0,0.0,0.07,2723,0,89.5,-,Belum ditandai,unset,0.3,1,0,
2026-06-26T00:35:12.204,3827316,0,0.003266666666666667,0.0042,0.009,60.0,5000,132.0,0,0.0,0.0,0.0,0.0,0,0.0,0.07,2723,0,89.5,-,Belum ditandai,unset,0.3,1,0,
2026-06-26T00:35:12.765,3827910,7,0.0030666666666666668,0.004866666666666667,0.009,60.0,5000,132.0,0,0.0,0.0,0.0,0.0,0,0.0,0.07,2724,0,89.5,-,Belum ditandai,unset,0.3,1,0,
2026-06-26T00:35:13.451,3828609,2,0.0036,0.0051333333333333335,0.009,60.0,5000,132.0,0,0.0,0.0,0.0,0.0,0,0.0,0.07,2725,0,89.5,-,Belum ditandai,unset,0.3,1,0,
2026-06-26T00:35:14.014,3829134,1,0.0028666666666666662,0.004666666666666667,0.009,60.0,5000,132.0,0,0.0,0.0,0.0,0.0,0,0.0,0.07,2725,0,89.5,-,Belum ditandai,unset,0.3,1,0,
2026-06-26T00:35:14.576,3829728,0,0.0030666666666666668,0.004266666666666667,0.009,60.0,5000,132.0,0,0.0,0.0,0.0,0.0,0,0.0,0.07,2726,0,89.5,-,Belum ditandai,unset,0.3,1,0,
2026-06-26T00:35:15.075,3830253,0,0.0022,0.003933333333333334,0.009,60.0,5000,132.0,0,0.0,0.0,0.0,0.0,0,0.0,0.07,2726,0,89.5,-,Belum ditandai,unset,0.3,1,0,
2026-06-26T00:35:15.574,3830742,6,0.002,0.0036,0.009,60.0,5000,132.0,0,0.0,0.0,0.0,0.0,0,0.0,0.07,2727,0,89.5,-,Belum ditandai,unset,0.3,1,0,
2026-06-26T00:35:16.134,3831267,2,0.0026,0.0036666666666666666,0.009,60.0,5000,132.0,0,0.0,0.0,0.0,0.0,0,0.0,0.07,2727,0,89.5,-,Belum ditandai,unset,0.3,1,0,
2026-06-26T00:35:16.697,3831861,2,0.0020666666666666667,0.0036666666666666666,0.009,60.0,5000,132.0,0,0.0,0.0,0.0,0.0,0,0.0,0.07,2728,0,89.5,-,Belum ditandai,unset,0.3,1,0,
2026-06-26T00:35:17.199,3832386,8,0.0037333333333333333,0.004866666666666667,0.009,60.0,5000,132.0,0,0.0,0.0,0.0,0.0,0,0.0,0.07,2728,0,89.5,-,Belum ditandai,unset,0.3,1,0,
2026-06-26T00:35:17.699,3832875,1,0.0028666666666666662,0.0051333333333333335,0.009,60.0,5000,132.0,0,0.0,0.0,0.0,0.0,0,0.0,0.07,2729,0,89.5,-,Belum ditandai,unset,0.3,1,0,
2026-06-26T00:35:18.265,3833400,1,0.003266666666666667,0.004933333333333333,0.009,60.0,5000,132.0,0,0.0,0.0,0.0,0.0,0,0.0,0.07,2729,0,89.5,-,Belum ditandai,unset,0.3,1,0,
2026-06-26T00:35:18.823,3833994,4,0.0024666666666666665,0.004600000000000001,0.009,60.0,5000,132.0,0,0.0,0.0,0.0,0.0,0,0.0,0.07,2730,0,89.5,-,Belum ditandai,unset,0.3,1,0,
2026-06-26T00:35:19.507,3834693,3,0.0016,0.003266666666666667,0.009,60.0,5000,132.0,0,0.0,0.0,0.0,0.0,0,0.0,0.07,2731,0,89.5,-,Belum ditandai,unset,0.3,1,0,
2026-06-26T00:35:20.073,3835218,4,0.0017333333333333335,0.003466666666666667,0.009,60.0,5000,132.0,0,0.0,0.0,0.0,0.0,0,0.0,0.07,2731,0,89.5,-,Belum ditandai,unset,0.3,1,0,
2026-06-26T00:35:20.637,3835812,0,0.0018666666666666666,0.0030666666666666668,0.009,60.0,5000,132.0,0,0.0,0.0,0.0,0.0,0,0.0,0.07,2732,0,89.5,-,Belum ditandai,unset,0.3,1,0,
2026-06-26T00:35:21.142,3836337,2,0.0016666666666666668,0.0031333333333333335,0.009,60.0,5000,132.0,0,0.0,0.0,0.0,0.0,0,0.0,0.07,2732,0,89.5,-,Belum ditandai,unset,0.3,1,0,
2026-06-26T00:35:21.647,3836826,5,0.0018666666666666666,0.003466666666666667,0.009,60.0,5000,132.0,0,0.0,0.0,0.0,0.0,0,0.0,0.07,2733,0,89.5,-,Belum ditandai,unset,0.3,1,0,
2026-06-26T00:35:22.149,3837351,3,0.0017333333333333335,0.003933333333333334,0.009,60.0,5000,132.0,0,0.0,0.0,0.0,0.0,0,0.0,0.07,2733,0,89.5,-,Belum ditandai,unset,0.3,1,0,
2026-06-26T00:35:22.652,3837840,1,0.0015333333333333334,0.0041333333333333335,0.009,60.0,5000,132.0,0,0.0,0.0,0.0,0.0,0,0.0,0.07,2734,0,89.5,-,Belum ditandai,unset,0.3,1,0,
2026-06-26T00:35:23.156,3838365,0,0.0014,0.004,0.009,60.0,5000,132.0,0,0.0,0.0,0.0,0.0,0,0.0,0.07,2734,0,89.5,-,Belum ditandai,unset,0.3,1,0,
2026-06-26T00:35:23.653,3838854,6,0.0024,0.004266666666666667,0.009,60.0,5000,132.0,0,0.0,0.0,0.0,0.0,0,0.0,0.07,2735,0,89.5,-,Belum ditandai,unset,0.3,1,0,
2026-06-26T00:35:24.218,3839379,7,0.0027333333333333333,0.003933333333333334,0.009,60.0,5000,132.0,0,0.0,0.0,0.0,0.0,0,0.0,0.07,2735,0,89.5,-,Belum ditandai,unset,0.3,1,0,
2026-06-26T00:35:24.783,3839973,0,0.0026666666666666666,0.003933333333333334,0.009,60.0,5000,132.0,0,0.0,0.0,0.0,0.0,0,0.0,0.07,2736,0,89.5,-,Belum ditandai,unset,0.3,1,0,
2026-06-26T00:35:25.334,3840498,2,0.0021333333333333334,0.003933333333333334,0.009,60.0,5000,132.0,0,0.0,0.0,0.0,0.0,0,0.0,0.07,2736,0,89.5,-,Belum ditandai,unset,0.3,1,0,
2026-06-26T00:35:25.894,3841092,4,0.0020666666666666667,0.0038,0.009,60.0,5000,132.0,0,0.0,0.0,0.0,0.0,0,0.0,0.07,2737,0,89.5,-,Belum ditandai,unset,0.3,1,0,
2026-06-26T00:35:26.583,3841791,7,0.0023333333333333335,0.0037333333333333333,0.009,60.0,5000,132.0,0,0.0,0.0,0.0,0.0,0,0.0,0.07,2738,0,89.5,-,Belum ditandai,unset,0.3,1,0,
2026-06-26T00:35:27.142,3842316,2,0.0022,0.0036666666666666666,0.009,60.0,5000,132.0,0,0.0,0.0,0.0,0.0,0,0.0,0.07,2738,0,89.5,-,Belum ditandai,unset,0.3,1,0,
2026-06-26T00:35:27.702,3842910,8,0.0024000000000000002,0.0038666666666666667,0.009,60.0,5000,132.0,0,0.0,0.0,0.0,0.0,0,0.0,0.07,2739,0,89.5,-,Belum ditandai,unset,0.3,1,0,
2026-06-26T00:35:28.219,3843435,3,0.0026666666666666666,0.004333333333333333,0.009,60.0,5000,132.0,0,0.0,0.0,0.0,0.0,0,0.0,0.07,2739,0,89.5,-,Belum ditandai,unset,0.3,1,0,
2026-06-26T00:35:28.813,3844029,3,0.002266666666666667,0.004266666666666667,0.009,60.0,5000,132.0,0,0.0,0.0,0.0,0.0,0,0.0,0.07,2740,0,89.5,-,Belum ditandai,unset,0.3,1,0,
2026-06-26T00:35:29.375,3844554,0,0.0042,0.0051333333333333335,0.009,60.0,5000,132.0,0,0.0,0.0,0.0,0.0,0,0.0,0.07,2740,0,89.5,-,Belum ditandai,unset,0.3,1,0,
2026-06-26T00:35:29.922,3845148,2,0.0036,0.0051333333333333335,0.009,60.0,5000,132.0,0,0.0,0.0,0.0,0.0,0,0.0,0.07,2741,0,89.5,-,Belum ditandai,unset,0.3,1,0,
2026-06-26T00:35:30.606,3845847,4,0.004333333333333333,0.005266666666666667,0.009,60.0,5000,132.0,0,0.0,0.0,0.0,0.0,0,0.0,0.07,2742,0,89.5,-,Belum ditandai,unset,0.3,1,0,
2026-06-26T00:35:31.173,3846372,5,0.0034000000000000002,0.0044,0.009,60.0,5000,132.0,0,0.0,0.0,0.0,0.0,0,0.0,0.07,2742,0,89.5,-,Belum ditandai,unset,0.3,1,0,
2026-06-26T00:35:31.672,3846861,4,0.0037333333333333333,0.004,0.009,60.0,5000,132.0,0,0.0,0.0,0.0,0.0,0,0.0,0.07,2743,0,89.5,-,Belum ditandai,unset,0.3,1,0,
2026-06-26T00:35:32.172,3847386,0,0.003266666666666667,0.0038,0.009,60.0,5000,132.0,0,0.0,0.0,0.0,0.0,0,0.0,0.07,2743,0,89.5,-,Belum ditandai,unset,0.3,1,0,
2026-06-26T00:35:32.673,3847875,9,0.003533333333333333,0.0038666666666666667,0.009,60.0,5000,132.0,0,0.0,0.0,0.0,0.0,0,0.0,0.07,2744,0,89.5,-,Belum ditandai,unset,0.3,1,0,
2026-06-26T00:35:33.170,3848400,0,0.0042,0.0041333333333333335,0.009,60.0,5000,132.0,0,0.0,0.0,0.0,0.0,0,0.0,0.07,2744,0,89.5,-,Belum ditandai,unset,0.3,1,0,
2026-06-26T00:35:33.671,3848889,0,0.0038,0.0044666666666666665,0.009,60.0,5000,132.0,0,0.0,0.0,0.0,0.0,0,0.0,0.07,2745,0,89.5,-,Belum ditandai,unset,0.3,1,0,
2026-06-26T00:35:34.168,3849414,2,0.0038,0.0044,0.009,60.0,5000,132.0,0,0.0,0.0,0.0,0.0,0,0.0,0.07,2745,0,89.5,-,Belum ditandai,unset,0.3,1,0,
2026-06-26T00:35:34.669,3849903,7,0.0042,0.004266666666666667,0.009,60.0,5000,132.0,0,0.0,0.0,0.0,0.0,0,0.0,0.07,2746,0,89.5,-,Belum ditandai,unset,0.3,1,0,
2026-06-26T00:35:35.169,3850428,2,0.0023333333333333335,0.003266666666666667,0.009,60.0,5000,132.0,0,0.0,0.0,0.0,0.0,0,0.0,0.07,2746,0,89.5,-,Belum ditandai,unset,0.3,1,0,
2026-06-26T00:35:35.668,3850917,0,0.002533333333333333,0.0033333333333333335,0.009,60.0,5000,132.0,0,0.0,0.0,0.0,0.0,0,0.0,0.07,2747,0,89.5,-,Belum ditandai,unset,0.3,1,0,
2026-06-26T00:35:36.232,3851442,4,0.002533333333333333,0.0034000000000000002,0.009,60.0,5000,132.0,0,0.0,0.0,0.0,0.0,0,0.0,0.07,2747,0,89.5,-,Belum ditandai,unset,0.3,1,0,
2026-06-26T00:35:36.798,3852036,0,0.0022,0.0036666666666666666,0.009,60.0,5000,132.0,0,0.0,0.0,0.0,0.0,0,0.0,0.07,2748,0,89.5,-,Belum ditandai,unset,0.3,1,0,
2026-06-26T00:35:37.299,3852561,0,0.002,0.004066666666666666,0.009,60.0,5000,132.0,0,0.0,0.0,0.0,0.0,0,0.0,0.07,2748,0,89.5,-,Belum ditandai,unset,0.3,1,0,
2026-06-26T00:35:37.797,3853050,2,0.002,0.0044666666666666665,0.009,60.0,5000,132.0,0,0.0,0.0,0.0,0.0,0,0.0,0.07,2749,0,89.5,-,Belum ditandai,unset,0.3,1,0,
2026-06-26T00:35:38.363,3853575,8,0.0016666666666666668,0.0044,0.009,60.0,5000,132.0,0,0.0,0.0,0.0,0.0,0,0.0,0.07,2749,0,89.5,-,Belum ditandai,unset,0.3,1,0,
2026-06-26T00:35:38.925,3854169,0,0.0020666666666666667,0.0044,0.009,60.0,5000,132.0,0,0.0,0.0,0.0,0.0,0,0.0,0.07,2750,0,89.5,-,Belum ditandai,unset,0.3,1,0,
2026-06-26T00:35:39.424,3854694,1,0.0021333333333333334,0.0037333333333333333,0.009,60.0,5000,132.0,0,0.0,0.0,0.0,0.0,0,0.0,0.07,2750,0,89.5,-,Belum ditandai,unset,0.3,1,0,
2026-06-26T00:35:39.921,3855183,1,0.0020666666666666667,0.0038666666666666667,0.009,60.0,5000,132.0,0,0.0,0.0,0.0,0.0,0,0.0,0.07,2751,0,89.5,-,Belum ditandai,unset,0.3,1,0,
2026-06-26T00:35:40.484,3855708,2,0.0016666666666666668,0.003533333333333333,0.009,60.0,5000,132.0,0,0.0,0.0,0.0,0.0,0,0.0,0.07,2751,0,89.5,-,Belum ditandai,unset,0.3,1,0,
2026-06-26T00:35:41.048,3856302,0,0.0015333333333333334,0.003466666666666667,0.009,60.0,5000,132.0,0,0.0,0.0,0.0,0.0,0,0.0,0.07,2752,0,89.5,-,Belum ditandai,unset,0.3,1,0,
2026-06-26T00:35:41.737,3857001,0,0.0012666666666666666,0.0036666666666666666,0.009,60.0,5000,132.0,0,0.0,0.0,0.0,0.0,0,0.0,0.07,2753,0,89.5,-,Belum ditandai,unset,0.3,1,0,
2026-06-26T00:35:42.284,3857526,0,0.0009333333333333333,0.003533333333333333,0.009,60.0,5000,132.0,0,0.0,0.0,0.0,0.0,0,0.0,0.07,2753,0,89.5,-,Belum ditandai,unset,0.3,1,0,
2026-06-26T00:35:42.861,3858120,5,0.0026,0.004066666666666666,0.009,60.0,5000,132.0,0,0.0,0.0,0.0,0.0,0,0.0,0.07,2754,0,89.5,-,Belum ditandai,unset,0.3,1,0,
2026-06-26T00:35:43.401,3858645,1,0.0026,0.004266666666666667,0.009,60.0,5000,132.0,0,0.0,0.0,0.0,0.0,0,0.0,0.07,2754,0,89.5,-,Belum ditandai,unset,0.3,1,0,
2026-06-26T00:35:43.969,3859239,3,0.0026666666666666666,0.0041333333333333335,0.009,60.0,5000,132.0,0,0.0,0.0,0.0,0.0,0,0.0,0.07,2755,0,89.5,-,Belum ditandai,unset,0.3,1,0,
2026-06-26T00:35:44.530,3859764,1,0.0013333333333333333,0.0038,0.009,60.0,5000,132.0,0,0.0,0.0,0.0,0.0,0,0.0,0.07,2755,0,89.5,-,Belum ditandai,unset,0.3,1,0,
2026-06-26T00:35:45.093,3860358,4,0.0015333333333333334,0.0037333333333333333,0.009,60.0,5000,132.0,0,0.0,0.0,0.0,0.0,0,0.0,0.07,2756,0,89.5,-,Belum ditandai,unset,0.3,1,0,
2026-06-26T00:35:45.777,3861057,5,0.0023333333333333335,0.0037333333333333333,0.009,60.0,5000,132.0,0,0.0,0.0,0.0,0.0,0,0.0,0.07,2757,0,89.5,-,Belum ditandai,unset,0.3,1,0,
2026-06-26T00:35:46.279,3861582,9,0.004600000000000001,0.004066666666666666,0.009,60.0,5000,132.0,0,0.0,0.0,0.0,0.0,0,0.0,0.07,2757,0,89.5,-,Belum ditandai,unset,0.3,1,0,
2026-06-26T00:35:46.781,3862071,5,0.004733333333333333,0.0044666666666666665,0.009,60.0,5000,132.0,0,0.0,0.0,0.0,0.0,0,0.0,0.07,2758,0,89.5,-,Belum ditandai,unset,0.3,1,0,
2026-06-26T00:35:47.344,3862596,9,0.005,0.0048000000000000004,0.009,60.0,5000,132.0,0,0.0,0.0,0.0,0.0,0,0.0,0.07,2758,0,89.5,-,Belum ditandai,unset,0.3,1,0,
2026-06-26T00:35:47.908,3863190,5,0.0041333333333333335,0.004733333333333334,0.009,60.0,5000,132.0,0,0.0,0.0,0.0,0.0,0,0.0,0.07,2759,0,89.5,-,Belum ditandai,unset,0.3,1,0,
2026-06-26T00:35:48.455,3863715,2,0.003466666666666667,0.0048000000000000004,0.009,60.0,5000,132.0,0,0.0,0.0,0.0,0.0,0,0.0,0.07,2759,0,89.5,-,Belum ditandai,unset,0.3,1,0,
2026-06-26T00:35:49.001,3864309,0,0.003466666666666667,0.004533333333333334,0.009,60.0,5000,132.0,0,0.0,0.0,0.0,0.0,0,0.0,0.07,2760,0,89.5,-,Belum ditandai,unset,0.3,1,0,
2026-06-26T00:35:49.565,3864834,4,0.0029333333333333334,0.0044,0.009,60.0,5000,132.0,0,0.0,0.0,0.0,0.0,0,0.0,0.07,2760,0,89.5,-,Belum ditandai,unset,0.3,1,0,
2026-06-26T00:35:50.063,3865323,8,0.0027333333333333333,0.004333333333333333,0.009,60.0,5000,132.0,0,0.0,0.0,0.0,0.0,0,0.0,0.07,2761,0,89.5,-,Belum ditandai,unset,0.3,1,0,
2026-06-26T00:35:50.562,3865848,10,0.0023333333333333335,0.004333333333333333,0.009,60.0,5000,132.0,0,0.0,0.0,0.0,0.0,0,0.0,0.07,2761,0,89.5,-,Belum ditandai,unset,0.3,1,0,
2026-06-26T00:35:51.060,3866337,0,0.0024666666666666665,0.004333333333333333,0.009,60.0,5000,132.0,0,0.0,0.0,0.0,0.0,0,0.0,0.07,2762,0,89.5,-,Belum ditandai,unset,0.3,1,0,
2026-06-26T00:35:51.560,3866862,0,0.0022,0.004333333333333333,0.009,60.0,5000,132.0,0,0.0,0.0,0.0,0.0,0,0.0,0.07,2762,0,89.5,-,Belum ditandai,unset,0.3,1,0,
2026-06-26T00:35:52.061,3867351,3,0.0016,0.003933333333333334,0.009,60.0,5000,132.0,0,0.0,0.0,0.0,0.0,0,0.0,0.07,2763,0,89.5,-,Belum ditandai,unset,0.3,1,0,
2026-06-26T00:35:52.559,3867876,1,0.0012000000000000001,0.004,0.009,60.0,5000,132.0,0,0.0,0.0,0.0,0.0,0,0.0,0.07,2763,0,89.5,-,Belum ditandai,unset,0.3,1,0,
2026-06-26T00:35:53.059,3868365,0,0.0012000000000000001,0.0038666666666666667,0.009,60.0,5000,132.0,0,0.0,0.0,0.0,0.0,0,0.0,0.07,2764,0,89.5,-,Belum ditandai,unset,0.3,1,0,
2026-06-26T00:35:53.619,3868890,4,0.0020666666666666667,0.0041333333333333335,0.009,60.0,5000,132.0,0,0.0,0.0,0.0,0.0,0,0.0,0.07,2764,0,89.5,-,Belum ditandai,unset,0.3,1,0,
2026-06-26T00:35:54.104,3869379,7,0.0022,0.004333333333333333,0.009,60.0,5000,132.0,0,0.0,0.0,0.0,0.0,0,0.0,0.07,2765,0,89.5,-,Belum ditandai,unset,0.3,1,0,
2026-06-26T00:35:54.882,3870183,0,0.0021333333333333334,0.0041333333333333335,0.009,60.0,5000,132.0,0,0.0,0.0,0.0,0.0,0,0.0,0.07,2766,0,89.5,-,Belum ditandai,unset,0.3,1,0,
2026-06-26T00:35:55.383,3870708,2,0.0014666666666666667,0.0036,0.009,60.0,5000,132.0,0,0.0,0.0,0.0,0.0,0,0.0,0.07,2766,0,89.5,-,Belum ditandai,unset,0.3,1,0,
2026-06-26T00:35:55.884,3871197,0,0.0013333333333333333,0.0033333333333333335,0.009,60.0,5000,132.0,0,0.0,0.0,0.0,0.0,0,0.0,0.07,2767,0,89.5,-,Belum ditandai,unset,0.3,1,0,
2026-06-26T00:35:56.431,3871722,3,0.0012666666666666666,0.003266666666666667,0.009,60.0,5000,132.0,0,0.0,0.0,0.0,0.0,0,0.0,0.07,2767,0,89.5,-,Belum ditandai,unset,0.3,1,0,
2026-06-26T00:35:56.992,3872316,1,0.0012666666666666666,0.0037333333333333333,0.009,60.0,5000,132.0,0,0.0,0.0,0.0,0.0,0,0.0,0.07,2768,0,89.5,-,Belum ditandai,unset,0.3,1,0,
2026-06-26T00:35:57.552,3872841,1,0.0015333333333333334,0.004,0.009,60.0,5000,132.0,0,0.0,0.0,0.0,0.0,0,0.0,0.07,2768,0,89.5,-,Belum ditandai,unset,0.3,1,0,
2026-06-26T00:35:58.114,3873435,4,0.0027333333333333333,0.0044666666666666665,0.009,60.0,5000,132.0,0,0.0,0.0,0.0,0.0,0,0.0,0.07,2769,0,89.5,-,Belum ditandai,unset,0.3,1,0,
2026-06-26T00:35:58.616,3873960,7,0.0031333333333333335,0.0041333333333333335,0.009,60.0,5000,132.0,0,0.0,0.0,0.0,0.0,0,0.0,0.07,2769,0,89.5,-,Belum ditandai,unset,0.3,1,0,
2026-06-26T00:35:59.119,3874449,4,0.003533333333333333,0.0042,0.009,60.0,5000,132.0,0,0.0,0.0,0.0,0.0,0,0.0,0.07,2770,0,89.5,-,Belum ditandai,unset,0.3,1,0,
2026-06-26T00:35:59.621,3874974,2,0.0026,0.004,0.009,60.0,5000,132.0,0,0.0,0.0,0.0,0.0,0,0.0,0.07,2770,0,89.5,-,Belum ditandai,unset,0.3,1,0,
2026-06-26T00:36:00.124,3875463,5,0.002533333333333333,0.004066666666666666,0.009,60.0,5000,132.0,0,0.0,0.0,0.0,0.0,0,0.0,0.07,2771,0,89.5,-,Belum ditandai,unset,0.3,1,0,
2026-06-26T00:36:00.688,3875988,5,0.0021333333333333334,0.004266666666666667,0.009,60.0,5000,132.0,0,0.0,0.0,0.0,0.0,0,0.0,0.07,2771,0,89.5,-,Belum ditandai,unset,0.3,1,0,
2026-06-26T00:36:01.252,3876582,37,0.0034666666666666665,0.004333333333333333,0.009,60.0,5000,132.0,0,0.0,0.0,0.0,0.0,0,0.0,0.07,2772,0,89.5,-,Belum ditandai,unset,0.3,1,0,
2026-06-26T00:36:01.943,3877281,0,0.0044666666666666665,0.004600000000000001,0.009,60.0,5000,132.0,0,0.0,0.0,0.0,0.0,0,0.0,0.07,2773,0,89.5,-,Belum ditandai,unset,0.3,1,0,
2026-06-26T00:36:02.444,3877806,5,0.004733333333333334,0.0044,0.009,60.0,5000,132.0,0,0.0,0.0,0.0,0.0,0,0.0,0.07,2773,0,89.5,-,Belum ditandai,unset,0.3,1,0,
2026-06-26T00:36:02.940,3878295,4,0.0048,0.004266666666666667,0.009,60.0,5000,132.0,0,0.0,0.0,0.0,0.0,0,0.0,0.07,2774,0,89.5,-,Belum ditandai,unset,0.3,1,0,
2026-06-26T00:36:03.503,3878820,0,0.0017333333333333335,0.003533333333333333,0.009,60.0,5000,132.0,0,0.0,0.0,0.0,0.0,0,0.0,0.07,2774,0,89.5,-,Belum ditandai,unset,0.3,1,0,
2026-06-26T00:36:04.067,3879414,7,0.002,0.0038,0.009,60.0,5000,132.0,0,0.0,0.0,0.0,0.0,0,0.0,0.07,2775,0,89.5,-,Belum ditandai,unset,0.3,1,0,
2026-06-26T00:36:04.625,3879939,1,0.0016666666666666668,0.003466666666666667,0.009,60.0,5000,132.0,0,0.0,0.0,0.0,0.0,0,0.0,0.07,2775,0,89.5,-,Belum ditandai,unset,0.3,1,0,
2026-06-26T00:36:05.189,3880533,0,0.0022,0.003533333333333333,0.009,60.0,5000,132.0,0,0.0,0.0,0.0,0.0,0,0.0,0.07,2776,0,89.5,-,Belum ditandai,unset,0.3,1,0,
2026-06-26T00:36:05.687,3881058,1,0.0026666666666666666,0.003266666666666667,0.009,60.0,5000,132.0,0,0.0,0.0,0.0,0.0,0,0.0,0.07,2776,0,89.5,-,Belum ditandai,unset,0.3,1,0,
2026-06-26T00:36:06.184,3881547,5,0.0029333333333333334,0.0036,0.009,60.0,5000,132.0,0,0.0,0.0,0.0,0.0,0,0.0,0.07,2777,0,89.5,-,Belum ditandai,unset,0.3,1,0,
2026-06-26T00:36:06.746,3882072,4,0.0034000000000000002,0.004066666666666666,0.009,60.0,5000,132.0,0,0.0,0.0,0.0,0.0,0,0.0,0.07,2777,0,89.5,-,Belum ditandai,unset,0.3,1,0,
2026-06-26T00:36:07.339,3882666,3,0.0033333333333333335,0.004333333333333333,0.009,60.0,5000,132.0,0,0.0,0.0,0.0,0.0,0,0.0,0.07,2778,0,89.5,-,Belum ditandai,unset,0.3,1,0,
2026-06-26T00:36:08.017,3883365,4,0.0028,0.004266666666666667,0.009,60.0,5000,132.0,0,0.0,0.0,0.0,0.0,0,0.0,0.07,2779,0,89.5,-,Belum ditandai,unset,0.3,1,0,
2026-06-26T00:36:08.510,3883890,7,0.002,0.004666666666666667,0.009,60.0,5000,132.0,0,0.0,0.0,0.0,0.0,0,0.0,0.07,2779,0,89.5,-,Belum ditandai,unset,0.3,1,0,
2026-06-26T00:36:09.012,3884379,0,0.0016666666666666668,0.004266666666666667,0.009,60.0,5000,132.0,0,0.0,0.0,0.0,0.0,0,0.0,0.07,2780,0,89.5,-,Belum ditandai,unset,0.3,1,0,
2026-06-26T00:36:09.571,3884904,0,0.002266666666666667,0.0042,0.009,60.0,5000,132.0,0,0.0,0.0,0.0,0.0,0,0.0,0.07,2780,0,89.5,-,Belum ditandai,unset,0.3,1,0,
2026-06-26T00:36:10.130,3885498,7,0.002,0.0038666666666666667,0.009,60.0,5000,132.0,0,0.0,0.0,0.0,0.0,0,0.0,0.07,2781,0,89.5,-,Belum ditandai,unset,0.3,1,0,
2026-06-26T00:36:10.679,3886023,5,0.0020666666666666667,0.003933333333333334,0.009,60.0,5000,132.0,0,0.0,0.0,0.0,0.0,0,0.0,0.07,2781,0,89.5,-,Belum ditandai,unset,0.3,1,0,
2026-06-26T00:36:11.174,3886512,0,0.0019333333333333333,0.003933333333333334,0.009,60.0,5000,132.0,0,0.0,0.0,0.0,0.0,0,0.0,0.07,2782,0,89.5,-,Belum ditandai,unset,0.3,1,0,
2026-06-26T00:36:11.678,3887037,0,0.0038,0.0041333333333333335,0.009,60.0,5000,132.0,0,0.0,0.0,0.0,0.0,0,0.0,0.07,2782,0,89.5,-,Belum ditandai,unset,0.3,1,0,
2026-06-26T00:36:12.177,3887526,0,0.005066666666666666,0.0042,0.009,60.0,5000,132.0,0,0.0,0.0,0.0,0.0,0,0.0,0.07,2783,0,89.5,-,Belum ditandai,unset,0.3,1,0,
2026-06-26T00:36:12.682,3888051,4,0.005733333333333334,0.0042,0.009,60.0,5000,132.0,0,0.0,0.0,0.0,0.0,0,0.0,0.07,2783,0,89.5,-,Belum ditandai,unset,0.3,1,0,
2026-06-26T00:36:13.181,3888540,0,0.0038666666666666663,0.003933333333333334,0.009,60.0,5000,132.0,0,0.0,0.0,0.0,0.0,0,0.0,0.07,2784,0,89.5,-,Belum ditandai,unset,0.3,1,0,
2026-06-26T00:36:13.789,3889170,7,0.002533333333333333,0.0034000000000000002,0.009,60.0,5000,132.0,0,0.0,0.0,0.0,0.0,0,0.0,0.07,2784,0,89.5,-,Belum ditandai,unset,0.3,1,0,
2026-06-26T00:36:14.294,3889659,4,0.0027333333333333333,0.0036666666666666666,0.009,60.0,5000,132.0,0,0.0,0.0,0.0,0.0,0,0.0,0.07,2785,0,89.5,-,Belum ditandai,unset,0.3,1,0,
2026-06-26T00:36:14.796,3890184,3,0.0021333333333333334,0.004333333333333333,0.009,60.0,5000,132.0,0,0.0,0.0,0.0,0.0,0,0.0,0.07,2785,0,89.5,-,Belum ditandai,unset,0.3,1,0,
2026-06-26T00:36:15.296,3890673,4,0.004866666666666667,0.005066666666666666,0.009,60.0,5000,132.0,0,0.0,0.0,0.0,0.0,0,0.0,0.07,2786,0,89.5,-,Belum ditandai,unset,0.3,1,0,
2026-06-26T00:36:15.797,3891198,5,0.0052,0.006,0.009,60.0,5000,132.0,0,0.0,0.0,0.0,0.0,0,0.0,0.07,2786,0,89.5,-,Belum ditandai,unset,0.3,1,0,
2026-06-26T00:36:16.298,3891687,3,0.005733333333333334,0.006,0.009,60.0,5000,132.0,0,0.0,0.0,0.0,0.0,0,0.0,0.07,2787,0,89.5,-,Belum ditandai,unset,0.3,1,0,
2026-06-26T00:36:16.797,3892212,0,0.005866666666666667,0.005733333333333334,0.009,60.0,5000,132.0,0,0.0,0.0,0.0,0.0,0,0.0,0.07,2787,0,89.5,-,Belum ditandai,unset,0.3,1,0,
2026-06-26T00:36:17.295,3892701,3,0.0031333333333333335,0.005066666666666666,0.009,60.0,5000,132.0,0,0.0,0.0,0.0,0.0,0,0.0,0.07,2788,0,89.5,-,Belum ditandai,unset,0.3,1,0,
2026-06-26T00:36:17.858,3893226,8,0.0033333333333333335,0.004533333333333334,0.009,60.0,5000,132.0,0,0.0,0.0,0.0,0.0,0,0.0,0.07,2788,0,89.5,-,Belum ditandai,unset,0.3,1,0,
2026-06-26T00:36:18.420,3893820,6,0.002866666666666667,0.0042,0.009,60.0,5000,132.0,0,0.0,0.0,0.0,0.0,0,0.0,0.07,2789,0,89.5,-,Belum ditandai,unset,0.3,1,0,
2026-06-26T00:36:19.105,3894519,0,0.0024666666666666665,0.004066666666666666,0.009,60.0,5000,132.0,0,0.0,0.0,0.0,0.0,0,0.0,0.07,2790,0,89.5,-,Belum ditandai,unset,0.3,1,0,
2026-06-26T00:36:19.632,3895044,0,0.0030666666666666668,0.004333333333333333,0.009,60.0,5000,132.0,0,0.0,0.0,0.0,0.0,0,0.0,0.07,2790,0,89.5,-,Belum ditandai,unset,0.3,1,0,
2026-06-26T00:36:20.131,3895533,8,0.0028666666666666662,0.004266666666666667,0.009,60.0,5000,132.0,0,0.0,0.0,0.0,0.0,0,0.0,0.07,2791,0,89.5,-,Belum ditandai,unset,0.3,1,0,
2026-06-26T00:36:20.631,3896058,7,0.0031333333333333335,0.004266666666666667,0.009,60.0,5000,132.0,0,0.0,0.0,0.0,0.0,0,0.0,0.07,2791,0,89.5,-,Belum ditandai,unset,0.3,1,0,
2026-06-26T00:36:21.239,3896652,3,0.0032,0.0044666666666666665,0.009,60.0,5000,132.0,0,0.0,0.0,0.0,0.0,0,0.0,0.07,2792,0,89.5,-,Belum ditandai,unset,0.3,1,0,
2026-06-26T00:36:21.801,3897177,7,0.0034000000000000002,0.004533333333333334,0.009,60.0,5000,132.0,0,0.0,0.0,0.0,0.0,0,0.0,0.07,2792,0,89.5,-,Belum ditandai,unset,0.3,1,0,
2026-06-26T00:36:22.361,3897771,5,0.0033333333333333335,0.0048,0.009,60.0,5000,132.0,0,0.0,0.0,0.0,0.0,0,0.0,0.07,2793,0,89.5,-,Belum ditandai,unset,0.3,1,0,
2026-06-26T00:36:22.858,3898296,2,0.0027333333333333333,0.0054666666666666665,0.009,60.0,5000,132.0,0,0.0,0.0,0.0,0.0,0,0.0,0.07,2793,0,89.5,-,Belum ditandai,unset,0.3,1,0,
2026-06-26T00:36:23.358,3898785,7,0.0034000000000000002,0.0058,0.009,60.0,5000,132.0,0,0.0,0.0,0.0,0.0,0,0.0,0.07,2794,0,89.5,-,Belum ditandai,unset,0.3,1,0,
2026-06-26T00:36:23.923,3899310,0,0.003,0.0052,0.009,60.0,5000,132.0,0,0.0,0.0,0.0,0.0,0,0.0,0.07,2794,0,89.5,-,Belum ditandai,unset,0.3,1,0,
2026-06-26T00:36:24.482,3899904,5,0.0026666666666666666,0.004600000000000001,0.009,60.0,5000,132.0,0,0.0,0.0,0.0,0.0,0,0.0,0.07,2795,0,89.5,-,Belum ditandai,unset,0.3,1,0,
2026-06-26T00:36:25.171,3900603,6,0.002266666666666667,0.0036,0.009,60.0,5000,132.0,0,0.0,0.0,0.0,0.0,0,0.0,0.07,2796,0,89.5,-,Belum ditandai,unset,0.3,1,0,
2026-06-26T00:36:25.733,3901128,3,0.0017333333333333335,0.0042,0.009,60.0,5000,132.0,0,0.0,0.0,0.0,0.0,0,0.0,0.07,2796,0,89.5,-,Belum ditandai,unset,0.3,1,0,
2026-06-26T00:36:26.298,3901722,1,0.002533333333333333,0.004333333333333333,0.009,60.0,5000,132.0,0,0.0,0.0,0.0,0.0,0,0.0,0.07,2797,0,89.5,-,Belum ditandai,unset,0.3,1,0,
2026-06-26T00:36:26.798,3902247,1,0.0031333333333333335,0.005333333333333333,0.009,60.0,5000,132.0,0,0.0,0.0,0.0,0.0,0,0.0,0.07,2797,0,89.5,-,Belum ditandai,unset,0.3,1,0,
2026-06-26T00:36:27.294,3902736,0,0.0034000000000000002,0.005066666666666666,0.009,60.0,5000,132.0,0,0.0,0.0,0.0,0.0,0,0.0,0.07,2798,0,89.5,-,Belum ditandai,unset,0.3,1,0,
2026-06-26T00:36:27.855,3903261,4,0.0038,0.004733333333333334,0.009,60.0,5000,132.0,0,0.0,0.0,0.0,0.0,0,0.0,0.07,2798,0,89.5,-,Belum ditandai,unset,0.3,1,0,
2026-06-26T00:36:28.415,3903855,0,0.0026,0.0042,0.009,60.0,5000,132.0,0,0.0,0.0,0.0,0.0,0,0.0,0.07,2799,0,89.5,-,Belum ditandai,unset,0.3,1,0,
2026-06-26T00:36:28.978,3904380,4,0.0018,0.0037333333333333333,0.009,60.0,5000,132.0,0,0.0,0.0,0.0,0.0,0,0.0,0.07,2799,0,89.5,-,Belum ditandai,unset,0.3,1,0,
2026-06-26T00:36:29.539,3904974,0,0.0018,0.0037333333333333333,0.009,60.0,5000,132.0,0,0.0,0.0,0.0,0.0,0,0.0,0.07,2800,0,89.5,-,Belum ditandai,unset,0.3,1,0,
2026-06-26T00:36:30.223,3905673,2,0.0016666666666666668,0.004,0.009,60.0,5000,132.0,0,0.0,0.0,0.0,0.0,0,0.0,0.07,2801,0,89.5,-,Belum ditandai,unset,0.3,1,0,
2026-06-26T00:36:30.784,3906198,0,0.0016,0.004266666666666667,0.009,60.0,5000,132.0,0,0.0,0.0,0.0,0.0,0,0.0,0.07,2801,0,89.5,-,Belum ditandai,unset,0.3,1,0,
2026-06-26T00:36:31.343,3906792,8,0.0017333333333333335,0.004,0.009,60.0,5000,132.0,0,0.0,0.0,0.0,0.0,0,0.0,0.07,2802,0,89.5,-,Belum ditandai,unset,0.3,1,0,
2026-06-26T00:36:31.842,3907317,1,0.0016666666666666668,0.0037333333333333333,0.009,60.0,5000,132.0,0,0.0,0.0,0.0,0.0,0,0.0,0.07,2802,0,89.5,-,Belum ditandai,unset,0.3,1,0,
2026-06-26T00:36:32.343,3907806,1,0.0015333333333333334,0.0038,0.009,60.0,5000,132.0,0,0.0,0.0,0.0,0.0,0,0.0,0.07,2803,0,89.5,-,Belum ditandai,unset,0.3,1,0,
2026-06-26T00:36:32.905,3908331,0,0.0017333333333333335,0.003466666666666667,0.009,60.0,5000,132.0,0,0.0,0.0,0.0,0.0,0,0.0,0.07,2803,0,89.5,-,Belum ditandai,unset,0.3,1,0,
2026-06-26T00:36:33.466,3908925,0,0.0012000000000000001,0.003266666666666667,0.009,60.0,5000,132.0,0,0.0,0.0,0.0,0.0,0,0.0,0.07,2804,0,89.5,-,Belum ditandai,unset,0.3,1,0,
2026-06-26T00:36:34.026,3909450,2,0.0020666666666666667,0.003466666666666667,0.009,60.0,5000,132.0,0,0.0,0.0,0.0,0.0,0,0.0,0.07,2804,0,89.5,-,Belum ditandai,unset,0.3,1,0,
2026-06-26T00:36:34.573,3910044,4,0.0023333333333333335,0.0036,0.009,60.0,5000,132.0,0,0.0,0.0,0.0,0.0,0,0.0,0.07,2805,0,89.5,-,Belum ditandai,unset,0.3,1,0,
2026-06-26T00:36:35.261,3910743,8,0.0031333333333333335,0.0042,0.009,60.0,5000,132.0,0,0.0,0.0,0.0,0.0,0,0.0,0.07,2806,0,89.5,-,Belum ditandai,unset,0.3,1,0,
2026-06-26T00:36:35.823,3911268,21,0.0035333333333333336,0.004066666666666666,0.009,60.0,5000,132.0,0,0.0,0.0,0.0,0.0,0,0.0,0.07,2806,0,89.5,-,Belum ditandai,unset,0.3,1,0,
2026-06-26T00:36:36.432,3911862,5,0.0038,0.004333333333333333,0.009,60.0,5000,132.0,0,0.0,0.0,0.0,0.0,0,0.0,0.07,2807,0,89.5,-,Belum ditandai,unset,0.3,1,0,
2026-06-26T00:36:37.056,3912492,1,0.0026666666666666666,0.0038666666666666667,0.009,60.0,5000,132.0,0,0.0,0.0,0.0,0.0,0,0.0,0.07,2807,0,89.5,-,Belum ditandai,unset,0.3,1,0,
2026-06-26T00:36:37.616,3913086,1,0.002933333333333334,0.0038666666666666667,0.009,60.0,5000,132.0,0,0.0,0.0,0.0,0.0,0,0.0,0.07,2808,0,89.5,-,Belum ditandai,unset,0.3,1,0,
2026-06-26T00:36:38.302,3913785,0,0.0015333333333333334,0.003266666666666667,0.009,60.0,5000,132.0,0,0.0,0.0,0.0,0.0,0,0.0,0.07,2809,0,89.5,-,Belum ditandai,unset,0.3,1,0,
2026-06-26T00:36:38.868,3914310,4,0.0027333333333333333,0.0036,0.009,60.0,5000,132.0,0,0.0,0.0,0.0,0.0,0,0.0,0.07,2809,0,89.5,-,Belum ditandai,unset,0.3,1,0,
2026-06-26T00:36:39.413,3914904,0,0.0026,0.0038666666666666667,0.009,60.0,5000,132.0,0,0.0,0.0,0.0,0.0,0,0.0,0.07,2810,0,89.5,-,Belum ditandai,unset,0.3,1,0,
2026-06-26T00:36:39.975,3915429,0,0.002266666666666667,0.003933333333333334,0.009,60.0,5000,132.0,0,0.0,0.0,0.0,0.0,0,0.0,0.07,2810,0,89.5,-,Belum ditandai,unset,0.3,1,0,
2026-06-26T00:36:40.534,3916023,3,0.002533333333333333,0.0036666666666666666,0.009,60.0,5000,132.0,0,0.0,0.0,0.0,0.0,0,0.0,0.07,2811,0,89.5,-,Belum ditandai,unset,0.3,1,0,
2026-06-26T00:36:41.078,3916548,0,0.0016666666666666668,0.0034000000000000002,0.009,60.0,5000,132.0,0,0.0,0.0,0.0,0.0,0,0.0,0.07,2811,0,89.5,-,Belum ditandai,unset,0.3,1,0,
2026-06-26T00:36:41.582,3917037,0,0.0017333333333333335,0.003466666666666667,0.009,60.0,5000,132.0,0,0.0,0.0,0.0,0.0,0,0.0,0.07,2812,0,89.5,-,Belum ditandai,unset,0.3,1,0,
2026-06-26T00:36:42.083,3917562,7,0.002533333333333333,0.0038,0.009,60.0,5000,132.0,0,0.0,0.0,0.0,0.0,0,0.0,0.07,2812,0,89.5,-,Belum ditandai,unset,0.3,1,0,
2026-06-26T00:36:42.587,3918051,0,0.002266666666666667,0.0037333333333333333,0.009,60.0,5000,132.0,0,0.0,0.0,0.0,0.0,0,0.0,0.07,2813,0,89.5,-,Belum ditandai,unset,0.3,1,0,
2026-06-26T00:36:43.091,3918576,2,0.002266666666666667,0.004333333333333333,0.009,60.0,5000,132.0,0,0.0,0.0,0.0,0.0,0,0.0,0.07,2813,0,89.5,-,Belum ditandai,unset,0.3,1,0,
2026-06-26T00:36:43.591,3919065,0,0.0020666666666666667,0.0041333333333333335,0.009,60.0,5000,132.0,0,0.0,0.0,0.0,0.0,0,0.0,0.07,2814,0,89.5,-,Belum ditandai,unset,0.3,1,0,
2026-06-26T00:36:44.094,3919590,3,0.0017333333333333335,0.004666666666666667,0.009,60.0,5000,132.0,0,0.0,0.0,0.0,0.0,0,0.0,0.07,2814,0,89.5,-,Belum ditandai,unset,0.3,1,0,
2026-06-26T00:36:44.595,3920079,3,0.0020666666666666667,0.004333333333333333,0.009,60.0,5000,132.0,0,0.0,0.0,0.0,0.0,0,0.0,0.07,2815,0,89.5,-,Belum ditandai,unset,0.3,1,0,
2026-06-26T00:36:45.090,3920604,1,0.0020666666666666667,0.0044666666666666665,0.009,60.0,5000,132.0,0,0.0,0.0,0.0,0.0,0,0.0,0.07,2815,0,89.5,-,Belum ditandai,unset,0.3,1,0,
2026-06-26T00:36:45.588,3921093,2,0.0018666666666666666,0.0044,0.009,60.0,5000,132.0,0,0.0,0.0,0.0,0.0,0,0.0,0.07,2816,0,89.5,-,Belum ditandai,unset,0.3,1,0,
2026-06-26T00:36:46.150,3921618,5,0.0024000000000000002,0.0037333333333333333,0.009,60.0,5000,132.0,0,0.0,0.0,0.0,0.0,0,0.0,0.07,2816,0,89.5,-,Belum ditandai,unset,0.3,1,0,
2026-06-26T00:36:46.716,3922212,2,0.0016666666666666668,0.003266666666666667,0.009,60.0,5000,132.0,0,0.0,0.0,0.0,0.0,0,0.0,0.07,2817,0,89.5,-,Belum ditandai,unset,0.3,1,0,
2026-06-26T00:36:47.403,3922911,1,0.0024000000000000002,0.0033333333333333335,0.009,60.0,5000,132.0,0,0.0,0.0,0.0,0.0,0,0.0,0.07,2818,0,89.5,-,Belum ditandai,unset,0.3,1,0,
2026-06-26T00:36:47.903,3923436,0,0.002,0.003466666666666667,0.009,60.0,5000,132.0,0,0.0,0.0,0.0,0.0,0,0.0,0.07,2818,0,89.5,-,Belum ditandai,unset,0.3,1,0,
2026-06-26T00:36:48.401,3923925,3,0.002266666666666667,0.0036666666666666666,0.009,60.0,5000,132.0,0,0.0,0.0,0.0,0.0,0,0.0,0.07,2819,0,89.5,-,Belum ditandai,unset,0.3,1,0,
2026-06-26T00:36:48.960,3924450,4,0.003266666666666667,0.004066666666666666,0.009,60.0,5000,132.0,0,0.0,0.0,0.0,0.0,0,0.0,0.07,2819,0,89.5,-,Belum ditandai,unset,0.3,1,0,
2026-06-26T00:36:49.523,3925044,8,0.0031333333333333335,0.004533333333333334,0.009,60.0,5000,132.0,0,0.0,0.0,0.0,0.0,0,0.0,0.07,2820,0,89.5,-,Belum ditandai,unset,0.3,1,0,
2026-06-26T00:36:50.027,3925569,7,0.004600000000000001,0.0048000000000000004,0.009,60.0,5000,132.0,0,0.0,0.0,0.0,0.0,0,0.0,0.07,2820,0,89.5,-,Belum ditandai,unset,0.3,1,0,
2026-06-26T00:36:50.529,3926058,1,0.0052,0.004933333333333333,0.009,60.0,5000,132.0,0,0.0,0.0,0.0,0.0,0,0.0,0.07,2821,0,89.5,-,Belum ditandai,unset,0.3,1,0,
2026-06-26T00:36:51.093,3926583,4,0.0041333333333333335,0.0044,0.009,60.0,5000,132.0,0,0.0,0.0,0.0,0.0,0,0.0,0.07,2821,0,89.5,-,Belum ditandai,unset,0.3,1,0,
2026-06-26T00:36:51.654,3927177,3,0.003466666666666667,0.0038,0.009,60.0,5000,132.0,0,0.0,0.0,0.0,0.0,0,0.0,0.07,2822,0,89.5,-,Belum ditandai,unset,0.3,1,0,
2026-06-26T00:36:52.152,3927702,3,0.0018666666666666666,0.0036,0.009,60.0,5000,132.0,0,0.0,0.0,0.0,0.0,0,0.0,0.07,2822,0,89.5,-,Belum ditandai,unset,0.3,1,0,
2026-06-26T00:36:52.653,3928191,3,0.0021333333333333334,0.0036666666666666666,0.009,60.0,5000,132.0,0,0.0,0.0,0.0,0.0,0,0.0,0.07,2823,0,89.5,-,Belum ditandai,unset,0.3,1,0,
2026-06-26T00:36:53.214,3928716,2,0.002533333333333333,0.004533333333333334,0.009,60.0,5000,132.0,0,0.0,0.0,0.0,0.0,0,0.0,0.07,2823,0,89.5,-,Belum ditandai,unset,0.3,1,0,
2026-06-26T00:36:53.775,3929310,3,0.0032,0.005,0.009,60.0,5000,132.0,0,0.0,0.0,0.0,0.0,0,0.0,0.07,2824,0,89.5,-,Belum ditandai,unset,0.3,1,0,
2026-06-26T00:36:54.509,3930009,8,0.0036,0.005066666666666666,0.009,60.0,5000,132.0,0,0.0,0.0,0.0,0.0,0,0.0,0.07,2825,0,89.5,-,Belum ditandai,unset,0.3,1,0,
2026-06-26T00:36:55.008,3930534,3,0.0032,0.004666666666666667,0.009,60.0,5000,132.0,0,0.0,0.0,0.0,0.0,0,0.0,0.07,2825,0,89.5,-,Belum ditandai,unset,0.3,1,0,
2026-06-26T00:36:55.509,3931023,3,0.002866666666666667,0.004266666666666667,0.009,60.0,5000,132.0,0,0.0,0.0,0.0,0.0,0,0.0,0.07,2826,0,89.5,-,Belum ditandai,unset,0.3,1,0,
2026-06-26T00:36:55.997,3931548,3,0.0035333333333333336,0.004600000000000001,0.009,60.0,5000,132.0,0,0.0,0.0,0.0,0.0,0,0.0,0.07,2826,0,89.5,-,Belum ditandai,unset,0.3,1,0,
2026-06-26T00:36:56.500,3932037,1,0.0030666666666666668,0.004333333333333333,0.009,60.0,5000,132.0,0,0.0,0.0,0.0,0.0,0,0.0,0.07,2827,0,89.5,-,Belum ditandai,unset,0.3,1,0,
2026-06-26T00:36:56.998,3932562,4,0.003266666666666667,0.004266666666666667,0.009,60.0,5000,132.0,0,0.0,0.0,0.0,0.0,0,0.0,0.07,2827,0,89.5,-,Belum ditandai,unset,0.3,1,0,
2026-06-26T00:36:57.607,3933156,3,0.0031333333333333335,0.0036,0.009,60.0,5000,132.0,0,0.0,0.0,0.0,0.0,0,0.0,0.07,2828,0,89.5,-,Belum ditandai,unset,0.3,1,0,
2026-06-26T00:36:58.106,3933681,1,0.0024000000000000002,0.0038666666666666667,0.009,60.0,5000,132.0,0,0.0,0.0,0.0,0.0,0,0.0,0.07,2828,0,89.5,-,Belum ditandai,unset,0.3,1,0,
2026-06-26T00:36:58.608,3934170,4,0.0026666666666666666,0.004,0.009,60.0,5000,132.0,0,0.0,0.0,0.0,0.0,0,0.0,0.07,2829,0,89.5,-,Belum ditandai,unset,0.3,1,0,
2026-06-26T00:36:59.169,3934695,1,0.0028,0.004266666666666667,0.009,60.0,5000,132.0,0,0.0,0.0,0.0,0.0,0,0.0,0.07,2829,0,89.5,-,Belum ditandai,unset,0.3,1,0,
2026-06-26T00:36:59.732,3935289,0,0.0026,0.005066666666666666,0.009,60.0,5000,132.0,0,0.0,0.0,0.0,0.0,0,0.0,0.07,2830,0,89.5,-,Belum ditandai,unset,0.3,1,0,
2026-06-26T00:37:00.276,3935814,2,0.0026666666666666666,0.0056,0.009,60.0,5000,132.0,0,0.0,0.0,0.0,0.0,0,0.0,0.07,2830,0,89.5,-,Belum ditandai,unset,0.3,1,0,
2026-06-26T00:37:00.861,3936408,2,0.0019333333333333333,0.0056,0.009,60.0,5000,132.0,0,0.0,0.0,0.0,0.0,0,0.0,0.07,2831,0,89.5,-,Belum ditandai,unset,0.3,1,0,
2026-06-26T00:37:01.548,3937107,2,0.0018666666666666666,0.0057333333333333325,0.009,60.0,5000,132.0,0,0.0,0.0,0.0,0.0,0,0.0,0.07,2832,0,89.5,-,Belum ditandai,unset,0.3,1,0,
2026-06-26T00:37:02.095,3937632,1,0.0016,0.004933333333333333,0.009,60.0,5000,132.0,0,0.0,0.0,0.0,0.0,0,0.0,0.07,2832,0,89.5,-,Belum ditandai,unset,0.3,1,0,
2026-06-26T00:37:02.675,3938226,0,0.0018,0.004933333333333333,0.009,60.0,5000,132.0,0,0.0,0.0,0.0,0.0,0,0.0,0.07,2833,0,89.5,-,Belum ditandai,unset,0.3,1,0,
2026-06-26T00:37:03.203,3938751,49,0.004066666666666666,0.0054,0.009,60.0,5000,132.0,0,0.0,0.0,0.0,0.0,0,0.0,0.07,2833,0,89.5,-,Belum ditandai,unset,0.3,1,0,
2026-06-26T00:37:03.702,3939240,11,0.0054666666666666665,0.005933333333333333,0.009,60.0,5000,132.0,0,0.0,0.0,0.0,0.0,0,0.0,0.07,2834,0,89.5,-,Belum ditandai,unset,0.3,1,0,
2026-06-26T00:37:04.298,3939870,0,0.005333333333333333,0.004866666666666667,0.009,60.0,5000,132.0,0,0.0,0.0,0.0,0.0,0,0.0,0.07,2834,0,89.5,-,Belum ditandai,unset,0.3,1,0,
2026-06-26T00:37:04.794,3940359,19,0.007066666666666666,0.005066666666666666,0.009,60.0,5000,132.0,0,0.0,0.0,0.0,0.0,0,0.0,0.07,2835,0,89.5,-,Belum ditandai,unset,0.3,1,0,
2026-06-26T00:37:05.292,3940884,7,0.004,0.004266666666666667,0.009,60.0,5000,132.0,0,0.0,0.0,0.0,0.0,0,0.0,0.07,2835,0,89.5,-,Belum ditandai,unset,0.3,1,0,
2026-06-26T00:37:05.794,3941373,0,0.0038666666666666667,0.004266666666666667,0.009,60.0,5000,132.0,0,0.0,0.0,0.0,0.0,0,0.0,0.07,2836,0,89.5,-,Belum ditandai,unset,0.3,1,0,
2026-06-26T00:37:06.337,3941898,0,0.004066666666666666,0.005,0.009,60.0,5000,132.0,0,0.0,0.0,0.0,0.0,0,0.0,0.07,2836,0,89.5,-,Belum ditandai,unset,0.3,1,0,
2026-06-26T00:37:06.837,3942387,0,0.002866666666666667,0.0048000000000000004,0.009,60.0,5000,132.0,0,0.0,0.0,0.0,0.0,0,0.0,0.07,2837,0,89.5,-,Belum ditandai,unset,0.3,1,0,
2026-06-26T00:37:07.351,3942912,4,0.002866666666666667,0.004733333333333334,0.009,60.0,5000,132.0,0,0.0,0.0,0.0,0.0,0,0.0,0.07,2837,0,89.5,-,Belum ditandai,unset,0.3,1,0,
2026-06-26T00:37:07.946,3943506,0,0.0024000000000000002,0.004733333333333334,0.009,60.0,5000,132.0,0,0.0,0.0,0.0,0.0,0,0.0,0.07,2838,0,89.5,-,Belum ditandai,unset,0.3,1,0,
2026-06-26T00:37:08.625,3944205,3,0.0029333333333333334,0.004666666666666667,0.009,60.0,5000,132.0,0,0.0,0.0,0.0,0.0,0,0.0,0.07,2839,0,89.5,-,Belum ditandai,unset,0.3,1,0,
2026-06-26T00:37:09.153,3944730,3,0.0029333333333333334,0.004600000000000001,0.009,60.0,5000,132.0,0,0.0,0.0,0.0,0.0,0,0.0,0.07,2839,0,89.5,-,Belum ditandai,unset,0.3,1,0,
2026-06-26T00:37:09.749,3945324,4,0.0026666666666666666,0.004733333333333334,0.009,60.0,5000,132.0,0,0.0,0.0,0.0,0.0,0,0.0,0.07,2840,0,89.5,-,Belum ditandai,unset,0.3,1,0,
2026-06-26T00:37:10.253,3945849,2,0.0024666666666666665,0.004533333333333334,0.009,60.0,5000,132.0,0,0.0,0.0,0.0,0.0,0,0.0,0.07,2840,0,89.5,-,Belum ditandai,unset,0.3,1,0,
2026-06-26T00:37:10.752,3946338,0,0.0027333333333333333,0.004666666666666667,0.009,60.0,5000,132.0,0,0.0,0.0,0.0,0.0,0,0.0,0.07,2841,0,89.5,-,Belum ditandai,unset,0.3,1,0,
2026-06-26T00:37:11.363,3946968,18,0.004600000000000001,0.0048000000000000004,0.009,60.0,5000,132.0,0,0.0,0.0,0.0,0.0,0,0.0,0.07,2841,0,89.5,-,Belum ditandai,unset,0.3,1,0,
2026-06-26T00:37:11.865,3947457,1,0.0042,0.005266666666666667,0.009,60.0,5000,132.0,0,0.0,0.0,0.0,0.0,0,0.0,0.07,2842,0,89.5,-,Belum ditandai,unset,0.3,1,0,
2026-06-26T00:37:12.364,3947982,4,0.004733333333333333,0.005266666666666667,0.009,60.0,5000,132.0,0,0.0,0.0,0.0,0.0,0,0.0,0.07,2842,0,89.5,-,Belum ditandai,unset,0.3,1,0,
2026-06-26T00:37:12.863,3948471,9,0.004866666666666667,0.005266666666666667,0.009,60.0,5000,132.0,0,0.0,0.0,0.0,0.0,0,0.0,0.07,2843,0,89.5,-,Belum ditandai,unset,0.3,1,0,
2026-06-26T00:37:13.425,3948996,2,0.0029333333333333334,0.0042,0.009,60.0,5000,132.0,0,0.0,0.0,0.0,0.0,0,0.0,0.07,2843,0,89.5,-,Belum ditandai,unset,0.3,1,0,
2026-06-26T00:37:13.988,3949590,4,0.0032,0.003466666666666667,0.009,60.0,5000,132.0,0,0.0,0.0,0.0,0.0,0,0.0,0.07,2844,0,89.5,-,Belum ditandai,unset,0.3,1,0,
2026-06-26T00:37:14.675,3950289,3,0.0031333333333333335,0.0034000000000000002,0.009,60.0,5000,132.0,0,0.0,0.0,0.0,0.0,0,0.0,0.07,2845,0,89.5,-,Belum ditandai,unset,0.3,1,0,
2026-06-26T00:37:15.174,3950814,3,0.0028,0.0033333333333333335,0.009,60.0,5000,132.0,0,0.0,0.0,0.0,0.0,0,0.0,0.07,2845,0,89.5,-,Belum ditandai,unset,0.3,1,0,
2026-06-26T00:37:15.674,3951303,2,0.0031333333333333335,0.0033333333333333335,0.009,60.0,5000,132.0,0,0.0,0.0,0.0,0.0,0,0.0,0.07,2846,0,89.5,-,Belum ditandai,unset,0.3,1,0,
2026-06-26T00:37:16.232,3951828,8,0.0033333333333333335,0.0031333333333333335,0.009,60.0,5000,132.0,0,0.0,0.0,0.0,0.0,0,0.0,0.07,2846,0,89.5,-,Belum ditandai,unset,0.3,1,0,
2026-06-26T00:37:16.796,3952422,0,0.003,0.0030666666666666668,0.009,60.0,5000,132.0,0,0.0,0.0,0.0,0.0,0,0.0,0.07,2847,0,89.5,-,Belum ditandai,unset,0.3,1,0,
2026-06-26T00:37:17.358,3952947,33,0.004333333333333333,0.0037333333333333333,0.009,60.0,5000,132.0,0,0.0,0.0,0.0,0.0,0,0.0,0.07,2847,0,89.5,-,Belum ditandai,unset,0.3,1,0,
2026-06-26T00:37:17.920,3953541,1,0.003933333333333333,0.003933333333333333,0.009,60.0,5000,132.0,0,0.0,0.0,0.0,0.0,0,0.0,0.07,2848,0,89.5,-,Belum ditandai,unset,0.3,1,0,
2026-06-26T00:37:18.425,3954066,0,0.004600000000000001,0.004333333333333333,0.009,60.0,5000,132.0,0,0.0,0.0,0.0,0.0,0,0.0,0.07,2848,0,89.5,-,Belum ditandai,unset,0.3,1,0,
2026-06-26T00:37:18.926,3954555,1,0.0044666666666666665,0.004333333333333333,0.009,60.0,5000,132.0,0,0.0,0.0,0.0,0.0,0,0.0,0.07,2849,0,89.5,-,Belum ditandai,unset,0.3,1,0,
2026-06-26T00:37:19.486,3955080,2,0.002533333333333333,0.0038,0.009,60.0,5000,132.0,0,0.0,0.0,0.0,0.0,0,0.0,0.07,2849,0,89.5,-,Belum ditandai,unset,0.3,1,0,
2026-06-26T00:37:20.044,3955674,1,0.002266666666666667,0.003533333333333333,0.009,60.0,5000,132.0,0,0.0,0.0,0.0,0.0,0,0.0,0.07,2850,0,89.5,-,Belum ditandai,unset,0.3,1,0,
2026-06-26T00:37:20.734,3956373,3,0.0016,0.0034000000000000002,0.009,60.0,5000,132.0,0,0.0,0.0,0.0,0.0,0,0.0,0.07,2851,0,89.5,-,Belum ditandai,unset,0.3,1,0,
2026-06-26T00:37:21.240,3956898,0,0.0024000000000000002,0.003533333333333333,0.009,60.0,5000,132.0,0,0.0,0.0,0.0,0.0,0,0.0,0.07,2851,0,89.5,-,Belum ditandai,unset,0.3,1,0,
2026-06-26T00:37:21.742,3957387,1,0.0024000000000000002,0.003466666666666667,0.009,60.0,5000,132.0,0,0.0,0.0,0.0,0.0,0,0.0,0.07,2852,0,89.5,-,Belum ditandai,unset,0.3,1,0,
2026-06-26T00:37:22.245,3957912,3,0.002,0.0038666666666666667,0.009,60.0,5000,132.0,0,0.0,0.0,0.0,0.0,0,0.0,0.07,2852,0,89.5,-,Belum ditandai,unset,0.3,1,0,
2026-06-26T00:37:22.746,3958401,0,0.0016,0.0036666666666666666,0.009,60.0,5000,132.0,0,0.0,0.0,0.0,0.0,0,0.0,0.07,2853,0,89.5,-,Belum ditandai,unset,0.3,1,0,
2026-06-26T00:37:23.312,3958926,12,0.0016,0.0044,0.009,60.0,5000,132.0,0,0.0,0.0,0.0,0.0,0,0.0,0.07,2853,0,89.5,-,Belum ditandai,unset,0.3,1,0,
2026-06-26T00:37:23.877,3959520,8,0.0024,0.005266666666666667,0.009,60.0,5000,132.0,0,0.0,0.0,0.0,0.0,0,0.0,0.07,2854,0,89.5,-,Belum ditandai,unset,0.3,1,0,
2026-06-26T00:37:24.428,3960045,1,0.0024,0.0061333333333333335,0.009,60.0,5000,132.0,0,0.0,0.0,0.0,0.0,0,0.0,0.07,2854,0,89.5,-,Belum ditandai,unset,0.3,1,0,
2026-06-26T00:37:24.989,3960639,2,0.0026,0.005666666666666667,0.009,60.0,5000,132.0,0,0.0,0.0,0.0,0.0,0,0.0,0.07,2855,0,89.5,-,Belum ditandai,unset,0.3,1,0,
2026-06-26T00:37:25.490,3961164,6,0.0017333333333333335,0.004733333333333334,0.009,60.0,5000,132.0,0,0.0,0.0,0.0,0.0,0,0.0,0.07,2855,0,89.5,-,Belum ditandai,unset,0.3,1,0,
2026-06-26T00:37:25.992,3961653,1,0.0019333333333333333,0.004266666666666667,0.009,60.0,5000,132.0,0,0.0,0.0,0.0,0.0,0,0.0,0.07,2856,0,89.5,-,Belum ditandai,unset,0.3,1,0,
2026-06-26T00:37:26.555,3962178,0,0.0028,0.0038,0.009,60.0,5000,132.0,0,0.0,0.0,0.0,0.0,0,0.0,0.07,2856,0,89.5,-,Belum ditandai,unset,0.3,1,0,
2026-06-26T00:37:27.118,3962772,2,0.003,0.004333333333333333,0.009,60.0,5000,132.0,0,0.0,0.0,0.0,0.0,0,0.0,0.07,2857,0,89.5,-,Belum ditandai,unset,0.3,1,0,
2026-06-26T00:37:27.810,3963471,2,0.0028,0.004533333333333334,0.009,60.0,5000,132.0,0,0.0,0.0,0.0,0.0,0,0.0,0.07,2858,0,89.5,-,Belum ditandai,unset,0.3,1,0,
2026-06-26T00:37:28.309,3963996,4,0.0020666666666666667,0.004333333333333333,0.009,60.0,5000,132.0,0,0.0,0.0,0.0,0.0,0,0.0,0.07,2858,0,89.5,-,Belum ditandai,unset,0.3,1,0,
2026-06-26T00:37:28.809,3964485,0,0.0020666666666666667,0.004,0.009,60.0,5000,132.0,0,0.0,0.0,0.0,0.0,0,0.0,0.07,2859,0,89.5,-,Belum ditandai,unset,0.3,1,0,
2026-06-26T00:37:29.373,3965010,0,0.002866666666666667,0.0037333333333333333,0.009,60.0,5000,132.0,0,0.0,0.0,0.0,0.0,0,0.0,0.07,2859,0,89.5,-,Belum ditandai,unset,0.3,1,0,
2026-06-26T00:37:29.935,3965604,3,0.0032,0.003533333333333333,0.009,60.0,5000,132.0,0,0.0,0.0,0.0,0.0,0,0.0,0.07,2860,0,89.5,-,Belum ditandai,unset,0.3,1,0,
2026-06-26T00:37:30.435,3966129,2,0.0037333333333333333,0.004600000000000001,0.009,60.0,5000,132.0,0,0.0,0.0,0.0,0.0,0,0.0,0.07,2860,0,89.5,-,Belum ditandai,unset,0.3,1,0,
2026-06-26T00:37:30.935,3966618,3,0.004866666666666667,0.005,0.009,60.0,5000,132.0,0,0.0,0.0,0.0,0.0,0,0.0,0.07,2861,0,89.5,-,Belum ditandai,unset,0.3,1,0,
2026-06-26T00:37:31.502,3967143,3,0.005333333333333333,0.0056,0.009,60.0,5000,132.0,0,0.0,0.0,0.0,0.0,0,0.0,0.07,2861,0,89.5,-,Belum ditandai,unset,0.3,1,0,
2026-06-26T00:37:32.067,3967737,1,0.005266666666666667,0.0052,0.009,60.0,5000,132.0,0,0.0,0.0,0.0,0.0,0,0.0,0.07,2862,0,89.5,-,Belum ditandai,unset,0.3,1,0,
2026-06-26T00:37:32.566,3968262,4,0.004600000000000001,0.004733333333333334,0.009,60.0,5000,132.0,0,0.0,0.0,0.0,0.0,0,0.0,0.07,2862,0,89.5,-,Belum ditandai,unset,0.3,1,0,
2026-06-26T00:37:33.065,3968751,4,0.0044,0.0044,0.009,60.0,5000,132.0,0,0.0,0.0,0.0,0.0,0,0.0,0.07,2863,0,89.5,-,Belum ditandai,unset,0.3,1,0,
2026-06-26T00:37:33.627,3969276,3,0.0026666666666666666,0.004066666666666666,0.009,60.0,5000,132.0,0,0.0,0.0,0.0,0.0,0,0.0,0.07,2863,0,89.5,-,Belum ditandai,unset,0.3,1,0,
2026-06-26T00:37:34.171,3969870,0,0.0012000000000000001,0.003933333333333334,0.009,60.0,5000,132.0,0,0.0,0.0,0.0,0.0,0,0.0,0.07,2864,0,89.5,-,Belum ditandai,unset,0.3,1,0,
2026-06-26T00:37:34.858,3970569,0,0.0011333333333333334,0.0036666666666666666,0.009,60.0,5000,132.0,0,0.0,0.0,0.0,0.0,0,0.0,0.07,2865,0,89.5,-,Belum ditandai,unset,0.3,1,0,
2026-06-26T00:37:35.420,3971094,0,0.001,0.0036666666666666666,0.009,60.0,5000,132.0,0,0.0,0.0,0.0,0.0,0,0.0,0.07,2865,0,89.5,-,Belum ditandai,unset,0.3,1,0,
2026-06-26T00:37:35.922,3971583,1,0.0010666666666666667,0.003266666666666667,0.009,60.0,5000,132.0,0,0.0,0.0,0.0,0.0,0,0.0,0.07,2866,0,89.5,-,Belum ditandai,unset,0.3,1,0,
2026-06-26T00:37:36.421,3972108,3,0.0011333333333333334,0.0036666666666666666,0.009,60.0,5000,132.0,0,0.0,0.0,0.0,0.0,0,0.0,0.07,2866,0,89.5,-,Belum ditandai,unset,0.3,1,0,
2026-06-26T00:37:36.920,3972597,12,0.0020666666666666667,0.004066666666666666,0.009,60.0,5000,132.0,0,0.0,0.0,0.0,0.0,0,0.0,0.07,2867,0,89.5,-,Belum ditandai,unset,0.3,1,0,
2026-06-26T00:37:37.422,3973122,1,0.003,0.004866666666666667,0.009,60.0,5000,132.0,0,0.0,0.0,0.0,0.0,0,0.0,0.07,2867,0,89.5,-,Belum ditandai,unset,0.3,1,0,
2026-06-26T00:37:37.921,3973611,3,0.0032,0.0051333333333333335,0.009,60.0,5000,132.0,0,0.0,0.0,0.0,0.0,0,0.0,0.07,2868,0,89.5,-,Belum ditandai,unset,0.3,1,0,
2026-06-26T00:37:38.420,3974136,3,0.003266666666666667,0.004733333333333334,0.009,60.0,5000,132.0,0,0.0,0.0,0.0,0.0,0,0.0,0.07,2868,0,89.5,-,Belum ditandai,unset,0.3,1,0,
2026-06-26T00:37:38.917,3974625,1,0.0026666666666666666,0.0044666666666666665,0.009,60.0,5000,132.0,0,0.0,0.0,0.0,0.0,0,0.0,0.07,2869,0,89.5,-,Belum ditandai,unset,0.3,1,0,
2026-06-26T00:37:39.419,3975150,1,0.0020666666666666667,0.0038,0.009,60.0,5000,132.0,0,0.0,0.0,0.0,0.0,0,0.0,0.07,2869,0,89.5,-,Belum ditandai,unset,0.3,1,0,
2026-06-26T00:37:39.918,3975639,6,0.0016,0.0036666666666666666,0.009,60.0,5000,132.0,0,0.0,0.0,0.0,0.0,0,0.0,0.07,2870,0,89.5,-,Belum ditandai,unset,0.3,1,0,
2026-06-26T00:37:40.481,3976164,5,0.002266666666666667,0.0034000000000000002,0.009,60.0,5000,132.0,0,0.0,0.0,0.0,0.0,0,0.0,0.07,2870,0,89.5,-,Belum ditandai,unset,0.3,1,0,
2026-06-26T00:37:41.045,3976758,1,0.0026,0.0038666666666666667,0.009,60.0,5000,132.0,0,0.0,0.0,0.0,0.0,0,0.0,0.07,2871,0,89.5,-,Belum ditandai,unset,0.3,1,0,
2026-06-26T00:37:41.548,3977283,0,0.002266666666666667,0.0038,0.009,60.0,5000,132.0,0,0.0,0.0,0.0,0.0,0,0.0,0.07,2871,0,89.5,-,Belum ditandai,unset,0.3,1,0,
2026-06-26T00:37:42.051,3977772,3,0.0019333333333333333,0.003933333333333334,0.009,60.0,5000,132.0,0,0.0,0.0,0.0,0.0,0,0.0,0.07,2872,0,89.5,-,Belum ditandai,unset,0.3,1,0,
2026-06-26T00:37:42.616,3978297,3,0.0018666666666666666,0.003933333333333334,0.009,60.0,5000,132.0,0,0.0,0.0,0.0,0.0,0,0.0,0.07,2872,0,89.5,-,Belum ditandai,unset,0.3,1,0,
2026-06-26T00:37:43.175,3978891,48,0.004533333333333334,0.0044,0.009,60.0,5000,132.0,0,0.0,0.0,0.0,0.0,0,0.0,0.07,2873,0,89.5,-,Belum ditandai,unset,0.3,1,0,
2026-06-26T00:37:43.674,3979416,3,0.005066666666666666,0.004733333333333334,0.009,60.0,5000,132.0,0,0.0,0.0,0.0,0.0,0,0.0,0.07,2873,0,89.5,-,Belum ditandai,unset,0.3,1,0,
2026-06-26T00:37:44.178,3979905,7,0.0051333333333333335,0.004866666666666667,0.009,60.0,5000,132.0,0,0.0,0.0,0.0,0.0,0,0.0,0.07,2874,0,89.5,-,Belum ditandai,unset,0.3,1,0,
2026-06-26T00:37:44.736,3980430,0,0.0044,0.005,0.009,60.0,5000,132.0,0,0.0,0.0,0.0,0.0,0,0.0,0.07,2874,0,89.5,-,Belum ditandai,unset,0.3,1,0,
2026-06-26T00:37:45.302,3981024,2,0.0012666666666666666,0.004533333333333334,0.009,60.0,5000,132.0,0,0.0,0.0,0.0,0.0,0,0.0,0.07,2875,0,89.5,-,Belum ditandai,unset,0.3,1,0,
2026-06-26T00:37:45.988,3981723,1,0.0018,0.0044666666666666665,0.009,60.0,5000,132.0,0,0.0,0.0,0.0,0.0,0,0.0,0.07,2876,0,89.5,-,Belum ditandai,unset,0.3,1,0,
2026-06-26T00:37:46.550,3982248,2,0.0026,0.004533333333333334,0.009,60.0,5000,132.0,0,0.0,0.0,0.0,0.0,0,0.0,0.07,2876,0,89.5,-,Belum ditandai,unset,0.3,1,0,
2026-06-26T00:37:47.116,3982842,0,0.0036666666666666666,0.004,0.009,60.0,5000,132.0,0,0.0,0.0,0.0,0.0,0,0.0,0.07,2877,0,89.5,-,Belum ditandai,unset,0.3,1,0,
2026-06-26T00:37:47.619,3983367,2,0.0037333333333333333,0.003933333333333334,0.009,60.0,5000,132.0,0,0.0,0.0,0.0,0.0,0,0.0,0.07,2877,0,89.5,-,Belum ditandai,unset,0.3,1,0,
2026-06-26T00:37:48.119,3983856,2,0.0036,0.0041333333333333335,0.009,60.0,5000,132.0,0,0.0,0.0,0.0,0.0,0,0.0,0.07,2878,0,89.5,-,Belum ditandai,unset,0.3,1,0,
2026-06-26T00:37:48.741,3984486,3,0.003266666666666667,0.004066666666666666,0.009,60.0,5000,132.0,0,0.0,0.0,0.0,0.0,0,0.0,0.07,2878,0,89.5,-,Belum ditandai,unset,0.3,1,0,
2026-06-26T00:37:49.242,3984975,24,0.0048,0.0042,0.009,60.0,5000,132.0,0,0.0,0.0,0.0,0.0,0,0.0,0.07,2879,0,89.5,-,Belum ditandai,unset,0.3,1,0,
2026-06-26T00:37:49.745,3985500,1,0.004066666666666666,0.004333333333333333,0.009,60.0,5000,132.0,0,0.0,0.0,0.0,0.0,0,0.0,0.07,2879,0,89.5,-,Belum ditandai,unset,0.3,1,0,
2026-06-26T00:37:50.246,3985989,3,0.0041333333333333335,0.004733333333333334,0.009,60.0,5000,132.0,0,0.0,0.0,0.0,0.0,0,0.0,0.07,2880,0,89.5,-,Belum ditandai,unset,0.3,1,0,
2026-06-26T00:37:50.747,3986514,15,0.004866666666666667,0.0051333333333333335,0.009,60.0,5000,132.0,0,0.0,0.0,0.0,0.0,0,0.0,0.07,2880,0,89.5,-,Belum ditandai,unset,0.3,1,0,
2026-06-26T00:37:51.247,3987003,0,0.0034666666666666665,0.005066666666666666,0.009,60.0,5000,132.0,0,0.0,0.0,0.0,0.0,0,0.0,0.07,2881,0,89.5,-,Belum ditandai,unset,0.3,1,0,
2026-06-26T00:37:51.808,3987528,0,0.003266666666666667,0.0044666666666666665,0.009,60.0,5000,132.0,0,0.0,0.0,0.0,0.0,0,0.0,0.07,2881,0,89.5,-,Belum ditandai,unset,0.3,1,0,
2026-06-26T00:37:52.372,3988122,0,0.0024000000000000002,0.003933333333333334,0.009,60.0,5000,132.0,0,0.0,0.0,0.0,0.0,0,0.0,0.07,2882,0,89.5,-,Belum ditandai,unset,0.3,1,0,
2026-06-26T00:37:53.059,3988821,4,0.0011333333333333334,0.003533333333333333,0.009,60.0,5000,132.0,0,0.0,0.0,0.0,0.0,0,0.0,0.07,2883,0,89.5,-,Belum ditandai,unset,0.3,1,0,
2026-06-26T00:37:53.563,3989346,7,0.0014666666666666667,0.0036666666666666666,0.009,60.0,5000,132.0,0,0.0,0.0,0.0,0.0,0,0.0,0.07,2883,0,89.5,-,Belum ditandai,unset,0.3,1,0,
2026-06-26T00:37:54.081,3989835,1,0.0017333333333333335,0.004,0.009,60.0,5000,132.0,0,0.0,0.0,0.0,0.0,0,0.0,0.07,2884,0,89.5,-,Belum ditandai,unset,0.3,1,0,
2026-06-26T00:37:54.581,3990360,28,0.0038666666666666667,0.004266666666666667,0.009,60.0,5000,132.0,0,0.0,0.0,0.0,0.0,0,0.0,0.07,2884,0,89.5,-,Belum ditandai,unset,0.3,1,0,
2026-06-26T00:37:55.080,3990849,2,0.0036666666666666666,0.004333333333333333,0.009,60.0,5000,132.0,0,0.0,0.0,0.0,0.0,0,0.0,0.07,2885,0,89.5,-,Belum ditandai,unset,0.3,1,0,
2026-06-26T00:37:55.641,3991374,4,0.0036,0.0042,0.009,60.0,5000,132.0,0,0.0,0.0,0.0,0.0,0,0.0,0.07,2885,0,89.5,-,Belum ditandai,unset,0.3,1,0,
2026-06-26T00:37:56.202,3991968,0,0.003533333333333333,0.0038,0.009,60.0,5000,132.0,0,0.0,0.0,0.0,0.0,0,0.0,0.07,2886,0,89.5,-,Belum ditandai,unset,0.3,1,0,
2026-06-26T00:37:56.703,3992493,0,0.0016,0.0036,0.009,60.0,5000,132.0,0,0.0,0.0,0.0,0.0,0,0.0,0.07,2886,0,89.5,-,Belum ditandai,unset,0.3,1,0,
2026-06-26T00:37:57.201,3992982,2,0.0037333333333333333,0.0044,0.009,60.0,5000,132.0,0,0.0,0.0,0.0,0.0,0,0.0,0.07,2887,0,89.5,-,Belum ditandai,unset,0.3,1,0,
2026-06-26T00:37:57.762,3993507,2,0.0038,0.004333333333333333,0.009,60.0,5000,132.0,0,0.0,0.0,0.0,0.0,0,0.0,0.07,2887,0,89.5,-,Belum ditandai,unset,0.3,1,0,
2026-06-26T00:37:58.324,3994101,1,0.0038666666666666667,0.004600000000000001,0.009,60.0,5000,132.0,0,0.0,0.0,0.0,0.0,0,0.0,0.07,2888,0,89.5,-,Belum ditandai,unset,0.3,1,0,
2026-06-26T00:37:58.824,3994626,5,0.002533333333333333,0.004,0.009,60.0,5000,132.0,0,0.0,0.0,0.0,0.0,0,0.0,0.07,2888,0,89.5,-,Belum ditandai,unset,0.3,1,0,
2026-06-26T00:37:59.323,3995115,0,0.0026,0.003533333333333333,0.009,60.0,5000,132.0,0,0.0,0.0,0.0,0.0,0,0.0,0.07,2889,0,89.5,-,Belum ditandai,unset,0.3,1,0,
2026-06-26T00:37:59.886,3995640,0,0.0016666666666666668,0.0034000000000000002,0.009,60.0,5000,132.0,0,0.0,0.0,0.0,0.0,0,0.0,0.07,2889,0,89.5,-,Belum ditandai,unset,0.3,1,0,
2026-06-26T00:38:00.449,3996234,3,0.0011333333333333334,0.0033333333333333335,0.009,60.0,5000,132.0,0,0.0,0.0,0.0,0.0,0,0.0,0.07,2890,0,89.5,-,Belum ditandai,unset,0.3,1,0,
2026-06-26T00:38:01.138,3996933,4,0.0009333333333333333,0.0037333333333333333,0.009,60.0,5000,132.0,0,0.0,0.0,0.0,0.0,0,0.0,0.07,2891,0,89.5,-,Belum ditandai,unset,0.3,1,0,
2026-06-26T00:38:01.698,3997458,2,0.0014666666666666667,0.0036666666666666666,0.009,60.0,5000,132.0,0,0.0,0.0,0.0,0.0,0,0.0,0.07,2891,0,89.5,-,Belum ditandai,unset,0.3,1,0,
2026-06-26T00:38:02.258,3998052,5,0.0021333333333333334,0.003466666666666667,0.009,60.0,5000,132.0,0,0.0,0.0,0.0,0.0,0,0.0,0.07,2892,0,89.5,-,Belum ditandai,unset,0.3,1,0,
2026-06-26T00:38:02.807,3998577,3,0.0023333333333333335,0.0036666666666666666,0.009,60.0,5000,132.0,0,0.0,0.0,0.0,0.0,0,0.0,0.07,2892,0,89.5,-,Belum ditandai,unset,0.3,1,0,
2026-06-26T00:38:03.374,3999171,7,0.0021333333333333334,0.0044,0.009,60.0,5000,132.0,0,0.0,0.0,0.0,0.0,0,0.0,0.07,2893,0,89.5,-,Belum ditandai,unset,0.3,1,0,
2026-06-26T00:38:03.923,3999696,1,0.002,0.005066666666666666,0.009,60.0,5000,132.0,0,0.0,0.0,0.0,0.0,0,0.0,0.07,2893,0,89.5,-,Belum ditandai,unset,0.3,1,0,
2026-06-26T00:38:04.488,4000290,1,0.002,0.004533333333333334,0.009,60.0,5000,132.0,0,0.0,0.0,0.0,0.0,0,0.0,0.07,2894,0,89.5,-,Belum ditandai,unset,0.3,1,0,
2026-06-26T00:38:05.218,4000989,0,0.0036,0.004666666666666667,0.009,60.0,5000,132.0,0,0.0,0.0,0.0,0.0,0,0.0,0.07,2895,0,89.5,-,Belum ditandai,unset,0.3,1,0,
2026-06-26T00:38:05.814,4001619,3,0.0038,0.004066666666666666,0.009,60.0,5000,132.0,0,0.0,0.0,0.0,0.0,0,0.0,0.07,2895,0,89.5,-,Belum ditandai,unset,0.3,1,0,
2026-06-26T00:38:06.396,4002213,0,0.0038,0.0041333333333333335,0.009,60.0,5000,132.0,0,0.0,0.0,0.0,0.0,0,0.0,0.07,2896,0,89.5,-,Belum ditandai,unset,0.3,1,0,
2026-06-26T00:38:06.949,4002738,1,0.0023333333333333335,0.0031333333333333335,0.009,60.0,5000,132.0,0,0.0,0.0,0.0,0.0,0,0.0,0.07,2896,0,89.5,-,Belum ditandai,unset,0.3,1,0,
2026-06-26T00:38:07.450,4003227,2,0.0019333333333333333,0.003,0.009,60.0,5000,132.0,0,0.0,0.0,0.0,0.0,0,0.0,0.07,2897,0,89.5,-,Belum ditandai,unset,0.3,1,0,
2026-06-26T00:38:07.947,4003752,4,0.0013333333333333333,0.0027333333333333333,0.009,60.0,5000,132.0,0,0.0,0.0,0.0,0.0,0,0.0,0.07,2897,0,89.5,-,Belum ditandai,unset,0.3,1,0,
2026-06-26T00:38:08.525,4004346,0,0.0019333333333333333,0.0027333333333333333,0.009,60.0,5000,132.0,0,0.0,0.0,0.0,0.0,0,0.0,0.07,2898,0,89.5,-,Belum ditandai,unset,0.3,1,0,
2026-06-26T00:38:09.217,4005045,3,0.0026666666666666666,0.0034000000000000002,0.009,60.0,5000,132.0,0,0.0,0.0,0.0,0.0,0,0.0,0.07,2899,0,89.5,-,Belum ditandai,unset,0.3,1,0,
2026-06-26T00:38:09.744,4005570,5,0.0028,0.0038,0.009,60.0,5000,132.0,0,0.0,0.0,0.0,0.0,0,0.0,0.07,2899,0,89.5,-,Belum ditandai,unset,0.3,1,0,
2026-06-26T00:38:10.328,4006164,7,0.0027333333333333333,0.0044666666666666665,0.009,60.0,5000,132.0,0,0.0,0.0,0.0,0.0,0,0.0,0.07,2900,0,89.5,-,Belum ditandai,unset,0.3,1,0,
2026-06-26T00:38:10.866,4006689,2,0.0026,0.0042,0.009,60.0,5000,132.0,0,0.0,0.0,0.0,0.0,0,0.0,0.07,2900,0,89.5,-,Belum ditandai,unset,0.3,1,0,
2026-06-26T00:38:11.355,4007178,0,0.0021333333333333334,0.0038666666666666667,0.009,60.0,5000,132.0,0,0.0,0.0,0.0,0.0,0,0.0,0.07,2901,0,89.5,-,Belum ditandai,unset,0.3,1,0,
2026-06-26T00:38:11.867,4007703,2456,0.13413333333333333,0.0468,0.11679999999999999,60.0,5000,132.0,0,0.0,0.0,0.0,0.0,0,0.0,0.07,2901,0,89.5,-,Belum ditandai,unset,0.3,1,0,
2026-06-26T00:38:12.397,4008227,419,0.23626666666666668,0.2617333333333333,0.3218,60.0,5000,132.0,0,0.0,0.0,0.0,0.0,0,0.0,0.07,2902,0,89.5,-,Belum ditandai,unset,0.3,1,0,
2026-06-26T00:38:12.919,4008752,415,0.34606666666666663,0.42319999999999997,0.3219333333333333,60.0,5000,132.0,0,0.0,0.0,0.0,0.0,0,0.0,0.07,2902,0,89.5,-,Belum ditandai,unset,0.3,1,0,
2026-06-26T00:38:13.490,4009314,414,0.32426666666666665,0.5410666666666667,0.21459999999999999,60.0,5000,132.0,1,0.0,0.0,0.0,0.0,0,0.0,0.0,2902,0,89.5,-,Belum ditandai,unset,0.3,1,0,
2026-06-26T00:38:14.098,4009898,400,0.33093333333333336,0.4872666666666667,0.0096,60.0,5000,132.0,1,0.0,0.0,0.0,0.025,0,0.0,0.07,2902,0,89.5,-,Belum ditandai,unset,0.3,1,0,
2026-06-26T00:38:14.596,4010424,424,0.3333333333333333,0.48800000000000004,0.009666666666666665,60.0,5000,132.0,1,0.0,0.0,0.0,0.025,0,0.0,0.07,2902,0,89.5,-,Belum ditandai,unset,0.3,1,0,
2026-06-26T00:38:15.190,4011009,387,0.33233333333333337,0.4886,0.009466666666666667,60.0,5000,132.0,1,0.0,0.0,0.0,0.0,0,0.0,0.07,2902,0,89.5,-,Belum ditandai,unset,0.3,1,0,
2026-06-26T00:38:15.799,4011639,419,0.33386666666666664,0.4885333333333333,0.009733333333333333,60.0,5000,132.0,1,0.0,0.0,0.0,0.0,0,0.0,0.07,2902,0,89.5,-,Belum ditandai,unset,0.3,1,0,
2026-06-26T00:38:16.385,4012224,426,0.3336,0.4891333333333333,0.010199999999999999,60.0,5000,132.0,1,0.0,0.0,0.0,0.0,0,0.0,0.07,2902,0,89.5,-,Belum ditandai,unset,0.3,1,0,
2026-06-26T00:38:17.039,4012913,408,0.33413333333333334,0.4884,0.01,60.0,5000,132.0,1,0.0,0.0,0.0,0.0,0,0.0,0.07,2902,0,89.5,-,Belum ditandai,unset,0.3,1,0,
2026-06-26T00:38:17.582,4013439,400,0.3337333333333333,0.4875333333333333,0.010266666666666667,60.0,5000,132.0,1,0.0,0.0,0.0,0.0,0,0.0,0.07,2902,0,89.5,-,Belum ditandai,unset,0.3,1,0,
2026-06-26T00:38:18.171,4014023,405,0.3328666666666667,0.4874,0.0104,60.0,5000,132.0,1,0.0,0.0,0.0,0.0,0,0.0,0.07,2902,0,89.5,-,Belum ditandai,unset,0.3,1,0,
2026-06-26T00:38:18.685,4014548,408,0.3330666666666667,0.4876,0.010533333333333334,60.0,5000,132.0,1,0.0,0.0,0.0,0.0,0,0.0,0.07,2902,0,89.5,-,Belum ditandai,unset,0.3,1,0,
2026-06-26T00:38:19.250,4015123,406,0.33253333333333335,0.4886666666666667,0.010066666666666666,60.0,5000,132.0,1,0.0,0.0,0.0,0.0,0,0.0,0.07,2902,0,89.5,-,Belum ditandai,unset,0.3,1,0,
2026-06-26T00:38:19.764,4015648,397,0.33066666666666666,0.48693333333333333,0.0096,60.0,5000,132.0,1,0.0,0.0,0.0,0.0,0,0.0,0.07,2902,0,89.5,-,Belum ditandai,unset,0.3,1,0,
2026-06-26T00:38:20.310,4016170,477,0.33386666666666664,0.4877333333333333,0.011266666666666668,60.0,5000,132.0,1,0.0,0.0,0.0,0.0,0,0.0,0.07,2902,0,89.5,-,Belum ditandai,unset,0.3,1,0,
2026-06-26T00:38:20.852,4016695,414,0.33399999999999996,0.48639999999999994,0.011333333333333334,60.0,5000,132.0,1,0.0,0.0,0.0,0.0,0,0.0,0.07,2902,0,89.5,-,Belum ditandai,unset,0.3,1,0,
2026-06-26T00:38:21.357,4017248,410,0.33533333333333337,0.48679999999999995,0.011000000000000001,60.0,5000,132.0,1,0.0,0.0,0.0,0.0,0,0.0,0.07,2902,0,89.5,-,Belum ditandai,unset,0.3,1,0,
2026-06-26T00:38:21.898,4017773,411,0.3317333333333333,0.48606666666666665,0.009199999999999998,60.0,5000,132.0,1,0.0,0.0,0.0,0.0,0,0.0,0.07,2902,0,89.5,-,Belum ditandai,unset,0.3,1,0,
2026-06-26T00:38:22.415,4018295,413,0.3312,0.4872666666666667,0.009333333333333332,60.0,5000,132.0,1,0.0,0.0,0.0,0.0,0,0.0,0.07,2902,0,89.5,-,Belum ditandai,unset,0.3,1,0,
