pc_timestamp,stm32_ms,adc_raw,adc_voltage_v,sensor_voltage_v,pressure_bar,duty_percent,frequency_hz,estimated_output_rms_v,jsy_online,jsy_voltage_rms_v,jsy_current_rms_a,jsy_voltage_raw_v,jsy_current_raw_a,jsy_active_power_w,jsy_power_factor,jsy_energy_kwh,jsy_error_count,nn_mode,nn_duty_percent,valve_open_count,valve_state_label,valve_phase,setpoint_bar,episode_id,is_decision,event
2026-06-25T01:59:21.186,2218337,527,0.426333333,0.6254,0.3764,85,5000,187,1,183.35,0.722,185.7,0.798,147,0.991,0.05,1360,1,95,-,Belum ditandai,unset,0.3,1,0,
2026-06-25T01:59:21.694,2218872,528,0.425266667,0.625333333,0.376133333,85,5000,187,1,183.35,0.722,185.7,0.798,147,0.991,0.05,1360,1,95,-,Belum ditandai,unset,0.3,1,0,
2026-06-25T01:59:22.289,2219449,532,0.425933333,0.625,0.3754,82.43,5000,181.35,1,183.37,0.722,185.72,0.798,147,0.991,0.05,1360,1,82.43,-,Belum ditandai,unset,0.3,1,0,
2026-06-25T01:59:22.851,2220026,508,0.423866667,0.6222,0.3666,82.43,5000,181.35,1,180.19,0.717,182.7,0.793,144,0.993,0.05,1360,1,82.43,-,Belum ditandai,unset,0.3,1,0,
2026-06-25T01:59:23.415,2220561,510,0.421933333,0.619,0.357133333,82.43,5000,181.35,1,180.19,0.717,182.7,0.793,144,0.993,0.05,1360,1,82.43,-,Belum ditandai,unset,0.3,1,0,
2026-06-25T01:59:23.943,2221138,527,0.419266667,0.6158,0.347133333,82.43,5000,181.35,1,177.59,0.721,180.24,0.797,142,0.988,0.05,1360,1,82.43,-,Belum ditandai,unset,0.3,1,0,
2026-06-25T01:59:24.508,2221673,525,0.420866667,0.6152,0.345266667,82.43,5000,181.35,1,177.59,0.721,180.24,0.797,142,0.988,0.05,1360,1,82.43,-,Belum ditandai,unset,0.3,1,0,
2026-06-25T01:59:25.074,2222250,522,0.4204,0.614866667,0.344066667,82.43,5000,181.35,1,177.62,0.721,180.26,0.797,142,0.988,0.05,1360,1,82.43,-,Belum ditandai,unset,0.3,1,0,
2026-06-25T01:59:25.574,2222785,499,0.418066667,0.613266667,0.339266667,80.37,5000,176.81,1,177.62,0.721,180.26,0.797,142,0.988,0.05,1360,1,80.37,-,Belum ditandai,unset,0.3,1,0,
2026-06-25T01:59:26.077,2223255,507,0.414,0.609933333,0.3296,80.37,5000,176.81,1,175.9,0.718,178.63,0.794,140,0.987,0.05,1360,1,80.37,-,Belum ditandai,unset,0.3,1,0,
2026-06-25T01:59:26.579,2223790,508,0.412,0.606333333,0.318333333,80.37,5000,176.81,1,175.9,0.718,178.63,0.794,140,0.987,0.05,1360,1,80.37,-,Belum ditandai,unset,0.3,1,0,
2026-06-25T01:59:27.078,2224259,510,0.409733333,0.6034,0.310266667,80.37,5000,176.81,1,172.95,0.722,175.83,0.798,139,0.99,0.05,1360,1,80.37,-,Belum ditandai,unset,0.3,1,0,
2026-06-25T01:59:27.579,2224794,503,0.413266667,0.603666667,0.310933333,80.37,5000,176.81,1,172.95,0.722,175.83,0.798,139,0.99,0.05,1360,1,80.37,-,Belum ditandai,unset,0.3,1,0,
2026-06-25T01:59:28.078,2225264,509,0.412666667,0.6034,0.310533333,80.37,5000,176.81,1,173,0.721,175.88,0.797,139,0.991,0.05,1360,1,80.37,-,Belum ditandai,unset,0.3,1,0,
2026-06-25T01:59:28.579,2225799,509,0.412533333,0.6028,0.3088,80.31,5000,176.69,1,173,0.721,175.88,0.797,139,0.991,0.05,1360,1,80.31,-,Belum ditandai,unset,0.3,1,0,
2026-06-25T01:59:29.083,2226269,512,0.4128,0.602666667,0.308666667,80.31,5000,176.69,1,172.98,0.721,175.86,0.797,139,0.991,0.05,1360,1,80.31,-,Belum ditandai,unset,0.3,1,0,
2026-06-25T01:59:29.585,2226804,508,0.4106,0.602466667,0.3082,80.31,5000,176.69,1,172.98,0.721,175.86,0.797,139,0.991,0.05,1360,1,80.31,-,Belum ditandai,unset,0.3,1,0,
2026-06-25T01:59:30.083,2227274,520,0.411466667,0.6032,0.3106,80.31,5000,176.69,1,172.89,0.721,175.77,0.797,139,0.992,0.05,1360,1,80.31,-,Belum ditandai,unset,0.3,1,0,
2026-06-25T01:59:30.585,2227809,509,0.411533333,0.603066667,0.309533333,80.31,5000,176.69,1,172.89,0.721,175.77,0.797,139,0.992,0.05,1360,1,80.31,-,Belum ditandai,unset,0.3,1,0,
2026-06-25T01:59:31.088,2228279,512,0.411133333,0.602266667,0.306933333,80.31,5000,176.69,1,172.88,0.722,175.76,0.798,139,0.991,0.05,1360,1,80.31,-,Belum ditandai,unset,0.3,1,0,
2026-06-25T01:59:31.588,2228814,503,0.412,0.602066667,0.3062,80.04,5000,176.1,1,172.88,0.722,175.76,0.798,139,0.991,0.05,1360,1,80.04,-,Belum ditandai,unset,0.3,1,0,
2026-06-25T01:59:32.092,2229284,508,0.411266667,0.602133333,0.3066,80.04,5000,176.1,1,172.91,0.72,175.79,0.796,138,0.986,0.05,1360,1,80.04,-,Belum ditandai,unset,0.3,1,0,
2026-06-25T01:59:32.595,2229819,509,0.413133333,0.602666667,0.3078,80.04,5000,176.1,1,172.91,0.72,175.79,0.796,138,0.986,0.05,1360,1,80.04,-,Belum ditandai,unset,0.3,1,0,
2026-06-25T01:59:33.095,2230289,510,0.4136,0.6028,0.307866667,80.04,5000,176.1,1,172.3,0.719,175.21,0.795,138,0.99,0.05,1360,1,80.04,-,Belum ditandai,unset,0.3,1,0,
2026-06-25T01:59:33.596,2230824,512,0.414066667,0.601266667,0.303666667,80.04,5000,176.1,1,172.3,0.719,175.21,0.795,138,0.99,0.05,1360,1,80.04,-,Belum ditandai,unset,0.3,1,0,
2026-06-25T01:59:34.096,2231294,508,0.411666667,0.6012,0.3034,80.04,5000,176.1,1,172.36,0.719,175.27,0.795,138,0.99,0.05,1360,1,80.04,-,Belum ditandai,unset,0.3,1,0,
2026-06-25T01:59:34.596,2231829,509,0.411066667,0.600933333,0.302733333,79.47,5000,174.83,1,172.36,0.719,175.27,0.795,138,0.99,0.05,1360,1,79.47,-,Belum ditandai,unset,0.3,1,0,
2026-06-25T01:59:35.096,2232299,510,0.4102,0.6006,0.301333333,79.47,5000,174.83,1,172.37,0.718,175.28,0.794,138,0.991,0.05,1360,1,79.47,-,Belum ditandai,unset,0.3,1,0,
2026-06-25T01:59:35.598,2232834,510,0.4096,0.599533333,0.298466667,79.47,5000,174.83,1,172.37,0.718,175.28,0.794,138,0.991,0.05,1360,1,79.47,-,Belum ditandai,unset,0.3,1,0,
2026-06-25T01:59:36.098,2233304,508,0.408866667,0.598066667,0.294133333,79.47,5000,174.83,1,171.11,0.718,174.08,0.794,137,0.991,0.05,1360,1,79.47,-,Belum ditandai,unset,0.3,1,0,
2026-06-25T01:59:36.595,2233839,513,0.407466667,0.597333333,0.292066667,79.47,5000,174.83,1,171.11,0.718,174.08,0.794,137,0.991,0.05,1360,1,79.47,-,Belum ditandai,unset,0.3,1,0,
2026-06-25T01:59:37.096,2234309,503,0.406133333,0.5966,0.289733333,79.47,5000,174.83,1,171.08,0.719,174.06,0.795,137,0.99,0.05,1360,1,79.47,-,Belum ditandai,unset,0.3,1,0,
2026-06-25T01:59:37.598,2234844,510,0.406533333,0.5966,0.289533333,79.35,5000,174.57,1,171.08,0.719,174.06,0.795,137,0.99,0.05,1360,1,79.35,-,Belum ditandai,unset,0.3,1,0,
2026-06-25T01:59:38.106,2235314,504,0.407733333,0.596466667,0.2894,79.35,5000,174.57,1,170.97,0.719,173.95,0.795,137,0.99,0.05,1360,1,79.35,-,Belum ditandai,unset,0.3,1,0,
2026-06-25T01:59:38.606,2235849,504,0.408533333,0.5972,0.292,79.35,5000,174.57,1,170.97,0.719,173.95,0.795,137,0.99,0.05,1360,1,79.35,-,Belum ditandai,unset,0.3,1,0,
2026-06-25T01:59:39.106,2236319,503,0.407933333,0.597266667,0.291933333,79.35,5000,174.57,1,170.84,0.719,173.83,0.795,137,0.991,0.05,1360,1,79.35,-,Belum ditandai,unset,0.3,1,0,
2026-06-25T01:59:39.603,2236854,502,0.4076,0.598133333,0.294533333,79.35,5000,174.57,1,170.84,0.719,173.83,0.795,137,0.991,0.05,1360,1,79.35,-,Belum ditandai,unset,0.3,1,0,
2026-06-25T01:59:40.107,2237324,502,0.406333333,0.597866667,0.2936,79.35,5000,174.57,1,170.83,0.719,173.82,0.795,137,0.991,0.05,1360,1,79.35,-,Belum ditandai,unset,0.3,1,0,
2026-06-25T01:59:40.607,2237859,503,0.405933333,0.597133333,0.291333333,79.46,5000,174.8,1,170.83,0.719,173.82,0.795,137,0.991,0.05,1360,1,79.46,-,Belum ditandai,unset,0.3,1,0,
2026-06-25T01:59:41.108,2238329,520,0.4066,0.597333333,0.292066667,79.46,5000,174.8,1,170.9,0.719,173.88,0.795,137,0.991,0.05,1360,1,79.46,-,Belum ditandai,unset,0.3,1,0,
2026-06-25T01:59:41.609,2238864,539,0.4094,0.598133333,0.294466667,79.46,5000,174.8,1,170.9,0.719,173.88,0.795,137,0.991,0.05,1360,1,79.46,-,Belum ditandai,unset,0.3,1,0,
2026-06-25T01:59:42.111,2239334,512,0.410333333,0.597733333,0.293333333,79.46,5000,174.8,1,171.11,0.722,174.08,0.798,137,0.986,0.05,1360,1,79.46,-,Belum ditandai,unset,0.3,1,0,
2026-06-25T01:59:42.614,2239869,504,0.4108,0.5978,0.293466667,79.46,5000,174.8,1,171.11,0.722,174.08,0.798,137,0.986,0.05,1360,1,79.46,-,Belum ditandai,unset,0.3,1,0,
2026-06-25T01:59:43.182,2240445,513,0.4102,0.597133333,0.2912,79.46,5000,174.8,1,171.04,0.721,174.02,0.797,137,0.987,0.05,1360,1,79.46,-,Belum ditandai,unset,0.3,1,0,
2026-06-25T01:59:43.746,2240980,508,0.406666667,0.596333333,0.288866667,79.57,5000,175.04,1,171.04,0.721,174.02,0.797,137,0.987,0.05,1360,1,79.57,-,Belum ditandai,unset,0.3,1,0,
2026-06-25T01:59:44.311,2241557,500,0.405466667,0.5954,0.286266667,79.57,5000,175.04,1,171.22,0.724,174.19,0.8,138,0.99,0.05,1360,1,79.57,-,Belum ditandai,unset,0.3,1,0,
2026-06-25T01:59:44.872,2242134,511,0.405466667,0.595533333,0.286933333,79.57,5000,175.04,1,171.31,0.724,174.27,0.8,138,0.989,0.05,1360,1,79.57,-,Belum ditandai,unset,0.3,1,0,
2026-06-25T01:59:45.435,2242669,510,0.407,0.596,0.288066667,79.57,5000,175.04,1,171.31,0.724,174.27,0.8,138,0.989,0.05,1360,1,79.57,-,Belum ditandai,unset,0.3,1,0,
2026-06-25T01:59:45.997,2243246,512,0.408666667,0.597,0.291066667,79.57,5000,175.04,1,171.31,0.723,174.27,0.799,138,0.991,0.05,1360,1,79.57,-,Belum ditandai,unset,0.3,1,0,
2026-06-25T01:59:46.501,2243781,501,0.409,0.597266667,0.292133333,79.69,5000,175.33,1,171.31,0.723,174.27,0.799,138,0.991,0.05,1360,1,79.69,-,Belum ditandai,unset,0.3,1,0,
2026-06-25T01:59:47.003,2244251,506,0.409333333,0.597533333,0.293,79.69,5000,175.33,1,171.51,0.723,174.46,0.799,138,0.99,0.05,1360,1,79.69,-,Belum ditandai,unset,0.3,1,0,
2026-06-25T01:59:47.509,2244786,509,0.407466667,0.5968,0.2906,79.69,5000,175.33,1,171.51,0.723,174.46,0.799,138,0.99,0.05,1360,1,79.69,-,Belum ditandai,unset,0.3,1,0,
2026-06-25T01:59:48.007,2245256,504,0.406533333,0.597066667,0.291466667,79.69,5000,175.33,1,171.62,0.722,174.57,0.798,138,0.99,0.05,1360,1,79.69,-,Belum ditandai,unset,0.3,1,0,
2026-06-25T01:59:48.506,2245791,503,0.406733333,0.596933333,0.290933333,79.69,5000,175.33,1,171.62,0.722,174.57,0.798,138,0.99,0.05,1360,1,79.69,-,Belum ditandai,unset,0.3,1,0,
2026-06-25T01:59:49.007,2246261,503,0.407533333,0.5972,0.2916,79.69,5000,175.33,1,171.6,0.724,174.55,0.8,138,0.988,0.05,1360,1,79.69,-,Belum ditandai,unset,0.3,1,0,
2026-06-25T01:59:49.511,2246796,506,0.4072,0.596666667,0.290133333,80.08,5000,176.17,1,171.6,0.724,174.55,0.8,138,0.988,0.05,1360,1,80.08,-,Belum ditandai,unset,0.3,1,0,
2026-06-25T01:59:50.070,2247373,505,0.4066,0.5968,0.290733333,80.08,5000,176.17,1,171.99,0.727,174.92,0.802,139,0.99,0.05,1360,1,80.08,-,Belum ditandai,unset,0.3,1,0,
2026-06-25T01:59:50.633,2247908,506,0.407466667,0.598,0.2946,80.08,5000,176.17,1,171.99,0.727,174.92,0.802,139,0.99,0.05,1360,1,80.08,-,Belum ditandai,unset,0.3,1,0,
2026-06-25T01:59:51.198,2248485,506,0.406533333,0.599133333,0.297933333,80.08,5000,176.17,1,172.44,0.723,175.35,0.799,139,0.992,0.05,1360,1,80.08,-,Belum ditandai,unset,0.3,1,0,
2026-06-25T01:59:51.762,2249020,506,0.407333333,0.599733333,0.2996,80.08,5000,176.17,1,172.44,0.723,175.35,0.799,139,0.992,0.05,1360,1,80.08,-,Belum ditandai,unset,0.3,1,0,
2026-06-25T01:59:52.327,2249597,500,0.406866667,0.6004,0.301666667,79.6,5000,175.12,1,172.53,0.722,175.43,0.798,138,0.985,0.05,1360,1,79.6,-,Belum ditandai,unset,0.3,1,0,
2026-06-25T01:59:52.895,2250174,485,0.407133333,0.599133333,0.2978,79.6,5000,175.12,1,171.71,0.721,174.65,0.797,138,0.991,0.05,1360,1,79.6,-,Belum ditandai,unset,0.3,1,0,
2026-06-25T01:59:53.396,2250709,507,0.4068,0.598333333,0.295533333,79.6,5000,175.12,1,171.71,0.721,174.65,0.797,138,0.991,0.05,1360,1,79.6,-,Belum ditandai,unset,0.3,1,0,
2026-06-25T01:59:53.901,2251178,503,0.4102,0.598133333,0.294466667,79.6,5000,175.12,1,171.72,0.721,174.66,0.797,138,0.991,0.05,1360,1,79.6,-,Belum ditandai,unset,0.3,1,0,
2026-06-25T01:59:54.404,2251714,504,0.4096,0.598266667,0.294933333,79.6,5000,175.12,1,171.72,0.721,174.66,0.797,138,0.991,0.05,1360,1,79.6,-,Belum ditandai,unset,0.3,1,0,
2026-06-25T01:59:54.904,2252183,509,0.4074,0.597533333,0.292466667,79.6,5000,175.12,1,171.7,0.721,174.64,0.797,138,0.991,0.05,1360,1,79.6,-,Belum ditandai,unset,0.3,1,0,
2026-06-25T01:59:55.407,2252719,509,0.403066667,0.595733333,0.287333333,80.17,5000,176.38,1,171.7,0.721,174.64,0.797,138,0.991,0.05,1360,1,80.17,-,Belum ditandai,unset,0.3,1,0,
2026-06-25T01:59:55.908,2253188,510,0.404733333,0.596266667,0.288866667,80.17,5000,176.38,1,172.66,0.722,175.56,0.798,139,0.992,0.05,1360,1,80.17,-,Belum ditandai,unset,0.3,1,0,
2026-06-25T01:59:56.411,2253724,509,0.408666667,0.598466667,0.295133333,80.17,5000,176.38,1,172.66,0.722,175.56,0.798,139,0.992,0.05,1360,1,80.17,-,Belum ditandai,unset,0.3,1,0,
2026-06-25T01:59:56.912,2254193,512,0.411533333,0.6002,0.300333333,80.17,5000,176.38,1,172.94,0.722,175.82,0.798,139,0.99,0.05,1360,1,80.17,-,Belum ditandai,unset,0.3,1,0,
2026-06-25T01:59:57.414,2254729,508,0.410466667,0.600666667,0.301866667,80.17,5000,176.38,1,172.94,0.722,175.82,0.798,139,0.99,0.05,1360,1,80.17,-,Belum ditandai,unset,0.3,1,0,
2026-06-25T01:59:57.918,2255198,508,0.4106,0.600266667,0.300866667,80.17,5000,176.38,1,173,0.719,175.88,0.795,138,0.986,0.05,1360,1,80.17,-,Belum ditandai,unset,0.3,1,0,
2026-06-25T01:59:58.419,2255733,505,0.4108,0.600733333,0.302666667,80.11,5000,176.25,1,173,0.719,175.88,0.795,138,0.986,0.05,1360,1,80.11,-,Belum ditandai,unset,0.3,1,0,
2026-06-25T01:59:58.919,2256203,510,0.411733333,0.601066667,0.303666667,80.11,5000,176.25,1,172.89,0.718,175.77,0.794,138,0.988,0.05,1360,1,80.11,-,Belum ditandai,unset,0.3,1,0,
2026-06-25T01:59:59.422,2256738,508,0.411266667,0.600733333,0.302733333,80.11,5000,176.25,1,172.89,0.718,175.77,0.794,138,0.988,0.05,1360,1,80.11,-,Belum ditandai,unset,0.3,1,0,
2026-06-25T01:59:59.921,2257208,510,0.409933333,0.600466667,0.301466667,80.11,5000,176.25,1,172.78,0.719,175.67,0.795,138,0.988,0.05,1360,1,80.11,-,Belum ditandai,unset,0.3,1,0,
2026-06-25T02:00:00.419,2257743,501,0.409733333,0.598866667,0.296666667,80.11,5000,176.25,1,172.78,0.719,175.67,0.795,138,0.988,0.05,1360,1,80.11,-,Belum ditandai,unset,0.3,1,0,
2026-06-25T02:00:00.920,2258213,498,0.4122,0.599733333,0.299066667,80.11,5000,176.25,1,172.58,0.72,175.48,0.796,138,0.987,0.05,1360,1,80.11,-,Belum ditandai,unset,0.3,1,0,
2026-06-25T02:00:01.423,2258748,502,0.412066667,0.598533333,0.295733333,80.07,5000,176.16,1,172.58,0.72,175.48,0.796,138,0.987,0.05,1360,1,80.07,-,Belum ditandai,unset,0.3,1,0,
2026-06-25T02:00:01.925,2259218,499,0.409866667,0.598933333,0.296866667,80.07,5000,176.16,1,172.52,0.718,175.42,0.794,138,0.99,0.05,1360,1,80.07,-,Belum ditandai,unset,0.3,1,0,
2026-06-25T02:00:02.426,2259753,508,0.407466667,0.598666667,0.2964,80.07,5000,176.16,1,172.52,0.718,175.42,0.794,138,0.99,0.05,1360,1,80.07,-,Belum ditandai,unset,0.3,1,0,
2026-06-25T02:00:02.993,2260330,508,0.407333333,0.599266667,0.298066667,80.07,5000,176.16,1,172.49,0.718,175.39,0.794,138,0.99,0.05,1360,1,80.07,-,Belum ditandai,unset,0.3,1,0,
2026-06-25T02:00:03.558,2260865,512,0.408866667,0.599,0.297466667,80.07,5000,176.16,1,172.49,0.718,175.39,0.794,138,0.99,0.05,1360,1,80.07,-,Belum ditandai,unset,0.3,1,0,
2026-06-25T02:00:04.123,2261442,509,0.4076,0.598866667,0.296466667,80.07,5000,176.16,1,172.46,0.718,175.37,0.794,138,0.991,0.05,1360,1,80.07,-,Belum ditandai,unset,0.3,1,0,
2026-06-25T02:00:04.620,2261977,498,0.406866667,0.598666667,0.296066667,79.65,5000,175.22,1,172.46,0.718,175.37,0.794,138,0.991,0.05,1360,1,79.65,-,Belum ditandai,unset,0.3,1,0,
2026-06-25T02:00:05.121,2262447,523,0.407466667,0.598733333,0.295933333,79.65,5000,175.22,1,172.38,0.718,175.29,0.794,138,0.991,0.05,1360,1,79.65,-,Belum ditandai,unset,0.3,1,0,
2026-06-25T02:00:05.622,2262982,507,0.407866667,0.598,0.293866667,79.65,5000,175.22,1,172.38,0.718,175.29,0.794,138,0.991,0.05,1360,1,79.65,-,Belum ditandai,unset,0.3,1,0,
2026-06-25T02:00:06.127,2263452,505,0.409133333,0.5972,0.291266667,79.65,5000,175.22,1,171.59,0.717,174.54,0.793,137,0.989,0.05,1360,1,79.65,-,Belum ditandai,unset,0.3,1,0,
2026-06-25T02:00:06.630,2263987,504,0.4088,0.5962,0.2884,79.65,5000,175.22,1,171.59,0.717,174.54,0.793,137,0.989,0.05,1360,1,79.65,-,Belum ditandai,unset,0.3,1,0,
2026-06-25T02:00:07.132,2264457,502,0.4088,0.5958,0.2872,79.65,5000,175.22,1,171.53,0.72,174.48,0.796,137,0.986,0.05,1360,1,79.65,-,Belum ditandai,unset,0.3,1,0,
2026-06-25T02:00:07.633,2264992,514,0.4074,0.5958,0.287266667,80.05,5000,176.1,1,171.53,0.72,174.48,0.796,137,0.986,0.05,1360,1,80.05,-,Belum ditandai,unset,0.3,1,0,
2026-06-25T02:00:08.136,2265461,505,0.408666667,0.5968,0.290266667,80.05,5000,176.1,1,171.64,0.721,174.59,0.797,137,0.984,0.05,1360,1,80.05,-,Belum ditandai,unset,0.3,1,0,
2026-06-25T02:00:08.639,2265996,505,0.4084,0.597333333,0.292133333,80.05,5000,176.1,1,171.64,0.721,174.59,0.797,137,0.984,0.05,1360,1,80.05,-,Belum ditandai,unset,0.3,1,0,
2026-06-25T02:00:09.140,2266466,503,0.409733333,0.597533333,0.2926,80.05,5000,176.1,1,172.4,0.721,175.31,0.797,138,0.987,0.05,1360,1,80.05,-,Belum ditandai,unset,0.3,1,0,
2026-06-25T02:00:09.642,2267001,507,0.408533333,0.596533333,0.290133333,80.05,5000,176.1,1,172.4,0.721,175.31,0.797,138,0.987,0.05,1360,1,80.05,-,Belum ditandai,unset,0.3,1,0,
2026-06-25T02:00:10.142,2267471,500,0.408666667,0.596333333,0.2896,80.05,5000,176.1,1,172.38,0.721,175.29,0.797,138,0.987,0.05,1360,1,80.05,-,Belum ditandai,unset,0.3,1,0,
2026-06-25T02:00:10.638,2268006,519,0.4064,0.596133333,0.289,80.37,5000,176.82,1,172.38,0.721,175.29,0.797,138,0.987,0.05,1360,1,80.37,-,Belum ditandai,unset,0.3,1,0,
2026-06-25T02:00:11.139,2268476,497,0.405733333,0.596666667,0.2908,80.37,5000,176.82,1,172.38,0.722,175.29,0.798,138,0.986,0.05,1360,1,80.37,-,Belum ditandai,unset,0.3,1,0,
2026-06-25T02:00:11.643,2269011,512,0.4066,0.597466667,0.293066667,80.37,5000,176.82,1,172.38,0.722,175.29,0.798,138,0.986,0.05,1360,1,80.37,-,Belum ditandai,unset,0.3,1,0,
2026-06-25T02:00:12.146,2269481,500,0.4078,0.597933333,0.294133333,80.37,5000,176.82,1,173.12,0.722,175.99,0.798,139,0.989,0.05,1360,1,80.37,-,Belum ditandai,unset,0.3,1,0,
2026-06-25T02:00:12.644,2270016,509,0.409333333,0.598533333,0.295333333,80.37,5000,176.82,1,173.12,0.722,175.99,0.798,139,0.989,0.05,1360,1,80.37,-,Belum ditandai,unset,0.3,1,0,
2026-06-25T02:00:13.141,2270486,507,0.409133333,0.598666667,0.295733333,80.37,5000,176.82,1,173.12,0.722,175.99,0.798,139,0.989,0.05,1360,1,80.37,-,Belum ditandai,unset,0.3,1,0,
2026-06-25T02:00:13.642,2271021,500,0.4088,0.598466667,0.295066667,80.59,5000,177.3,1,173.12,0.722,175.99,0.798,139,0.989,0.05,1360,1,80.59,-,Belum ditandai,unset,0.3,1,0,
2026-06-25T02:00:14.143,2271491,507,0.4082,0.598133333,0.294733333,80.59,5000,177.3,1,173.24,0.721,176.11,0.797,139,0.99,0.05,1360,1,80.59,-,Belum ditandai,unset,0.3,1,0,
2026-06-25T02:00:14.644,2272026,510,0.409333333,0.598333333,0.295533333,80.59,5000,177.3,1,173.24,0.721,176.11,0.797,139,0.99,0.05,1360,1,80.59,-,Belum ditandai,unset,0.3,1,0,
2026-06-25T02:00:15.145,2272496,507,0.410866667,0.5994,0.298333333,80.59,5000,177.3,1,173.58,0.721,176.43,0.797,139,0.988,0.05,1360,1,80.59,-,Belum ditandai,unset,0.3,1,0,
2026-06-25T02:00:15.647,2273031,552,0.413533333,0.600066667,0.300066667,80.59,5000,177.3,1,173.58,0.721,176.43,0.797,139,0.988,0.05,1360,1,80.59,-,Belum ditandai,unset,0.3,1,0,
2026-06-25T02:00:16.150,2273505,513,0.413133333,0.599733333,0.299133333,80.59,5000,177.3,1,173.59,0.72,176.44,0.796,139,0.989,0.05,1360,1,80.59,-,Belum ditandai,unset,0.3,1,0,
2026-06-25T02:00:16.774,2274147,513,0.411266667,0.598933333,0.297266667,80.25,5000,176.56,1,173.59,0.72,176.44,0.796,139,0.989,0.05,1360,1,80.25,-,Belum ditandai,unset,0.3,1,0,
2026-06-25T02:00:17.335,2274730,505,0.408866667,0.5988,0.2972,80.25,5000,176.56,1,172.95,0.717,175.83,0.793,138,0.989,0.05,1360,1,80.25,-,Belum ditandai,unset,0.3,1,0,
2026-06-25T02:00:17.898,2275296,505,0.407133333,0.596866667,0.291333333,80.25,5000,176.56,1,172.87,0.717,175.75,0.793,138,0.99,0.05,1360,1,80.25,-,Belum ditandai,unset,0.3,1,0,
2026-06-25T02:00:18.462,2275831,512,0.4064,0.597,0.291466667,80.25,5000,176.56,1,172.87,0.717,175.75,0.793,138,0.99,0.05,1360,1,80.25,-,Belum ditandai,unset,0.3,1,0,
2026-06-25T02:00:19.029,2276408,505,0.406133333,0.5964,0.289266667,80.25,5000,176.56,1,172.89,0.715,175.77,0.791,138,0.992,0.05,1360,1,80.25,-,Belum ditandai,unset,0.3,1,0,
2026-06-25T02:00:19.532,2276943,509,0.402533333,0.597133333,0.291,80.78,5000,177.72,1,172.89,0.715,175.77,0.791,138,0.992,0.05,1360,1,80.78,-,Belum ditandai,unset,0.3,1,0,
2026-06-25T02:00:20.035,2277413,507,0.403866667,0.5974,0.291666667,80.78,5000,177.72,1,173.88,0.716,176.71,0.792,138,0.986,0.05,1360,1,80.78,-,Belum ditandai,unset,0.3,1,0,
2026-06-25T02:00:20.541,2277948,512,0.4066,0.5988,0.295733333,80.78,5000,177.72,1,173.88,0.716,176.71,0.792,138,0.986,0.05,1360,1,80.78,-,Belum ditandai,unset,0.3,1,0,
2026-06-25T02:00:21.042,2278418,511,0.412266667,0.601133333,0.3028,80.78,5000,177.72,1,174.12,0.716,176.94,0.792,139,0.991,0.05,1360,1,80.78,-,Belum ditandai,unset,0.3,1,0,
2026-06-25T02:00:21.546,2278953,499,0.411533333,0.6014,0.303933333,80.78,5000,177.72,1,174.12,0.716,176.94,0.792,139,0.991,0.05,1360,1,80.78,-,Belum ditandai,unset,0.3,1,0,
2026-06-25T02:00:22.047,2279423,525,0.412533333,0.601133333,0.303266667,80.78,5000,177.72,1,174.07,0.717,176.89,0.793,139,0.99,0.05,1360,1,80.78,-,Belum ditandai,unset,0.3,1,0,
2026-06-25T02:00:22.546,2279958,506,0.411333333,0.6008,0.302733333,80.4,5000,176.88,1,174.07,0.717,176.89,0.793,139,0.99,0.05,1360,1,80.4,-,Belum ditandai,unset,0.3,1,0,
2026-06-25T02:00:23.044,2280428,508,0.4118,0.600533333,0.3016,80.4,5000,176.88,1,173.49,0.714,176.34,0.79,138,0.99,0.05,1360,1,80.4,-,Belum ditandai,unset,0.3,1,0,
2026-06-25T02:00:23.545,2280963,505,0.410933333,0.600333333,0.300933333,80.4,5000,176.88,1,173.49,0.714,176.34,0.79,138,0.99,0.05,1360,1,80.4,-,Belum ditandai,unset,0.3,1,0,
2026-06-25T02:00:24.045,2281433,506,0.4092,0.600266667,0.300533333,80.4,5000,176.88,1,173.2,0.716,176.07,0.792,138,0.989,0.05,1360,1,80.4,-,Belum ditandai,unset,0.3,1,0,
2026-06-25T02:00:24.542,2281968,503,0.410933333,0.6004,0.301333333,80.4,5000,176.88,1,173.2,0.716,176.07,0.792,138,0.989,0.05,1360,1,80.4,-,Belum ditandai,unset,0.3,1,0,
2026-06-25T02:00:25.044,2282438,507,0.410866667,0.600266667,0.301,80.4,5000,176.88,1,173.19,0.718,176.06,0.794,138,0.987,0.05,1360,1,80.4,-,Belum ditandai,unset,0.3,1,0,
2026-06-25T02:00:25.665,2283080,499,0.4102,0.5988,0.297333333,80.31,5000,176.69,1,173.19,0.718,176.06,0.794,138,0.987,0.05,1360,1,80.31,-,Belum ditandai,unset,0.3,1,0,
2026-06-25T02:00:26.229,2283657,509,0.4068,0.597133333,0.292066667,80.31,5000,176.69,1,173.09,0.721,175.96,0.797,139,0.991,0.05,1360,1,80.31,-,Belum ditandai,unset,0.3,1,0,
2026-06-25T02:00:26.789,2284192,507,0.4058,0.596666667,0.290333333,80.31,5000,176.69,1,173.09,0.721,175.96,0.797,139,0.991,0.05,1360,1,80.31,-,Belum ditandai,unset,0.3,1,0,
2026-06-25T02:00:27.349,2284769,505,0.405733333,0.596,0.287333333,80.31,5000,176.69,1,173.01,0.721,175.89,0.797,139,0.991,0.05,1360,1,80.31,-,Belum ditandai,unset,0.3,1,0,
2026-06-25T02:00:27.914,2285346,495,0.406866667,0.596466667,0.2886,80.31,5000,176.69,1,173.01,0.721,175.89,0.797,139,0.991,0.05,1360,1,80.31,-,Belum ditandai,unset,0.3,1,0,
2026-06-25T02:00:28.478,2285881,504,0.406933333,0.596266667,0.288066667,80.26,5000,176.58,1,173.01,0.721,175.89,0.797,139,0.991,0.05,1360,1,80.26,-,Belum ditandai,unset,0.3,1,0,
2026-06-25T02:00:29.040,2286458,501,0.406533333,0.5952,0.285333333,80.26,5000,176.58,1,172.96,0.72,175.84,0.796,138,0.985,0.05,1360,1,80.26,-,Belum ditandai,unset,0.3,1,0,
2026-06-25T02:00:29.538,2286993,507,0.406,0.594533333,0.2832,80.26,5000,176.58,1,172.96,0.72,175.84,0.796,138,0.985,0.05,1360,1,80.26,-,Belum ditandai,unset,0.3,1,0,
2026-06-25T02:00:30.035,2287463,504,0.4062,0.5942,0.2822,80.26,5000,176.58,1,172.85,0.722,175.74,0.798,139,0.991,0.05,1360,1,80.26,-,Belum ditandai,unset,0.3,1,0,
2026-06-25T02:00:30.536,2287998,507,0.407066667,0.594733333,0.283533333,80.26,5000,176.58,1,172.85,0.722,175.74,0.798,139,0.991,0.05,1360,1,80.26,-,Belum ditandai,unset,0.3,1,0,
2026-06-25T02:00:31.036,2288468,506,0.407666667,0.594933333,0.284866667,80.26,5000,176.58,1,172.85,0.722,175.74,0.798,139,0.991,0.05,1360,1,80.26,-,Belum ditandai,unset,0.3,1,0,
2026-06-25T02:00:31.538,2289003,499,0.407333333,0.595133333,0.2852,80.71,5000,177.57,1,172.85,0.722,175.74,0.798,139,0.991,0.05,1360,1,80.71,-,Belum ditandai,unset,0.3,1,0,
2026-06-25T02:00:32.037,2289473,510,0.4092,0.5956,0.286733333,80.71,5000,177.57,1,173.72,0.722,176.56,0.798,139,0.986,0.05,1360,1,80.71,-,Belum ditandai,unset,0.3,1,0,
2026-06-25T02:00:32.535,2290008,490,0.408666667,0.595533333,0.286533333,80.71,5000,177.57,1,173.72,0.722,176.56,0.798,139,0.986,0.05,1360,1,80.71,-,Belum ditandai,unset,0.3,1,0,
2026-06-25T02:00:33.035,2290478,507,0.408466667,0.5952,0.286,80.71,5000,177.57,1,173.9,0.725,176.73,0.801,140,0.988,0.05,1360,1,80.71,-,Belum ditandai,unset,0.3,1,0,
2026-06-25T02:00:33.595,2291013,506,0.4078,0.595466667,0.286666667,80.71,5000,177.57,1,173.9,0.725,176.73,0.801,140,0.988,0.05,1360,1,80.71,-,Belum ditandai,unset,0.3,1,0,
2026-06-25T02:00:34.160,2291590,501,0.407066667,0.595733333,0.287133333,80.71,5000,177.57,1,173.99,0.722,176.82,0.798,140,0.992,0.05,1360,1,80.71,-,Belum ditandai,unset,0.3,1,0,
2026-06-25T02:00:34.657,2292125,509,0.408066667,0.597066667,0.291466667,80.97,5000,178.13,1,173.99,0.722,176.82,0.798,140,0.992,0.05,1360,1,80.97,-,Belum ditandai,unset,0.3,1,0,
2026-06-25T02:00:35.162,2292595,466,0.405866667,0.5966,0.289933333,80.97,5000,178.13,1,174.38,0.723,177.19,0.799,140,0.988,0.05,1360,1,80.97,-,Belum ditandai,unset,0.3,1,0,
2026-06-25T02:00:35.662,2293130,502,0.405,0.596333333,0.289,80.97,5000,178.13,1,174.38,0.723,177.19,0.799,140,0.988,0.05,1360,1,80.97,-,Belum ditandai,unset,0.3,1,0,
2026-06-25T02:00:36.161,2293600,506,0.4048,0.596466667,0.288933333,80.97,5000,178.13,1,174.56,0.722,177.36,0.798,140,0.989,0.05,1360,1,80.97,-,Belum ditandai,unset,0.3,1,0,
2026-06-25T02:00:36.665,2294135,500,0.404933333,0.597,0.290866667,80.97,5000,178.13,1,174.56,0.722,177.36,0.798,140,0.989,0.05,1360,1,80.97,-,Belum ditandai,unset,0.3,1,0,
2026-06-25T02:00:37.228,2294712,504,0.4068,0.597533333,0.293,81.2,5000,178.64,1,174.51,0.721,177.31,0.797,140,0.99,0.05,1360,1,81.2,-,Belum ditandai,unset,0.3,1,0,
2026-06-25T02:00:37.792,2295247,505,0.407933333,0.5976,0.293266667,81.2,5000,178.64,1,174.51,0.721,177.31,0.797,140,0.99,0.05,1360,1,81.2,-,Belum ditandai,unset,0.3,1,0,
2026-06-25T02:00:38.353,2295824,505,0.407733333,0.598,0.294266667,81.2,5000,178.64,1,174.78,0.722,177.57,0.798,140,0.987,0.05,1360,1,81.2,-,Belum ditandai,unset,0.3,1,0,
2026-06-25T02:00:38.914,2296400,503,0.409933333,0.599,0.297133333,81.2,5000,178.64,1,175.04,0.718,177.81,0.794,140,0.991,0.05,1360,1,81.2,-,Belum ditandai,unset,0.3,1,0,
2026-06-25T02:00:39.476,2296936,509,0.409933333,0.5988,0.2966,81.2,5000,178.64,1,175.04,0.718,177.81,0.794,140,0.991,0.05,1360,1,81.2,-,Belum ditandai,unset,0.3,1,0,
2026-06-25T02:00:40.045,2297513,507,0.409933333,0.598666667,0.296266667,81.2,5000,178.64,1,174.99,0.719,177.77,0.795,140,0.99,0.05,1360,1,81.2,-,Belum ditandai,unset,0.3,1,0,
2026-06-25T02:00:40.546,2298048,504,0.4086,0.598266667,0.2952,80.92,5000,178.03,1,174.99,0.719,177.77,0.795,140,0.99,0.05,1360,1,80.92,-,Belum ditandai,unset,0.3,1,0,
2026-06-25T02:00:41.044,2298517,513,0.4048,0.597133333,0.291666667,80.92,5000,178.03,1,174.72,0.719,177.51,0.795,140,0.992,0.05,1360,1,80.92,-,Belum ditandai,unset,0.3,1,0,
2026-06-25T02:00:41.545,2299052,508,0.404533333,0.597066667,0.291666667,80.92,5000,178.03,1,174.72,0.719,177.51,0.795,140,0.992,0.05,1360,1,80.92,-,Belum ditandai,unset,0.3,1,0,
2026-06-25T02:00:42.046,2299522,510,0.404466667,0.596533333,0.290133333,80.92,5000,178.03,1,174.32,0.717,177.13,0.793,139,0.989,0.05,1360,1,80.92,-,Belum ditandai,unset,0.3,1,0,
2026-06-25T02:00:42.545,2300057,461,0.405,0.596933333,0.290533333,80.92,5000,178.03,1,174.32,0.717,177.13,0.793,139,0.989,0.05,1360,1,80.92,-,Belum ditandai,unset,0.3,1,0,
2026-06-25T02:00:43.049,2300527,507,0.405133333,0.596266667,0.2882,80.92,5000,178.03,1,174.35,0.717,177.16,0.793,139,0.989,0.05,1360,1,80.92,-,Belum ditandai,unset,0.3,1,0,
2026-06-25T02:00:43.551,2301062,500,0.404466667,0.5964,0.288266667,80.59,5000,177.29,1,174.35,0.717,177.16,0.793,139,0.989,0.05,1360,1,80.59,-,Belum ditandai,unset,0.3,1,0,
2026-06-25T02:00:44.046,2301532,518,0.4062,0.5968,0.2898,80.59,5000,177.29,1,174.09,0.715,176.91,0.791,138,0.986,0.05,1360,1,80.59,-,Belum ditandai,unset,0.3,1,0,
2026-06-25T02:00:44.549,2302067,509,0.4082,0.597666667,0.292533333,80.59,5000,177.29,1,174.09,0.715,176.91,0.791,138,0.986,0.05,1360,1,80.59,-,Belum ditandai,unset,0.3,1,0,
2026-06-25T02:00:45.050,2302537,509,0.4082,0.597733333,0.2928,80.59,5000,177.29,1,173.62,0.716,176.47,0.792,138,0.987,0.05,1360,1,80.59,-,Belum ditandai,unset,0.3,1,0,
2026-06-25T02:00:45.549,2303072,507,0.408133333,0.5978,0.293066667,80.59,5000,177.29,1,173.62,0.716,176.47,0.792,138,0.987,0.05,1360,1,80.59,-,Belum ditandai,unset,0.3,1,0,
2026-06-25T02:00:46.045,2303542,504,0.407533333,0.597933333,0.293533333,80.59,5000,177.29,1,173.58,0.719,176.43,0.795,139,0.991,0.05,1360,1,80.59,-,Belum ditandai,unset,0.3,1,0,
2026-06-25T02:00:46.608,2304077,509,0.407533333,0.597666667,0.293466667,80.12,5000,176.26,1,173.58,0.719,176.43,0.795,139,0.991,0.05,1360,1,80.12,-,Belum ditandai,unset,0.3,1,0,
2026-06-25T02:00:47.169,2304654,506,0.406866667,0.596933333,0.2916,80.12,5000,176.26,1,173.49,0.719,176.34,0.795,139,0.991,0.05,1360,1,80.12,-,Belum ditandai,unset,0.3,1,0,
2026-06-25T02:00:47.669,2305189,500,0.405933333,0.5964,0.2896,80.12,5000,176.26,1,173.49,0.719,176.34,0.795,139,0.991,0.05,1360,1,80.12,-,Belum ditandai,unset,0.3,1,0,
2026-06-25T02:00:48.171,2305658,502,0.404733333,0.595466667,0.2862,80.12,5000,176.26,1,172.63,0.719,175.53,0.795,138,0.988,0.05,1360,1,80.12,-,Belum ditandai,unset,0.3,1,0,
2026-06-25T02:00:48.673,2306193,500,0.405133333,0.5954,0.286,80.12,5000,176.26,1,172.63,0.719,175.53,0.795,138,0.988,0.05,1360,1,80.12,-,Belum ditandai,unset,0.3,1,0,
2026-06-25T02:00:49.175,2306663,511,0.402933333,0.5956,0.286933333,80.12,5000,176.26,1,172.54,0.718,175.44,0.794,138,0.99,0.05,1360,1,80.12,-,Belum ditandai,unset,0.3,1,0,
2026-06-25T02:00:49.672,2307198,499,0.404133333,0.5954,0.286733333,79.97,5000,175.94,1,172.54,0.718,175.44,0.794,138,0.99,0.05,1360,1,79.97,-,Belum ditandai,unset,0.3,1,0,
2026-06-25T02:00:50.173,2307668,501,0.4052,0.594533333,0.283933333,79.97,5000,175.94,1,172.33,0.716,175.24,0.792,137,0.987,0.05,1360,1,79.97,-,Belum ditandai,unset,0.3,1,0,
2026-06-25T02:00:50.675,2308203,501,0.406066667,0.5946,0.284666667,79.97,5000,175.94,1,172.33,0.716,175.24,0.792,137,0.987,0.05,1360,1,79.97,-,Belum ditandai,unset,0.3,1,0,
2026-06-25T02:00:51.175,2308673,507,0.406133333,0.594066667,0.283,79.97,5000,175.94,1,172.35,0.717,175.26,0.793,137,0.985,0.05,1360,1,79.97,-,Belum ditandai,unset,0.3,1,0,
2026-06-25T02:00:51.676,2309208,507,0.404866667,0.594933333,0.285533333,79.97,5000,175.94,1,172.35,0.717,175.26,0.793,137,0.985,0.05,1360,1,79.97,-,Belum ditandai,unset,0.3,1,0,
2026-06-25T02:00:52.176,2309678,504,0.406133333,0.594866667,0.284666667,79.97,5000,175.94,1,172.35,0.717,175.26,0.793,137,0.985,0.05,1360,1,79.97,-,Belum ditandai,unset,0.3,1,0,
2026-06-25T02:00:52.675,2310213,512,0.403866667,0.595733333,0.286933333,80.4,5000,176.88,1,172.35,0.717,175.26,0.793,137,0.985,0.05,1360,1,80.4,-,Belum ditandai,unset,0.3,1,0,
2026-06-25T02:00:53.173,2310683,503,0.404733333,0.595866667,0.2868,80.4,5000,176.88,1,173.22,0.718,176.09,0.794,138,0.987,0.05,1360,1,80.4,-,Belum ditandai,unset,0.3,1,0,
2026-06-25T02:00:53.672,2311218,507,0.404266667,0.596333333,0.2878,80.4,5000,176.88,1,173.22,0.718,176.09,0.794,138,0.987,0.05,1360,1,80.4,-,Belum ditandai,unset,0.3,1,0,
2026-06-25T02:00:54.173,2311688,502,0.404266667,0.5962,0.287933333,80.4,5000,176.88,1,173.27,0.717,176.13,0.793,138,0.988,0.05,1360,1,80.4,-,Belum ditandai,unset,0.3,1,0,
2026-06-25T02:00:54.671,2312223,512,0.4068,0.597133333,0.2914,80.4,5000,176.88,1,173.27,0.717,176.13,0.793,138,0.988,0.05,1360,1,80.4,-,Belum ditandai,unset,0.3,1,0,
2026-06-25T02:00:55.172,2312693,504,0.408066667,0.596666667,0.29,80.4,5000,176.88,1,173.27,0.716,176.13,0.792,138,0.989,0.05,1360,1,80.4,-,Belum ditandai,unset,0.3,1,0,
2026-06-25T02:00:55.674,2313228,521,0.4116,0.597066667,0.2916,80.9,5000,177.98,1,173.27,0.716,176.13,0.792,138,0.989,0.05,1360,1,80.9,-,Belum ditandai,unset,0.3,1,0,
2026-06-25T02:00:56.178,2313698,509,0.412266667,0.597133333,0.291466667,80.9,5000,177.98,1,174.29,0.717,177.1,0.793,139,0.989,0.05,1360,1,80.9,-,Belum ditandai,unset,0.3,1,0,
2026-06-25T02:00:56.679,2314233,505,0.411133333,0.597733333,0.2938,80.9,5000,177.98,1,174.29,0.717,177.1,0.793,139,0.989,0.05,1360,1,80.9,-,Belum ditandai,unset,0.3,1,0,
2026-06-25T02:00:57.180,2314702,509,0.408733333,0.597933333,0.2946,80.9,5000,177.98,1,174.46,0.717,177.26,0.793,139,0.988,0.05,1360,1,80.9,-,Belum ditandai,unset,0.3,1,0,
2026-06-25T02:00:57.678,2315237,506,0.407533333,0.597133333,0.292066667,80.9,5000,177.98,1,174.46,0.717,177.26,0.793,139,0.988,0.05,1360,1,80.9,-,Belum ditandai,unset,0.3,1,0,
2026-06-25T02:00:58.183,2315707,511,0.406333333,0.597466667,0.292533333,80.9,5000,177.98,1,174.42,0.717,177.23,0.793,139,0.989,0.05,1360,1,80.9,-,Belum ditandai,unset,0.3,1,0,
2026-06-25T02:00:58.681,2316242,501,0.406733333,0.597466667,0.2924,80.65,5000,177.43,1,174.42,0.717,177.23,0.793,139,0.989,0.05,1360,1,80.65,-,Belum ditandai,unset,0.3,1,0,
2026-06-25T02:00:59.289,2316819,505,0.406733333,0.5984,0.295333333,80.65,5000,177.43,1,173.93,0.717,176.76,0.793,139,0.991,0.05,1360,1,80.65,-,Belum ditandai,unset,0.3,1,0,
2026-06-25T02:00:59.789,2317354,510,0.405733333,0.597133333,0.291666667,80.65,5000,177.43,1,173.93,0.717,176.76,0.793,139,0.991,0.05,1360,1,80.65,-,Belum ditandai,unset,0.3,1,0,
2026-06-25T02:01:00.288,2317824,504,0.406,0.596733333,0.2902,80.65,5000,177.43,1,173.84,0.717,176.68,0.793,139,0.992,0.05,1360,1,80.65,-,Belum ditandai,unset,0.3,1,0,
2026-06-25T02:01:00.834,2318359,511,0.4058,0.595866667,0.287466667,80.65,5000,177.43,1,173.84,0.717,176.68,0.793,139,0.992,0.05,1360,1,80.65,-,Belum ditandai,unset,0.3,1,0,
2026-06-25T02:01:01.398,2318936,505,0.406733333,0.595666667,0.287,81.61,5000,179.55,1,173.82,0.718,176.66,0.794,139,0.99,0.05,1360,1,81.61,-,Belum ditandai,unset,0.3,1,0,
2026-06-25T02:01:01.958,2319513,518,0.407266667,0.5976,0.293,81.61,5000,179.55,1,175.18,0.72,177.95,0.796,140,0.988,0.05,1360,1,81.61,-,Belum ditandai,unset,0.3,1,0,
2026-06-25T02:01:02.461,2320048,511,0.4084,0.599466667,0.2984,81.61,5000,179.55,1,175.18,0.72,177.95,0.796,140,0.988,0.05,1360,1,81.61,-,Belum ditandai,unset,0.3,1,0,
2026-06-25T02:01:02.961,2320518,521,0.4106,0.6012,0.3038,81.61,5000,179.55,1,175.96,0.719,178.69,0.795,141,0.992,0.05,1360,1,81.61,-,Belum ditandai,unset,0.3,1,0,
2026-06-25T02:01:03.461,2321053,513,0.414,0.6022,0.306466667,81.61,5000,179.55,1,175.96,0.719,178.69,0.795,141,0.992,0.05,1360,1,81.61,-,Belum ditandai,unset,0.3,1,0,
2026-06-25T02:01:03.958,2321523,509,0.413266667,0.6016,0.3048,81.61,5000,179.55,1,175.91,0.72,178.64,0.796,141,0.991,0.05,1360,1,81.61,-,Belum ditandai,unset,0.3,1,0,
2026-06-25T02:01:04.522,2322058,506,0.4132,0.601133333,0.303266667,81.56,5000,179.44,1,175.91,0.72,178.64,0.796,141,0.991,0.05,1360,1,81.56,-,Belum ditandai,unset,0.3,1,0,
2026-06-25T02:01:05.081,2322635,511,0.4096,0.600533333,0.3018,81.56,5000,179.44,1,175.88,0.716,178.61,0.792,140,0.989,0.05,1360,1,81.56,-,Belum ditandai,unset,0.3,1,0,
2026-06-25T02:01:05.582,2323170,507,0.409,0.600933333,0.3036,81.56,5000,179.44,1,175.88,0.716,178.61,0.792,140,0.989,0.05,1360,1,81.56,-,Belum ditandai,unset,0.3,1,0,
2026-06-25T02:01:06.089,2323639,510,0.4082,0.6008,0.303466667,81.56,5000,179.44,1,175.81,0.715,178.55,0.791,140,0.991,0.05,1360,1,81.56,-,Belum ditandai,unset,0.3,1,0,
2026-06-25T02:01:06.591,2324174,525,0.4096,0.601733333,0.306266667,81.56,5000,179.44,1,175.81,0.715,178.55,0.791,140,0.991,0.05,1360,1,81.56,-,Belum ditandai,unset,0.3,1,0,
2026-06-25T02:01:07.091,2324644,510,0.4094,0.6012,0.304133333,81.56,5000,179.44,1,175.85,0.714,178.58,0.79,140,0.992,0.05,1360,1,81.56,-,Belum ditandai,unset,0.3,1,0,
2026-06-25T02:01:07.592,2325179,517,0.412933333,0.602266667,0.306533333,81.15,5000,178.52,1,175.85,0.714,178.58,0.79,140,0.992,0.05,1360,1,81.15,-,Belum ditandai,unset,0.3,1,0,
2026-06-25T02:01:08.091,2325649,505,0.411866667,0.601733333,0.3046,81.15,5000,178.52,1,175.57,0.714,178.32,0.79,139,0.986,0.05,1360,1,81.15,-,Belum ditandai,unset,0.3,1,0,
2026-06-25T02:01:08.593,2326184,509,0.411733333,0.601,0.302533333,81.15,5000,178.52,1,175.57,0.714,178.32,0.79,139,0.986,0.05,1360,1,81.15,-,Belum ditandai,unset,0.3,1,0,
2026-06-25T02:01:09.096,2326654,502,0.409666667,0.600133333,0.299933333,81.15,5000,178.52,1,174.92,0.715,177.7,0.791,139,0.988,0.05,1360,1,81.15,-,Belum ditandai,unset,0.3,1,0,
2026-06-25T02:01:09.594,2327189,510,0.409466667,0.599733333,0.298933333,81.15,5000,178.52,1,174.92,0.715,177.7,0.791,139,0.988,0.05,1360,1,81.15,-,Belum ditandai,unset,0.3,1,0,
2026-06-25T02:01:10.092,2327659,505,0.4082,0.5996,0.298333333,81.15,5000,178.52,1,174.99,0.713,177.77,0.789,139,0.991,0.05,1360,1,81.15,-,Belum ditandai,unset,0.3,1,0,
2026-06-25T02:01:10.594,2328194,507,0.409266667,0.599533333,0.298066667,81.09,5000,178.4,1,174.99,0.713,177.77,0.789,139,0.991,0.05,1360,1,81.09,-,Belum ditandai,unset,0.3,1,0,
2026-06-25T02:01:11.094,2328664,508,0.4086,0.5996,0.298333333,81.09,5000,178.4,1,174.91,0.714,177.69,0.79,139,0.99,0.05,1360,1,81.09,-,Belum ditandai,unset,0.3,1,0,
2026-06-25T02:01:11.597,2329199,509,0.408933333,0.599,0.2968,81.09,5000,178.4,1,174.91,0.714,177.69,0.79,139,0.99,0.05,1360,1,81.09,-,Belum ditandai,unset,0.3,1,0,
2026-06-25T02:01:12.099,2329668,512,0.409066667,0.598866667,0.296933333,81.09,5000,178.4,1,174.87,0.714,177.65,0.79,139,0.99,0.05,1360,1,81.09,-,Belum ditandai,unset,0.3,1,0,
2026-06-25T02:01:12.601,2330203,495,0.408733333,0.599066667,0.297466667,81.09,5000,178.4,1,174.87,0.714,177.65,0.79,139,0.99,0.05,1360,1,81.09,-,Belum ditandai,unset,0.3,1,0,
2026-06-25T02:01:13.104,2330673,513,0.408733333,0.598466667,0.295333333,81.09,5000,178.4,1,174.81,0.714,177.6,0.79,139,0.99,0.05,1360,1,81.09,-,Belum ditandai,unset,0.3,1,0,
2026-06-25T02:01:13.726,2331315,518,0.4088,0.598666667,0.295533333,81.25,5000,178.74,1,174.81,0.714,177.6,0.79,139,0.99,0.05,1360,1,81.25,-,Belum ditandai,unset,0.3,1,0,
2026-06-25T02:01:14.288,2331892,502,0.409866667,0.599066667,0.296733333,81.25,5000,178.74,1,175.04,0.716,177.81,0.792,139,0.987,0.05,1360,1,81.25,-,Belum ditandai,unset,0.3,1,0,
2026-06-25T02:01:14.852,2332427,504,0.409,0.600333333,0.300866667,81.25,5000,178.74,1,175.04,0.716,177.81,0.792,139,0.987,0.05,1360,1,81.25,-,Belum ditandai,unset,0.3,1,0,
2026-06-25T02:01:15.417,2333004,508,0.408,0.5996,0.2988,81.25,5000,178.74,1,175.16,0.716,177.93,0.792,139,0.986,0.05,1360,1,81.25,-,Belum ditandai,unset,0.3,1,0,
2026-06-25T02:01:15.979,2333581,507,0.4078,0.599666667,0.299133333,81.25,5000,178.74,1,175.17,0.718,177.94,0.794,140,0.99,0.05,1360,1,81.25,-,Belum ditandai,unset,0.3,1,0,
2026-06-25T02:01:16.479,2334116,504,0.4088,0.599933333,0.2996,80.94,5000,178.06,1,175.17,0.718,177.94,0.794,140,0.99,0.05,1360,1,80.94,-,Belum ditandai,unset,0.3,1,0,
2026-06-25T02:01:17.101,2334692,510,0.409066667,0.600266667,0.300533333,80.94,5000,178.06,1,174.9,0.717,177.68,0.793,139,0.986,0.05,1360,1,80.94,-,Belum ditandai,unset,0.3,1,0,
2026-06-25T02:01:17.600,2335227,506,0.4088,0.599266667,0.298066667,80.94,5000,178.06,1,174.9,0.717,177.68,0.793,139,0.986,0.05,1360,1,80.94,-,Belum ditandai,unset,0.3,1,0,
2026-06-25T02:01:18.100,2335697,512,0.408333333,0.598266667,0.295133333,80.94,5000,178.06,1,174.49,0.719,177.29,0.795,139,0.986,0.05,1360,1,80.94,-,Belum ditandai,unset,0.3,1,0,
2026-06-25T02:01:18.598,2336232,512,0.409,0.597933333,0.294266667,80.94,5000,178.06,1,174.49,0.719,177.29,0.795,139,0.986,0.05,1360,1,80.94,-,Belum ditandai,unset,0.3,1,0,
2026-06-25T02:01:19.099,2336702,521,0.408933333,0.598133333,0.2946,80.94,5000,178.06,1,174.45,0.717,177.25,0.793,139,0.988,0.05,1360,1,80.94,-,Belum ditandai,unset,0.3,1,0,
2026-06-25T02:01:19.602,2337237,503,0.408666667,0.5982,0.294666667,80.51,5000,177.11,1,174.45,0.717,177.25,0.793,139,0.988,0.05,1360,1,80.51,-,Belum ditandai,unset,0.3,1,0,
2026-06-25T02:01:20.101,2337707,503,0.407,0.598,0.294266667,80.51,5000,177.11,1,174.2,0.717,177.02,0.793,139,0.99,0.05,1360,1,80.51,-,Belum ditandai,unset,0.3,1,0,
2026-06-25T02:01:20.600,2338242,507,0.407866667,0.597333333,0.291866667,80.51,5000,177.11,1,174.2,0.717,177.02,0.793,139,0.99,0.05,1360,1,80.51,-,Belum ditandai,unset,0.3,1,0,
2026-06-25T02:01:21.099,2338712,506,0.406533333,0.597,0.290533333,80.51,5000,177.11,1,173.5,0.716,176.35,0.792,138,0.988,0.05,1360,1,80.51,-,Belum ditandai,unset,0.3,1,0,
2026-06-25T02:01:21.601,2339247,500,0.406666667,0.5962,0.288266667,80.51,5000,177.11,1,173.5,0.716,176.35,0.792,138,0.988,0.05,1360,1,80.51,-,Belum ditandai,unset,0.3,1,0,
2026-06-25T02:01:22.097,2339716,503,0.405933333,0.5954,0.286466667,80.51,5000,177.11,1,173.55,0.716,176.4,0.792,138,0.987,0.05,1360,1,80.51,-,Belum ditandai,unset,0.3,1,0,
2026-06-25T02:01:22.599,2340251,493,0.406,0.595533333,0.287133333,80.52,5000,177.14,1,173.55,0.716,176.4,0.792,138,0.987,0.05,1360,1,80.52,-,Belum ditandai,unset,0.3,1,0,
2026-06-25T02:01:23.101,2340721,510,0.407866667,0.595466667,0.2868,80.52,5000,177.14,1,173.5,0.715,176.35,0.791,138,0.989,0.05,1360,1,80.52,-,Belum ditandai,unset,0.3,1,0,
2026-06-25T02:01:23.606,2341256,504,0.4082,0.597133333,0.291466667,80.52,5000,177.14,1,173.5,0.715,176.35,0.791,138,0.989,0.05,1360,1,80.52,-,Belum ditandai,unset,0.3,1,0,
2026-06-25T02:01:24.106,2341726,509,0.408866667,0.597,0.291133333,80.52,5000,177.14,1,173.6,0.715,176.45,0.791,138,0.988,0.05,1360,1,80.52,-,Belum ditandai,unset,0.3,1,0,
2026-06-25T02:01:24.604,2342261,510,0.4084,0.5976,0.292866667,80.52,5000,177.14,1,173.6,0.715,176.45,0.791,138,0.988,0.05,1360,1,80.52,-,Belum ditandai,unset,0.3,1,0,
2026-06-25T02:01:25.106,2342731,511,0.408733333,0.596933333,0.2908,80.52,5000,177.14,1,173.72,0.713,176.56,0.789,138,0.99,0.05,1360,1,80.52,-,Belum ditandai,unset,0.3,1,0,
2026-06-25T02:01:25.609,2343266,501,0.407466667,0.597266667,0.291266667,81.04,5000,178.28,1,173.72,0.713,176.56,0.789,138,0.99,0.05,1360,1,81.04,-,Belum ditandai,unset,0.3,1,0,
2026-06-25T02:01:26.110,2343736,511,0.408533333,0.597733333,0.292533333,81.04,5000,178.28,1,174.78,0.715,177.57,0.791,139,0.989,0.05,1360,1,81.04,-,Belum ditandai,unset,0.3,1,0,
2026-06-25T02:01:26.614,2344271,507,0.407266667,0.5988,0.295666667,81.04,5000,178.28,1,174.78,0.715,177.57,0.791,139,0.989,0.05,1360,1,81.04,-,Belum ditandai,unset,0.3,1,0,
2026-06-25T02:01:27.115,2344741,512,0.4088,0.6,0.299666667,81.04,5000,178.28,1,174.85,0.713,177.63,0.789,139,0.991,0.05,1360,1,81.04,-,Belum ditandai,unset,0.3,1,0,
2026-06-25T02:01:27.617,2345276,509,0.409066667,0.6006,0.301266667,81.04,5000,178.28,1,174.85,0.713,177.63,0.789,139,0.991,0.05,1360,1,81.04,-,Belum ditandai,unset,0.3,1,0,
2026-06-25T02:01:28.116,2345746,503,0.4094,0.6004,0.300666667,81.04,5000,178.28,1,174.78,0.714,177.57,0.79,139,0.99,0.05,1360,1,81.04,-,Belum ditandai,unset,0.3,1,0,
2026-06-25T02:01:28.618,2346281,510,0.408466667,0.598933333,0.296333333,81.17,5000,178.56,1,174.78,0.714,177.57,0.79,139,0.99,0.05,1360,1,81.17,-,Belum ditandai,unset,0.3,1,0,
2026-06-25T02:01:29.118,2346751,508,0.4072,0.598733333,0.295866667,81.17,5000,178.56,1,175.01,0.715,177.79,0.791,139,0.988,0.05,1360,1,81.17,-,Belum ditandai,unset,0.3,1,0,
2026-06-25T02:01:29.621,2347286,512,0.406266667,0.597866667,0.2938,81.17,5000,178.56,1,175.01,0.715,177.79,0.791,139,0.988,0.05,1360,1,81.17,-,Belum ditandai,unset,0.3,1,0,
2026-06-25T02:01:30.120,2347755,504,0.406533333,0.597666667,0.293333333,81.17,5000,178.56,1,175.07,0.716,177.84,0.792,139,0.986,0.05,1360,1,81.17,-,Belum ditandai,unset,0.3,1,0,
2026-06-25T02:01:30.621,2348290,509,0.407333333,0.596666667,0.290333333,81.17,5000,178.56,1,175.07,0.716,177.84,0.792,139,0.986,0.05,1360,1,81.17,-,Belum ditandai,unset,0.3,1,0,
2026-06-25T02:01:31.119,2348760,528,0.409333333,0.596933333,0.291466667,81.17,5000,178.56,1,175.05,0.718,177.82,0.794,140,0.991,0.05,1360,1,81.17,-,Belum ditandai,unset,0.3,1,0,
2026-06-25T02:01:31.744,2349402,505,0.408866667,0.598066667,0.2948,81.26,5000,178.77,1,175.05,0.718,177.82,0.794,140,0.991,0.05,1360,1,81.26,-,Belum ditandai,unset,0.3,1,0,
2026-06-25T02:01:32.286,2349979,503,0.409133333,0.5998,0.3,81.26,5000,178.77,1,175.32,0.716,178.08,0.792,140,0.992,0.05,1360,1,81.26,-,Belum ditandai,unset,0.3,1,0,
2026-06-25T02:01:32.857,2350514,497,0.4078,0.600066667,0.300866667,81.26,5000,178.77,1,175.32,0.716,178.08,0.792,140,0.992,0.05,1360,1,81.26,-,Belum ditandai,unset,0.3,1,0,
2026-06-25T02:01:33.387,2351091,512,0.408666667,0.5992,0.297866667,81.26,5000,178.77,1,175.32,0.715,178.08,0.791,139,0.986,0.05,1360,1,81.26,-,Belum ditandai,unset,0.3,1,0,
2026-06-25T02:01:34.020,2351668,514,0.4102,0.5998,0.299266667,81.26,5000,178.77,1,175.35,0.715,178.11,0.791,139,0.986,0.05,1360,1,81.26,-,Belum ditandai,unset,0.3,1,0,
2026-06-25T02:01:34.523,2352203,507,0.4112,0.6004,0.301133333,80.93,5000,178.05,1,175.35,0.715,178.11,0.791,139,0.986,0.05,1360,1,80.93,-,Belum ditandai,unset,0.3,1,0,
2026-06-25T02:01:35.111,2352780,506,0.411066667,0.600066667,0.3004,80.93,5000,178.05,1,174.95,0.714,177.73,0.79,139,0.989,0.05,1360,1,80.93,-,Belum ditandai,unset,0.3,1,0,
2026-06-25T02:01:35.637,2353316,507,0.409533333,0.597266667,0.292333333,80.93,5000,178.05,1,174.95,0.714,177.73,0.79,139,0.989,0.05,1360,0,80.93,-,Belum ditandai,unset,0.3,1,0,
2026-06-25T02:01:36.211,2353891,513,0.409533333,0.5964,0.289266667,80.93,5000,178.05,1,174.85,0.711,177.63,0.787,138,0.987,0.05,1360,0,80.93,-,Belum ditandai,unset,0.3,1,0,
2026-06-25T02:01:36.728,2354426,511,0.409,0.5968,0.2898,80.93,5000,178.05,1,174.85,0.711,177.63,0.787,138,0.987,0.05,1360,0,80.93,-,Belum ditandai,unset,0.3,1,0,
2026-06-25T02:01:37.215,2354896,504,0.408,0.597733333,0.292533333,80.93,5000,178.05,1,174.71,0.711,177.5,0.787,138,0.987,0.05,1360,0,80.93,-,Belum ditandai,unset,0.3,1,0,
2026-06-25T02:01:37.725,2355432,421,0.398933333,0.5904,0.2714,50,5000,110,1,174.71,0.711,177.5,0.787,138,0.987,0.05,1360,0,80.93,-,Belum ditandai,unset,0.3,1,0,
2026-06-25T02:01:38.217,2355901,398,0.376666667,0.558733333,0.196666667,50,5000,110,1,173.35,0.707,176.21,0.783,136,0.985,0.05,1360,0,80.93,-,Belum ditandai,unset,0.3,1,0,
2026-06-25T02:01:38.719,2356436,392,0.346933333,0.5144,0.102333333,50,5000,110,1,173.35,0.707,176.21,0.783,136,0.985,0.05,1360,0,80.93,-,Belum ditandai,unset,0.3,1,0,
2026-06-25T02:01:39.218,2356905,383,0.3218,0.479133333,0.026866667,50,5000,110,1,107.66,0.522,113.85,0.6,64,0.936,0.05,1360,0,80.93,-,Belum ditandai,unset,0.3,1,0,
2026-06-25T02:01:39.721,2357435,403,0.316466667,0.464133333,0.009,50,5000,110,1,107.66,0.522,113.85,0.6,64,0.936,0.05,1360,0,80.93,-,Belum ditandai,unset,0.3,1,0,
2026-06-25T02:01:40.224,2357919,391,0.316666667,0.464133333,0.009066667,50,5000,110,1,64.26,0.296,72.65,0.377,25,0.912,0.05,1360,0,80.93,-,Belum ditandai,unset,0.3,1,0,
2026-06-25T02:01:40.723,2358449,399,0.315066667,0.462666667,0.009066667,50,5000,110,1,64.26,0.296,72.65,0.377,25,0.912,0.05,1360,0,80.93,-,Belum ditandai,unset,0.3,1,0,
2026-06-25T02:01:41.224,2358914,383,0.3148,0.462666667,0.0092,50,5000,110,1,2.16,0,13.7,0.055,0,0,0.05,1360,0,80.93,-,Belum ditandai,unset,0.3,1,0,
2026-06-25T02:01:41.726,2359444,380,0.312533333,0.460933333,0.009466667,50,5000,110,1,2.16,0,13.7,0.055,0,0,0.05,1360,0,80.93,-,Belum ditandai,unset,0.3,1,0,
2026-06-25T02:01:42.230,2359917,396,0.309666667,0.4584,0.009733333,50,5000,110,1,0,0,0,0,0,0,0.05,1360,0,80.93,-,Belum ditandai,unset,0.3,1,0,
2026-06-25T02:01:42.733,2360442,400,0.305066667,0.456,0.010066667,50,5000,110,1,0,0,0,0,0,0,0.05,1360,0,80.93,-,Belum ditandai,unset,0.3,1,0,
2026-06-25T02:01:43.232,2360964,378,0.303866667,0.452933333,0.01,50,5000,110,1,0,0,0,0,0,0,0.05,1360,0,80.93,-,Belum ditandai,unset,0.3,1,0,
2026-06-25T02:01:43.780,2361489,378,0.306466667,0.453333333,0.01,50,5000,110,1,0,0,0,0,0,0,0.05,1360,0,80.93,-,Belum ditandai,unset,0.3,1,0,
2026-06-25T02:01:44.341,2362052,368,0.310933333,0.452533333,0.0102,50,5000,110,1,0,0,0,0,0,0,0.05,1360,0,80.93,-,Belum ditandai,unset,0.3,1,0,
2026-06-25T02:01:44.843,2362577,374,0.3116,0.4534,0.0102,50,5000,110,1,0,0,0,0,0,0,0.05,1360,0,80.93,-,Belum ditandai,unset,0.3,1,0,
2026-06-25T02:01:45.340,2363057,379,0.311333333,0.453733333,0.0102,50,5000,110,1,0,0,0,0,0,0,0.05,1360,0,80.93,-,Belum ditandai,unset,0.3,1,0,
2026-06-25T02:01:45.840,2363582,377,0.309133333,0.4532,0.01,50,5000,110,1,0,0,0,0,0,0,0.05,1360,0,80.93,-,Belum ditandai,unset,0.3,1,0,
2026-06-25T02:01:46.341,2364061,368,0.309,0.4526,0.01,50,5000,110,1,0,0,0,0,0,0,0.05,1360,0,80.93,-,Belum ditandai,unset,0.3,1,0,
2026-06-25T02:01:46.841,2364586,377,0.308266667,0.4508,0.01,50,5000,110,1,0,0,0,0,0,0,0.05,1360,0,80.93,-,Belum ditandai,unset,0.3,1,0,
2026-06-25T02:01:47.339,2365056,382,0.3074,0.451933333,0.01,50,5000,110,1,0,0,0,0,0,0,0.05,1360,0,80.93,-,Belum ditandai,unset,0.3,1,0,
2026-06-25T02:01:47.842,2365581,376,0.3018,0.451,0.01,50,5000,110,1,0,0,0,0,0,0,0.05,1360,0,80.93,-,Belum ditandai,unset,0.3,1,0,
2026-06-25T02:01:48.339,2366103,382,0.302333333,0.450733333,0.01,50,5000,110,1,0,0,0,0,0,0,0.05,1360,0,80.93,-,Belum ditandai,unset,0.3,1,0,
2026-06-25T02:01:48.905,2366628,382,0.301666667,0.448866667,0.01,50,5000,110,1,0,0,0,0,0,0,0.05,1360,0,80.93,-,Belum ditandai,unset,0.3,1,0,
2026-06-25T02:01:49.469,2367181,369,0.305933333,0.449933333,0.01,50,5000,110,1,0,0,0,0,0,0,0.05,1360,0,80.93,-,Belum ditandai,unset,0.3,1,0,
2026-06-25T02:01:49.973,2367706,386,0.306333333,0.450666667,0.01,50,5000,110,1,0,0,0,0,0,0,0.05,1360,0,80.93,-,Belum ditandai,unset,0.3,1,0,
2026-06-25T02:01:50.476,2368228,381,0.3078,0.4516,0.01,50,5000,110,1,0,0,0,0,0,0,0.05,1360,0,80.93,-,Belum ditandai,unset,0.3,1,0,
2026-06-25T02:01:51.038,2368790,382,0.308666667,0.4514,0.01,50,5000,110,1,0,0,0,0,0,0,0.05,1360,0,80.93,-,Belum ditandai,unset,0.3,1,0,
2026-06-25T02:01:51.539,2369316,382,0.308466667,0.451466667,0.01,50,5000,110,1,0,0,0,0,0,0,0.05,1360,0,80.93,-,Belum ditandai,unset,0.3,1,0,
2026-06-25T02:01:52.041,2369795,382,0.308266667,0.451333333,0.01,50,5000,110,1,0,0,0,0,0,0,0.05,1360,0,80.93,-,Belum ditandai,unset,0.3,1,0,
2026-06-25T02:01:52.666,2370425,3,0.266933333,0.409866667,0.01,50,5000,110,1,0,0,0,0,0,0,0.05,1360,0,80.93,-,Belum ditandai,unset,0.3,1,0,
2026-06-25T02:01:53.228,2371002,4,0.2054,0.321733333,0.01,50,5000,110,0,0,0,0,0,0,0,0.05,1361,0,80.93,-,Belum ditandai,unset,0.3,1,0,
2026-06-25T02:01:53.790,2371527,5,0.104266667,0.172266667,0.01,50,5000,110,0,0,0,0,0,0,0,0.05,1361,0,80.93,-,Belum ditandai,unset,0.3,1,0,
2026-06-25T02:01:54.289,2372016,0,0.042933333,0.082933333,0.01,50,5000,110,0,0,0,0,0,0,0,0.05,1362,0,80.93,-,Belum ditandai,unset,0.3,1,0,
2026-06-25T02:01:54.790,2372541,1,0.003733333,0.004333333,0.01,50,5000,110,0,0,0,0,0,0,0,0.05,1362,0,80.93,-,Belum ditandai,unset,0.3,1,0,
2026-06-25T02:01:55.291,2373030,0,0.003666667,0.004066667,0.01,50,5000,110,0,0,0,0,0,0,0,0.05,1363,0,80.93,-,Belum ditandai,unset,0.3,1,0,
2026-06-25T02:01:55.795,2373555,3,0.002533333,0.0042,0.01,50,5000,110,0,0,0,0,0,0,0,0.05,1363,0,80.93,-,Belum ditandai,unset,0.3,1,0,
2026-06-25T02:01:56.299,2374044,2,0.003066667,0.003933333,0.01,50,5000,110,0,0,0,0,0,0,0,0.05,1364,0,80.93,-,Belum ditandai,unset,0.3,1,0,
2026-06-25T02:01:56.800,2374569,2,0.002066667,0.003666667,0.01,50,5000,110,0,0,0,0,0,0,0,0.05,1364,0,80.93,-,Belum ditandai,unset,0.3,1,0,
2026-06-25T02:01:57.304,2375058,2,0.002133333,0.003333333,0.01,50,5000,110,0,0,0,0,0,0,0,0.05,1365,0,80.93,-,Belum ditandai,unset,0.3,1,0,
2026-06-25T02:01:57.806,2375583,2,0.0016,0.0028,0.01,50,5000,110,0,0,0,0,0,0,0,0.05,1365,0,80.93,-,Belum ditandai,unset,0.3,1,0,
2026-06-25T02:01:58.312,2376072,3,0.001733333,0.003,0.01,50,5000,110,0,0,0,0,0,0,0,0.05,1366,0,80.93,-,Belum ditandai,unset,0.3,1,0,
2026-06-25T02:01:58.810,2376597,0,0.001733333,0.003333333,0.01,50,5000,110,0,0,0,0,0,0,0,0.05,1366,0,80.93,-,Belum ditandai,unset,0.3,1,0,
2026-06-25T02:01:59.313,2377086,2,0.002066667,0.003666667,0.01,50,5000,110,0,0,0,0,0,0,0,0.05,1367,0,80.93,-,Belum ditandai,unset,0.3,1,0,
2026-06-25T02:01:59.813,2377611,4,0.001866667,0.0038,0.01,50,5000,110,0,0,0,0,0,0,0,0.05,1367,0,80.93,-,Belum ditandai,unset,0.3,1,0,
2026-06-25T02:02:00.317,2378100,1,0.002866667,0.0044,0.01,50,5000,110,0,0,0,0,0,0,0,0.05,1368,0,80.93,-,Belum ditandai,unset,0.3,1,0,
2026-06-25T02:02:00.816,2378625,0,0.002866667,0.0046,0.01,50,5000,110,0,0,0,0,0,0,0,0.05,1368,0,80.93,-,Belum ditandai,unset,0.3,1,0,
2026-06-25T02:02:01.320,2379114,2,0.003,0.0044,0.01,50,5000,110,0,0,0,0,0,0,0,0.05,1369,0,80.93,-,Belum ditandai,unset,0.3,1,0,
2026-06-25T02:02:01.885,2379639,2,0.003266667,0.004333333,0.01,50,5000,110,0,0,0,0,0,0,0,0.05,1369,0,80.93,-,Belum ditandai,unset,0.3,1,0,
2026-06-25T02:02:02.451,2380233,1,0.0028,0.003533333,0.01,50,5000,110,0,0,0,0,0,0,0,0.05,1370,0,80.93,-,Belum ditandai,unset,0.3,1,0,
2026-06-25T02:02:02.952,2380758,7,0.0032,0.0036,0.01,50,5000,110,0,0,0,0,0,0,0,0.05,1370,0,80.93,-,Belum ditandai,unset,0.3,1,0,
2026-06-25T02:02:03.454,2381247,0,0.003266667,0.003733333,0.01,50,5000,110,0,0,0,0,0,0,0,0.05,1371,0,80.93,-,Belum ditandai,unset,0.3,1,0,
2026-06-25T02:02:03.956,2381772,0,0.002666667,0.0042,0.01,50,5000,110,0,0,0,0,0,0,0,0.05,1371,0,80.93,-,Belum ditandai,unset,0.3,1,0,
2026-06-25T02:02:04.454,2382261,3,0.0028,0.004333333,0.01,50,5000,110,0,0,0,0,0,0,0,0.05,1372,0,80.93,-,Belum ditandai,unset,0.3,1,0,
2026-06-25T02:02:05.016,2382786,6,0.002533333,0.004,0.01,50,5000,110,0,0,0,0,0,0,0,0.05,1372,0,80.93,-,Belum ditandai,unset,0.3,1,0,
2026-06-25T02:02:05.582,2383380,6,0.004,0.004533333,0.01,50,5000,110,0,0,0,0,0,0,0,0.05,1373,0,80.93,-,Belum ditandai,unset,0.3,1,0,
2026-06-25T02:02:06.084,2383905,3,0.003533333,0.004,0.01,50,5000,110,0,0,0,0,0,0,0,0.05,1373,0,80.93,-,Belum ditandai,unset,0.3,1,0,
2026-06-25T02:02:06.583,2384394,0,0.003933333,0.004,0.01,50,5000,110,0,0,0,0,0,0,0,0.05,1374,0,80.93,-,Belum ditandai,unset,0.3,1,0,
2026-06-25T02:02:07.143,2384919,0,0.0036,0.004266667,0.01,50,5000,110,0,0,0,0,0,0,0,0.05,1374,0,80.93,-,Belum ditandai,unset,0.3,1,0,
2026-06-25T02:02:07.706,2385513,12,0.005666667,0.0052,0.01,50,5000,110,0,0,0,0,0,0,0,0.05,1375,0,80.93,-,Belum ditandai,unset,0.3,1,0,
2026-06-25T02:02:08.398,2386212,2,0.005866667,0.0054,0.01,50,5000,110,0,0,0,0,0,0,0,0.05,1376,0,80.93,-,Belum ditandai,unset,0.3,1,0,
2026-06-25T02:02:08.904,2386737,0,0.005333333,0.005,0.01,50,5000,110,0,0,0,0,0,0,0,0.05,1376,0,80.93,-,Belum ditandai,unset,0.3,1,0,
2026-06-25T02:02:09.408,2387226,0,0.0046,0.0048,0.01,50,5000,110,0,0,0,0,0,0,0,0.05,1377,0,80.93,-,Belum ditandai,unset,0.3,1,0,
2026-06-25T02:02:09.906,2387751,0,0.001733333,0.0034,0.01,50,5000,110,0,0,0,0,0,0,0,0.05,1377,0,80.93,-,Belum ditandai,unset,0.3,1,0,
2026-06-25T02:02:10.404,2388240,7,0.001933333,0.003533333,0.01,50,5000,110,0,0,0,0,0,0,0,0.05,1378,0,80.93,-,Belum ditandai,unset,0.3,1,0,
2026-06-25T02:02:10.969,2388765,16,0.0028,0.003466667,0.01,50,5000,110,0,0,0,0,0,0,0,0.05,1378,0,80.93,-,Belum ditandai,unset,0.3,1,0,
2026-06-25T02:02:11.535,2389359,5,0.0028,0.003066667,0.01,50,5000,110,0,0,0,0,0,0,0,0.05,1379,0,80.93,-,Belum ditandai,unset,0.3,1,0,
2026-06-25T02:02:12.037,2389884,3,0.0028,0.003066667,0.01,50,5000,110,0,0,0,0,0,0,0,0.05,1379,0,80.93,-,Belum ditandai,unset,0.3,1,0,
2026-06-25T02:02:12.537,2390373,3,0.002866667,0.003,0.01,50,5000,110,0,0,0,0,0,0,0,0.05,1380,0,80.93,-,Belum ditandai,unset,0.3,1,0,
2026-06-25T02:02:13.098,2390898,13,0.003333333,0.003066667,0.01,50,5000,110,0,0,0,0,0,0,0,0.05,1380,0,80.93,-,Belum ditandai,unset,0.3,1,0,
2026-06-25T02:02:13.665,2391492,7,0.004,0.003533333,0.01,50,5000,110,0,0,0,0,0,0,0,0.05,1381,0,80.93,-,Belum ditandai,unset,0.3,1,0,
2026-06-25T02:02:14.169,2392017,2,0.003733333,0.003866667,0.01,50,5000,110,0,0,0,0,0,0,0,0.05,1381,0,80.93,-,Belum ditandai,unset,0.3,1,0,
2026-06-25T02:02:14.667,2392506,3,0.004066667,0.004133333,0.01,50,5000,110,0,0,0,0,0,0,0,0.05,1382,0,80.93,-,Belum ditandai,unset,0.3,1,0,
2026-06-25T02:02:15.476,2393310,2,0.0026,0.004,0.01,50,5000,110,0,0,0,0,0,0,0,0.05,1383,0,80.93,-,Belum ditandai,unset,0.3,1,0,
2026-06-25T02:02:15.980,2393835,6,0.002933333,0.0038,0.01,50,5000,110,0,0,0,0,0,0,0,0.05,1383,0,80.93,-,Belum ditandai,unset,0.3,1,0,
2026-06-25T02:02:16.482,2394324,5,0.002866667,0.003933333,0.01,50,5000,110,0,0,0,0,0,0,0,0.05,1384,0,80.93,-,Belum ditandai,unset,0.3,1,0,
2026-06-25T02:02:16.982,2394849,5,0.003133333,0.004066667,0.01,50,5000,110,0,0,0,0,0,0,0,0.05,1384,0,80.93,-,Belum ditandai,unset,0.3,1,0,
2026-06-25T02:02:17.480,2395338,1,0.0028,0.003933333,0.01,50,5000,110,0,0,0,0,0,0,0,0.05,1385,0,80.93,-,Belum ditandai,unset,0.3,1,0,
2026-06-25T02:02:18.044,2395863,4,0.002933333,0.0038,0.01,50,5000,110,0,0,0,0,0,0,0,0.05,1385,0,80.93,-,Belum ditandai,unset,0.3,1,0,
2026-06-25T02:02:18.603,2396457,0,0.002933333,0.003533333,0.01,50,5000,110,0,0,0,0,0,0,0,0.05,1386,0,80.93,-,Belum ditandai,unset,0.3,1,0,
2026-06-25T02:02:19.103,2396982,1,0.002266667,0.0034,0.01,50,5000,110,0,0,0,0,0,0,0,0.05,1386,0,80.93,-,Belum ditandai,unset,0.3,1,0,
2026-06-25T02:02:19.605,2397471,5,0.002333333,0.0036,0.01,50,5000,110,0,0,0,0,0,0,0,0.05,1387,0,80.93,-,Belum ditandai,unset,0.3,1,0,
2026-06-25T02:02:20.164,2397996,0,0.001733333,0.003266667,0.01,50,5000,110,0,0,0,0,0,0,0,0.05,1387,0,80.93,-,Belum ditandai,unset,0.3,1,0,
2026-06-25T02:02:20.727,2398590,2,0.001866667,0.003266667,0.01,50,5000,110,0,0,0,0,0,0,0,0.05,1388,0,80.93,-,Belum ditandai,unset,0.3,1,0,
2026-06-25T02:02:21.227,2399115,5,0.002,0.003,0.01,50,5000,110,0,0,0,0,0,0,0,0.05,1388,0,80.93,-,Belum ditandai,unset,0.3,1,0,
2026-06-25T02:02:21.730,2399604,0,0.002066667,0.003133333,0.01,50,5000,110,0,0,0,0,0,0,0,0.05,1389,0,80.93,-,Belum ditandai,unset,0.3,1,0,
2026-06-25T02:02:22.292,2400129,1,0.001733333,0.003333333,0.01,50,5000,110,0,0,0,0,0,0,0,0.05,1389,0,80.93,-,Belum ditandai,unset,0.3,1,0,
2026-06-25T02:02:22.854,2400723,2,0.001333333,0.003333333,0.01,50,5000,110,0,0,0,0,0,0,0,0.05,1390,0,80.93,-,Belum ditandai,unset,0.3,1,0,
2026-06-25T02:02:23.541,2401422,5,0.001733333,0.003466667,0.01,50,5000,110,0,0,0,0,0,0,0,0.05,1391,0,80.93,-,Belum ditandai,unset,0.3,1,0,
2026-06-25T02:02:24.108,2401947,1,0.002,0.0036,0.01,50,5000,110,0,0,0,0,0,0,0,0.05,1391,0,80.93,-,Belum ditandai,unset,0.3,1,0,
2026-06-25T02:02:24.671,2402541,4,0.0022,0.003666667,0.01,50,5000,110,0,0,0,0,0,0,0,0.05,1392,0,80.93,-,Belum ditandai,unset,0.3,1,0,
2026-06-25T02:02:25.169,2403066,7,0.0022,0.003866667,0.01,50,5000,110,0,0,0,0,0,0,0,0.05,1392,0,80.93,-,Belum ditandai,unset,0.3,1,0,
2026-06-25T02:02:25.669,2403555,2,0.003466667,0.0042,0.01,50,5000,110,0,0,0,0,0,0,0,0.05,1393,0,80.93,-,Belum ditandai,unset,0.3,1,0,
2026-06-25T02:02:26.231,2404080,0,0.0032,0.004666667,0.01,50,5000,110,0,0,0,0,0,0,0,0.05,1393,0,80.93,-,Belum ditandai,unset,0.3,1,0,
2026-06-25T02:02:26.792,2404674,17,0.004,0.004666667,0.01,50,5000,110,0,0,0,0,0,0,0,0.05,1394,0,80.93,-,Belum ditandai,unset,0.3,1,0,
2026-06-25T02:02:27.292,2405199,0,0.002533333,0.004,0.01,50,5000,110,0,0,0,0,0,0,0,0.05,1394,0,80.93,-,Belum ditandai,unset,0.3,1,0,
2026-06-25T02:02:27.792,2405688,7,0.0028,0.003933333,0.01,50,5000,110,0,0,0,0,0,0,0,0.05,1395,0,80.93,-,Belum ditandai,unset,0.3,1,0,
2026-06-25T02:02:28.352,2406213,2,0.004133333,0.003933333,0.01,50,5000,110,0,0,0,0,0,0,0,0.05,1395,0,80.93,-,Belum ditandai,unset,0.3,1,0,
2026-06-25T02:02:28.917,2406807,0,0.003133333,0.0038,0.01,50,5000,110,0,0,0,0,0,0,0,0.05,1396,0,80.93,-,Belum ditandai,unset,0.3,1,0,
2026-06-25T02:02:29.604,2407506,1,0.0028,0.003533333,0.01,50,5000,110,0,0,0,0,0,0,0,0.05,1397,0,80.93,-,Belum ditandai,unset,0.3,1,0,
2026-06-25T02:02:30.108,2408031,0,0.0016,0.0032,0.01,50,5000,110,0,0,0,0,0,0,0,0.05,1397,0,80.93,-,Belum ditandai,unset,0.3,1,0,
2026-06-25T02:02:30.607,2408520,1,0.002066667,0.003266667,0.01,50,5000,110,0,0,0,0,0,0,0,0.05,1398,0,80.93,-,Belum ditandai,unset,0.3,1,0,
2026-06-25T02:02:31.170,2409045,7,0.003733333,0.003933333,0.01,50,5000,110,0,0,0,0,0,0,0,0.05,1398,0,80.93,-,Belum ditandai,unset,0.3,1,0,
2026-06-25T02:02:31.732,2409639,2,0.0034,0.004333333,0.01,50,5000,110,0,0,0,0,0,0,0,0.05,1399,0,80.93,-,Belum ditandai,unset,0.3,1,0,
2026-06-25T02:02:32.294,2410164,3,0.003733333,0.0046,0.01,50,5000,110,0,0,0,0,0,0,0,0.05,1399,0,80.93,-,Belum ditandai,unset,0.3,1,0,
2026-06-25T02:02:32.858,2410758,0,0.003533333,0.004466667,0.01,50,5000,110,0,0,0,0,0,0,0,0.05,1400,0,80.93,-,Belum ditandai,unset,0.3,1,0,
2026-06-25T02:02:33.361,2411283,7,0.004,0.004,0.01,50,5000,110,0,0,0,0,0,0,0,0.05,1400,0,80.93,-,Belum ditandai,unset,0.3,1,0,
2026-06-25T02:02:33.861,2411772,4,0.003133333,0.003866667,0.01,50,5000,110,0,0,0,0,0,0,0,0.05,1401,0,80.93,-,Belum ditandai,unset,0.3,1,0,
2026-06-25T02:02:34.361,2412297,6,0.004066667,0.004066667,0.01,50,5000,110,0,0,0,0,0,0,0,0.05,1401,0,80.93,-,Belum ditandai,unset,0.3,1,0,
2026-06-25T02:02:34.862,2412786,5,0.0026,0.003933333,0.01,50,5000,110,0,0,0,0,0,0,0,0.05,1402,0,80.93,-,Belum ditandai,unset,0.3,1,0,
2026-06-25T02:02:35.423,2413311,3,0.003466667,0.004066667,0.01,50,5000,110,0,0,0,0,0,0,0,0.05,1402,0,80.93,-,Belum ditandai,unset,0.3,1,0,
2026-06-25T02:02:35.989,2413905,1,0.003133333,0.004,0.01,50,5000,110,0,0,0,0,0,0,0,0.05,1403,0,80.93,-,Belum ditandai,unset,0.3,1,0,
2026-06-25T02:02:36.676,2414604,5,0.004,0.003866667,0.01,50,5000,110,0,0,0,0,0,0,0,0.05,1404,0,80.93,-,Belum ditandai,unset,0.3,1,0,
2026-06-25T02:02:37.238,2415129,1,0.002733333,0.0032,0.01,50,5000,110,0,0,0,0,0,0,0,0.05,1404,0,80.93,-,Belum ditandai,unset,0.3,1,0,
2026-06-25T02:02:37.799,2415723,2,0.002466667,0.003266667,0.01,50,5000,110,0,0,0,0,0,0,0,0.05,1405,0,80.93,-,Belum ditandai,unset,0.3,1,0,
2026-06-25T02:02:38.300,2416248,4,0.0014,0.003466667,0.01,50,5000,110,0,0,0,0,0,0,0,0.05,1405,0,80.93,-,Belum ditandai,unset,0.3,1,0,
2026-06-25T02:02:38.798,2416737,0,0.0012,0.003666667,0.01,50,5000,110,0,0,0,0,0,0,0,0.05,1406,0,80.93,-,Belum ditandai,unset,0.3,1,0,
2026-06-25T02:02:39.361,2417262,4,0.0014,0.003733333,0.01,50,5000,110,0,0,0,0,0,0,0,0.05,1406,0,80.93,-,Belum ditandai,unset,0.3,1,0,
2026-06-25T02:02:39.928,2417856,4,0.001933333,0.003466667,0.01,50,5000,110,0,0,0,0,0,0,0,0.05,1407,0,80.93,-,Belum ditandai,unset,0.3,1,0,
2026-06-25T02:02:40.432,2418381,2,0.002133333,0.003666667,0.01,50,5000,110,0,0,0,0,0,0,0,0.05,1407,0,80.93,-,Belum ditandai,unset,0.3,1,0,
2026-06-25T02:02:40.932,2418870,1,0.0022,0.003733333,0.01,50,5000,110,0,0,0,0,0,0,0,0.05,1408,0,80.93,-,Belum ditandai,unset,0.3,1,0,
2026-06-25T02:02:41.431,2419395,8,0.002,0.003866667,0.01,50,5000,110,0,0,0,0,0,0,0,0.05,1408,0,80.93,-,Belum ditandai,unset,0.3,1,0,
2026-06-25T02:02:41.935,2419884,0,0.001266667,0.003666667,0.01,50,5000,110,0,0,0,0,0,0,0,0.05,1409,0,80.93,-,Belum ditandai,unset,0.3,1,0,
2026-06-25T02:02:42.496,2420409,0,0.001266667,0.003666667,0.01,50,5000,110,0,0,0,0,0,0,0,0.05,1409,0,80.93,-,Belum ditandai,unset,0.3,1,0,
2026-06-25T02:02:43.058,2421003,3,0.005266667,0.004733333,0.01,50,5000,110,0,0,0,0,0,0,0,0.05,1410,0,80.93,-,Belum ditandai,unset,0.3,1,0,
2026-06-25T02:02:43.748,2421702,5,0.008266667,0.005533333,0.01,50,5000,110,0,0,0,0,0,0,0,0.05,1411,0,80.93,-,Belum ditandai,unset,0.3,1,0,
2026-06-25T02:02:44.250,2422227,2,0.0084,0.006066667,0.01,50,5000,110,0,0,0,0,0,0,0,0.05,1411,0,80.93,-,Belum ditandai,unset,0.3,1,0,
2026-06-25T02:02:44.754,2422716,4,0.005066667,0.005133333,0.01,50,5000,110,0,0,0,0,0,0,0,0.05,1412,0,80.93,-,Belum ditandai,unset,0.3,1,0,
2026-06-25T02:02:45.318,2423241,4,0.0026,0.004266667,0.01,50,5000,110,0,0,0,0,0,0,0,0.05,1412,0,80.93,-,Belum ditandai,unset,0.3,1,0,
2026-06-25T02:02:45.881,2423835,4,0.002333333,0.0038,0.01,50,5000,110,0,0,0,0,0,0,0,0.05,1413,0,80.93,-,Belum ditandai,unset,0.3,1,0,
2026-06-25T02:02:46.384,2424360,0,0.001933333,0.004333333,0.01,50,5000,110,0,0,0,0,0,0,0,0.05,1413,0,80.93,-,Belum ditandai,unset,0.3,1,0,
2026-06-25T02:02:46.887,2424849,6,0.0018,0.004133333,0.01,50,5000,110,0,0,0,0,0,0,0,0.05,1414,0,80.93,-,Belum ditandai,unset,0.3,1,0,
2026-06-25T02:02:47.389,2425374,4,0.0016,0.0038,0.01,50,5000,110,0,0,0,0,0,0,0,0.05,1414,0,80.93,-,Belum ditandai,unset,0.3,1,0,
2026-06-25T02:02:47.888,2425863,5,0.001733333,0.003866667,0.01,50,5000,110,0,0,0,0,0,0,0,0.05,1415,0,80.93,-,Belum ditandai,unset,0.3,1,0,
2026-06-25T02:02:48.450,2426388,3,0.002066667,0.0038,0.01,50,5000,110,0,0,0,0,0,0,0,0.05,1415,0,80.93,-,Belum ditandai,unset,0.3,1,0,
2026-06-25T02:02:49.011,2426982,3,0.002333333,0.0042,0.01,50,5000,110,0,0,0,0,0,0,0,0.05,1416,0,80.93,-,Belum ditandai,unset,0.3,1,0,
2026-06-25T02:02:49.514,2427507,0,0.0024,0.004066667,0.01,50,5000,110,0,0,0,0,0,0,0,0.05,1416,0,80.93,-,Belum ditandai,unset,0.3,1,0,
2026-06-25T02:02:50.019,2427996,0,0.002133333,0.003866667,0.01,50,5000,110,0,0,0,0,0,0,0,0.05,1417,0,80.93,-,Belum ditandai,unset,0.3,1,0,
2026-06-25T02:02:50.521,2428521,0,0.0018,0.003933333,0.01,50,5000,110,0,0,0,0,0,0,0,0.05,1417,0,80.93,-,Belum ditandai,unset,0.3,1,0,
2026-06-25T02:02:51.019,2429010,7,0.0026,0.0042,0.01,50,5000,110,0,0,0,0,0,0,0,0.05,1418,0,80.93,-,Belum ditandai,unset,0.3,1,0,
2026-06-25T02:02:51.580,2429535,2,0.0028,0.004333333,0.01,50,5000,110,0,0,0,0,0,0,0,0.05,1418,0,80.93,-,Belum ditandai,unset,0.3,1,0,
2026-06-25T02:02:52.142,2430129,4,0.0028,0.004066667,0.01,50,5000,110,0,0,0,0,0,0,0,0.05,1419,0,80.93,-,Belum ditandai,unset,0.3,1,0,
2026-06-25T02:02:52.832,2430828,0,0.002533333,0.0038,0.01,50,5000,110,0,0,0,0,0,0,0,0.05,1420,0,80.93,-,Belum ditandai,unset,0.3,1,0,
2026-06-25T02:02:53.394,2431353,3,0.0018,0.003733333,0.01,50,5000,110,0,0,0,0,0,0,0,0.05,1420,0,80.93,-,Belum ditandai,unset,0.3,1,0,
2026-06-25T02:02:53.959,2431947,4,0.002133333,0.0038,0.01,50,5000,110,0,0,0,0,0,0,0,0.05,1421,0,80.93,-,Belum ditandai,unset,0.3,1,0,
2026-06-25T02:02:54.457,2432472,0,0.001933333,0.005,0.01,50,5000,110,0,0,0,0,0,0,0,0.05,1421,0,80.93,-,Belum ditandai,unset,0.3,1,0,
2026-06-25T02:02:54.956,2432961,1,0.002333333,0.005133333,0.01,50,5000,110,0,0,0,0,0,0,0,0.05,1422,0,80.93,-,Belum ditandai,unset,0.3,1,0,
2026-06-25T02:02:55.519,2433486,0,0.0028,0.004733333,0.01,50,5000,110,0,0,0,0,0,0,0,0.05,1422,0,80.93,-,Belum ditandai,unset,0.3,1,0,
2026-06-25T02:02:56.084,2434080,1,0.0022,0.003666667,0.01,50,5000,110,0,0,0,0,0,0,0,0.05,1423,0,80.93,-,Belum ditandai,unset,0.3,1,0,
2026-06-25T02:02:56.580,2434605,4,0.001733333,0.003333333,0.01,50,5000,110,0,0,0,0,0,0,0,0.05,1423,0,80.93,-,Belum ditandai,unset,0.3,1,0,
2026-06-25T02:02:57.081,2435094,1,0.001733333,0.0032,0.01,50,5000,110,0,0,0,0,0,0,0,0.05,1424,0,80.93,-,Belum ditandai,unset,0.3,1,0,
2026-06-25T02:02:57.643,2435619,0,0.001733333,0.003133333,0.01,50,5000,110,0,0,0,0,0,0,0,0.05,1424,0,80.93,-,Belum ditandai,unset,0.3,1,0,
2026-06-25T02:02:58.209,2436213,2,0.002333333,0.003066667,0.01,50,5000,110,0,0,0,0,0,0,0,0.05,1425,0,80.93,-,Belum ditandai,unset,0.3,1,0,
2026-06-25T02:02:58.901,2436912,1,0.001866667,0.003066667,0.01,50,5000,110,0,0,0,0,0,0,0,0.05,1426,0,80.93,-,Belum ditandai,unset,0.3,1,0,
2026-06-25T02:02:59.405,2437437,7,0.001666667,0.002866667,0.01,50,5000,110,0,0,0,0,0,0,0,0.05,1426,0,80.93,-,Belum ditandai,unset,0.3,1,0,
2026-06-25T02:02:59.909,2437926,1,0.001466667,0.002733333,0.01,50,5000,110,0,0,0,0,0,0,0,0.05,1427,0,80.93,-,Belum ditandai,unset,0.3,1,0,
2026-06-25T02:03:00.472,2438451,0,0.002466667,0.004066667,0.01,50,5000,110,0,0,0,0,0,0,0,0.05,1427,0,80.93,-,Belum ditandai,unset,0.3,1,0,
2026-06-25T02:03:01.035,2439045,7,0.003,0.004666667,0.01,50,5000,110,0,0,0,0,0,0,0,0.05,1428,0,80.93,-,Belum ditandai,unset,0.3,1,0,
2026-06-25T02:03:01.534,2439570,3,0.003533333,0.005,0.01,50,5000,110,0,0,0,0,0,0,0,0.05,1428,0,80.93,-,Belum ditandai,unset,0.3,1,0,
2026-06-25T02:03:02.036,2440059,4,0.003133333,0.004466667,0.01,50,5000,110,0,0,0,0,0,0,0,0.05,1429,0,80.93,-,Belum ditandai,unset,0.3,1,0,
2026-06-25T02:03:02.597,2440584,5,0.003466667,0.004733333,0.01,50,5000,110,0,0,0,0,0,0,0,0.05,1429,0,80.93,-,Belum ditandai,unset,0.3,1,0,
2026-06-25T02:03:03.164,2441178,0,0.003,0.004466667,0.01,50,5000,110,0,0,0,0,0,0,0,0.05,1430,0,80.93,-,Belum ditandai,unset,0.3,1,0,
2026-06-25T02:03:03.665,2441703,2,0.002866667,0.004533333,0.01,50,5000,110,0,0,0,0,0,0,0,0.05,1430,0,80.93,-,Belum ditandai,unset,0.3,1,0,
2026-06-25T02:03:04.168,2442192,5,0.006866667,0.0056,0.01,50,5000,110,0,0,0,0,0,0,0,0.05,1431,0,80.93,-,Belum ditandai,unset,0.3,1,0,
2026-06-25T02:03:04.671,2442717,3,0.006666667,0.005333333,0.01,50,5000,110,0,0,0,0,0,0,0,0.05,1431,0,80.93,-,Belum ditandai,unset,0.3,1,0,
2026-06-25T02:03:05.177,2443206,0,0.006733333,0.005466667,0.01,50,5000,110,0,0,0,0,0,0,0,0.05,1432,0,80.93,-,Belum ditandai,unset,0.3,1,0,
2026-06-25T02:03:05.681,2443731,0,0.0066,0.0052,0.01,50,5000,110,0,0,0,0,0,0,0,0.05,1432,0,80.93,-,Belum ditandai,unset,0.3,1,0,
2026-06-25T02:03:06.182,2444220,8,0.001933333,0.004,0.01,50,5000,110,0,0,0,0,0,0,0,0.05,1433,0,80.93,-,Belum ditandai,unset,0.3,1,0,
2026-06-25T02:03:06.744,2444745,3,0.0024,0.0034,0.01,50,5000,110,0,0,0,0,0,0,0,0.05,1433,0,80.93,-,Belum ditandai,unset,0.3,1,0,
2026-06-25T02:03:07.308,2445339,5,0.002933333,0.0036,0.01,50,5000,110,0,0,0,0,0,0,0,0.05,1434,0,80.93,-,Belum ditandai,unset,0.3,1,0,
2026-06-25T02:03:07.994,2446038,0,0.003066667,0.0034,0.01,50,5000,110,0,0,0,0,0,0,0,0.05,1435,0,80.93,-,Belum ditandai,unset,0.3,1,0,
2026-06-25T02:03:08.554,2446563,1,0.0022,0.004,0.01,50,5000,110,0,0,0,0,0,0,0,0.05,1435,0,80.93,-,Belum ditandai,unset,0.3,1,0,
2026-06-25T02:03:09.116,2447157,1,0.001866667,0.003866667,0.01,50,5000,110,0,0,0,0,0,0,0,0.05,1436,0,80.93,-,Belum ditandai,unset,0.3,1,0,
2026-06-25T02:03:09.618,2447682,0,0.001533333,0.0044,0.01,50,5000,110,0,0,0,0,0,0,0,0.05,1436,0,80.93,-,Belum ditandai,unset,0.3,1,0,
2026-06-25T02:03:10.121,2448171,3,0.001666667,0.0046,0.01,50,5000,110,0,0,0,0,0,0,0,0.05,1437,0,80.93,-,Belum ditandai,unset,0.3,1,0,
2026-06-25T02:03:10.622,2448696,8,0.003866667,0.004266667,0.01,50,5000,110,0,0,0,0,0,0,0,0.05,1437,0,80.93,-,Belum ditandai,unset,0.3,1,0,
2026-06-25T02:03:11.124,2449185,1,0.004,0.004133333,0.01,50,5000,110,0,0,0,0,0,0,0,0.05,1438,0,80.93,-,Belum ditandai,unset,0.3,1,0,
2026-06-25T02:03:11.689,2449710,1,0.004066667,0.003733333,0.01,50,5000,110,0,0,0,0,0,0,0,0.05,1438,0,80.93,-,Belum ditandai,unset,0.3,1,0,
2026-06-25T02:03:12.253,2450304,4,0.004266667,0.003666667,0.01,50,5000,110,0,0,0,0,0,0,0,0.05,1439,0,80.93,-,Belum ditandai,unset,0.3,1,0,
2026-06-25T02:03:12.757,2450829,3,0.002533333,0.003666667,0.01,50,5000,110,0,0,0,0,0,0,0,0.05,1439,0,80.93,-,Belum ditandai,unset,0.3,1,0,
2026-06-25T02:03:13.260,2451318,0,0.0026,0.0036,0.01,50,5000,110,0,0,0,0,0,0,0,0.05,1440,0,80.93,-,Belum ditandai,unset,0.3,1,0,
2026-06-25T02:03:13.762,2451843,2,0.0022,0.003666667,0.01,50,5000,110,0,0,0,0,0,0,0,0.05,1440,0,80.93,-,Belum ditandai,unset,0.3,1,0,
2026-06-25T02:03:14.261,2452332,4,0.0018,0.003466667,0.01,50,5000,110,0,0,0,0,0,0,0,0.05,1441,0,80.93,-,Belum ditandai,unset,0.3,1,0,
2026-06-25T02:03:14.824,2452857,2,0.002733333,0.003266667,0.01,50,5000,110,0,0,0,0,0,0,0,0.05,1441,0,80.93,-,Belum ditandai,unset,0.3,1,0,
2026-06-25T02:03:15.389,2453451,1,0.002733333,0.0038,0.01,50,5000,110,0,0,0,0,0,0,0,0.05,1442,0,80.93,-,Belum ditandai,unset,0.3,1,0,
2026-06-25T02:03:16.081,2454150,5,0.0032,0.004733333,0.01,50,5000,110,0,0,0,0,0,0,0,0.05,1443,0,80.93,-,Belum ditandai,unset,0.3,1,0,
2026-06-25T02:03:16.582,2454675,3,0.002266667,0.004533333,0.01,50,5000,110,0,0,0,0,0,0,0,0.05,1443,0,80.93,-,Belum ditandai,unset,0.3,1,0,
2026-06-25T02:03:17.082,2455164,3,0.0024,0.0046,0.01,50,5000,110,0,0,0,0,0,0,0,0.05,1444,0,80.93,-,Belum ditandai,unset,0.3,1,0,
2026-06-25T02:03:17.586,2455689,0,0.002533333,0.003866667,0.01,50,5000,110,0,0,0,0,0,0,0,0.05,1444,0,80.93,-,Belum ditandai,unset,0.3,1,0,
2026-06-25T02:03:18.086,2456178,5,0.002266667,0.003933333,0.01,50,5000,110,0,0,0,0,0,0,0,0.05,1445,0,80.93,-,Belum ditandai,unset,0.3,1,0,
2026-06-25T02:03:18.647,2456703,34,0.0032,0.0042,0.01,50,5000,110,0,0,0,0,0,0,0,0.05,1445,0,80.93,-,Belum ditandai,unset,0.3,1,0,
2026-06-25T02:03:19.213,2457297,6,0.004066667,0.0048,0.01,50,5000,110,0,0,0,0,0,0,0,0.05,1446,0,80.93,-,Belum ditandai,unset,0.3,1,0,
2026-06-25T02:03:19.838,2457927,0,0.003733333,0.004266667,0.01,50,5000,110,0,0,0,0,0,0,0,0.05,1446,0,80.93,-,Belum ditandai,unset,0.3,1,0,
2026-06-25T02:03:20.341,2458416,0,0.0036,0.004266667,0.01,50,5000,110,0,0,0,0,0,0,0,0.05,1447,0,80.93,-,Belum ditandai,unset,0.3,1,0,
2026-06-25T02:03:20.844,2458941,0,0.0018,0.003533333,0.01,50,5000,110,0,0,0,0,0,0,0,0.05,1447,0,80.93,-,Belum ditandai,unset,0.3,1,0,
2026-06-25T02:03:21.346,2459430,6,0.001866667,0.003866667,0.01,50,5000,110,0,0,0,0,0,0,0,0.05,1448,0,80.93,-,Belum ditandai,unset,0.3,1,0,
2026-06-25T02:03:21.844,2459955,0,0.001933333,0.0042,0.01,50,5000,110,0,0,0,0,0,0,0,0.05,1448,0,80.93,-,Belum ditandai,unset,0.3,1,0,
2026-06-25T02:03:22.349,2460444,4,0.002,0.003866667,0.01,50,5000,110,0,0,0,0,0,0,0,0.05,1449,0,80.93,-,Belum ditandai,unset,0.3,1,0,
2026-06-25T02:03:22.848,2460969,0,0.002,0.004266667,0.01,50,5000,110,0,0,0,0,0,0,0,0.05,1449,0,80.93,-,Belum ditandai,unset,0.3,1,0,
2026-06-25T02:03:23.348,2461458,0,0.001866667,0.003733333,0.01,50,5000,110,0,0,0,0,0,0,0,0.05,1450,0,80.93,-,Belum ditandai,unset,0.3,1,0,
2026-06-25T02:03:23.911,2461983,5,0.002066667,0.003533333,0.01,50,5000,110,0,0,0,0,0,0,0,0.05,1450,0,80.93,-,Belum ditandai,unset,0.3,1,0,
2026-06-25T02:03:24.473,2462577,0,0.001666667,0.0032,0.01,50,5000,110,0,0,0,0,0,0,0,0.05,1451,0,80.93,-,Belum ditandai,unset,0.3,1,0,
2026-06-25T02:03:25.160,2463276,3,0.0028,0.0034,0.01,50,5000,110,0,0,0,0,0,0,0,0.05,1452,0,80.93,-,Belum ditandai,unset,0.3,1,0,
2026-06-25T02:03:25.723,2463801,3,0.0028,0.003933333,0.01,50,5000,110,0,0,0,0,0,0,0,0.05,1452,0,80.93,-,Belum ditandai,unset,0.3,1,0,
2026-06-25T02:03:26.288,2464395,7,0.003333333,0.004266667,0.01,50,5000,110,0,0,0,0,0,0,0,0.05,1453,0,80.93,-,Belum ditandai,unset,0.3,1,0,
2026-06-25T02:03:26.786,2464920,7,0.002333333,0.003866667,0.01,50,5000,110,0,0,0,0,0,0,0,0.05,1453,0,80.93,-,Belum ditandai,unset,0.3,1,0,
2026-06-25T02:03:27.318,2465409,0,0.002533333,0.003666667,0.01,50,5000,110,0,0,0,0,0,0,0,0.05,1454,0,80.93,-,Belum ditandai,unset,0.3,1,0,
2026-06-25T02:03:27.915,2466039,0,0.002066667,0.0032,0.01,50,5000,110,0,0,0,0,0,0,0,0.05,1454,0,80.93,-,Belum ditandai,unset,0.3,1,0,
2026-06-25T02:03:28.493,2466633,8,0.002133333,0.003266667,0.01,50,5000,110,0,0,0,0,0,0,0,0.05,1455,0,80.93,-,Belum ditandai,unset,0.3,1,0,
2026-06-25T02:03:29.227,2467332,0,0.001666667,0.0032,0.01,50,5000,110,0,0,0,0,0,0,0,0.05,1456,0,80.93,-,Belum ditandai,unset,0.3,1,0,
2026-06-25T02:03:29.725,2467857,0,0.002133333,0.0042,0.01,50,5000,110,0,0,0,0,0,0,0,0.05,1456,0,80.93,-,Belum ditandai,unset,0.3,1,0,
2026-06-25T02:03:30.334,2468451,2,0.003,0.0046,0.01,50,5000,110,0,0,0,0,0,0,0,0.05,1457,0,80.93,-,Belum ditandai,unset,0.3,1,0,
2026-06-25T02:03:30.835,2468976,7,0.002666667,0.004466667,0.01,50,5000,110,0,0,0,0,0,0,0,0.05,1457,0,80.93,-,Belum ditandai,unset,0.3,1,0,
2026-06-25T02:03:31.426,2469570,2,0.002266667,0.003933333,0.01,50,5000,110,0,0,0,0,0,0,0,0.05,1458,0,80.93,-,Belum ditandai,unset,0.3,1,0,
2026-06-25T02:03:31.974,2470095,8,0.003266667,0.003466667,0.01,50,5000,110,0,0,0,0,0,0,0,0.05,1458,0,80.93,-,Belum ditandai,unset,0.3,1,0,
2026-06-25T02:03:32.585,2470689,1,0.0034,0.003933333,0.01,50,5000,110,0,0,0,0,0,0,0,0.05,1459,0,80.93,-,Belum ditandai,unset,0.3,1,0,
2026-06-25T02:03:33.253,2471388,2,0.003533333,0.004066667,0.01,50,5000,110,0,0,0,0,0,0,0,0.05,1460,0,80.93,-,Belum ditandai,unset,0.3,1,0,
2026-06-25T02:03:33.753,2471913,7,0.002266667,0.003733333,0.01,50,5000,110,0,0,0,0,0,0,0,0.05,1460,0,80.93,-,Belum ditandai,unset,0.3,1,0,
2026-06-25T02:03:34.364,2472507,2,0.001933333,0.003533333,0.01,50,5000,110,0,0,0,0,0,0,0,0.05,1461,0,80.93,-,Belum ditandai,unset,0.3,1,0,
2026-06-25T02:03:34.863,2473032,4,0.002066667,0.0034,0.01,50,5000,110,0,0,0,0,0,0,0,0.05,1461,0,80.93,-,Belum ditandai,unset,0.3,1,0,
2026-06-25T02:03:35.477,2473626,0,0.0028,0.003666667,0.01,50,5000,110,0,0,0,0,0,0,0,0.05,1462,0,80.93,-,Belum ditandai,unset,0.3,1,0,
2026-06-25T02:03:35.977,2474151,0,0.002333333,0.003466667,0.01,50,5000,110,0,0,0,0,0,0,0,0.05,1462,0,80.93,-,Belum ditandai,unset,0.3,1,0,
2026-06-25T02:03:36.525,2474640,4,0.0022,0.003333333,0.01,50,5000,110,0,0,0,0,0,0,0,0.05,1463,0,80.93,-,Belum ditandai,unset,0.3,1,0,
2026-06-25T02:03:37.029,2475165,1,0.002266667,0.003866667,0.01,50,5000,110,0,0,0,0,0,0,0,0.05,1463,0,80.93,-,Belum ditandai,unset,0.3,1,0,
2026-06-25T02:03:37.530,2475654,0,0.002666667,0.004,0.01,50,5000,110,0,0,0,0,0,0,0,0.05,1464,0,80.93,-,Belum ditandai,unset,0.3,1,0,
2026-06-25T02:03:38.329,2476458,3,0.003066667,0.0044,0.01,50,5000,110,0,0,0,0,0,0,0,0.05,1465,0,80.93,-,Belum ditandai,unset,0.3,1,0,
2026-06-25T02:03:38.829,2476983,0,0.0026,0.004066667,0.01,50,5000,110,0,0,0,0,0,0,0,0.05,1465,0,80.93,-,Belum ditandai,unset,0.3,1,0,
2026-06-25T02:03:39.334,2477472,4,0.002466667,0.003866667,0.01,50,5000,110,0,0,0,0,0,0,0,0.05,1466,0,80.93,-,Belum ditandai,unset,0.3,1,0,
2026-06-25T02:03:39.836,2477997,6,0.0028,0.003666667,0.01,50,5000,110,0,0,0,0,0,0,0,0.05,1466,0,80.93,-,Belum ditandai,unset,0.3,1,0,
2026-06-25T02:03:40.337,2478486,0,0.002266667,0.0038,0.01,50,5000,110,0,0,0,0,0,0,0,0.05,1467,0,80.93,-,Belum ditandai,unset,0.3,1,0,
2026-06-25T02:03:40.837,2479011,0,0.001933333,0.003533333,0.01,50,5000,110,0,0,0,0,0,0,0,0.05,1467,0,80.93,-,Belum ditandai,unset,0.3,1,0,
2026-06-25T02:03:41.338,2479500,10,0.002266667,0.003733333,0.01,50,5000,110,0,0,0,0,0,0,0,0.05,1468,0,80.93,-,Belum ditandai,unset,0.3,1,0,
2026-06-25T02:03:41.960,2480130,1,0.002,0.0036,0.01,50,5000,110,0,0,0,0,0,0,0,0.05,1468,0,80.93,-,Belum ditandai,unset,0.3,1,0,
2026-06-25T02:03:42.457,2480619,9,0.002333333,0.003866667,0.01,50,5000,110,0,0,0,0,0,0,0,0.05,1469,0,80.93,-,Belum ditandai,unset,0.3,1,0,
2026-06-25T02:03:42.960,2481144,2,0.001733333,0.0038,0.01,50,5000,110,0,0,0,0,0,0,0,0.05,1469,0,80.93,-,Belum ditandai,unset,0.3,1,0,
2026-06-25T02:03:43.457,2481633,1,0.001466667,0.003466667,0.01,50,5000,110,0,0,0,0,0,0,0,0.05,1470,0,80.93,-,Belum ditandai,unset,0.3,1,0,
2026-06-25T02:03:43.955,2482158,5,0.002066667,0.003333333,0.01,50,5000,110,0,0,0,0,0,0,0,0.05,1470,0,80.93,-,Belum ditandai,unset,0.3,1,0,
2026-06-25T02:03:44.453,2482647,4,0.002266667,0.003333333,0.01,50,5000,110,0,0,0,0,0,0,0,0.05,1471,0,80.93,-,Belum ditandai,unset,0.3,1,0,
2026-06-25T02:03:45.013,2483172,2,0.0028,0.003533333,0.01,50,5000,110,0,0,0,0,0,0,0,0.05,1471,0,80.93,-,Belum ditandai,unset,0.3,1,0,
2026-06-25T02:03:45.578,2483766,1,0.003,0.0036,0.01,50,5000,110,0,0,0,0,0,0,0,0.05,1472,0,80.93,-,Belum ditandai,unset,0.3,1,0,
2026-06-25T02:03:46.077,2484291,1,0.002466667,0.003866667,0.01,50,5000,110,0,0,0,0,0,0,0,0.05,1472,0,80.93,-,Belum ditandai,unset,0.3,1,0,
2026-06-25T02:03:46.577,2484780,3,0.0018,0.0038,0.01,50,5000,110,0,0,0,0,0,0,0,0.05,1473,0,80.93,-,Belum ditandai,unset,0.3,1,0,
2026-06-25T02:03:47.139,2485305,3,0.001733333,0.004066667,0.01,50,5000,110,0,0,0,0,0,0,0,0.05,1473,0,80.93,-,Belum ditandai,unset,0.3,1,0,
2026-06-25T02:03:47.703,2485899,1,0.001733333,0.0038,0.01,50,5000,110,0,0,0,0,0,0,0,0.05,1474,0,80.93,-,Belum ditandai,unset,0.3,1,0,
2026-06-25T02:03:48.390,2486598,0,0.0016,0.002866667,0.01,50,5000,110,0,0,0,0,0,0,0,0.05,1475,0,80.93,-,Belum ditandai,unset,0.3,1,0,
2026-06-25T02:03:48.958,2487123,1,0.001666667,0.0034,0.01,50,5000,110,0,0,0,0,0,0,0,0.05,1475,0,80.93,-,Belum ditandai,unset,0.3,1,0,
2026-06-25T02:03:49.519,2487717,3,0.001933333,0.0034,0.01,50,5000,110,0,0,0,0,0,0,0,0.05,1476,0,80.93,-,Belum ditandai,unset,0.3,1,0,
2026-06-25T02:03:50.018,2488242,0,0.001866667,0.003733333,0.01,50,5000,110,0,0,0,0,0,0,0,0.05,1476,0,80.93,-,Belum ditandai,unset,0.3,1,0,
2026-06-25T02:03:50.518,2488731,0,0.001733333,0.0036,0.01,50,5000,110,0,0,0,0,0,0,0,0.05,1477,0,80.93,-,Belum ditandai,unset,0.3,1,0,
2026-06-25T02:03:51.075,2489256,7,0.002066667,0.0036,0.01,50,5000,110,0,0,0,0,0,0,0,0.05,1477,0,80.93,-,Belum ditandai,unset,0.3,1,0,
2026-06-25T02:03:51.638,2489850,0,0.001933333,0.003533333,0.01,50,5000,110,0,0,0,0,0,0,0,0.05,1478,0,80.93,-,Belum ditandai,unset,0.3,1,0,
2026-06-25T02:03:52.139,2490375,0,0.002066667,0.0036,0.01,50,5000,110,0,0,0,0,0,0,0,0.05,1478,0,80.93,-,Belum ditandai,unset,0.3,1,0,
2026-06-25T02:03:52.639,2490864,3,0.001666667,0.003666667,0.01,50,5000,110,0,0,0,0,0,0,0,0.05,1479,0,80.93,-,Belum ditandai,unset,0.3,1,0,
2026-06-25T02:03:53.200,2491389,7,0.0016,0.0034,0.01,50,5000,110,0,0,0,0,0,0,0,0.05,1479,0,80.93,-,Belum ditandai,unset,0.3,1,0,
2026-06-25T02:03:53.762,2491983,0,0.001733333,0.0038,0.01,50,5000,110,0,0,0,0,0,0,0,0.05,1480,0,80.93,-,Belum ditandai,unset,0.3,1,0,
2026-06-25T02:03:54.449,2492682,0,0.003733333,0.004133333,0.01,50,5000,110,0,0,0,0,0,0,0,0.05,1481,0,80.93,-,Belum ditandai,unset,0.3,1,0,
2026-06-25T02:03:55.013,2493207,4,0.003733333,0.004333333,0.01,50,5000,110,0,0,0,0,0,0,0,0.05,1481,0,80.93,-,Belum ditandai,unset,0.3,1,0,
2026-06-25T02:03:55.573,2493801,0,0.003333333,0.0042,0.01,50,5000,110,0,0,0,0,0,0,0,0.05,1482,0,80.93,-,Belum ditandai,unset,0.3,1,0,
2026-06-25T02:03:56.134,2494326,0,0.001333333,0.003533333,0.01,50,5000,110,0,0,0,0,0,0,0,0.05,1482,0,80.93,-,Belum ditandai,unset,0.3,1,0,
2026-06-25T02:03:56.697,2494920,3,0.001733333,0.003933333,0.01,50,5000,110,0,0,0,0,0,0,0,0.05,1483,0,80.93,-,Belum ditandai,unset,0.3,1,0,
2026-06-25T02:03:57.199,2495445,2,0.001933333,0.0044,0.01,50,5000,110,0,0,0,0,0,0,0,0.05,1483,0,80.93,-,Belum ditandai,unset,0.3,1,0,
2026-06-25T02:03:57.699,2495934,2,0.002266667,0.004466667,0.01,50,5000,110,0,0,0,0,0,0,0,0.05,1484,0,80.93,-,Belum ditandai,unset,0.3,1,0,
2026-06-25T02:03:58.200,2496459,1,0.002333333,0.0046,0.01,50,5000,110,0,0,0,0,0,0,0,0.05,1484,0,80.93,-,Belum ditandai,unset,0.3,1,0,
2026-06-25T02:03:58.701,2496948,2,0.002,0.003866667,0.01,50,5000,110,0,0,0,0,0,0,0,0.05,1485,0,80.93,-,Belum ditandai,unset,0.3,1,0,
2026-06-25T02:03:59.263,2497473,4,0.002,0.003666667,0.01,50,5000,110,0,0,0,0,0,0,0,0.05,1485,0,80.93,-,Belum ditandai,unset,0.3,1,0,
2026-06-25T02:03:59.824,2498067,0,0.001533333,0.003533333,0.01,50,5000,110,0,0,0,0,0,0,0,0.05,1486,0,80.93,-,Belum ditandai,unset,0.3,1,0,
2026-06-25T02:04:00.509,2498766,1,0.0016,0.003533333,0.01,50,5000,110,0,0,0,0,0,0,0,0.05,1487,0,80.93,-,Belum ditandai,unset,0.3,1,0,
2026-06-25T02:04:01.072,2499291,0,0.0014,0.0034,0.01,50,5000,110,0,0,0,0,0,0,0,0.05,1487,0,80.93,-,Belum ditandai,unset,0.3,1,0,
2026-06-25T02:04:01.633,2499885,0,0.0016,0.0036,0.01,50,5000,110,0,0,0,0,0,0,0,0.05,1488,0,80.93,-,Belum ditandai,unset,0.3,1,0,
2026-06-25T02:04:02.196,2500410,0,0.0014,0.003533333,0.01,50,5000,110,0,0,0,0,0,0,0,0.05,1488,0,80.93,-,Belum ditandai,unset,0.3,1,0,
2026-06-25T02:04:02.758,2501004,5,0.001933333,0.003933333,0.01,50,5000,110,0,0,0,0,0,0,0,0.05,1489,0,80.93,-,Belum ditandai,unset,0.3,1,0,
2026-06-25T02:04:03.256,2501529,2,0.002266667,0.0048,0.01,50,5000,110,0,0,0,0,0,0,0,0.05,1489,0,80.93,-,Belum ditandai,unset,0.3,1,0,
2026-06-25T02:04:03.751,2502018,1,0.004,0.004933333,0.01,50,5000,110,0,0,0,0,0,0,0,0.05,1490,0,80.93,-,Belum ditandai,unset,0.3,1,0,
2026-06-25T02:04:04.315,2502543,0,0.004133333,0.004733333,0.01,50,5000,110,0,0,0,0,0,0,0,0.05,1490,0,80.93,-,Belum ditandai,unset,0.3,1,0,
2026-06-25T02:04:04.876,2503137,2,0.003933333,0.003933333,0.01,50,5000,110,0,0,0,0,0,0,0,0.05,1491,0,80.93,-,Belum ditandai,unset,0.3,1,0,
2026-06-25T02:04:05.564,2503836,2,0.0026,0.0042,0.01,50,5000,110,0,0,0,0,0,0,0,0.05,1492,0,80.93,-,Belum ditandai,unset,0.3,1,0,
2026-06-25T02:04:06.124,2504361,7,0.002333333,0.004066667,0.01,50,5000,110,0,0,0,0,0,0,0,0.05,1492,0,80.93,-,Belum ditandai,unset,0.3,1,0,
2026-06-25T02:04:06.687,2504955,3,0.002,0.004066667,0.01,50,5000,110,0,0,0,0,0,0,0,0.05,1493,0,80.93,-,Belum ditandai,unset,0.3,1,0,
2026-06-25T02:04:07.187,2505480,3,0.0018,0.0034,0.01,50,5000,110,0,0,0,0,0,0,0,0.05,1493,0,80.93,-,Belum ditandai,unset,0.3,1,0,
2026-06-25T02:04:07.688,2505969,13,0.0024,0.003266667,0.01,50,5000,110,0,0,0,0,0,0,0,0.05,1494,0,80.93,-,Belum ditandai,unset,0.3,1,0,
2026-06-25T02:04:08.253,2506494,1,0.002866667,0.0036,0.01,50,5000,110,0,0,0,0,0,0,0,0.05,1494,0,80.93,-,Belum ditandai,unset,0.3,1,0,
2026-06-25T02:04:08.814,2507088,3,0.002866667,0.003866667,0.01,50,5000,110,0,0,0,0,0,0,0,0.05,1495,0,80.93,-,Belum ditandai,unset,0.3,1,0,
2026-06-25T02:04:09.317,2507613,4,0.0028,0.004333333,0.01,50,5000,110,0,0,0,0,0,0,0,0.05,1495,0,80.93,-,Belum ditandai,unset,0.3,1,0,
2026-06-25T02:04:09.819,2508102,0,0.002133333,0.0042,0.01,50,5000,110,0,0,0,0,0,0,0,0.05,1496,0,80.93,-,Belum ditandai,unset,0.3,1,0,
2026-06-25T02:04:10.322,2508627,0,0.001333333,0.003733333,0.01,50,5000,110,0,0,0,0,0,0,0,0.05,1496,0,80.93,-,Belum ditandai,unset,0.3,1,0,
2026-06-25T02:04:10.824,2509116,8,0.001533333,0.0036,0.01,50,5000,110,0,0,0,0,0,0,0,0.05,1497,0,80.93,-,Belum ditandai,unset,0.3,1,0,
2026-06-25T02:04:11.386,2509641,4,0.001466667,0.0036,0.01,50,5000,110,0,0,0,0,0,0,0,0.05,1497,0,80.93,-,Belum ditandai,unset,0.3,1,0,
2026-06-25T02:04:11.952,2510235,1,0.001733333,0.003733333,0.01,50,5000,110,0,0,0,0,0,0,0,0.05,1498,0,80.93,-,Belum ditandai,unset,0.3,1,0,
2026-06-25T02:04:12.645,2510934,1,0.0018,0.0034,0.01,50,5000,110,0,0,0,0,0,0,0,0.05,1499,0,80.93,-,Belum ditandai,unset,0.3,1,0,
2026-06-25T02:04:13.148,2511459,42,0.003733333,0.0034,0.01,50,5000,110,0,0,0,0,0,0,0,0.05,1499,0,80.93,-,Belum ditandai,unset,0.3,1,0,
2026-06-25T02:04:13.652,2511948,9,0.003866667,0.0038,0.01,50,5000,110,0,0,0,0,0,0,0,0.05,1500,0,80.93,-,Belum ditandai,unset,0.3,1,0,
2026-06-25T02:04:14.155,2512473,12,0.004533333,0.0038,0.01,50,5000,110,0,0,0,0,0,0,0,0.05,1500,0,80.93,-,Belum ditandai,unset,0.3,1,0,
2026-06-25T02:04:14.655,2512962,0,0.004666667,0.004,0.01,50,5000,110,0,0,0,0,0,0,0,0.05,1501,0,80.93,-,Belum ditandai,unset,0.3,1,0,
2026-06-25T02:04:15.221,2513487,2,0.003466667,0.004,0.01,50,5000,110,0,0,0,0,0,0,0,0.05,1501,0,80.93,-,Belum ditandai,unset,0.3,1,0,
2026-06-25T02:04:15.789,2514081,7,0.003533333,0.003466667,0.01,50,5000,110,0,0,0,0,0,0,0,0.05,1502,0,80.93,-,Belum ditandai,unset,0.3,1,0,
2026-06-25T02:04:16.291,2514606,1,0.003266667,0.003866667,0.01,50,5000,110,0,0,0,0,0,0,0,0.05,1502,0,80.93,-,Belum ditandai,unset,0.3,1,0,
2026-06-25T02:04:16.792,2515095,7,0.003266667,0.003866667,0.01,50,5000,110,0,0,0,0,0,0,0,0.05,1503,0,80.93,-,Belum ditandai,unset,0.3,1,0,
2026-06-25T02:04:17.339,2515620,5,0.0024,0.003466667,0.01,50,5000,110,0,0,0,0,0,0,0,0.05,1503,0,80.93,-,Belum ditandai,unset,0.3,1,0,
2026-06-25T02:04:17.904,2516214,8,0.002333333,0.003866667,0.01,50,5000,110,0,0,0,0,0,0,0,0.05,1504,0,80.93,-,Belum ditandai,unset,0.3,1,0,
2026-06-25T02:04:18.455,2516739,1,0.002733333,0.004066667,0.01,50,5000,110,0,0,0,0,0,0,0,0.05,1504,0,80.93,-,Belum ditandai,unset,0.3,1,0,
2026-06-25T02:04:19.001,2517333,6,0.002533333,0.004133333,0.01,50,5000,110,0,0,0,0,0,0,0,0.05,1505,0,80.93,-,Belum ditandai,unset,0.3,1,0,
2026-06-25T02:04:19.691,2518032,4,0.002133333,0.004066667,0.01,50,5000,110,0,0,0,0,0,0,0,0.05,1506,0,80.93,-,Belum ditandai,unset,0.3,1,0,
2026-06-25T02:04:20.223,2518557,2,0.002133333,0.003933333,0.01,50,5000,110,0,0,0,0,0,0,0,0.05,1506,0,80.93,-,Belum ditandai,unset,0.3,1,0,
2026-06-25T02:04:20.721,2519046,3,0.002333333,0.0042,0.01,50,5000,110,0,0,0,0,0,0,0,0.05,1507,0,80.93,-,Belum ditandai,unset,0.3,1,0,
2026-06-25T02:04:21.225,2519571,0,0.002533333,0.0038,0.01,50,5000,110,0,0,0,0,0,0,0,0.05,1507,0,80.93,-,Belum ditandai,unset,0.3,1,0,
2026-06-25T02:04:21.727,2520060,4,0.002733333,0.0038,0.01,50,5000,110,0,0,0,0,0,0,0,0.05,1508,0,80.93,-,Belum ditandai,unset,0.3,1,0,
2026-06-25T02:04:22.292,2520585,0,0.002266667,0.003333333,0.01,50,5000,110,0,0,0,0,0,0,0,0.05,1508,0,80.93,-,Belum ditandai,unset,0.3,1,0,
2026-06-25T02:04:22.851,2521179,2,0.0024,0.003066667,0.01,50,5000,110,0,0,0,0,0,0,0,0.05,1509,0,80.93,-,Belum ditandai,unset,0.3,1,0,
2026-06-25T02:04:23.353,2521704,3,0.0026,0.0032,0.01,50,5000,110,0,0,0,0,0,0,0,0.05,1509,0,80.93,-,Belum ditandai,unset,0.3,1,0,
2026-06-25T02:04:23.976,2522298,2,0.0022,0.003333333,0.01,50,5000,110,0,0,0,0,0,0,0,0.05,1510,0,80.93,-,Belum ditandai,unset,0.3,1,0,
2026-06-25T02:04:24.473,2522823,2,0.002,0.003466667,0.01,50,5000,110,0,0,0,0,0,0,0,0.05,1510,0,80.93,-,Belum ditandai,unset,0.3,1,0,
2026-06-25T02:04:24.974,2523312,3,0.0018,0.003466667,0.01,50,5000,110,0,0,0,0,0,0,0,0.05,1511,0,80.93,-,Belum ditandai,unset,0.3,1,0,
2026-06-25T02:04:25.472,2523837,11,0.0032,0.004,0.01,50,5000,110,0,0,0,0,0,0,0,0.05,1511,0,80.93,-,Belum ditandai,unset,0.3,1,0,
2026-06-25T02:04:25.970,2524326,0,0.003266667,0.004066667,0.01,50,5000,110,0,0,0,0,0,0,0,0.05,1512,0,80.93,-,Belum ditandai,unset,0.3,1,0,
2026-06-25T02:04:26.531,2524851,2,0.003333333,0.004,0.01,50,5000,110,0,0,0,0,0,0,0,0.05,1512,0,80.93,-,Belum ditandai,unset,0.3,1,0,
2026-06-25T02:04:27.094,2525445,5,0.0032,0.0038,0.01,50,5000,110,0,0,0,0,0,0,0,0.05,1513,0,80.93,-,Belum ditandai,unset,0.3,1,0,
2026-06-25T02:04:27.779,2526144,9,0.002466667,0.003333333,0.01,50,5000,110,0,0,0,0,0,0,0,0.05,1514,0,80.93,-,Belum ditandai,unset,0.3,1,0,
2026-06-25T02:04:28.342,2526669,1,0.002733333,0.0036,0.01,50,5000,110,0,0,0,0,0,0,0,0.05,1514,0,80.93,-,Belum ditandai,unset,0.3,1,0,
2026-06-25T02:04:28.909,2527263,2,0.003,0.0042,0.01,50,5000,110,0,0,0,0,0,0,0,0.05,1515,0,80.93,-,Belum ditandai,unset,0.3,1,0,
2026-06-25T02:04:29.412,2527788,5,0.003066667,0.004266667,0.01,50,5000,110,0,0,0,0,0,0,0,0.05,1515,0,80.93,-,Belum ditandai,unset,0.3,1,0,
2026-06-25T02:04:29.914,2528277,0,0.003733333,0.0048,0.01,50,5000,110,0,0,0,0,0,0,0,0.05,1516,0,80.93,-,Belum ditandai,unset,0.3,1,0,
2026-06-25T02:04:30.417,2528802,0,0.004133333,0.004333333,0.01,50,5000,110,0,0,0,0,0,0,0,0.05,1516,0,80.93,-,Belum ditandai,unset,0.3,1,0,
2026-06-25T02:04:30.917,2529291,2,0.0036,0.003866667,0.01,50,5000,110,0,0,0,0,0,0,0,0.05,1517,0,80.93,-,Belum ditandai,unset,0.3,1,0,
2026-06-25T02:04:31.478,2529816,2,0.003066667,0.0034,0.01,50,5000,110,0,0,0,0,0,0,0,0.05,1517,0,80.93,-,Belum ditandai,unset,0.3,1,0,
2026-06-25T02:04:32.044,2530410,5,0.002866667,0.003133333,0.01,50,5000,110,0,0,0,0,0,0,0,0.05,1518,0,80.93,-,Belum ditandai,unset,0.3,1,0,
2026-06-25T02:04:32.544,2530935,6,0.002133333,0.003266667,0.01,50,5000,110,0,0,0,0,0,0,0,0.05,1518,0,80.93,-,Belum ditandai,unset,0.3,1,0,
2026-06-25T02:04:33.045,2531424,7,0.002933333,0.003533333,0.01,50,5000,110,0,0,0,0,0,0,0,0.05,1519,0,80.93,-,Belum ditandai,unset,0.3,1,0,
2026-06-25T02:04:33.606,2531949,6,0.003933333,0.004333333,0.01,50,5000,110,0,0,0,0,0,0,0,0.05,1519,0,80.93,-,Belum ditandai,unset,0.3,1,0,
2026-06-25T02:04:34.154,2532543,2,0.003866667,0.004866667,0.01,50,5000,110,0,0,0,0,0,0,0,0.05,1520,0,80.93,-,Belum ditandai,unset,0.3,1,0,
2026-06-25T02:04:34.841,2533242,4,0.002933333,0.004866667,0.01,50,5000,110,0,0,0,0,0,0,0,0.05,1521,0,80.93,-,Belum ditandai,unset,0.3,1,0,
2026-06-25T02:04:35.405,2533767,2,0.0022,0.004066667,0.01,50,5000,110,0,0,0,0,0,0,0,0.05,1521,0,80.93,-,Belum ditandai,unset,0.3,1,0,
2026-06-25T02:04:35.905,2534256,5,0.0028,0.004066667,0.01,50,5000,110,0,0,0,0,0,0,0,0.05,1522,0,80.93,-,Belum ditandai,unset,0.3,1,0,
2026-06-25T02:04:36.511,2534886,4,0.002933333,0.0034,0.01,50,5000,110,0,0,0,0,0,0,0,0.05,1522,0,80.93,-,Belum ditandai,unset,0.3,1,0,
2026-06-25T02:04:37.107,2535480,8,0.003066667,0.0034,0.01,50,5000,110,0,0,0,0,0,0,0,0.05,1523,0,80.93,-,Belum ditandai,unset,0.3,1,0,
2026-06-25T02:04:37.607,2536005,0,0.001866667,0.0034,0.01,50,5000,110,0,0,0,0,0,0,0,0.05,1523,0,80.93,-,Belum ditandai,unset,0.3,1,0,
2026-06-25T02:04:38.106,2536494,0,0.001933333,0.003333333,0.01,50,5000,110,0,0,0,0,0,0,0,0.05,1524,0,80.93,-,Belum ditandai,unset,0.3,1,0,
2026-06-25T02:04:38.608,2537019,1,0.001733333,0.003266667,0.01,50,5000,110,0,0,0,0,0,0,0,0.05,1524,0,80.93,-,Belum ditandai,unset,0.3,1,0,
2026-06-25T02:04:39.204,2537613,23,0.0026,0.003333333,0.01,50,5000,110,0,0,0,0,0,0,0,0.05,1525,0,80.93,-,Belum ditandai,unset,0.3,1,0,
2026-06-25T02:04:39.894,2538312,0,0.0028,0.003466667,0.01,50,5000,110,0,0,0,0,0,0,0,0.05,1526,0,80.93,-,Belum ditandai,unset,0.3,1,0,
2026-06-25T02:04:40.460,2538837,1,0.002933333,0.003666667,0.01,50,5000,110,0,0,0,0,0,0,0,0.05,1526,0,80.93,-,Belum ditandai,unset,0.3,1,0,
2026-06-25T02:04:41.005,2539431,7,0.003266667,0.0036,0.01,50,5000,110,0,0,0,0,0,0,0,0.05,1527,0,80.93,-,Belum ditandai,unset,0.3,1,0,
2026-06-25T02:04:41.572,2539956,0,0.002133333,0.0034,0.01,50,5000,110,0,0,0,0,0,0,0,0.05,1527,0,80.93,-,Belum ditandai,unset,0.3,1,0,
2026-06-25T02:04:42.121,2540550,4,0.003466667,0.003866667,0.01,50,5000,110,0,0,0,0,0,0,0,0.05,1528,0,80.93,-,Belum ditandai,unset,0.3,1,0,
2026-06-25T02:04:42.668,2541075,2,0.003133333,0.003866667,0.01,50,5000,110,0,0,0,0,0,0,0,0.05,1528,0,80.93,-,Belum ditandai,unset,0.3,1,0,
2026-06-25T02:04:43.277,2541669,0,0.003133333,0.003866667,0.01,50,5000,110,0,0,0,0,0,0,0,0.05,1529,0,80.93,-,Belum ditandai,unset,0.3,1,0,
2026-06-25T02:04:43.968,2542368,3,0.002,0.0034,0.01,50,5000,110,0,0,0,0,0,0,0,0.05,1530,0,80.93,-,Belum ditandai,unset,0.3,1,0,
2026-06-25T02:04:44.516,2542893,3,0.002333333,0.003933333,0.01,50,5000,110,0,0,0,0,0,0,0,0.05,1530,0,80.93,-,Belum ditandai,unset,0.3,1,0,
2026-06-25T02:04:45.064,2543487,8,0.002066667,0.0036,0.01,50,5000,110,0,0,0,0,0,0,0,0.05,1531,0,80.93,-,Belum ditandai,unset,0.3,1,0,
2026-06-25T02:04:45.627,2544012,4,0.005,0.004133333,0.01,50,5000,110,0,0,0,0,0,0,0,0.05,1531,0,80.93,-,Belum ditandai,unset,0.3,1,0,
2026-06-25T02:04:46.189,2544606,1,0.004666667,0.003933333,0.01,50,5000,110,0,0,0,0,0,0,0,0.05,1532,0,80.93,-,Belum ditandai,unset,0.3,1,0,
2026-06-25T02:04:46.688,2545131,3,0.0044,0.003733333,0.01,50,5000,110,0,0,0,0,0,0,0,0.05,1532,0,80.93,-,Belum ditandai,unset,0.3,1,0,
2026-06-25T02:04:47.187,2545620,0,0.003733333,0.0038,0.01,50,5000,110,0,0,0,0,0,0,0,0.05,1533,0,80.93,-,Belum ditandai,unset,0.3,1,0,
2026-06-25T02:04:47.749,2546145,0,0.001133333,0.003466667,0.01,50,5000,110,0,0,0,0,0,0,0,0.05,1533,0,80.93,-,Belum ditandai,unset,0.3,1,0,
2026-06-25T02:04:48.312,2546739,4,0.001333333,0.003533333,0.01,50,5000,110,0,0,0,0,0,0,0,0.05,1534,0,80.93,-,Belum ditandai,unset,0.3,1,0,
2026-06-25T02:04:49.000,2547438,2,0.001533333,0.0038,0.01,50,5000,110,0,0,0,0,0,0,0,0.05,1535,0,80.93,-,Belum ditandai,unset,0.3,1,0,
2026-06-25T02:04:49.565,2547963,5,0.002133333,0.0036,0.01,50,5000,110,0,0,0,0,0,0,0,0.05,1535,0,80.93,-,Belum ditandai,unset,0.3,1,0,
2026-06-25T02:04:50.133,2548557,0,0.001866667,0.003866667,0.01,50,5000,110,0,0,0,0,0,0,0,0.05,1536,0,80.93,-,Belum ditandai,unset,0.3,1,0,
2026-06-25T02:04:50.632,2549082,6,0.002133333,0.0034,0.01,50,5000,110,0,0,0,0,0,0,0,0.05,1536,0,80.93,-,Belum ditandai,unset,0.3,1,0,
2026-06-25T02:04:51.133,2549571,12,0.002533333,0.003466667,0.01,50,5000,110,0,0,0,0,0,0,0,0.05,1537,0,80.93,-,Belum ditandai,unset,0.3,1,0,
2026-06-25T02:04:51.634,2550096,5,0.002533333,0.0034,0.01,50,5000,110,0,0,0,0,0,0,0,0.05,1537,0,80.93,-,Belum ditandai,unset,0.3,1,0,
2026-06-25T02:04:52.136,2550585,0,0.002733333,0.003733333,0.01,50,5000,110,0,0,0,0,0,0,0,0.05,1538,0,80.93,-,Belum ditandai,unset,0.3,1,0,
2026-06-25T02:04:52.699,2551110,2,0.002333333,0.0038,0.01,50,5000,110,0,0,0,0,0,0,0,0.05,1538,0,80.93,-,Belum ditandai,unset,0.3,1,0,
2026-06-25T02:04:53.259,2551704,0,0.0018,0.004066667,0.01,50,5000,110,0,0,0,0,0,0,0,0.05,1539,0,80.93,-,Belum ditandai,unset,0.3,1,0,
2026-06-25T02:04:53.763,2552229,0,0.001466667,0.005,0.01,50,5000,110,0,0,0,0,0,0,0,0.05,1539,0,80.93,-,Belum ditandai,unset,0.3,1,0,
2026-06-25T02:04:54.262,2552718,8,0.001466667,0.005,0.01,50,5000,110,0,0,0,0,0,0,0,0.05,1540,0,80.93,-,Belum ditandai,unset,0.3,1,0,
2026-06-25T02:04:54.826,2553243,4,0.001533333,0.005133333,0.01,50,5000,110,0,0,0,0,0,0,0,0.05,1540,0,80.93,-,Belum ditandai,unset,0.3,1,0,
2026-06-25T02:04:55.392,2553837,0,0.001533333,0.0058,0.01,50,5000,110,0,0,0,0,0,0,0,0.05,1541,0,80.93,-,Belum ditandai,unset,0.3,1,0,
2026-06-25T02:04:56.079,2554536,0,0.002066667,0.005133333,0.01,50,5000,110,0,0,0,0,0,0,0,0.05,1542,0,80.93,-,Belum ditandai,unset,0.3,1,0,
2026-06-25T02:04:56.581,2555061,1,0.001866667,0.0052,0.01,50,5000,110,0,0,0,0,0,0,0,0.05,1542,0,80.93,-,Belum ditandai,unset,0.3,1,0,
2026-06-25T02:04:57.084,2555550,4,0.002333333,0.0048,0.01,50,5000,110,0,0,0,0,0,0,0,0.05,1543,0,80.93,-,Belum ditandai,unset,0.3,1,0,
2026-06-25T02:04:57.647,2556075,3,0.002466667,0.003933333,0.01,50,5000,110,0,0,0,0,0,0,0,0.05,1543,0,80.93,-,Belum ditandai,unset,0.3,1,0,
2026-06-25T02:04:58.209,2556669,2,0.002466667,0.0036,0.01,50,5000,110,0,0,0,0,0,0,0,0.05,1544,0,80.93,-,Belum ditandai,unset,0.3,1,0,
2026-06-25T02:04:58.709,2557194,2,0.002533333,0.0036,0.01,50,5000,110,0,0,0,0,0,0,0,0.05,1544,0,80.93,-,Belum ditandai,unset,0.3,1,0,
2026-06-25T02:04:59.211,2557683,1,0.002266667,0.0034,0.01,50,5000,110,0,0,0,0,0,0,0,0.05,1545,0,80.93,-,Belum ditandai,unset,0.3,1,0,
2026-06-25T02:04:59.772,2558208,7,0.0028,0.003933333,0.01,50,5000,110,0,0,0,0,0,0,0,0.05,1545,0,80.93,-,Belum ditandai,unset,0.3,1,0,
2026-06-25T02:05:00.333,2558802,3,0.0022,0.003666667,0.01,50,5000,110,0,0,0,0,0,0,0,0.05,1546,0,80.93,-,Belum ditandai,unset,0.3,1,0,
2026-06-25T02:05:00.834,2559327,0,0.001866667,0.003333333,0.01,50,5000,110,0,0,0,0,0,0,0,0.05,1546,0,80.93,-,Belum ditandai,unset,0.3,1,0,
2026-06-25T02:05:01.333,2559816,0,0.001733333,0.002933333,0.01,50,5000,110,0,0,0,0,0,0,0,0.05,1547,0,80.93,-,Belum ditandai,unset,0.3,1,0,
2026-06-25T02:05:01.836,2560341,3,0.0016,0.003,0.01,50,5000,110,0,0,0,0,0,0,0,0.05,1547,0,80.93,-,Belum ditandai,unset,0.3,1,0,
2026-06-25T02:05:02.334,2560830,9,0.001933333,0.003066667,0.01,50,5000,110,0,0,0,0,0,0,0,0.05,1548,0,80.93,-,Belum ditandai,unset,0.3,1,0,
2026-06-25T02:05:02.895,2561355,1,0.0022,0.0036,0.01,50,5000,110,0,0,0,0,0,0,0,0.05,1548,0,80.93,-,Belum ditandai,unset,0.3,1,0,
2026-06-25T02:05:03.461,2561949,7,0.0024,0.003733333,0.01,50,5000,110,0,0,0,0,0,0,0,0.05,1549,0,80.93,-,Belum ditandai,unset,0.3,1,0,
2026-06-25T02:05:04.152,2562648,0,0.002466667,0.0034,0.01,50,5000,110,0,0,0,0,0,0,0,0.05,1550,0,80.93,-,Belum ditandai,unset,0.3,1,0,
2026-06-25T02:05:04.716,2563173,7,0.002666667,0.0032,0.01,50,5000,110,0,0,0,0,0,0,0,0.05,1550,0,80.93,-,Belum ditandai,unset,0.3,1,0,
2026-06-25T02:05:05.278,2563767,0,0.002666667,0.003333333,0.01,50,5000,110,0,0,0,0,0,0,0,0.05,1551,0,80.93,-,Belum ditandai,unset,0.3,1,0,
2026-06-25T02:05:05.782,2564292,1,0.0024,0.0038,0.01,50,5000,110,0,0,0,0,0,0,0,0.05,1551,0,80.93,-,Belum ditandai,unset,0.3,1,0,
2026-06-25T02:05:06.283,2564781,5,0.0026,0.004266667,0.01,50,5000,110,0,0,0,0,0,0,0,0.05,1552,0,80.93,-,Belum ditandai,unset,0.3,1,0,
2026-06-25T02:05:06.790,2565306,2,0.002266667,0.003866667,0.01,50,5000,110,0,0,0,0,0,0,0,0.05,1552,0,80.93,-,Belum ditandai,unset,0.3,1,0,
2026-06-25T02:05:07.294,2565795,1,0.002,0.003866667,0.01,50,5000,110,0,0,0,0,0,0,0,0.05,1553,0,80.93,-,Belum ditandai,unset,0.3,1,0,
2026-06-25T02:05:07.797,2566320,0,0.003733333,0.004,0.01,50,5000,110,0,0,0,0,0,0,0,0.05,1553,0,80.93,-,Belum ditandai,unset,0.3,1,0,
2026-06-25T02:05:08.300,2566809,3,0.003666667,0.003866667,0.01,50,5000,110,0,0,0,0,0,0,0,0.05,1554,0,80.93,-,Belum ditandai,unset,0.3,1,0,
2026-06-25T02:05:08.862,2567334,1,0.005133333,0.004466667,0.01,50,5000,110,0,0,0,0,0,0,0,0.05,1554,0,80.93,-,Belum ditandai,unset,0.3,1,0,
2026-06-25T02:05:09.426,2567928,2,0.003066667,0.003933333,0.01,50,5000,110,0,0,0,0,0,0,0,0.05,1555,0,80.93,-,Belum ditandai,unset,0.3,1,0,
2026-06-25T02:05:09.926,2568453,7,0.003666667,0.003933333,0.01,50,5000,110,0,0,0,0,0,0,0,0.05,1555,0,80.93,-,Belum ditandai,unset,0.3,1,0,
2026-06-25T02:05:10.432,2568942,4,0.004066667,0.0042,0.01,50,5000,110,0,0,0,0,0,0,0,0.05,1556,0,80.93,-,Belum ditandai,unset,0.3,1,0,
2026-06-25T02:05:10.930,2569467,2,0.002133333,0.003733333,0.01,50,5000,110,0,0,0,0,0,0,0,0.05,1556,0,80.93,-,Belum ditandai,unset,0.3,1,0,
2026-06-25T02:05:11.436,2569956,0,0.001733333,0.003533333,0.01,50,5000,110,0,0,0,0,0,0,0,0.05,1557,0,80.93,-,Belum ditandai,unset,0.3,1,0,
2026-06-25T02:05:11.938,2570481,0,0.001066667,0.0034,0.01,50,5000,110,0,0,0,0,0,0,0,0.05,1557,0,80.93,-,Belum ditandai,unset,0.3,1,0,
2026-06-25T02:05:12.438,2570970,4,0.001466667,0.0038,0.01,50,5000,110,0,0,0,0,0,0,0,0.05,1558,0,80.93,-,Belum ditandai,unset,0.3,1,0,
2026-06-25T02:05:13.001,2571495,0,0.001733333,0.0038,0.01,50,5000,110,0,0,0,0,0,0,0,0.05,1558,0,80.93,-,Belum ditandai,unset,0.3,1,0,
2026-06-25T02:05:13.561,2572089,10,0.002333333,0.003666667,0.01,50,5000,110,0,0,0,0,0,0,0,0.05,1559,0,80.93,-,Belum ditandai,unset,0.3,1,0,
2026-06-25T02:05:14.247,2572788,7,0.002666667,0.0034,0.01,50,5000,110,0,0,0,0,0,0,0,0.05,1560,0,80.93,-,Belum ditandai,unset,0.3,1,0,
2026-06-25T02:05:14.808,2573313,2,0.0024,0.003266667,0.01,50,5000,110,0,0,0,0,0,0,0,0.05,1560,0,80.93,-,Belum ditandai,unset,0.3,1,0,
2026-06-25T02:05:15.371,2573907,3,0.0024,0.0034,0.01,50,5000,110,0,0,0,0,0,0,0,0.05,1561,0,80.93,-,Belum ditandai,unset,0.3,1,0,
2026-06-25T02:05:15.871,2574432,2,0.002133333,0.003066667,0.01,50,5000,110,0,0,0,0,0,0,0,0.05,1561,0,80.93,-,Belum ditandai,unset,0.3,1,0,
2026-06-25T02:05:16.374,2574921,5,0.0022,0.003266667,0.01,50,5000,110,0,0,0,0,0,0,0,0.05,1562,0,80.93,-,Belum ditandai,unset,0.3,1,0,
2026-06-25T02:05:16.941,2575446,4,0.003266667,0.0034,0.01,50,5000,110,0,0,0,0,0,0,0,0.05,1562,0,80.93,-,Belum ditandai,unset,0.3,1,0,
2026-06-25T02:05:17.500,2576040,9,0.003933333,0.003733333,0.01,50,5000,110,0,0,0,0,0,0,0,0.05,1563,0,80.93,-,Belum ditandai,unset,0.3,1,0,
2026-06-25T02:05:18.000,2576565,0,0.004133333,0.004,0.01,50,5000,110,0,0,0,0,0,0,0,0.05,1563,0,80.93,-,Belum ditandai,unset,0.3,1,0,
2026-06-25T02:05:18.504,2577054,5,0.004133333,0.003666667,0.01,50,5000,110,0,0,0,0,0,0,0,0.05,1564,0,80.93,-,Belum ditandai,unset,0.3,1,0,
2026-06-25T02:05:19.007,2577579,2,0.0026,0.003133333,0.01,50,5000,110,0,0,0,0,0,0,0,0.05,1564,0,80.93,-,Belum ditandai,unset,0.3,1,0,
2026-06-25T02:05:19.509,2578068,2,0.002466667,0.002933333,0.01,50,5000,110,0,0,0,0,0,0,0,0.05,1565,0,80.93,-,Belum ditandai,unset,0.3,1,0,
2026-06-25T02:05:20.069,2578593,3,0.002266667,0.0026,0.01,50,5000,110,0,0,0,0,0,0,0,0.05,1565,0,80.93,-,Belum ditandai,unset,0.3,1,0,
2026-06-25T02:05:20.634,2579187,2,0.001666667,0.002466667,0.01,50,5000,110,0,0,0,0,0,0,0,0.05,1566,0,80.93,-,Belum ditandai,unset,0.3,1,0,
2026-06-25T02:05:21.323,2579886,3,0.002333333,0.0028,0.01,50,5000,110,0,0,0,0,0,0,0,0.05,1567,0,80.93,-,Belum ditandai,unset,0.3,1,0,
2026-06-25T02:05:21.887,2580411,3,0.0022,0.003,0.01,50,5000,110,0,0,0,0,0,0,0,0.05,1567,0,80.93,-,Belum ditandai,unset,0.3,1,0,
2026-06-25T02:05:22.453,2581005,0,0.0022,0.003066667,0.01,50,5000,110,0,0,0,0,0,0,0,0.05,1568,0,80.93,-,Belum ditandai,unset,0.3,1,0,
2026-06-25T02:05:22.955,2581530,7,0.001866667,0.003066667,0.01,50,5000,110,0,0,0,0,0,0,0,0.05,1568,0,80.93,-,Belum ditandai,unset,0.3,1,0,
2026-06-25T02:05:23.455,2582019,4,0.002133333,0.003066667,0.01,50,5000,110,0,0,0,0,0,0,0,0.05,1569,0,80.93,-,Belum ditandai,unset,0.3,1,0,
2026-06-25T02:05:23.954,2582544,5,0.0026,0.0036,0.01,50,5000,110,0,0,0,0,0,0,0,0.05,1569,0,80.93,-,Belum ditandai,unset,0.3,1,0,
2026-06-25T02:05:24.456,2583033,0,0.0028,0.003933333,0.01,50,5000,110,0,0,0,0,0,0,0,0.05,1570,0,80.93,-,Belum ditandai,unset,0.3,1,0,
2026-06-25T02:05:25.018,2583558,15,0.003066667,0.004066667,0.01,50,5000,110,0,0,0,0,0,0,0,0.05,1570,0,80.93,-,Belum ditandai,unset,0.3,1,0,
2026-06-25T02:05:25.582,2584152,0,0.0028,0.004133333,0.01,50,5000,110,0,0,0,0,0,0,0,0.05,1571,0,80.93,-,Belum ditandai,unset,0.3,1,0,
2026-06-25T02:05:26.085,2584677,7,0.003266667,0.0036,0.01,50,5000,110,0,0,0,0,0,0,0,0.05,1571,0,80.93,-,Belum ditandai,unset,0.3,1,0,
2026-06-25T02:05:26.589,2585166,3,0.0034,0.003733333,0.01,50,5000,110,0,0,0,0,0,0,0,0.05,1572,0,80.93,-,Belum ditandai,unset,0.3,1,0,
2026-06-25T02:05:27.089,2585691,3,0.0024,0.003466667,0.01,50,5000,110,0,0,0,0,0,0,0,0.05,1572,0,80.93,-,Belum ditandai,unset,0.3,1,0,
2026-06-25T02:05:27.588,2586180,0,0.003066667,0.003466667,0.01,50,5000,110,0,0,0,0,0,0,0,0.05,1573,0,80.93,-,Belum ditandai,unset,0.3,1,0,
2026-06-25T02:05:28.151,2586705,0,0.002466667,0.003733333,0.01,50,5000,110,0,0,0,0,0,0,0,0.05,1573,0,80.93,-,Belum ditandai,unset,0.3,1,0,
2026-06-25T02:05:28.714,2587299,17,0.003133333,0.003933333,0.01,50,5000,110,0,0,0,0,0,0,0,0.05,1574,0,80.93,-,Belum ditandai,unset,0.3,1,0,
2026-06-25T02:05:29.403,2587998,2,0.003333333,0.004333333,0.01,50,5000,110,0,0,0,0,0,0,0,0.05,1575,0,80.93,-,Belum ditandai,unset,0.3,1,0,
2026-06-25T02:05:29.964,2588523,4,0.003066667,0.0042,0.01,50,5000,110,0,0,0,0,0,0,0,0.05,1575,0,80.93,-,Belum ditandai,unset,0.3,1,0,
2026-06-25T02:05:30.525,2589117,9,0.0036,0.0044,0.01,50,5000,110,0,0,0,0,0,0,0,0.05,1576,0,80.93,-,Belum ditandai,unset,0.3,1,0,
2026-06-25T02:05:31.024,2589642,3,0.002066667,0.003733333,0.01,50,5000,110,0,0,0,0,0,0,0,0.05,1576,0,80.93,-,Belum ditandai,unset,0.3,1,0,
2026-06-25T02:05:31.527,2590131,0,0.002466667,0.004066667,0.01,50,5000,110,0,0,0,0,0,0,0,0.05,1577,0,80.93,-,Belum ditandai,unset,0.3,1,0,
2026-06-25T02:05:32.087,2590656,0,0.0024,0.003866667,0.01,50,5000,110,0,0,0,0,0,0,0,0.05,1577,0,80.93,-,Belum ditandai,unset,0.3,1,0,
2026-06-25T02:05:32.651,2591250,3,0.001866667,0.003733333,0.01,50,5000,110,0,0,0,0,0,0,0,0.05,1578,0,80.93,-,Belum ditandai,unset,0.3,1,0,
2026-06-25T02:05:33.151,2591775,4,0.001866667,0.003266667,0.01,50,5000,110,0,0,0,0,0,0,0,0.05,1578,0,80.93,-,Belum ditandai,unset,0.3,1,0,
2026-06-25T02:05:33.650,2592264,1,0.0018,0.002933333,0.01,50,5000,110,0,0,0,0,0,0,0,0.05,1579,0,80.93,-,Belum ditandai,unset,0.3,1,0,
2026-06-25T02:05:34.215,2592789,3,0.002266667,0.003,0.01,50,5000,110,0,0,0,0,0,0,0,0.05,1579,0,80.93,-,Belum ditandai,unset,0.3,1,0,
2026-06-25T02:05:34.781,2593383,0,0.002466667,0.003266667,0.01,50,5000,110,0,0,0,0,0,0,0,0.05,1580,0,80.93,-,Belum ditandai,unset,0.3,1,0,
2026-06-25T02:05:35.468,2594082,8,0.002733333,0.003666667,0.01,50,5000,110,0,0,0,0,0,0,0,0.05,1581,0,80.93,-,Belum ditandai,unset,0.3,1,0,
2026-06-25T02:05:36.030,2594607,4,0.0022,0.004,0.01,50,5000,110,0,0,0,0,0,0,0,0.05,1581,0,80.93,-,Belum ditandai,unset,0.3,1,0,
2026-06-25T02:05:36.590,2595201,4,0.0022,0.004066667,0.01,50,5000,110,0,0,0,0,0,0,0,0.05,1582,0,80.93,-,Belum ditandai,unset,0.3,1,0,
2026-06-25T02:05:37.091,2595726,4,0.0024,0.004266667,0.01,50,5000,110,0,0,0,0,0,0,0,0.05,1582,0,80.93,-,Belum ditandai,unset,0.3,1,0,
2026-06-25T02:05:37.588,2596215,3,0.002066667,0.004,0.01,50,5000,110,0,0,0,0,0,0,0,0.05,1583,0,80.93,-,Belum ditandai,unset,0.3,1,0,
2026-06-25T02:05:38.151,2596740,3,0.0028,0.004066667,0.01,50,5000,110,0,0,0,0,0,0,0,0.05,1583,0,80.93,-,Belum ditandai,unset,0.3,1,0,
2026-06-25T02:05:38.691,2597334,2,0.002466667,0.003733333,0.01,50,5000,110,0,0,0,0,0,0,0,0.05,1584,0,80.93,-,Belum ditandai,unset,0.3,1,0,
2026-06-25T02:05:39.229,2597859,0,0.0026,0.003933333,0.01,50,5000,110,0,0,0,0,0,0,0,0.05,1584,0,80.93,-,Belum ditandai,unset,0.3,1,0,
2026-06-25T02:05:39.840,2598453,2,0.001733333,0.004066667,0.01,50,5000,110,0,0,0,0,0,0,0,0.05,1585,0,80.93,-,Belum ditandai,unset,0.3,1,0,
2026-06-25T02:05:40.555,2599152,2,0.002,0.003533333,0.01,50,5000,110,0,0,0,0,0,0,0,0.05,1586,0,80.93,-,Belum ditandai,unset,0.3,1,0,
2026-06-25T02:05:41.041,2599677,3,0.0016,0.003933333,0.01,50,5000,110,0,0,0,0,0,0,0,0.05,1586,0,80.93,-,Belum ditandai,unset,0.3,1,0,
2026-06-25T02:05:41.632,2600271,0,0.001333333,0.0038,0.01,50,5000,110,0,0,0,0,0,0,0,0.05,1587,0,80.93,-,Belum ditandai,unset,0.3,1,0,
2026-06-25T02:05:42.197,2600796,2,0.0012,0.003866667,0.01,50,5000,110,0,0,0,0,0,0,0,0.05,1587,0,80.93,-,Belum ditandai,unset,0.3,1,0,
2026-06-25T02:05:42.761,2601390,2,0.0022,0.003533333,0.01,50,5000,110,0,0,0,0,0,0,0,0.05,1588,0,80.93,-,Belum ditandai,unset,0.3,1,0,
2026-06-25T02:05:43.263,2601915,3,0.003066667,0.0034,0.01,50,5000,110,0,0,0,0,0,0,0,0.05,1588,0,80.93,-,Belum ditandai,unset,0.3,1,0,
2026-06-25T02:05:43.763,2602404,4,0.003,0.0034,0.01,50,5000,110,0,0,0,0,0,0,0,0.05,1589,0,80.93,-,Belum ditandai,unset,0.3,1,0,
2026-06-25T02:05:44.323,2602929,6,0.0032,0.003133333,0.01,50,5000,110,0,0,0,0,0,0,0,0.05,1589,0,80.93,-,Belum ditandai,unset,0.3,1,0,
2026-06-25T02:05:44.889,2603523,10,0.0026,0.003266667,0.01,50,5000,110,0,0,0,0,0,0,0,0.05,1590,0,80.93,-,Belum ditandai,unset,0.3,1,0,
2026-06-25T02:05:45.578,2604222,4,0.002866667,0.003533333,0.01,50,5000,110,0,0,0,0,0,0,0,0.05,1591,0,80.93,-,Belum ditandai,unset,0.3,1,0,
2026-06-25T02:05:46.077,2604747,19,0.003933333,0.0038,0.01,50,5000,110,0,0,0,0,0,0,0,0.05,1591,0,80.93,-,Belum ditandai,unset,0.3,1,0,
2026-06-25T02:05:46.578,2605236,3,0.003933333,0.003933333,0.01,50,5000,110,0,0,0,0,0,0,0,0.05,1592,0,80.93,-,Belum ditandai,unset,0.3,1,0,
2026-06-25T02:05:47.137,2605761,5,0.004,0.003866667,0.01,50,5000,110,0,0,0,0,0,0,0,0.05,1592,0,80.93,-,Belum ditandai,unset,0.3,1,0,
2026-06-25T02:05:47.697,2606355,0,0.0032,0.0036,0.01,50,5000,110,0,0,0,0,0,0,0,0.05,1593,0,80.93,-,Belum ditandai,unset,0.3,1,0,
2026-06-25T02:05:48.198,2606880,5,0.002466667,0.0034,0.01,50,5000,110,0,0,0,0,0,0,0,0.05,1593,0,80.93,-,Belum ditandai,unset,0.3,1,0,
2026-06-25T02:05:48.698,2607369,13,0.003333333,0.0036,0.01,50,5000,110,0,0,0,0,0,0,0,0.05,1594,0,80.93,-,Belum ditandai,unset,0.3,1,0,
2026-06-25T02:05:49.264,2607894,0,0.002533333,0.003933333,0.01,50,5000,110,0,0,0,0,0,0,0,0.05,1594,0,80.93,-,Belum ditandai,unset,0.3,1,0,
2026-06-25T02:05:49.828,2608488,2,0.002466667,0.004,0.01,50,5000,110,0,0,0,0,0,0,0,0.05,1595,0,80.93,-,Belum ditandai,unset,0.3,1,0,
2026-06-25T02:05:50.329,2609013,10,0.003733333,0.0042,0.01,50,5000,110,0,0,0,0,0,0,0,0.05,1595,0,80.93,-,Belum ditandai,unset,0.3,1,0,
2026-06-25T02:05:50.829,2609502,3,0.0036,0.003533333,0.01,50,5000,110,0,0,0,0,0,0,0,0.05,1596,0,80.93,-,Belum ditandai,unset,0.3,1,0,
2026-06-25T02:05:51.391,2610027,0,0.0046,0.003933333,0.01,50,5000,110,0,0,0,0,0,0,0,0.05,1596,0,80.93,-,Belum ditandai,unset,0.3,1,0,
2026-06-25T02:05:51.954,2610621,0,0.004466667,0.0038,0.01,50,5000,110,0,0,0,0,0,0,0,0.05,1597,0,80.93,-,Belum ditandai,unset,0.3,1,0,
2026-06-25T02:05:52.648,2611320,8,0.003533333,0.003666667,0.01,50,5000,110,0,0,0,0,0,0,0,0.05,1598,0,80.93,-,Belum ditandai,unset,0.3,1,0,
2026-06-25T02:05:53.157,2611845,0,0.003,0.0038,0.01,50,5000,110,0,0,0,0,0,0,0,0.05,1598,0,80.93,-,Belum ditandai,unset,0.3,1,0,
2026-06-25T02:05:53.762,2612439,2,0.003066667,0.003733333,0.01,50,5000,110,0,0,0,0,0,0,0,0.05,1599,0,80.93,-,Belum ditandai,unset,0.3,1,0,
2026-06-25T02:05:54.288,2612964,1,0.002133333,0.004,0.01,50,5000,110,0,0,0,0,0,0,0,0.05,1599,0,80.93,-,Belum ditandai,unset,0.3,1,0,
2026-06-25T02:05:54.777,2613453,0,0.001666667,0.003666667,0.01,50,5000,110,0,0,0,0,0,0,0,0.05,1600,0,80.93,-,Belum ditandai,unset,0.3,1,0,
2026-06-25T02:05:55.292,2613978,0,0.001466667,0.0034,0.01,50,5000,110,0,0,0,0,0,0,0,0.05,1600,0,80.93,-,Belum ditandai,unset,0.3,1,0,
2026-06-25T02:05:55.794,2614467,4,0.001533333,0.0036,0.01,50,5000,110,0,0,0,0,0,0,0,0.05,1601,0,80.93,-,Belum ditandai,unset,0.3,1,0,
2026-06-25T02:05:56.296,2614992,4,0.0036,0.0038,0.01,50,5000,110,0,0,0,0,0,0,0,0.05,1601,0,80.93,-,Belum ditandai,unset,0.3,1,0,
2026-06-25T02:05:56.800,2615481,0,0.003466667,0.004,0.01,50,5000,110,0,0,0,0,0,0,0,0.05,1602,0,80.93,-,Belum ditandai,unset,0.3,1,0,
2026-06-25T02:05:57.299,2616006,0,0.003466667,0.003933333,0.01,50,5000,110,0,0,0,0,0,0,0,0.05,1602,0,80.93,-,Belum ditandai,unset,0.3,1,0,
2026-06-25T02:05:57.811,2616495,3,0.004533333,0.003933333,0.01,50,5000,110,0,0,0,0,0,0,0,0.05,1603,0,80.93,-,Belum ditandai,unset,0.3,1,0,
2026-06-25T02:05:58.343,2617020,2,0.003133333,0.0036,0.01,50,5000,110,0,0,0,0,0,0,0,0.05,1603,0,80.93,-,Belum ditandai,unset,0.3,1,0,
2026-06-25T02:05:58.890,2617614,3,0.003,0.003466667,0.01,50,5000,110,0,0,0,0,0,0,0,0.05,1604,0,80.93,-,Belum ditandai,unset,0.3,1,0,
2026-06-25T02:05:59.436,2618139,4,0.002533333,0.0036,0.01,50,5000,110,0,0,0,0,0,0,0,0.05,1604,0,80.93,-,Belum ditandai,unset,0.3,1,0,
2026-06-25T02:05:59.935,2618628,2,0.002666667,0.003533333,0.01,50,5000,110,0,0,0,0,0,0,0,0.05,1605,0,80.93,-,Belum ditandai,unset,0.3,1,0,
2026-06-25T02:06:00.438,2619153,0,0.002466667,0.003533333,0.01,50,5000,110,0,0,0,0,0,0,0,0.05,1605,0,80.93,-,Belum ditandai,unset,0.3,1,0,
2026-06-25T02:06:00.935,2619642,1,0.0026,0.0034,0.01,50,5000,110,0,0,0,0,0,0,0,0.05,1606,0,80.93,-,Belum ditandai,unset,0.3,1,0,
2026-06-25T02:06:01.439,2620167,7,0.001933333,0.0032,0.01,50,5000,110,0,0,0,0,0,0,0,0.05,1606,0,80.93,-,Belum ditandai,unset,0.3,1,0,
2026-06-25T02:06:01.939,2620656,0,0.001666667,0.003666667,0.01,50,5000,110,0,0,0,0,0,0,0,0.05,1607,0,80.93,-,Belum ditandai,unset,0.3,1,0,
2026-06-25T02:06:02.446,2621181,4,0.0018,0.0038,0.01,50,5000,110,0,0,0,0,0,0,0,0.05,1607,0,80.93,-,Belum ditandai,unset,0.3,1,0,
2026-06-25T02:06:03.068,2621775,1,0.001666667,0.003733333,0.01,50,5000,110,0,0,0,0,0,0,0,0.05,1608,0,80.93,-,Belum ditandai,unset,0.3,1,0,
2026-06-25T02:06:03.759,2622474,3,0.001733333,0.0034,0.01,50,5000,110,0,0,0,0,0,0,0,0.05,1609,0,80.93,-,Belum ditandai,unset,0.3,1,0,
2026-06-25T02:06:04.386,2623104,7,0.001866667,0.003266667,0.01,50,5000,110,0,0,0,0,0,0,0,0.05,1609,0,80.93,-,Belum ditandai,unset,0.3,1,0,
2026-06-25T02:06:04.887,2623593,2,0.002266667,0.003733333,0.01,50,5000,110,0,0,0,0,0,0,0,0.05,1610,0,80.93,-,Belum ditandai,unset,0.3,1,0,
2026-06-25T02:06:05.389,2624118,1,0.002666667,0.004066667,0.01,50,5000,110,0,0,0,0,0,0,0,0.05,1610,0,80.93,-,Belum ditandai,unset,0.3,1,0,
2026-06-25T02:06:05.891,2624607,5,0.003466667,0.004266667,0.01,50,5000,110,0,0,0,0,0,0,0,0.05,1611,0,80.93,-,Belum ditandai,unset,0.3,1,0,
2026-06-25T02:06:06.389,2625132,1,0.004,0.004333333,0.01,50,5000,110,0,0,0,0,0,0,0,0.05,1611,0,80.93,-,Belum ditandai,unset,0.3,1,0,
2026-06-25T02:06:06.892,2625621,2,0.003866667,0.004066667,0.01,50,5000,110,0,0,0,0,0,0,0,0.05,1612,0,80.93,-,Belum ditandai,unset,0.3,1,0,
2026-06-25T02:06:07.393,2626146,5,0.003133333,0.0044,0.01,50,5000,110,0,0,0,0,0,0,0,0.05,1612,0,80.93,-,Belum ditandai,unset,0.3,1,0,
2026-06-25T02:06:07.895,2626635,3,0.002933333,0.0044,0.01,50,5000,110,0,0,0,0,0,0,0,0.05,1613,0,80.93,-,Belum ditandai,unset,0.3,1,0,
2026-06-25T02:06:08.456,2627160,0,0.001466667,0.003733333,0.01,50,5000,110,0,0,0,0,0,0,0,0.05,1613,0,80.93,-,Belum ditandai,unset,0.3,1,0,
2026-06-25T02:06:09.020,2627754,2,0.0034,0.004466667,0.01,50,5000,110,0,0,0,0,0,0,0,0.05,1614,0,80.93,-,Belum ditandai,unset,0.3,1,0,
2026-06-25T02:06:09.519,2628279,7,0.003466667,0.0042,0.01,50,5000,110,0,0,0,0,0,0,0,0.05,1614,0,80.93,-,Belum ditandai,unset,0.3,1,0,
2026-06-25T02:06:10.019,2628768,4,0.004066667,0.004733333,0.01,50,5000,110,0,0,0,0,0,0,0,0.05,1615,0,80.93,-,Belum ditandai,unset,0.3,1,0,
2026-06-25T02:06:10.570,2629293,0,0.003066667,0.004466667,0.01,50,5000,110,0,0,0,0,0,0,0,0.05,1615,0,80.93,-,Belum ditandai,unset,0.3,1,0,
2026-06-25T02:06:11.072,2629782,3,0.002733333,0.003866667,0.01,50,5000,110,0,0,0,0,0,0,0,0.05,1616,0,80.93,-,Belum ditandai,unset,0.3,1,0,
2026-06-25T02:06:11.572,2630307,2,0.002333333,0.003533333,0.01,50,5000,110,0,0,0,0,0,0,0,0.05,1616,0,80.93,-,Belum ditandai,unset,0.3,1,0,
2026-06-25T02:06:12.132,2630901,0,0.001533333,0.002933333,0.01,50,5000,110,0,0,0,0,0,0,0,0.05,1617,0,80.93,-,Belum ditandai,unset,0.3,1,0,
2026-06-25T02:06:12.882,2631600,3,0.001266667,0.0028,0.01,50,5000,110,0,0,0,0,0,0,0,0.05,1618,0,80.93,-,Belum ditandai,unset,0.3,1,0,
2026-06-25T02:06:13.383,2632125,2,0.001466667,0.003333333,0.01,50,5000,110,0,0,0,0,0,0,0,0.05,1618,0,80.93,-,Belum ditandai,unset,0.3,1,0,
2026-06-25T02:06:13.996,2632719,2,0.001933333,0.003466667,0.01,50,5000,110,0,0,0,0,0,0,0,0.05,1619,0,80.93,-,Belum ditandai,unset,0.3,1,0,
2026-06-25T02:06:14.499,2633244,4,0.0028,0.003666667,0.01,50,5000,110,0,0,0,0,0,0,0,0.05,1619,0,80.93,-,Belum ditandai,unset,0.3,1,0,
2026-06-25T02:06:15.003,2633733,1,0.002466667,0.003533333,0.01,50,5000,110,0,0,0,0,0,0,0,0.05,1620,0,80.93,-,Belum ditandai,unset,0.3,1,0,
2026-06-25T02:06:15.505,2634258,2,0.002466667,0.0038,0.01,50,5000,110,0,0,0,0,0,0,0,0.05,1620,0,80.93,-,Belum ditandai,unset,0.3,1,0,
2026-06-25T02:06:16.004,2634747,4,0.002933333,0.004,0.01,50,5000,110,0,0,0,0,0,0,0,0.05,1621,0,80.93,-,Belum ditandai,unset,0.3,1,0,
2026-06-25T02:06:16.495,2635272,40,0.004666667,0.004666667,0.01,50,5000,110,0,0,0,0,0,0,0,0.05,1621,0,80.93,-,Belum ditandai,unset,0.3,1,0,
2026-06-25T02:06:17.019,2635761,5,0.004533333,0.005133333,0.01,50,5000,110,0,0,0,0,0,0,0,0.05,1622,0,80.93,-,Belum ditandai,unset,0.3,1,0,
2026-06-25T02:06:17.539,2636286,2,0.004266667,0.004866667,0.01,50,5000,110,0,0,0,0,0,0,0,0.05,1622,0,80.93,-,Belum ditandai,unset,0.3,1,0,
2026-06-25T02:06:18.104,2636880,0,0.004133333,0.0046,0.01,50,5000,110,0,0,0,0,0,0,0,0.05,1623,0,80.93,-,Belum ditandai,unset,0.3,1,0,
2026-06-25T02:06:18.649,2637405,1,0.001933333,0.003533333,0.01,50,5000,110,0,0,0,0,0,0,0,0.05,1623,0,80.93,-,Belum ditandai,unset,0.3,1,0,
2026-06-25T02:06:19.242,2637999,2,0.002,0.003533333,0.01,50,5000,110,0,0,0,0,0,0,0,0.05,1624,0,80.93,-,Belum ditandai,unset,0.3,1,0,
2026-06-25T02:06:19.897,2638698,7,0.002066667,0.003133333,0.01,50,5000,110,0,0,0,0,0,0,0,0.05,1625,0,80.93,-,Belum ditandai,unset,0.3,1,0,
2026-06-25T02:06:20.429,2639223,3,0.0018,0.003466667,0.01,50,5000,110,0,0,0,0,0,0,0,0.05,1625,0,80.93,-,Belum ditandai,unset,0.3,1,0,
2026-06-25T02:06:20.931,2639712,0,0.001733333,0.003466667,0.01,50,5000,110,0,0,0,0,0,0,0,0.05,1626,0,80.93,-,Belum ditandai,unset,0.3,1,0,
2026-06-25T02:06:21.428,2640237,2,0.001866667,0.0038,0.01,50,5000,110,0,0,0,0,0,0,0,0.05,1626,0,80.93,-,Belum ditandai,unset,0.3,1,0,
2026-06-25T02:06:21.940,2640726,4,0.0022,0.004266667,0.01,50,5000,110,0,0,0,0,0,0,0,0.05,1627,0,80.93,-,Belum ditandai,unset,0.3,1,0,
2026-06-25T02:06:22.477,2641251,0,0.002333333,0.0042,0.01,50,5000,110,0,0,0,0,0,0,0,0.05,1627,0,80.93,-,Belum ditandai,unset,0.3,1,0,
2026-06-25T02:06:22.979,2641740,0,0.002933333,0.004533333,0.01,50,5000,110,0,0,0,0,0,0,0,0.05,1628,0,80.93,-,Belum ditandai,unset,0.3,1,0,
2026-06-25T02:06:23.480,2642265,6,0.003,0.0042,0.01,50,5000,110,0,0,0,0,0,0,0,0.05,1628,0,80.93,-,Belum ditandai,unset,0.3,1,0,
2026-06-25T02:06:23.986,2642754,2,0.002933333,0.003866667,0.01,50,5000,110,0,0,0,0,0,0,0,0.05,1629,0,80.93,-,Belum ditandai,unset,0.3,1,0,
2026-06-25T02:06:24.490,2643279,2,0.003466667,0.003866667,0.01,50,5000,110,0,0,0,0,0,0,0,0.05,1629,0,80.93,-,Belum ditandai,unset,0.3,1,0,
2026-06-25T02:06:25.085,2643873,7,0.002666667,0.0042,0.01,50,5000,110,0,0,0,0,0,0,0,0.05,1630,0,80.93,-,Belum ditandai,unset,0.3,1,0,
2026-06-25T02:06:25.586,2644398,2,0.0024,0.004333333,0.01,50,5000,110,0,0,0,0,0,0,0,0.05,1630,0,80.93,-,Belum ditandai,unset,0.3,1,0,
2026-06-25T02:06:26.071,2644887,0,0.0028,0.004533333,0.01,50,5000,110,0,0,0,0,0,0,0,0.05,1631,0,80.93,-,Belum ditandai,unset,0.3,1,0,
2026-06-25T02:06:26.624,2645412,4,0.002733333,0.004266667,0.01,50,5000,110,0,0,0,0,0,0,0,0.05,1631,0,80.93,-,Belum ditandai,unset,0.3,1,0,
2026-06-25T02:06:27.121,2645901,9,0.0028,0.003666667,0.01,50,5000,110,0,0,0,0,0,0,0,0.05,1632,0,80.93,-,Belum ditandai,unset,0.3,1,0,
2026-06-25T02:06:27.634,2646426,2,0.0032,0.003733333,0.01,50,5000,110,0,0,0,0,0,0,0,0.05,1632,0,80.93,-,Belum ditandai,unset,0.3,1,0,
2026-06-25T02:06:28.197,2647020,7,0.0044,0.004266667,0.01,50,5000,110,0,0,0,0,0,0,0,0.05,1633,0,80.93,-,Belum ditandai,unset,0.3,1,0,
2026-06-25T02:06:28.758,2647545,3,0.004533333,0.004466667,0.01,50,5000,110,0,0,0,0,0,0,0,0.05,1633,0,80.93,-,Belum ditandai,unset,0.3,1,0,
2026-06-25T02:06:29.244,2648034,0,0.004133333,0.004666667,0.01,50,5000,110,0,0,0,0,0,0,0,0.05,1634,0,80.93,-,Belum ditandai,unset,0.3,1,0,
2026-06-25T02:06:30.041,2648838,1,0.003333333,0.004133333,0.01,50,5000,110,0,0,0,0,0,0,0,0.05,1635,0,80.93,-,Belum ditandai,unset,0.3,1,0,
2026-06-25T02:06:30.541,2649363,1,0.0032,0.0038,0.01,50,5000,110,0,0,0,0,0,0,0,0.05,1635,0,80.93,-,Belum ditandai,unset,0.3,1,0,
2026-06-25T02:06:31.041,2649852,1,0.003666667,0.003866667,0.01,50,5000,110,0,0,0,0,0,0,0,0.05,1636,0,80.93,-,Belum ditandai,unset,0.3,1,0,
2026-06-25T02:06:31.576,2650377,8,0.003066667,0.003666667,0.01,50,5000,110,0,0,0,0,0,0,0,0.05,1636,0,80.93,-,Belum ditandai,unset,0.3,1,0,
2026-06-25T02:06:32.145,2650971,1,0.0026,0.003733333,0.01,50,5000,110,0,0,0,0,0,0,0,0.05,1637,0,80.93,-,Belum ditandai,unset,0.3,1,0,
2026-06-25T02:06:32.667,2651496,0,0.002066667,0.003666667,0.01,50,5000,110,0,0,0,0,0,0,0,0.05,1637,0,80.93,-,Belum ditandai,unset,0.3,1,0,
